date,total_seedless_lb,mx_seedless_lb,colombia_seedless_lb,peru_seedless_lb,truck_seedless_lb,boat_seedless_lb,import_total,import_vs_mx_ratio,colombia_seedless_lb_lag3,colombia_seedless_lb_lag5,colombia_seedless_lb_lag7,colombia_seedless_lb_sum7d,peru_seedless_lb_lag3,peru_seedless_lb_lag5,peru_seedless_lb_lag7,peru_seedless_lb_sum7d,import_total_lag3,import_total_lag5,import_total_lag7,import_total_sum7d,import_zscore_30d
2018-01-02,4430951,4430951,0,0,4430951,0,0,0.0,,,,,,,,,,,,,
2018-01-03,1682731,1682731,0,0,1682731,0,0,0.0,,,,,,,,,,,,,
2018-01-04,1128848,1128848,0,0,1128848,0,0,0.0,,,,,,,,,,,,,
2018-01-05,2502694,2502694,0,0,2502694,0,0,0.0,0.0,,,,0.0,,,,0.0,,,,
2018-01-06,1613899,1613899,0,0,1613899,0,0,0.0,0.0,,,,0.0,,,,0.0,,,,
2018-01-07,2779105,2779105,0,0,2779105,0,0,0.0,0.0,0.0,,,0.0,0.0,,,0.0,0.0,,,
2018-01-08,4845986,4845986,0,0,4845986,0,0,0.0,0.0,0.0,,0.0,0.0,0.0,,0.0,0.0,0.0,,0.0,
2018-01-09,2950554,2950554,0,0,2950554,0,0,0.0,0.0,0.0,0.0,0.0,0.0,0.0,0.0,0.0,0.0,0.0,0.0,0.0,
2018-01-10,2504777,2504777,0,0,2504777,0,0,0.0,0.0,0.0,0.0,0.0,0.0,0.0,0.0,0.0,0.0,0.0,0.0,0.0,
2018-01-11,4025411,4025411,0,0,4025411,0,0,0.0,0.0,0.0,0.0,0.0,0.0,0.0,0.0,0.0,0.0,0.0,0.0,0.0,
2018-01-12,5564237,5564237,0,0,5564237,0,0,0.0,0.0,0.0,0.0,0.0,0.0,0.0,0.0,0.0,0.0,0.0,0.0,0.0,
2018-01-13,3120649,3120649,0,0,3120649,0,0,0.0,0.0,0.0,0.0,0.0,0.0,0.0,0.0,0.0,0.0,0.0,0.0,0.0,
2018-01-14,2500493,2500493,0,0,2500493,0,0,0.0,0.0,0.0,0.0,0.0,0.0,0.0,0.0,0.0,0.0,0.0,0.0,0.0,
2018-01-15,5477193,5477193,0,0,5477193,0,0,0.0,0.0,0.0,0.0,0.0,0.0,0.0,0.0,0.0,0.0,0.0,0.0,0.0,
2018-01-16,2841528,2841528,0,0,2841528,0,0,0.0,0.0,0.0,0.0,0.0,0.0,0.0,0.0,0.0,0.0,0.0,0.0,0.0,
2018-01-17,1988223,1988223,0,0,1988223,0,0,0.0,0.0,0.0,0.0,0.0,0.0,0.0,0.0,0.0,0.0,0.0,0.0,0.0,
2018-01-18,3395683,3395683,0,0,3395683,0,0,0.0,0.0,0.0,0.0,0.0,0.0,0.0,0.0,0.0,0.0,0.0,0.0,0.0,
2018-01-19,4193050,4193050,0,0,4193050,0,0,0.0,0.0,0.0,0.0,0.0,0.0,0.0,0.0,0.0,0.0,0.0,0.0,0.0,
2018-01-20,1302236,1302236,0,0,1302236,0,0,0.0,0.0,0.0,0.0,0.0,0.0,0.0,0.0,0.0,0.0,0.0,0.0,0.0,
2018-01-21,1615645,1615645,0,0,1615645,0,0,0.0,0.0,0.0,0.0,0.0,0.0,0.0,0.0,0.0,0.0,0.0,0.0,0.0,
2018-01-22,4621562,4621562,0,0,4621562,0,0,0.0,0.0,0.0,0.0,0.0,0.0,0.0,0.0,0.0,0.0,0.0,0.0,0.0,
2018-01-23,1873425,1873425,0,0,1873425,0,0,0.0,0.0,0.0,0.0,0.0,0.0,0.0,0.0,0.0,0.0,0.0,0.0,0.0,
2018-01-24,1796393,1796393,0,0,1796393,0,0,0.0,0.0,0.0,0.0,0.0,0.0,0.0,0.0,0.0,0.0,0.0,0.0,0.0,
2018-01-25,2440244,2440244,0,0,2440244,0,0,0.0,0.0,0.0,0.0,0.0,0.0,0.0,0.0,0.0,0.0,0.0,0.0,0.0,
2018-01-26,1929835,1929835,0,0,1929835,0,0,0.0,0.0,0.0,0.0,0.0,0.0,0.0,0.0,0.0,0.0,0.0,0.0,0.0,
2018-01-27,2418552,2418552,0,0,2418552,0,0,0.0,0.0,0.0,0.0,0.0,0.0,0.0,0.0,0.0,0.0,0.0,0.0,0.0,
2018-01-28,609257,609257,0,0,609257,0,0,0.0,0.0,0.0,0.0,0.0,0.0,0.0,0.0,0.0,0.0,0.0,0.0,0.0,
2018-01-29,3525513,3525513,0,0,3525513,0,0,0.0,0.0,0.0,0.0,0.0,0.0,0.0,0.0,0.0,0.0,0.0,0.0,0.0,
2018-01-30,1170574,1170574,0,0,1170574,0,0,0.0,0.0,0.0,0.0,0.0,0.0,0.0,0.0,0.0,0.0,0.0,0.0,0.0,
2018-01-31,1462945,1462945,0,0,1462945,0,0,0.0,0.0,0.0,0.0,0.0,0.0,0.0,0.0,0.0,0.0,0.0,0.0,0.0,0.0
2018-02-01,2921215,2921215,0,0,2921215,0,0,0.0,0.0,0.0,0.0,0.0,0.0,0.0,0.0,0.0,0.0,0.0,0.0,0.0,0.0
2018-02-02,4795268,4795268,0,0,4795268,0,0,0.0,0.0,0.0,0.0,0.0,0.0,0.0,0.0,0.0,0.0,0.0,0.0,0.0,0.0
2018-02-03,4340455,4340455,0,0,4340455,0,0,0.0,0.0,0.0,0.0,0.0,0.0,0.0,0.0,0.0,0.0,0.0,0.0,0.0,0.0
2018-02-04,2623391,2623391,0,0,2623391,0,0,0.0,0.0,0.0,0.0,0.0,0.0,0.0,0.0,0.0,0.0,0.0,0.0,0.0,0.0
2018-02-05,441335,441335,0,0,441335,0,0,0.0,0.0,0.0,0.0,0.0,0.0,0.0,0.0,0.0,0.0,0.0,0.0,0.0,0.0
2018-02-06,3520859,3520859,0,0,3520859,0,0,0.0,0.0,0.0,0.0,0.0,0.0,0.0,0.0,0.0,0.0,0.0,0.0,0.0,0.0
2018-02-07,1767705,1767705,0,0,1767705,0,0,0.0,0.0,0.0,0.0,0.0,0.0,0.0,0.0,0.0,0.0,0.0,0.0,0.0,0.0
2018-02-08,3228731,3228731,0,0,3228731,0,0,0.0,0.0,0.0,0.0,0.0,0.0,0.0,0.0,0.0,0.0,0.0,0.0,0.0,0.0
2018-02-09,3959684,3959684,0,0,3959684,0,0,0.0,0.0,0.0,0.0,0.0,0.0,0.0,0.0,0.0,0.0,0.0,0.0,0.0,0.0
2018-02-10,513922,513922,0,0,513922,0,0,0.0,0.0,0.0,0.0,0.0,0.0,0.0,0.0,0.0,0.0,0.0,0.0,0.0,0.0
2018-02-11,1686528,1686528,0,0,1686528,0,0,0.0,0.0,0.0,0.0,0.0,0.0,0.0,0.0,0.0,0.0,0.0,0.0,0.0,0.0
2018-02-12,2820364,2820364,0,0,2820364,0,0,0.0,0.0,0.0,0.0,0.0,0.0,0.0,0.0,0.0,0.0,0.0,0.0,0.0,0.0
2018-02-13,1176894,1176894,0,0,1176894,0,0,0.0,0.0,0.0,0.0,0.0,0.0,0.0,0.0,0.0,0.0,0.0,0.0,0.0,0.0
2018-02-14,1535841,1535841,0,0,1535841,0,0,0.0,0.0,0.0,0.0,0.0,0.0,0.0,0.0,0.0,0.0,0.0,0.0,0.0,0.0
2018-02-15,1884005,1884005,0,0,1884005,0,0,0.0,0.0,0.0,0.0,0.0,0.0,0.0,0.0,0.0,0.0,0.0,0.0,0.0,0.0
2018-02-16,2898582,2898582,0,0,2898582,0,0,0.0,0.0,0.0,0.0,0.0,0.0,0.0,0.0,0.0,0.0,0.0,0.0,0.0,0.0
2018-02-17,2128995,2128995,0,0,2128995,0,0,0.0,0.0,0.0,0.0,0.0,0.0,0.0,0.0,0.0,0.0,0.0,0.0,0.0,0.0
2018-02-18,2076476,2076476,0,0,2076476,0,0,0.0,0.0,0.0,0.0,0.0,0.0,0.0,0.0,0.0,0.0,0.0,0.0,0.0,0.0
2018-02-19,3486927,3486927,0,0,3486927,0,0,0.0,0.0,0.0,0.0,0.0,0.0,0.0,0.0,0.0,0.0,0.0,0.0,0.0,0.0
2018-02-20,2650096,2650096,0,0,2650096,0,0,0.0,0.0,0.0,0.0,0.0,0.0,0.0,0.0,0.0,0.0,0.0,0.0,0.0,0.0
2018-02-21,2190316,2190316,0,0,2190316,0,0,0.0,0.0,0.0,0.0,0.0,0.0,0.0,0.0,0.0,0.0,0.0,0.0,0.0,0.0
2018-02-22,2628320,2628320,0,0,2628320,0,0,0.0,0.0,0.0,0.0,0.0,0.0,0.0,0.0,0.0,0.0,0.0,0.0,0.0,0.0
2018-02-23,3508441,3508441,0,0,3508441,0,0,0.0,0.0,0.0,0.0,0.0,0.0,0.0,0.0,0.0,0.0,0.0,0.0,0.0,0.0
2018-02-24,2567050,2567050,0,0,2567050,0,0,0.0,0.0,0.0,0.0,0.0,0.0,0.0,0.0,0.0,0.0,0.0,0.0,0.0,0.0
2018-02-25,2147071,2147071,0,0,2147071,0,0,0.0,0.0,0.0,0.0,0.0,0.0,0.0,0.0,0.0,0.0,0.0,0.0,0.0,0.0
2018-02-26,4996792,4996792,0,0,4996792,0,0,0.0,0.0,0.0,0.0,0.0,0.0,0.0,0.0,0.0,0.0,0.0,0.0,0.0,0.0
2018-02-27,2143133,2143133,0,0,2143133,0,0,0.0,0.0,0.0,0.0,0.0,0.0,0.0,0.0,0.0,0.0,0.0,0.0,0.0,0.0
2018-02-28,2074272,2074272,0,0,2074272,0,0,0.0,0.0,0.0,0.0,0.0,0.0,0.0,0.0,0.0,0.0,0.0,0.0,0.0,0.0
2018-03-01,2842638,2842638,0,0,2842638,0,0,0.0,0.0,0.0,0.0,0.0,0.0,0.0,0.0,0.0,0.0,0.0,0.0,0.0,0.0
2018-03-02,3679279,3679279,0,0,3679279,0,0,0.0,0.0,0.0,0.0,0.0,0.0,0.0,0.0,0.0,0.0,0.0,0.0,0.0,0.0
2018-03-03,2120065,2120065,0,0,2120065,0,0,0.0,0.0,0.0,0.0,0.0,0.0,0.0,0.0,0.0,0.0,0.0,0.0,0.0,0.0
2018-03-04,1347338,1347338,0,0,1347338,0,0,0.0,0.0,0.0,0.0,0.0,0.0,0.0,0.0,0.0,0.0,0.0,0.0,0.0,0.0
2018-03-05,3773790,3773790,0,0,3773790,0,0,0.0,0.0,0.0,0.0,0.0,0.0,0.0,0.0,0.0,0.0,0.0,0.0,0.0,0.0
2018-03-06,1740899,1740899,0,0,1740899,0,0,0.0,0.0,0.0,0.0,0.0,0.0,0.0,0.0,0.0,0.0,0.0,0.0,0.0,0.0
2018-03-07,1409769,1409769,0,0,1409769,0,0,0.0,0.0,0.0,0.0,0.0,0.0,0.0,0.0,0.0,0.0,0.0,0.0,0.0,0.0
2018-03-08,1975422,1975422,0,0,1975422,0,0,0.0,0.0,0.0,0.0,0.0,0.0,0.0,0.0,0.0,0.0,0.0,0.0,0.0,0.0
2018-03-09,3907012,3907012,0,0,3907012,0,0,0.0,0.0,0.0,0.0,0.0,0.0,0.0,0.0,0.0,0.0,0.0,0.0,0.0,0.0
2018-03-10,967960,967960,0,0,967960,0,0,0.0,0.0,0.0,0.0,0.0,0.0,0.0,0.0,0.0,0.0,0.0,0.0,0.0,0.0
2018-03-11,290018,290018,0,0,290018,0,0,0.0,0.0,0.0,0.0,0.0,0.0,0.0,0.0,0.0,0.0,0.0,0.0,0.0,0.0
2018-03-12,2998206,2998206,0,0,2998206,0,0,0.0,0.0,0.0,0.0,0.0,0.0,0.0,0.0,0.0,0.0,0.0,0.0,0.0,0.0
2018-03-13,2627380,2627380,0,0,2627380,0,0,0.0,0.0,0.0,0.0,0.0,0.0,0.0,0.0,0.0,0.0,0.0,0.0,0.0,0.0
2018-03-14,718335,718335,0,0,718335,0,0,0.0,0.0,0.0,0.0,0.0,0.0,0.0,0.0,0.0,0.0,0.0,0.0,0.0,0.0
2018-03-15,2579008,2579008,0,0,2579008,0,0,0.0,0.0,0.0,0.0,0.0,0.0,0.0,0.0,0.0,0.0,0.0,0.0,0.0,0.0
2018-03-16,582391,582391,0,0,582391,0,0,0.0,0.0,0.0,0.0,0.0,0.0,0.0,0.0,0.0,0.0,0.0,0.0,0.0,0.0
2018-03-17,1790477,1790477,0,0,1790477,0,0,0.0,0.0,0.0,0.0,0.0,0.0,0.0,0.0,0.0,0.0,0.0,0.0,0.0,0.0
2018-03-18,2633685,2633685,0,0,2633685,0,0,0.0,0.0,0.0,0.0,0.0,0.0,0.0,0.0,0.0,0.0,0.0,0.0,0.0,0.0
2018-03-19,2302430,2302430,0,0,2302430,0,0,0.0,0.0,0.0,0.0,0.0,0.0,0.0,0.0,0.0,0.0,0.0,0.0,0.0,0.0
2018-03-20,3128329,3128329,0,0,3128329,0,0,0.0,0.0,0.0,0.0,0.0,0.0,0.0,0.0,0.0,0.0,0.0,0.0,0.0,0.0
2018-03-21,2209672,2209672,0,0,2209672,0,0,0.0,0.0,0.0,0.0,0.0,0.0,0.0,0.0,0.0,0.0,0.0,0.0,0.0,0.0
2018-03-22,3657473,3657473,0,0,3657473,0,0,0.0,0.0,0.0,0.0,0.0,0.0,0.0,0.0,0.0,0.0,0.0,0.0,0.0,0.0
2018-03-23,2422388,2422388,0,0,2422388,0,0,0.0,0.0,0.0,0.0,0.0,0.0,0.0,0.0,0.0,0.0,0.0,0.0,0.0,0.0
2018-03-24,2843235,2843235,0,0,2843235,0,0,0.0,0.0,0.0,0.0,0.0,0.0,0.0,0.0,0.0,0.0,0.0,0.0,0.0,0.0
2018-03-25,2513838,2513838,0,0,2513838,0,0,0.0,0.0,0.0,0.0,0.0,0.0,0.0,0.0,0.0,0.0,0.0,0.0,0.0,0.0
2018-03-26,4266539,4266539,0,0,4266539,0,0,0.0,0.0,0.0,0.0,0.0,0.0,0.0,0.0,0.0,0.0,0.0,0.0,0.0,0.0
2018-03-27,2247353,2247353,0,0,2247353,0,0,0.0,0.0,0.0,0.0,0.0,0.0,0.0,0.0,0.0,0.0,0.0,0.0,0.0,0.0
2018-03-28,5206277,5206277,0,0,5206277,0,0,0.0,0.0,0.0,0.0,0.0,0.0,0.0,0.0,0.0,0.0,0.0,0.0,0.0,0.0
2018-03-29,1275169,1275169,0,0,1275169,0,0,0.0,0.0,0.0,0.0,0.0,0.0,0.0,0.0,0.0,0.0,0.0,0.0,0.0,0.0
2018-03-30,2383415,2383415,0,0,2383415,0,0,0.0,0.0,0.0,0.0,0.0,0.0,0.0,0.0,0.0,0.0,0.0,0.0,0.0,0.0
2018-03-31,2208551,2208551,0,0,2208551,0,0,0.0,0.0,0.0,0.0,0.0,0.0,0.0,0.0,0.0,0.0,0.0,0.0,0.0,0.0
2018-04-01,856737,856737,0,0,856737,0,0,0.0,0.0,0.0,0.0,0.0,0.0,0.0,0.0,0.0,0.0,0.0,0.0,0.0,0.0
2018-04-02,932342,932342,0,0,932342,0,0,0.0,0.0,0.0,0.0,0.0,0.0,0.0,0.0,0.0,0.0,0.0,0.0,0.0,0.0
2018-04-03,930133,930133,0,0,930133,0,0,0.0,0.0,0.0,0.0,0.0,0.0,0.0,0.0,0.0,0.0,0.0,0.0,0.0,0.0
2018-04-04,1526947,1526947,0,0,1526947,0,0,0.0,0.0,0.0,0.0,0.0,0.0,0.0,0.0,0.0,0.0,0.0,0.0,0.0,0.0
2018-04-05,2645003,2645003,0,0,2645003,0,0,0.0,0.0,0.0,0.0,0.0,0.0,0.0,0.0,0.0,0.0,0.0,0.0,0.0,0.0
2018-04-06,2435110,2435110,0,0,2435110,0,0,0.0,0.0,0.0,0.0,0.0,0.0,0.0,0.0,0.0,0.0,0.0,0.0,0.0,0.0
2018-04-07,3481021,3481021,0,0,3481021,0,0,0.0,0.0,0.0,0.0,0.0,0.0,0.0,0.0,0.0,0.0,0.0,0.0,0.0,0.0
2018-04-08,2810296,2810296,0,0,2810296,0,0,0.0,0.0,0.0,0.0,0.0,0.0,0.0,0.0,0.0,0.0,0.0,0.0,0.0,0.0
2018-04-09,3259181,3259181,0,0,3259181,0,0,0.0,0.0,0.0,0.0,0.0,0.0,0.0,0.0,0.0,0.0,0.0,0.0,0.0,0.0
2018-04-10,2312491,2312491,0,0,2312491,0,0,0.0,0.0,0.0,0.0,0.0,0.0,0.0,0.0,0.0,0.0,0.0,0.0,0.0,0.0
2018-04-11,2631924,2631924,0,0,2631924,0,0,0.0,0.0,0.0,0.0,0.0,0.0,0.0,0.0,0.0,0.0,0.0,0.0,0.0,0.0
2018-04-12,2478031,2478031,0,0,2478031,0,0,0.0,0.0,0.0,0.0,0.0,0.0,0.0,0.0,0.0,0.0,0.0,0.0,0.0,0.0
2018-04-13,3717894,3717894,0,0,3717894,0,0,0.0,0.0,0.0,0.0,0.0,0.0,0.0,0.0,0.0,0.0,0.0,0.0,0.0,0.0
2018-04-14,2878693,2878693,0,0,2878693,0,0,0.0,0.0,0.0,0.0,0.0,0.0,0.0,0.0,0.0,0.0,0.0,0.0,0.0,0.0
2018-04-15,3392385,3392385,0,0,3392385,0,0,0.0,0.0,0.0,0.0,0.0,0.0,0.0,0.0,0.0,0.0,0.0,0.0,0.0,0.0
2018-04-16,4541143,4541143,0,0,4541143,0,0,0.0,0.0,0.0,0.0,0.0,0.0,0.0,0.0,0.0,0.0,0.0,0.0,0.0,0.0
2018-04-17,1984922,1984922,0,0,1984922,0,0,0.0,0.0,0.0,0.0,0.0,0.0,0.0,0.0,0.0,0.0,0.0,0.0,0.0,0.0
2018-04-18,2403414,2403414,0,0,2403414,0,0,0.0,0.0,0.0,0.0,0.0,0.0,0.0,0.0,0.0,0.0,0.0,0.0,0.0,0.0
2018-04-19,3816634,3816634,0,0,3816634,0,0,0.0,0.0,0.0,0.0,0.0,0.0,0.0,0.0,0.0,0.0,0.0,0.0,0.0,0.0
2018-04-20,3938631,3938631,0,0,3938631,0,0,0.0,0.0,0.0,0.0,0.0,0.0,0.0,0.0,0.0,0.0,0.0,0.0,0.0,0.0
2018-04-21,2978910,2978910,0,0,2978910,0,0,0.0,0.0,0.0,0.0,0.0,0.0,0.0,0.0,0.0,0.0,0.0,0.0,0.0,0.0
2018-04-22,2627501,2627501,0,0,2627501,0,0,0.0,0.0,0.0,0.0,0.0,0.0,0.0,0.0,0.0,0.0,0.0,0.0,0.0,0.0
2018-04-23,4267653,4267653,0,0,4267653,0,0,0.0,0.0,0.0,0.0,0.0,0.0,0.0,0.0,0.0,0.0,0.0,0.0,0.0,0.0
2018-04-24,1273650,1273650,0,0,1273650,0,0,0.0,0.0,0.0,0.0,0.0,0.0,0.0,0.0,0.0,0.0,0.0,0.0,0.0,0.0
2018-04-25,1991382,1991382,0,0,1991382,0,0,0.0,0.0,0.0,0.0,0.0,0.0,0.0,0.0,0.0,0.0,0.0,0.0,0.0,0.0
2018-04-26,2886429,2886429,0,0,2886429,0,0,0.0,0.0,0.0,0.0,0.0,0.0,0.0,0.0,0.0,0.0,0.0,0.0,0.0,0.0
2018-04-27,4100868,4100868,0,0,4100868,0,0,0.0,0.0,0.0,0.0,0.0,0.0,0.0,0.0,0.0,0.0,0.0,0.0,0.0,0.0
2018-04-28,1210097,1210097,0,0,1210097,0,0,0.0,0.0,0.0,0.0,0.0,0.0,0.0,0.0,0.0,0.0,0.0,0.0,0.0,0.0
2018-04-29,2164356,2164356,0,0,2164356,0,0,0.0,0.0,0.0,0.0,0.0,0.0,0.0,0.0,0.0,0.0,0.0,0.0,0.0,0.0
2018-04-30,4717133,4717133,0,0,4717133,0,0,0.0,0.0,0.0,0.0,0.0,0.0,0.0,0.0,0.0,0.0,0.0,0.0,0.0,0.0
2018-05-01,835888,835888,0,0,835888,0,0,0.0,0.0,0.0,0.0,0.0,0.0,0.0,0.0,0.0,0.0,0.0,0.0,0.0,0.0
2018-05-02,1396669,1396669,0,0,1396669,0,0,0.0,0.0,0.0,0.0,0.0,0.0,0.0,0.0,0.0,0.0,0.0,0.0,0.0,0.0
2018-05-03,3878927,3878927,0,0,3878927,0,0,0.0,0.0,0.0,0.0,0.0,0.0,0.0,0.0,0.0,0.0,0.0,0.0,0.0,0.0
2018-05-04,4792695,4792695,0,0,4792695,0,0,0.0,0.0,0.0,0.0,0.0,0.0,0.0,0.0,0.0,0.0,0.0,0.0,0.0,0.0
2018-05-05,3317747,3317747,0,0,3317747,0,0,0.0,0.0,0.0,0.0,0.0,0.0,0.0,0.0,0.0,0.0,0.0,0.0,0.0,0.0
2018-05-06,2940933,2940933,0,0,2940933,0,0,0.0,0.0,0.0,0.0,0.0,0.0,0.0,0.0,0.0,0.0,0.0,0.0,0.0,0.0
2018-05-07,6245436,6245436,0,0,6245436,0,0,0.0,0.0,0.0,0.0,0.0,0.0,0.0,0.0,0.0,0.0,0.0,0.0,0.0,0.0
2018-05-08,2982459,2982459,0,0,2982459,0,0,0.0,0.0,0.0,0.0,0.0,0.0,0.0,0.0,0.0,0.0,0.0,0.0,0.0,0.0
2018-05-09,3054743,3054743,0,0,3054743,0,0,0.0,0.0,0.0,0.0,0.0,0.0,0.0,0.0,0.0,0.0,0.0,0.0,0.0,0.0
2018-05-10,468061,468061,0,0,468061,0,0,0.0,0.0,0.0,0.0,0.0,0.0,0.0,0.0,0.0,0.0,0.0,0.0,0.0,0.0
2018-05-11,4135206,4135206,0,0,4135206,0,0,0.0,0.0,0.0,0.0,0.0,0.0,0.0,0.0,0.0,0.0,0.0,0.0,0.0,0.0
2018-05-12,3170986,3170986,0,0,3170986,0,0,0.0,0.0,0.0,0.0,0.0,0.0,0.0,0.0,0.0,0.0,0.0,0.0,0.0,0.0
2018-05-13,2611674,2611674,0,0,2611674,0,0,0.0,0.0,0.0,0.0,0.0,0.0,0.0,0.0,0.0,0.0,0.0,0.0,0.0,0.0
2018-05-14,6734002,6734002,0,0,6734002,0,0,0.0,0.0,0.0,0.0,0.0,0.0,0.0,0.0,0.0,0.0,0.0,0.0,0.0,0.0
2018-05-15,2275678,2275678,0,0,2275678,0,0,0.0,0.0,0.0,0.0,0.0,0.0,0.0,0.0,0.0,0.0,0.0,0.0,0.0,0.0
2018-05-16,2587602,2587602,0,0,2587602,0,0,0.0,0.0,0.0,0.0,0.0,0.0,0.0,0.0,0.0,0.0,0.0,0.0,0.0,0.0
2018-05-17,5847342,5847342,0,0,5847342,0,0,0.0,0.0,0.0,0.0,0.0,0.0,0.0,0.0,0.0,0.0,0.0,0.0,0.0,0.0
2018-05-18,7414508,7414508,0,0,7414508,0,0,0.0,0.0,0.0,0.0,0.0,0.0,0.0,0.0,0.0,0.0,0.0,0.0,0.0,0.0
2018-05-19,3640448,3640448,0,0,3640448,0,0,0.0,0.0,0.0,0.0,0.0,0.0,0.0,0.0,0.0,0.0,0.0,0.0,0.0,0.0
2018-05-20,703443,703443,0,0,703443,0,0,0.0,0.0,0.0,0.0,0.0,0.0,0.0,0.0,0.0,0.0,0.0,0.0,0.0,0.0
2018-05-21,6311814,6311814,0,0,6311814,0,0,0.0,0.0,0.0,0.0,0.0,0.0,0.0,0.0,0.0,0.0,0.0,0.0,0.0,0.0
2018-05-22,2722346,2722346,0,0,2722346,0,0,0.0,0.0,0.0,0.0,0.0,0.0,0.0,0.0,0.0,0.0,0.0,0.0,0.0,0.0
2018-05-23,3065330,3065330,0,0,3065330,0,0,0.0,0.0,0.0,0.0,0.0,0.0,0.0,0.0,0.0,0.0,0.0,0.0,0.0,0.0
2018-05-24,3735165,3735165,0,0,3735165,0,0,0.0,0.0,0.0,0.0,0.0,0.0,0.0,0.0,0.0,0.0,0.0,0.0,0.0,0.0
2018-05-25,4945822,4945822,0,0,4945822,0,0,0.0,0.0,0.0,0.0,0.0,0.0,0.0,0.0,0.0,0.0,0.0,0.0,0.0,0.0
2018-05-26,6154574,6154574,0,0,6154574,0,0,0.0,0.0,0.0,0.0,0.0,0.0,0.0,0.0,0.0,0.0,0.0,0.0,0.0,0.0
2018-05-27,230677,230677,0,0,230677,0,0,0.0,0.0,0.0,0.0,0.0,0.0,0.0,0.0,0.0,0.0,0.0,0.0,0.0,0.0
2018-05-28,6454054,6454054,0,0,6454054,0,0,0.0,0.0,0.0,0.0,0.0,0.0,0.0,0.0,0.0,0.0,0.0,0.0,0.0,0.0
2018-05-29,2530572,2530572,0,0,2530572,0,0,0.0,0.0,0.0,0.0,0.0,0.0,0.0,0.0,0.0,0.0,0.0,0.0,0.0,0.0
2018-05-30,2309643,2309643,0,0,2309643,0,0,0.0,0.0,0.0,0.0,0.0,0.0,0.0,0.0,0.0,0.0,0.0,0.0,0.0,0.0
2018-05-31,3791911,3791911,0,0,3791911,0,0,0.0,0.0,0.0,0.0,0.0,0.0,0.0,0.0,0.0,0.0,0.0,0.0,0.0,0.0
2018-06-01,3610245,3610245,0,0,3610245,0,0,0.0,0.0,0.0,0.0,0.0,0.0,0.0,0.0,0.0,0.0,0.0,0.0,0.0,0.0
2018-06-02,2874775,2874775,0,0,2874775,0,0,0.0,0.0,0.0,0.0,0.0,0.0,0.0,0.0,0.0,0.0,0.0,0.0,0.0,0.0
2018-06-03,3798485,3798485,0,0,3798485,0,0,0.0,0.0,0.0,0.0,0.0,0.0,0.0,0.0,0.0,0.0,0.0,0.0,0.0,0.0
2018-06-04,4763323,4763323,0,0,4763323,0,0,0.0,0.0,0.0,0.0,0.0,0.0,0.0,0.0,0.0,0.0,0.0,0.0,0.0,0.0
2018-06-05,1786070,1786070,0,0,1786070,0,0,0.0,0.0,0.0,0.0,0.0,0.0,0.0,0.0,0.0,0.0,0.0,0.0,0.0,0.0
2018-06-06,2388129,2388129,0,0,2388129,0,0,0.0,0.0,0.0,0.0,0.0,0.0,0.0,0.0,0.0,0.0,0.0,0.0,0.0,0.0
2018-06-07,3614112,3614112,0,0,3614112,0,0,0.0,0.0,0.0,0.0,0.0,0.0,0.0,0.0,0.0,0.0,0.0,0.0,0.0,0.0
2018-06-08,4599859,4599859,0,0,4599859,0,0,0.0,0.0,0.0,0.0,0.0,0.0,0.0,0.0,0.0,0.0,0.0,0.0,0.0,0.0
2018-06-09,3328523,3328523,0,0,3328523,0,0,0.0,0.0,0.0,0.0,0.0,0.0,0.0,0.0,0.0,0.0,0.0,0.0,0.0,0.0
2018-06-10,1689480,1689480,0,0,1689480,0,0,0.0,0.0,0.0,0.0,0.0,0.0,0.0,0.0,0.0,0.0,0.0,0.0,0.0,0.0
2018-06-11,5574592,5574592,0,0,5574592,0,0,0.0,0.0,0.0,0.0,0.0,0.0,0.0,0.0,0.0,0.0,0.0,0.0,0.0,0.0
2018-06-12,1763750,1763750,0,0,1763750,0,0,0.0,0.0,0.0,0.0,0.0,0.0,0.0,0.0,0.0,0.0,0.0,0.0,0.0,0.0
2018-06-13,1942697,1942697,0,0,1942697,0,0,0.0,0.0,0.0,0.0,0.0,0.0,0.0,0.0,0.0,0.0,0.0,0.0,0.0,0.0
2018-06-14,3959725,3959725,0,0,3959725,0,0,0.0,0.0,0.0,0.0,0.0,0.0,0.0,0.0,0.0,0.0,0.0,0.0,0.0,0.0
2018-06-15,5003990,5003990,0,0,5003990,0,0,0.0,0.0,0.0,0.0,0.0,0.0,0.0,0.0,0.0,0.0,0.0,0.0,0.0,0.0
2018-06-16,3393678,3393678,0,0,3393678,0,0,0.0,0.0,0.0,0.0,0.0,0.0,0.0,0.0,0.0,0.0,0.0,0.0,0.0,0.0
2018-06-17,840781,840781,0,0,840781,0,0,0.0,0.0,0.0,0.0,0.0,0.0,0.0,0.0,0.0,0.0,0.0,0.0,0.0,0.0
2018-06-18,4719491,4719491,0,0,4719491,0,0,0.0,0.0,0.0,0.0,0.0,0.0,0.0,0.0,0.0,0.0,0.0,0.0,0.0,0.0
2018-06-19,2117643,2117643,0,0,2117643,0,0,0.0,0.0,0.0,0.0,0.0,0.0,0.0,0.0,0.0,0.0,0.0,0.0,0.0,0.0
2018-06-20,2799014,2799014,0,0,2799014,0,0,0.0,0.0,0.0,0.0,0.0,0.0,0.0,0.0,0.0,0.0,0.0,0.0,0.0,0.0
2018-06-21,3719809,3719809,0,0,3719809,0,0,0.0,0.0,0.0,0.0,0.0,0.0,0.0,0.0,0.0,0.0,0.0,0.0,0.0,0.0
2018-06-22,5149098,5149098,0,0,5149098,0,0,0.0,0.0,0.0,0.0,0.0,0.0,0.0,0.0,0.0,0.0,0.0,0.0,0.0,0.0
2018-06-23,4292983,4292983,0,0,4292983,0,0,0.0,0.0,0.0,0.0,0.0,0.0,0.0,0.0,0.0,0.0,0.0,0.0,0.0,0.0
2018-06-24,2594478,2594478,0,0,2594478,0,0,0.0,0.0,0.0,0.0,0.0,0.0,0.0,0.0,0.0,0.0,0.0,0.0,0.0,0.0
2018-06-25,7117081,7117081,0,0,7117081,0,0,0.0,0.0,0.0,0.0,0.0,0.0,0.0,0.0,0.0,0.0,0.0,0.0,0.0,0.0
2018-06-26,2873237,2873237,0,0,2873237,0,0,0.0,0.0,0.0,0.0,0.0,0.0,0.0,0.0,0.0,0.0,0.0,0.0,0.0,0.0
2018-06-27,3347471,3347471,0,0,3347471,0,0,0.0,0.0,0.0,0.0,0.0,0.0,0.0,0.0,0.0,0.0,0.0,0.0,0.0,0.0
2018-06-28,3645235,3645235,0,0,3645235,0,0,0.0,0.0,0.0,0.0,0.0,0.0,0.0,0.0,0.0,0.0,0.0,0.0,0.0,0.0
2018-06-29,6189746,6189746,0,0,6189746,0,0,0.0,0.0,0.0,0.0,0.0,0.0,0.0,0.0,0.0,0.0,0.0,0.0,0.0,0.0
2018-06-30,3471091,3471091,0,0,3471091,0,0,0.0,0.0,0.0,0.0,0.0,0.0,0.0,0.0,0.0,0.0,0.0,0.0,0.0,0.0
2018-07-01,2870710,2870710,0,0,2870710,0,0,0.0,0.0,0.0,0.0,0.0,0.0,0.0,0.0,0.0,0.0,0.0,0.0,0.0,0.0
2018-07-02,5999437,5999437,0,0,5999437,0,0,0.0,0.0,0.0,0.0,0.0,0.0,0.0,0.0,0.0,0.0,0.0,0.0,0.0,0.0
2018-07-03,2132396,2132396,0,0,2132396,0,0,0.0,0.0,0.0,0.0,0.0,0.0,0.0,0.0,0.0,0.0,0.0,0.0,0.0,0.0
2018-07-04,1402267,1402267,0,0,1402267,0,0,0.0,0.0,0.0,0.0,0.0,0.0,0.0,0.0,0.0,0.0,0.0,0.0,0.0,0.0
2018-07-05,4094032,4094032,0,0,4094032,0,0,0.0,0.0,0.0,0.0,0.0,0.0,0.0,0.0,0.0,0.0,0.0,0.0,0.0,0.0
2018-07-06,4160594,4160594,0,0,4160594,0,0,0.0,0.0,0.0,0.0,0.0,0.0,0.0,0.0,0.0,0.0,0.0,0.0,0.0,0.0
2018-07-07,2514536,2514536,0,0,2514536,0,0,0.0,0.0,0.0,0.0,0.0,0.0,0.0,0.0,0.0,0.0,0.0,0.0,0.0,0.0
2018-07-08,634949,634949,0,0,634949,0,0,0.0,0.0,0.0,0.0,0.0,0.0,0.0,0.0,0.0,0.0,0.0,0.0,0.0,0.0
2018-07-09,3929321,3929321,0,0,3929321,0,0,0.0,0.0,0.0,0.0,0.0,0.0,0.0,0.0,0.0,0.0,0.0,0.0,0.0,0.0
2018-07-10,1950330,1950330,0,0,1950330,0,0,0.0,0.0,0.0,0.0,0.0,0.0,0.0,0.0,0.0,0.0,0.0,0.0,0.0,0.0
2018-07-11,3513867,3513867,0,0,3513867,0,0,0.0,0.0,0.0,0.0,0.0,0.0,0.0,0.0,0.0,0.0,0.0,0.0,0.0,0.0
2018-07-12,3326370,3326370,0,0,3326370,0,0,0.0,0.0,0.0,0.0,0.0,0.0,0.0,0.0,0.0,0.0,0.0,0.0,0.0,0.0
2018-07-13,3763047,3763047,0,0,3763047,0,0,0.0,0.0,0.0,0.0,0.0,0.0,0.0,0.0,0.0,0.0,0.0,0.0,0.0,0.0
2018-07-14,5821310,5821310,0,0,5821310,0,0,0.0,0.0,0.0,0.0,0.0,0.0,0.0,0.0,0.0,0.0,0.0,0.0,0.0,0.0
2018-07-15,211838,211838,0,0,211838,0,0,0.0,0.0,0.0,0.0,0.0,0.0,0.0,0.0,0.0,0.0,0.0,0.0,0.0,0.0
2018-07-16,5853460,5853460,0,0,5853460,0,0,0.0,0.0,0.0,0.0,0.0,0.0,0.0,0.0,0.0,0.0,0.0,0.0,0.0,0.0
2018-07-17,2533812,2533812,0,0,2533812,0,0,0.0,0.0,0.0,0.0,0.0,0.0,0.0,0.0,0.0,0.0,0.0,0.0,0.0,0.0
2018-07-18,2821551,2821551,0,0,2821551,0,0,0.0,0.0,0.0,0.0,0.0,0.0,0.0,0.0,0.0,0.0,0.0,0.0,0.0,0.0
2018-07-19,4254054,4254054,0,0,4254054,0,0,0.0,0.0,0.0,0.0,0.0,0.0,0.0,0.0,0.0,0.0,0.0,0.0,0.0,0.0
2018-07-20,4754395,4754395,0,0,4754395,0,0,0.0,0.0,0.0,0.0,0.0,0.0,0.0,0.0,0.0,0.0,0.0,0.0,0.0,0.0
2018-07-21,4647357,4647357,0,0,4647357,0,0,0.0,0.0,0.0,0.0,0.0,0.0,0.0,0.0,0.0,0.0,0.0,0.0,0.0,0.0
2018-07-22,195283,195283,0,0,195283,0,0,0.0,0.0,0.0,0.0,0.0,0.0,0.0,0.0,0.0,0.0,0.0,0.0,0.0,0.0
2018-07-23,5747347,5747347,0,0,5747347,0,0,0.0,0.0,0.0,0.0,0.0,0.0,0.0,0.0,0.0,0.0,0.0,0.0,0.0,0.0
2018-07-24,2055402,2055402,0,0,2055402,0,0,0.0,0.0,0.0,0.0,0.0,0.0,0.0,0.0,0.0,0.0,0.0,0.0,0.0,0.0
2018-07-25,670203,670203,0,0,670203,0,0,0.0,0.0,0.0,0.0,0.0,0.0,0.0,0.0,0.0,0.0,0.0,0.0,0.0,0.0
2018-07-26,360132,360132,0,0,360132,0,0,0.0,0.0,0.0,0.0,0.0,0.0,0.0,0.0,0.0,0.0,0.0,0.0,0.0,0.0
2018-07-27,5322841,5322841,0,0,5322841,0,0,0.0,0.0,0.0,0.0,0.0,0.0,0.0,0.0,0.0,0.0,0.0,0.0,0.0,0.0
2018-07-28,3367375,3367375,0,0,3367375,0,0,0.0,0.0,0.0,0.0,0.0,0.0,0.0,0.0,0.0,0.0,0.0,0.0,0.0,0.0
2018-07-29,1957108,1957108,0,0,1957108,0,0,0.0,0.0,0.0,0.0,0.0,0.0,0.0,0.0,0.0,0.0,0.0,0.0,0.0,0.0
2018-07-30,4999443,4999443,0,0,4999443,0,0,0.0,0.0,0.0,0.0,0.0,0.0,0.0,0.0,0.0,0.0,0.0,0.0,0.0,0.0
2018-07-31,1614033,1614033,0,0,1614033,0,0,0.0,0.0,0.0,0.0,0.0,0.0,0.0,0.0,0.0,0.0,0.0,0.0,0.0,0.0
2018-08-01,2225646,2225646,0,0,2225646,0,0,0.0,0.0,0.0,0.0,0.0,0.0,0.0,0.0,0.0,0.0,0.0,0.0,0.0,0.0
2018-08-02,3837460,3837460,0,0,3837460,0,0,0.0,0.0,0.0,0.0,0.0,0.0,0.0,0.0,0.0,0.0,0.0,0.0,0.0,0.0
2018-08-03,6845414,6845414,0,0,6845414,0,0,0.0,0.0,0.0,0.0,0.0,0.0,0.0,0.0,0.0,0.0,0.0,0.0,0.0,0.0
2018-08-04,2133791,2133791,0,0,2133791,0,0,0.0,0.0,0.0,0.0,0.0,0.0,0.0,0.0,0.0,0.0,0.0,0.0,0.0,0.0
2018-08-05,4582130,4582130,0,0,4582130,0,0,0.0,0.0,0.0,0.0,0.0,0.0,0.0,0.0,0.0,0.0,0.0,0.0,0.0,0.0
2018-08-06,4982276,4982276,0,0,4982276,0,0,0.0,0.0,0.0,0.0,0.0,0.0,0.0,0.0,0.0,0.0,0.0,0.0,0.0,0.0
2018-08-07,1203572,1203572,0,0,1203572,0,0,0.0,0.0,0.0,0.0,0.0,0.0,0.0,0.0,0.0,0.0,0.0,0.0,0.0,0.0
2018-08-08,480823,480823,0,0,480823,0,0,0.0,0.0,0.0,0.0,0.0,0.0,0.0,0.0,0.0,0.0,0.0,0.0,0.0,0.0
2018-08-09,5349058,5349058,0,0,5349058,0,0,0.0,0.0,0.0,0.0,0.0,0.0,0.0,0.0,0.0,0.0,0.0,0.0,0.0,0.0
2018-08-10,4269005,4269005,0,0,4269005,0,0,0.0,0.0,0.0,0.0,0.0,0.0,0.0,0.0,0.0,0.0,0.0,0.0,0.0,0.0
2018-08-11,4296551,4296551,0,0,4296551,0,0,0.0,0.0,0.0,0.0,0.0,0.0,0.0,0.0,0.0,0.0,0.0,0.0,0.0,0.0
2018-08-12,4116212,4116212,0,0,4116212,0,0,0.0,0.0,0.0,0.0,0.0,0.0,0.0,0.0,0.0,0.0,0.0,0.0,0.0,0.0
2018-08-13,6530170,6530170,0,0,6530170,0,0,0.0,0.0,0.0,0.0,0.0,0.0,0.0,0.0,0.0,0.0,0.0,0.0,0.0,0.0
2018-08-14,2099356,2099356,0,0,2099356,0,0,0.0,0.0,0.0,0.0,0.0,0.0,0.0,0.0,0.0,0.0,0.0,0.0,0.0,0.0
2018-08-15,2982592,2982592,0,0,2982592,0,0,0.0,0.0,0.0,0.0,0.0,0.0,0.0,0.0,0.0,0.0,0.0,0.0,0.0,0.0
2018-08-16,4859503,4859503,0,0,4859503,0,0,0.0,0.0,0.0,0.0,0.0,0.0,0.0,0.0,0.0,0.0,0.0,0.0,0.0,0.0
2018-08-17,4718164,4718164,0,0,4718164,0,0,0.0,0.0,0.0,0.0,0.0,0.0,0.0,0.0,0.0,0.0,0.0,0.0,0.0,0.0
2018-08-18,3947399,3947399,0,0,3947399,0,0,0.0,0.0,0.0,0.0,0.0,0.0,0.0,0.0,0.0,0.0,0.0,0.0,0.0,0.0
2018-08-19,2987070,2987070,0,0,2987070,0,0,0.0,0.0,0.0,0.0,0.0,0.0,0.0,0.0,0.0,0.0,0.0,0.0,0.0,0.0
2018-08-20,6514022,6514022,0,0,6514022,0,0,0.0,0.0,0.0,0.0,0.0,0.0,0.0,0.0,0.0,0.0,0.0,0.0,0.0,0.0
2018-08-21,1987135,1987135,0,0,1987135,0,0,0.0,0.0,0.0,0.0,0.0,0.0,0.0,0.0,0.0,0.0,0.0,0.0,0.0,0.0
2018-08-22,2675586,2675586,0,0,2675586,0,0,0.0,0.0,0.0,0.0,0.0,0.0,0.0,0.0,0.0,0.0,0.0,0.0,0.0,0.0
2018-08-23,4212479,4212479,0,0,4212479,0,0,0.0,0.0,0.0,0.0,0.0,0.0,0.0,0.0,0.0,0.0,0.0,0.0,0.0,0.0
2018-08-24,4021619,4021619,0,0,4021619,0,0,0.0,0.0,0.0,0.0,0.0,0.0,0.0,0.0,0.0,0.0,0.0,0.0,0.0,0.0
2018-08-25,2642683,2642683,0,0,2642683,0,0,0.0,0.0,0.0,0.0,0.0,0.0,0.0,0.0,0.0,0.0,0.0,0.0,0.0,0.0
2018-08-26,3051523,3051523,0,0,3051523,0,0,0.0,0.0,0.0,0.0,0.0,0.0,0.0,0.0,0.0,0.0,0.0,0.0,0.0,0.0
2018-08-27,5215395,5215395,0,0,5215395,0,0,0.0,0.0,0.0,0.0,0.0,0.0,0.0,0.0,0.0,0.0,0.0,0.0,0.0,0.0
2018-08-28,1419926,1419926,0,0,1419926,0,0,0.0,0.0,0.0,0.0,0.0,0.0,0.0,0.0,0.0,0.0,0.0,0.0,0.0,0.0
2018-08-29,2139129,2139129,0,0,2139129,0,0,0.0,0.0,0.0,0.0,0.0,0.0,0.0,0.0,0.0,0.0,0.0,0.0,0.0,0.0
2018-08-30,3664122,3664122,0,0,3664122,0,0,0.0,0.0,0.0,0.0,0.0,0.0,0.0,0.0,0.0,0.0,0.0,0.0,0.0,0.0
2018-08-31,4664515,4664515,0,0,4664515,0,0,0.0,0.0,0.0,0.0,0.0,0.0,0.0,0.0,0.0,0.0,0.0,0.0,0.0,0.0
2018-09-01,2015642,2015642,0,0,2015642,0,0,0.0,0.0,0.0,0.0,0.0,0.0,0.0,0.0,0.0,0.0,0.0,0.0,0.0,0.0
2018-09-02,3674806,3674806,0,0,3674806,0,0,0.0,0.0,0.0,0.0,0.0,0.0,0.0,0.0,0.0,0.0,0.0,0.0,0.0,0.0
2018-09-03,5428512,5428512,0,0,5428512,0,0,0.0,0.0,0.0,0.0,0.0,0.0,0.0,0.0,0.0,0.0,0.0,0.0,0.0,0.0
2018-09-04,2022426,2022426,0,0,2022426,0,0,0.0,0.0,0.0,0.0,0.0,0.0,0.0,0.0,0.0,0.0,0.0,0.0,0.0,0.0
2018-09-05,2209811,2209811,0,0,2209811,0,0,0.0,0.0,0.0,0.0,0.0,0.0,0.0,0.0,0.0,0.0,0.0,0.0,0.0,0.0
2018-09-06,3469122,3469122,0,0,3469122,0,0,0.0,0.0,0.0,0.0,0.0,0.0,0.0,0.0,0.0,0.0,0.0,0.0,0.0,0.0
2018-09-07,4232966,4232966,0,0,4232966,0,0,0.0,0.0,0.0,0.0,0.0,0.0,0.0,0.0,0.0,0.0,0.0,0.0,0.0,0.0
2018-09-08,2786221,2786221,0,0,2786221,0,0,0.0,0.0,0.0,0.0,0.0,0.0,0.0,0.0,0.0,0.0,0.0,0.0,0.0,0.0
2018-09-09,2485514,2485514,0,0,2485514,0,0,0.0,0.0,0.0,0.0,0.0,0.0,0.0,0.0,0.0,0.0,0.0,0.0,0.0,0.0
2018-09-10,4921302,4921302,0,0,4921302,0,0,0.0,0.0,0.0,0.0,0.0,0.0,0.0,0.0,0.0,0.0,0.0,0.0,0.0,0.0
2018-09-11,2298455,2298455,0,0,2298455,0,0,0.0,0.0,0.0,0.0,0.0,0.0,0.0,0.0,0.0,0.0,0.0,0.0,0.0,0.0
2018-09-12,1910585,1910585,0,0,1910585,0,0,0.0,0.0,0.0,0.0,0.0,0.0,0.0,0.0,0.0,0.0,0.0,0.0,0.0,0.0
2018-09-13,484315,484315,0,0,484315,0,0,0.0,0.0,0.0,0.0,0.0,0.0,0.0,0.0,0.0,0.0,0.0,0.0,0.0,0.0
2018-09-14,4333749,4333749,0,0,4333749,0,0,0.0,0.0,0.0,0.0,0.0,0.0,0.0,0.0,0.0,0.0,0.0,0.0,0.0,0.0
2018-09-15,3780861,3780861,0,0,3780861,0,0,0.0,0.0,0.0,0.0,0.0,0.0,0.0,0.0,0.0,0.0,0.0,0.0,0.0,0.0
2018-09-16,2185749,2185749,0,0,2185749,0,0,0.0,0.0,0.0,0.0,0.0,0.0,0.0,0.0,0.0,0.0,0.0,0.0,0.0,0.0
2018-09-17,6165308,6165308,0,0,6165308,0,0,0.0,0.0,0.0,0.0,0.0,0.0,0.0,0.0,0.0,0.0,0.0,0.0,0.0,0.0
2018-09-18,1130202,1130202,0,0,1130202,0,0,0.0,0.0,0.0,0.0,0.0,0.0,0.0,0.0,0.0,0.0,0.0,0.0,0.0,0.0
2018-09-19,578113,578113,0,0,578113,0,0,0.0,0.0,0.0,0.0,0.0,0.0,0.0,0.0,0.0,0.0,0.0,0.0,0.0,0.0
2018-09-20,3806887,3806887,0,0,3806887,0,0,0.0,0.0,0.0,0.0,0.0,0.0,0.0,0.0,0.0,0.0,0.0,0.0,0.0,0.0
2018-09-21,4623196,4623196,0,0,4623196,0,0,0.0,0.0,0.0,0.0,0.0,0.0,0.0,0.0,0.0,0.0,0.0,0.0,0.0,0.0
2018-09-22,5738390,5738390,0,0,5738390,0,0,0.0,0.0,0.0,0.0,0.0,0.0,0.0,0.0,0.0,0.0,0.0,0.0,0.0,0.0
2018-09-23,422405,422405,0,0,422405,0,0,0.0,0.0,0.0,0.0,0.0,0.0,0.0,0.0,0.0,0.0,0.0,0.0,0.0,0.0
2018-09-24,7194407,7194407,0,0,7194407,0,0,0.0,0.0,0.0,0.0,0.0,0.0,0.0,0.0,0.0,0.0,0.0,0.0,0.0,0.0
2018-09-25,2344222,2344222,0,0,2344222,0,0,0.0,0.0,0.0,0.0,0.0,0.0,0.0,0.0,0.0,0.0,0.0,0.0,0.0,0.0
2018-09-26,2182064,2182064,0,0,2182064,0,0,0.0,0.0,0.0,0.0,0.0,0.0,0.0,0.0,0.0,0.0,0.0,0.0,0.0,0.0
2018-09-27,4038609,4038609,0,0,4038609,0,0,0.0,0.0,0.0,0.0,0.0,0.0,0.0,0.0,0.0,0.0,0.0,0.0,0.0,0.0
2018-09-28,4023207,4023207,0,0,4023207,0,0,0.0,0.0,0.0,0.0,0.0,0.0,0.0,0.0,0.0,0.0,0.0,0.0,0.0,0.0
2018-09-29,2857859,2857859,0,0,2857859,0,0,0.0,0.0,0.0,0.0,0.0,0.0,0.0,0.0,0.0,0.0,0.0,0.0,0.0,0.0
2018-09-30,3118322,3118322,0,0,3118322,0,0,0.0,0.0,0.0,0.0,0.0,0.0,0.0,0.0,0.0,0.0,0.0,0.0,0.0,0.0
2018-10-01,4801434,4801434,0,0,4801434,0,0,0.0,0.0,0.0,0.0,0.0,0.0,0.0,0.0,0.0,0.0,0.0,0.0,0.0,0.0
2018-10-02,1642530,1642530,0,0,1642530,0,0,0.0,0.0,0.0,0.0,0.0,0.0,0.0,0.0,0.0,0.0,0.0,0.0,0.0,0.0
2018-10-03,2165266,2165266,0,0,2165266,0,0,0.0,0.0,0.0,0.0,0.0,0.0,0.0,0.0,0.0,0.0,0.0,0.0,0.0,0.0
2018-10-04,3048941,3048941,0,0,3048941,0,0,0.0,0.0,0.0,0.0,0.0,0.0,0.0,0.0,0.0,0.0,0.0,0.0,0.0,0.0
2018-10-05,3655893,3655893,0,0,3655893,0,0,0.0,0.0,0.0,0.0,0.0,0.0,0.0,0.0,0.0,0.0,0.0,0.0,0.0,0.0
2018-10-06,3483682,3483682,0,0,3483682,0,0,0.0,0.0,0.0,0.0,0.0,0.0,0.0,0.0,0.0,0.0,0.0,0.0,0.0,0.0
2018-10-07,2845287,2845287,0,0,2845287,0,0,0.0,0.0,0.0,0.0,0.0,0.0,0.0,0.0,0.0,0.0,0.0,0.0,0.0,0.0
2018-10-08,4953516,4953516,0,0,4953516,0,0,0.0,0.0,0.0,0.0,0.0,0.0,0.0,0.0,0.0,0.0,0.0,0.0,0.0,0.0
2018-10-09,1662780,1662780,0,0,1662780,0,0,0.0,0.0,0.0,0.0,0.0,0.0,0.0,0.0,0.0,0.0,0.0,0.0,0.0,0.0
2018-10-10,2635745,2635745,0,0,2635745,0,0,0.0,0.0,0.0,0.0,0.0,0.0,0.0,0.0,0.0,0.0,0.0,0.0,0.0,0.0
2018-10-11,7354474,7354474,0,0,7354474,0,0,0.0,0.0,0.0,0.0,0.0,0.0,0.0,0.0,0.0,0.0,0.0,0.0,0.0,0.0
2018-10-12,5283546,5283546,0,0,5283546,0,0,0.0,0.0,0.0,0.0,0.0,0.0,0.0,0.0,0.0,0.0,0.0,0.0,0.0,0.0
2018-10-13,879008,879008,0,0,879008,0,0,0.0,0.0,0.0,0.0,0.0,0.0,0.0,0.0,0.0,0.0,0.0,0.0,0.0,0.0
2018-10-14,2018768,2018768,0,0,2018768,0,0,0.0,0.0,0.0,0.0,0.0,0.0,0.0,0.0,0.0,0.0,0.0,0.0,0.0,0.0
2018-10-15,6101845,6101845,0,0,6101845,0,0,0.0,0.0,0.0,0.0,0.0,0.0,0.0,0.0,0.0,0.0,0.0,0.0,0.0,0.0
2018-10-16,3167170,3167170,0,0,3167170,0,0,0.0,0.0,0.0,0.0,0.0,0.0,0.0,0.0,0.0,0.0,0.0,0.0,0.0,0.0
2018-10-17,1860377,1860377,0,0,1860377,0,0,0.0,0.0,0.0,0.0,0.0,0.0,0.0,0.0,0.0,0.0,0.0,0.0,0.0,0.0
2018-10-18,2391760,2391760,0,0,2391760,0,0,0.0,0.0,0.0,0.0,0.0,0.0,0.0,0.0,0.0,0.0,0.0,0.0,0.0,0.0
2018-10-19,2493504,2493504,0,0,2493504,0,0,0.0,0.0,0.0,0.0,0.0,0.0,0.0,0.0,0.0,0.0,0.0,0.0,0.0,0.0
2018-10-20,1636175,1636175,0,0,1636175,0,0,0.0,0.0,0.0,0.0,0.0,0.0,0.0,0.0,0.0,0.0,0.0,0.0,0.0,0.0
2018-10-21,1651657,1651657,0,0,1651657,0,0,0.0,0.0,0.0,0.0,0.0,0.0,0.0,0.0,0.0,0.0,0.0,0.0,0.0,0.0
2018-10-22,2251598,2251598,0,0,2251598,0,0,0.0,0.0,0.0,0.0,0.0,0.0,0.0,0.0,0.0,0.0,0.0,0.0,0.0,0.0
2018-10-23,908226,908226,0,0,908226,0,0,0.0,0.0,0.0,0.0,0.0,0.0,0.0,0.0,0.0,0.0,0.0,0.0,0.0,0.0
2018-10-24,1128140,1128140,0,0,1128140,0,0,0.0,0.0,0.0,0.0,0.0,0.0,0.0,0.0,0.0,0.0,0.0,0.0,0.0,0.0
2018-10-25,3737112,3737112,0,0,3737112,0,0,0.0,0.0,0.0,0.0,0.0,0.0,0.0,0.0,0.0,0.0,0.0,0.0,0.0,0.0
2018-10-26,7843195,7843195,0,0,7843195,0,0,0.0,0.0,0.0,0.0,0.0,0.0,0.0,0.0,0.0,0.0,0.0,0.0,0.0,0.0
2018-10-27,3992719,3992719,0,0,3992719,0,0,0.0,0.0,0.0,0.0,0.0,0.0,0.0,0.0,0.0,0.0,0.0,0.0,0.0,0.0
2018-10-28,1803374,1803374,0,0,1803374,0,0,0.0,0.0,0.0,0.0,0.0,0.0,0.0,0.0,0.0,0.0,0.0,0.0,0.0,0.0
2018-10-29,6666917,6666917,0,0,6666917,0,0,0.0,0.0,0.0,0.0,0.0,0.0,0.0,0.0,0.0,0.0,0.0,0.0,0.0,0.0
2018-10-30,2786916,2786916,0,0,2786916,0,0,0.0,0.0,0.0,0.0,0.0,0.0,0.0,0.0,0.0,0.0,0.0,0.0,0.0,0.0
2018-10-31,3329534,3329534,0,0,3329534,0,0,0.0,0.0,0.0,0.0,0.0,0.0,0.0,0.0,0.0,0.0,0.0,0.0,0.0,0.0
2018-11-01,3109962,3109962,0,0,3109962,0,0,0.0,0.0,0.0,0.0,0.0,0.0,0.0,0.0,0.0,0.0,0.0,0.0,0.0,0.0
2018-11-02,3475658,3475658,0,0,3475658,0,0,0.0,0.0,0.0,0.0,0.0,0.0,0.0,0.0,0.0,0.0,0.0,0.0,0.0,0.0
2018-11-03,5094637,5094637,0,0,5094637,0,0,0.0,0.0,0.0,0.0,0.0,0.0,0.0,0.0,0.0,0.0,0.0,0.0,0.0,0.0
2018-11-04,2593760,2593760,0,0,2593760,0,0,0.0,0.0,0.0,0.0,0.0,0.0,0.0,0.0,0.0,0.0,0.0,0.0,0.0,0.0
2018-11-05,3776273,3776273,0,0,3776273,0,0,0.0,0.0,0.0,0.0,0.0,0.0,0.0,0.0,0.0,0.0,0.0,0.0,0.0,0.0
2018-11-06,1346571,1346571,0,0,1346571,0,0,0.0,0.0,0.0,0.0,0.0,0.0,0.0,0.0,0.0,0.0,0.0,0.0,0.0,0.0
2018-11-07,2261549,2261549,0,0,2261549,0,0,0.0,0.0,0.0,0.0,0.0,0.0,0.0,0.0,0.0,0.0,0.0,0.0,0.0,0.0
2018-11-08,3611471,3611471,0,0,3611471,0,0,0.0,0.0,0.0,0.0,0.0,0.0,0.0,0.0,0.0,0.0,0.0,0.0,0.0,0.0
2018-11-09,4209823,4209823,0,0,4209823,0,0,0.0,0.0,0.0,0.0,0.0,0.0,0.0,0.0,0.0,0.0,0.0,0.0,0.0,0.0
2018-11-10,4416115,4416115,0,0,4416115,0,0,0.0,0.0,0.0,0.0,0.0,0.0,0.0,0.0,0.0,0.0,0.0,0.0,0.0,0.0
2018-11-11,3109312,3109312,0,0,3109312,0,0,0.0,0.0,0.0,0.0,0.0,0.0,0.0,0.0,0.0,0.0,0.0,0.0,0.0,0.0
2018-11-12,4475387,4475387,0,0,4475387,0,0,0.0,0.0,0.0,0.0,0.0,0.0,0.0,0.0,0.0,0.0,0.0,0.0,0.0,0.0
2018-11-13,2440764,2440764,0,0,2440764,0,0,0.0,0.0,0.0,0.0,0.0,0.0,0.0,0.0,0.0,0.0,0.0,0.0,0.0,0.0
2018-11-14,2189816,2189816,0,0,2189816,0,0,0.0,0.0,0.0,0.0,0.0,0.0,0.0,0.0,0.0,0.0,0.0,0.0,0.0,0.0
2018-11-15,3809872,3809872,0,0,3809872,0,0,0.0,0.0,0.0,0.0,0.0,0.0,0.0,0.0,0.0,0.0,0.0,0.0,0.0,0.0
2018-11-16,4055516,4055516,0,0,4055516,0,0,0.0,0.0,0.0,0.0,0.0,0.0,0.0,0.0,0.0,0.0,0.0,0.0,0.0,0.0
2018-11-17,1747834,1747834,0,0,1747834,0,0,0.0,0.0,0.0,0.0,0.0,0.0,0.0,0.0,0.0,0.0,0.0,0.0,0.0,0.0
2018-11-18,2260794,2260794,0,0,2260794,0,0,0.0,0.0,0.0,0.0,0.0,0.0,0.0,0.0,0.0,0.0,0.0,0.0,0.0,0.0
2018-11-19,4430452,4430452,0,0,4430452,0,0,0.0,0.0,0.0,0.0,0.0,0.0,0.0,0.0,0.0,0.0,0.0,0.0,0.0,0.0
2018-11-20,2950004,2950004,0,0,2950004,0,0,0.0,0.0,0.0,0.0,0.0,0.0,0.0,0.0,0.0,0.0,0.0,0.0,0.0,0.0
2018-11-21,3124343,3124343,0,0,3124343,0,0,0.0,0.0,0.0,0.0,0.0,0.0,0.0,0.0,0.0,0.0,0.0,0.0,0.0,0.0
2018-11-22,1664648,1664648,0,0,1664648,0,0,0.0,0.0,0.0,0.0,0.0,0.0,0.0,0.0,0.0,0.0,0.0,0.0,0.0,0.0
2018-11-23,5079388,5079388,0,0,5079388,0,0,0.0,0.0,0.0,0.0,0.0,0.0,0.0,0.0,0.0,0.0,0.0,0.0,0.0,0.0
2018-11-24,4924685,4924685,0,0,4924685,0,0,0.0,0.0,0.0,0.0,0.0,0.0,0.0,0.0,0.0,0.0,0.0,0.0,0.0,0.0
2018-11-25,2843344,2843344,0,0,2843344,0,0,0.0,0.0,0.0,0.0,0.0,0.0,0.0,0.0,0.0,0.0,0.0,0.0,0.0,0.0
2018-11-26,3897421,3897421,0,0,3897421,0,0,0.0,0.0,0.0,0.0,0.0,0.0,0.0,0.0,0.0,0.0,0.0,0.0,0.0,0.0
2018-11-27,2098229,2098229,0,0,2098229,0,0,0.0,0.0,0.0,0.0,0.0,0.0,0.0,0.0,0.0,0.0,0.0,0.0,0.0,0.0
2018-11-28,2674579,2674579,0,0,2674579,0,0,0.0,0.0,0.0,0.0,0.0,0.0,0.0,0.0,0.0,0.0,0.0,0.0,0.0,0.0
2018-11-29,2834584,2834584,0,0,2834584,0,0,0.0,0.0,0.0,0.0,0.0,0.0,0.0,0.0,0.0,0.0,0.0,0.0,0.0,0.0
2018-11-30,3614608,3614608,0,0,3614608,0,0,0.0,0.0,0.0,0.0,0.0,0.0,0.0,0.0,0.0,0.0,0.0,0.0,0.0,0.0
2018-12-01,2923688,2923688,0,0,2923688,0,0,0.0,0.0,0.0,0.0,0.0,0.0,0.0,0.0,0.0,0.0,0.0,0.0,0.0,0.0
2018-12-02,2103694,2103694,0,0,2103694,0,0,0.0,0.0,0.0,0.0,0.0,0.0,0.0,0.0,0.0,0.0,0.0,0.0,0.0,0.0
2018-12-03,4029406,4029406,0,0,4029406,0,0,0.0,0.0,0.0,0.0,0.0,0.0,0.0,0.0,0.0,0.0,0.0,0.0,0.0,0.0
2018-12-04,1603835,1603835,0,0,1603835,0,0,0.0,0.0,0.0,0.0,0.0,0.0,0.0,0.0,0.0,0.0,0.0,0.0,0.0,0.0
2018-12-05,2935009,2935009,0,0,2935009,0,0,0.0,0.0,0.0,0.0,0.0,0.0,0.0,0.0,0.0,0.0,0.0,0.0,0.0,0.0
2018-12-06,3012900,3012900,0,0,3012900,0,0,0.0,0.0,0.0,0.0,0.0,0.0,0.0,0.0,0.0,0.0,0.0,0.0,0.0,0.0
2018-12-07,4085175,4085175,0,0,4085175,0,0,0.0,0.0,0.0,0.0,0.0,0.0,0.0,0.0,0.0,0.0,0.0,0.0,0.0,0.0
2018-12-08,3124355,3124355,0,0,3124355,0,0,0.0,0.0,0.0,0.0,0.0,0.0,0.0,0.0,0.0,0.0,0.0,0.0,0.0,0.0
2018-12-09,1784059,1784059,0,0,1784059,0,0,0.0,0.0,0.0,0.0,0.0,0.0,0.0,0.0,0.0,0.0,0.0,0.0,0.0,0.0
2018-12-10,2861047,2861047,0,0,2861047,0,0,0.0,0.0,0.0,0.0,0.0,0.0,0.0,0.0,0.0,0.0,0.0,0.0,0.0,0.0
2018-12-11,1501425,1501425,0,0,1501425,0,0,0.0,0.0,0.0,0.0,0.0,0.0,0.0,0.0,0.0,0.0,0.0,0.0,0.0,0.0
2018-12-12,1654556,1654556,0,0,1654556,0,0,0.0,0.0,0.0,0.0,0.0,0.0,0.0,0.0,0.0,0.0,0.0,0.0,0.0,0.0
2018-12-13,2345437,2345437,0,0,2345437,0,0,0.0,0.0,0.0,0.0,0.0,0.0,0.0,0.0,0.0,0.0,0.0,0.0,0.0,0.0
2018-12-14,3597139,3597139,0,0,3597139,0,0,0.0,0.0,0.0,0.0,0.0,0.0,0.0,0.0,0.0,0.0,0.0,0.0,0.0,0.0
2018-12-15,3645113,3645113,0,0,3645113,0,0,0.0,0.0,0.0,0.0,0.0,0.0,0.0,0.0,0.0,0.0,0.0,0.0,0.0,0.0
2018-12-16,1098665,1098665,0,0,1098665,0,0,0.0,0.0,0.0,0.0,0.0,0.0,0.0,0.0,0.0,0.0,0.0,0.0,0.0,0.0
2018-12-17,4224822,4224822,0,0,4224822,0,0,0.0,0.0,0.0,0.0,0.0,0.0,0.0,0.0,0.0,0.0,0.0,0.0,0.0,0.0
2018-12-18,2639203,2639203,0,0,2639203,0,0,0.0,0.0,0.0,0.0,0.0,0.0,0.0,0.0,0.0,0.0,0.0,0.0,0.0,0.0
2018-12-19,2768235,2768235,0,0,2768235,0,0,0.0,0.0,0.0,0.0,0.0,0.0,0.0,0.0,0.0,0.0,0.0,0.0,0.0,0.0
2018-12-20,3717504,3717504,0,0,3717504,0,0,0.0,0.0,0.0,0.0,0.0,0.0,0.0,0.0,0.0,0.0,0.0,0.0,0.0,0.0
2018-12-21,5710866,5710866,0,0,5710866,0,0,0.0,0.0,0.0,0.0,0.0,0.0,0.0,0.0,0.0,0.0,0.0,0.0,0.0,0.0
2018-12-22,5011698,5011698,0,0,5011698,0,0,0.0,0.0,0.0,0.0,0.0,0.0,0.0,0.0,0.0,0.0,0.0,0.0,0.0,0.0
2018-12-23,515148,515148,0,0,515148,0,0,0.0,0.0,0.0,0.0,0.0,0.0,0.0,0.0,0.0,0.0,0.0,0.0,0.0,0.0
2018-12-24,7515774,7515774,0,0,7515774,0,0,0.0,0.0,0.0,0.0,0.0,0.0,0.0,0.0,0.0,0.0,0.0,0.0,0.0,0.0
2018-12-26,4190727,4190727,0,0,4190727,0,0,0.0,0.0,0.0,0.0,0.0,0.0,0.0,0.0,0.0,0.0,0.0,0.0,0.0,0.0
2018-12-27,1746894,1746894,0,0,1746894,0,0,0.0,0.0,0.0,0.0,0.0,0.0,0.0,0.0,0.0,0.0,0.0,0.0,0.0,0.0
2018-12-28,3048122,3048122,0,0,3048122,0,0,0.0,0.0,0.0,0.0,0.0,0.0,0.0,0.0,0.0,0.0,0.0,0.0,0.0,0.0
2018-12-29,1511345,1511345,0,0,1511345,0,0,0.0,0.0,0.0,0.0,0.0,0.0,0.0,0.0,0.0,0.0,0.0,0.0,0.0,0.0
2018-12-30,3813737,3813737,0,0,3813737,0,0,0.0,0.0,0.0,0.0,0.0,0.0,0.0,0.0,0.0,0.0,0.0,0.0,0.0,0.0
2018-12-31,2786364,2786364,0,0,2786364,0,0,0.0,0.0,0.0,0.0,0.0,0.0,0.0,0.0,0.0,0.0,0.0,0.0,0.0,0.0
2019-01-02,2195886,2195886,0,0,2195886,0,0,0.0,0.0,0.0,0.0,0.0,0.0,0.0,0.0,0.0,0.0,0.0,0.0,0.0,0.0
2019-01-03,1546534,1546534,0,0,1546534,0,0,0.0,0.0,0.0,0.0,0.0,0.0,0.0,0.0,0.0,0.0,0.0,0.0,0.0,0.0
2019-01-04,2452910,2452910,0,0,2452910,0,0,0.0,0.0,0.0,0.0,0.0,0.0,0.0,0.0,0.0,0.0,0.0,0.0,0.0,0.0
2019-01-05,2322482,2322482,0,0,2322482,0,0,0.0,0.0,0.0,0.0,0.0,0.0,0.0,0.0,0.0,0.0,0.0,0.0,0.0,0.0
2019-01-06,2428644,2428644,0,0,2428644,0,0,0.0,0.0,0.0,0.0,0.0,0.0,0.0,0.0,0.0,0.0,0.0,0.0,0.0,0.0
2019-01-07,4467117,4467117,0,0,4467117,0,0,0.0,0.0,0.0,0.0,0.0,0.0,0.0,0.0,0.0,0.0,0.0,0.0,0.0,0.0
2019-01-08,1998580,1998580,0,0,1998580,0,0,0.0,0.0,0.0,0.0,0.0,0.0,0.0,0.0,0.0,0.0,0.0,0.0,0.0,0.0
2019-01-09,2982171,2982171,0,0,2982171,0,0,0.0,0.0,0.0,0.0,0.0,0.0,0.0,0.0,0.0,0.0,0.0,0.0,0.0,0.0
2019-01-10,4648485,4648485,0,0,4648485,0,0,0.0,0.0,0.0,0.0,0.0,0.0,0.0,0.0,0.0,0.0,0.0,0.0,0.0,0.0
2019-01-11,6361650,6361650,0,0,6361650,0,0,0.0,0.0,0.0,0.0,0.0,0.0,0.0,0.0,0.0,0.0,0.0,0.0,0.0,0.0
2019-01-12,3098795,3098795,0,0,3098795,0,0,0.0,0.0,0.0,0.0,0.0,0.0,0.0,0.0,0.0,0.0,0.0,0.0,0.0,0.0
2019-01-13,3270525,3270525,0,0,3270525,0,0,0.0,0.0,0.0,0.0,0.0,0.0,0.0,0.0,0.0,0.0,0.0,0.0,0.0,0.0
2019-01-14,6398464,6398464,0,0,6398464,0,0,0.0,0.0,0.0,0.0,0.0,0.0,0.0,0.0,0.0,0.0,0.0,0.0,0.0,0.0
2019-01-15,3894486,3894486,0,0,3894486,0,0,0.0,0.0,0.0,0.0,0.0,0.0,0.0,0.0,0.0,0.0,0.0,0.0,0.0,0.0
2019-01-16,3298585,3298585,0,0,3298585,0,0,0.0,0.0,0.0,0.0,0.0,0.0,0.0,0.0,0.0,0.0,0.0,0.0,0.0,0.0
2019-01-17,4937516,4937516,0,0,4937516,0,0,0.0,0.0,0.0,0.0,0.0,0.0,0.0,0.0,0.0,0.0,0.0,0.0,0.0,0.0
2019-01-18,5328027,5328027,0,0,5328027,0,0,0.0,0.0,0.0,0.0,0.0,0.0,0.0,0.0,0.0,0.0,0.0,0.0,0.0,0.0
2019-01-19,3421638,3421638,0,0,3421638,0,0,0.0,0.0,0.0,0.0,0.0,0.0,0.0,0.0,0.0,0.0,0.0,0.0,0.0,0.0
2019-01-20,3759086,3759086,0,0,3759086,0,0,0.0,0.0,0.0,0.0,0.0,0.0,0.0,0.0,0.0,0.0,0.0,0.0,0.0,0.0
2019-01-21,4894759,4894759,0,0,4894759,0,0,0.0,0.0,0.0,0.0,0.0,0.0,0.0,0.0,0.0,0.0,0.0,0.0,0.0,0.0
2019-01-22,3361781,3361781,0,0,3361781,0,0,0.0,0.0,0.0,0.0,0.0,0.0,0.0,0.0,0.0,0.0,0.0,0.0,0.0,0.0
2019-01-23,3003732,3003732,0,0,3003732,0,0,0.0,0.0,0.0,0.0,0.0,0.0,0.0,0.0,0.0,0.0,0.0,0.0,0.0,0.0
2019-01-24,3093697,3093697,0,0,3093697,0,0,0.0,0.0,0.0,0.0,0.0,0.0,0.0,0.0,0.0,0.0,0.0,0.0,0.0,0.0
2019-01-25,3492734,3492734,0,0,3492734,0,0,0.0,0.0,0.0,0.0,0.0,0.0,0.0,0.0,0.0,0.0,0.0,0.0,0.0,0.0
2019-01-26,2695226,2695226,0,0,2695226,0,0,0.0,0.0,0.0,0.0,0.0,0.0,0.0,0.0,0.0,0.0,0.0,0.0,0.0,0.0
2019-01-27,1716401,1716401,0,0,1716401,0,0,0.0,0.0,0.0,0.0,0.0,0.0,0.0,0.0,0.0,0.0,0.0,0.0,0.0,0.0
2019-01-28,3238541,3238541,0,0,3238541,0,0,0.0,0.0,0.0,0.0,0.0,0.0,0.0,0.0,0.0,0.0,0.0,0.0,0.0,0.0
2019-01-29,1380234,1380234,0,0,1380234,0,0,0.0,0.0,0.0,0.0,0.0,0.0,0.0,0.0,0.0,0.0,0.0,0.0,0.0,0.0
2019-01-30,1667830,1667830,0,0,1667830,0,0,0.0,0.0,0.0,0.0,0.0,0.0,0.0,0.0,0.0,0.0,0.0,0.0,0.0,0.0
2019-01-31,583577,583577,0,0,583577,0,0,0.0,0.0,0.0,0.0,0.0,0.0,0.0,0.0,0.0,0.0,0.0,0.0,0.0,0.0
2019-02-01,605649,605649,0,0,605649,0,0,0.0,0.0,0.0,0.0,0.0,0.0,0.0,0.0,0.0,0.0,0.0,0.0,0.0,0.0
2019-02-02,1930483,1930483,0,0,1930483,0,0,0.0,0.0,0.0,0.0,0.0,0.0,0.0,0.0,0.0,0.0,0.0,0.0,0.0,0.0
2019-02-03,2696980,2696980,0,0,2696980,0,0,0.0,0.0,0.0,0.0,0.0,0.0,0.0,0.0,0.0,0.0,0.0,0.0,0.0,0.0
2019-02-04,605761,605761,0,0,605761,0,0,0.0,0.0,0.0,0.0,0.0,0.0,0.0,0.0,0.0,0.0,0.0,0.0,0.0,0.0
2019-02-05,1573849,1573849,0,0,1573849,0,0,0.0,0.0,0.0,0.0,0.0,0.0,0.0,0.0,0.0,0.0,0.0,0.0,0.0,0.0
2019-02-06,599695,599695,0,0,599695,0,0,0.0,0.0,0.0,0.0,0.0,0.0,0.0,0.0,0.0,0.0,0.0,0.0,0.0,0.0
2019-02-07,2676274,2676274,0,0,2676274,0,0,0.0,0.0,0.0,0.0,0.0,0.0,0.0,0.0,0.0,0.0,0.0,0.0,0.0,0.0
2019-02-08,3993029,3993029,0,0,3993029,0,0,0.0,0.0,0.0,0.0,0.0,0.0,0.0,0.0,0.0,0.0,0.0,0.0,0.0,0.0
2019-02-09,2604842,2604842,0,0,2604842,0,0,0.0,0.0,0.0,0.0,0.0,0.0,0.0,0.0,0.0,0.0,0.0,0.0,0.0,0.0
2019-02-10,2070994,2070994,0,0,2070994,0,0,0.0,0.0,0.0,0.0,0.0,0.0,0.0,0.0,0.0,0.0,0.0,0.0,0.0,0.0
2019-02-11,921958,921958,0,0,921958,0,0,0.0,0.0,0.0,0.0,0.0,0.0,0.0,0.0,0.0,0.0,0.0,0.0,0.0,0.0
2019-02-12,2181488,2181488,0,0,2181488,0,0,0.0,0.0,0.0,0.0,0.0,0.0,0.0,0.0,0.0,0.0,0.0,0.0,0.0,0.0
2019-02-13,2607642,2607642,0,0,2607642,0,0,0.0,0.0,0.0,0.0,0.0,0.0,0.0,0.0,0.0,0.0,0.0,0.0,0.0,0.0
2019-02-14,3147637,3147637,0,0,3147637,0,0,0.0,0.0,0.0,0.0,0.0,0.0,0.0,0.0,0.0,0.0,0.0,0.0,0.0,0.0
2019-02-15,5940037,5940037,0,0,5940037,0,0,0.0,0.0,0.0,0.0,0.0,0.0,0.0,0.0,0.0,0.0,0.0,0.0,0.0,0.0
2019-02-16,5723119,5723119,0,0,5723119,0,0,0.0,0.0,0.0,0.0,0.0,0.0,0.0,0.0,0.0,0.0,0.0,0.0,0.0,0.0
2019-02-17,918896,918896,0,0,918896,0,0,0.0,0.0,0.0,0.0,0.0,0.0,0.0,0.0,0.0,0.0,0.0,0.0,0.0,0.0
2019-02-18,4496247,4496247,0,0,4496247,0,0,0.0,0.0,0.0,0.0,0.0,0.0,0.0,0.0,0.0,0.0,0.0,0.0,0.0,0.0
2019-02-19,1822551,1822551,0,0,1822551,0,0,0.0,0.0,0.0,0.0,0.0,0.0,0.0,0.0,0.0,0.0,0.0,0.0,0.0,0.0
2019-02-20,2149211,2149211,0,0,2149211,0,0,0.0,0.0,0.0,0.0,0.0,0.0,0.0,0.0,0.0,0.0,0.0,0.0,0.0,0.0
2019-02-21,392438,392438,0,0,392438,0,0,0.0,0.0,0.0,0.0,0.0,0.0,0.0,0.0,0.0,0.0,0.0,0.0,0.0,0.0
2019-02-22,520830,520830,0,0,520830,0,0,0.0,0.0,0.0,0.0,0.0,0.0,0.0,0.0,0.0,0.0,0.0,0.0,0.0,0.0
2019-02-23,2408317,2408317,0,0,2408317,0,0,0.0,0.0,0.0,0.0,0.0,0.0,0.0,0.0,0.0,0.0,0.0,0.0,0.0,0.0
2019-02-24,1829051,1829051,0,0,1829051,0,0,0.0,0.0,0.0,0.0,0.0,0.0,0.0,0.0,0.0,0.0,0.0,0.0,0.0,0.0
2019-02-25,4421668,4421668,0,0,4421668,0,0,0.0,0.0,0.0,0.0,0.0,0.0,0.0,0.0,0.0,0.0,0.0,0.0,0.0,0.0
2019-02-26,1426096,1426096,0,0,1426096,0,0,0.0,0.0,0.0,0.0,0.0,0.0,0.0,0.0,0.0,0.0,0.0,0.0,0.0,0.0
2019-02-27,1482963,1482963,0,0,1482963,0,0,0.0,0.0,0.0,0.0,0.0,0.0,0.0,0.0,0.0,0.0,0.0,0.0,0.0,0.0
2019-02-28,2697651,2697651,0,0,2697651,0,0,0.0,0.0,0.0,0.0,0.0,0.0,0.0,0.0,0.0,0.0,0.0,0.0,0.0,0.0
2019-03-01,4568138,4568138,0,0,4568138,0,0,0.0,0.0,0.0,0.0,0.0,0.0,0.0,0.0,0.0,0.0,0.0,0.0,0.0,0.0
2019-03-02,854981,854981,0,0,854981,0,0,0.0,0.0,0.0,0.0,0.0,0.0,0.0,0.0,0.0,0.0,0.0,0.0,0.0,0.0
2019-03-03,297810,297810,0,0,297810,0,0,0.0,0.0,0.0,0.0,0.0,0.0,0.0,0.0,0.0,0.0,0.0,0.0,0.0,0.0
2019-03-04,3900646,3900646,0,0,3900646,0,0,0.0,0.0,0.0,0.0,0.0,0.0,0.0,0.0,0.0,0.0,0.0,0.0,0.0,0.0
2019-03-05,550552,550552,0,0,550552,0,0,0.0,0.0,0.0,0.0,0.0,0.0,0.0,0.0,0.0,0.0,0.0,0.0,0.0,0.0
2019-03-06,1790805,1790805,0,0,1790805,0,0,0.0,0.0,0.0,0.0,0.0,0.0,0.0,0.0,0.0,0.0,0.0,0.0,0.0,0.0
2019-03-07,2798072,2798072,0,0,2798072,0,0,0.0,0.0,0.0,0.0,0.0,0.0,0.0,0.0,0.0,0.0,0.0,0.0,0.0,0.0
2019-03-08,3135705,3135705,0,0,3135705,0,0,0.0,0.0,0.0,0.0,0.0,0.0,0.0,0.0,0.0,0.0,0.0,0.0,0.0,0.0
2019-03-09,1423420,1423420,0,0,1423420,0,0,0.0,0.0,0.0,0.0,0.0,0.0,0.0,0.0,0.0,0.0,0.0,0.0,0.0,0.0
2019-03-10,383636,383636,0,0,383636,0,0,0.0,0.0,0.0,0.0,0.0,0.0,0.0,0.0,0.0,0.0,0.0,0.0,0.0,0.0
2019-03-11,337477,337477,0,0,337477,0,0,0.0,0.0,0.0,0.0,0.0,0.0,0.0,0.0,0.0,0.0,0.0,0.0,0.0,0.0
2019-03-12,2477736,2477736,0,0,2477736,0,0,0.0,0.0,0.0,0.0,0.0,0.0,0.0,0.0,0.0,0.0,0.0,0.0,0.0,0.0
2019-03-13,2949393,2949393,0,0,2949393,0,0,0.0,0.0,0.0,0.0,0.0,0.0,0.0,0.0,0.0,0.0,0.0,0.0,0.0,0.0
2019-03-14,4419452,4419452,0,0,4419452,0,0,0.0,0.0,0.0,0.0,0.0,0.0,0.0,0.0,0.0,0.0,0.0,0.0,0.0,0.0
2019-03-15,3599072,3599072,0,0,3599072,0,0,0.0,0.0,0.0,0.0,0.0,0.0,0.0,0.0,0.0,0.0,0.0,0.0,0.0,0.0
2019-03-16,2337929,2337929,0,0,2337929,0,0,0.0,0.0,0.0,0.0,0.0,0.0,0.0,0.0,0.0,0.0,0.0,0.0,0.0,0.0
2019-03-17,2080366,2080366,0,0,2080366,0,0,0.0,0.0,0.0,0.0,0.0,0.0,0.0,0.0,0.0,0.0,0.0,0.0,0.0,0.0
2019-03-18,4117436,4117436,0,0,4117436,0,0,0.0,0.0,0.0,0.0,0.0,0.0,0.0,0.0,0.0,0.0,0.0,0.0,0.0,0.0
2019-03-19,657975,657975,0,0,657975,0,0,0.0,0.0,0.0,0.0,0.0,0.0,0.0,0.0,0.0,0.0,0.0,0.0,0.0,0.0
2019-03-20,557986,557986,0,0,557986,0,0,0.0,0.0,0.0,0.0,0.0,0.0,0.0,0.0,0.0,0.0,0.0,0.0,0.0,0.0
2019-03-21,354699,354699,0,0,354699,0,0,0.0,0.0,0.0,0.0,0.0,0.0,0.0,0.0,0.0,0.0,0.0,0.0,0.0,0.0
2019-03-22,974035,974035,0,0,974035,0,0,0.0,0.0,0.0,0.0,0.0,0.0,0.0,0.0,0.0,0.0,0.0,0.0,0.0,0.0
2019-03-23,2788391,2788391,0,0,2788391,0,0,0.0,0.0,0.0,0.0,0.0,0.0,0.0,0.0,0.0,0.0,0.0,0.0,0.0,0.0
2019-03-24,3717477,3717477,0,0,3717477,0,0,0.0,0.0,0.0,0.0,0.0,0.0,0.0,0.0,0.0,0.0,0.0,0.0,0.0,0.0
2019-03-25,231147,231147,0,0,231147,0,0,0.0,0.0,0.0,0.0,0.0,0.0,0.0,0.0,0.0,0.0,0.0,0.0,0.0,0.0
2019-03-26,583827,583827,0,0,583827,0,0,0.0,0.0,0.0,0.0,0.0,0.0,0.0,0.0,0.0,0.0,0.0,0.0,0.0,0.0
2019-03-27,2179994,2179994,0,0,2179994,0,0,0.0,0.0,0.0,0.0,0.0,0.0,0.0,0.0,0.0,0.0,0.0,0.0,0.0,0.0
2019-03-28,2382404,2382404,0,0,2382404,0,0,0.0,0.0,0.0,0.0,0.0,0.0,0.0,0.0,0.0,0.0,0.0,0.0,0.0,0.0
2019-03-29,3652363,3652363,0,0,3652363,0,0,0.0,0.0,0.0,0.0,0.0,0.0,0.0,0.0,0.0,0.0,0.0,0.0,0.0,0.0
2019-03-30,277200,277200,0,0,277200,0,0,0.0,0.0,0.0,0.0,0.0,0.0,0.0,0.0,0.0,0.0,0.0,0.0,0.0,0.0
2019-03-31,534926,534926,0,0,534926,0,0,0.0,0.0,0.0,0.0,0.0,0.0,0.0,0.0,0.0,0.0,0.0,0.0,0.0,0.0
2019-04-01,3147174,3147174,0,0,3147174,0,0,0.0,0.0,0.0,0.0,0.0,0.0,0.0,0.0,0.0,0.0,0.0,0.0,0.0,0.0
2019-04-02,312442,312442,0,0,312442,0,0,0.0,0.0,0.0,0.0,0.0,0.0,0.0,0.0,0.0,0.0,0.0,0.0,0.0,0.0
2019-04-03,1687347,1687347,0,0,1687347,0,0,0.0,0.0,0.0,0.0,0.0,0.0,0.0,0.0,0.0,0.0,0.0,0.0,0.0,0.0
2019-04-04,352477,352477,0,0,352477,0,0,0.0,0.0,0.0,0.0,0.0,0.0,0.0,0.0,0.0,0.0,0.0,0.0,0.0,0.0
2019-04-05,385920,385920,0,0,385920,0,0,0.0,0.0,0.0,0.0,0.0,0.0,0.0,0.0,0.0,0.0,0.0,0.0,0.0,0.0
2019-04-06,1976216,1976216,0,0,1976216,0,0,0.0,0.0,0.0,0.0,0.0,0.0,0.0,0.0,0.0,0.0,0.0,0.0,0.0,0.0
2019-04-07,209132,209132,0,0,209132,0,0,0.0,0.0,0.0,0.0,0.0,0.0,0.0,0.0,0.0,0.0,0.0,0.0,0.0,0.0
2019-04-08,597054,597054,0,0,597054,0,0,0.0,0.0,0.0,0.0,0.0,0.0,0.0,0.0,0.0,0.0,0.0,0.0,0.0,0.0
2019-04-09,575415,575415,0,0,575415,0,0,0.0,0.0,0.0,0.0,0.0,0.0,0.0,0.0,0.0,0.0,0.0,0.0,0.0,0.0
2019-04-10,477052,477052,0,0,477052,0,0,0.0,0.0,0.0,0.0,0.0,0.0,0.0,0.0,0.0,0.0,0.0,0.0,0.0,0.0
2019-04-11,1471217,1471217,0,0,1471217,0,0,0.0,0.0,0.0,0.0,0.0,0.0,0.0,0.0,0.0,0.0,0.0,0.0,0.0,0.0
2019-04-12,2959807,2959807,0,0,2959807,0,0,0.0,0.0,0.0,0.0,0.0,0.0,0.0,0.0,0.0,0.0,0.0,0.0,0.0,0.0
2019-04-13,2544579,2544579,0,0,2544579,0,0,0.0,0.0,0.0,0.0,0.0,0.0,0.0,0.0,0.0,0.0,0.0,0.0,0.0,0.0
2019-04-14,2542241,2542241,0,0,2542241,0,0,0.0,0.0,0.0,0.0,0.0,0.0,0.0,0.0,0.0,0.0,0.0,0.0,0.0,0.0
2019-04-15,4743573,4743573,0,0,4743573,0,0,0.0,0.0,0.0,0.0,0.0,0.0,0.0,0.0,0.0,0.0,0.0,0.0,0.0,0.0
2019-04-16,3487642,3487642,0,0,3487642,0,0,0.0,0.0,0.0,0.0,0.0,0.0,0.0,0.0,0.0,0.0,0.0,0.0,0.0,0.0
2019-04-17,3335570,3335570,0,0,3335570,0,0,0.0,0.0,0.0,0.0,0.0,0.0,0.0,0.0,0.0,0.0,0.0,0.0,0.0,0.0
2019-04-18,454638,454638,0,0,454638,0,0,0.0,0.0,0.0,0.0,0.0,0.0,0.0,0.0,0.0,0.0,0.0,0.0,0.0,0.0
2019-04-19,2831495,2831495,0,0,2831495,0,0,0.0,0.0,0.0,0.0,0.0,0.0,0.0,0.0,0.0,0.0,0.0,0.0,0.0,0.0
2019-04-20,3528283,3528283,0,0,3528283,0,0,0.0,0.0,0.0,0.0,0.0,0.0,0.0,0.0,0.0,0.0,0.0,0.0,0.0,0.0
2019-04-21,211820,211820,0,0,211820,0,0,0.0,0.0,0.0,0.0,0.0,0.0,0.0,0.0,0.0,0.0,0.0,0.0,0.0,0.0
2019-04-22,3528668,3528668,0,0,3528668,0,0,0.0,0.0,0.0,0.0,0.0,0.0,0.0,0.0,0.0,0.0,0.0,0.0,0.0,0.0
2019-04-23,1698697,1698697,0,0,1698697,0,0,0.0,0.0,0.0,0.0,0.0,0.0,0.0,0.0,0.0,0.0,0.0,0.0,0.0,0.0
2019-04-24,2208941,2208941,0,0,2208941,0,0,0.0,0.0,0.0,0.0,0.0,0.0,0.0,0.0,0.0,0.0,0.0,0.0,0.0,0.0
2019-04-25,3309581,3309581,0,0,3309581,0,0,0.0,0.0,0.0,0.0,0.0,0.0,0.0,0.0,0.0,0.0,0.0,0.0,0.0,0.0
2019-04-26,4402569,4402569,0,0,4402569,0,0,0.0,0.0,0.0,0.0,0.0,0.0,0.0,0.0,0.0,0.0,0.0,0.0,0.0,0.0
2019-04-27,3892921,3892921,0,0,3892921,0,0,0.0,0.0,0.0,0.0,0.0,0.0,0.0,0.0,0.0,0.0,0.0,0.0,0.0,0.0
2019-04-28,860275,860275,0,0,860275,0,0,0.0,0.0,0.0,0.0,0.0,0.0,0.0,0.0,0.0,0.0,0.0,0.0,0.0,0.0
2019-04-29,1276972,1276972,0,0,1276972,0,0,0.0,0.0,0.0,0.0,0.0,0.0,0.0,0.0,0.0,0.0,0.0,0.0,0.0,0.0
2019-04-30,3075318,3075318,0,0,3075318,0,0,0.0,0.0,0.0,0.0,0.0,0.0,0.0,0.0,0.0,0.0,0.0,0.0,0.0,0.0
2019-05-01,370625,370625,0,0,370625,0,0,0.0,0.0,0.0,0.0,0.0,0.0,0.0,0.0,0.0,0.0,0.0,0.0,0.0,0.0
2019-05-02,859135,859135,0,0,859135,0,0,0.0,0.0,0.0,0.0,0.0,0.0,0.0,0.0,0.0,0.0,0.0,0.0,0.0,0.0
2019-05-03,165109,165109,0,0,165109,0,0,0.0,0.0,0.0,0.0,0.0,0.0,0.0,0.0,0.0,0.0,0.0,0.0,0.0,0.0
2019-05-04,3890082,3890082,0,0,3890082,0,0,0.0,0.0,0.0,0.0,0.0,0.0,0.0,0.0,0.0,0.0,0.0,0.0,0.0,0.0
2019-05-05,2334145,2334145,0,0,2334145,0,0,0.0,0.0,0.0,0.0,0.0,0.0,0.0,0.0,0.0,0.0,0.0,0.0,0.0,0.0
2019-05-06,114396,114396,0,0,114396,0,0,0.0,0.0,0.0,0.0,0.0,0.0,0.0,0.0,0.0,0.0,0.0,0.0,0.0,0.0
2019-05-07,351120,351120,0,0,351120,0,0,0.0,0.0,0.0,0.0,0.0,0.0,0.0,0.0,0.0,0.0,0.0,0.0,0.0,0.0
2019-05-08,2459372,2459372,0,0,2459372,0,0,0.0,0.0,0.0,0.0,0.0,0.0,0.0,0.0,0.0,0.0,0.0,0.0,0.0,0.0
2019-05-09,4018275,4018275,0,0,4018275,0,0,0.0,0.0,0.0,0.0,0.0,0.0,0.0,0.0,0.0,0.0,0.0,0.0,0.0,0.0
2019-05-10,4862026,4862026,0,0,4862026,0,0,0.0,0.0,0.0,0.0,0.0,0.0,0.0,0.0,0.0,0.0,0.0,0.0,0.0,0.0
2019-05-11,3604924,3604924,0,0,3604924,0,0,0.0,0.0,0.0,0.0,0.0,0.0,0.0,0.0,0.0,0.0,0.0,0.0,0.0,0.0
2019-05-12,2200035,2200035,0,0,2200035,0,0,0.0,0.0,0.0,0.0,0.0,0.0,0.0,0.0,0.0,0.0,0.0,0.0,0.0,0.0
2019-05-13,501505,501505,0,0,501505,0,0,0.0,0.0,0.0,0.0,0.0,0.0,0.0,0.0,0.0,0.0,0.0,0.0,0.0,0.0
2019-05-14,482334,482334,0,0,482334,0,0,0.0,0.0,0.0,0.0,0.0,0.0,0.0,0.0,0.0,0.0,0.0,0.0,0.0,0.0
2019-05-15,530734,530734,0,0,530734,0,0,0.0,0.0,0.0,0.0,0.0,0.0,0.0,0.0,0.0,0.0,0.0,0.0,0.0,0.0
2019-05-16,218990,218990,0,0,218990,0,0,0.0,0.0,0.0,0.0,0.0,0.0,0.0,0.0,0.0,0.0,0.0,0.0,0.0,0.0
2019-05-17,321515,321515,0,0,321515,0,0,0.0,0.0,0.0,0.0,0.0,0.0,0.0,0.0,0.0,0.0,0.0,0.0,0.0,0.0
2019-05-18,6073428,6073428,0,0,6073428,0,0,0.0,0.0,0.0,0.0,0.0,0.0,0.0,0.0,0.0,0.0,0.0,0.0,0.0,0.0
2019-05-19,564566,564566,0,0,564566,0,0,0.0,0.0,0.0,0.0,0.0,0.0,0.0,0.0,0.0,0.0,0.0,0.0,0.0,0.0
2019-05-20,5701281,5701281,0,0,5701281,0,0,0.0,0.0,0.0,0.0,0.0,0.0,0.0,0.0,0.0,0.0,0.0,0.0,0.0,0.0
2019-05-21,702359,702359,0,0,702359,0,0,0.0,0.0,0.0,0.0,0.0,0.0,0.0,0.0,0.0,0.0,0.0,0.0,0.0,0.0
2019-05-22,2722982,2722982,0,0,2722982,0,0,0.0,0.0,0.0,0.0,0.0,0.0,0.0,0.0,0.0,0.0,0.0,0.0,0.0,0.0
2019-05-23,653013,653013,0,0,653013,0,0,0.0,0.0,0.0,0.0,0.0,0.0,0.0,0.0,0.0,0.0,0.0,0.0,0.0,0.0
2019-05-24,575889,575889,0,0,575889,0,0,0.0,0.0,0.0,0.0,0.0,0.0,0.0,0.0,0.0,0.0,0.0,0.0,0.0,0.0
2019-05-25,551615,551615,0,0,551615,0,0,0.0,0.0,0.0,0.0,0.0,0.0,0.0,0.0,0.0,0.0,0.0,0.0,0.0,0.0
2019-05-26,224033,224033,0,0,224033,0,0,0.0,0.0,0.0,0.0,0.0,0.0,0.0,0.0,0.0,0.0,0.0,0.0,0.0,0.0
2019-05-27,1101830,1101830,0,0,1101830,0,0,0.0,0.0,0.0,0.0,0.0,0.0,0.0,0.0,0.0,0.0,0.0,0.0,0.0,0.0
2019-05-28,261835,261835,0,0,261835,0,0,0.0,0.0,0.0,0.0,0.0,0.0,0.0,0.0,0.0,0.0,0.0,0.0,0.0,0.0
2019-05-29,532855,532855,0,0,532855,0,0,0.0,0.0,0.0,0.0,0.0,0.0,0.0,0.0,0.0,0.0,0.0,0.0,0.0,0.0
2019-05-30,701037,701037,0,0,701037,0,0,0.0,0.0,0.0,0.0,0.0,0.0,0.0,0.0,0.0,0.0,0.0,0.0,0.0,0.0
2019-05-31,1040016,1040016,0,0,1040016,0,0,0.0,0.0,0.0,0.0,0.0,0.0,0.0,0.0,0.0,0.0,0.0,0.0,0.0,0.0
2019-06-01,828788,828788,0,0,828788,0,0,0.0,0.0,0.0,0.0,0.0,0.0,0.0,0.0,0.0,0.0,0.0,0.0,0.0,0.0
2019-06-02,2461105,2461105,0,0,2461105,0,0,0.0,0.0,0.0,0.0,0.0,0.0,0.0,0.0,0.0,0.0,0.0,0.0,0.0,0.0
2019-06-03,5245553,5245553,0,0,5245553,0,0,0.0,0.0,0.0,0.0,0.0,0.0,0.0,0.0,0.0,0.0,0.0,0.0,0.0,0.0
2019-06-04,962583,962583,0,0,962583,0,0,0.0,0.0,0.0,0.0,0.0,0.0,0.0,0.0,0.0,0.0,0.0,0.0,0.0,0.0
2019-06-05,1139523,1139523,0,0,1139523,0,0,0.0,0.0,0.0,0.0,0.0,0.0,0.0,0.0,0.0,0.0,0.0,0.0,0.0,0.0
2019-06-06,2326740,2326740,0,0,2326740,0,0,0.0,0.0,0.0,0.0,0.0,0.0,0.0,0.0,0.0,0.0,0.0,0.0,0.0,0.0
2019-06-07,4449784,4449784,0,0,4449784,0,0,0.0,0.0,0.0,0.0,0.0,0.0,0.0,0.0,0.0,0.0,0.0,0.0,0.0,0.0
2019-06-08,3870408,3870408,0,0,3870408,0,0,0.0,0.0,0.0,0.0,0.0,0.0,0.0,0.0,0.0,0.0,0.0,0.0,0.0,0.0
2019-06-09,3236024,3236024,0,0,3236024,0,0,0.0,0.0,0.0,0.0,0.0,0.0,0.0,0.0,0.0,0.0,0.0,0.0,0.0,0.0
2019-06-10,6917687,6917687,0,0,6917687,0,0,0.0,0.0,0.0,0.0,0.0,0.0,0.0,0.0,0.0,0.0,0.0,0.0,0.0,0.0
2019-06-11,3325135,3325135,0,0,3325135,0,0,0.0,0.0,0.0,0.0,0.0,0.0,0.0,0.0,0.0,0.0,0.0,0.0,0.0,0.0
2019-06-12,5036438,5036438,0,0,5036438,0,0,0.0,0.0,0.0,0.0,0.0,0.0,0.0,0.0,0.0,0.0,0.0,0.0,0.0,0.0
2019-06-13,5254711,5254711,0,0,5254711,0,0,0.0,0.0,0.0,0.0,0.0,0.0,0.0,0.0,0.0,0.0,0.0,0.0,0.0,0.0
2019-06-14,6510535,6510535,0,0,6510535,0,0,0.0,0.0,0.0,0.0,0.0,0.0,0.0,0.0,0.0,0.0,0.0,0.0,0.0,0.0
2019-06-15,4224399,4224399,0,0,4224399,0,0,0.0,0.0,0.0,0.0,0.0,0.0,0.0,0.0,0.0,0.0,0.0,0.0,0.0,0.0
2019-06-16,2625179,2625179,0,0,2625179,0,0,0.0,0.0,0.0,0.0,0.0,0.0,0.0,0.0,0.0,0.0,0.0,0.0,0.0,0.0
2019-06-17,7263973,7263973,0,0,7263973,0,0,0.0,0.0,0.0,0.0,0.0,0.0,0.0,0.0,0.0,0.0,0.0,0.0,0.0,0.0
2019-06-18,3287302,3287302,0,0,3287302,0,0,0.0,0.0,0.0,0.0,0.0,0.0,0.0,0.0,0.0,0.0,0.0,0.0,0.0,0.0
2019-06-19,3264254,3264254,0,0,3264254,0,0,0.0,0.0,0.0,0.0,0.0,0.0,0.0,0.0,0.0,0.0,0.0,0.0,0.0,0.0
2019-06-20,4093432,4093432,0,0,4093432,0,0,0.0,0.0,0.0,0.0,0.0,0.0,0.0,0.0,0.0,0.0,0.0,0.0,0.0,0.0
2019-06-21,5354709,5354709,0,0,5354709,0,0,0.0,0.0,0.0,0.0,0.0,0.0,0.0,0.0,0.0,0.0,0.0,0.0,0.0,0.0
2019-06-22,3415980,3415980,0,0,3415980,0,0,0.0,0.0,0.0,0.0,0.0,0.0,0.0,0.0,0.0,0.0,0.0,0.0,0.0,0.0
2019-06-23,1859906,1859906,0,0,1859906,0,0,0.0,0.0,0.0,0.0,0.0,0.0,0.0,0.0,0.0,0.0,0.0,0.0,0.0,0.0
2019-06-24,6655623,6655623,0,0,6655623,0,0,0.0,0.0,0.0,0.0,0.0,0.0,0.0,0.0,0.0,0.0,0.0,0.0,0.0,0.0
2019-06-25,2507880,2507880,0,0,2507880,0,0,0.0,0.0,0.0,0.0,0.0,0.0,0.0,0.0,0.0,0.0,0.0,0.0,0.0,0.0
2019-06-26,2857413,2857413,0,0,2857413,0,0,0.0,0.0,0.0,0.0,0.0,0.0,0.0,0.0,0.0,0.0,0.0,0.0,0.0,0.0
2019-06-27,4385102,4385102,0,0,4385102,0,0,0.0,0.0,0.0,0.0,0.0,0.0,0.0,0.0,0.0,0.0,0.0,0.0,0.0,0.0
2019-06-28,4370272,4370272,0,0,4370272,0,0,0.0,0.0,0.0,0.0,0.0,0.0,0.0,0.0,0.0,0.0,0.0,0.0,0.0,0.0
2019-06-29,3609674,3609674,0,0,3609674,0,0,0.0,0.0,0.0,0.0,0.0,0.0,0.0,0.0,0.0,0.0,0.0,0.0,0.0,0.0
2019-06-30,2201428,2201428,0,0,2201428,0,0,0.0,0.0,0.0,0.0,0.0,0.0,0.0,0.0,0.0,0.0,0.0,0.0,0.0,0.0
2019-07-01,5374611,5374611,0,0,5374611,0,0,0.0,0.0,0.0,0.0,0.0,0.0,0.0,0.0,0.0,0.0,0.0,0.0,0.0,0.0
2019-07-02,1746940,1746940,0,0,1746940,0,0,0.0,0.0,0.0,0.0,0.0,0.0,0.0,0.0,0.0,0.0,0.0,0.0,0.0,0.0
2019-07-03,2910766,2910766,0,0,2910766,0,0,0.0,0.0,0.0,0.0,0.0,0.0,0.0,0.0,0.0,0.0,0.0,0.0,0.0,0.0
2019-07-04,2214304,2214304,0,0,2214304,0,0,0.0,0.0,0.0,0.0,0.0,0.0,0.0,0.0,0.0,0.0,0.0,0.0,0.0,0.0
2019-07-05,5417904,5417904,0,0,5417904,0,0,0.0,0.0,0.0,0.0,0.0,0.0,0.0,0.0,0.0,0.0,0.0,0.0,0.0,0.0
2019-07-06,1081080,1081080,0,0,1081080,0,0,0.0,0.0,0.0,0.0,0.0,0.0,0.0,0.0,0.0,0.0,0.0,0.0,0.0,0.0
2019-07-07,1156230,1156230,0,0,1156230,0,0,0.0,0.0,0.0,0.0,0.0,0.0,0.0,0.0,0.0,0.0,0.0,0.0,0.0,0.0
2019-07-08,5298521,5298521,0,0,5298521,0,0,0.0,0.0,0.0,0.0,0.0,0.0,0.0,0.0,0.0,0.0,0.0,0.0,0.0,0.0
2019-07-09,1919951,1919951,0,0,1919951,0,0,0.0,0.0,0.0,0.0,0.0,0.0,0.0,0.0,0.0,0.0,0.0,0.0,0.0,0.0
2019-07-10,2198217,2198217,0,0,2198217,0,0,0.0,0.0,0.0,0.0,0.0,0.0,0.0,0.0,0.0,0.0,0.0,0.0,0.0,0.0
2019-07-11,4141949,4141949,0,0,4141949,0,0,0.0,0.0,0.0,0.0,0.0,0.0,0.0,0.0,0.0,0.0,0.0,0.0,0.0,0.0
2019-07-12,4950812,4950812,0,0,4950812,0,0,0.0,0.0,0.0,0.0,0.0,0.0,0.0,0.0,0.0,0.0,0.0,0.0,0.0,0.0
2019-07-13,3584436,3584436,0,0,3584436,0,0,0.0,0.0,0.0,0.0,0.0,0.0,0.0,0.0,0.0,0.0,0.0,0.0,0.0,0.0
2019-07-14,544153,544153,0,0,544153,0,0,0.0,0.0,0.0,0.0,0.0,0.0,0.0,0.0,0.0,0.0,0.0,0.0,0.0,0.0
2019-07-15,6354975,6354975,0,0,6354975,0,0,0.0,0.0,0.0,0.0,0.0,0.0,0.0,0.0,0.0,0.0,0.0,0.0,0.0,0.0
2019-07-16,1217839,1217839,0,0,1217839,0,0,0.0,0.0,0.0,0.0,0.0,0.0,0.0,0.0,0.0,0.0,0.0,0.0,0.0,0.0
2019-07-17,2156320,2156320,0,0,2156320,0,0,0.0,0.0,0.0,0.0,0.0,0.0,0.0,0.0,0.0,0.0,0.0,0.0,0.0,0.0
2019-07-18,4398878,4398878,0,0,4398878,0,0,0.0,0.0,0.0,0.0,0.0,0.0,0.0,0.0,0.0,0.0,0.0,0.0,0.0,0.0
2019-07-19,4714263,4714263,0,0,4714263,0,0,0.0,0.0,0.0,0.0,0.0,0.0,0.0,0.0,0.0,0.0,0.0,0.0,0.0,0.0
2019-07-20,4000917,4000917,0,0,4000917,0,0,0.0,0.0,0.0,0.0,0.0,0.0,0.0,0.0,0.0,0.0,0.0,0.0,0.0,0.0
2019-07-21,2832386,2832386,0,0,2832386,0,0,0.0,0.0,0.0,0.0,0.0,0.0,0.0,0.0,0.0,0.0,0.0,0.0,0.0,0.0
2019-07-22,7003445,7003445,0,0,7003445,0,0,0.0,0.0,0.0,0.0,0.0,0.0,0.0,0.0,0.0,0.0,0.0,0.0,0.0,0.0
2019-07-23,2166154,2166154,0,0,2166154,0,0,0.0,0.0,0.0,0.0,0.0,0.0,0.0,0.0,0.0,0.0,0.0,0.0,0.0,0.0
2019-07-24,2699393,2699393,0,0,2699393,0,0,0.0,0.0,0.0,0.0,0.0,0.0,0.0,0.0,0.0,0.0,0.0,0.0,0.0,0.0
2019-07-25,4985387,4985387,0,0,4985387,0,0,0.0,0.0,0.0,0.0,0.0,0.0,0.0,0.0,0.0,0.0,0.0,0.0,0.0,0.0
2019-07-26,4784931,4784931,0,0,4784931,0,0,0.0,0.0,0.0,0.0,0.0,0.0,0.0,0.0,0.0,0.0,0.0,0.0,0.0,0.0
2019-07-27,4626105,4626105,0,0,4626105,0,0,0.0,0.0,0.0,0.0,0.0,0.0,0.0,0.0,0.0,0.0,0.0,0.0,0.0,0.0
2019-07-28,2605477,2605477,0,0,2605477,0,0,0.0,0.0,0.0,0.0,0.0,0.0,0.0,0.0,0.0,0.0,0.0,0.0,0.0,0.0
2019-07-29,6961520,6961520,0,0,6961520,0,0,0.0,0.0,0.0,0.0,0.0,0.0,0.0,0.0,0.0,0.0,0.0,0.0,0.0,0.0
2019-07-30,2107158,2107158,0,0,2107158,0,0,0.0,0.0,0.0,0.0,0.0,0.0,0.0,0.0,0.0,0.0,0.0,0.0,0.0,0.0
2019-07-31,2216411,2216411,0,0,2216411,0,0,0.0,0.0,0.0,0.0,0.0,0.0,0.0,0.0,0.0,0.0,0.0,0.0,0.0,0.0
2019-08-01,4263199,4263199,0,0,4263199,0,0,0.0,0.0,0.0,0.0,0.0,0.0,0.0,0.0,0.0,0.0,0.0,0.0,0.0,0.0
2019-08-02,5570532,5570532,0,0,5570532,0,0,0.0,0.0,0.0,0.0,0.0,0.0,0.0,0.0,0.0,0.0,0.0,0.0,0.0,0.0
2019-08-03,4147270,4147270,0,0,4147270,0,0,0.0,0.0,0.0,0.0,0.0,0.0,0.0,0.0,0.0,0.0,0.0,0.0,0.0,0.0
2019-08-04,3232753,3232753,0,0,3232753,0,0,0.0,0.0,0.0,0.0,0.0,0.0,0.0,0.0,0.0,0.0,0.0,0.0,0.0,0.0
2019-08-05,6535826,6535826,0,0,6535826,0,0,0.0,0.0,0.0,0.0,0.0,0.0,0.0,0.0,0.0,0.0,0.0,0.0,0.0,0.0
2019-08-06,2325553,2325553,0,0,2325553,0,0,0.0,0.0,0.0,0.0,0.0,0.0,0.0,0.0,0.0,0.0,0.0,0.0,0.0,0.0
2019-08-07,2337165,2337165,0,0,2337165,0,0,0.0,0.0,0.0,0.0,0.0,0.0,0.0,0.0,0.0,0.0,0.0,0.0,0.0,0.0
2019-08-08,4208929,4208929,0,0,4208929,0,0,0.0,0.0,0.0,0.0,0.0,0.0,0.0,0.0,0.0,0.0,0.0,0.0,0.0,0.0
2019-08-09,3733215,3733215,0,0,3733215,0,0,0.0,0.0,0.0,0.0,0.0,0.0,0.0,0.0,0.0,0.0,0.0,0.0,0.0,0.0
2019-08-10,3495514,3495514,0,0,3495514,0,0,0.0,0.0,0.0,0.0,0.0,0.0,0.0,0.0,0.0,0.0,0.0,0.0,0.0,0.0
2019-08-11,2966607,2966607,0,0,2966607,0,0,0.0,0.0,0.0,0.0,0.0,0.0,0.0,0.0,0.0,0.0,0.0,0.0,0.0,0.0
2019-08-12,5289751,5289751,0,0,5289751,0,0,0.0,0.0,0.0,0.0,0.0,0.0,0.0,0.0,0.0,0.0,0.0,0.0,0.0,0.0
2019-08-13,1739793,1739793,0,0,1739793,0,0,0.0,0.0,0.0,0.0,0.0,0.0,0.0,0.0,0.0,0.0,0.0,0.0,0.0,0.0
2019-08-14,2464559,2464559,0,0,2464559,0,0,0.0,0.0,0.0,0.0,0.0,0.0,0.0,0.0,0.0,0.0,0.0,0.0,0.0,0.0
2019-08-15,3631806,3631806,0,0,3631806,0,0,0.0,0.0,0.0,0.0,0.0,0.0,0.0,0.0,0.0,0.0,0.0,0.0,0.0,0.0
2019-08-16,4501099,4501099,0,0,4501099,0,0,0.0,0.0,0.0,0.0,0.0,0.0,0.0,0.0,0.0,0.0,0.0,0.0,0.0,0.0
2019-08-17,465439,465439,0,0,465439,0,0,0.0,0.0,0.0,0.0,0.0,0.0,0.0,0.0,0.0,0.0,0.0,0.0,0.0,0.0
2019-08-18,3406717,3406717,0,0,3406717,0,0,0.0,0.0,0.0,0.0,0.0,0.0,0.0,0.0,0.0,0.0,0.0,0.0,0.0,0.0
2019-08-19,4465348,4465348,0,0,4465348,0,0,0.0,0.0,0.0,0.0,0.0,0.0,0.0,0.0,0.0,0.0,0.0,0.0,0.0,0.0
2019-08-20,1426909,1426909,0,0,1426909,0,0,0.0,0.0,0.0,0.0,0.0,0.0,0.0,0.0,0.0,0.0,0.0,0.0,0.0,0.0
2019-08-21,2093180,2093180,0,0,2093180,0,0,0.0,0.0,0.0,0.0,0.0,0.0,0.0,0.0,0.0,0.0,0.0,0.0,0.0,0.0
2019-08-22,3390184,3390184,0,0,3390184,0,0,0.0,0.0,0.0,0.0,0.0,0.0,0.0,0.0,0.0,0.0,0.0,0.0,0.0,0.0
2019-08-23,4507677,4507677,0,0,4507677,0,0,0.0,0.0,0.0,0.0,0.0,0.0,0.0,0.0,0.0,0.0,0.0,0.0,0.0,0.0
2019-08-24,3752982,3752982,0,0,3752982,0,0,0.0,0.0,0.0,0.0,0.0,0.0,0.0,0.0,0.0,0.0,0.0,0.0,0.0,0.0
2019-08-25,2170916,2170916,0,0,2170916,0,0,0.0,0.0,0.0,0.0,0.0,0.0,0.0,0.0,0.0,0.0,0.0,0.0,0.0,0.0
2019-08-26,5611985,5611985,0,0,5611985,0,0,0.0,0.0,0.0,0.0,0.0,0.0,0.0,0.0,0.0,0.0,0.0,0.0,0.0,0.0
2019-08-27,1293423,1293423,0,0,1293423,0,0,0.0,0.0,0.0,0.0,0.0,0.0,0.0,0.0,0.0,0.0,0.0,0.0,0.0,0.0
2019-08-28,1717644,1717644,0,0,1717644,0,0,0.0,0.0,0.0,0.0,0.0,0.0,0.0,0.0,0.0,0.0,0.0,0.0,0.0,0.0
2019-08-29,4990903,4990903,0,0,4990903,0,0,0.0,0.0,0.0,0.0,0.0,0.0,0.0,0.0,0.0,0.0,0.0,0.0,0.0,0.0
2019-08-30,4376511,4376511,0,0,4376511,0,0,0.0,0.0,0.0,0.0,0.0,0.0,0.0,0.0,0.0,0.0,0.0,0.0,0.0,0.0
2019-08-31,4343572,4343572,0,0,4343572,0,0,0.0,0.0,0.0,0.0,0.0,0.0,0.0,0.0,0.0,0.0,0.0,0.0,0.0,0.0
2019-09-01,4171425,4171425,0,0,4171425,0,0,0.0,0.0,0.0,0.0,0.0,0.0,0.0,0.0,0.0,0.0,0.0,0.0,0.0,0.0
2019-09-02,5793613,5793613,0,0,5793613,0,0,0.0,0.0,0.0,0.0,0.0,0.0,0.0,0.0,0.0,0.0,0.0,0.0,0.0,0.0
2019-09-03,3150715,3150715,0,0,3150715,0,0,0.0,0.0,0.0,0.0,0.0,0.0,0.0,0.0,0.0,0.0,0.0,0.0,0.0,0.0
2019-09-04,2790783,2790783,0,0,2790783,0,0,0.0,0.0,0.0,0.0,0.0,0.0,0.0,0.0,0.0,0.0,0.0,0.0,0.0,0.0
2019-09-05,4485332,4485332,0,0,4485332,0,0,0.0,0.0,0.0,0.0,0.0,0.0,0.0,0.0,0.0,0.0,0.0,0.0,0.0,0.0
2019-09-06,5075238,5075238,0,0,5075238,0,0,0.0,0.0,0.0,0.0,0.0,0.0,0.0,0.0,0.0,0.0,0.0,0.0,0.0,0.0
2019-09-07,3922708,3922708,0,0,3922708,0,0,0.0,0.0,0.0,0.0,0.0,0.0,0.0,0.0,0.0,0.0,0.0,0.0,0.0,0.0
2019-09-08,2718153,2718153,0,0,2718153,0,0,0.0,0.0,0.0,0.0,0.0,0.0,0.0,0.0,0.0,0.0,0.0,0.0,0.0,0.0
2019-09-09,5711708,5711708,0,0,5711708,0,0,0.0,0.0,0.0,0.0,0.0,0.0,0.0,0.0,0.0,0.0,0.0,0.0,0.0,0.0
2019-09-10,1897233,1897233,0,0,1897233,0,0,0.0,0.0,0.0,0.0,0.0,0.0,0.0,0.0,0.0,0.0,0.0,0.0,0.0,0.0
2019-09-11,1970511,1970511,0,0,1970511,0,0,0.0,0.0,0.0,0.0,0.0,0.0,0.0,0.0,0.0,0.0,0.0,0.0,0.0,0.0
2019-09-12,2516125,2516125,0,0,2516125,0,0,0.0,0.0,0.0,0.0,0.0,0.0,0.0,0.0,0.0,0.0,0.0,0.0,0.0,0.0
2019-09-13,4653576,4653576,0,0,4653576,0,0,0.0,0.0,0.0,0.0,0.0,0.0,0.0,0.0,0.0,0.0,0.0,0.0,0.0,0.0
2019-09-14,2514820,2514820,0,0,2514820,0,0,0.0,0.0,0.0,0.0,0.0,0.0,0.0,0.0,0.0,0.0,0.0,0.0,0.0,0.0
2019-09-15,2164468,2164468,0,0,2164468,0,0,0.0,0.0,0.0,0.0,0.0,0.0,0.0,0.0,0.0,0.0,0.0,0.0,0.0,0.0
2019-09-16,2949158,2949158,0,0,2949158,0,0,0.0,0.0,0.0,0.0,0.0,0.0,0.0,0.0,0.0,0.0,0.0,0.0,0.0,0.0
2019-09-17,1531681,1531681,0,0,1531681,0,0,0.0,0.0,0.0,0.0,0.0,0.0,0.0,0.0,0.0,0.0,0.0,0.0,0.0,0.0
2019-09-18,932947,932947,0,0,932947,0,0,0.0,0.0,0.0,0.0,0.0,0.0,0.0,0.0,0.0,0.0,0.0,0.0,0.0,0.0
2019-09-19,3334909,3334909,0,0,3334909,0,0,0.0,0.0,0.0,0.0,0.0,0.0,0.0,0.0,0.0,0.0,0.0,0.0,0.0,0.0
2019-09-20,5003343,5003343,0,0,5003343,0,0,0.0,0.0,0.0,0.0,0.0,0.0,0.0,0.0,0.0,0.0,0.0,0.0,0.0,0.0
2019-09-21,3852592,3852592,0,0,3852592,0,0,0.0,0.0,0.0,0.0,0.0,0.0,0.0,0.0,0.0,0.0,0.0,0.0,0.0,0.0
2019-09-22,2427047,2427047,0,0,2427047,0,0,0.0,0.0,0.0,0.0,0.0,0.0,0.0,0.0,0.0,0.0,0.0,0.0,0.0,0.0
2019-09-23,6104724,6104724,0,0,6104724,0,0,0.0,0.0,0.0,0.0,0.0,0.0,0.0,0.0,0.0,0.0,0.0,0.0,0.0,0.0
2019-09-24,1391455,1391455,0,0,1391455,0,0,0.0,0.0,0.0,0.0,0.0,0.0,0.0,0.0,0.0,0.0,0.0,0.0,0.0,0.0
2019-09-25,2170986,2170986,0,0,2170986,0,0,0.0,0.0,0.0,0.0,0.0,0.0,0.0,0.0,0.0,0.0,0.0,0.0,0.0,0.0
2019-09-26,3606954,3606954,0,0,3606954,0,0,0.0,0.0,0.0,0.0,0.0,0.0,0.0,0.0,0.0,0.0,0.0,0.0,0.0,0.0
2019-09-27,4473103,4473103,0,0,4473103,0,0,0.0,0.0,0.0,0.0,0.0,0.0,0.0,0.0,0.0,0.0,0.0,0.0,0.0,0.0
2019-09-28,3999050,3999050,0,0,3999050,0,0,0.0,0.0,0.0,0.0,0.0,0.0,0.0,0.0,0.0,0.0,0.0,0.0,0.0,0.0
2019-09-29,2476292,2476292,0,0,2476292,0,0,0.0,0.0,0.0,0.0,0.0,0.0,0.0,0.0,0.0,0.0,0.0,0.0,0.0,0.0
2019-09-30,6267866,6267866,0,0,6267866,0,0,0.0,0.0,0.0,0.0,0.0,0.0,0.0,0.0,0.0,0.0,0.0,0.0,0.0,0.0
2019-10-01,2072300,2072300,0,0,2072300,0,0,0.0,0.0,0.0,0.0,0.0,0.0,0.0,0.0,0.0,0.0,0.0,0.0,0.0,0.0
2019-10-02,2345293,2345293,0,0,2345293,0,0,0.0,0.0,0.0,0.0,0.0,0.0,0.0,0.0,0.0,0.0,0.0,0.0,0.0,0.0
2019-10-03,3928084,3928084,0,0,3928084,0,0,0.0,0.0,0.0,0.0,0.0,0.0,0.0,0.0,0.0,0.0,0.0,0.0,0.0,0.0
2019-10-04,3770183,3770183,0,0,3770183,0,0,0.0,0.0,0.0,0.0,0.0,0.0,0.0,0.0,0.0,0.0,0.0,0.0,0.0,0.0
2019-10-05,4026465,4026465,0,0,4026465,0,0,0.0,0.0,0.0,0.0,0.0,0.0,0.0,0.0,0.0,0.0,0.0,0.0,0.0,0.0
2019-10-06,2935018,2935018,0,0,2935018,0,0,0.0,0.0,0.0,0.0,0.0,0.0,0.0,0.0,0.0,0.0,0.0,0.0,0.0,0.0
2019-10-07,5171567,5171567,0,0,5171567,0,0,0.0,0.0,0.0,0.0,0.0,0.0,0.0,0.0,0.0,0.0,0.0,0.0,0.0,0.0
2019-10-08,2386239,2386239,0,0,2386239,0,0,0.0,0.0,0.0,0.0,0.0,0.0,0.0,0.0,0.0,0.0,0.0,0.0,0.0,0.0
2019-10-09,1556764,1556764,0,0,1556764,0,0,0.0,0.0,0.0,0.0,0.0,0.0,0.0,0.0,0.0,0.0,0.0,0.0,0.0,0.0
2019-10-10,2645583,2645583,0,0,2645583,0,0,0.0,0.0,0.0,0.0,0.0,0.0,0.0,0.0,0.0,0.0,0.0,0.0,0.0,0.0
2019-10-11,4211937,4211937,0,0,4211937,0,0,0.0,0.0,0.0,0.0,0.0,0.0,0.0,0.0,0.0,0.0,0.0,0.0,0.0,0.0
2019-10-12,1787488,1787488,0,0,1787488,0,0,0.0,0.0,0.0,0.0,0.0,0.0,0.0,0.0,0.0,0.0,0.0,0.0,0.0,0.0
2019-10-13,2415691,2415691,0,0,2415691,0,0,0.0,0.0,0.0,0.0,0.0,0.0,0.0,0.0,0.0,0.0,0.0,0.0,0.0,0.0
2019-10-14,4814003,4814003,0,0,4814003,0,0,0.0,0.0,0.0,0.0,0.0,0.0,0.0,0.0,0.0,0.0,0.0,0.0,0.0,0.0
2019-10-15,1238360,1238360,0,0,1238360,0,0,0.0,0.0,0.0,0.0,0.0,0.0,0.0,0.0,0.0,0.0,0.0,0.0,0.0,0.0
2019-10-16,2014876,2014876,0,0,2014876,0,0,0.0,0.0,0.0,0.0,0.0,0.0,0.0,0.0,0.0,0.0,0.0,0.0,0.0,0.0
2019-10-17,2831845,2831845,0,0,2831845,0,0,0.0,0.0,0.0,0.0,0.0,0.0,0.0,0.0,0.0,0.0,0.0,0.0,0.0,0.0
2019-10-18,3849907,3849907,0,0,3849907,0,0,0.0,0.0,0.0,0.0,0.0,0.0,0.0,0.0,0.0,0.0,0.0,0.0,0.0,0.0
2019-10-19,4702179,4702179,0,0,4702179,0,0,0.0,0.0,0.0,0.0,0.0,0.0,0.0,0.0,0.0,0.0,0.0,0.0,0.0,0.0
2019-10-20,416574,416574,0,0,416574,0,0,0.0,0.0,0.0,0.0,0.0,0.0,0.0,0.0,0.0,0.0,0.0,0.0,0.0,0.0
2019-10-21,3830204,3830204,0,0,3830204,0,0,0.0,0.0,0.0,0.0,0.0,0.0,0.0,0.0,0.0,0.0,0.0,0.0,0.0,0.0
2019-10-22,1830429,1830429,0,0,1830429,0,0,0.0,0.0,0.0,0.0,0.0,0.0,0.0,0.0,0.0,0.0,0.0,0.0,0.0,0.0
2019-10-23,1558051,1558051,0,0,1558051,0,0,0.0,0.0,0.0,0.0,0.0,0.0,0.0,0.0,0.0,0.0,0.0,0.0,0.0,0.0
2019-10-24,3048280,3048280,0,0,3048280,0,0,0.0,0.0,0.0,0.0,0.0,0.0,0.0,0.0,0.0,0.0,0.0,0.0,0.0,0.0
2019-10-25,4377397,4377397,0,0,4377397,0,0,0.0,0.0,0.0,0.0,0.0,0.0,0.0,0.0,0.0,0.0,0.0,0.0,0.0,0.0
2019-10-26,3882463,3882463,0,0,3882463,0,0,0.0,0.0,0.0,0.0,0.0,0.0,0.0,0.0,0.0,0.0,0.0,0.0,0.0,0.0
2019-10-27,2691278,2691278,0,0,2691278,0,0,0.0,0.0,0.0,0.0,0.0,0.0,0.0,0.0,0.0,0.0,0.0,0.0,0.0,0.0
2019-10-28,7651408,7651408,0,0,7651408,0,0,0.0,0.0,0.0,0.0,0.0,0.0,0.0,0.0,0.0,0.0,0.0,0.0,0.0,0.0
2019-10-29,1982244,1982244,0,0,1982244,0,0,0.0,0.0,0.0,0.0,0.0,0.0,0.0,0.0,0.0,0.0,0.0,0.0,0.0,0.0
2019-10-30,2807236,2807236,0,0,2807236,0,0,0.0,0.0,0.0,0.0,0.0,0.0,0.0,0.0,0.0,0.0,0.0,0.0,0.0,0.0
2019-10-31,3357235,3357235,0,0,3357235,0,0,0.0,0.0,0.0,0.0,0.0,0.0,0.0,0.0,0.0,0.0,0.0,0.0,0.0,0.0
2019-11-01,5157541,5157541,0,0,5157541,0,0,0.0,0.0,0.0,0.0,0.0,0.0,0.0,0.0,0.0,0.0,0.0,0.0,0.0,0.0
2019-11-02,3256162,3256162,0,0,3256162,0,0,0.0,0.0,0.0,0.0,0.0,0.0,0.0,0.0,0.0,0.0,0.0,0.0,0.0,0.0
2019-11-03,1908628,1908628,0,0,1908628,0,0,0.0,0.0,0.0,0.0,0.0,0.0,0.0,0.0,0.0,0.0,0.0,0.0,0.0,0.0
2019-11-04,3251890,3251890,0,0,3251890,0,0,0.0,0.0,0.0,0.0,0.0,0.0,0.0,0.0,0.0,0.0,0.0,0.0,0.0,0.0
2019-11-05,1391739,1391739,0,0,1391739,0,0,0.0,0.0,0.0,0.0,0.0,0.0,0.0,0.0,0.0,0.0,0.0,0.0,0.0,0.0
2019-11-06,1625046,1625046,0,0,1625046,0,0,0.0,0.0,0.0,0.0,0.0,0.0,0.0,0.0,0.0,0.0,0.0,0.0,0.0,0.0
2019-11-07,2641010,2641010,0,0,2641010,0,0,0.0,0.0,0.0,0.0,0.0,0.0,0.0,0.0,0.0,0.0,0.0,0.0,0.0,0.0
2019-11-08,4189937,4189937,0,0,4189937,0,0,0.0,0.0,0.0,0.0,0.0,0.0,0.0,0.0,0.0,0.0,0.0,0.0,0.0,0.0
2019-11-09,1414808,1414808,0,0,1414808,0,0,0.0,0.0,0.0,0.0,0.0,0.0,0.0,0.0,0.0,0.0,0.0,0.0,0.0,0.0
2019-11-10,1878741,1878741,0,0,1878741,0,0,0.0,0.0,0.0,0.0,0.0,0.0,0.0,0.0,0.0,0.0,0.0,0.0,0.0,0.0
2019-11-11,6185341,6185341,0,0,6185341,0,0,0.0,0.0,0.0,0.0,0.0,0.0,0.0,0.0,0.0,0.0,0.0,0.0,0.0,0.0
2019-11-12,1428512,1428512,0,0,1428512,0,0,0.0,0.0,0.0,0.0,0.0,0.0,0.0,0.0,0.0,0.0,0.0,0.0,0.0,0.0
2019-11-13,2229501,2229501,0,0,2229501,0,0,0.0,0.0,0.0,0.0,0.0,0.0,0.0,0.0,0.0,0.0,0.0,0.0,0.0,0.0
2019-11-14,2770506,2770506,0,0,2770506,0,0,0.0,0.0,0.0,0.0,0.0,0.0,0.0,0.0,0.0,0.0,0.0,0.0,0.0,0.0
2019-11-15,4220857,4220857,0,0,4220857,0,0,0.0,0.0,0.0,0.0,0.0,0.0,0.0,0.0,0.0,0.0,0.0,0.0,0.0,0.0
2019-11-16,2907467,2907467,0,0,2907467,0,0,0.0,0.0,0.0,0.0,0.0,0.0,0.0,0.0,0.0,0.0,0.0,0.0,0.0,0.0
2019-11-17,4477216,4477216,0,0,4477216,0,0,0.0,0.0,0.0,0.0,0.0,0.0,0.0,0.0,0.0,0.0,0.0,0.0,0.0,0.0
2019-11-18,4608085,4608085,0,0,4608085,0,0,0.0,0.0,0.0,0.0,0.0,0.0,0.0,0.0,0.0,0.0,0.0,0.0,0.0,0.0
2019-11-19,2609393,2609393,0,0,2609393,0,0,0.0,0.0,0.0,0.0,0.0,0.0,0.0,0.0,0.0,0.0,0.0,0.0,0.0,0.0
2019-11-20,2424661,2424661,0,0,2424661,0,0,0.0,0.0,0.0,0.0,0.0,0.0,0.0,0.0,0.0,0.0,0.0,0.0,0.0,0.0
2019-11-21,3750425,3750425,0,0,3750425,0,0,0.0,0.0,0.0,0.0,0.0,0.0,0.0,0.0,0.0,0.0,0.0,0.0,0.0,0.0
2019-11-22,4596660,4596660,0,0,4596660,0,0,0.0,0.0,0.0,0.0,0.0,0.0,0.0,0.0,0.0,0.0,0.0,0.0,0.0,0.0
2019-11-23,3263328,3263328,0,0,3263328,0,0,0.0,0.0,0.0,0.0,0.0,0.0,0.0,0.0,0.0,0.0,0.0,0.0,0.0,0.0
2019-11-24,2550337,2550337,0,0,2550337,0,0,0.0,0.0,0.0,0.0,0.0,0.0,0.0,0.0,0.0,0.0,0.0,0.0,0.0,0.0
2019-11-25,5545035,5545035,0,0,5545035,0,0,0.0,0.0,0.0,0.0,0.0,0.0,0.0,0.0,0.0,0.0,0.0,0.0,0.0,0.0
2019-11-26,1207153,1207153,0,0,1207153,0,0,0.0,0.0,0.0,0.0,0.0,0.0,0.0,0.0,0.0,0.0,0.0,0.0,0.0,0.0
2019-11-27,2902643,2902643,0,0,2902643,0,0,0.0,0.0,0.0,0.0,0.0,0.0,0.0,0.0,0.0,0.0,0.0,0.0,0.0,0.0
2019-11-28,1254724,1254724,0,0,1254724,0,0,0.0,0.0,0.0,0.0,0.0,0.0,0.0,0.0,0.0,0.0,0.0,0.0,0.0,0.0
2019-11-29,3218597,3218597,0,0,3218597,0,0,0.0,0.0,0.0,0.0,0.0,0.0,0.0,0.0,0.0,0.0,0.0,0.0,0.0,0.0
2019-11-30,2393448,2393448,0,0,2393448,0,0,0.0,0.0,0.0,0.0,0.0,0.0,0.0,0.0,0.0,0.0,0.0,0.0,0.0,0.0
2019-12-01,1967533,1967533,0,0,1967533,0,0,0.0,0.0,0.0,0.0,0.0,0.0,0.0,0.0,0.0,0.0,0.0,0.0,0.0,0.0
2019-12-02,3716272,3716272,0,0,3716272,0,0,0.0,0.0,0.0,0.0,0.0,0.0,0.0,0.0,0.0,0.0,0.0,0.0,0.0,0.0
2019-12-03,637648,637648,0,0,637648,0,0,0.0,0.0,0.0,0.0,0.0,0.0,0.0,0.0,0.0,0.0,0.0,0.0,0.0,0.0
2019-12-04,1099910,1099910,0,0,1099910,0,0,0.0,0.0,0.0,0.0,0.0,0.0,0.0,0.0,0.0,0.0,0.0,0.0,0.0,0.0
2019-12-05,2761605,2761605,0,0,2761605,0,0,0.0,0.0,0.0,0.0,0.0,0.0,0.0,0.0,0.0,0.0,0.0,0.0,0.0,0.0
2019-12-06,4488904,4488904,0,0,4488904,0,0,0.0,0.0,0.0,0.0,0.0,0.0,0.0,0.0,0.0,0.0,0.0,0.0,0.0,0.0
2019-12-07,3420037,3420037,0,0,3420037,0,0,0.0,0.0,0.0,0.0,0.0,0.0,0.0,0.0,0.0,0.0,0.0,0.0,0.0,0.0
2019-12-08,2537359,2537359,0,0,2537359,0,0,0.0,0.0,0.0,0.0,0.0,0.0,0.0,0.0,0.0,0.0,0.0,0.0,0.0,0.0
2019-12-09,5484770,5484770,0,0,5484770,0,0,0.0,0.0,0.0,0.0,0.0,0.0,0.0,0.0,0.0,0.0,0.0,0.0,0.0,0.0
2019-12-10,1880938,1880938,0,0,1880938,0,0,0.0,0.0,0.0,0.0,0.0,0.0,0.0,0.0,0.0,0.0,0.0,0.0,0.0,0.0
2019-12-11,2011816,2011816,0,0,2011816,0,0,0.0,0.0,0.0,0.0,0.0,0.0,0.0,0.0,0.0,0.0,0.0,0.0,0.0,0.0
2019-12-12,2943902,2943902,0,0,2943902,0,0,0.0,0.0,0.0,0.0,0.0,0.0,0.0,0.0,0.0,0.0,0.0,0.0,0.0,0.0
2019-12-13,4711814,4711814,0,0,4711814,0,0,0.0,0.0,0.0,0.0,0.0,0.0,0.0,0.0,0.0,0.0,0.0,0.0,0.0,0.0
2019-12-14,860915,860915,0,0,860915,0,0,0.0,0.0,0.0,0.0,0.0,0.0,0.0,0.0,0.0,0.0,0.0,0.0,0.0,0.0
2019-12-15,2513140,2513140,0,0,2513140,0,0,0.0,0.0,0.0,0.0,0.0,0.0,0.0,0.0,0.0,0.0,0.0,0.0,0.0,0.0
2019-12-16,1515267,1515267,0,0,1515267,0,0,0.0,0.0,0.0,0.0,0.0,0.0,0.0,0.0,0.0,0.0,0.0,0.0,0.0,0.0
2019-12-17,1284289,1284289,0,0,1284289,0,0,0.0,0.0,0.0,0.0,0.0,0.0,0.0,0.0,0.0,0.0,0.0,0.0,0.0,0.0
2019-12-18,2096980,2096980,0,0,2096980,0,0,0.0,0.0,0.0,0.0,0.0,0.0,0.0,0.0,0.0,0.0,0.0,0.0,0.0,0.0
2019-12-19,4499478,4499478,0,0,4499478,0,0,0.0,0.0,0.0,0.0,0.0,0.0,0.0,0.0,0.0,0.0,0.0,0.0,0.0,0.0
2019-12-20,6059586,6059586,0,0,6059586,0,0,0.0,0.0,0.0,0.0,0.0,0.0,0.0,0.0,0.0,0.0,0.0,0.0,0.0,0.0
2019-12-21,5853336,5853336,0,0,5853336,0,0,0.0,0.0,0.0,0.0,0.0,0.0,0.0,0.0,0.0,0.0,0.0,0.0,0.0,0.0
2019-12-22,3576233,3576233,0,0,3576233,0,0,0.0,0.0,0.0,0.0,0.0,0.0,0.0,0.0,0.0,0.0,0.0,0.0,0.0,0.0
2019-12-23,6129693,6129693,0,0,6129693,0,0,0.0,0.0,0.0,0.0,0.0,0.0,0.0,0.0,0.0,0.0,0.0,0.0,0.0,0.0
2019-12-24,1041234,1041234,0,0,1041234,0,0,0.0,0.0,0.0,0.0,0.0,0.0,0.0,0.0,0.0,0.0,0.0,0.0,0.0,0.0
2019-12-26,3990592,3990592,0,0,3990592,0,0,0.0,0.0,0.0,0.0,0.0,0.0,0.0,0.0,0.0,0.0,0.0,0.0,0.0,0.0
2019-12-27,1817253,1817253,0,0,1817253,0,0,0.0,0.0,0.0,0.0,0.0,0.0,0.0,0.0,0.0,0.0,0.0,0.0,0.0,0.0
2019-12-28,2130453,2130453,0,0,2130453,0,0,0.0,0.0,0.0,0.0,0.0,0.0,0.0,0.0,0.0,0.0,0.0,0.0,0.0,0.0
2019-12-29,2978734,2978734,0,0,2978734,0,0,0.0,0.0,0.0,0.0,0.0,0.0,0.0,0.0,0.0,0.0,0.0,0.0,0.0,0.0
2019-12-30,3976970,3976970,0,0,3976970,0,0,0.0,0.0,0.0,0.0,0.0,0.0,0.0,0.0,0.0,0.0,0.0,0.0,0.0,0.0
2019-12-31,1841333,1841333,0,0,1841333,0,0,0.0,0.0,0.0,0.0,0.0,0.0,0.0,0.0,0.0,0.0,0.0,0.0,0.0,0.0
2020-01-02,2654374,2654374,0,0,2654374,0,0,0.0,0.0,0.0,0.0,0.0,0.0,0.0,0.0,0.0,0.0,0.0,0.0,0.0,0.0
2020-01-03,3510219,3510219,0,0,3510219,0,0,0.0,0.0,0.0,0.0,0.0,0.0,0.0,0.0,0.0,0.0,0.0,0.0,0.0,0.0
2020-01-04,2054654,2054654,0,0,2054654,0,0,0.0,0.0,0.0,0.0,0.0,0.0,0.0,0.0,0.0,0.0,0.0,0.0,0.0,0.0
2020-01-05,1882249,1882249,0,0,1882249,0,0,0.0,0.0,0.0,0.0,0.0,0.0,0.0,0.0,0.0,0.0,0.0,0.0,0.0,0.0
2020-01-06,4726137,4726137,0,0,4726137,0,0,0.0,0.0,0.0,0.0,0.0,0.0,0.0,0.0,0.0,0.0,0.0,0.0,0.0,0.0
2020-01-07,2545985,2545985,0,0,2545985,0,0,0.0,0.0,0.0,0.0,0.0,0.0,0.0,0.0,0.0,0.0,0.0,0.0,0.0,0.0
2020-01-08,3548055,3548055,0,0,3548055,0,0,0.0,0.0,0.0,0.0,0.0,0.0,0.0,0.0,0.0,0.0,0.0,0.0,0.0,0.0
2020-01-09,5804891,5804891,0,0,5804891,0,0,0.0,0.0,0.0,0.0,0.0,0.0,0.0,0.0,0.0,0.0,0.0,0.0,0.0,0.0
2020-01-10,6884754,6884754,0,0,6884754,0,0,0.0,0.0,0.0,0.0,0.0,0.0,0.0,0.0,0.0,0.0,0.0,0.0,0.0,0.0
2020-01-11,4951892,4951892,0,0,4951892,0,0,0.0,0.0,0.0,0.0,0.0,0.0,0.0,0.0,0.0,0.0,0.0,0.0,0.0,0.0
2020-01-12,3427791,3427791,0,0,3427791,0,0,0.0,0.0,0.0,0.0,0.0,0.0,0.0,0.0,0.0,0.0,0.0,0.0,0.0,0.0
2020-01-13,7369406,7369406,0,0,7369406,0,0,0.0,0.0,0.0,0.0,0.0,0.0,0.0,0.0,0.0,0.0,0.0,0.0,0.0,0.0
2020-01-14,2970227,2970227,0,0,2970227,0,0,0.0,0.0,0.0,0.0,0.0,0.0,0.0,0.0,0.0,0.0,0.0,0.0,0.0,0.0
2020-01-15,2506920,2506920,0,0,2506920,0,0,0.0,0.0,0.0,0.0,0.0,0.0,0.0,0.0,0.0,0.0,0.0,0.0,0.0,0.0
2020-01-16,3591500,3591500,0,0,3591500,0,0,0.0,0.0,0.0,0.0,0.0,0.0,0.0,0.0,0.0,0.0,0.0,0.0,0.0,0.0
2020-01-17,4882595,4882595,0,0,4882595,0,0,0.0,0.0,0.0,0.0,0.0,0.0,0.0,0.0,0.0,0.0,0.0,0.0,0.0,0.0
2020-01-18,2774945,2774945,0,0,2774945,0,0,0.0,0.0,0.0,0.0,0.0,0.0,0.0,0.0,0.0,0.0,0.0,0.0,0.0,0.0
2020-01-19,353205,353205,0,0,353205,0,0,0.0,0.0,0.0,0.0,0.0,0.0,0.0,0.0,0.0,0.0,0.0,0.0,0.0,0.0
2020-01-20,5052970,5052970,0,0,5052970,0,0,0.0,0.0,0.0,0.0,0.0,0.0,0.0,0.0,0.0,0.0,0.0,0.0,0.0,0.0
2020-01-21,2083376,2083376,0,0,2083376,0,0,0.0,0.0,0.0,0.0,0.0,0.0,0.0,0.0,0.0,0.0,0.0,0.0,0.0,0.0
2020-01-22,1057653,1057653,0,0,1057653,0,0,0.0,0.0,0.0,0.0,0.0,0.0,0.0,0.0,0.0,0.0,0.0,0.0,0.0,0.0
2020-01-23,1392023,1392023,0,0,1392023,0,0,0.0,0.0,0.0,0.0,0.0,0.0,0.0,0.0,0.0,0.0,0.0,0.0,0.0,0.0
2020-01-24,3853898,3853898,0,0,3853898,0,0,0.0,0.0,0.0,0.0,0.0,0.0,0.0,0.0,0.0,0.0,0.0,0.0,0.0,0.0
2020-01-25,633387,633387,0,0,633387,0,0,0.0,0.0,0.0,0.0,0.0,0.0,0.0,0.0,0.0,0.0,0.0,0.0,0.0,0.0
2020-01-26,3213409,3213409,0,0,3213409,0,0,0.0,0.0,0.0,0.0,0.0,0.0,0.0,0.0,0.0,0.0,0.0,0.0,0.0,0.0
2020-01-27,5094279,5094279,0,0,5094279,0,0,0.0,0.0,0.0,0.0,0.0,0.0,0.0,0.0,0.0,0.0,0.0,0.0,0.0,0.0
2020-01-28,2264233,2264233,0,0,2264233,0,0,0.0,0.0,0.0,0.0,0.0,0.0,0.0,0.0,0.0,0.0,0.0,0.0,0.0,0.0
2020-01-29,3379384,3379384,0,0,3379384,0,0,0.0,0.0,0.0,0.0,0.0,0.0,0.0,0.0,0.0,0.0,0.0,0.0,0.0,0.0
2020-01-30,4988905,4988905,0,0,4988905,0,0,0.0,0.0,0.0,0.0,0.0,0.0,0.0,0.0,0.0,0.0,0.0,0.0,0.0,0.0
2020-01-31,5451606,5451606,0,0,5451606,0,0,0.0,0.0,0.0,0.0,0.0,0.0,0.0,0.0,0.0,0.0,0.0,0.0,0.0,0.0
2020-02-01,3636248,3636248,0,0,3636248,0,0,0.0,0.0,0.0,0.0,0.0,0.0,0.0,0.0,0.0,0.0,0.0,0.0,0.0,0.0
2020-02-02,394157,394157,0,0,394157,0,0,0.0,0.0,0.0,0.0,0.0,0.0,0.0,0.0,0.0,0.0,0.0,0.0,0.0,0.0
2020-02-03,3357431,3357431,0,0,3357431,0,0,0.0,0.0,0.0,0.0,0.0,0.0,0.0,0.0,0.0,0.0,0.0,0.0,0.0,0.0
2020-02-04,2141806,2141806,0,0,2141806,0,0,0.0,0.0,0.0,0.0,0.0,0.0,0.0,0.0,0.0,0.0,0.0,0.0,0.0,0.0
2020-02-05,1320112,1320112,0,0,1320112,0,0,0.0,0.0,0.0,0.0,0.0,0.0,0.0,0.0,0.0,0.0,0.0,0.0,0.0,0.0
2020-02-06,3142981,3142981,0,0,3142981,0,0,0.0,0.0,0.0,0.0,0.0,0.0,0.0,0.0,0.0,0.0,0.0,0.0,0.0,0.0
2020-02-07,3499233,3499233,0,0,3499233,0,0,0.0,0.0,0.0,0.0,0.0,0.0,0.0,0.0,0.0,0.0,0.0,0.0,0.0,0.0
2020-02-08,2499602,2499602,0,0,2499602,0,0,0.0,0.0,0.0,0.0,0.0,0.0,0.0,0.0,0.0,0.0,0.0,0.0,0.0,0.0
2020-02-09,1237896,1237896,0,0,1237896,0,0,0.0,0.0,0.0,0.0,0.0,0.0,0.0,0.0,0.0,0.0,0.0,0.0,0.0,0.0
2020-02-10,3106527,3106527,0,0,3106527,0,0,0.0,0.0,0.0,0.0,0.0,0.0,0.0,0.0,0.0,0.0,0.0,0.0,0.0,0.0
2020-02-11,1573491,1573491,0,0,1573491,0,0,0.0,0.0,0.0,0.0,0.0,0.0,0.0,0.0,0.0,0.0,0.0,0.0,0.0,0.0
2020-02-12,1933193,1933193,0,0,1933193,0,0,0.0,0.0,0.0,0.0,0.0,0.0,0.0,0.0,0.0,0.0,0.0,0.0,0.0,0.0
2020-02-13,3192178,3192178,0,0,3192178,0,0,0.0,0.0,0.0,0.0,0.0,0.0,0.0,0.0,0.0,0.0,0.0,0.0,0.0,0.0
2020-02-14,3573611,3573611,0,0,3573611,0,0,0.0,0.0,0.0,0.0,0.0,0.0,0.0,0.0,0.0,0.0,0.0,0.0,0.0,0.0
2020-02-15,3060283,3060283,0,0,3060283,0,0,0.0,0.0,0.0,0.0,0.0,0.0,0.0,0.0,0.0,0.0,0.0,0.0,0.0,0.0
2020-02-16,1769141,1769141,0,0,1769141,0,0,0.0,0.0,0.0,0.0,0.0,0.0,0.0,0.0,0.0,0.0,0.0,0.0,0.0,0.0
2020-02-17,3997647,3997647,0,0,3997647,0,0,0.0,0.0,0.0,0.0,0.0,0.0,0.0,0.0,0.0,0.0,0.0,0.0,0.0,0.0
2020-02-18,1231703,1231703,0,0,1231703,0,0,0.0,0.0,0.0,0.0,0.0,0.0,0.0,0.0,0.0,0.0,0.0,0.0,0.0,0.0
2020-02-19,1829321,1829321,0,0,1829321,0,0,0.0,0.0,0.0,0.0,0.0,0.0,0.0,0.0,0.0,0.0,0.0,0.0,0.0,0.0
2020-02-20,3283286,3283286,0,0,3283286,0,0,0.0,0.0,0.0,0.0,0.0,0.0,0.0,0.0,0.0,0.0,0.0,0.0,0.0,0.0
2020-02-21,2657048,2657048,0,0,2657048,0,0,0.0,0.0,0.0,0.0,0.0,0.0,0.0,0.0,0.0,0.0,0.0,0.0,0.0,0.0
2020-02-22,5233246,5233246,0,0,5233246,0,0,0.0,0.0,0.0,0.0,0.0,0.0,0.0,0.0,0.0,0.0,0.0,0.0,0.0,0.0
2020-02-23,2461394,2461394,0,0,2461394,0,0,0.0,0.0,0.0,0.0,0.0,0.0,0.0,0.0,0.0,0.0,0.0,0.0,0.0,0.0
2020-02-24,4686577,4686577,0,0,4686577,0,0,0.0,0.0,0.0,0.0,0.0,0.0,0.0,0.0,0.0,0.0,0.0,0.0,0.0,0.0
2020-02-25,1770934,1770934,0,0,1770934,0,0,0.0,0.0,0.0,0.0,0.0,0.0,0.0,0.0,0.0,0.0,0.0,0.0,0.0,0.0
2020-02-26,1794144,1794144,0,0,1794144,0,0,0.0,0.0,0.0,0.0,0.0,0.0,0.0,0.0,0.0,0.0,0.0,0.0,0.0,0.0
2020-02-27,3480115,3480115,0,0,3480115,0,0,0.0,0.0,0.0,0.0,0.0,0.0,0.0,0.0,0.0,0.0,0.0,0.0,0.0,0.0
2020-02-28,3996951,3996951,0,0,3996951,0,0,0.0,0.0,0.0,0.0,0.0,0.0,0.0,0.0,0.0,0.0,0.0,0.0,0.0,0.0
2020-02-29,532881,532881,0,0,532881,0,0,0.0,0.0,0.0,0.0,0.0,0.0,0.0,0.0,0.0,0.0,0.0,0.0,0.0,0.0
2020-03-01,5567390,5567390,0,0,5567390,0,0,0.0,0.0,0.0,0.0,0.0,0.0,0.0,0.0,0.0,0.0,0.0,0.0,0.0,0.0
2020-03-02,5200511,5200511,0,0,5200511,0,0,0.0,0.0,0.0,0.0,0.0,0.0,0.0,0.0,0.0,0.0,0.0,0.0,0.0,0.0
2020-03-03,2041783,2041783,0,0,2041783,0,0,0.0,0.0,0.0,0.0,0.0,0.0,0.0,0.0,0.0,0.0,0.0,0.0,0.0,0.0
2020-03-04,2757040,2757040,0,0,2757040,0,0,0.0,0.0,0.0,0.0,0.0,0.0,0.0,0.0,0.0,0.0,0.0,0.0,0.0,0.0
2020-03-05,4461921,4461921,0,0,4461921,0,0,0.0,0.0,0.0,0.0,0.0,0.0,0.0,0.0,0.0,0.0,0.0,0.0,0.0,0.0
2020-03-06,4689045,4689045,0,0,4689045,0,0,0.0,0.0,0.0,0.0,0.0,0.0,0.0,0.0,0.0,0.0,0.0,0.0,0.0,0.0
2020-03-07,3763766,3763766,0,0,3763766,0,0,0.0,0.0,0.0,0.0,0.0,0.0,0.0,0.0,0.0,0.0,0.0,0.0,0.0,0.0
2020-03-08,315583,315583,0,0,315583,0,0,0.0,0.0,0.0,0.0,0.0,0.0,0.0,0.0,0.0,0.0,0.0,0.0,0.0,0.0
2020-03-09,4862782,4862782,0,0,4862782,0,0,0.0,0.0,0.0,0.0,0.0,0.0,0.0,0.0,0.0,0.0,0.0,0.0,0.0,0.0
2020-03-10,1000022,1000022,0,0,1000022,0,0,0.0,0.0,0.0,0.0,0.0,0.0,0.0,0.0,0.0,0.0,0.0,0.0,0.0,0.0
2020-03-11,2652540,2652540,0,0,2652540,0,0,0.0,0.0,0.0,0.0,0.0,0.0,0.0,0.0,0.0,0.0,0.0,0.0,0.0,0.0
2020-03-12,3984423,3984423,0,0,3984423,0,0,0.0,0.0,0.0,0.0,0.0,0.0,0.0,0.0,0.0,0.0,0.0,0.0,0.0,0.0
2020-03-13,3795852,3795852,0,0,3795852,0,0,0.0,0.0,0.0,0.0,0.0,0.0,0.0,0.0,0.0,0.0,0.0,0.0,0.0,0.0
2020-03-14,3278962,3278962,0,0,3278962,0,0,0.0,0.0,0.0,0.0,0.0,0.0,0.0,0.0,0.0,0.0,0.0,0.0,0.0,0.0
2020-03-15,2480428,2480428,0,0,2480428,0,0,0.0,0.0,0.0,0.0,0.0,0.0,0.0,0.0,0.0,0.0,0.0,0.0,0.0,0.0
2020-03-16,3470514,3470514,0,0,3470514,0,0,0.0,0.0,0.0,0.0,0.0,0.0,0.0,0.0,0.0,0.0,0.0,0.0,0.0,0.0
2020-03-17,3351970,3351970,0,0,3351970,0,0,0.0,0.0,0.0,0.0,0.0,0.0,0.0,0.0,0.0,0.0,0.0,0.0,0.0,0.0
2020-03-18,2390227,2390227,0,0,2390227,0,0,0.0,0.0,0.0,0.0,0.0,0.0,0.0,0.0,0.0,0.0,0.0,0.0,0.0,0.0
2020-03-19,4648544,4648544,0,0,4648544,0,0,0.0,0.0,0.0,0.0,0.0,0.0,0.0,0.0,0.0,0.0,0.0,0.0,0.0,0.0
2020-03-20,5392721,5392721,0,0,5392721,0,0,0.0,0.0,0.0,0.0,0.0,0.0,0.0,0.0,0.0,0.0,0.0,0.0,0.0,0.0
2020-03-21,3761749,3761749,0,0,3761749,0,0,0.0,0.0,0.0,0.0,0.0,0.0,0.0,0.0,0.0,0.0,0.0,0.0,0.0,0.0
2020-03-22,4102412,4102412,0,0,4102412,0,0,0.0,0.0,0.0,0.0,0.0,0.0,0.0,0.0,0.0,0.0,0.0,0.0,0.0,0.0
2020-03-23,7040900,7040900,0,0,7040900,0,0,0.0,0.0,0.0,0.0,0.0,0.0,0.0,0.0,0.0,0.0,0.0,0.0,0.0,0.0
2020-03-24,2387123,2387123,0,0,2387123,0,0,0.0,0.0,0.0,0.0,0.0,0.0,0.0,0.0,0.0,0.0,0.0,0.0,0.0,0.0
2020-03-25,3191234,3191234,0,0,3191234,0,0,0.0,0.0,0.0,0.0,0.0,0.0,0.0,0.0,0.0,0.0,0.0,0.0,0.0,0.0
2020-03-26,4220180,4220180,0,0,4220180,0,0,0.0,0.0,0.0,0.0,0.0,0.0,0.0,0.0,0.0,0.0,0.0,0.0,0.0,0.0
2020-03-27,5403270,5403270,0,0,5403270,0,0,0.0,0.0,0.0,0.0,0.0,0.0,0.0,0.0,0.0,0.0,0.0,0.0,0.0,0.0
2020-03-28,3218757,3218757,0,0,3218757,0,0,0.0,0.0,0.0,0.0,0.0,0.0,0.0,0.0,0.0,0.0,0.0,0.0,0.0,0.0
2020-03-29,134790,134790,0,0,134790,0,0,0.0,0.0,0.0,0.0,0.0,0.0,0.0,0.0,0.0,0.0,0.0,0.0,0.0,0.0
2020-03-30,3714391,3714391,0,0,3714391,0,0,0.0,0.0,0.0,0.0,0.0,0.0,0.0,0.0,0.0,0.0,0.0,0.0,0.0,0.0
2020-03-31,742656,742656,0,0,742656,0,0,0.0,0.0,0.0,0.0,0.0,0.0,0.0,0.0,0.0,0.0,0.0,0.0,0.0,0.0
2020-04-01,879134,879134,0,0,879134,0,0,0.0,0.0,0.0,0.0,0.0,0.0,0.0,0.0,0.0,0.0,0.0,0.0,0.0,0.0
2020-04-02,1628638,1628638,0,0,1628638,0,0,0.0,0.0,0.0,0.0,0.0,0.0,0.0,0.0,0.0,0.0,0.0,0.0,0.0,0.0
2020-04-03,2790852,2790852,0,0,2790852,0,0,0.0,0.0,0.0,0.0,0.0,0.0,0.0,0.0,0.0,0.0,0.0,0.0,0.0,0.0
2020-04-04,2841667,2841667,0,0,2841667,0,0,0.0,0.0,0.0,0.0,0.0,0.0,0.0,0.0,0.0,0.0,0.0,0.0,0.0,0.0
2020-04-05,296102,296102,0,0,296102,0,0,0.0,0.0,0.0,0.0,0.0,0.0,0.0,0.0,0.0,0.0,0.0,0.0,0.0,0.0
2020-04-06,2147210,2147210,0,0,2147210,0,0,0.0,0.0,0.0,0.0,0.0,0.0,0.0,0.0,0.0,0.0,0.0,0.0,0.0,0.0
2020-04-07,1194290,1194290,0,0,1194290,0,0,0.0,0.0,0.0,0.0,0.0,0.0,0.0,0.0,0.0,0.0,0.0,0.0,0.0,0.0
2020-04-08,1996951,1996951,0,0,1996951,0,0,0.0,0.0,0.0,0.0,0.0,0.0,0.0,0.0,0.0,0.0,0.0,0.0,0.0,0.0
2020-04-09,3225887,3225887,0,0,3225887,0,0,0.0,0.0,0.0,0.0,0.0,0.0,0.0,0.0,0.0,0.0,0.0,0.0,0.0,0.0
2020-04-10,5160431,5160431,0,0,5160431,0,0,0.0,0.0,0.0,0.0,0.0,0.0,0.0,0.0,0.0,0.0,0.0,0.0,0.0,0.0
2020-04-11,2384443,2384443,0,0,2384443,0,0,0.0,0.0,0.0,0.0,0.0,0.0,0.0,0.0,0.0,0.0,0.0,0.0,0.0,0.0
2020-04-12,1019891,1019891,0,0,1019891,0,0,0.0,0.0,0.0,0.0,0.0,0.0,0.0,0.0,0.0,0.0,0.0,0.0,0.0,0.0
2020-04-13,1751314,1751314,0,0,1751314,0,0,0.0,0.0,0.0,0.0,0.0,0.0,0.0,0.0,0.0,0.0,0.0,0.0,0.0,0.0
2020-04-14,960135,960135,0,0,960135,0,0,0.0,0.0,0.0,0.0,0.0,0.0,0.0,0.0,0.0,0.0,0.0,0.0,0.0,0.0
2020-04-15,2310774,2310774,0,0,2310774,0,0,0.0,0.0,0.0,0.0,0.0,0.0,0.0,0.0,0.0,0.0,0.0,0.0,0.0,0.0
2020-04-16,4411878,4411878,0,0,4411878,0,0,0.0,0.0,0.0,0.0,0.0,0.0,0.0,0.0,0.0,0.0,0.0,0.0,0.0,0.0
2020-04-17,6006462,6006462,0,0,6006462,0,0,0.0,0.0,0.0,0.0,0.0,0.0,0.0,0.0,0.0,0.0,0.0,0.0,0.0,0.0
2020-04-18,888144,888144,0,0,888144,0,0,0.0,0.0,0.0,0.0,0.0,0.0,0.0,0.0,0.0,0.0,0.0,0.0,0.0,0.0
2020-04-19,5811176,5811176,0,0,5811176,0,0,0.0,0.0,0.0,0.0,0.0,0.0,0.0,0.0,0.0,0.0,0.0,0.0,0.0,0.0
2020-04-20,5547842,5547842,0,0,5547842,0,0,0.0,0.0,0.0,0.0,0.0,0.0,0.0,0.0,0.0,0.0,0.0,0.0,0.0,0.0
2020-04-21,2681269,2681269,0,0,2681269,0,0,0.0,0.0,0.0,0.0,0.0,0.0,0.0,0.0,0.0,0.0,0.0,0.0,0.0,0.0
2020-04-22,3797757,3797757,0,0,3797757,0,0,0.0,0.0,0.0,0.0,0.0,0.0,0.0,0.0,0.0,0.0,0.0,0.0,0.0,0.0
2020-04-23,5375396,5375396,0,0,5375396,0,0,0.0,0.0,0.0,0.0,0.0,0.0,0.0,0.0,0.0,0.0,0.0,0.0,0.0,0.0
2020-04-24,5595315,5595315,0,0,5595315,0,0,0.0,0.0,0.0,0.0,0.0,0.0,0.0,0.0,0.0,0.0,0.0,0.0,0.0,0.0
2020-04-25,4030993,4030993,0,0,4030993,0,0,0.0,0.0,0.0,0.0,0.0,0.0,0.0,0.0,0.0,0.0,0.0,0.0,0.0,0.0
2020-04-26,2909598,2909598,0,0,2909598,0,0,0.0,0.0,0.0,0.0,0.0,0.0,0.0,0.0,0.0,0.0,0.0,0.0,0.0,0.0
2020-04-27,4833089,4833089,0,0,4833089,0,0,0.0,0.0,0.0,0.0,0.0,0.0,0.0,0.0,0.0,0.0,0.0,0.0,0.0,0.0
2020-04-28,1681843,1681843,0,0,1681843,0,0,0.0,0.0,0.0,0.0,0.0,0.0,0.0,0.0,0.0,0.0,0.0,0.0,0.0,0.0
2020-04-29,3194343,3194343,0,0,3194343,0,0,0.0,0.0,0.0,0.0,0.0,0.0,0.0,0.0,0.0,0.0,0.0,0.0,0.0,0.0
2020-04-30,4497984,4497984,0,0,4497984,0,0,0.0,0.0,0.0,0.0,0.0,0.0,0.0,0.0,0.0,0.0,0.0,0.0,0.0,0.0
2020-05-01,4720557,4720557,0,0,4720557,0,0,0.0,0.0,0.0,0.0,0.0,0.0,0.0,0.0,0.0,0.0,0.0,0.0,0.0,0.0
2020-05-02,4523560,4523560,0,0,4523560,0,0,0.0,0.0,0.0,0.0,0.0,0.0,0.0,0.0,0.0,0.0,0.0,0.0,0.0,0.0
2020-05-03,3384215,3384215,0,0,3384215,0,0,0.0,0.0,0.0,0.0,0.0,0.0,0.0,0.0,0.0,0.0,0.0,0.0,0.0,0.0
2020-05-04,5230331,5230331,0,0,5230331,0,0,0.0,0.0,0.0,0.0,0.0,0.0,0.0,0.0,0.0,0.0,0.0,0.0,0.0,0.0
2020-05-05,1942532,1942532,0,0,1942532,0,0,0.0,0.0,0.0,0.0,0.0,0.0,0.0,0.0,0.0,0.0,0.0,0.0,0.0,0.0
2020-05-06,3243581,3243581,0,0,3243581,0,0,0.0,0.0,0.0,0.0,0.0,0.0,0.0,0.0,0.0,0.0,0.0,0.0,0.0,0.0
2020-05-07,4442154,4442154,0,0,4442154,0,0,0.0,0.0,0.0,0.0,0.0,0.0,0.0,0.0,0.0,0.0,0.0,0.0,0.0,0.0
2020-05-08,6143804,6143804,0,0,6143804,0,0,0.0,0.0,0.0,0.0,0.0,0.0,0.0,0.0,0.0,0.0,0.0,0.0,0.0,0.0
2020-05-09,3827036,3827036,0,0,3827036,0,0,0.0,0.0,0.0,0.0,0.0,0.0,0.0,0.0,0.0,0.0,0.0,0.0,0.0,0.0
2020-05-10,3561687,3561687,0,0,3561687,0,0,0.0,0.0,0.0,0.0,0.0,0.0,0.0,0.0,0.0,0.0,0.0,0.0,0.0,0.0
2020-05-11,6571135,6571135,0,0,6571135,0,0,0.0,0.0,0.0,0.0,0.0,0.0,0.0,0.0,0.0,0.0,0.0,0.0,0.0,0.0
2020-05-12,2152555,2152555,0,0,2152555,0,0,0.0,0.0,0.0,0.0,0.0,0.0,0.0,0.0,0.0,0.0,0.0,0.0,0.0,0.0
2020-05-13,3863533,3863533,0,0,3863533,0,0,0.0,0.0,0.0,0.0,0.0,0.0,0.0,0.0,0.0,0.0,0.0,0.0,0.0,0.0
2020-05-14,6004486,6004486,0,0,6004486,0,0,0.0,0.0,0.0,0.0,0.0,0.0,0.0,0.0,0.0,0.0,0.0,0.0,0.0,0.0
2020-05-15,7377803,7377803,0,0,7377803,0,0,0.0,0.0,0.0,0.0,0.0,0.0,0.0,0.0,0.0,0.0,0.0,0.0,0.0,0.0
2020-05-16,5402181,5402181,0,0,5402181,0,0,0.0,0.0,0.0,0.0,0.0,0.0,0.0,0.0,0.0,0.0,0.0,0.0,0.0,0.0
2020-05-17,2723167,2723167,0,0,2723167,0,0,0.0,0.0,0.0,0.0,0.0,0.0,0.0,0.0,0.0,0.0,0.0,0.0,0.0,0.0
2020-05-18,6994745,6994745,0,0,6994745,0,0,0.0,0.0,0.0,0.0,0.0,0.0,0.0,0.0,0.0,0.0,0.0,0.0,0.0,0.0
2020-05-19,2775191,2775191,0,0,2775191,0,0,0.0,0.0,0.0,0.0,0.0,0.0,0.0,0.0,0.0,0.0,0.0,0.0,0.0,0.0
2020-05-20,3255133,3255133,0,0,3255133,0,0,0.0,0.0,0.0,0.0,0.0,0.0,0.0,0.0,0.0,0.0,0.0,0.0,0.0,0.0
2020-05-21,5270582,5270582,0,0,5270582,0,0,0.0,0.0,0.0,0.0,0.0,0.0,0.0,0.0,0.0,0.0,0.0,0.0,0.0,0.0
2020-05-22,5460079,5460079,0,0,5460079,0,0,0.0,0.0,0.0,0.0,0.0,0.0,0.0,0.0,0.0,0.0,0.0,0.0,0.0,0.0
2020-05-23,4150693,4150693,0,0,4150693,0,0,0.0,0.0,0.0,0.0,0.0,0.0,0.0,0.0,0.0,0.0,0.0,0.0,0.0,0.0
2020-05-24,1501590,1501590,0,0,1501590,0,0,0.0,0.0,0.0,0.0,0.0,0.0,0.0,0.0,0.0,0.0,0.0,0.0,0.0,0.0
2020-05-25,4823952,4823952,0,0,4823952,0,0,0.0,0.0,0.0,0.0,0.0,0.0,0.0,0.0,0.0,0.0,0.0,0.0,0.0,0.0
2020-05-26,2799507,2799507,0,0,2799507,0,0,0.0,0.0,0.0,0.0,0.0,0.0,0.0,0.0,0.0,0.0,0.0,0.0,0.0,0.0
2020-05-27,3065847,3065847,0,0,3065847,0,0,0.0,0.0,0.0,0.0,0.0,0.0,0.0,0.0,0.0,0.0,0.0,0.0,0.0,0.0
2020-05-28,4103045,4103045,0,0,4103045,0,0,0.0,0.0,0.0,0.0,0.0,0.0,0.0,0.0,0.0,0.0,0.0,0.0,0.0,0.0
2020-05-29,4571202,4571202,0,0,4571202,0,0,0.0,0.0,0.0,0.0,0.0,0.0,0.0,0.0,0.0,0.0,0.0,0.0,0.0,0.0
2020-05-30,3597612,3597612,0,0,3597612,0,0,0.0,0.0,0.0,0.0,0.0,0.0,0.0,0.0,0.0,0.0,0.0,0.0,0.0,0.0
2020-05-31,3402126,3402126,0,0,3402126,0,0,0.0,0.0,0.0,0.0,0.0,0.0,0.0,0.0,0.0,0.0,0.0,0.0,0.0,0.0
2020-06-01,4893573,4893573,0,0,4893573,0,0,0.0,0.0,0.0,0.0,0.0,0.0,0.0,0.0,0.0,0.0,0.0,0.0,0.0,0.0
2020-06-02,1783299,1783299,0,0,1783299,0,0,0.0,0.0,0.0,0.0,0.0,0.0,0.0,0.0,0.0,0.0,0.0,0.0,0.0,0.0
2020-06-03,3002848,3002848,0,0,3002848,0,0,0.0,0.0,0.0,0.0,0.0,0.0,0.0,0.0,0.0,0.0,0.0,0.0,0.0,0.0
2020-06-04,4163335,4163335,0,0,4163335,0,0,0.0,0.0,0.0,0.0,0.0,0.0,0.0,0.0,0.0,0.0,0.0,0.0,0.0,0.0
2020-06-05,6819514,6819514,0,0,6819514,0,0,0.0,0.0,0.0,0.0,0.0,0.0,0.0,0.0,0.0,0.0,0.0,0.0,0.0,0.0
2020-06-06,2895471,2895471,0,0,2895471,0,0,0.0,0.0,0.0,0.0,0.0,0.0,0.0,0.0,0.0,0.0,0.0,0.0,0.0,0.0
2020-06-07,810930,810930,0,0,810930,0,0,0.0,0.0,0.0,0.0,0.0,0.0,0.0,0.0,0.0,0.0,0.0,0.0,0.0,0.0
2020-06-08,4865459,4865459,0,0,4865459,0,0,0.0,0.0,0.0,0.0,0.0,0.0,0.0,0.0,0.0,0.0,0.0,0.0,0.0,0.0
2020-06-09,2471705,2471705,0,0,2471705,0,0,0.0,0.0,0.0,0.0,0.0,0.0,0.0,0.0,0.0,0.0,0.0,0.0,0.0,0.0
2020-06-10,3654959,3654959,0,0,3654959,0,0,0.0,0.0,0.0,0.0,0.0,0.0,0.0,0.0,0.0,0.0,0.0,0.0,0.0,0.0
2020-06-11,5868176,5868176,0,0,5868176,0,0,0.0,0.0,0.0,0.0,0.0,0.0,0.0,0.0,0.0,0.0,0.0,0.0,0.0,0.0
2020-06-12,6354126,6354126,0,0,6354126,0,0,0.0,0.0,0.0,0.0,0.0,0.0,0.0,0.0,0.0,0.0,0.0,0.0,0.0,0.0
2020-06-13,3973713,3973713,0,0,3973713,0,0,0.0,0.0,0.0,0.0,0.0,0.0,0.0,0.0,0.0,0.0,0.0,0.0,0.0,0.0
2020-06-14,1976221,1976221,0,0,1976221,0,0,0.0,0.0,0.0,0.0,0.0,0.0,0.0,0.0,0.0,0.0,0.0,0.0,0.0,0.0
2020-06-15,4933020,4933020,0,0,4933020,0,0,0.0,0.0,0.0,0.0,0.0,0.0,0.0,0.0,0.0,0.0,0.0,0.0,0.0,0.0
2020-06-16,2660000,2660000,0,0,2660000,0,0,0.0,0.0,0.0,0.0,0.0,0.0,0.0,0.0,0.0,0.0,0.0,0.0,0.0,0.0
2020-06-17,3713997,3713997,0,0,3713997,0,0,0.0,0.0,0.0,0.0,0.0,0.0,0.0,0.0,0.0,0.0,0.0,0.0,0.0,0.0
2020-06-18,3889672,3889672,0,0,3889672,0,0,0.0,0.0,0.0,0.0,0.0,0.0,0.0,0.0,0.0,0.0,0.0,0.0,0.0,0.0
2020-06-19,7470469,7470469,0,0,7470469,0,0,0.0,0.0,0.0,0.0,0.0,0.0,0.0,0.0,0.0,0.0,0.0,0.0,0.0,0.0
2020-06-20,5106697,5106697,0,0,5106697,0,0,0.0,0.0,0.0,0.0,0.0,0.0,0.0,0.0,0.0,0.0,0.0,0.0,0.0,0.0
2020-06-21,110616,110616,0,0,110616,0,0,0.0,0.0,0.0,0.0,0.0,0.0,0.0,0.0,0.0,0.0,0.0,0.0,0.0,0.0
2020-06-22,4262271,4262271,0,0,4262271,0,0,0.0,0.0,0.0,0.0,0.0,0.0,0.0,0.0,0.0,0.0,0.0,0.0,0.0,0.0
2020-06-23,4136640,4136640,0,0,4136640,0,0,0.0,0.0,0.0,0.0,0.0,0.0,0.0,0.0,0.0,0.0,0.0,0.0,0.0,0.0
2020-06-24,3071975,3071975,0,0,3071975,0,0,0.0,0.0,0.0,0.0,0.0,0.0,0.0,0.0,0.0,0.0,0.0,0.0,0.0,0.0
2020-06-25,5433991,5433991,0,0,5433991,0,0,0.0,0.0,0.0,0.0,0.0,0.0,0.0,0.0,0.0,0.0,0.0,0.0,0.0,0.0
2020-06-26,5639202,5639202,0,0,5639202,0,0,0.0,0.0,0.0,0.0,0.0,0.0,0.0,0.0,0.0,0.0,0.0,0.0,0.0,0.0
2020-06-27,3885203,3885203,0,0,3885203,0,0,0.0,0.0,0.0,0.0,0.0,0.0,0.0,0.0,0.0,0.0,0.0,0.0,0.0,0.0
2020-06-28,2651994,2651994,0,0,2651994,0,0,0.0,0.0,0.0,0.0,0.0,0.0,0.0,0.0,0.0,0.0,0.0,0.0,0.0,0.0
2020-06-29,6045717,6045717,0,0,6045717,0,0,0.0,0.0,0.0,0.0,0.0,0.0,0.0,0.0,0.0,0.0,0.0,0.0,0.0,0.0
2020-06-30,3120570,3120570,0,0,3120570,0,0,0.0,0.0,0.0,0.0,0.0,0.0,0.0,0.0,0.0,0.0,0.0,0.0,0.0,0.0
2020-07-01,3593505,3593505,0,0,3593505,0,0,0.0,0.0,0.0,0.0,0.0,0.0,0.0,0.0,0.0,0.0,0.0,0.0,0.0,0.0
2020-07-02,4983351,4983351,0,0,4983351,0,0,0.0,0.0,0.0,0.0,0.0,0.0,0.0,0.0,0.0,0.0,0.0,0.0,0.0,0.0
2020-07-03,4917419,4917419,0,0,4917419,0,0,0.0,0.0,0.0,0.0,0.0,0.0,0.0,0.0,0.0,0.0,0.0,0.0,0.0,0.0
2020-07-04,2771826,2771826,0,0,2771826,0,0,0.0,0.0,0.0,0.0,0.0,0.0,0.0,0.0,0.0,0.0,0.0,0.0,0.0,0.0
2020-07-05,2572090,2572090,0,0,2572090,0,0,0.0,0.0,0.0,0.0,0.0,0.0,0.0,0.0,0.0,0.0,0.0,0.0,0.0,0.0
2020-07-06,6611981,6611981,0,0,6611981,0,0,0.0,0.0,0.0,0.0,0.0,0.0,0.0,0.0,0.0,0.0,0.0,0.0,0.0,0.0
2020-07-07,3448854,3448854,0,0,3448854,0,0,0.0,0.0,0.0,0.0,0.0,0.0,0.0,0.0,0.0,0.0,0.0,0.0,0.0,0.0
2020-07-08,1593727,1593727,0,0,1593727,0,0,0.0,0.0,0.0,0.0,0.0,0.0,0.0,0.0,0.0,0.0,0.0,0.0,0.0,0.0
2020-07-09,1607373,1607373,0,0,1607373,0,0,0.0,0.0,0.0,0.0,0.0,0.0,0.0,0.0,0.0,0.0,0.0,0.0,0.0,0.0
2020-07-10,6652284,6652284,0,0,6652284,0,0,0.0,0.0,0.0,0.0,0.0,0.0,0.0,0.0,0.0,0.0,0.0,0.0,0.0,0.0
2020-07-11,4763749,4763749,0,0,4763749,0,0,0.0,0.0,0.0,0.0,0.0,0.0,0.0,0.0,0.0,0.0,0.0,0.0,0.0,0.0
2020-07-12,381968,381968,0,0,381968,0,0,0.0,0.0,0.0,0.0,0.0,0.0,0.0,0.0,0.0,0.0,0.0,0.0,0.0,0.0
2020-07-13,4817913,4817913,0,0,4817913,0,0,0.0,0.0,0.0,0.0,0.0,0.0,0.0,0.0,0.0,0.0,0.0,0.0,0.0,0.0
2020-07-14,2299125,2299125,0,0,2299125,0,0,0.0,0.0,0.0,0.0,0.0,0.0,0.0,0.0,0.0,0.0,0.0,0.0,0.0,0.0
2020-07-15,1870356,1870356,0,0,1870356,0,0,0.0,0.0,0.0,0.0,0.0,0.0,0.0,0.0,0.0,0.0,0.0,0.0,0.0,0.0
2020-07-16,4464636,4464636,0,0,4464636,0,0,0.0,0.0,0.0,0.0,0.0,0.0,0.0,0.0,0.0,0.0,0.0,0.0,0.0,0.0
2020-07-17,4773287,4773287,0,0,4773287,0,0,0.0,0.0,0.0,0.0,0.0,0.0,0.0,0.0,0.0,0.0,0.0,0.0,0.0,0.0
2020-07-18,3759192,3759192,0,0,3759192,0,0,0.0,0.0,0.0,0.0,0.0,0.0,0.0,0.0,0.0,0.0,0.0,0.0,0.0,0.0
2020-07-19,226417,226417,0,0,226417,0,0,0.0,0.0,0.0,0.0,0.0,0.0,0.0,0.0,0.0,0.0,0.0,0.0,0.0,0.0
2020-07-20,5065942,5065942,0,0,5065942,0,0,0.0,0.0,0.0,0.0,0.0,0.0,0.0,0.0,0.0,0.0,0.0,0.0,0.0,0.0
2020-07-21,1369733,1369733,0,0,1369733,0,0,0.0,0.0,0.0,0.0,0.0,0.0,0.0,0.0,0.0,0.0,0.0,0.0,0.0,0.0
2020-07-22,2583408,2583408,0,0,2583408,0,0,0.0,0.0,0.0,0.0,0.0,0.0,0.0,0.0,0.0,0.0,0.0,0.0,0.0,0.0
2020-07-23,4740411,4740411,0,0,4740411,0,0,0.0,0.0,0.0,0.0,0.0,0.0,0.0,0.0,0.0,0.0,0.0,0.0,0.0,0.0
2020-07-24,7310181,7310181,0,0,7310181,0,0,0.0,0.0,0.0,0.0,0.0,0.0,0.0,0.0,0.0,0.0,0.0,0.0,0.0,0.0
2020-07-25,739179,739179,0,0,739179,0,0,0.0,0.0,0.0,0.0,0.0,0.0,0.0,0.0,0.0,0.0,0.0,0.0,0.0,0.0
2020-07-26,2397116,2397116,0,0,2397116,0,0,0.0,0.0,0.0,0.0,0.0,0.0,0.0,0.0,0.0,0.0,0.0,0.0,0.0,0.0
2020-07-27,4850508,4850508,0,0,4850508,0,0,0.0,0.0,0.0,0.0,0.0,0.0,0.0,0.0,0.0,0.0,0.0,0.0,0.0,0.0
2020-07-28,2758137,2758137,0,0,2758137,0,0,0.0,0.0,0.0,0.0,0.0,0.0,0.0,0.0,0.0,0.0,0.0,0.0,0.0,0.0
2020-07-29,2641103,2641103,0,0,2641103,0,0,0.0,0.0,0.0,0.0,0.0,0.0,0.0,0.0,0.0,0.0,0.0,0.0,0.0,0.0
2020-07-30,4607403,4607403,0,0,4607403,0,0,0.0,0.0,0.0,0.0,0.0,0.0,0.0,0.0,0.0,0.0,0.0,0.0,0.0,0.0
2020-07-31,6826890,6826890,0,0,6826890,0,0,0.0,0.0,0.0,0.0,0.0,0.0,0.0,0.0,0.0,0.0,0.0,0.0,0.0,0.0
2020-08-01,3108257,3108257,0,0,3108257,0,0,0.0,0.0,0.0,0.0,0.0,0.0,0.0,0.0,0.0,0.0,0.0,0.0,0.0,0.0
2020-08-02,2885555,2885555,0,0,2885555,0,0,0.0,0.0,0.0,0.0,0.0,0.0,0.0,0.0,0.0,0.0,0.0,0.0,0.0,0.0
2020-08-03,7611374,7611374,0,0,7611374,0,0,0.0,0.0,0.0,0.0,0.0,0.0,0.0,0.0,0.0,0.0,0.0,0.0,0.0,0.0
2020-08-04,2179916,2179916,0,0,2179916,0,0,0.0,0.0,0.0,0.0,0.0,0.0,0.0,0.0,0.0,0.0,0.0,0.0,0.0,0.0
2020-08-05,2907133,2907133,0,0,2907133,0,0,0.0,0.0,0.0,0.0,0.0,0.0,0.0,0.0,0.0,0.0,0.0,0.0,0.0,0.0
2020-08-06,6135934,6135934,0,0,6135934,0,0,0.0,0.0,0.0,0.0,0.0,0.0,0.0,0.0,0.0,0.0,0.0,0.0,0.0,0.0
2020-08-07,5828308,5828308,0,0,5828308,0,0,0.0,0.0,0.0,0.0,0.0,0.0,0.0,0.0,0.0,0.0,0.0,0.0,0.0,0.0
2020-08-08,4232690,4232690,0,0,4232690,0,0,0.0,0.0,0.0,0.0,0.0,0.0,0.0,0.0,0.0,0.0,0.0,0.0,0.0,0.0
2020-08-09,2337425,2337425,0,0,2337425,0,0,0.0,0.0,0.0,0.0,0.0,0.0,0.0,0.0,0.0,0.0,0.0,0.0,0.0,0.0
2020-08-10,3877089,3877089,0,0,3877089,0,0,0.0,0.0,0.0,0.0,0.0,0.0,0.0,0.0,0.0,0.0,0.0,0.0,0.0,0.0
2020-08-11,1651813,1651813,0,0,1651813,0,0,0.0,0.0,0.0,0.0,0.0,0.0,0.0,0.0,0.0,0.0,0.0,0.0,0.0,0.0
2020-08-12,2147440,2147440,0,0,2147440,0,0,0.0,0.0,0.0,0.0,0.0,0.0,0.0,0.0,0.0,0.0,0.0,0.0,0.0,0.0
2020-08-13,4492143,4492143,0,0,4492143,0,0,0.0,0.0,0.0,0.0,0.0,0.0,0.0,0.0,0.0,0.0,0.0,0.0,0.0,0.0
2020-08-14,6753061,6753061,0,0,6753061,0,0,0.0,0.0,0.0,0.0,0.0,0.0,0.0,0.0,0.0,0.0,0.0,0.0,0.0,0.0
2020-08-15,2668411,2668411,0,0,2668411,0,0,0.0,0.0,0.0,0.0,0.0,0.0,0.0,0.0,0.0,0.0,0.0,0.0,0.0,0.0
2020-08-16,2994508,2994508,0,0,2994508,0,0,0.0,0.0,0.0,0.0,0.0,0.0,0.0,0.0,0.0,0.0,0.0,0.0,0.0,0.0
2020-08-17,7704332,7704332,0,0,7704332,0,0,0.0,0.0,0.0,0.0,0.0,0.0,0.0,0.0,0.0,0.0,0.0,0.0,0.0,0.0
2020-08-18,2832434,2832434,0,0,2832434,0,0,0.0,0.0,0.0,0.0,0.0,0.0,0.0,0.0,0.0,0.0,0.0,0.0,0.0,0.0
2020-08-19,3252902,3252902,0,0,3252902,0,0,0.0,0.0,0.0,0.0,0.0,0.0,0.0,0.0,0.0,0.0,0.0,0.0,0.0,0.0
2020-08-20,5334102,5334102,0,0,5334102,0,0,0.0,0.0,0.0,0.0,0.0,0.0,0.0,0.0,0.0,0.0,0.0,0.0,0.0,0.0
2020-08-21,6229236,6229236,0,0,6229236,0,0,0.0,0.0,0.0,0.0,0.0,0.0,0.0,0.0,0.0,0.0,0.0,0.0,0.0,0.0
2020-08-22,1591619,1591619,0,0,1591619,0,0,0.0,0.0,0.0,0.0,0.0,0.0,0.0,0.0,0.0,0.0,0.0,0.0,0.0,0.0
2020-08-23,2832462,2832462,0,0,2832462,0,0,0.0,0.0,0.0,0.0,0.0,0.0,0.0,0.0,0.0,0.0,0.0,0.0,0.0,0.0
2020-08-24,6347442,6347442,0,0,6347442,0,0,0.0,0.0,0.0,0.0,0.0,0.0,0.0,0.0,0.0,0.0,0.0,0.0,0.0,0.0
2020-08-25,1979613,1979613,0,0,1979613,0,0,0.0,0.0,0.0,0.0,0.0,0.0,0.0,0.0,0.0,0.0,0.0,0.0,0.0,0.0
2020-08-26,1991485,1991485,0,0,1991485,0,0,0.0,0.0,0.0,0.0,0.0,0.0,0.0,0.0,0.0,0.0,0.0,0.0,0.0,0.0
2020-08-27,2202206,2202206,0,0,2202206,0,0,0.0,0.0,0.0,0.0,0.0,0.0,0.0,0.0,0.0,0.0,0.0,0.0,0.0,0.0
2020-08-28,4231893,4231893,0,0,4231893,0,0,0.0,0.0,0.0,0.0,0.0,0.0,0.0,0.0,0.0,0.0,0.0,0.0,0.0,0.0
2020-08-29,4247670,4247670,0,0,4247670,0,0,0.0,0.0,0.0,0.0,0.0,0.0,0.0,0.0,0.0,0.0,0.0,0.0,0.0,0.0
2020-08-30,448360,448360,0,0,448360,0,0,0.0,0.0,0.0,0.0,0.0,0.0,0.0,0.0,0.0,0.0,0.0,0.0,0.0,0.0
2020-08-31,4416366,4416366,0,0,4416366,0,0,0.0,0.0,0.0,0.0,0.0,0.0,0.0,0.0,0.0,0.0,0.0,0.0,0.0,0.0
2020-09-01,2345990,2345990,0,0,2345990,0,0,0.0,0.0,0.0,0.0,0.0,0.0,0.0,0.0,0.0,0.0,0.0,0.0,0.0,0.0
2020-09-02,2604553,2604553,0,0,2604553,0,0,0.0,0.0,0.0,0.0,0.0,0.0,0.0,0.0,0.0,0.0,0.0,0.0,0.0,0.0
2020-09-03,4672755,4672755,0,0,4672755,0,0,0.0,0.0,0.0,0.0,0.0,0.0,0.0,0.0,0.0,0.0,0.0,0.0,0.0,0.0
2020-09-04,5973372,5973372,0,0,5973372,0,0,0.0,0.0,0.0,0.0,0.0,0.0,0.0,0.0,0.0,0.0,0.0,0.0,0.0,0.0
2020-09-05,4071193,4071193,0,0,4071193,0,0,0.0,0.0,0.0,0.0,0.0,0.0,0.0,0.0,0.0,0.0,0.0,0.0,0.0,0.0
2020-09-06,1018538,1018538,0,0,1018538,0,0,0.0,0.0,0.0,0.0,0.0,0.0,0.0,0.0,0.0,0.0,0.0,0.0,0.0,0.0
2020-09-07,3819644,3819644,0,0,3819644,0,0,0.0,0.0,0.0,0.0,0.0,0.0,0.0,0.0,0.0,0.0,0.0,0.0,0.0,0.0
2020-09-08,1722330,1722330,0,0,1722330,0,0,0.0,0.0,0.0,0.0,0.0,0.0,0.0,0.0,0.0,0.0,0.0,0.0,0.0,0.0
2020-09-09,2507347,2507347,0,0,2507347,0,0,0.0,0.0,0.0,0.0,0.0,0.0,0.0,0.0,0.0,0.0,0.0,0.0,0.0,0.0
2020-09-10,3313513,3313513,0,0,3313513,0,0,0.0,0.0,0.0,0.0,0.0,0.0,0.0,0.0,0.0,0.0,0.0,0.0,0.0,0.0
2020-09-11,4734677,4734677,0,0,4734677,0,0,0.0,0.0,0.0,0.0,0.0,0.0,0.0,0.0,0.0,0.0,0.0,0.0,0.0,0.0
2020-09-12,5868472,5868472,0,0,5868472,0,0,0.0,0.0,0.0,0.0,0.0,0.0,0.0,0.0,0.0,0.0,0.0,0.0,0.0,0.0
2020-09-13,3278841,3278841,0,0,3278841,0,0,0.0,0.0,0.0,0.0,0.0,0.0,0.0,0.0,0.0,0.0,0.0,0.0,0.0,0.0
2020-09-14,5722925,5722925,0,0,5722925,0,0,0.0,0.0,0.0,0.0,0.0,0.0,0.0,0.0,0.0,0.0,0.0,0.0,0.0,0.0
2020-09-15,2383509,2383509,0,0,2383509,0,0,0.0,0.0,0.0,0.0,0.0,0.0,0.0,0.0,0.0,0.0,0.0,0.0,0.0,0.0
2020-09-16,2406158,2406158,0,0,2406158,0,0,0.0,0.0,0.0,0.0,0.0,0.0,0.0,0.0,0.0,0.0,0.0,0.0,0.0,0.0
2020-09-17,4637116,4637116,0,0,4637116,0,0,0.0,0.0,0.0,0.0,0.0,0.0,0.0,0.0,0.0,0.0,0.0,0.0,0.0,0.0
2020-09-18,6064344,6064344,0,0,6064344,0,0,0.0,0.0,0.0,0.0,0.0,0.0,0.0,0.0,0.0,0.0,0.0,0.0,0.0,0.0
2020-09-19,4005711,4005711,0,0,4005711,0,0,0.0,0.0,0.0,0.0,0.0,0.0,0.0,0.0,0.0,0.0,0.0,0.0,0.0,0.0
2020-09-20,2549567,2549567,0,0,2549567,0,0,0.0,0.0,0.0,0.0,0.0,0.0,0.0,0.0,0.0,0.0,0.0,0.0,0.0,0.0
2020-09-21,6632605,6632605,0,0,6632605,0,0,0.0,0.0,0.0,0.0,0.0,0.0,0.0,0.0,0.0,0.0,0.0,0.0,0.0,0.0
2020-09-22,2439061,2439061,0,0,2439061,0,0,0.0,0.0,0.0,0.0,0.0,0.0,0.0,0.0,0.0,0.0,0.0,0.0,0.0,0.0
2020-09-23,3633515,3633515,0,0,3633515,0,0,0.0,0.0,0.0,0.0,0.0,0.0,0.0,0.0,0.0,0.0,0.0,0.0,0.0,0.0
2020-09-24,4244136,4244136,0,0,4244136,0,0,0.0,0.0,0.0,0.0,0.0,0.0,0.0,0.0,0.0,0.0,0.0,0.0,0.0,0.0
2020-09-25,7294016,7294016,0,0,7294016,0,0,0.0,0.0,0.0,0.0,0.0,0.0,0.0,0.0,0.0,0.0,0.0,0.0,0.0,0.0
2020-09-26,3844668,3844668,0,0,3844668,0,0,0.0,0.0,0.0,0.0,0.0,0.0,0.0,0.0,0.0,0.0,0.0,0.0,0.0,0.0
2020-09-27,2554867,2554867,0,0,2554867,0,0,0.0,0.0,0.0,0.0,0.0,0.0,0.0,0.0,0.0,0.0,0.0,0.0,0.0,0.0
2020-09-28,5431011,5431011,0,0,5431011,0,0,0.0,0.0,0.0,0.0,0.0,0.0,0.0,0.0,0.0,0.0,0.0,0.0,0.0,0.0
2020-09-29,1755103,1755103,0,0,1755103,0,0,0.0,0.0,0.0,0.0,0.0,0.0,0.0,0.0,0.0,0.0,0.0,0.0,0.0,0.0
2020-09-30,1867745,1867745,0,0,1867745,0,0,0.0,0.0,0.0,0.0,0.0,0.0,0.0,0.0,0.0,0.0,0.0,0.0,0.0,0.0
2020-10-01,3099446,3099446,0,0,3099446,0,0,0.0,0.0,0.0,0.0,0.0,0.0,0.0,0.0,0.0,0.0,0.0,0.0,0.0,0.0
2020-10-02,4002022,4002022,0,0,4002022,0,0,0.0,0.0,0.0,0.0,0.0,0.0,0.0,0.0,0.0,0.0,0.0,0.0,0.0,0.0
2020-10-03,1511396,1511396,0,0,1511396,0,0,0.0,0.0,0.0,0.0,0.0,0.0,0.0,0.0,0.0,0.0,0.0,0.0,0.0,0.0
2020-10-04,4692393,4692393,0,0,4692393,0,0,0.0,0.0,0.0,0.0,0.0,0.0,0.0,0.0,0.0,0.0,0.0,0.0,0.0,0.0
2020-10-05,4325812,4325812,0,0,4325812,0,0,0.0,0.0,0.0,0.0,0.0,0.0,0.0,0.0,0.0,0.0,0.0,0.0,0.0,0.0
2020-10-06,2554541,2554541,0,0,2554541,0,0,0.0,0.0,0.0,0.0,0.0,0.0,0.0,0.0,0.0,0.0,0.0,0.0,0.0,0.0
2020-10-07,3172086,3172086,0,0,3172086,0,0,0.0,0.0,0.0,0.0,0.0,0.0,0.0,0.0,0.0,0.0,0.0,0.0,0.0,0.0
2020-10-08,6738168,6738168,0,0,6738168,0,0,0.0,0.0,0.0,0.0,0.0,0.0,0.0,0.0,0.0,0.0,0.0,0.0,0.0,0.0
2020-10-09,3456055,3456055,0,0,3456055,0,0,0.0,0.0,0.0,0.0,0.0,0.0,0.0,0.0,0.0,0.0,0.0,0.0,0.0,0.0
2020-10-10,2787422,2787422,0,0,2787422,0,0,0.0,0.0,0.0,0.0,0.0,0.0,0.0,0.0,0.0,0.0,0.0,0.0,0.0,0.0
2020-10-11,1263588,1263588,0,0,1263588,0,0,0.0,0.0,0.0,0.0,0.0,0.0,0.0,0.0,0.0,0.0,0.0,0.0,0.0,0.0
2020-10-12,5088898,5088898,0,0,5088898,0,0,0.0,0.0,0.0,0.0,0.0,0.0,0.0,0.0,0.0,0.0,0.0,0.0,0.0,0.0
2020-10-13,2474464,2474464,0,0,2474464,0,0,0.0,0.0,0.0,0.0,0.0,0.0,0.0,0.0,0.0,0.0,0.0,0.0,0.0,0.0
2020-10-14,2343203,2343203,0,0,2343203,0,0,0.0,0.0,0.0,0.0,0.0,0.0,0.0,0.0,0.0,0.0,0.0,0.0,0.0,0.0
2020-10-15,3920726,3920726,0,0,3920726,0,0,0.0,0.0,0.0,0.0,0.0,0.0,0.0,0.0,0.0,0.0,0.0,0.0,0.0,0.0
2020-10-16,5151458,5151458,0,0,5151458,0,0,0.0,0.0,0.0,0.0,0.0,0.0,0.0,0.0,0.0,0.0,0.0,0.0,0.0,0.0
2020-10-17,4243572,4243572,0,0,4243572,0,0,0.0,0.0,0.0,0.0,0.0,0.0,0.0,0.0,0.0,0.0,0.0,0.0,0.0,0.0
2020-10-18,1405088,1405088,0,0,1405088,0,0,0.0,0.0,0.0,0.0,0.0,0.0,0.0,0.0,0.0,0.0,0.0,0.0,0.0,0.0
2020-10-19,4243935,4243935,0,0,4243935,0,0,0.0,0.0,0.0,0.0,0.0,0.0,0.0,0.0,0.0,0.0,0.0,0.0,0.0,0.0
2020-10-20,1498975,1498975,0,0,1498975,0,0,0.0,0.0,0.0,0.0,0.0,0.0,0.0,0.0,0.0,0.0,0.0,0.0,0.0,0.0
2020-10-21,2179492,2179492,0,0,2179492,0,0,0.0,0.0,0.0,0.0,0.0,0.0,0.0,0.0,0.0,0.0,0.0,0.0,0.0,0.0
2020-10-22,4541196,4541196,0,0,4541196,0,0,0.0,0.0,0.0,0.0,0.0,0.0,0.0,0.0,0.0,0.0,0.0,0.0,0.0,0.0
2020-10-23,5674636,5674636,0,0,5674636,0,0,0.0,0.0,0.0,0.0,0.0,0.0,0.0,0.0,0.0,0.0,0.0,0.0,0.0,0.0
2020-10-24,3680948,3680948,0,0,3680948,0,0,0.0,0.0,0.0,0.0,0.0,0.0,0.0,0.0,0.0,0.0,0.0,0.0,0.0,0.0
2020-10-25,2558270,2558270,0,0,2558270,0,0,0.0,0.0,0.0,0.0,0.0,0.0,0.0,0.0,0.0,0.0,0.0,0.0,0.0,0.0
2020-10-26,5240297,5240297,0,0,5240297,0,0,0.0,0.0,0.0,0.0,0.0,0.0,0.0,0.0,0.0,0.0,0.0,0.0,0.0,0.0
2020-10-27,1720865,1720865,0,0,1720865,0,0,0.0,0.0,0.0,0.0,0.0,0.0,0.0,0.0,0.0,0.0,0.0,0.0,0.0,0.0
2020-10-28,1842651,1842651,0,0,1842651,0,0,0.0,0.0,0.0,0.0,0.0,0.0,0.0,0.0,0.0,0.0,0.0,0.0,0.0,0.0
2020-10-29,2611070,2611070,0,0,2611070,0,0,0.0,0.0,0.0,0.0,0.0,0.0,0.0,0.0,0.0,0.0,0.0,0.0,0.0,0.0
2020-10-30,5362438,5362438,0,0,5362438,0,0,0.0,0.0,0.0,0.0,0.0,0.0,0.0,0.0,0.0,0.0,0.0,0.0,0.0,0.0
2020-10-31,3150445,3150445,0,0,3150445,0,0,0.0,0.0,0.0,0.0,0.0,0.0,0.0,0.0,0.0,0.0,0.0,0.0,0.0,0.0
2020-11-01,2277217,2277217,0,0,2277217,0,0,0.0,0.0,0.0,0.0,0.0,0.0,0.0,0.0,0.0,0.0,0.0,0.0,0.0,0.0
2020-11-02,3354591,3354591,0,0,3354591,0,0,0.0,0.0,0.0,0.0,0.0,0.0,0.0,0.0,0.0,0.0,0.0,0.0,0.0,0.0
2020-11-03,1163259,1163259,0,0,1163259,0,0,0.0,0.0,0.0,0.0,0.0,0.0,0.0,0.0,0.0,0.0,0.0,0.0,0.0,0.0
2020-11-04,812497,812497,0,0,812497,0,0,0.0,0.0,0.0,0.0,0.0,0.0,0.0,0.0,0.0,0.0,0.0,0.0,0.0,0.0
2020-11-05,1729943,1729943,0,0,1729943,0,0,0.0,0.0,0.0,0.0,0.0,0.0,0.0,0.0,0.0,0.0,0.0,0.0,0.0,0.0
2020-11-06,4165452,4165452,0,0,4165452,0,0,0.0,0.0,0.0,0.0,0.0,0.0,0.0,0.0,0.0,0.0,0.0,0.0,0.0,0.0
2020-11-07,2448149,2448149,0,0,2448149,0,0,0.0,0.0,0.0,0.0,0.0,0.0,0.0,0.0,0.0,0.0,0.0,0.0,0.0,0.0
2020-11-08,2335118,2335118,0,0,2335118,0,0,0.0,0.0,0.0,0.0,0.0,0.0,0.0,0.0,0.0,0.0,0.0,0.0,0.0,0.0
2020-11-09,4410591,4410591,0,0,4410591,0,0,0.0,0.0,0.0,0.0,0.0,0.0,0.0,0.0,0.0,0.0,0.0,0.0,0.0,0.0
2020-11-10,1470282,1470282,0,0,1470282,0,0,0.0,0.0,0.0,0.0,0.0,0.0,0.0,0.0,0.0,0.0,0.0,0.0,0.0,0.0
2020-11-11,2027760,2027760,0,0,2027760,0,0,0.0,0.0,0.0,0.0,0.0,0.0,0.0,0.0,0.0,0.0,0.0,0.0,0.0,0.0
2020-11-12,5012819,5012819,0,0,5012819,0,0,0.0,0.0,0.0,0.0,0.0,0.0,0.0,0.0,0.0,0.0,0.0,0.0,0.0,0.0
2020-11-13,7495530,7495530,0,0,7495530,0,0,0.0,0.0,0.0,0.0,0.0,0.0,0.0,0.0,0.0,0.0,0.0,0.0,0.0,0.0
2020-11-14,4791268,4791268,0,0,4791268,0,0,0.0,0.0,0.0,0.0,0.0,0.0,0.0,0.0,0.0,0.0,0.0,0.0,0.0,0.0
2020-11-15,3887564,3887564,0,0,3887564,0,0,0.0,0.0,0.0,0.0,0.0,0.0,0.0,0.0,0.0,0.0,0.0,0.0,0.0,0.0
2020-11-16,6322320,6322320,0,0,6322320,0,0,0.0,0.0,0.0,0.0,0.0,0.0,0.0,0.0,0.0,0.0,0.0,0.0,0.0,0.0
2020-11-17,2414532,2414532,0,0,2414532,0,0,0.0,0.0,0.0,0.0,0.0,0.0,0.0,0.0,0.0,0.0,0.0,0.0,0.0,0.0
2020-11-18,2656156,2656156,0,0,2656156,0,0,0.0,0.0,0.0,0.0,0.0,0.0,0.0,0.0,0.0,0.0,0.0,0.0,0.0,0.0
2020-11-19,3307573,3307573,0,0,3307573,0,0,0.0,0.0,0.0,0.0,0.0,0.0,0.0,0.0,0.0,0.0,0.0,0.0,0.0,0.0
2020-11-20,4926313,4926313,0,0,4926313,0,0,0.0,0.0,0.0,0.0,0.0,0.0,0.0,0.0,0.0,0.0,0.0,0.0,0.0,0.0
2020-11-21,3624868,3624868,0,0,3624868,0,0,0.0,0.0,0.0,0.0,0.0,0.0,0.0,0.0,0.0,0.0,0.0,0.0,0.0,0.0
2020-11-22,2333185,2333185,0,0,2333185,0,0,0.0,0.0,0.0,0.0,0.0,0.0,0.0,0.0,0.0,0.0,0.0,0.0,0.0,0.0
2020-11-23,4455440,4455440,0,0,4455440,0,0,0.0,0.0,0.0,0.0,0.0,0.0,0.0,0.0,0.0,0.0,0.0,0.0,0.0,0.0
2020-11-24,2367430,2367430,0,0,2367430,0,0,0.0,0.0,0.0,0.0,0.0,0.0,0.0,0.0,0.0,0.0,0.0,0.0,0.0,0.0
2020-11-25,1998244,1998244,0,0,1998244,0,0,0.0,0.0,0.0,0.0,0.0,0.0,0.0,0.0,0.0,0.0,0.0,0.0,0.0,0.0
2020-11-26,2215484,2215484,0,0,2215484,0,0,0.0,0.0,0.0,0.0,0.0,0.0,0.0,0.0,0.0,0.0,0.0,0.0,0.0,0.0
2020-11-27,5570205,5570205,0,0,5570205,0,0,0.0,0.0,0.0,0.0,0.0,0.0,0.0,0.0,0.0,0.0,0.0,0.0,0.0,0.0
2020-11-28,3978236,3978236,0,0,3978236,0,0,0.0,0.0,0.0,0.0,0.0,0.0,0.0,0.0,0.0,0.0,0.0,0.0,0.0,0.0
2020-11-29,2400083,2400083,0,0,2400083,0,0,0.0,0.0,0.0,0.0,0.0,0.0,0.0,0.0,0.0,0.0,0.0,0.0,0.0,0.0
2020-11-30,4053811,4053811,0,0,4053811,0,0,0.0,0.0,0.0,0.0,0.0,0.0,0.0,0.0,0.0,0.0,0.0,0.0,0.0,0.0
2020-12-01,1254703,1254703,0,0,1254703,0,0,0.0,0.0,0.0,0.0,0.0,0.0,0.0,0.0,0.0,0.0,0.0,0.0,0.0,0.0
2020-12-02,1174941,1174941,0,0,1174941,0,0,0.0,0.0,0.0,0.0,0.0,0.0,0.0,0.0,0.0,0.0,0.0,0.0,0.0,0.0
2020-12-03,2967122,2967122,0,0,2967122,0,0,0.0,0.0,0.0,0.0,0.0,0.0,0.0,0.0,0.0,0.0,0.0,0.0,0.0,0.0
2020-12-04,4394818,4394818,0,0,4394818,0,0,0.0,0.0,0.0,0.0,0.0,0.0,0.0,0.0,0.0,0.0,0.0,0.0,0.0,0.0
2020-12-05,2986158,2986158,0,0,2986158,0,0,0.0,0.0,0.0,0.0,0.0,0.0,0.0,0.0,0.0,0.0,0.0,0.0,0.0,0.0
2020-12-06,2700756,2700756,0,0,2700756,0,0,0.0,0.0,0.0,0.0,0.0,0.0,0.0,0.0,0.0,0.0,0.0,0.0,0.0,0.0
2020-12-07,5198258,5198258,0,0,5198258,0,0,0.0,0.0,0.0,0.0,0.0,0.0,0.0,0.0,0.0,0.0,0.0,0.0,0.0,0.0
2020-12-08,965463,965463,0,0,965463,0,0,0.0,0.0,0.0,0.0,0.0,0.0,0.0,0.0,0.0,0.0,0.0,0.0,0.0,0.0
2020-12-09,2624702,2624702,0,0,2624702,0,0,0.0,0.0,0.0,0.0,0.0,0.0,0.0,0.0,0.0,0.0,0.0,0.0,0.0,0.0
2020-12-10,3642217,3642217,0,0,3642217,0,0,0.0,0.0,0.0,0.0,0.0,0.0,0.0,0.0,0.0,0.0,0.0,0.0,0.0,0.0
2020-12-11,3997243,3997243,0,0,3997243,0,0,0.0,0.0,0.0,0.0,0.0,0.0,0.0,0.0,0.0,0.0,0.0,0.0,0.0,0.0
2020-12-12,4381016,4381016,0,0,4381016,0,0,0.0,0.0,0.0,0.0,0.0,0.0,0.0,0.0,0.0,0.0,0.0,0.0,0.0,0.0
2020-12-13,621331,621331,0,0,621331,0,0,0.0,0.0,0.0,0.0,0.0,0.0,0.0,0.0,0.0,0.0,0.0,0.0,0.0,0.0
2020-12-14,3920849,3920849,0,0,3920849,0,0,0.0,0.0,0.0,0.0,0.0,0.0,0.0,0.0,0.0,0.0,0.0,0.0,0.0,0.0
2020-12-15,1358520,1358520,0,0,1358520,0,0,0.0,0.0,0.0,0.0,0.0,0.0,0.0,0.0,0.0,0.0,0.0,0.0,0.0,0.0
2020-12-16,2338210,2338210,0,0,2338210,0,0,0.0,0.0,0.0,0.0,0.0,0.0,0.0,0.0,0.0,0.0,0.0,0.0,0.0,0.0
2020-12-17,4757397,4757397,0,0,4757397,0,0,0.0,0.0,0.0,0.0,0.0,0.0,0.0,0.0,0.0,0.0,0.0,0.0,0.0,0.0
2020-12-18,5024214,5024214,0,0,5024214,0,0,0.0,0.0,0.0,0.0,0.0,0.0,0.0,0.0,0.0,0.0,0.0,0.0,0.0,0.0
2020-12-19,2740878,2740878,0,0,2740878,0,0,0.0,0.0,0.0,0.0,0.0,0.0,0.0,0.0,0.0,0.0,0.0,0.0,0.0,0.0
2020-12-20,2494096,2494096,0,0,2494096,0,0,0.0,0.0,0.0,0.0,0.0,0.0,0.0,0.0,0.0,0.0,0.0,0.0,0.0,0.0
2020-12-21,3208579,3208579,0,0,3208579,0,0,0.0,0.0,0.0,0.0,0.0,0.0,0.0,0.0,0.0,0.0,0.0,0.0,0.0,0.0
2020-12-22,2932174,2932174,0,0,2932174,0,0,0.0,0.0,0.0,0.0,0.0,0.0,0.0,0.0,0.0,0.0,0.0,0.0,0.0,0.0
2020-12-23,3297092,3297092,0,0,3297092,0,0,0.0,0.0,0.0,0.0,0.0,0.0,0.0,0.0,0.0,0.0,0.0,0.0,0.0,0.0
2020-12-24,3336188,3336188,0,0,3336188,0,0,0.0,0.0,0.0,0.0,0.0,0.0,0.0,0.0,0.0,0.0,0.0,0.0,0.0,0.0
2020-12-26,5528996,5528996,0,0,5528996,0,0,0.0,0.0,0.0,0.0,0.0,0.0,0.0,0.0,0.0,0.0,0.0,0.0,0.0,0.0
2020-12-27,2742704,2742704,0,0,2742704,0,0,0.0,0.0,0.0,0.0,0.0,0.0,0.0,0.0,0.0,0.0,0.0,0.0,0.0,0.0
2020-12-28,4264001,4264001,0,0,4264001,0,0,0.0,0.0,0.0,0.0,0.0,0.0,0.0,0.0,0.0,0.0,0.0,0.0,0.0,0.0
2020-12-29,2498153,2498153,0,0,2498153,0,0,0.0,0.0,0.0,0.0,0.0,0.0,0.0,0.0,0.0,0.0,0.0,0.0,0.0,0.0
2020-12-30,3187778,3187778,0,0,3187778,0,0,0.0,0.0,0.0,0.0,0.0,0.0,0.0,0.0,0.0,0.0,0.0,0.0,0.0,0.0
2020-12-31,3652668,3652668,0,0,3652668,0,0,0.0,0.0,0.0,0.0,0.0,0.0,0.0,0.0,0.0,0.0,0.0,0.0,0.0,0.0
2021-01-02,789731,789731,0,0,789731,0,0,0.0,0.0,0.0,0.0,0.0,0.0,0.0,0.0,0.0,0.0,0.0,0.0,0.0,0.0
2021-01-04,6950719,6896819,53900,0,6467267,483452,53900,0.007815195988876032,0.0,0.0,0.0,53900.0,0.0,0.0,0.0,0.0,0.0,0.0,0.0,53900.0,5.2941134104899055
2021-01-05,5573986,5476156,53900,0,4632971,941015,53900,0.009842668864314884,0.0,0.0,0.0,107800.0,0.0,0.0,0.0,0.0,0.0,0.0,0.0,107800.0,3.678498912659021
2021-01-06,6863018,6863018,0,0,6820250,42768,0,0.0,0.0,0.0,0.0,107800.0,0.0,0.0,0.0,0.0,0.0,0.0,0.0,107800.0,-0.26274992233278727
2021-01-07,6973373,6769662,203711,0,6042742,930631,203711,0.03009174902797968,53900.0,0.0,0.0,311511.0,0.0,0.0,0.0,0.0,53900.0,0.0,0.0,311511.0,4.958953475968703
2021-01-08,6063137,5960601,100142,0,5306466,756671,100142,0.016800652014679056,53900.0,0.0,0.0,411653.0,0.0,0.0,0.0,0.0,53900.0,0.0,0.0,411653.0,2.0469516290141394
2021-01-09,46200,46200,0,0,46200,0,0,0.0,0.0,53900.0,0.0,411653.0,0.0,0.0,0.0,0.0,0.0,53900.0,0.0,411653.0,-0.32501408001234183
2021-01-11,3900096,3795130,0,104544,3584150,315946,104544,0.02754687519350452,203711.0,53900.0,0.0,411653.0,0.0,0.0,0.0,104544.0,203711.0,53900.0,0.0,516197.0,1.9299823707962929
2021-01-12,3324970,3222602,49280,0,3166720,158250,49280,0.015291986012549483,100142.0,0.0,53900.0,407033.0,0.0,0.0,0.0,104544.0,100142.0,0.0,53900.0,511577.0,0.6687993746317867
2021-01-13,7519081,7431330,0,87751,7293280,225801,87751,0.011808248078305219,0.0,203711.0,53900.0,353133.0,0.0,0.0,0.0,192295.0,0.0,203711.0,53900.0,545428.0,1.4025196488407006
2021-01-14,5749822,5391202,352486,0,5131749,618073,352486,0.06538169681238121,0.0,100142.0,0.0,705619.0,104544.0,0.0,0.0,192295.0,104544.0,100142.0,0.0,897914.0,4.17911158748398
2021-01-15,2759418,2660669,98749,0,2429383,330035,98749,0.03711433586277141,49280.0,0.0,203711.0,600657.0,0.0,0.0,0.0,192295.0,49280.0,0.0,203711.0,792952.0,0.8048116246631548
2021-01-18,103950,103950,0,0,103950,0,0,0.0,0.0,0.0,100142.0,500515.0,87751.0,104544.0,0.0,192295.0,87751.0,104544.0,100142.0,692810.0,-0.4784075955636023
2021-01-19,3231224,3181944,49280,0,3181944,49280,49280,0.015487382717174559,352486.0,49280.0,0.0,549795.0,0.0,0.0,0.0,192295.0,352486.0,49280.0,0.0,742090.0,0.14115538010289283
2021-01-20,4962833,4909745,0,0,4402170,560663,0,0.0,98749.0,0.0,0.0,549795.0,0.0,87751.0,104544.0,87751.0,98749.0,87751.0,104544.0,637546.0,-0.5016279695372404
2021-01-21,8848496,8796822,49280,0,8227240,621256,49280,0.005602022457425823,0.0,352486.0,49280.0,549795.0,0.0,0.0,0.0,87751.0,0.0,352486.0,49280.0,637546.0,0.12023925503400723
2021-01-22,5904205,5857081,47124,0,5468898,435307,47124,0.00804564457181921,49280.0,98749.0,0.0,596919.0,0.0,0.0,87751.0,0.0,49280.0,98749.0,87751.0,596919.0,0.07176922240736863
2021-01-25,3938391,3790907,147484,0,3538919,399472,147484,0.03890466347376407,0.0,0.0,352486.0,391917.0,0.0,0.0,0.0,0.0,0.0,0.0,352486.0,391917.0,1.2947231750245995
2021-01-26,4419640,4124545,251535,0,3616039,803601,251535,0.06098489385255977,49280.0,49280.0,98749.0,544703.0,0.0,0.0,0.0,0.0,49280.0,49280.0,98749.0,544703.0,2.2890597142048237
2021-01-27,10006930,9956756,0,0,9408516,598414,0,0.0,47124.0,0.0,0.0,544703.0,0.0,0.0,0.0,0.0,47124.0,0.0,0.0,544703.0,-0.6401752947211293
2021-01-28,10251481,10213993,33352,0,10118458,133023,33352,0.0032653240250581704,147484.0,49280.0,49280.0,528775.0,0.0,0.0,0.0,0.0,147484.0,49280.0,49280.0,528775.0,-0.26634218559384804
2021-01-29,9620240,9620240,0,0,9335003,285237,0,0.0,251535.0,47124.0,0.0,528775.0,0.0,0.0,0.0,0.0,251535.0,47124.0,0.0,528775.0,-0.6571160121605583
2021-01-30,53130,53130,0,0,53130,0,0,0.0,0.0,147484.0,49280.0,479495.0,0.0,0.0,0.0,0.0,0.0,147484.0,49280.0,479495.0,-0.6571160121605583
2021-02-01,3575387,3481458,50369,0,3387166,188221,50369,0.014467784914313223,33352.0,251535.0,47124.0,482740.0,0.0,0.0,0.0,0.0,33352.0,251535.0,47124.0,482740.0,-0.08729491350020994
2021-02-02,3652528,3305597,346931,0,3021337,631191,346931,0.10495256834013089,0.0,0.0,147484.0,682187.0,0.0,0.0,0.0,0.0,0.0,0.0,147484.0,682187.0,2.803628291615574
2021-02-03,9010849,8949738,54736,0,8895838,115011,54736,0.006115932542837283,0.0,33352.0,251535.0,485388.0,0.0,0.0,0.0,0.0,0.0,33352.0,251535.0,485388.0,-0.16717508475666001
2021-02-04,5342023,5288158,49280,0,4574630,767393,49280,0.009318933110747994,50369.0,0.0,0.0,534668.0,0.0,0.0,0.0,0.0,50369.0,0.0,0.0,534668.0,-0.2414893626088475
2021-02-05,2188828,2136468,52360,0,1946540,242288,52360,0.024507727469951588,346931.0,0.0,33352.0,553676.0,0.0,0.0,0.0,0.0,346931.0,0.0,33352.0,553676.0,-0.22987075831281917
2021-02-06,130913,130913,0,0,130913,0,0,0.0,54736.0,50369.0,0.0,553676.0,0.0,0.0,0.0,0.0,54736.0,50369.0,0.0,553676.0,-0.7725281720523124
2021-02-08,2700153,2473700,147924,0,2473700,226453,147924,0.05979865796230021,49280.0,346931.0,0.0,701600.0,0.0,0.0,0.0,0.0,49280.0,346931.0,0.0,701600.0,0.7106347807859071
2021-02-09,3643317,3394677,246246,0,3005273,638044,246246,0.07253883873522025,52360.0,54736.0,50369.0,897477.0,0.0,0.0,0.0,0.0,52360.0,54736.0,50369.0,897477.0,1.5896072759342956
2021-02-10,10605670,10555391,49104,0,10159998,445672,49104,0.004652029976717113,0.0,49280.0,346931.0,599650.0,0.0,0.0,0.0,0.0,0.0,49280.0,346931.0,599650.0,-0.38487187337867323
2021-02-11,7506353,7326611,141990,0,6804481,701872,141990,0.019380035410637278,147924.0,52360.0,54736.0,686904.0,0.0,0.0,0.0,0.0,147924.0,52360.0,54736.0,686904.0,0.5149121710073021
2021-02-12,3527276,3426973,98613,0,3294223,233053,98613,0.028775531999950976,246246.0,0.0,49280.0,736237.0,0.0,0.0,0.0,0.0,246246.0,0.0,49280.0,736237.0,0.04938794688358734
2021-02-16,2701027,2557398,99649,0,2417320,283707,99649,0.038964979653155415,49104.0,147924.0,52360.0,783526.0,0.0,0.0,0.0,0.0,49104.0,147924.0,52360.0,783526.0,0.09723042032745434
2021-02-17,4122545,4070801,51744,0,3974353,148192,51744,0.012711008788931518,141990.0,246246.0,0.0,835270.0,0.0,0.0,0.0,0.0,141990.0,246246.0,0.0,835270.0,-0.3819276801434262
2021-02-18,8284771,7456801,149422,0,7456801,827970,149422,0.020038348879318508,98613.0,49104.0,147924.0,836768.0,0.0,0.0,0.0,0.0,98613.0,49104.0,147924.0,836768.0,0.5824000104958192
2021-02-19,4661824,4616662,0,42768,4469863,191961,42768,0.009263834072359192,99649.0,141990.0,246246.0,590522.0,0.0,0.0,0.0,42768.0,99649.0,141990.0,246246.0,633290.0,-0.5074298828425069
2021-02-20,1330285,1330285,0,0,1330285,0,0,0.0,51744.0,98613.0,49104.0,541418.0,0.0,0.0,0.0,42768.0,51744.0,98613.0,49104.0,584186.0,-0.9237865917412219
2021-02-22,2682447,2374579,256252,44035,2242909,439538,300287,0.12645899485382678,149422.0,99649.0,141990.0,655680.0,0.0,0.0,0.0,86803.0,149422.0,99649.0,141990.0,742483.0,1.942237283766033
2021-02-23,3013157,2963877,49280,0,2514853,498304,49280,0.01662686520835203,0.0,51744.0,98613.0,606347.0,42768.0,0.0,0.0,86803.0,42768.0,51744.0,98613.0,693150.0,-0.4040903239892499
2021-02-24,3546932,3396892,150040,0,3175440,371492,150040,0.04416977514452177,0.0,149422.0,99649.0,656738.0,0.0,0.0,0.0,86803.0,0.0,149422.0,99649.0,743541.0,0.654498990155796
2021-02-25,12654697,12449525,151705,0,12018835,635862,151705,0.01218560449610692,256252.0,0.0,51744.0,756699.0,44035.0,42768.0,0.0,86803.0,300287.0,42768.0,51744.0,843502.0,0.6240512437371104
2021-02-26,7660722,7553905,98945,0,7334237,326485,98945,0.013098521480145503,49280.0,0.0,149422.0,706222.0,0.0,0.0,0.0,86803.0,49280.0,0.0,149422.0,793025.0,0.038942766268654144
2021-02-27,50820,50820,0,0,50820,0,0,0.0,150040.0,256252.0,0.0,706222.0,0.0,44035.0,42768.0,44035.0,150040.0,300287.0,42768.0,750257.0,-1.0295876755198095
2021-03-01,2724489,2562811,100142,29304,2482027,242462,129446,0.05050936237226921,151705.0,49280.0,0.0,806364.0,0.0,0.0,0.0,73339.0,151705.0,49280.0,0.0,879703.0,0.340275646259539
2021-03-02,2879235,2328258,495537,55440,2328258,550977,550977,0.23664764100557542,98945.0,150040.0,256252.0,1045649.0,0.0,0.0,44035.0,84744.0,98945.0,150040.0,300287.0,1130393.0,3.534529374115579
2021-03-03,9610759,9505731,105028,0,9450291,160468,105028,0.011048912382549812,0.0,151705.0,49280.0,1101397.0,0.0,0.0,0.0,84744.0,0.0,151705.0,49280.0,1186141.0,-0.06784956364899149
2021-03-04,5477391,5287923,142450,0,4848491,628900,142450,0.026938738151304747,100142.0,98945.0,150040.0,1093807.0,29304.0,0.0,0.0,84744.0,129446.0,98945.0,150040.0,1178551.0,0.2710511450311241
2021-03-05,3185637,3133277,52360,0,3037445,148192,52360,0.01671093340584525,495537.0,0.0,151705.0,994462.0,55440.0,0.0,0.0,84744.0,550977.0,0.0,151705.0,1079206.0,-0.49550763819325533
2021-03-08,3208412,2926251,180226,0,2411581,796831,180226,0.06158936414225433,105028.0,100142.0,98945.0,1075743.0,0.0,29304.0,0.0,84744.0,105028.0,129446.0,98945.0,1160487.0,0.5361677093825928
2021-03-09,3744429,3511572,200200,29304,3299932,444497,229504,0.06535646560672383,142450.0,495537.0,0.0,1275943.0,0.0,55440.0,0.0,114048.0,142450.0,550977.0,0.0,1389991.0,0.8885567480504428
2021-03-10,6282462,6233959,48503,0,6137482,144980,48503,0.0077804477410827145,52360.0,105028.0,100142.0,1224304.0,0.0,0.0,29304.0,84744.0,52360.0,105028.0,129446.0,1309048.0,-0.6580344090524541
2021-03-11,5448637,5284481,161762,0,5068729,379908,161762,0.030610758064839656,180226.0,142450.0,495537.0,890529.0,0.0,0.0,55440.0,29304.0,180226.0,142450.0,550977.0,919833.0,0.277864430115583
2021-03-12,3270197,3016393,158622,44035,2882281,387916,202657,0.0671851886723021,200200.0,52360.0,105028.0,944123.0,29304.0,0.0,0.0,73339.0,229504.0,52360.0,105028.0,1017462.0,0.7095052162394239
2021-03-15,2046522,1606526,345763,0,1421790,624732,345763,0.21522389601917677,48503.0,180226.0,142450.0,1147436.0,0.0,0.0,0.0,73339.0,48503.0,180226.0,142450.0,1220775.0,1.8178729639584157
2021-03-16,3593711,3257903,250413,55440,2899921,693790,305853,0.09388029849866662,161762.0,200200.0,52360.0,1345489.0,0.0,29304.0,0.0,128779.0,161762.0,229504.0,52360.0,1474268.0,1.3668904901449148
2021-03-17,10139952,10036992,102960,0,9980936,159016,102960,0.01025805238680549,158622.0,48503.0,180226.0,1268223.0,44035.0,0.0,0.0,128779.0,202657.0,48503.0,180226.0,1397002.0,-0.3511895558719348
2021-03-18,6379971,6021459,350372,0,5767603,612368,350372,0.058187217053671365,345763.0,161762.0,200200.0,1418395.0,0.0,0.0,29304.0,99475.0,345763.0,161762.0,229504.0,1517870.0,1.6073222152398707
2021-03-19,4416260,4416260,0,0,4416260,0,0,0.0,250413.0,158622.0,48503.0,1369892.0,55440.0,44035.0,0.0,99475.0,305853.0,202657.0,48503.0,1469367.0,-1.2184706915727372
2021-03-20,53130,53130,0,0,53130,0,0,0.0,102960.0,345763.0,161762.0,1208130.0,0.0,0.0,0.0,99475.0,102960.0,345763.0,161762.0,1307605.0,-1.1373865258895
2021-03-22,2490079,2302032,98382,0,2222198,267881,98382,0.04273700681093625,350372.0,250413.0,158622.0,1147890.0,0.0,55440.0,44035.0,55440.0,350372.0,305853.0,202657.0,1203330.0,-0.3710033180165719
2021-03-23,2495677,1869273,597100,29304,1826505,669172,626404,0.33510550085220253,0.0,102960.0,345763.0,1399227.0,0.0,0.0,0.0,84744.0,0.0,102960.0,345763.0,1483971.0,3.0493094272899266
2021-03-24,9812171,9763283,48888,0,9535616,276555,48888,0.0050073315495073175,0.0,350372.0,250413.0,1197702.0,0.0,0.0,55440.0,29304.0,0.0,350372.0,305853.0,1227006.0,-0.7178299528050612
2021-03-25,5614305,5513351,98560,0,5313281,301024,98560,0.01787660211065791,98382.0,0.0,102960.0,1193302.0,0.0,0.0,0.0,29304.0,98382.0,0.0,102960.0,1222606.0,-0.3942658660798328
2021-03-26,4210290,4060083,148003,0,4012182,198108,148003,0.036453186682837105,597100.0,0.0,350372.0,990933.0,29304.0,0.0,0.0,29304.0,626404.0,0.0,350372.0,1020237.0,-0.09418778292358196
2021-03-27,95172,95172,0,0,95172,0,0,0.0,48888.0,98382.0,0.0,990933.0,0.0,0.0,0.0,29304.0,48888.0,98382.0,0.0,1020237.0,-1.014035434530698
2021-03-29,2252068,2121643,122285,0,1905887,346181,122285,0.057636907982677586,98560.0,597100.0,0.0,1113218.0,0.0,29304.0,0.0,29304.0,98560.0,626404.0,0.0,1142522.0,-0.2452945410378218
2021-03-30,2301142,2107102,147840,0,2107102,194040,147840,0.07016268307719177,148003.0,48888.0,98382.0,1162676.0,0.0,0.0,0.0,29304.0,148003.0,48888.0,98382.0,1191980.0,-0.11339884616906064
2021-03-31,6262972,5768976,200996,293000,5768976,493996,493996,0.08562973990015907,0.0,98560.0,597100.0,766572.0,0.0,0.0,29304.0,293000.0,0.0,98560.0,626404.0,1059572.0,2.0074682280309317
2021-04-01,10107733,9659075,281810,0,9449459,658274,281810,0.0291756685629143,122285.0,148003.0,48888.0,999494.0,0.0,0.0,0.0,293000.0,122285.0,148003.0,48888.0,1292494.0,0.6407455440725822
2021-04-02,2375372,2275395,99977,0,2112139,263233,99977,0.04393828590715638,147840.0,0.0,98560.0,1000911.0,0.0,0.0,0.0,293000.0,147840.0,0.0,98560.0,1293911.0,-0.4820918312599218
2021-04-05,2548599,2402697,97062,48840,2194513,354086,145902,0.060724235838211876,200996.0,122285.0,148003.0,949970.0,293000.0,0.0,0.0,341840.0,493996.0,122285.0,148003.0,1291810.0,-0.19520977539950674
2021-04-06,3386954,2932381,348533,0,2932381,454573,348533,0.11885661554326823,281810.0,147840.0,0.0,1298503.0,0.0,0.0,0.0,341840.0,281810.0,147840.0,0.0,1640343.0,0.9991034745310026
2021-04-07,7791486,7641846,94042,55598,7641846,149640,149640,0.01958165349293175,99977.0,200996.0,122285.0,1270260.0,0.0,293000.0,0.0,397438.0,99977.0,493996.0,122285.0,1667698.0,-0.2569172529087313
2021-04-08,7623237,7319615,303622,0,6966355,656882,303622,0.04148059133156712,97062.0,281810.0,147840.0,1426042.0,48840.0,0.0,0.0,397438.0,145902.0,281810.0,147840.0,1823480.0,0.6688115088251109
2021-04-09,2828952,2575082,249586,0,2519211,309741,249586,0.09692347780634644,348533.0,99977.0,200996.0,1474632.0,0.0,0.0,293000.0,104438.0,348533.0,99977.0,493996.0,1579070.0,0.4326395955154603
2021-04-12,2813961,2728060,85901,0,2356851,457110,85901,0.03148793227130918,94042.0,97062.0,281810.0,1278723.0,55598.0,48840.0,0.0,104438.0,149640.0,145902.0,281810.0,1383161.0,-0.6811887842009579
2021-04-13,2976647,2648446,267824,0,2648446,328201,267824,0.10112492339850486,303622.0,348533.0,99977.0,1446570.0,0.0,0.0,0.0,104438.0,303622.0,348533.0,99977.0,1551008.0,0.5298770005186919
2021-04-14,6222112,6121033,44352,55440,5960594,261518,99792,0.016303127870225847,249586.0,94042.0,97062.0,1393860.0,0.0,55598.0,48840.0,111038.0,249586.0,149640.0,145902.0,1504898.0,-0.6290109904874693
2021-04-15,5301828,5106468,195360,0,5009778,292050,195360,0.03825735552296509,85901.0,303622.0,348533.0,1240687.0,0.0,0.0,0.0,111038.0,85901.0,303622.0,348533.0,1351725.0,0.02312517416741192
2021-04-16,2761402,2598197,149154,0,2409406,351996,149154,0.05740671034309164,267824.0,249586.0,94042.0,1295799.0,0.0,0.0,55598.0,55440.0,267824.0,249586.0,149640.0,1351239.0,-0.2754552146499522
2021-04-19,3151859,2925507,148300,0,2744519,407340,148300,0.05069205074810939,44352.0,85901.0,303622.0,1140477.0,55440.0,0.0,0.0,55440.0,99792.0,85901.0,303622.0,1195917.0,-0.30879555350098276
2021-04-20,4105145,3645367,394548,52470,3339179,765966,447018,0.1226263027491326,195360.0,267824.0,249586.0,1285439.0,0.0,0.0,0.0,107910.0,195360.0,267824.0,249586.0,1393349.0,1.624527682885249
2021-04-21,10073021,9939994,133027,0,9840204,232817,133027,0.013383004719821288,149154.0,44352.0,85901.0,1332565.0,0.0,55440.0,0.0,107910.0,149154.0,99792.0,85901.0,1440475.0,-0.44160724580551375
2021-04-22,7325931,7073547,252384,0,7029380,296551,252384,0.03567997276614225,148300.0,195360.0,267824.0,1317125.0,0.0,0.0,0.0,107910.0,148300.0,195360.0,267824.0,1425035.0,0.3733842702906013
2021-04-23,3381389,3338727,42636,0,3144586,236803,42636,0.012770132817048889,394548.0,149154.0,44352.0,1315409.0,52470.0,0.0,55440.0,52470.0,447018.0,149154.0,99792.0,1367879.0,-0.9674157382778716
2021-04-24,327252,327252,0,0,327252,0,0,0.0,133027.0,148300.0,195360.0,1120049.0,0.0,0.0,0.0,52470.0,133027.0,148300.0,195360.0,1172519.0,-1.2031839357949028
2021-04-26,2619150,2563824,50435,0,2509924,109226,50435,0.019671779470127642,252384.0,394548.0,149154.0,1021330.0,0.0,52470.0,0.0,52470.0,252384.0,447018.0,149154.0,1073800.0,-0.8166355404833372
2021-04-27,3088399,2847371,192940,0,2771332,317067,192940,0.06776072813808663,42636.0,133027.0,148300.0,1065970.0,0.0,0.0,0.0,52470.0,42636.0,133027.0,148300.0,1118440.0,0.08089989093858944
2021-04-28,8348575,8172727,98470,55598,7883638,464937,154068,0.018851477744028677,0.0,252384.0,394548.0,769892.0,0.0,0.0,52470.0,55598.0,0.0,252384.0,447018.0,825490.0,-0.22155464536366162
2021-04-29,6914804,6721538,143986,0,6665656,249148,143986,0.021421582170392823,50435.0,42636.0,133027.0,780851.0,0.0,0.0,0.0,55598.0,50435.0,42636.0,133027.0,836449.0,-0.3033683675421895
2021-04-30,3717493,3528227,140426,48840,3518802,198691,189266,0.05364335864915759,192940.0,0.0,252384.0,668893.0,0.0,0.0,0.0,104438.0,192940.0,0.0,252384.0,773331.0,0.13823143095104315
2021-05-03,2111809,2060716,51093,0,1769533,342276,51093,0.02479379749863761,98470.0,50435.0,42636.0,677350.0,55598.0,0.0,0.0,104438.0,154068.0,50435.0,42636.0,781788.0,-1.039084480081592
2021-05-04,3156080,2553878,583502,0,2448289,707791,583502,0.22847676025371602,143986.0,192940.0,0.0,1260852.0,0.0,0.0,0.0,104438.0,143986.0,192940.0,0.0,1365290.0,2.8501842081157513
2021-05-05,11773948,11578302,98969,0,11338348,435600,98969,0.00854779841225437,140426.0,98470.0,50435.0,1309386.0,48840.0,55598.0,0.0,104438.0,189266.0,154068.0,50435.0,1413824.0,-0.637320374390376
2021-05-06,7226800,7127879,98921,0,6867175,359625,98921,0.013878039473167337,51093.0,143986.0,192940.0,1215367.0,0.0,0.0,0.0,104438.0,51093.0,143986.0,192940.0,1319805.0,-0.6782957742470124
2021-05-07,3518098,3419223,98875,0,3419223,98875,98875,0.02891738008390208,583502.0,140426.0,98470.0,1215772.0,0.0,48840.0,55598.0,48840.0,583502.0,189266.0,154068.0,1264612.0,-0.6705337666147154
2021-05-08,43956,43956,0,0,43956,0,0,0.0,98969.0,51093.0,143986.0,1071786.0,0.0,0.0,0.0,48840.0,98969.0,51093.0,143986.0,1120626.0,-1.320040008231782
2021-05-10,3385415,3284602,49280,48840,3232913,152502,98120,0.02987271216643229,98921.0,583502.0,140426.0,980640.0,0.0,0.0,48840.0,48840.0,98921.0,583502.0,189266.0,1029480.0,-0.5756511525733307
2021-05-11,4268895,3349734,880661,0,3004451,1264444,880661,0.262904677534193,98875.0,98969.0,51093.0,1810208.0,0.0,0.0,0.0,48840.0,98875.0,98969.0,51093.0,1859048.0,3.7927964747987866
2021-05-12,10844182,10844182,0,0,10656339,187843,0,0.0,0.0,98921.0,583502.0,1226706.0,0.0,0.0,0.0,48840.0,0.0,98921.0,583502.0,1275546.0,-1.024048183325295
2021-05-13,5904932,5800777,86361,0,5553880,351052,86361,0.014887830563417527,49280.0,98875.0,98969.0,1214098.0,48840.0,0.0,0.0,48840.0,98120.0,98875.0,98969.0,1262938.0,-0.5421418415441971
2021-05-14,2874440,2629468,244972,0,2469483,404957,244972,0.09316405707768374,880661.0,0.0,98921.0,1360149.0,0.0,0.0,0.0,48840.0,880661.0,0.0,98921.0,1408989.0,0.3377629621609109
2021-05-17,2475060,2325174,149347,0,2179798,295262,149347,0.0642304342683884,0.0,49280.0,98875.0,1410621.0,0.0,48840.0,0.0,48840.0,0.0,98120.0,98875.0,1459461.0,-0.18516598477536783
2021-05-18,4287876,3796574,444444,0,3701501,586375,444444,0.11706445941407716,86361.0,880661.0,0.0,1855065.0,0.0,0.0,0.0,48840.0,86361.0,880661.0,0.0,1903905.0,1.3661635317502903
2021-05-19,9281167,9183054,98113,0,9086857,194310,98113,0.010684135072696395,244972.0,0.0,49280.0,1903898.0,0.0,0.0,48840.0,0.0,244972.0,0.0,98120.0,1903898.0,-0.4504693937388873
2021-05-20,6024334,5978350,45984,0,5743049,281285,45984,0.0076917531272419435,149347.0,86361.0,880661.0,1069221.0,0.0,0.0,0.0,0.0,149347.0,86361.0,880661.0,1069221.0,-0.7172854905602924
2021-05-21,3464486,3365856,98630,0,3328157,136329,98630,0.029303086851283345,444444.0,244972.0,0.0,1167851.0,0.0,0.0,0.0,0.0,444444.0,244972.0,0.0,1167851.0,-0.4091237951901246
2021-05-24,2049197,1861519,0,42016,1615020,434177,42016,0.02257080235506468,98113.0,149347.0,86361.0,1081490.0,0.0,0.0,0.0,42016.0,98113.0,149347.0,86361.0,1123506.0,-0.6947364378878721
2021-05-25,3128056,2936172,145684,0,2842555,285501,145684,0.049616967392588925,45984.0,444444.0,244972.0,982202.0,0.0,0.0,0.0,42016.0,45984.0,444444.0,244972.0,1024218.0,-0.14011748270535343
2021-05-26,11955008,11845448,0,60280,11790119,164889,60280,0.005088874216587315,98630.0,98113.0,149347.0,832855.0,0.0,0.0,0.0,102296.0,98630.0,98113.0,149347.0,935151.0,-0.5709771916702996
2021-05-27,6256731,6205200,47782,0,5898934,357797,47782,0.007700314623168532,0.0,45984.0,444444.0,436193.0,42016.0,0.0,0.0,102296.0,42016.0,45984.0,444444.0,538489.0,-0.614816752655115
2021-05-28,5132509,5132480,0,0,5082980,49529,0,0.0,145684.0,98630.0,98113.0,338080.0,0.0,0.0,0.0,102296.0,145684.0,98630.0,98113.0,440376.0,-0.8080472779252406
2021-05-30,57468,57468,0,0,57468,0,0,0.0,0.0,0.0,45984.0,292096.0,60280.0,42016.0,0.0,102296.0,60280.0,42016.0,45984.0,394392.0,-0.7759909153291052
2021-05-31,53130,53130,0,0,53130,0,0,0.0,47782.0,145684.0,98630.0,193466.0,0.0,0.0,0.0,102296.0,47782.0,145684.0,98630.0,295762.0,-0.728595192508703
2021-06-01,4180071,3943342,101464,0,3899089,280982,101464,0.025730452562711385,0.0,0.0,0.0,294930.0,0.0,60280.0,42016.0,60280.0,0.0,60280.0,42016.0,355210.0,-0.2049259487792099
2021-06-02,5692159,5494439,148854,48840,5352019,340140,197694,0.03598073689038373,0.0,47782.0,145684.0,298100.0,0.0,0.0,0.0,109120.0,0.0,47782.0,145684.0,407220.0,0.2716594325918601
2021-06-03,7215870,7054091,98208,55440,7000191,215679,153648,0.021781400072468576,0.0,0.0,0.0,396308.0,0.0,0.0,60280.0,104280.0,0.0,0.0,60280.0,500588.0,0.018340540733915032
2021-06-04,7022061,6865837,156224,0,6710906,311155,156224,0.022753813882587966,101464.0,0.0,47782.0,504750.0,0.0,0.0,0.0,104280.0,101464.0,0.0,47782.0,609030.0,0.03874946057198902
2021-06-05,1529814,1529814,0,0,1529814,0,0,0.0,148854.0,0.0,0.0,504750.0,48840.0,0.0,0.0,104280.0,197694.0,0.0,0.0,609030.0,-0.7640059625415575
2021-06-07,3390510,3083081,299370,0,2992870,397640,299370,0.09710088800751975,98208.0,101464.0,0.0,804120.0,55440.0,0.0,0.0,104280.0,153648.0,101464.0,0.0,908400.0,0.789362414451541
2021-06-08,4420416,4019228,339878,0,3881816,538600,339878,0.08456298459231858,156224.0,148854.0,0.0,1143998.0,0.0,48840.0,0.0,104280.0,156224.0,197694.0,0.0,1248278.0,0.9602938809169714
2021-06-09,7242995,7193715,49280,0,6928504,314491,49280,0.006850423341705455,0.0,98208.0,101464.0,1091814.0,0.0,55440.0,0.0,104280.0,0.0,153648.0,101464.0,1196094.0,-0.5411517443144691
2021-06-10,10044939,9946731,98208,0,9665818,379121,98208,0.009873393592991145,299370.0,156224.0,148854.0,1041168.0,0.0,0.0,48840.0,55440.0,299370.0,156224.0,197694.0,1096608.0,-0.22530321275445886
2021-06-11,9488405,9418157,0,55440,9297080,191325,55440,0.005886501373198454,339878.0,0.0,98208.0,942960.0,0.0,0.0,55440.0,55440.0,339878.0,0.0,153648.0,998400.0,-0.45890782243999456
2021-06-12,145094,145094,0,0,145094,0,0,0.0,49280.0,299370.0,156224.0,786736.0,0.0,0.0,0.0,55440.0,49280.0,299370.0,156224.0,842176.0,-0.7475852240379646
2021-06-14,3797341,3582601,198460,0,3491719,305622,198460,0.055395491879924146,98208.0,339878.0,0.0,985196.0,0.0,0.0,0.0,55440.0,98208.0,339878.0,0.0,1040636.0,0.3480832959339161
2021-06-15,4528610,4039143,443267,0,3929361,599249,443267,0.10974280689175726,0.0,49280.0,299370.0,1129093.0,55440.0,0.0,0.0,55440.0,55440.0,49280.0,299370.0,1184533.0,1.5802425759744412
2021-06-16,13664385,13664385,0,0,13460269,204116,0,0.0,0.0,98208.0,339878.0,789215.0,0.0,0.0,0.0,55440.0,0.0,98208.0,339878.0,844655.0,-0.792350110843477
2021-06-17,8080514,7626686,396781,0,7499235,581279,396781,0.05202534206530306,198460.0,0.0,49280.0,1136716.0,0.0,55440.0,0.0,55440.0,198460.0,55440.0,49280.0,1192156.0,1.964499738754837
2021-06-20,4912131,4802877,105633,0,4526221,385910,105633,0.021993687951265887,443267.0,0.0,98208.0,1144141.0,0.0,0.0,0.0,55440.0,443267.0,0.0,98208.0,1199581.0,-0.22355682946391192
2021-06-21,4182424,4028217,106317,0,3682586,499838,106317,0.026393060157121586,0.0,198460.0,0.0,1250458.0,0.0,0.0,55440.0,0.0,0.0,198460.0,55440.0,1250458.0,-0.22375900403500387
2021-06-22,3865077,3717237,147840,0,3609437,255640,147840,0.0397714647273056,396781.0,443267.0,0.0,1398298.0,0.0,0.0,0.0,0.0,396781.0,443267.0,0.0,1398298.0,0.11544674065860211
2021-06-23,12467647,12372152,50897,0,11860375,607272,50897,0.004113835320335919,105633.0,0.0,198460.0,1250735.0,0.0,0.0,0.0,0.0,105633.0,0.0,198460.0,1250735.0,-0.5963358270064506
2021-06-24,7846711,7594983,245520,0,7374321,472390,245520,0.03232659871304535,106317.0,396781.0,443267.0,1052988.0,0.0,0.0,0.0,0.0,106317.0,396781.0,443267.0,1052988.0,1.024444070728128
2021-06-25,4591591,4494987,96096,0,4200704,390887,96096,0.0213784775398733,147840.0,105633.0,0.0,1149084.0,0.0,0.0,0.0,0.0,147840.0,105633.0,0.0,1149084.0,-0.2224700222648764
2021-06-28,1994374,1786390,47782,0,1732490,261884,47782,0.026747783659904243,50897.0,106317.0,396781.0,800085.0,0.0,0.0,0.0,0.0,50897.0,106317.0,396781.0,800085.0,-0.6264869235820826
2021-06-29,3291595,3198271,47124,0,2964677,326918,47124,0.014734206471494607,245520.0,147840.0,105633.0,741576.0,0.0,0.0,0.0,0.0,245520.0,147840.0,105633.0,741576.0,-0.6139252063247597
2021-06-30,8585530,8533170,52360,0,8196087,389443,52360,0.006136054228844119,96096.0,50897.0,106317.0,687619.0,0.0,0.0,0.0,0.0,96096.0,50897.0,106317.0,687619.0,-0.5743739415664589
2021-07-01,11608474,11369818,238656,0,10959404,649070,238656,0.02099030776127571,47782.0,245520.0,147840.0,778435.0,0.0,0.0,0.0,0.0,47782.0,245520.0,147840.0,778435.0,0.9347370624749152
2021-07-02,5095532,5043735,47782,0,4882035,213497,47782,0.009473533111169974,47124.0,96096.0,50897.0,775320.0,0.0,0.0,0.0,0.0,47124.0,96096.0,50897.0,775320.0,-0.6239635328789067
2021-07-03,204288,204288,0,0,204288,0,0,0.0,52360.0,47782.0,245520.0,529800.0,0.0,0.0,0.0,0.0,52360.0,47782.0,245520.0,529800.0,-0.9907306075070719
2021-07-05,4481,4481,0,0,4481,0,0,0.0,238656.0,47124.0,96096.0,433704.0,0.0,0.0,0.0,0.0,238656.0,47124.0,96096.0,433704.0,-0.9907306075070719
2021-07-06,3439965,2817087,543136,0,2659785,780180,543136,0.19280050889429085,47782.0,52360.0,47782.0,929058.0,0.0,0.0,0.0,0.0,47782.0,52360.0,47782.0,929058.0,2.8086207501371403
2021-07-07,6797066,6696070,47782,0,6205126,591940,47782,0.007135826367432484,0.0,238656.0,47124.0,929716.0,0.0,0.0,0.0,0.0,0.0,238656.0,47124.0,929716.0,-0.6652824586120389
2021-07-08,11386034,11236253,149301,0,11074553,311481,149301,0.013287435474491766,0.0,47782.0,52360.0,1026657.0,0.0,0.0,0.0,0.0,0.0,47782.0,52360.0,1026657.0,0.03869620732679152
2021-07-09,8150999,8150192,0,0,7938640,212359,0,0.0,543136.0,0.0,238656.0,788001.0,0.0,0.0,0.0,0.0,543136.0,0.0,238656.0,788001.0,-0.9546901853175075
2021-07-12,4325956,4216422,104588,0,4027071,298885,104588,0.024804911651416378,47782.0,0.0,47782.0,844807.0,0.0,0.0,0.0,0.0,47782.0,0.0,47782.0,844807.0,-0.21555928345914976
2021-07-13,3280444,3177449,47124,0,3085082,195362,47124,0.014830760515507718,149301.0,543136.0,0.0,891931.0,0.0,0.0,0.0,0.0,149301.0,543136.0,0.0,891931.0,-0.5864026602452157
2021-07-14,8228496,7942126,249938,36432,7357466,871030,286370,0.03605709150709879,0.0,47782.0,0.0,1141869.0,0.0,0.0,0.0,36432.0,0.0,47782.0,0.0,1178301.0,0.9984031227029081
2021-07-15,14125144,14018739,104011,0,13597587,527557,104011,0.007419425711583209,104588.0,149301.0,543136.0,702744.0,0.0,0.0,0.0,36432.0,104588.0,149301.0,543136.0,739176.0,-0.2179530782623421
2021-07-16,9293857,9240032,52360,0,9240032,53825,52360,0.005666646428643707,47124.0,0.0,47782.0,707322.0,0.0,0.0,0.0,36432.0,47124.0,0.0,47782.0,743754.0,-0.5314201970216882
2021-07-19,3568101,3322365,150656,0,3110853,457248,150656,0.04534599740064761,249938.0,104588.0,149301.0,708677.0,36432.0,0.0,0.0,36432.0,286370.0,104588.0,149301.0,745109.0,0.1599384831220918
2021-07-20,3764292,3466378,295520,0,3273121,491171,295520,0.08525322822461133,104011.0,47124.0,0.0,1004197.0,0.0,0.0,0.0,36432.0,104011.0,47124.0,0.0,1040629.0,1.1444488384389553
2021-07-21,12280770,12280770,0,0,11808502,472268,0,0.0,52360.0,249938.0,104588.0,899609.0,0.0,36432.0,0.0,36432.0,52360.0,286370.0,104588.0,936041.0,-0.9442470780127099
2021-07-22,9564161,9368396,195765,0,9004943,559218,195765,0.020896317694478576,150656.0,104011.0,47124.0,1048250.0,0.0,0.0,0.0,36432.0,150656.0,104011.0,47124.0,1084682.0,0.39940476126330965
2021-07-23,4493265,4490183,0,0,4136064,357201,0,0.0,295520.0,52360.0,249938.0,798312.0,0.0,0.0,36432.0,0.0,295520.0,52360.0,286370.0,798312.0,-0.9438910276247474
2021-07-24,67329,67329,0,0,67329,0,0,0.0,0.0,150656.0,104011.0,694301.0,0.0,0.0,0.0,0.0,0.0,150656.0,104011.0,694301.0,-0.9084221657786732
2021-07-26,2185669,2089997,47782,0,2075781,109888,47782,0.022862222834663,195765.0,295520.0,52360.0,689723.0,0.0,0.0,0.0,0.0,195765.0,295520.0,52360.0,689723.0,-0.5599648185344649
2021-07-27,4574698,4261948,288860,0,3969949,604749,288860,0.06777650319138029,0.0,0.0,150656.0,827927.0,0.0,0.0,0.0,0.0,0.0,0.0,150656.0,827927.0,1.4027259060191573
2021-07-28,8981564,8932284,49280,0,8446470,535094,49280,0.005517065342182879,0.0,195765.0,295520.0,581687.0,0.0,0.0,0.0,0.0,0.0,195765.0,295520.0,581687.0,-0.5307577704943822
2021-07-29,8010909,7814493,196416,0,7612721,398188,196416,0.025134832786358273,47782.0,0.0,0.0,778103.0,0.0,0.0,0.0,0.0,47782.0,0.0,0.0,778103.0,0.6329476957524259
2021-07-30,3204712,3151454,52360,0,3076339,128373,52360,0.01661454788343797,288860.0,0.0,195765.0,634698.0,0.0,0.0,0.0,0.0,288860.0,0.0,195765.0,634698.0,-0.4990572628719973
2021-07-31,495708,495708,0,0,495708,0,0,0.0,49280.0,47782.0,0.0,634698.0,0.0,0.0,0.0,0.0,49280.0,47782.0,0.0,634698.0,-0.8965015633039298
2021-08-02,2511003,2409044,49280,0,1985534,525469,49280,0.020456238883042866,196416.0,288860.0,0.0,683978.0,0.0,0.0,0.0,0.0,196416.0,288860.0,0.0,683978.0,-0.46068389390159614
2021-08-03,4134075,4033748,98560,0,3979848,154227,98560,0.0244338455367451,52360.0,49280.0,47782.0,734756.0,0.0,0.0,0.0,0.0,52360.0,49280.0,47782.0,734756.0,-0.06352381067746828
2021-08-04,11636634,11636634,0,0,11075868,560766,0,0.0,0.0,196416.0,288860.0,445896.0,0.0,0.0,0.0,0.0,0.0,196416.0,288860.0,445896.0,-0.8390249472869314
2021-08-05,9061851,8914539,147312,0,8676627,385224,147312,0.01652491323164179,49280.0,52360.0,49280.0,543928.0,0.0,0.0,0.0,0.0,49280.0,52360.0,49280.0,543928.0,0.3138652704638228
2021-08-06,4418320,4309856,104456,0,4141156,277164,104456,0.02423653499408449,98560.0,0.0,196416.0,451968.0,0.0,0.0,0.0,0.0,98560.0,0.0,196416.0,451968.0,-0.04391055282155971
2021-08-07,223564,223564,0,0,223564,0,0,0.0,0.0,49280.0,52360.0,399608.0,0.0,0.0,0.0,0.0,0.0,49280.0,52360.0,399608.0,-0.8264971918575779
2021-08-09,3366175,3326199,0,0,2883522,482653,0,0.0,147312.0,98560.0,0.0,399608.0,0.0,0.0,0.0,0.0,147312.0,98560.0,0.0,399608.0,-0.8068635524389787
2021-08-10,4787390,4547832,239558,0,4160461,626929,239558,0.05267519717632552,104456.0,0.0,49280.0,589886.0,0.0,0.0,0.0,0.0,104456.0,0.0,49280.0,589886.0,1.046256727424682
2021-08-11,12167148,12079898,0,0,11974309,192839,0,0.0,0.0,147312.0,98560.0,491326.0,0.0,0.0,0.0,0.0,0.0,147312.0,98560.0,491326.0,-0.8639751532326976
2021-08-12,7769938,7493048,236016,0,7178714,591224,236016,0.03149799233930006,0.0,104456.0,0.0,727342.0,0.0,0.0,0.0,0.0,0.0,104456.0,0.0,727342.0,1.4029495700877141
2021-08-13,5242863,5095586,49421,0,4698994,543869,49421,0.009698784458002582,239558.0,0.0,147312.0,629451.0,0.0,0.0,0.0,0.0,239558.0,0.0,147312.0,629451.0,-0.49605015514026435
2021-08-14,106260,106260,0,0,106260,0,0,0.0,0.0,0.0,104456.0,524995.0,0.0,0.0,0.0,0.0,0.0,0.0,104456.0,524995.0,-0.9378734257456289
2021-08-16,3696888,3506310,98560,0,3268754,428134,98560,0.028109314889637572,236016.0,239558.0,0.0,623555.0,0.0,0.0,0.0,0.0,236016.0,239558.0,0.0,623555.0,0.021318970911982746
2021-08-17,2897472,2566178,289274,0,2456396,441076,289274,0.11272557370315944,49421.0,0.0,0.0,912829.0,0.0,0.0,0.0,0.0,49421.0,0.0,0.0,912829.0,1.7956651168852178
2021-08-18,15123958,14967241,100542,0,14868461,255497,100542,0.006717470058946064,0.0,236016.0,239558.0,773813.0,0.0,0.0,0.0,0.0,0.0,236016.0,239558.0,773813.0,-0.037422368886820406
2021-08-19,8708019,8635936,49280,0,8328974,379045,49280,0.005706387158683534,98560.0,49421.0,0.0,823093.0,0.0,0.0,0.0,0.0,98560.0,49421.0,0.0,823093.0,-0.4822095404193948
2021-08-20,5181280,4915989,214198,0,4915989,265291,214198,0.04357169156161831,289274.0,0.0,236016.0,801275.0,0.0,0.0,0.0,0.0,289274.0,0.0,236016.0,801275.0,1.1370660738244796
2021-08-21,85536,85536,0,0,85536,0,0,0.0,100542.0,98560.0,49421.0,751854.0,0.0,0.0,0.0,0.0,100542.0,98560.0,49421.0,751854.0,-0.9690498010766007
2021-08-23,3878910,3581140,199140,0,3251318,627592,199140,0.05560797522353909,49280.0,289274.0,0.0,950994.0,0.0,0.0,0.0,0.0,49280.0,289274.0,0.0,950994.0,0.9637150400113752
2021-08-24,5492100,5011279,480821,0,4621739,870361,480821,0.0959477418942865,214198.0,100542.0,98560.0,1333255.0,0.0,0.0,0.0,0.0,214198.0,100542.0,98560.0,1333255.0,3.141944634134468
2021-08-25,11600852,11541236,49280,0,11442007,158845,49280,0.004269906250083938,0.0,49280.0,289274.0,1093261.0,0.0,0.0,0.0,0.0,0.0,49280.0,289274.0,1093261.0,-0.4963643418494694
2021-08-26,8265347,8152709,49104,0,8109941,155406,49104,0.006023027925683607,199140.0,214198.0,100542.0,1041823.0,0.0,0.0,0.0,0.0,199140.0,214198.0,100542.0,1041823.0,-0.45928432590929835
2021-08-27,4661051,4459894,194515,0,4094239,566812,194515,0.043614255492562044,480821.0,0.0,49280.0,1187058.0,0.0,0.0,0.0,0.0,480821.0,0.0,49280.0,1187058.0,0.728164036453762
2021-08-28,53130,53130,0,0,53130,0,0,0.0,49280.0,199140.0,214198.0,972860.0,0.0,0.0,0.0,0.0,49280.0,199140.0,214198.0,972860.0,-0.9372379144186317
2021-08-29,199543,199543,0,0,199543,0,0,0.0,49104.0,480821.0,0.0,972860.0,0.0,0.0,0.0,0.0,49104.0,480821.0,0.0,972860.0,-0.9142864981820855
2021-08-30,3177706,2966378,144063,0,2871250,306456,144063,0.04856527099200743,194515.0,49280.0,199140.0,917783.0,0.0,0.0,0.0,0.0,194515.0,49280.0,199140.0,917783.0,0.36234761230882967
2021-08-31,5190475,4842474,348001,0,4492008,698467,348001,0.07186428427611913,0.0,49104.0,480821.0,784963.0,0.0,0.0,0.0,0.0,0.0,49104.0,480821.0,784963.0,1.9395719234077207
2021-09-01,11330286,11282504,47782,0,11062940,267346,47782,0.00423505241078998,0.0,194515.0,49280.0,783465.0,0.0,0.0,0.0,0.0,0.0,194515.0,49280.0,783465.0,-0.4994590089336005
2021-09-02,7414225,7059327,246730,0,6919781,494444,246730,0.03495091884100016,144063.0,0.0,49104.0,981091.0,0.0,0.0,0.0,0.0,144063.0,0.0,49104.0,981091.0,1.0767722500594228
2021-09-03,5702514,5506881,195633,0,5364990,337524,195633,0.0355251846689288,348001.0,0.0,194515.0,982209.0,0.0,0.0,0.0,0.0,348001.0,0.0,194515.0,982209.0,0.6129763837509211
2021-09-04,95898,95898,0,0,95898,0,0,0.0,47782.0,144063.0,0.0,982209.0,0.0,0.0,0.0,0.0,47782.0,144063.0,0.0,982209.0,-0.9707990509586366
2021-09-06,44352,44352,0,0,44352,0,0,0.0,246730.0,348001.0,0.0,982209.0,0.0,0.0,0.0,0.0,246730.0,348001.0,0.0,982209.0,-0.9298910886582176
2021-09-07,4241540,3866563,295636,0,3670977,570563,295636,0.07645961634153735,195633.0,47782.0,144063.0,1133782.0,0.0,0.0,0.0,0.0,195633.0,47782.0,144063.0,1133782.0,1.3354283653582133
2021-09-08,5257206,5207926,0,0,5127626,129580,0,0.0,0.0,246730.0,348001.0,785781.0,0.0,0.0,0.0,0.0,0.0,246730.0,348001.0,785781.0,-0.9383381560814981
2021-09-09,9647414,9508924,98560,0,9314312,333102,98560,0.010364999198121765,0.0,195633.0,47782.0,836559.0,0.0,0.0,0.0,0.0,0.0,195633.0,47782.0,836559.0,-0.172877730440761
2021-09-10,5654480,5654480,0,0,5307930,346550,0,0.0,295636.0,0.0,246730.0,589829.0,0.0,0.0,0.0,0.0,295636.0,0.0,246730.0,589829.0,-0.9365923298174993
2021-09-11,55073,55073,0,0,55073,0,0,0.0,0.0,0.0,195633.0,394196.0,0.0,0.0,0.0,0.0,0.0,0.0,195633.0,394196.0,-0.9365923298174993
2021-09-13,4582183,4570330,0,0,4177582,404601,0,0.0,98560.0,295636.0,0.0,394196.0,0.0,0.0,0.0,0.0,98560.0,295636.0,0.0,394196.0,-0.8759780809865642
2021-09-14,5590861,4875170,715691,0,4487741,1103120,715691,0.14680326084972198,0.0,0.0,0.0,1109887.0,0.0,0.0,0.0,0.0,0.0,0.0,0.0,1109887.0,3.453173668223651
2021-09-15,7478154,7370028,97115,0,7314146,164008,97115,0.013177017349592519,0.0,98560.0,295636.0,911366.0,0.0,0.0,0.0,0.0,0.0,98560.0,295636.0,911366.0,-0.2098912414777828
2021-09-16,14674246,14528148,98208,0,14435557,238689,98208,0.0067598425649406544,0.0,0.0,0.0,1009574.0,0.0,0.0,0.0,0.0,0.0,0.0,0.0,1009574.0,-0.2138556189506279
2021-09-17,8364955,8136149,156636,0,7645081,719874,156636,0.019251857451005695,715691.0,0.0,98560.0,1067650.0,0.0,0.0,0.0,0.0,715691.0,0.0,98560.0,1067650.0,0.10762823238884808
2021-09-18,84658,84658,0,0,84658,0,0,0.0,97115.0,0.0,0.0,1067650.0,0.0,0.0,0.0,0.0,97115.0,0.0,0.0,1067650.0,-0.8170485090124473
2021-09-20,2063432,1970454,0,0,1636080,427352,0,0.0,98208.0,715691.0,0.0,1067650.0,0.0,0.0,0.0,0.0,98208.0,715691.0,0.0,1067650.0,-0.7627933701865655
2021-09-21,3501188,3303111,198077,0,3036047,465141,198077,0.05996678283994003,156636.0,97115.0,0.0,1265727.0,0.0,0.0,0.0,0.0,156636.0,97115.0,0.0,1265727.0,0.41526778238759965
2021-09-22,8136896,7985474,149028,0,7873710,263186,149028,0.018662383890751647,0.0,98208.0,715691.0,699064.0,0.0,0.0,0.0,0.0,0.0,98208.0,715691.0,699064.0,0.09951838687591519
2021-09-23,6965567,6708985,195270,0,6653103,312464,195270,0.02910573967511633,0.0,156636.0,97115.0,797219.0,0.0,0.0,0.0,0.0,0.0,156636.0,97115.0,797219.0,0.38426124292354874
2021-09-24,2476453,2396437,52360,0,2280684,195769,52360,0.021849094364218894,198077.0,0.0,98208.0,751371.0,0.0,0.0,0.0,0.0,198077.0,0.0,98208.0,751371.0,-0.4974977925507147
2021-09-25,50307,50307,0,0,50307,0,0,0.0,149028.0,0.0,156636.0,594735.0,0.0,0.0,0.0,0.0,149028.0,0.0,156636.0,594735.0,-0.7709922760486813
2021-09-27,2560845,2441545,0,0,2298457,262388,0,0.0,195270.0,198077.0,0.0,594735.0,0.0,0.0,0.0,0.0,195270.0,198077.0,0.0,594735.0,-0.7299754782382919
2021-09-28,4375211,4152061,193963,0,4104541,270670,193963,0.04671486119426926,52360.0,149028.0,0.0,788698.0,0.0,0.0,0.0,0.0,52360.0,149028.0,0.0,788698.0,0.5123476954637856
2021-09-29,13736022,13736022,0,0,13284464,451558,0,0.0,0.0,195270.0,198077.0,590621.0,0.0,0.0,0.0,0.0,0.0,195270.0,198077.0,590621.0,-0.744703072194466
2021-09-30,9039378,8817616,147488,0,8709816,329562,147488,0.016726514658098667,0.0,52360.0,149028.0,589081.0,0.0,0.0,0.0,0.0,0.0,52360.0,149028.0,589081.0,0.22784023776711557
2021-10-01,4904847,4709097,147338,0,4604635,300212,147338,0.03128794516487021,193963.0,0.0,195270.0,541149.0,0.0,0.0,0.0,0.0,193963.0,0.0,195270.0,541149.0,0.19649710260437603
2021-10-02,96373,96373,0,0,96373,0,0,0.0,0.0,0.0,52360.0,488789.0,0.0,0.0,0.0,0.0,0.0,0.0,52360.0,488789.0,-0.7765957203015167
2021-10-04,2988227,2797471,98622,0,2525124,463103,98622,0.03525397215771954,147488.0,193963.0,0.0,587411.0,0.0,0.0,0.0,0.0,147488.0,193963.0,0.0,587411.0,-0.11527913480042018
2021-10-05,4501170,4308362,192808,0,4009494,491676,192808,0.0447520322684045,147338.0,0.0,0.0,780219.0,0.0,0.0,0.0,0.0,147338.0,0.0,0.0,780219.0,0.5621356001117239
2021-10-06,12250106,12200826,49280,0,11908046,342060,49280,0.004039070466288884,0.0,147488.0,193963.0,635536.0,0.0,0.0,0.0,0.0,0.0,147488.0,193963.0,635536.0,-0.42328370453363806
2021-10-07,7642764,7399818,242946,0,7045884,596880,242946,0.032831343577457775,98622.0,147338.0,0.0,878482.0,0.0,0.0,0.0,0.0,98622.0,147338.0,0.0,878482.0,0.907633944820186
2021-10-08,3555896,3393043,147897,0,3105512,450384,147897,0.043588294168893774,192808.0,0.0,147488.0,878891.0,0.0,0.0,0.0,0.0,192808.0,0.0,147488.0,878891.0,0.2669031134544062
2021-10-09,43243,43243,0,0,43243,0,0,0.0,49280.0,98622.0,147338.0,731553.0,0.0,0.0,0.0,0.0,49280.0,98622.0,147338.0,731553.0,-0.7539920285747624
2021-10-11,181751,181751,0,0,181751,0,0,0.0,242946.0,192808.0,0.0,731553.0,0.0,0.0,0.0,0.0,242946.0,192808.0,0.0,731553.0,-0.7539920285747624
2021-10-12,3914077,3668476,197711,0,3519531,394546,197711,0.05389457259783829,147897.0,49280.0,98622.0,830642.0,0.0,0.0,0.0,0.0,147897.0,49280.0,98622.0,830642.0,0.6479529342214004
2021-10-13,5395459,5298844,46926,0,4979616,415843,46926,0.008855892180277023,0.0,242946.0,192808.0,684760.0,0.0,0.0,0.0,0.0,0.0,242946.0,192808.0,684760.0,-0.43093341632664733
2021-10-14,9370192,9076199,291927,0,8713672,656520,291927,0.0321640113703973,0.0,147897.0,49280.0,927407.0,0.0,0.0,0.0,0.0,0.0,147897.0,49280.0,927407.0,1.2307556348445534
2021-10-15,5989921,5877766,98402,0,5823866,166055,98402,0.016741391756427228,197711.0,0.0,242946.0,782863.0,0.0,0.0,0.0,0.0,197711.0,0.0,242946.0,782863.0,-0.13183135591857695
2021-10-16,535612,535612,0,0,535612,0,0,0.0,46926.0,0.0,147897.0,634966.0,0.0,0.0,0.0,0.0,46926.0,0.0,147897.0,634966.0,-0.8198641838352548
2021-10-18,3344197,3247285,96912,0,3015412,328785,96912,0.029843998957898996,291927.0,197711.0,0.0,731878.0,0.0,0.0,0.0,0.0,291927.0,197711.0,0.0,731878.0,-0.16676638649735234
2021-10-19,4035309,3863603,149939,0,3577599,457710,149939,0.038808066251096125,98402.0,46926.0,0.0,881817.0,0.0,0.0,0.0,0.0,98402.0,46926.0,0.0,881817.0,0.5604768503222404
2021-10-20,7438959,7388524,50435,0,7116684,322275,50435,0.0068261256475412885,0.0,291927.0,197711.0,734541.0,0.0,0.0,0.0,0.0,0.0,291927.0,197711.0,734541.0,-0.5725219051844368
2021-10-21,9200082,9006968,193114,0,8902774,297308,193114,0.021440509010300802,96912.0,98402.0,46926.0,880729.0,0.0,0.0,0.0,0.0,96912.0,98402.0,46926.0,880729.0,1.017351236903085
2021-10-22,5993354,5930351,52360,0,5553972,439382,52360,0.008829155503754247,149939.0,0.0,291927.0,641162.0,0.0,0.0,0.0,0.0,149939.0,0.0,291927.0,641162.0,-0.5372763055398918
2021-10-23,53130,53130,0,0,53130,0,0,0.0,50435.0,96912.0,98402.0,542760.0,0.0,0.0,0.0,0.0,50435.0,96912.0,98402.0,542760.0,-1.1307726770257902
2021-10-25,3205392,3082186,0,0,2646945,558447,0,0.0,193114.0,149939.0,0.0,542760.0,0.0,0.0,0.0,0.0,193114.0,149939.0,0.0,542760.0,-1.1307726770257902
2021-10-26,3252673,3200331,49104,0,2881224,371449,49104,0.015343408121407404,52360.0,50435.0,96912.0,494952.0,0.0,0.0,0.0,0.0,52360.0,50435.0,96912.0,494952.0,-0.5271318789072229
2021-10-27,10310287,10310287,0,0,10198523,111764,0,0.0,0.0,193114.0,149939.0,345013.0,0.0,0.0,0.0,0.0,0.0,193114.0,149939.0,345013.0,-1.0239463281595766
2021-10-28,5877506,5747167,96886,0,5747167,130339,96886,0.01685804208263966,0.0,52360.0,50435.0,391464.0,0.0,0.0,0.0,0.0,0.0,52360.0,50435.0,391464.0,0.12098042416292897
2021-10-29,5269186,5081934,96595,0,4741179,528007,96595,0.019007523708980928,49104.0,0.0,193114.0,294945.0,0.0,0.0,0.0,0.0,49104.0,0.0,193114.0,294945.0,0.10059056563387951
2021-10-30,50688,50688,0,0,50688,0,0,0.0,0.0,0.0,52360.0,242585.0,0.0,0.0,0.0,0.0,0.0,0.0,52360.0,242585.0,-1.032767796330442
2021-11-01,3000169,2719192,150359,0,2719192,280977,150359,0.055295449789698636,96886.0,49104.0,0.0,392944.0,0.0,0.0,0.0,0.0,96886.0,49104.0,0.0,392944.0,0.6800946729448836
2021-11-02,3823296,3579710,240889,0,3243818,579478,240889,0.06729286246850653,96595.0,0.0,0.0,633833.0,0.0,0.0,0.0,0.0,96595.0,0.0,0.0,633833.0,1.688675919212547
2021-11-03,10922428,10864654,50294,0,10423186,499242,50294,0.004629139167327449,0.0,96886.0,49104.0,635023.0,0.0,0.0,0.0,0.0,0.0,96886.0,49104.0,635023.0,-0.539600893293737
2021-11-04,6113412,5830455,243540,0,5633465,479947,243540,0.041770317793325254,150359.0,96595.0,0.0,878563.0,0.0,0.0,0.0,0.0,150359.0,96595.0,0.0,878563.0,1.6200398506307916
2021-11-05,3368222,3315862,52360,0,2952107,416115,52360,0.01579076095725306,240889.0,0.0,96886.0,834037.0,0.0,0.0,0.0,0.0,240889.0,0.0,96886.0,834037.0,-0.4946335436203911
2021-11-06,417904,417904,0,0,417904,0,0,0.0,50294.0,150359.0,96595.0,737442.0,0.0,0.0,0.0,0.0,50294.0,150359.0,96595.0,737442.0,-1.0839144193379915
2021-11-08,2293163,2191847,49533,0,1759215,533948,49533,0.02259873859866195,243540.0,240889.0,0.0,786975.0,0.0,0.0,0.0,0.0,243540.0,240889.0,0.0,786975.0,-0.5057175219995466
2021-11-09,3189011,3090803,98208,0,2928219,260792,98208,0.031774256795319276,52360.0,50294.0,150359.0,734824.0,0.0,0.0,0.0,0.0,52360.0,50294.0,150359.0,734824.0,0.07658122960324362
2021-11-10,8092028,7799397,290664,0,7695995,396033,290664,0.03726749167051098,0.0,243540.0,240889.0,784599.0,0.0,0.0,0.0,0.0,0.0,243540.0,240889.0,784599.0,2.029663333449886
2021-11-11,1498199,1498199,0,0,1498199,0,0,0.0,49533.0,52360.0,50294.0,734305.0,0.0,0.0,0.0,0.0,49533.0,52360.0,50294.0,734305.0,-0.9962402422176502
2021-11-12,7299644,7299644,0,0,7131998,167646,0,0.0,98208.0,0.0,243540.0,490765.0,0.0,0.0,0.0,0.0,98208.0,0.0,243540.0,490765.0,-0.9340762673719505
2021-11-15,2622027,2574245,47782,0,2155670,466357,47782,0.01856155161550217,290664.0,49533.0,52360.0,486187.0,0.0,0.0,0.0,0.0,290664.0,49533.0,52360.0,486187.0,-0.4409237842788083
2021-11-16,2639529,2370773,95088,0,2330458,309071,95088,0.040108420288057826,0.0,98208.0,0.0,581275.0,0.0,0.0,0.0,0.0,0.0,98208.0,0.0,581275.0,0.04208453011949502
2021-11-17,5041126,4937792,101387,0,4495016,546110,101387,0.020532857493216098,0.0,290664.0,49533.0,633129.0,0.0,0.0,0.0,0.0,0.0,290664.0,49533.0,633129.0,0.15153114128827286
2021-11-18,7584002,7286716,297286,0,6960844,623158,297286,0.0407983458119754,47782.0,0.0,98208.0,832207.0,0.0,0.0,0.0,0.0,47782.0,0.0,98208.0,832207.0,2.1079567766121565
2021-11-19,8573748,8521388,52360,0,8299842,273906,52360,0.006144538173295457,95088.0,0.0,290664.0,593903.0,0.0,0.0,0.0,0.0,95088.0,0.0,290664.0,593903.0,-0.4096404751444753
2021-11-20,152724,152724,0,0,152724,0,0,0.0,101387.0,47782.0,0.0,593903.0,0.0,0.0,0.0,0.0,101387.0,47782.0,0.0,593903.0,-0.9512124168046796
2021-11-22,4630976,4581851,0,0,4283111,347865,0,0.0,297286.0,95088.0,0.0,593903.0,0.0,0.0,0.0,0.0,297286.0,95088.0,0.0,593903.0,-0.9512124168046796
2021-11-23,5474599,5274449,197756,0,4801768,672831,197756,0.03749319834295519,52360.0,101387.0,47782.0,743877.0,0.0,0.0,0.0,0.0,52360.0,101387.0,47782.0,743877.0,1.1890710886639284
2021-11-24,11521884,11353115,147312,0,11241351,280533,147312,0.012975468585012256,0.0,297286.0,95088.0,796101.0,0.0,0.0,0.0,0.0,0.0,297286.0,95088.0,796101.0,0.6412816105411595
2021-11-26,8745316,8510229,200200,0,8163056,582260,200200,0.0235246285940568,0.0,52360.0,101387.0,894914.0,0.0,0.0,0.0,0.0,0.0,52360.0,101387.0,894914.0,1.1392799985486768
2021-11-27,50688,50688,0,0,50688,0,0,0.0,197756.0,0.0,297286.0,597628.0,0.0,0.0,0.0,0.0,197756.0,0.0,297286.0,597628.0,-0.9328593988742095
2021-11-29,3754088,3754088,0,0,3356439,397649,0,0.0,147312.0,0.0,52360.0,545268.0,0.0,0.0,0.0,0.0,147312.0,0.0,52360.0,545268.0,-0.9029768305755764
2021-11-30,4168668,3934078,141372,0,3537319,631349,141372,0.03593522143302155,200200.0,197756.0,0.0,686640.0,0.0,0.0,0.0,0.0,200200.0,197756.0,0.0,686640.0,0.5495879050717064
2021-12-01,3403676,3351267,0,50015,3002745,400931,50015,0.014924201824503441,0.0,147312.0,0.0,686640.0,0.0,0.0,0.0,50015.0,0.0,147312.0,0.0,736655.0,-0.4508271648426601
2021-12-02,13341696,12998588,343108,0,12892810,448886,343108,0.026395788035147506,0.0,200200.0,197756.0,831992.0,0.0,0.0,0.0,50015.0,0.0,200200.0,197756.0,882007.0,2.353915110036302
2021-12-03,6270050,6123219,146831,0,5817885,452165,146831,0.02397937686380695,141372.0,0.0,147312.0,831511.0,0.0,0.0,0.0,50015.0,141372.0,0.0,147312.0,881526.0,0.4004071830196777
2021-12-04,101508,101508,0,0,101508,0,0,0.0,0.0,0.0,200200.0,631311.0,50015.0,0.0,0.0,50015.0,50015.0,0.0,200200.0,681326.0,-1.0009757698768837
2021-12-05,173998,173998,0,0,173998,0,0,0.0,343108.0,141372.0,0.0,631311.0,0.0,0.0,0.0,50015.0,343108.0,141372.0,0.0,681326.0,-0.9539140308615864
2021-12-06,2876573,2726993,52360,0,2500809,375764,52360,0.019200628970947497,146831.0,0.0,0.0,683671.0,0.0,50015.0,0.0,50015.0,146831.0,50015.0,0.0,733686.0,-0.47639170143587417
2021-12-07,2788191,2676884,94248,0,2479588,308603,94248,0.03520808701158249,0.0,343108.0,141372.0,636547.0,0.0,0.0,0.0,50015.0,0.0,343108.0,141372.0,686562.0,-0.05344531622845931
2021-12-08,7298866,7108546,146518,0,6758383,540483,146518,0.02061152581533188,0.0,146831.0,0.0,783065.0,0.0,0.0,50015.0,0.0,0.0,146831.0,50015.0,783065.0,0.49940094550202335
2021-12-09,6154769,5545487,602764,0,5081875,1072894,602764,0.10869449181027892,52360.0,0.0,343108.0,1042721.0,0.0,0.0,0.0,0.0,52360.0,0.0,343108.0,1042721.0,3.595892571323153
2021-12-10,3250922,3032528,150003,0,2828863,422059,150003,0.04946465474856135,94248.0,0.0,146831.0,1045893.0,0.0,0.0,0.0,0.0,94248.0,0.0,146831.0,1045893.0,0.2850724304213888
2021-12-13,4625664,4403339,102256,0,4293999,331665,102256,0.023222372108444952,146518.0,52360.0,0.0,1148149.0,0.0,0.0,0.0,0.0,146518.0,52360.0,0.0,1148149.0,-0.08493677077921143
2021-12-14,1624694,1328890,249850,0,1328890,295804,249850,0.18801391536250903,602764.0,94248.0,0.0,1397999.0,0.0,0.0,0.0,0.0,602764.0,94248.0,0.0,1397999.0,0.9573745509730787
2021-12-15,10182462,10133182,49280,0,9944323,238139,49280,0.00486323004331413,150003.0,146518.0,52360.0,1394919.0,0.0,0.0,0.0,0.0,150003.0,146518.0,52360.0,1394919.0,-0.5432516851467154
2021-12-16,8267761,7873859,344622,0,7570427,697334,344622,0.043767859728265426,102256.0,602764.0,94248.0,1645293.0,0.0,0.0,0.0,0.0,102256.0,602764.0,94248.0,1645293.0,1.536791517020105
2021-12-17,3796328,3653326,50294,0,3261934,534394,50294,0.013766629704923759,249850.0,150003.0,146518.0,1549069.0,0.0,0.0,0.0,0.0,249850.0,150003.0,146518.0,1549069.0,-0.5243293258328567
2021-12-19,40938,40938,0,0,40938,0,0,0.0,49280.0,102256.0,602764.0,946305.0,0.0,0.0,0.0,0.0,49280.0,102256.0,602764.0,946305.0,-0.8916299701622926
2021-12-20,3137051,2967264,99792,0,2967264,169787,99792,0.03363096993359205,344622.0,249850.0,150003.0,896094.0,0.0,0.0,0.0,0.0,344622.0,249850.0,150003.0,896094.0,-0.18972426542814788
2021-12-21,2775269,2529309,245960,0,2140017,635252,245960,0.0972439123713582,50294.0,49280.0,102256.0,1039798.0,0.0,0.0,0.0,0.0,50294.0,49280.0,102256.0,1039798.0,0.8379316389431737
2021-12-22,7758430,7655250,0,103180,7345877,412553,103180,0.013478330103088717,0.0,344622.0,249850.0,789948.0,0.0,0.0,0.0,103180.0,0.0,344622.0,249850.0,893128.0,-0.21420315346306626
2021-12-23,8253668,7716007,537661,0,7572785,680883,537661,0.06968123931442269,99792.0,50294.0,49280.0,1278329.0,0.0,0.0,0.0,103180.0,99792.0,50294.0,49280.0,1381509.0,2.528814811385674
2021-12-24,53130,53130,0,0,53130,0,0,0.0,245960.0,0.0,344622.0,933707.0,0.0,0.0,0.0,103180.0,245960.0,0.0,344622.0,1036887.0,-0.8885441439840732
2021-12-27,2295242,1995157,250427,0,1712201,583041,250427,0.12551737757109963,0.0,99792.0,50294.0,1133840.0,103180.0,0.0,0.0,103180.0,103180.0,99792.0,50294.0,1237020.0,0.6914877036593583
2021-12-28,2376722,2227700,141555,0,2024860,351862,141555,0.06354308769444374,537661.0,245960.0,0.0,1275395.0,0.0,0.0,0.0,103180.0,537661.0,245960.0,0.0,1378575.0,-0.04395715502427159
2021-12-29,5453655,5253336,100373,0,5253336,200319,100373,0.019106522197224356,0.0,0.0,99792.0,1275976.0,0.0,103180.0,0.0,103180.0,0.0,103180.0,99792.0,1379156.0,-0.3416389400024694
2021-12-30,9875000,9623961,197421,53618,9167763,707237,251039,0.026084787117821123,250427.0,537661.0,245960.0,1227437.0,0.0,0.0,0.0,156798.0,250427.0,537661.0,245960.0,1384235.0,0.6476986053269244
2022-01-03,6452700,6152429,256469,0,5677061,775639,256469,0.041685805445978254,141555.0,0.0,0.0,1483906.0,0.0,0.0,103180.0,53618.0,141555.0,0.0,103180.0,1537524.0,0.6545376747905185
2022-01-04,2427369,2280506,146863,0,2148798,278571,146863,0.06439927612587902,100373.0,250427.0,537661.0,1093108.0,0.0,0.0,0.0,53618.0,100373.0,250427.0,537661.0,1146726.0,-0.05512414005239451
2022-01-05,5235601,5132853,53090,0,5085333,150268,53090,0.010343173602833823,197421.0,141555.0,0.0,1146198.0,53618.0,0.0,0.0,53618.0,251039.0,141555.0,0.0,1199816.0,-0.6919006416674558
2022-01-06,8709966,8456730,196768,54074,8177431,532535,250842,0.029661816132025485,256469.0,100373.0,250427.0,1092539.0,0.0,0.0,0.0,107692.0,256469.0,100373.0,250427.0,1200231.0,0.5771844999910101
2022-01-07,6907092,6797726,109366,0,6475457,431635,109366,0.016088613149660175,146863.0,197421.0,141555.0,1060350.0,0.0,53618.0,0.0,107692.0,146863.0,251039.0,141555.0,1168042.0,-0.37013000940375546
2022-01-08,483943,483943,0,0,483943,0,0,0.0,53090.0,256469.0,100373.0,959977.0,0.0,0.0,0.0,107692.0,53090.0,256469.0,100373.0,1067669.0,-1.084185023693802
2022-01-10,2884334,2882897,0,0,2882897,1437,0,0.0,196768.0,146863.0,197421.0,762556.0,54074.0,0.0,53618.0,54074.0,250842.0,146863.0,251039.0,816630.0,-1.0157919871355634
2022-01-11,3026309,2586177,299163,51876,2257974,768335,351039,0.13573659663023968,109366.0,53090.0,256469.0,805250.0,0.0,0.0,0.0,105950.0,109366.0,53090.0,256469.0,911200.0,1.2597806498358703
2022-01-12,7463005,7164179,191712,104720,6930339,532666,296432,0.04137696149454648,0.0,196768.0,146863.0,850099.0,0.0,54074.0,0.0,210670.0,0.0,250842.0,146863.0,1060769.0,0.8443675390466678
2022-01-13,7035667,6937107,98560,0,6512429,523238,98560,0.0142076496430501,0.0,109366.0,53090.0,895569.0,0.0,0.0,0.0,210670.0,0.0,109366.0,53090.0,1106239.0,-0.48548872017458694
2022-01-14,4138641,3881432,257209,0,3637395,501246,257209,0.0662665051799168,299163.0,0.0,196768.0,956010.0,51876.0,0.0,54074.0,156596.0,351039.0,0.0,250842.0,1112606.0,0.5330854435366355
2022-01-17,53130,53130,0,0,53130,0,0,0.0,191712.0,0.0,109366.0,846644.0,104720.0,0.0,0.0,156596.0,296432.0,0.0,109366.0,1003240.0,-1.1548262895775019
2022-01-18,2813015,2480217,239580,0,2247114,565901,239580,0.0965963475791241,98560.0,299163.0,0.0,1086224.0,0.0,51876.0,0.0,156596.0,98560.0,351039.0,0.0,1242820.0,0.4061033142985627
2022-01-19,2702192,2702192,0,0,2648292,53900,0,0.0,257209.0,191712.0,0.0,1086224.0,0.0,104720.0,0.0,156596.0,257209.0,296432.0,0.0,1242820.0,-1.1939067778718746
2022-01-20,9835514,9575768,99911,53599,9478759,356755,153510,0.01603108846923939,0.0,98560.0,299163.0,886972.0,0.0,0.0,51876.0,158319.0,0.0,98560.0,351039.0,1045291.0,-0.03377072357841625
2022-01-21,6792490,6750910,0,0,6471388,321102,0,0.0,239580.0,257209.0,191712.0,695260.0,0.0,0.0,104720.0,53599.0,239580.0,257209.0,296432.0,748859.0,-1.1450288652314287
2022-01-22,339572,339572,0,0,339572,0,0,0.0,0.0,0.0,98560.0,596700.0,0.0,0.0,0.0,53599.0,0.0,0.0,98560.0,650299.0,-1.07051395615459
2022-01-24,3057290,2858758,198532,0,2625681,431609,198532,0.06944691735120029,99911.0,239580.0,257209.0,538023.0,53599.0,0.0,0.0,53599.0,153510.0,239580.0,257209.0,591622.0,0.3487861114825564
2022-01-25,3410028,2979066,381304,0,2934028,476000,381304,0.12799443584182565,0.0,0.0,0.0,919327.0,0.0,0.0,0.0,53599.0,0.0,0.0,0.0,972926.0,1.6630235222670098
2022-01-26,7466979,7368419,98560,0,7127880,339099,98560,0.013376001910857416,0.0,99911.0,239580.0,778307.0,0.0,53599.0,0.0,53599.0,0.0,153510.0,239580.0,831906.0,-0.405990407123757
2022-01-27,10096498,10025834,49280,21384,9790702,305796,70664,0.007048190998555233,198532.0,0.0,0.0,827587.0,0.0,0.0,0.0,74983.0,198532.0,0.0,0.0,902570.0,-0.637393818213083
2022-01-28,8994551,8937124,51093,0,8741016,253535,51093,0.005716939172272962,381304.0,0.0,99911.0,778769.0,0.0,0.0,53599.0,21384.0,381304.0,0.0,153510.0,800153.0,-0.7651527436277541
2022-01-29,9068,9068,0,0,9068,0,0,0.0,98560.0,198532.0,0.0,778769.0,0.0,0.0,0.0,21384.0,98560.0,198532.0,0.0,800153.0,-1.0681200227721692
2022-01-31,2708616,2329912,251817,53777,2329912,378704,305594,0.13116112060836607,49280.0,381304.0,0.0,1030586.0,21384.0,0.0,0.0,75161.0,70664.0,381304.0,0.0,1105747.0,1.0878545896509577
2022-02-01,3379238,2508585,816975,53678,2228550,1150688,870653,0.3470692254521073,51093.0,98560.0,198532.0,1649029.0,0.0,0.0,0.0,128839.0,51093.0,98560.0,198532.0,1777868.0,3.940891706803299
2022-02-02,5424754,5178299,147704,0,4960717,464037,147704,0.02852364675665759,0.0,49280.0,381304.0,1415429.0,0.0,21384.0,0.0,128839.0,0.0,70664.0,381304.0,1544268.0,-0.12260374074936893
2022-02-03,7401589,6994729,245846,161014,6676420,725169,406860,0.05816664831952055,251817.0,51093.0,98560.0,1562715.0,53777.0,0.0,0.0,289853.0,305594.0,51093.0,98560.0,1852568.0,1.2815286009709024
2022-02-04,3947880,3693900,241669,0,3638018,309862,241669,0.06542378910533878,816975.0,0.0,49280.0,1755104.0,53678.0,0.0,21384.0,268469.0,870653.0,0.0,70664.0,2023573.0,0.3512307699349892
2022-02-05,10494,10494,0,0,10494,0,0,0.0,147704.0,251817.0,51093.0,1704011.0,0.0,53777.0,0.0,268469.0,147704.0,305594.0,51093.0,1972480.0,-0.9489472158449394
2022-02-07,2224389,1983701,149688,0,1882281,342108,149688,0.07545891469585654,245846.0,816975.0,0.0,1853699.0,161014.0,53678.0,0.0,268469.0,406860.0,870653.0,0.0,2122168.0,-0.11715071871278566
2022-02-08,3356931,3056078,295239,0,2813757,543174,295239,0.09660712304884789,241669.0,147704.0,251817.0,1897121.0,0.0,0.0,53777.0,214692.0,241669.0,147704.0,305594.0,2111813.0,0.6665839058903757
2022-02-09,8142466,7796105,199817,52360,7569401,573065,252177,0.032346532999936124,0.0,245846.0,816975.0,1279963.0,0.0,161014.0,53678.0,213374.0,0.0,406860.0,870653.0,1493337.0,0.4126025395334274
2022-02-10,5733138,5077576,493156,156512,4973382,759756,649668,0.1279484289455384,149688.0,241669.0,147704.0,1625415.0,0.0,0.0,0.0,369886.0,149688.0,241669.0,147704.0,1995301.0,2.2435544736376785
2022-02-11,2780447,2613146,147831,0,2613146,167301,147831,0.056572018336511494,295239.0,0.0,245846.0,1527400.0,0.0,0.0,161014.0,208872.0,295239.0,0.0,406860.0,1736272.0,-0.22059733903436568
2022-02-14,2559057,2099860,335907,0,1713887,845170,335907,0.15996630253145327,199817.0,149688.0,241669.0,1621638.0,52360.0,0.0,0.0,208872.0,252177.0,149688.0,241669.0,1830510.0,0.6689291510431389
2022-02-15,2076323,1752083,304528,0,1372711,703612,304528,0.17380901828907747,493156.0,295239.0,0.0,1926166.0,156512.0,0.0,0.0,208872.0,649668.0,295239.0,0.0,2135038.0,0.47091277760030414
2022-02-16,6234145,6130158,44880,55440,5978288,255857,100320,0.01636499151163942,147831.0,199817.0,149688.0,1821358.0,0.0,52360.0,0.0,264312.0,147831.0,252177.0,149688.0,2085670.0,-0.5725398595197932
2022-02-17,4193755,4001228,187687,0,4001228,192527,187687,0.04690733772048538,335907.0,493156.0,295239.0,1713806.0,0.0,156512.0,0.0,264312.0,335907.0,649668.0,295239.0,1978118.0,-0.10382185810091832
2022-02-18,3713199,3348647,263339,48840,2917649,795550,312179,0.09322538528982444,304528.0,147831.0,199817.0,1777328.0,0.0,0.0,52360.0,260792.0,304528.0,147831.0,252177.0,2038120.0,0.5280645734191138
2022-02-21,80080,80080,0,0,80080,0,0,0.0,44880.0,335907.0,493156.0,1284172.0,55440.0,0.0,156512.0,104280.0,100320.0,335907.0,649668.0,1388452.0,-1.0318235456986606
2022-02-22,2568465,1930102,489705,55440,1889037,679428,545145,0.2824434758145032,187687.0,304528.0,147831.0,1626046.0,0.0,0.0,0.0,159720.0,187687.0,304528.0,147831.0,1785766.0,1.5858762363600496
2022-02-23,3778689,3416833,96976,264880,3416833,361856,361856,0.10590388646331662,263339.0,44880.0,335907.0,1387115.0,48840.0,55440.0,0.0,424600.0,312179.0,100320.0,335907.0,1811715.0,0.6554451507897509
2022-02-24,7053713,6645897,250822,153340,6448241,605472,404162,0.060813753084985656,0.0,187687.0,304528.0,1333409.0,0.0,0.0,0.0,577940.0,0.0,187687.0,304528.0,1911349.0,0.8241965865202199
2022-02-25,4330964,4177615,50688,53381,4130095,200869,104069,0.024911097621227035,489705.0,263339.0,44880.0,1339217.0,55440.0,48840.0,55440.0,575881.0,545145.0,312179.0,100320.0,1915098.0,-0.6423311919472328
2022-02-27,1314683,1314683,0,0,1314683,0,0,0.0,96976.0,0.0,187687.0,1151530.0,264880.0,0.0,0.0,575881.0,361856.0,0.0,187687.0,1727411.0,-1.1030141616162734
2022-02-28,3479033,3111538,96622,270873,3064018,415015,367495,0.11810714890605581,250822.0,489705.0,263339.0,984813.0,153340.0,55440.0,48840.0,797914.0,404162.0,545145.0,312179.0,1782727.0,0.604329323191109
2022-03-01,3608086,2280096,1125047,107930,1996377,1611709,1232977,0.5407563801013728,50688.0,96976.0,0.0,2109860.0,53381.0,264880.0,0.0,905844.0,104069.0,361856.0,0.0,3015704.0,3.525557632435881
2022-03-02,6192261,6050295,97062,0,5994413,197848,97062,0.016042520894845477,0.0,250822.0,489705.0,1717217.0,0.0,153340.0,55440.0,850404.0,0.0,404162.0,545145.0,2567621.0,-0.6780611248047104
2022-03-03,5670530,5267926,293308,109296,4983835,686695,402604,0.07642550855393403,96622.0,50688.0,96976.0,1913549.0,270873.0,53381.0,264880.0,694820.0,367495.0,104069.0,361856.0,2608369.0,0.4467758293955342
2022-03-04,6542748,6286029,251930,0,6039317,503431,251930,0.04007775973070443,1125047.0,0.0,250822.0,1914657.0,107930.0,0.0,153340.0,541480.0,1232977.0,0.0,404162.0,2456137.0,-0.12870596899730383
2022-03-07,2490487,1956882,281208,93720,1761760,728727,374928,0.19159448980853735,97062.0,96622.0,50688.0,2145177.0,0.0,270873.0,53381.0,581819.0,97062.0,367495.0,104069.0,2726996.0,0.29369508272266054
2022-03-08,3108704,2489602,581940,0,2489602,619102,581940,0.23374811164671636,293308.0,1125047.0,0.0,2727117.0,109296.0,107930.0,0.0,581819.0,402604.0,1232977.0,0.0,3308936.0,1.0016341728951283
2022-03-09,7079884,6589245,402698,0,6449952,629932,402698,0.06111442796338155,251930.0,97062.0,96622.0,3033193.0,0.0,0.0,270873.0,310946.0,251930.0,97062.0,367495.0,3344139.0,0.28710440646104124
2022-03-10,6706710,6255786,397127,53797,6255786,450924,450924,0.07208109866912028,281208.0,293308.0,1125047.0,2305273.0,93720.0,109296.0,107930.0,256813.0,374928.0,402604.0,1232977.0,2562086.0,0.4518446567204702
2022-03-11,3519095,3303368,144907,68904,3022449,496646,213811,0.0647251336438648,581940.0,251930.0,97062.0,2353118.0,0.0,0.0,0.0,325717.0,581940.0,251930.0,97062.0,2678835.0,-0.40082730400065053
2022-03-14,1748365,1616890,92055,28741,1477894,270471,120796,0.07470880844781745,402698.0,281208.0,293308.0,2151865.0,0.0,93720.0,109296.0,245162.0,402698.0,374928.0,402604.0,2397027.0,-0.779474453437706
2022-03-15,1953218,1611102,339722,0,1563582,389636,339722,0.21086299262058353,397127.0,581940.0,251930.0,2239657.0,53797.0,0.0,0.0,245162.0,450924.0,581940.0,251930.0,2484819.0,0.1326227835065386
2022-03-16,6119322,5713092,295350,110880,5713092,406230,406230,0.0711050914102046,144907.0,402698.0,281208.0,2253799.0,68904.0,0.0,93720.0,262322.0,213811.0,402698.0,374928.0,2516121.0,0.38432776415598185
2022-03-17,5707794,5110523,398508,104579,5110523,597271,503087,0.09844137313512275,92055.0,397127.0,581940.0,2070367.0,28741.0,53797.0,0.0,366901.0,120796.0,450924.0,581940.0,2437268.0,0.7301567657613447
2022-03-18,3396703,2967516,345923,32745,2695281,701422,378668,0.12760432374945113,339722.0,144907.0,402698.0,2013592.0,0.0,68904.0,0.0,399646.0,339722.0,213811.0,402698.0,2413238.0,0.175180676790998
2022-03-21,1557789,1224947,198044,0,1177427,380362,198044,0.16167543438578616,295350.0,92055.0,397127.0,1814509.0,110880.0,28741.0,53797.0,345849.0,406230.0,120796.0,450924.0,2160358.0,-0.5769070972751674
2022-03-22,2845010,1760445,928713,155852,1716786,1128224,1084565,0.6160739948853869,398508.0,339722.0,144907.0,2598315.0,104579.0,0.0,68904.0,432797.0,503087.0,339722.0,213811.0,3031112.0,2.6534120483007277
2022-03-23,6921213,6264859,358538,212520,6217339,703874,571058,0.09115255568360665,345923.0,295350.0,92055.0,2864798.0,32745.0,110880.0,28741.0,616576.0,378668.0,406230.0,120796.0,3481374.0,0.7844477340853981
2022-03-24,5477915,5033977,340637,103301,5033977,443938,443938,0.08818830753729953,198044.0,398508.0,339722.0,2865713.0,0.0,104579.0,0.0,719877.0,198044.0,503087.0,339722.0,3585590.0,0.2794120943895815
2022-03-25,2924770,2597909,241006,0,2597909,326861,241006,0.09276918753921422,928713.0,345923.0,295350.0,2811369.0,155852.0,32745.0,110880.0,608997.0,1084565.0,378668.0,406230.0,3420366.0,-0.4665195114257641
2022-03-26,5449,5449,0,0,5449,0,0,0.0,358538.0,198044.0,398508.0,2412861.0,212520.0,0.0,104579.0,504418.0,571058.0,198044.0,503087.0,2917279.0,-1.2886581533408787
2022-03-28,2592487,2173426,244715,77084,1946326,646161,321799,0.14806064339865108,340637.0,928713.0,345923.0,2311653.0,103301.0,155852.0,32745.0,548757.0,443938.0,1084565.0,378668.0,2860410.0,-0.15269663926631524
2022-03-29,2560490,1707289,696449,54094,1707289,853201,750543,0.43961072811297436,241006.0,358538.0,198044.0,2810058.0,0.0,212520.0,0.0,602851.0,241006.0,571058.0,198044.0,3412909.0,1.3211270497539829
2022-03-30,6834885,6478098,187585,108504,6339399,495486,296089,0.04570615546319993,0.0,340637.0,928713.0,2068930.0,0.0,103301.0,155852.0,555503.0,0.0,443938.0,1084565.0,2624433.0,-0.30635171551835616
2022-03-31,4518708,3748700,627958,50941,3748700,770008,678899,0.1811024672279811,244715.0,241006.0,358538.0,2338350.0,77084.0,0.0,212520.0,393924.0,321799.0,241006.0,571058.0,2732274.0,1.0006681013143615
2022-04-01,3184031,2930758,102256,47520,2930758,253273,149776,0.05110485031351947,696449.0,0.0,340637.0,2099969.0,54094.0,0.0,103301.0,338143.0,750543.0,0.0,443938.0,2438112.0,-0.8709461645349753
2022-04-02,53130,53130,0,0,53130,0,0,0.0,187585.0,244715.0,241006.0,1858963.0,108504.0,77084.0,0.0,338143.0,296089.0,321799.0,241006.0,2197106.0,-1.3248590434593006
2022-04-04,2695225,2419787,105367,55440,2251443,443782,160807,0.06645499523098718,627958.0,696449.0,0.0,1964330.0,50941.0,54094.0,0.0,393583.0,678899.0,750543.0,0.0,2357913.0,-0.7274500906345889
2022-04-05,1933194,1173161,394373,310147,1173161,760033,704520,0.6005308729740649,102256.0,187585.0,244715.0,2113988.0,47520.0,108504.0,77084.0,626646.0,149776.0,296089.0,321799.0,2740634.0,1.0800348051658648
2022-04-06,6493166,6248974,204284,0,6249054,244112,204284,0.03269080129141179,0.0,627958.0,696449.0,1621823.0,0.0,50941.0,54094.0,572552.0,0.0,678899.0,750543.0,2194375.0,-0.6827791192538001
2022-04-07,6715140,5925540,637754,151846,5834361,880779,789600,0.1332536556577703,105367.0,102256.0,187585.0,2071992.0,55440.0,47520.0,108504.0,615894.0,160807.0,149776.0,296089.0,2687886.0,1.2938725073998498
2022-04-08,3257058,2999983,245976,0,2952082,304976,245976,0.08199243729299889,394373.0,0.0,627958.0,1690010.0,310147.0,0.0,50941.0,564953.0,704520.0,0.0,678899.0,2254963.0,-0.5342278376800168
2022-04-09,65292,65292,0,0,65292,0,0,0.0,204284.0,105367.0,102256.0,1587754.0,0.0,55440.0,47520.0,517433.0,204284.0,160807.0,149776.0,2105187.0,-1.4840649553099747
2022-04-10,86200,86200,0,0,86200,0,0,0.0,637754.0,394373.0,0.0,1587754.0,151846.0,310147.0,0.0,517433.0,789600.0,704520.0,0.0,2105187.0,-1.3817318780074523
2022-04-11,2441863,1937171,412578,39600,1839759,602104,452178,0.23342170958490005,245976.0,204284.0,105367.0,1894965.0,0.0,0.0,55440.0,501593.0,245976.0,204284.0,160807.0,2396558.0,0.31827494529493944
2022-04-12,3466860,2648629,780809,0,2528948,937912,780809,0.294797310307593,0.0,637754.0,394373.0,2281401.0,0.0,151846.0,310147.0,191446.0,0.0,789600.0,704520.0,2472847.0,1.4627804870270853
2022-04-13,6623541,6439108,40392,55440,6346147,277394,95832,0.014882804437694718,0.0,245976.0,204284.0,2117509.0,0.0,0.0,0.0,246886.0,0.0,245976.0,204284.0,2364395.0,-0.9847632405922837
2022-04-14,6409348,5961081,234685,213582,5961081,448267,448267,0.07519893200596804,412578.0,0.0,637754.0,1714440.0,39600.0,0.0,151846.0,308622.0,452178.0,0.0,789600.0,2023062.0,0.2930769677428589
2022-04-15,3053427,2893148,0,107890,2850380,203047,107890,0.03729154633930019,780809.0,0.0,245976.0,1468464.0,0.0,0.0,0.0,416512.0,780809.0,0.0,245976.0,1884976.0,-0.8921624733140741
2022-04-17,7894,0,0,0,0,7894,0,0.0,40392.0,412578.0,0.0,1468464.0,55440.0,39600.0,0.0,416512.0,95832.0,452178.0,0.0,1884976.0,-1.2257587339946012
2022-04-18,2798123,2549400,98560,105259,2368124,429999,203819,0.07994779950270671,234685.0,780809.0,0.0,1567024.0,213582.0,0.0,0.0,521771.0,448267.0,780809.0,0.0,2088795.0,-0.5234082215813902
2022-04-19,3797742,2929838,730870,134640,2929838,867904,865510,0.2954121369809058,0.0,40392.0,412578.0,1885316.0,107890.0,55440.0,39600.0,616811.0,107890.0,95832.0,452178.0,2502127.0,1.6644250242740557
2022-04-20,7242711,6231946,750544,161821,6050872,1191839,912365,0.14640127716105417,0.0,234685.0,780809.0,1855051.0,0.0,213582.0,0.0,778632.0,0.0,448267.0,780809.0,2633683.0,1.674847820629486
2022-04-21,4682873,4129775,495033,0,3956564,726309,495033,0.11986921324546417,98560.0,0.0,40392.0,2309692.0,105259.0,107890.0,55440.0,723192.0,203819.0,107890.0,95832.0,3032884.0,0.3471136554742974
2022-04-22,3416807,2872896,455668,23760,2787835,628972,479428,0.1668796340418748,730870.0,0.0,234685.0,2530675.0,134640.0,0.0,213582.0,533370.0,865510.0,0.0,448267.0,3064045.0,0.2863013780032572
2022-04-25,3285523,2926290,311328,0,2926290,359233,311328,0.10638996600133069,750544.0,98560.0,0.0,2842003.0,161821.0,105259.0,107890.0,425480.0,912365.0,203819.0,107890.0,3267483.0,-0.26171159991174625
2022-04-26,3217663,2131578,974267,0,2034910,1182742,974267,0.4570635195786785,495033.0,730870.0,0.0,3816270.0,0.0,134640.0,0.0,425480.0,495033.0,865510.0,0.0,4241750.0,1.9179733411806006
2022-04-27,6962951,6810414,97097,55440,6810414,152537,152537,0.022397607194275238,455668.0,750544.0,98560.0,3814807.0,23760.0,161821.0,105259.0,375661.0,479428.0,912365.0,203819.0,4190468.0,-0.7291171246929328
2022-04-28,4661683,4295889,141533,165231,4072001,589682,306764,0.07140871856588507,311328.0,495033.0,730870.0,3225470.0,0.0,0.0,134640.0,406252.0,311328.0,495033.0,865510.0,3631722.0,-0.20996143028840905
2022-04-29,3309056,3083573,52360,53900,3029673,279383,106260,0.0344600129589885,974267.0,455668.0,750544.0,2527286.0,0.0,23760.0,161821.0,298331.0,974267.0,479428.0,912365.0,2825617.0,-0.8427424391400108
2022-04-30,758287,758287,0,0,758287,0,0,0.0,97097.0,311328.0,495033.0,2032253.0,55440.0,0.0,0.0,298331.0,152537.0,311328.0,495033.0,2330584.0,-1.1868656688826866
2022-05-02,1743564,1500204,0,94274,1453278,290286,94274,0.06284074509816992,141533.0,974267.0,455668.0,1576585.0,165231.0,0.0,23760.0,368845.0,306764.0,974267.0,479428.0,1945430.0,-0.8462955066666901
2022-05-03,3886994,3170676,605438,110880,3170676,716318,716318,0.22591957490466547,52360.0,97097.0,311328.0,1870695.0,53900.0,55440.0,0.0,479725.0,106260.0,152537.0,311328.0,2350420.0,1.1519137919226672
2022-05-04,10032382,9820417,156525,55440,9732802,299580,211965,0.021584111796463246,0.0,141533.0,974267.0,1052953.0,0.0,165231.0,0.0,535165.0,0.0,306764.0,974267.0,1588118.0,-0.457980075271286
2022-05-05,9140226,8543588,440638,84236,8311769,828457,524874,0.06143483727974274,0.0,52360.0,97097.0,1396494.0,94274.0,53900.0,55440.0,563961.0,94274.0,106260.0,152537.0,1960455.0,0.5684416447215481
2022-05-06,5172292,4902435,146896,107752,4902435,269857,254648,0.051943156422643764,605438.0,0.0,141533.0,1401857.0,110880.0,0.0,165231.0,506482.0,716318.0,0.0,306764.0,1908339.0,-0.32225177345167244
2022-05-07,47520,47520,0,0,47520,0,0,0.0,156525.0,0.0,52360.0,1349497.0,55440.0,94274.0,53900.0,452582.0,211965.0,94274.0,106260.0,1802079.0,-1.1539170133184087
2022-05-09,3421724,3064421,254996,0,2825710,596014,254996,0.08321177696805467,440638.0,605438.0,0.0,1604493.0,84236.0,110880.0,0.0,452582.0,524874.0,716318.0,0.0,2057075.0,-0.33306945094499063
2022-05-10,4408929,3436975,704281,159707,3394207,1014722,863988,0.25138028313261424,146896.0,156525.0,0.0,2308774.0,107752.0,55440.0,94274.0,518015.0,254648.0,211965.0,94274.0,2826789.0,1.6085923318018798
2022-05-11,9475302,9328534,54454,50941,9328534,146768,105395,0.011298129877842554,0.0,440638.0,605438.0,1757790.0,0.0,84236.0,110880.0,458076.0,0.0,524874.0,716318.0,2215866.0,-0.8048630901140844
2022-05-12,8149386,8032563,36353,39600,7754970,393793,75953,0.009455635834336333,254996.0,146896.0,156525.0,1637618.0,0.0,107752.0,55440.0,442236.0,254996.0,254648.0,211965.0,2079854.0,-0.8410847121769873
2022-05-13,3999307,3769237,163027,0,3689289,310018,163027,0.04325197825130703,704281.0,0.0,440638.0,1360007.0,159707.0,0.0,84236.0,358000.0,863988.0,0.0,524874.0,1718007.0,-0.5469161505813019
2022-05-14,293513,293513,0,0,293513,0,0,0.0,54454.0,254996.0,146896.0,1213111.0,50941.0,0.0,107752.0,250248.0,105395.0,254996.0,254648.0,1463359.0,-1.0748237587461393
2022-05-16,2826186,2630397,60742,46134,2437424,388762,106876,0.04063111361854746,36353.0,704281.0,0.0,1273853.0,39600.0,159707.0,0.0,296382.0,75953.0,863988.0,0.0,1570235.0,-0.7484284783452094
2022-05-17,3677221,2488642,918353,220532,2488642,1188579,1138885,0.45763293489664847,163027.0,54454.0,254996.0,1937210.0,0.0,50941.0,0.0,516914.0,163027.0,105395.0,254996.0,2454124.0,2.3061324848183324
2022-05-18,8785107,8591188,58817,0,8554426,230681,58817,0.006846200217455349,0.0,36353.0,704281.0,1291746.0,0.0,39600.0,159707.0,357207.0,0.0,75953.0,863988.0,1648953.0,-0.8273062534404684
2022-05-19,6328783,6054008,50294,100793,5998568,330215,151087,0.02495652054696318,60742.0,163027.0,54454.0,1287586.0,46134.0,0.0,50941.0,407059.0,106876.0,163027.0,105395.0,1694645.0,-0.5577840877108454
2022-05-20,4158285,3539148,463974,108048,3547530,610755,572022,0.16162698999109673,918353.0,0.0,36353.0,1715207.0,220532.0,0.0,39600.0,475507.0,1138885.0,0.0,75953.0,2190714.0,0.6938648742091759
2022-05-23,3419000,2580468,747571,0,2273179,1145821,747571,0.2897035383877892,58817.0,60742.0,163027.0,2299751.0,0.0,46134.0,0.0,475507.0,58817.0,106876.0,163027.0,2775258.0,1.1384747056604978
2022-05-24,4328932,2963193,935996,236975,2747930,1581002,1172971,0.39584684634215644,50294.0,918353.0,0.0,3235747.0,100793.0,220532.0,0.0,712482.0,151087.0,1138885.0,0.0,3948229.0,2.129255268463848
2022-05-25,9081087,8708873,153031,154440,8618288,462799,307471,0.035305482660559794,463974.0,58817.0,60742.0,3328036.0,108048.0,0.0,46134.0,820788.0,572022.0,58817.0,106876.0,4148824.0,-0.2676382427263922
2022-05-26,5777983,5388243,257127,108409,5342725,435258,365536,0.06783954104528303,747571.0,50294.0,918353.0,2666810.0,0.0,100793.0,220532.0,708665.0,747571.0,151087.0,1138885.0,3375475.0,-0.06261341896345395
2022-05-27,5247680,5170714,52760,0,5116814,130866,52760,0.010203617874897378,935996.0,463974.0,58817.0,2660753.0,236975.0,108048.0,0.0,708665.0,1172971.0,572022.0,58817.0,3369418.0,-0.8969764268092545
2022-05-28,58265,58265,0,0,58265,0,0,0.0,153031.0,747571.0,50294.0,2610459.0,154440.0,0.0,100793.0,607872.0,307471.0,747571.0,151087.0,3218331.0,-0.9884120745678912
2022-05-31,2914682,2572813,241600,0,2346320,568362,241600,0.093904961648996,257127.0,935996.0,463974.0,2388085.0,108409.0,236975.0,108048.0,499824.0,365536.0,1172971.0,572022.0,2887909.0,-0.268363953035713
2022-06-01,3874312,3422297,295738,110880,3332130,542182,406618,0.11881431716349658,52760.0,153031.0,747571.0,1936252.0,0.0,154440.0,0.0,610704.0,52760.0,307471.0,747571.0,2546956.0,0.19950049437451883
2022-06-02,8134264,7913012,167398,47520,7828955,305085,214918,0.027160071644012213,0.0,257127.0,935996.0,1167654.0,0.0,108409.0,236975.0,421249.0,0.0,365536.0,1172971.0,1588903.0,-0.2995517947076789
2022-06-03,6605695,6414922,151173,39600,6247276,358419,190773,0.029738938409704995,241600.0,52760.0,153031.0,1165796.0,0.0,0.0,154440.0,306409.0,241600.0,52760.0,307471.0,1472205.0,-0.37843466032950074
2022-06-04,391547,391547,0,0,391547,0,0,0.0,295738.0,0.0,257127.0,908669.0,110880.0,0.0,108409.0,198000.0,406618.0,0.0,365536.0,1106669.0,-0.9207173334153355
2022-06-06,3277121,3076089,50435,104841,3076089,201032,155276,0.05047836701787009,167398.0,241600.0,52760.0,906344.0,47520.0,0.0,0.0,302841.0,214918.0,241600.0,52760.0,1209185.0,-0.4555738356998438
2022-06-07,4324066,3713846,604669,0,3713846,610220,604669,0.1628147309245642,151173.0,295738.0,0.0,1511013.0,39600.0,110880.0,0.0,302841.0,190773.0,406618.0,0.0,1813854.0,0.8529877369137245
2022-06-08,3195007,2996048,103611,55440,2662510,532497,159051,0.05308691546767092,0.0,167398.0,241600.0,1373024.0,0.0,47520.0,0.0,358281.0,0.0,214918.0,241600.0,1731305.0,-0.5154068762284248
2022-06-09,13034593,12542294,441358,50941,12394694,639899,492299,0.039251109944392154,50435.0,151173.0,295738.0,1518644.0,104841.0,39600.0,110880.0,298342.0,155276.0,190773.0,406618.0,1816986.0,0.5396207976523534
2022-06-10,7370181,7346421,0,23760,6912063,458118,23760,0.003234227491968199,604669.0,0.0,167398.0,1351246.0,0.0,0.0,47520.0,274582.0,604669.0,0.0,214918.0,1625828.0,-0.8952433303426295
2022-06-11,57024,57024,0,0,57024,0,0,0.0,103611.0,50435.0,151173.0,1200073.0,55440.0,104841.0,39600.0,234982.0,159051.0,155276.0,190773.0,1435055.0,-0.907978809623307
2022-06-13,2687429,2596257,51264,0,2504484,182945,51264,0.01974534117949757,441358.0,604669.0,0.0,1251337.0,50941.0,0.0,0.0,234982.0,492299.0,604669.0,0.0,1486319.0,-0.7233143839961824
2022-06-14,4766721,4158644,594153,0,3948980,817741,594153,0.14287177674458867,0.0,103611.0,50435.0,1795055.0,23760.0,55440.0,104841.0,130141.0,23760.0,159051.0,155276.0,1925196.0,0.866824894812869
2022-06-15,9205740,9106978,52360,0,9051096,154644,52360,0.005749436778101718,0.0,441358.0,604669.0,1242746.0,0.0,50941.0,0.0,130141.0,0.0,492299.0,604669.0,1372887.0,-0.7525931305159284
2022-06-16,8078956,7880996,151019,0,7827096,251860,151019,0.019162423231476933,51264.0,0.0,103611.0,1290154.0,0.0,23760.0,55440.0,74701.0,51264.0,23760.0,159051.0,1364855.0,-0.40401250441774444
2022-06-17,5780600,5616572,119973,39600,5452731,327869,159573,0.028411096944702757,594153.0,0.0,441358.0,968769.0,0.0,0.0,50941.0,63360.0,594153.0,0.0,492299.0,1032129.0,-0.3836917316129771
2022-06-20,57420,57420,0,0,57420,0,0,0.0,52360.0,51264.0,0.0,968769.0,0.0,0.0,23760.0,39600.0,52360.0,51264.0,23760.0,1008369.0,-0.8770438977393151
2022-06-21,3854180,3334918,435794,0,3241660,612520,435794,0.13067603740900455,151019.0,594153.0,0.0,1404563.0,0.0,0.0,0.0,39600.0,151019.0,594153.0,0.0,1444163.0,0.4692914535148143
2022-06-22,5069714,5063169,0,0,4852064,217650,0,0.0,119973.0,52360.0,51264.0,1353299.0,39600.0,0.0,0.0,39600.0,159573.0,52360.0,51264.0,1392899.0,-0.9043033953838346
2022-06-23,9475501,9283670,191831,0,8994511,480990,191831,0.02066326995000146,0.0,151019.0,594153.0,950977.0,0.0,0.0,0.0,39600.0,0.0,151019.0,594153.0,990577.0,-0.3098457895578053
2022-06-24,7006453,6948001,51093,0,6892119,114334,51093,0.007353624826245013,435794.0,119973.0,52360.0,949710.0,0.0,39600.0,0.0,39600.0,435794.0,159573.0,52360.0,989310.0,-0.7361445131146082
2022-06-25,698344,698344,0,0,698344,0,0,0.0,0.0,0.0,151019.0,798691.0,0.0,0.0,0.0,39600.0,0.0,0.0,151019.0,838291.0,-0.909429895911138
2022-06-27,4456684,4274084,150920,31680,4274084,182600,182600,0.04272259442664336,191831.0,435794.0,119973.0,829638.0,0.0,0.0,39600.0,31680.0,191831.0,435794.0,159573.0,861318.0,-0.25328997898731964
2022-06-28,3239800,2709966,440246,0,2662446,577354,440246,0.1624543767507132,51093.0,0.0,0.0,1269884.0,0.0,0.0,0.0,31680.0,51093.0,0.0,0.0,1301564.0,0.7061767882019201
2022-06-29,7889325,7753519,96206,39600,7450055,439270,135806,0.017515399457278757,0.0,191831.0,435794.0,930296.0,0.0,0.0,0.0,71280.0,0.0,191831.0,435794.0,1001576.0,-0.3596978296030402
2022-06-30,10385518,10141320,244198,0,9809992,575526,244198,0.024079506013072655,150920.0,51093.0,0.0,1174494.0,31680.0,0.0,0.0,71280.0,182600.0,51093.0,0.0,1245774.0,0.25847622225210015
2022-07-01,7849336,7661546,148190,39600,7661546,187790,187790,0.024510715655728536,440246.0,0.0,191831.0,1130853.0,0.0,0.0,0.0,110880.0,440246.0,0.0,191831.0,1241733.0,-0.02769367134299226
2022-07-03,221530,221530,0,0,221530,0,0,0.0,96206.0,150920.0,51093.0,1079760.0,39600.0,31680.0,0.0,110880.0,135806.0,182600.0,51093.0,1190640.0,-0.9905567587676292
2022-07-05,3111672,2523495,495224,0,2221928,889744,495224,0.19624520902747616,244198.0,440246.0,0.0,1574984.0,0.0,0.0,0.0,110880.0,244198.0,440246.0,0.0,1685864.0,1.5828144917007716
2022-07-06,6094409,6041950,52459,0,5815926,278483,52459,0.008682460350969414,148190.0,96206.0,150920.0,1476523.0,39600.0,39600.0,31680.0,79200.0,187790.0,135806.0,182600.0,1555723.0,-0.7704485395148335
2022-07-07,11329497,10861786,344606,39600,10312388,1017109,384206,0.03537226425080882,0.0,244198.0,440246.0,1380883.0,0.0,0.0,0.0,118800.0,0.0,244198.0,440246.0,1499683.0,0.9557795606348922
2022-07-08,8069485,7921645,147840,0,7765971,303514,147840,0.01866278801148145,495224.0,148190.0,96206.0,1432517.0,0.0,39600.0,39600.0,79200.0,495224.0,187790.0,135806.0,1511717.0,-0.24298755262659746
2022-07-09,809675,809675,0,0,809675,0,0,0.0,52459.0,0.0,244198.0,1188319.0,0.0,0.0,0.0,79200.0,52459.0,0.0,244198.0,1267519.0,-0.9784435434238401
2022-07-11,4944036,4696534,204358,0,4518211,425825,204358,0.04351250443145851,344606.0,495224.0,148190.0,1244487.0,39600.0,0.0,39600.0,39600.0,384206.0,495224.0,187790.0,1284087.0,0.09354471278345529
2022-07-12,5057125,4375672,583436,0,4375672,681453,583436,0.13333628906913292,147840.0,52459.0,0.0,1827923.0,0.0,0.0,0.0,39600.0,147840.0,52459.0,0.0,1867523.0,1.8864181029786862
2022-07-13,8951345,8686976,261975,0,8514577,436768,261975,0.030157211190958603,0.0,344606.0,495224.0,1594674.0,0.0,39600.0,0.0,39600.0,0.0,384206.0,495224.0,1634274.0,0.26192211424998335
2022-07-14,10462123,9856807,605316,0,9414622,1047501,605316,0.06141095575768545,204358.0,147840.0,52459.0,2147531.0,0.0,0.0,0.0,39600.0,204358.0,147840.0,52459.0,2187131.0,1.9773048301283047
2022-07-15,10156315,9963126,193189,0,9648353,507962,193189,0.01939039821533942,583436.0,0.0,344606.0,1996114.0,0.0,0.0,39600.0,0.0,583436.0,0.0,384206.0,1996114.0,-0.0877152009625969
2022-07-18,2500671,2364271,49280,0,2317345,183326,49280,0.020843625437343926,261975.0,204358.0,147840.0,1897554.0,0.0,0.0,0.0,0.0,261975.0,204358.0,147840.0,1897554.0,-0.7533091228701783
2022-07-19,3289754,2942674,344812,0,2942674,347080,344812,0.11717637863508543,605316.0,583436.0,0.0,2242366.0,0.0,0.0,0.0,0.0,605316.0,583436.0,0.0,2242366.0,0.7130662185539183
2022-07-20,10075064,9780874,252610,0,9538155,536909,252610,0.025826932661955092,193189.0,261975.0,204358.0,2290618.0,0.0,0.0,0.0,0.0,193189.0,261975.0,204358.0,2290618.0,0.19762224073033746
2022-07-21,8462082,7863462,598620,0,7586034,876048,598620,0.07612676501434545,49280.0,605316.0,583436.0,2305802.0,0.0,0.0,0.0,0.0,49280.0,605316.0,583436.0,2305802.0,1.829543223971317
2022-07-22,3712729,3709856,0,0,3491785,220944,0,0.0,344812.0,193189.0,261975.0,2043827.0,0.0,0.0,0.0,0.0,344812.0,193189.0,261975.0,2043827.0,-1.1123360255790937
2022-07-25,2840458,2735705,104720,0,2568059,272399,104720,0.03827896711123198,252610.0,49280.0,605316.0,1543231.0,0.0,0.0,0.0,0.0,252610.0,49280.0,605316.0,1543231.0,-0.5797630034899851
2022-07-26,5204306,4950958,197908,55440,4663693,540613,253348,0.05117150030933401,598620.0,344812.0,193189.0,1547950.0,0.0,0.0,0.0,55440.0,598620.0,344812.0,193189.0,1603390.0,0.18209174409613393
2022-07-27,8542829,8436776,98296,0,8173630,369199,98296,0.011650894648513288,0.0,252610.0,49280.0,1596966.0,0.0,0.0,0.0,55440.0,0.0,252610.0,49280.0,1652406.0,-0.6183337807150135
2022-07-28,7506825,7063127,400017,0,6775849,730976,400017,0.0566345392579605,104720.0,598620.0,344812.0,1652171.0,0.0,0.0,0.0,55440.0,104720.0,598620.0,344812.0,1707611.0,0.8964188740435861
2022-07-29,5088767,4982748,102877,0,4831826,256941,102877,0.02064663502014651,197908.0,0.0,252610.0,1502438.0,55440.0,0.0,0.0,55440.0,253348.0,0.0,252610.0,1557878.0,-0.6204266839484006
2022-08-01,2737934,2583809,154125,0,2583809,154125,154125,0.05965028388310286,98296.0,104720.0,598620.0,1057943.0,0.0,0.0,0.0,55440.0,98296.0,104720.0,598620.0,1113383.0,-0.3822790140547428
2022-08-02,3443354,3256801,142483,0,3155777,287577,142483,0.043749359033800644,400017.0,197908.0,0.0,1200426.0,0.0,55440.0,0.0,55440.0,400017.0,253348.0,0.0,1255866.0,-0.4357235180949411
2022-08-03,6830644,6728005,102639,0,6379494,451150,102639,0.015255485800696373,102877.0,98296.0,104720.0,1198345.0,0.0,0.0,0.0,55440.0,102877.0,98296.0,104720.0,1253785.0,-0.6676183106994488
2022-08-04,9468940,9176241,204741,0,9122341,343781,204741,0.02231207503027928,154125.0,400017.0,197908.0,1205178.0,0.0,0.0,55440.0,0.0,154125.0,400017.0,253348.0,1205178.0,-0.14784537533306147
2022-08-05,4384899,4136992,243223,0,3785175,599724,243223,0.05879221937286333,142483.0,102877.0,98296.0,1350105.0,0.0,0.0,0.0,0.0,142483.0,102877.0,98296.0,1350105.0,0.05824467399040358
2022-08-08,2603384,2548930,54454,0,2453890,149494,54454,0.021363465703857814,102639.0,154125.0,400017.0,1004542.0,0.0,0.0,0.0,0.0,102639.0,154125.0,400017.0,1004542.0,-0.9453862292771587
2022-08-09,3982805,3621189,361616,0,3573610,409195,361616,0.09986109538577098,204741.0,142483.0,102877.0,1263281.0,0.0,0.0,0.0,0.0,204741.0,142483.0,102877.0,1263281.0,0.7602567739935736
2022-08-10,9039784,8988691,51093,0,8803768,236016,51093,0.005684141808396595,243223.0,102639.0,154125.0,1160249.0,0.0,0.0,0.0,0.0,243223.0,102639.0,154125.0,1160249.0,-0.9492433826887523
2022-08-11,7944051,7721624,199672,0,7543385,400666,199672,0.02585880562705389,54454.0,204741.0,142483.0,1217438.0,0.0,0.0,0.0,0.0,54454.0,204741.0,142483.0,1217438.0,-0.12218227518216962
2022-08-12,4366051,4239637,106814,0,4192711,173340,106814,0.02519413214052709,361616.0,243223.0,102639.0,1221613.0,0.0,0.0,0.0,0.0,361616.0,243223.0,102639.0,1221613.0,-0.673824872447202
2022-08-13,90787,90787,0,0,90787,0,0,0.0,51093.0,54454.0,204741.0,1016872.0,0.0,0.0,0.0,0.0,51093.0,54454.0,204741.0,1016872.0,-1.208973802276368
2022-08-15,2680876,2576514,101968,0,2389404,291472,101968,0.03957593881657976,199672.0,361616.0,243223.0,875617.0,0.0,0.0,0.0,0.0,199672.0,361616.0,243223.0,875617.0,-0.6324001654065905
2022-08-16,3383504,3147488,192456,0,3018097,365407,192456,0.06114588486250468,106814.0,51093.0,54454.0,1013619.0,0.0,0.0,0.0,0.0,106814.0,51093.0,54454.0,1013619.0,-0.06788860752122106
2022-08-17,12428005,12164890,250076,0,12116992,311013,250076,0.020557192004433084,0.0,199672.0,361616.0,902079.0,0.0,0.0,0.0,0.0,0.0,199672.0,361616.0,902079.0,0.2548816456745615
2022-08-18,8475014,8279744,195270,0,8223862,251152,195270,0.023584059654011082,101968.0,106814.0,51093.0,1046256.0,0.0,0.0,0.0,0.0,101968.0,106814.0,51093.0,1046256.0,-0.11333883663980884
2022-08-19,4784656,4770422,0,0,4589694,194962,0,0.0,192456.0,0.0,199672.0,846584.0,0.0,0.0,0.0,0.0,192456.0,0.0,199672.0,846584.0,-1.2323850475929667
2022-08-20,50532,50532,0,0,50532,0,0,0.0,250076.0,101968.0,106814.0,739770.0,0.0,0.0,0.0,0.0,250076.0,101968.0,106814.0,739770.0,-1.2004016251649559
2022-08-22,3196140,2894475,257121,0,2838593,357547,257121,0.08883162271858533,195270.0,192456.0,0.0,996891.0,0.0,0.0,0.0,0.0,195270.0,192456.0,0.0,996891.0,0.4467783814521497
2022-08-23,3857371,3624235,232958,0,3253368,603825,232958,0.06427782296737851,0.0,250076.0,101968.0,1127881.0,0.0,0.0,0.0,0.0,0.0,250076.0,101968.0,1127881.0,0.42918601189972116
2022-08-24,12090390,11889346,144787,0,11409300,681090,144787,0.012177876547803676,0.0,195270.0,192456.0,1080212.0,0.0,0.0,0.0,0.0,0.0,195270.0,192456.0,1080212.0,-0.21112352026861403
2022-08-25,9631235,9419166,204268,0,9323400,307835,204268,0.021686418767179732,257121.0,0.0,250076.0,1034404.0,0.0,0.0,0.0,0.0,257121.0,0.0,250076.0,1034404.0,0.1933401751055537
2022-08-26,4510291,4458587,50327,0,4412255,98036,50327,0.01128765429772834,232958.0,0.0,195270.0,889461.0,0.0,0.0,0.0,0.0,232958.0,0.0,195270.0,889461.0,-0.900565240499061
2022-08-29,3198530,3051152,47782,0,2616571,581959,47782,0.01566030939779159,144787.0,257121.0,0.0,937243.0,0.0,0.0,0.0,0.0,144787.0,257121.0,0.0,937243.0,-0.862678075871379
2022-08-30,4368835,4218406,150429,0,4059122,309713,150429,0.035660143746205616,204268.0,232958.0,0.0,1087672.0,0.0,0.0,0.0,0.0,204268.0,232958.0,0.0,1087672.0,0.03396467429962065
2022-08-31,13542486,13344728,152469,0,13249244,293242,152469,0.011425409987718746,50327.0,144787.0,257121.0,983020.0,0.0,0.0,0.0,0.0,50327.0,144787.0,257121.0,983020.0,0.0047011216257181665
2022-09-01,9197224,8754203,388531,0,8754203,443021,388531,0.04438221910295899,47782.0,204268.0,232958.0,1138593.0,0.0,0.0,0.0,0.0,47782.0,204268.0,232958.0,1138593.0,2.101840156003727
2022-09-02,4345294,4278737,0,0,4109725,235569,0,0.0,150429.0,50327.0,144787.0,993806.0,0.0,0.0,0.0,0.0,150429.0,50327.0,144787.0,993806.0,-1.3850427000884022
2022-09-05,212588,212588,0,0,212588,0,0,0.0,152469.0,47782.0,204268.0,789538.0,0.0,0.0,0.0,0.0,152469.0,47782.0,204268.0,789538.0,-1.318469782357489
2022-09-06,3068812,2756830,145508,0,2712698,356114,145508,0.05278089226361717,388531.0,150429.0,50327.0,884719.0,0.0,0.0,0.0,0.0,388531.0,150429.0,50327.0,884719.0,0.04117163751904369
2022-09-07,5412340,5258340,101640,0,4917230,495110,101640,0.01932929035983022,0.0,152469.0,47782.0,938577.0,0.0,0.0,0.0,0.0,0.0,152469.0,47782.0,938577.0,-0.38316157148612207
2022-09-08,5880833,5596050,196427,0,5319198,561635,196427,0.035101002474780874,0.0,388531.0,150429.0,984575.0,0.0,0.0,0.0,0.0,0.0,388531.0,150429.0,984575.0,0.5185457215488474
2022-09-09,8812026,8432323,321733,0,8320559,491467,321733,0.03815472460498434,145508.0,0.0,152469.0,1153839.0,0.0,0.0,0.0,0.0,145508.0,0.0,152469.0,1153839.0,1.5914955836392015
2022-09-10,71755,71755,0,0,71755,0,0,0.0,101640.0,0.0,388531.0,765308.0,0.0,0.0,0.0,0.0,101640.0,0.0,388531.0,765308.0,-1.2979492521256022
2022-09-12,3067878,2896793,96206,0,2757438,310440,96206,0.033211198310960324,196427.0,145508.0,0.0,861514.0,0.0,0.0,0.0,0.0,196427.0,145508.0,0.0,861514.0,-0.4063534968188882
2022-09-13,2552693,2135862,358118,0,1979748,572615,358118,0.1676689937510037,321733.0,101640.0,0.0,1219632.0,0.0,0.0,0.0,0.0,321733.0,101640.0,0.0,1219632.0,1.817227224894005
2022-09-14,8153081,7915815,94827,0,7251131,901950,94827,0.011979434590192597,0.0,196427.0,145508.0,1168951.0,0.0,0.0,0.0,0.0,0.0,196427.0,145508.0,1168951.0,-0.4466914875993305
2022-09-15,8710722,8272962,310851,0,8217080,493642,310851,0.03757432494258708,96206.0,321733.0,101640.0,1378162.0,0.0,0.0,0.0,0.0,96206.0,321733.0,101640.0,1378162.0,1.4633606671697514
2022-09-16,8418718,8321987,96731,0,8247561,171157,96731,0.011623544758776388,358118.0,0.0,196427.0,1278466.0,0.0,0.0,0.0,0.0,358118.0,0.0,196427.0,1278466.0,-0.4437539810925963
2022-09-17,35640,35640,0,0,35640,0,0,0.0,94827.0,96206.0,321733.0,956733.0,0.0,0.0,0.0,0.0,94827.0,96206.0,321733.0,956733.0,-1.2173215981471373
2022-09-19,1999319,1758126,0,55440,1714170,285149,55440,0.03153355815592389,310851.0,358118.0,0.0,956733.0,0.0,0.0,0.0,55440.0,310851.0,358118.0,0.0,1012173.0,-0.7145226263624805
2022-09-20,3803176,3464407,294034,0,3201648,601528,294034,0.08487279789216512,96731.0,94827.0,96206.0,1154561.0,0.0,0.0,0.0,55440.0,96731.0,94827.0,96206.0,1210001.0,1.2571427584033723
2022-09-21,8478915,8325194,101988,0,7997476,481439,101988,0.012250523861603241,0.0,310851.0,358118.0,898431.0,0.0,0.0,0.0,55440.0,0.0,310851.0,358118.0,953871.0,-0.3960876036613385
2022-09-22,10637334,10436069,145244,0,10276407,360927,145244,0.013917499595154115,0.0,96731.0,94827.0,948848.0,55440.0,0.0,0.0,55440.0,55440.0,96731.0,94827.0,1004288.0,-0.010197595818466855
2022-09-23,5405780,5032823,362454,0,5032823,372957,362454,0.07201801612772471,294034.0,0.0,310851.0,1000451.0,0.0,0.0,0.0,55440.0,294034.0,0.0,310851.0,1055891.0,1.753983803000462
2022-09-26,5522755,5377753,51975,0,5377753,145002,51975,0.009664815460134472,101988.0,0.0,96731.0,955695.0,0.0,55440.0,0.0,55440.0,101988.0,55440.0,96731.0,1011135.0,-0.7656666886676714
2022-09-27,4274131,3884335,344916,0,3791968,482163,344916,0.0887966437506951,145244.0,294034.0,0.0,1300611.0,0.0,0.0,0.0,55440.0,145244.0,294034.0,0.0,1356051.0,1.51544665826593
2022-09-28,10848104,10654873,144582,0,10512861,335243,144582,0.01356956450165436,362454.0,101988.0,0.0,1445193.0,0.0,0.0,55440.0,0.0,362454.0,101988.0,55440.0,1445193.0,-0.14212492822131942
2022-09-29,8715321,8327725,328240,0,7977908,737413,328240,0.03941532178172048,51975.0,145244.0,294034.0,1479399.0,0.0,0.0,0.0,0.0,51975.0,145244.0,294034.0,1479399.0,1.3331319836193538
2022-09-30,4600132,4535373,0,220,4535373,64539,220,4.850757622193892e-05,344916.0,362454.0,101988.0,1377411.0,0.0,0.0,0.0,220.0,344916.0,362454.0,101988.0,1377631.0,-1.239439181173066
2022-10-03,1710021,1570030,47782,0,1475500,234521,47782,0.030433793982411812,144582.0,51975.0,145244.0,1279949.0,0.0,0.0,0.0,220.0,144582.0,51975.0,145244.0,1280169.0,-0.8260176983876477
2022-10-04,3947720,3555111,351995,0,3397906,549814,351995,0.09901094536543434,328240.0,344916.0,362454.0,1269490.0,0.0,0.0,0.0,220.0,328240.0,344916.0,362454.0,1269710.0,1.4662478228191203
2022-10-05,11678269,11586377,0,0,11495180,183089,0,0.0,0.0,144582.0,51975.0,1217515.0,220.0,0.0,0.0,220.0,220.0,144582.0,51975.0,1217735.0,-1.1665454906766555
2022-10-06,7734998,7429121,303173,0,7373239,361759,303173,0.040808725445617935,47782.0,328240.0,344916.0,1175772.0,0.0,0.0,0.0,220.0,47782.0,328240.0,344916.0,1175992.0,1.0246730581544043
2022-10-07,4087838,4087838,0,0,3827353,260485,0,0.0,351995.0,0.0,144582.0,1031190.0,0.0,220.0,0.0,220.0,351995.0,220.0,144582.0,1031410.0,-1.1557252273904235
2022-10-08,255438,255438,0,0,255438,0,0,0.0,0.0,47782.0,328240.0,702950.0,0.0,0.0,0.0,220.0,0.0,47782.0,328240.0,703170.0,-1.0948471619104685
2022-10-11,2577590,2145164,296974,0,2145164,432426,296974,0.13843876811340852,303173.0,351995.0,0.0,999924.0,0.0,0.0,220.0,0.0,303173.0,351995.0,220.0,999924.0,1.0600023788252797
2022-10-12,5027917,5025141,0,0,5025141,2776,0,0.0,0.0,0.0,47782.0,952142.0,0.0,0.0,0.0,0.0,0.0,0.0,47782.0,952142.0,-1.1069189961666912
2022-10-13,10486553,10339190,49144,0,10098613,387940,49144,0.004753176529962547,0.0,303173.0,351995.0,649291.0,0.0,0.0,0.0,0.0,0.0,303173.0,351995.0,649291.0,-0.7692161526262193
2022-10-14,7804676,7370547,325134,0,7035255,769421,325134,0.0441125951557469,296974.0,0.0,0.0,974425.0,0.0,0.0,0.0,0.0,296974.0,0.0,0.0,974425.0,1.1926597213228807
2022-10-17,3822883,3708190,51251,0,3708190,114693,51251,0.013821024860909269,0.0,0.0,303173.0,722503.0,0.0,0.0,0.0,0.0,0.0,0.0,303173.0,722503.0,-0.7597393778258758
2022-10-18,4007926,3680904,145332,0,3487924,520002,145332,0.03948268156879898,49144.0,296974.0,0.0,867835.0,0.0,0.0,0.0,0.0,49144.0,296974.0,0.0,867835.0,-0.07587793936386623
2022-10-19,5240321,5091405,95302,0,4876261,364060,95302,0.018718208683416723,325134.0,0.0,0.0,963137.0,0.0,0.0,0.0,0.0,325134.0,0.0,0.0,963137.0,-0.388448565888131
2022-10-20,9815790,9353335,420475,0,9241571,574219,420475,0.04495454883690696,51251.0,49144.0,296974.0,1086638.0,0.0,0.0,0.0,0.0,51251.0,49144.0,296974.0,1086638.0,1.8124528991911595
2022-10-21,8801029,8694683,96292,0,8416433,384596,96292,0.011074813069687179,145332.0,325134.0,0.0,1182930.0,0.0,0.0,0.0,0.0,145332.0,325134.0,0.0,1182930.0,-0.46441321090978926
2022-10-24,1986564,1745739,104128,0,1502465,484099,104128,0.05964691191128117,95302.0,51251.0,49144.0,1237914.0,0.0,0.0,0.0,0.0,95302.0,51251.0,49144.0,1237914.0,-0.3614924901167186
2022-10-25,2912620,2610389,195802,0,2046909,865711,195802,0.07500871517282857,420475.0,145332.0,325134.0,1108582.0,0.0,0.0,0.0,0.0,420475.0,145332.0,325134.0,1108582.0,0.2797798366085627
2022-10-26,9434639,9384204,50435,0,9328322,106317,50435,0.005374456333807712,96292.0,95302.0,51251.0,1107766.0,0.0,0.0,0.0,0.0,96292.0,95302.0,51251.0,1107766.0,-0.7234268865488616
2022-10-27,7758000,7623843,47782,0,7623843,134157,47782,0.0062674419885821375,104128.0,420475.0,145332.0,1010216.0,0.0,0.0,0.0,0.0,104128.0,420475.0,145332.0,1010216.0,-0.7259435671338393
2022-10-28,3884429,3822127,53295,0,3733643,150786,53295,0.013943803033284076,195802.0,96292.0,95302.0,968209.0,0.0,0.0,0.0,0.0,195802.0,96292.0,95302.0,968209.0,-0.7070904774438611
2022-10-31,2970870,2608249,265323,0,2608249,362621,265323,0.10172452794018978,50435.0,104128.0,420475.0,813057.0,0.0,0.0,0.0,0.0,50435.0,104128.0,420475.0,813057.0,0.8086315955071361
2022-11-01,4069134,3770057,194612,0,3397379,671755,194612,0.05162042599875121,47782.0,195802.0,96292.0,911377.0,0.0,0.0,0.0,0.0,47782.0,195802.0,96292.0,911377.0,0.3165150882995245
2022-11-02,7692014,7685135,0,0,7462049,229965,0,0.0,53295.0,50435.0,104128.0,807249.0,0.0,0.0,0.0,0.0,53295.0,50435.0,104128.0,807249.0,-1.097826612485616
2022-11-03,6834643,6692528,110880,0,6644627,189739,110880,0.01656772798444355,265323.0,47782.0,195802.0,722327.0,0.0,0.0,0.0,0.0,265323.0,47782.0,195802.0,722327.0,-0.27241327054474257
2022-11-04,5859517,5859517,0,0,5722561,136549,0,0.0,194612.0,53295.0,50435.0,671892.0,0.0,0.0,0.0,0.0,194612.0,53295.0,50435.0,671892.0,-1.0267925803411568
2022-11-07,3191353,3044685,98019,0,2905011,286342,98019,0.03219346756939796,0.0,265323.0,47782.0,722129.0,0.0,0.0,0.0,0.0,0.0,265323.0,47782.0,722129.0,-0.2991327755123916
2022-11-08,3802952,3510417,194445,54530,3239606,562976,248975,0.07092460214139741,110880.0,194612.0,53295.0,863279.0,0.0,0.0,0.0,54530.0,110880.0,194612.0,53295.0,917809.0,0.9009060037382155
2022-11-09,10150877,10012611,89617,0,9821647,329230,89617,0.008950411740712613,0.0,0.0,265323.0,687573.0,0.0,0.0,0.0,54530.0,0.0,0.0,265323.0,742103.0,-0.33462842929266423
2022-11-10,8265151,8143961,98424,0,8143961,121190,98424,0.012085518080757253,98019.0,110880.0,194612.0,591385.0,0.0,0.0,0.0,54530.0,98019.0,110880.0,194612.0,645915.0,-0.21468860256456185
2022-11-13,46,0,0,0,0,0,0,0.0,194445.0,0.0,0.0,591385.0,54530.0,0.0,0.0,54530.0,248975.0,0.0,0.0,645915.0,-1.01938686465121
2022-11-14,3472216,3419128,53088,0,3078920,393296,53088,0.015526761347699956,89617.0,98019.0,110880.0,533593.0,0.0,0.0,0.0,54530.0,89617.0,98019.0,110880.0,588123.0,-0.5872889038490884
2022-11-15,1566611,1227159,290803,0,1227159,339452,290803,0.23697235894259916,98424.0,194445.0,0.0,824396.0,0.0,54530.0,0.0,54530.0,98424.0,248975.0,0.0,878926.0,1.414946384770517
2022-11-16,4717653,4717653,0,0,4417680,299973,0,0.0,0.0,89617.0,98019.0,726377.0,0.0,0.0,0.0,54530.0,0.0,89617.0,98019.0,780907.0,-1.0343663114737254
2022-11-17,6857710,6754092,49144,0,6384394,473316,49144,0.007276180532308335,53088.0,98424.0,194445.0,581076.0,0.0,0.0,54530.0,0.0,53088.0,98424.0,248975.0,581076.0,-0.5698988113225857
2022-11-18,5962805,5896627,49280,0,5587756,375049,49280,0.008357318793045788,290803.0,0.0,89617.0,540739.0,0.0,0.0,0.0,0.0,290803.0,0.0,89617.0,540739.0,-0.5900452719956008
2022-11-21,2958365,2958365,0,0,2958365,0,0,0.0,0.0,53088.0,98424.0,442315.0,0.0,0.0,0.0,0.0,0.0,53088.0,98424.0,442315.0,-1.0259645838769986
2022-11-22,5478501,5233430,196425,0,5132010,346491,196425,0.03753273903869182,49144.0,290803.0,0.0,638740.0,0.0,0.0,0.0,0.0,49144.0,290803.0,0.0,638740.0,0.7693616843979196
2022-11-23,9474428,9276591,150566,0,8794290,680138,150566,0.01623074508397049,49280.0,0.0,53088.0,736218.0,0.0,0.0,0.0,0.0,49280.0,0.0,53088.0,736218.0,0.30763094499484633
2022-11-24,1062213,1062213,0,0,1062213,0,0,0.0,0.0,49144.0,290803.0,445415.0,0.0,0.0,0.0,0.0,0.0,49144.0,290803.0,445415.0,-1.0697678077640462
2022-11-25,12032967,11867936,151270,0,11647202,385765,151270,0.012746107432151012,196425.0,49280.0,0.0,596685.0,0.0,0.0,0.0,0.0,196425.0,49280.0,0.0,596685.0,0.40527578918451634
2022-11-28,5068623,4902744,149162,0,4902744,165879,149162,0.030424180739565286,150566.0,0.0,49144.0,696703.0,0.0,0.0,0.0,0.0,150566.0,0.0,49144.0,696703.0,0.3536031110694208
2022-11-29,3383240,2899911,391149,0,2850015,533225,391149,0.13488305852039648,0.0,196425.0,49280.0,1038572.0,0.0,0.0,0.0,0.0,0.0,196425.0,49280.0,1038572.0,2.3877784275872367
2022-11-30,5429198,5221490,207708,0,5173589,255609,207708,0.03977944230871987,151270.0,150566.0,0.0,1246280.0,0.0,0.0,0.0,0.0,151270.0,150566.0,0.0,1246280.0,0.7230030095447249
2022-12-01,6543368,6534465,0,0,6188131,355237,0,0.0,149162.0,0.0,196425.0,1049855.0,0.0,0.0,0.0,0.0,149162.0,0.0,196425.0,1049855.0,-1.0982301238284395
2022-12-02,6984127,6825089,157080,0,6489797,494330,157080,0.02301508111980941,391149.0,151270.0,150566.0,1056369.0,0.0,0.0,0.0,0.0,391149.0,151270.0,150566.0,1056369.0,0.42903076971578213
2022-12-05,3576391,3489174,0,0,3251232,325159,0,0.0,207708.0,149162.0,0.0,1056369.0,0.0,0.0,0.0,0.0,207708.0,149162.0,0.0,1056369.0,-1.0591625956958308
2022-12-06,3226444,2845639,287276,0,2845639,380805,287276,0.10095303692666677,0.0,391149.0,151270.0,1192375.0,0.0,0.0,0.0,0.0,0.0,391149.0,151270.0,1192375.0,1.6180947662074912
2022-12-07,9931509,9833490,98019,0,9833490,98019,98019,0.009967874074425858,157080.0,207708.0,149162.0,1141232.0,0.0,0.0,0.0,0.0,157080.0,207708.0,149162.0,1141232.0,-0.15479551180054765
2022-12-08,8052119,7694975,357144,0,7301164,750955,357144,0.04641262039023904,0.0,0.0,391149.0,1107227.0,0.0,0.0,0.0,0.0,0.0,0.0,391149.0,1107227.0,2.0187779462413387
2022-12-09,4352188,4247303,51040,0,3678360,673828,51040,0.012017034806079338,287276.0,157080.0,207708.0,950559.0,0.0,0.0,0.0,0.0,287276.0,157080.0,207708.0,950559.0,-0.6411987342635889
2022-12-12,2576168,2469347,52976,0,2237588,338580,52976,0.021453436291685092,98019.0,0.0,0.0,1003535.0,0.0,0.0,0.0,0.0,98019.0,0.0,0.0,1003535.0,-0.5750361212428252
2022-12-13,3328965,2928910,340868,0,2730541,598424,340868,0.11638045676362306,357144.0,287276.0,157080.0,1187323.0,0.0,0.0,0.0,0.0,357144.0,287276.0,157080.0,1187323.0,1.8327749174205052
2022-12-14,6624338,6580778,0,0,6580778,43560,0,0.0,51040.0,98019.0,0.0,1187323.0,0.0,0.0,0.0,0.0,51040.0,98019.0,0.0,1187323.0,-1.0298592756444505
2022-12-15,10066402,9802358,264044,0,9556112,510290,264044,0.026936781238067285,52976.0,357144.0,287276.0,1164091.0,0.0,0.0,0.0,0.0,52976.0,357144.0,287276.0,1164091.0,1.1190590308892259
2022-12-16,3595423,3535299,52853,0,3535299,60124,52853,0.01495007495827794,340868.0,51040.0,98019.0,1118925.0,0.0,0.0,0.0,0.0,340868.0,51040.0,98019.0,1118925.0,-0.637286285987564
2022-12-19,2726381,2527285,199096,0,2198966,527415,199096,0.07877857907652715,0.0,52976.0,357144.0,960877.0,0.0,0.0,0.0,0.0,0.0,52976.0,357144.0,960877.0,0.5483914894542066
2022-12-20,3640233,3253587,343086,0,2757744,882489,343086,0.10544850792417479,264044.0,340868.0,51040.0,1252923.0,0.0,0.0,0.0,0.0,264044.0,340868.0,51040.0,1252923.0,1.6561712191604632
2022-12-21,8873090,8718166,99484,55440,8718166,154924,154924,0.017770249181966805,52853.0,0.0,52976.0,1299431.0,0.0,0.0,0.0,55440.0,52853.0,0.0,52976.0,1354871.0,0.13419290015097182
2022-12-22,7680570,7536052,144518,0,7223848,456722,144518,0.01917688211587684,199096.0,264044.0,340868.0,1103081.0,0.0,0.0,0.0,55440.0,199096.0,264044.0,340868.0,1158521.0,0.03854543131211696
2022-12-23,3885308,3671351,212520,0,3671351,213957,212520,0.05788603217561269,343086.0,52853.0,0.0,1315601.0,0.0,0.0,0.0,55440.0,343086.0,52853.0,0.0,1371041.0,0.5371363476827032
2022-12-27,2668549,1984837,483809,0,1984837,683712,483809,0.24375238684466943,99484.0,199096.0,264044.0,1535366.0,55440.0,0.0,0.0,55440.0,154924.0,199096.0,264044.0,1590806.0,2.380560653762771
2022-12-28,4474855,4259440,215415,0,3828881,645974,215415,0.05057353770130869,144518.0,343086.0,52853.0,1697928.0,0.0,0.0,0.0,55440.0,144518.0,343086.0,52853.0,1753368.0,0.4244883104975005
2022-12-29,8098393,8005553,49280,0,7680878,417515,49280,0.006155726386955856,212520.0,99484.0,199096.0,1548112.0,0.0,55440.0,0.0,55440.0,212520.0,154924.0,199096.0,1603552.0,-0.840899762160503
2022-12-30,8470541,8313461,157080,0,8147797,322744,157080,0.018894655439574994,483809.0,144518.0,343086.0,1362106.0,0.0,0.0,0.0,55440.0,483809.0,144518.0,343086.0,1417546.0,-0.05222009119806777
2023-01-03,2917323,2577466,296075,0,2465702,451621,296075,0.11487052986517383,215415.0,212520.0,99484.0,1558697.0,0.0,0.0,55440.0,0.0,215415.0,212520.0,154924.0,1558697.0,0.9488611884526365
2023-01-04,7271630,7083200,144870,0,6795172,476458,144870,0.020452617397134432,49280.0,483809.0,144518.0,1559049.0,0.0,0.0,0.0,0.0,49280.0,483809.0,144518.0,1559049.0,-0.25317308490915846
2023-01-05,5365728,5122254,243474,0,5122254,243474,243474,0.04753258086526344,157080.0,215415.0,212520.0,1590003.0,0.0,0.0,0.0,0.0,157080.0,215415.0,212520.0,1590003.0,0.510647180776796
2023-01-06,9925512,9559355,361759,0,9559355,366157,361759,0.03784344886831289,296075.0,49280.0,483809.0,1467953.0,0.0,0.0,0.0,0.0,296075.0,49280.0,483809.0,1467953.0,1.3410747899826951
2023-01-09,4082910,3744888,338022,0,3417048,665862,338022,0.09026222139027351,144870.0,157080.0,215415.0,1590560.0,0.0,0.0,0.0,0.0,144870.0,157080.0,215415.0,1590560.0,1.091124856547977
2023-01-10,8421772,7445439,787319,0,7337639,1084133,787319,0.10574512721880776,243474.0,296075.0,49280.0,2328599.0,0.0,0.0,0.0,0.0,243474.0,296075.0,49280.0,2328599.0,3.388037196770239
2023-01-11,7514507,7368879,0,0,6915165,599342,0,0.0,361759.0,144870.0,157080.0,2171519.0,0.0,0.0,0.0,0.0,361759.0,144870.0,157080.0,2171519.0,-1.2365376419582426
2023-01-12,7505864,7219691,283408,0,6987941,517923,283408,0.03925486017963093,338022.0,243474.0,296075.0,2158852.0,0.0,0.0,0.0,0.0,338022.0,243474.0,296075.0,2158852.0,0.4361602592221262
2023-01-13,7620212,7172556,447656,0,6986088,634124,447656,0.062412330776876364,787319.0,361759.0,144870.0,2461638.0,0.0,0.0,0.0,0.0,787319.0,361759.0,144870.0,2461638.0,1.3151474838700583
2023-01-17,4073315,3174907,840761,52470,2895497,1177818,893231,0.2813407506611215,0.0,338022.0,243474.0,3058925.0,0.0,0.0,0.0,52470.0,0.0,338022.0,243474.0,3111395.0,3.0853640176089367
2023-01-18,5340181,5135975,151118,0,5053563,286618,151118,0.029423424096997337,283408.0,787319.0,361759.0,2848284.0,0.0,0.0,0.0,52470.0,283408.0,787319.0,361759.0,2900754.0,-0.4578808275640184
2023-01-19,7603462,7277604,99574,169488,7229703,373759,269062,0.03697122885894467,447656.0,0.0,338022.0,2609836.0,0.0,0.0,0.0,221958.0,447656.0,0.0,338022.0,2831794.0,0.06396971049923415
2023-01-20,7184798,6778700,395010,0,6435100,749698,395010,0.05827222649295197,840761.0,283408.0,787319.0,2217527.0,52470.0,0.0,0.0,221958.0,893231.0,283408.0,787319.0,2439485.0,0.658241323237692
2023-01-21,53130,53130,0,0,53130,0,0,0.0,151118.0,447656.0,0.0,2217527.0,0.0,0.0,0.0,221958.0,151118.0,447656.0,0.0,2439485.0,-1.2256238517412885
2023-01-23,4156205,3788233,319323,0,3541451,614754,319323,0.08429336730518759,99574.0,840761.0,283408.0,2253442.0,169488.0,52470.0,0.0,221958.0,269062.0,893231.0,283408.0,2475400.0,0.3080320606246134
2023-01-24,2834174,2581339,143475,107325,2581339,252835,250800,0.09715883998233475,395010.0,151118.0,447656.0,1949261.0,0.0,0.0,0.0,329283.0,395010.0,151118.0,447656.0,2278544.0,-0.053256916501445144
2023-01-25,6563825,6305307,161091,0,6305307,258518,161091,0.025548474396492604,0.0,99574.0,840761.0,1269591.0,0.0,169488.0,52470.0,276813.0,0.0,269062.0,893231.0,1546404.0,-0.5155543995528792
2023-01-26,10291370,9825674,354816,110880,9733817,557553,465696,0.047395827767557956,319323.0,395010.0,151118.0,1473289.0,0.0,0.0,0.0,387693.0,319323.0,395010.0,151118.0,1860982.0,0.9569024382735717
2023-01-27,7751584,7607134,95801,0,7285442,466142,95801,0.01259357169289095,143475.0,0.0,99574.0,1469516.0,107325.0,0.0,169488.0,218205.0,250800.0,0.0,269062.0,1687721.0,-0.8781469161564486
2023-01-30,2441954,2026585,306909,104720,2026585,415369,411629,0.20311449896525488,161091.0,319323.0,395010.0,1381415.0,0.0,0.0,0.0,322925.0,161091.0,319323.0,395010.0,1704340.0,0.6602578438515275
2023-01-31,3684875,2859522,389308,380184,2722869,962006,769492,0.269098027887868,354816.0,143475.0,0.0,1770723.0,110880.0,107325.0,0.0,703109.0,465696.0,250800.0,0.0,2473832.0,2.153720105330462
2023-02-01,7358670,6892713,299637,166320,6698581,660089,465957,0.06760138314167685,95801.0,161091.0,319323.0,1751037.0,0.0,0.0,0.0,869429.0,95801.0,161091.0,319323.0,2620466.0,0.7122644665719096
2023-02-02,5588313,5153471,334573,92070,5153471,434842,426643,0.08278748773642314,306909.0,354816.0,143475.0,1942135.0,104720.0,110880.0,107325.0,854174.0,411629.0,465696.0,250800.0,2796309.0,0.5172460383989914
2023-02-03,3346050,2943741,402309,0,2853948,492102,402309,0.1366658491131356,389308.0,95801.0,161091.0,2183353.0,380184.0,0.0,0.0,854174.0,769492.0,95801.0,161091.0,3037527.0,0.3712941482268279
2023-02-05,54454,0,54454,0,0,54454,54454,54454.0,299637.0,306909.0,354816.0,1882991.0,166320.0,104720.0,110880.0,743294.0,465957.0,411629.0,465696.0,2626285.0,-1.194385088736967
2023-02-06,1953587,1745561,204435,0,1605074,348513,204435,0.1171170087341498,334573.0,389308.0,95801.0,1991625.0,92070.0,380184.0,0.0,743294.0,426643.0,769492.0,95801.0,2734919.0,-0.5141886606234725
2023-02-07,2948927,2463424,262689,215334,2463424,485503,478023,0.19404812405492353,402309.0,299637.0,306909.0,1947405.0,0.0,166320.0,104720.0,853908.0,402309.0,465957.0,411629.0,2801313.0,0.7243586740736184
2023-02-08,7378076,7155779,155769,55440,6982061,396015,211209,0.0295158599062576,54454.0,334573.0,389308.0,1713866.0,0.0,92070.0,380184.0,529164.0,54454.0,426643.0,769492.0,2243030.0,-0.4822206847849951
2023-02-09,6747316,6573120,174196,0,6573120,174196,174196,0.026501261729397648,204435.0,402309.0,299637.0,1588425.0,0.0,0.0,166320.0,362844.0,204435.0,402309.0,465957.0,1951269.0,-0.6811066273630528
2023-02-10,3533589,3229490,196750,48840,3005171,528418,245590,0.07604603945327608,262689.0,54454.0,334573.0,1450602.0,215334.0,0.0,92070.0,319614.0,478023.0,54454.0,426643.0,1770216.0,-0.3685750011173992
2023-02-13,2721739,2161538,299527,258280,1982081,739658,557807,0.2580601136505055,155769.0,204435.0,402309.0,1347820.0,55440.0,0.0,0.0,577894.0,211209.0,204435.0,402309.0,1925714.0,1.0221853091564705
2023-02-14,3351860,2774820,411552,165488,2718938,632922,577040,0.20795575642536943,174196.0,262689.0,54454.0,1704918.0,0.0,215334.0,0.0,743382.0,174196.0,478023.0,54454.0,2448300.0,1.0377524772022158
2023-02-15,8064136,7719062,114954,221760,7719062,345074,336714,0.043621097534765556,196750.0,155769.0,204435.0,1615437.0,48840.0,55440.0,0.0,965142.0,245590.0,211209.0,204435.0,2580579.0,-0.06572577366907349
2023-02-16,6984259,6585337,305422,93500,6452395,531864,398922,0.06057730066399022,299527.0,174196.0,262689.0,1658170.0,258280.0,0.0,215334.0,843308.0,557807.0,174196.0,478023.0,2501478.0,0.2115129988478239
2023-02-17,3878146,3478648,349626,49155,3398938,478893,398781,0.11463674547216463,411552.0,196750.0,155769.0,1852027.0,165488.0,48840.0,55440.0,837023.0,577040.0,245590.0,211209.0,2689050.0,0.20153339956162195
2023-02-18,268418,268418,0,0,268418,0,0,0.0,114954.0,299527.0,174196.0,1677831.0,221760.0,258280.0,0.0,837023.0,336714.0,557807.0,174196.0,2514854.0,-1.5368383597775674
2023-02-21,3610954,2740793,391974,430447,2694989,915965,822421,0.30006669600123176,305422.0,411552.0,196750.0,1873055.0,93500.0,165488.0,48840.0,1218630.0,398922.0,577040.0,245590.0,3091685.0,2.097548500016041
2023-02-22,4623012,4367292,96466,156860,4177834,445178,253326,0.05800526779403168,349626.0,114954.0,299527.0,1669994.0,49155.0,221760.0,258280.0,1117210.0,398781.0,336714.0,557807.0,2787204.0,-0.45418089329239847
2023-02-23,7742818,7203623,389170,150025,7037506,705312,539195,0.07485051968287074,0.0,305422.0,411552.0,1647612.0,0.0,93500.0,165488.0,1101747.0,0.0,398922.0,577040.0,2749359.0,0.8072667693863793
2023-02-24,5576181,5321648,106814,147719,5321648,254533,254533,0.04782972345601899,391974.0,349626.0,114954.0,1639472.0,430447.0,49155.0,221760.0,1027706.0,822421.0,398781.0,336714.0,2667178.0,-0.40613810400433
2023-02-27,3645957,3399365,245186,0,3399365,246592,245186,0.07212697897196124,96466.0,0.0,305422.0,1579236.0,156860.0,0.0,93500.0,934206.0,253326.0,0.0,398922.0,2513442.0,-0.47341793712211183
2023-02-28,3408738,2408215,780347,210496,2365447,1043291,990843,0.4114427443385477,389170.0,391974.0,349626.0,2009957.0,150025.0,430447.0,49155.0,1095547.0,539195.0,822421.0,398781.0,3105504.0,2.7110629518371643
2023-03-01,6402704,6254358,46926,55440,6254358,148346,102366,0.016367144898462017,106814.0,96466.0,0.0,2056883.0,147719.0,156860.0,0.0,1150987.0,254533.0,253326.0,0.0,3207870.0,-1.0647743592260208
2023-03-02,8268112,7607538,388019,272555,7372941,895171,660574,0.08683149701894396,245186.0,389170.0,391974.0,2052928.0,0.0,150025.0,430447.0,993095.0,245186.0,539195.0,822421.0,3046023.0,1.2233199802931372
2023-03-03,7680821,6986411,600910,93500,6938510,742311,694410,0.09939436723743175,780347.0,106814.0,96466.0,2557372.0,210496.0,147719.0,156860.0,929735.0,990843.0,254533.0,253326.0,3487107.0,1.2774600696695604
2023-03-06,2547162,2186327,254161,104280,1919249,627913,358441,0.16394658075092117,46926.0,245186.0,389170.0,2422363.0,55440.0,0.0,150025.0,883990.0,102366.0,245186.0,539195.0,3306353.0,-0.1404279858500216
2023-03-07,3210827,3020439,145508,0,2785791,425036,145508,0.048174438161327486,388019.0,780347.0,106814.0,2461057.0,272555.0,210496.0,147719.0,736271.0,660574.0,990843.0,254533.0,3197328.0,-1.0295370622153504
2023-03-08,7146796,6901989,100100,110880,6846549,300247,210980,0.03056799560706405,600910.0,46926.0,245186.0,2315971.0,93500.0,55440.0,0.0,847151.0,694410.0,102366.0,245186.0,3163122.0,-0.7144893859114615
2023-03-09,7112247,6429068,538544,142241,6392988,719259,680785,0.10589169287186061,254161.0,388019.0,780347.0,2074168.0,104280.0,272555.0,210496.0,778896.0,358441.0,660574.0,990843.0,2853064.0,1.1587894130006948
2023-03-10,3463517,3365065,98384,0,3236510,226939,98384,0.029236870837005872,145508.0,600910.0,46926.0,2125626.0,0.0,93500.0,55440.0,723456.0,145508.0,694410.0,102366.0,2849082.0,-1.1906821777814531
2023-03-13,2216807,1815320,301607,99880,1767422,449385,401487,0.2211658433962919,100100.0,254161.0,388019.0,2039214.0,110880.0,104280.0,272555.0,550781.0,210980.0,358441.0,660574.0,2589995.0,0.09236502883166904
2023-03-14,3411446,2548605,643140,219701,2501050,910396,862841,0.3385540958469061,538544.0,145508.0,600910.0,2081444.0,142241.0,0.0,93500.0,676982.0,680785.0,145508.0,694410.0,2758426.0,1.8673080913906788
2023-03-15,7626380,7093731,159720,372240,6906919,719461,531960,0.07499014623050321,98384.0,100100.0,254161.0,1987003.0,0.0,110880.0,104280.0,944942.0,98384.0,210980.0,358441.0,2931945.0,0.5359721822206919
2023-03-16,5876343,5332559,340280,163240,5332559,543784,503520,0.09442369143525811,301607.0,538544.0,145508.0,2181775.0,99880.0,142241.0,0.0,1108182.0,401487.0,680785.0,145508.0,3289957.0,0.40894473370459217
2023-03-17,2652428,2256441,347147,48840,2201001,451427,395987,0.17549176978623868,643140.0,98384.0,100100.0,2428822.0,219701.0,0.0,110880.0,1046142.0,862841.0,98384.0,210980.0,3474964.0,-0.06199042309888111
2023-03-20,2163791,1544900,298571,320320,1334800,828991,618891,0.4006023686954698,159720.0,301607.0,538544.0,2188849.0,372240.0,99880.0,142241.0,1224221.0,531960.0,401487.0,680785.0,3413070.0,0.792225134714704
2023-03-21,3467891,2755491,494989,217411,2755491,712400,712400,0.2585382211234872,340280.0,643140.0,98384.0,2585454.0,163240.0,219701.0,0.0,1441632.0,503520.0,862841.0,98384.0,4027086.0,1.1175681900517065
2023-03-22,7009884,6293492,344636,371756,6248286,761598,716392,0.11383058660746902,347147.0,159720.0,301607.0,2628483.0,48840.0,372240.0,99880.0,1713508.0,395987.0,531960.0,401487.0,4341991.0,1.059579244477224
2023-03-23,5855774,5144142,454892,256740,4807113,1048661,711632,0.13833830047104057,298571.0,340280.0,643140.0,2440235.0,320320.0,163240.0,219701.0,1750547.0,618891.0,503520.0,862841.0,4190782.0,0.9739892493458189
2023-03-24,3586919,3103461,478618,0,3103461,483458,478618,0.15422067355746583,494989.0,347147.0,159720.0,2759133.0,217411.0,48840.0,372240.0,1378307.0,712400.0,395987.0,531960.0,4137440.0,0.013302846778183629
2023-03-27,2467164,2005457,350827,110880,1969377,497787,461707,0.2302252153872083,344636.0,298571.0,340280.0,2769680.0,371756.0,320320.0,163240.0,1325947.0,716392.0,618891.0,503520.0,4095627.0,-0.04226419969457414
2023-03-28,3325113,2638711,443674,242728,2466358,858755,686402,0.26012766834728457,454892.0,494989.0,347147.0,2866207.0,256740.0,217411.0,48840.0,1519835.0,711632.0,712400.0,395987.0,4386042.0,0.8459910387195825
2023-03-29,6113157,5746226,151899,208652,5746226,366931,360551,0.06274569382657524,478618.0,344636.0,298571.0,2719535.0,0.0,371756.0,320320.0,1408167.0,478618.0,716392.0,618891.0,4127702.0,-0.4667737485035535
2023-03-30,6357413,5550866,502859,303688,5550866,806547,806547,0.1453010853980108,350827.0,454892.0,494989.0,2727405.0,110880.0,256740.0,217411.0,1494444.0,461707.0,711632.0,712400.0,4221849.0,1.239717260547452
2023-03-31,4096136,3896770,148502,50864,3896770,199366,199366,0.05116184656475836,443674.0,478618.0,344636.0,2531271.0,242728.0,0.0,371756.0,1173552.0,686402.0,478618.0,716392.0,3704823.0,-1.0919218674798752
2023-04-02,50941,0,0,50941,0,50941,50941,50941.0,151899.0,350827.0,454892.0,2076379.0,208652.0,110880.0,256740.0,967753.0,360551.0,461707.0,711632.0,3044132.0,-1.689052227280651
2023-04-03,2543800,2337971,200160,0,2164846,378954,200160,0.08561265917641443,502859.0,443674.0,478618.0,1797921.0,303688.0,242728.0,0.0,967753.0,806547.0,686402.0,478618.0,2765674.0,-1.040382893328323
2023-04-04,2850101,2450819,339418,55024,2450819,399282,394442,0.16094286810128855,148502.0,151899.0,350827.0,1786512.0,50864.0,208652.0,110880.0,911897.0,199366.0,360551.0,461707.0,2698409.0,-0.29736763218482204
2023-04-05,7032835,6565095,149140,313896,6517575,515260,463036,0.0705299663554044,0.0,502859.0,443674.0,1491978.0,50941.0,303688.0,242728.0,983065.0,50941.0,806547.0,686402.0,2475043.0,-0.01432051945658431
2023-04-06,8223828,7713307,47520,417021,7576258,647570,464541,0.06022591085433124,200160.0,148502.0,151899.0,1387599.0,0.0,50864.0,208652.0,1191434.0,200160.0,199366.0,360551.0,2579033.0,-0.03668838374185672
2023-04-07,4281930,4144802,91786,0,4097231,184699,91786,0.02214484017696378,339418.0,0.0,502859.0,976526.0,55024.0,50941.0,303688.0,887746.0,394442.0,50941.0,806547.0,1864272.0,-1.4825371314706182
2023-04-10,3300485,2801197,389728,104720,2638872,661613,494448,0.17651304905972373,149140.0,200160.0,148502.0,1217752.0,313896.0,0.0,50864.0,941602.0,463036.0,200160.0,199366.0,2159354.0,0.1812828105284024
2023-04-11,2693123,2190150,399010,103963,2143818,549305,502973,0.22965220206278014,47520.0,339418.0,0.0,1616762.0,417021.0,55024.0,50941.0,994624.0,464541.0,394442.0,50941.0,2611386.0,0.1673787398262522
2023-04-12,9465344,9359619,46688,53757,9220847,244497,100445,0.010731739109066394,91786.0,149140.0,200160.0,1463290.0,0.0,313896.0,0.0,1048381.0,91786.0,463036.0,200160.0,2511671.0,-1.4966260170049777
2023-04-13,5941180,5391633,304247,245300,5391633,549547,549547,0.10192587256479205,389728.0,47520.0,339418.0,1428119.0,104720.0,417021.0,55024.0,1238657.0,494448.0,464541.0,394442.0,2666776.0,0.47360184505962055
2023-04-14,4712828,4468804,244024,0,4468804,244024,244024,0.05460609715572731,399010.0,91786.0,149140.0,1523003.0,103963.0,0.0,313896.0,924761.0,502973.0,91786.0,463036.0,2447764.0,-0.8439754961379916
2023-04-17,3563557,3096642,149968,256960,3096642,466915,406928,0.13140940043782898,46688.0,389728.0,47520.0,1625451.0,53757.0,104720.0,417021.0,764700.0,100445.0,494448.0,464541.0,2390151.0,-0.17826842647697091
2023-04-18,3908925,2884573,970452,53900,2582948,1325977,1024352,0.35511378803247895,304247.0,399010.0,91786.0,2504117.0,245300.0,103963.0,0.0,818600.0,549547.0,502973.0,91786.0,3322717.0,2.2729353923073505
2023-04-19,5319053,4908996,251798,158259,4908996,410057,410057,0.08353172756064019,244024.0,46688.0,389728.0,2366187.0,0.0,53757.0,104720.0,872139.0,244024.0,100445.0,494448.0,3238326.0,-0.22885824193629373
2023-04-20,5014541,4510460,299261,204820,4371142,643399,504081,0.11175819943903738,149968.0,304247.0,399010.0,2266438.0,256960.0,245300.0,103963.0,972996.0,406928.0,549547.0,502973.0,3239434.0,0.11238839589942724
2023-04-21,2356973,1965258,245195,101640,1965258,391715,346835,0.17648309968304432,970452.0,244024.0,46688.0,2464945.0,53900.0,0.0,53757.0,1020879.0,1024352.0,244024.0,100445.0,3485824.0,-0.564004241970766
2023-04-23,50820,0,50820,0,0,50820,50820,50820.0,251798.0,149968.0,304247.0,2211518.0,158259.0,256960.0,245300.0,775579.0,410057.0,406928.0,549547.0,2987097.0,-1.7281037344823276
2023-04-24,1752021,1290919,150704,310398,1197661,554360,461102,0.3571886716450284,299261.0,970452.0,244024.0,2118198.0,204820.0,53900.0,0.0,1085977.0,504081.0,1024352.0,244024.0,3204175.0,0.06090363936316777
2023-04-25,3611409,3306201,242521,54767,3304331,305208,297288,0.08991828085519275,245195.0,251798.0,149968.0,2210751.0,101640.0,158259.0,256960.0,883784.0,346835.0,410057.0,406928.0,3094535.0,-0.6173918690273758
2023-04-26,7328597,7166989,101464,55440,7166989,161608,156904,0.021892593682982676,50820.0,299261.0,970452.0,1341763.0,0.0,204820.0,53900.0,885324.0,50820.0,504081.0,1024352.0,2227087.0,-1.161193293649385
2023-04-27,9225209,8548005,254369,422835,8382866,842343,677204,0.07922362244481344,150704.0,245195.0,251798.0,1344334.0,310398.0,101640.0,158259.0,1149900.0,461102.0,346835.0,410057.0,2494234.0,1.0171164122813283
2023-04-28,4209518,4045926,154154,0,3954316,255202,154154,0.038101033459081196,242521.0,50820.0,299261.0,1199227.0,54767.0,0.0,204820.0,945080.0,297288.0,50820.0,504081.0,2144307.0,-1.0972475963701604
2023-05-01,3004929,2798958,52140,104236,2751462,253467,156376,0.05586934285211037,101464.0,150704.0,245195.0,1006172.0,55440.0,310398.0,101640.0,947676.0,156904.0,461102.0,346835.0,1953848.0,-1.0200850555670802
2023-05-02,8994257,8665983,285506,42768,8618082,376175,328274,0.0378807530685494,254369.0,242521.0,50820.0,1240858.0,422835.0,54767.0,0.0,990444.0,677204.0,297288.0,50820.0,2231302.0,-0.24452758171642106
2023-05-03,9927237,9692171,190450,44616,9692171,235066,235066,0.024253180814372673,154154.0,101464.0,150704.0,1280604.0,0.0,55440.0,310398.0,724662.0,154154.0,156904.0,461102.0,2005266.0,-0.6147384957031867
2023-05-04,9580700,8829336,555564,195800,8736115,844585,751364,0.08509857535169402,52140.0,254369.0,242521.0,1593647.0,104236.0,422835.0,54767.0,865695.0,156376.0,677204.0,297288.0,2459342.0,1.530703182771505
2023-05-05,4717567,4418606,295001,0,4343916,373651,295001,0.06676334872053569,285506.0,154154.0,101464.0,1787184.0,42768.0,0.0,55440.0,810255.0,328274.0,154154.0,156904.0,2597439.0,-0.3338181325711771
2023-05-08,3560658,3302113,102807,150260,3162603,398055,253067,0.07663787500976647,190450.0,52140.0,254369.0,1635622.0,44616.0,104236.0,422835.0,537680.0,235066.0,156376.0,677204.0,2173302.0,-0.49658063978444406
2023-05-09,4163678,3909468,143330,110880,3825870,337808,254210,0.06502417591749672,555564.0,285506.0,154154.0,1624798.0,195800.0,42768.0,0.0,648560.0,751364.0,328274.0,154154.0,2273358.0,-0.4398786824430924
2023-05-10,10587242,10323905,97662,109340,10220125,367117,207002,0.02005074435974136,295001.0,190450.0,52140.0,1670320.0,0.0,44616.0,104236.0,653664.0,295001.0,235066.0,156376.0,2323984.0,-0.6569476248879755
2023-05-11,8552893,8001020,409313,142560,7835459,717434,551873,0.06897532202452662,102807.0,555564.0,285506.0,1794127.0,150260.0,195800.0,42768.0,753456.0,253067.0,751364.0,328274.0,2547583.0,0.859572796357815
2023-05-12,4706064,4299438,351186,55440,4299438,406626,406626,0.09457652498384092,143330.0,295001.0,190450.0,1954863.0,110880.0,0.0,44616.0,764280.0,254210.0,295001.0,235066.0,2719143.0,0.15161883569386023
2023-05-15,3749267,3552914,147456,0,3460107,289160,147456,0.04150282233039631,97662.0,102807.0,555564.0,1546755.0,109340.0,150260.0,195800.0,568480.0,207002.0,253067.0,751364.0,2115235.0,-1.0123730134361544
2023-05-16,4129849,3831505,194504,95040,3783954,345895,289544,0.07556924091988894,409313.0,143330.0,295001.0,1446258.0,142560.0,110880.0,0.0,663520.0,551873.0,254210.0,295001.0,2109778.0,-0.32864170276751303
2023-05-17,9895974,9699032,196942,0,9493170,402804,196942,0.020305323221397432,351186.0,97662.0,102807.0,1540393.0,55440.0,109340.0,150260.0,513260.0,406626.0,207002.0,253067.0,2053653.0,-0.7129673579304823
2023-05-18,8721132,8124716,493456,102960,8031911,689221,596416,0.07340760299712593,147456.0,409313.0,143330.0,1890519.0,0.0,142560.0,110880.0,505340.0,147456.0,551873.0,254210.0,2395859.0,1.0581246174057353
2023-05-19,4544511,4459591,47520,37400,4459591,84920,84920,0.019042100712352163,194504.0,351186.0,97662.0,1840377.0,95040.0,55440.0,109340.0,433400.0,289544.0,406626.0,207002.0,2273777.0,-1.2251475527497413
2023-05-22,2987531,2779358,208173,0,2491237,496294,208173,0.07489964412657739,196942.0,147456.0,409313.0,1639237.0,0.0,0.0,142560.0,290840.0,196942.0,147456.0,551873.0,1930077.0,-0.621539002477571
2023-05-23,4222538,3681569,485309,48840,3681569,540969,534149,0.14508728613064534,493456.0,194504.0,351186.0,1773360.0,102960.0,95040.0,55440.0,284240.0,596416.0,289544.0,406626.0,2057600.0,0.8035985632389012
2023-05-24,10215179,9913093,302086,0,9789417,425762,302086,0.03047343241171727,47520.0,196942.0,147456.0,1927990.0,37400.0,0.0,0.0,284240.0,84920.0,196942.0,147456.0,2212230.0,-0.2281135303109549
2023-05-25,9953269,9071918,539535,341816,8923970,1029299,881351,0.09715155084607788,208173.0,493456.0,194504.0,2273021.0,0.0,102960.0,95040.0,531016.0,208173.0,596416.0,289544.0,2804037.0,2.171349685542025
2023-05-26,4502098,4502098,0,0,4502098,0,0,0.0,485309.0,47520.0,196942.0,2076079.0,48840.0,37400.0,0.0,531016.0,534149.0,84920.0,196942.0,2607095.0,-1.4706828973645432
2023-05-29,456801,212137,244664,0,0,456801,244664,1.153324722586241,302086.0,208173.0,493456.0,1827287.0,0.0,0.0,102960.0,428056.0,302086.0,208173.0,596416.0,2255343.0,-0.4201109052718684
2023-05-30,3515281,3176134,339147,0,3176134,339147,339147,0.10677978108613141,539535.0,485309.0,47520.0,2118914.0,341816.0,48840.0,37400.0,390656.0,881351.0,534149.0,84920.0,2509570.0,0.041794307009159835
2023-05-31,5420215,5168152,108601,39600,5120850,299365,148201,0.02867581513163407,0.0,302086.0,208173.0,2019342.0,0.0,0.0,0.0,430256.0,0.0,302086.0,208173.0,2449598.0,-0.8145804205480106
2023-06-01,11027736,10876554,146342,0,10665720,362016,146342,0.013454811748756845,244664.0,539535.0,485309.0,1680375.0,0.0,341816.0,48840.0,381416.0,244664.0,881351.0,534149.0,2061791.0,-0.7830623822894984
2023-06-02,9906935,9467705,296670,142560,9411823,495112,439230,0.046392441843884885,339147.0,0.0,302086.0,1674959.0,0.0,0.0,0.0,523976.0,339147.0,0.0,302086.0,2198935.0,0.5536576672434191
2023-06-03,225927,225927,0,0,225927,0,0,0.0,108601.0,244664.0,539535.0,1135424.0,39600.0,0.0,341816.0,182160.0,148201.0,244664.0,881351.0,1317584.0,-1.4511886627724562
2023-06-05,4951285,4717867,232580,0,4673259,278026,232580,0.049297691245282826,146342.0,339147.0,0.0,1368004.0,0.0,0.0,0.0,182160.0,146342.0,339147.0,0.0,1550164.0,-0.3495725744104159
2023-06-06,3828792,3435007,292365,101420,3340182,488610,393785,0.1146387431994336,296670.0,108601.0,244664.0,1415705.0,142560.0,39600.0,0.0,283580.0,439230.0,148201.0,244664.0,1699285.0,0.37027472345870355
2023-06-07,7935751,7642654,245577,47520,7586772,348979,293097,0.03835015449474038,0.0,146342.0,339147.0,1322135.0,0.0,0.0,0.0,331100.0,0.0,146342.0,339147.0,1653235.0,-0.04613335709666184
2023-06-08,12422873,12029669,393204,0,11904469,518404,393204,0.03268618341151503,232580.0,296670.0,108601.0,1606738.0,0.0,142560.0,39600.0,291500.0,232580.0,439230.0,148201.0,1898238.0,0.4150411510061542
2023-06-09,9662678,9229063,394015,39600,9181840,480838,433615,0.046983637777352066,292365.0,0.0,146342.0,1854411.0,101420.0,0.0,0.0,331100.0,393785.0,0.0,146342.0,2185511.0,0.573911830023976
2023-06-12,3187646,2932474,255172,0,2887601,300045,255172,0.08701591658922923,245577.0,232580.0,296670.0,1812913.0,47520.0,0.0,142560.0,188540.0,293097.0,232580.0,439230.0,2001453.0,-0.3113541007690762
2023-06-13,4588052,3958199,581306,0,3915431,672621,581306,0.14686119953514223,393204.0,292365.0,0.0,2394219.0,0.0,101420.0,0.0,188540.0,393204.0,393785.0,0.0,2582759.0,1.2378126074895315
2023-06-14,9787034,9592314,99574,95146,9274841,512193,194720,0.020299583572891425,394015.0,245577.0,232580.0,2261213.0,39600.0,47520.0,0.0,283686.0,433615.0,293097.0,232580.0,2544899.0,-0.6103521233092082
2023-06-15,7834874,7451318,299736,33000,7360909,473965,332736,0.04465464436564855,255172.0,393204.0,292365.0,2268584.0,0.0,0.0,101420.0,215266.0,255172.0,393204.0,393785.0,2483850.0,0.1128925604834692
2023-06-16,4667644,4619530,48114,0,4515868,151776,48114,0.010415343029411427,581306.0,394015.0,245577.0,2071121.0,0.0,39600.0,47520.0,167746.0,581306.0,433615.0,293097.0,2238867.0,-1.315753493711001
2023-06-20,3683853,3183933,389176,109039,3183933,499920,498215,0.15647780387407528,99574.0,255172.0,393204.0,2067093.0,95146.0,0.0,0.0,276785.0,194720.0,255172.0,393204.0,2343878.0,0.9379615025306365
2023-06-21,5130728,4685671,401497,43560,4447695,683033,445057,0.09498253398872136,299736.0,581306.0,394015.0,2074575.0,33000.0,0.0,39600.0,280745.0,332736.0,581306.0,433615.0,2355320.0,0.6278602019072309
2023-06-22,7498878,7260789,238089,0,7260789,238089,238089,0.032791059925986014,48114.0,99574.0,255172.0,2057492.0,0.0,95146.0,0.0,280745.0,48114.0,194720.0,255172.0,2338237.0,-0.3719224056564908
2023-06-23,8293210,7947328,255462,39600,7688695,604515,295062,0.037127190783217856,389176.0,299736.0,581306.0,1731648.0,109039.0,33000.0,0.0,320345.0,498215.0,332736.0,581306.0,2051993.0,-0.058999864890618474
2023-06-25,47520,47520,0,0,0,47520,0,0.0,401497.0,48114.0,99574.0,1632074.0,43560.0,0.0,95146.0,225199.0,445057.0,48114.0,194720.0,1857273.0,-1.5158293894518646
2023-06-26,3999121,3662614,336507,0,3570432,428689,336507,0.09187615951990585,238089.0,389176.0,299736.0,1668845.0,0.0,109039.0,33000.0,192199.0,238089.0,498215.0,332736.0,1861044.0,0.1678874138758437
2023-06-27,3414308,2811581,546605,0,2763683,650625,546605,0.19441190048876397,255462.0,401497.0,48114.0,2167336.0,39600.0,43560.0,0.0,192199.0,295062.0,445057.0,48114.0,2359535.0,1.1433719728010807
2023-06-28,8338188,8243148,95040,0,8135733,202455,95040,0.011529574438118249,0.0,238089.0,389176.0,1873200.0,0.0,0.0,109039.0,83160.0,0.0,238089.0,498215.0,1956360.0,-1.0180545784442507
2023-06-29,9916144,9864004,52140,0,9602587,313557,52140,0.005285885398476582,336507.0,255462.0,401497.0,1523843.0,0.0,39600.0,43560.0,39600.0,336507.0,295062.0,445057.0,1563443.0,-1.2198070840001767
2023-06-30,7628754,7580972,47782,0,7525090,103664,47782,0.006302884867153596,546605.0,0.0,238089.0,1333536.0,0.0,0.0,0.0,39600.0,546605.0,0.0,238089.0,1373136.0,-1.1880558524952312
2023-07-02,47520,47520,0,0,0,47520,0,0.0,95040.0,336507.0,255462.0,1078074.0,0.0,0.0,39600.0,0.0,95040.0,336507.0,295062.0,1078074.0,-1.3251026484433404
2023-07-03,3299299,2942646,356294,0,2613483,685816,356294,0.12107942271023334,52140.0,546605.0,0.0,1434368.0,0.0,0.0,0.0,0.0,52140.0,546605.0,0.0,1434368.0,0.38960259551313636
2023-07-05,5901810,5336098,565712,0,5232696,669114,565712,0.10601602406552052,47782.0,95040.0,336507.0,1663573.0,0.0,0.0,0.0,0.0,47782.0,95040.0,336507.0,1663573.0,1.654144158746958
2023-07-06,9466590,9369790,96800,0,9369790,96800,96800,0.010331073553294838,0.0,52140.0,546605.0,1213768.0,0.0,0.0,0.0,0.0,0.0,52140.0,546605.0,1213768.0,-0.9652047324575296
2023-07-07,7079745,6821839,250329,0,6729931,349814,250329,0.03669523178497297,356294.0,47782.0,95040.0,1369057.0,0.0,0.0,0.0,0.0,356294.0,47782.0,95040.0,1369057.0,-0.10225328699862947
2023-07-10,3532281,3197500,334781,0,3151168,381113,334781,0.1047008273023214,565712.0,0.0,52140.0,1651698.0,0.0,0.0,0.0,0.0,565712.0,0.0,52140.0,1651698.0,0.3740268725289172
2023-07-11,4098824,3565811,533013,0,3191637,907187,533013,0.14947871620825776,96800.0,356294.0,47782.0,2136929.0,0.0,0.0,0.0,0.0,96800.0,356294.0,47782.0,2136929.0,1.3802088350500679
2023-07-12,3917888,3655831,206694,0,3608311,309577,206694,0.056538156020298526,250329.0,565712.0,0.0,2343623.0,0.0,0.0,0.0,0.0,250329.0,565712.0,0.0,2343623.0,-0.4220369064786993
2023-07-13,15239821,15145881,93940,0,14837120,402701,93940,0.006202345957798958,334781.0,96800.0,356294.0,2081269.0,0.0,0.0,0.0,0.0,334781.0,96800.0,356294.0,2081269.0,-0.9767848953252841
2023-07-14,6022793,5725188,297605,0,5637564,385229,297605,0.05198169003678307,533013.0,250329.0,565712.0,1813162.0,0.0,0.0,0.0,0.0,533013.0,250329.0,565712.0,1813162.0,0.09166494070186716
2023-07-17,4437617,4282614,104183,0,4191006,246611,104183,0.02432695911259826,206694.0,334781.0,96800.0,1820545.0,0.0,0.0,0.0,0.0,206694.0,334781.0,96800.0,1820545.0,-0.9759703844575218
2023-07-18,4891243,3886074,963589,0,3689393,1201850,963589,0.24795944494123248,93940.0,533013.0,250329.0,2533805.0,0.0,0.0,0.0,0.0,93940.0,533013.0,250329.0,2533805.0,3.0821781603581746
2023-07-19,10485009,10253375,231634,0,10205477,279532,231634,0.02259099832094327,297605.0,206694.0,334781.0,2430658.0,0.0,0.0,0.0,0.0,297605.0,206694.0,334781.0,2430658.0,-0.28886401257036987
2023-07-20,5753604,5193310,560294,0,4949180,804424,560294,0.10788762698786959,104183.0,93940.0,533013.0,2457939.0,0.0,0.0,0.0,0.0,104183.0,93940.0,533013.0,2457939.0,1.1756737596857114
2023-07-21,3434572,2959101,475412,0,2959101,475471,475412,0.16066090320644574,963589.0,297605.0,206694.0,2726657.0,0.0,0.0,0.0,0.0,963589.0,297605.0,206694.0,2726657.0,0.7827097887431399
2023-07-22,53130,53130,0,0,53130,0,0,0.0,231634.0,104183.0,93940.0,2632717.0,0.0,0.0,0.0,0.0,231634.0,104183.0,93940.0,2632717.0,-1.277480144243678
2023-07-23,106260,106260,0,0,0,106260,0,0.0,560294.0,963589.0,297605.0,2335112.0,0.0,0.0,0.0,0.0,560294.0,963589.0,297605.0,2335112.0,-1.1964020989511743
2023-07-24,2341276,2210467,53090,0,2118559,222717,53090,0.024017538367440742,475412.0,231634.0,104183.0,2284019.0,0.0,0.0,0.0,0.0,475412.0,231634.0,104183.0,2284019.0,-0.9306498299689178
2023-07-25,3054377,2718549,295531,0,2464951,589426,295531,0.10870905445917861,0.0,560294.0,963589.0,1615961.0,0.0,0.0,0.0,0.0,0.0,560294.0,963589.0,1615961.0,0.12167088475987667
2023-07-26,12286727,11806893,382814,55440,11697124,589603,438254,0.037118483489391875,0.0,475412.0,231634.0,1767141.0,0.0,0.0,0.0,55440.0,0.0,475412.0,231634.0,1822581.0,0.6877266811527465
2023-07-27,6734631,6112405,622226,0,5868449,866182,622226,0.10179723009237279,53090.0,0.0,560294.0,1829073.0,0.0,0.0,0.0,55440.0,53090.0,0.0,560294.0,1884513.0,1.4390925011781148
2023-07-28,3337007,2941052,395955,0,2941052,395955,395955,0.1346303517821678,295531.0,0.0,475412.0,1749616.0,0.0,0.0,0.0,55440.0,295531.0,0.0,475412.0,1805056.0,0.4838749325635341
2023-07-30,159390,159390,0,0,0,159390,0,0.0,382814.0,53090.0,0.0,1749616.0,55440.0,0.0,0.0,55440.0,438254.0,53090.0,0.0,1805056.0,-1.149325788180669
2023-07-31,2817304,2371571,247073,0,2170085,647219,247073,0.1041811085642772,622226.0,295531.0,0.0,1996689.0,0.0,0.0,0.0,55440.0,622226.0,295531.0,0.0,2052129.0,-0.10982940240369586
2023-08-01,4709882,3779739,930143,0,3670727,1039155,930143,0.2460865033044601,395955.0,382814.0,53090.0,2873742.0,0.0,55440.0,0.0,55440.0,395955.0,438254.0,53090.0,2929182.0,2.390255229139723
2023-08-02,10821465,10560391,261074,0,10412122,409343,261074,0.024721998956099358,0.0,622226.0,295531.0,2839285.0,0.0,0.0,0.0,55440.0,0.0,622226.0,295531.0,2894725.0,-0.1556829820783754
2023-08-03,6922252,6112744,809508,0,6025206,897046,809508,0.1324295386115403,247073.0,395955.0,382814.0,3265979.0,0.0,0.0,55440.0,0.0,247073.0,395955.0,438254.0,3265979.0,1.8180150843027993
2023-08-04,3313596,3122303,191293,0,3086223,227373,191293,0.061266615934899356,930143.0,0.0,622226.0,2835046.0,0.0,0.0,0.0,0.0,930143.0,0.0,622226.0,2835046.0,-0.4498232330557942
2023-08-07,2248883,2043117,105450,0,1712924,535959,105450,0.05161229062638575,261074.0,247073.0,395955.0,2544541.0,0.0,0.0,0.0,0.0,261074.0,247073.0,395955.0,2544541.0,-0.7760671694980229
2023-08-08,3660155,3223789,387086,0,3169902,490253,387086,0.12007171683019055,809508.0,930143.0,0.0,2931627.0,0.0,0.0,0.0,0.0,809508.0,930143.0,0.0,2931627.0,0.22605503765412244
2023-08-09,11115101,10910281,154000,0,10804021,311080,154000,0.01411512553021086,191293.0,261074.0,247073.0,2838554.0,0.0,0.0,0.0,0.0,191293.0,261074.0,247073.0,2838554.0,-0.6816807503688201
2023-08-10,8386344,7785653,600691,0,7583484,802860,600691,0.07715356988635765,105450.0,809508.0,930143.0,2509102.0,0.0,0.0,0.0,0.0,105450.0,809508.0,930143.0,2509102.0,0.9803967926907906
2023-08-11,3581155,3230354,350711,0,3230354,350801,350711,0.10856732464388588,387086.0,191293.0,261074.0,2598739.0,0.0,0.0,0.0,0.0,387086.0,191293.0,261074.0,2598739.0,0.0674747096197645
2023-08-14,2757682,2376219,381463,0,2376219,381463,381463,0.16053353645706206,154000.0,105450.0,809508.0,2170694.0,0.0,0.0,0.0,0.0,154000.0,105450.0,809508.0,2170694.0,0.15067249539928598
2023-08-15,4488149,3827897,660252,0,3640546,847603,660252,0.17248421979896017,600691.0,387086.0,191293.0,2639653.0,0.0,0.0,0.0,0.0,600691.0,387086.0,191293.0,2639653.0,1.1504610470402632
2023-08-16,7167292,6923572,194854,0,6629302,537990,194854,0.028143561135269318,350711.0,154000.0,105450.0,2729057.0,0.0,0.0,0.0,0.0,350711.0,154000.0,105450.0,2729057.0,-0.5890350544759663
2023-08-17,10050976,9342450,605130,53900,9342450,708526,659030,0.07054144570841206,381463.0,600691.0,387086.0,2947101.0,0.0,0.0,0.0,53900.0,381463.0,600691.0,387086.0,3001001.0,1.1239823637399435
2023-08-18,3666002,3161957,493804,0,3117649,548353,493804,0.15617032231294659,660252.0,350711.0,154000.0,3286905.0,0.0,0.0,0.0,53900.0,660252.0,350711.0,154000.0,3340805.0,0.47694026203442036
2023-08-21,2108990,1864281,186105,0,1818776,290214,186105,0.09982663566992547,194854.0,381463.0,600691.0,2872319.0,0.0,0.0,0.0,53900.0,194854.0,381463.0,600691.0,2926219.0,-0.6830379587456304
2023-08-22,3930469,3304264,623061,0,3304264,626205,623061,0.1885626606824816,605130.0,660252.0,350711.0,3144669.0,53900.0,0.0,0.0,53900.0,659030.0,660252.0,350711.0,3198569.0,0.9018058390035263
2023-08-23,9265082,9215802,49280,0,9215802,49280,49280,0.005347336526182254,493804.0,194854.0,381463.0,2812486.0,0.0,0.0,0.0,53900.0,493804.0,194854.0,381463.0,2866386.0,-1.203857646069903
2023-08-24,5566528,5357526,208912,0,5011270,555258,208912,0.038994110528981,186105.0,605130.0,660252.0,2361146.0,0.0,53900.0,0.0,53900.0,186105.0,659030.0,660252.0,2415046.0,-0.5720630426993547
2023-08-25,2941046,2389048,551998,0,2249840,691206,551998,0.23105344427845556,623061.0,493804.0,194854.0,2718290.0,0.0,0.0,0.0,53900.0,623061.0,493804.0,194854.0,2772190.0,0.7504674588669002
2023-08-28,1591870,1331021,204782,0,1331021,260849,204782,0.15385320453005286,49280.0,186105.0,605130.0,2317942.0,0.0,0.0,53900.0,0.0,49280.0,186105.0,659030.0,2317942.0,-0.5832695068868261
2023-08-29,2381439,1711227,663113,0,1711227,670212,663113,0.38750710016432643,208912.0,623061.0,493804.0,2487251.0,0.0,0.0,0.0,0.0,208912.0,623061.0,493804.0,2487251.0,1.1935047380768655
2023-08-30,9884912,9789872,95040,0,9443696,441216,95040,0.009707991104685423,551998.0,49280.0,186105.0,2396186.0,0.0,0.0,0.0,0.0,551998.0,49280.0,186105.0,2396186.0,-1.0523127270255956
2023-08-31,6743712,6404760,318877,0,6350873,392839,318877,0.049787494022025175,204782.0,208912.0,623061.0,2092002.0,0.0,0.0,0.0,0.0,204782.0,208912.0,623061.0,2092002.0,-0.21480649851027814
2023-09-01,3253190,2800528,452662,0,2800528,452662,452662,0.16163446263188133,663113.0,551998.0,49280.0,2495384.0,0.0,0.0,0.0,0.0,663113.0,551998.0,49280.0,2495384.0,0.28936271804416325
2023-09-05,2645500,2213379,432121,0,2169073,476427,432121,0.19523127524419664,95040.0,204782.0,208912.0,2718593.0,0.0,0.0,0.0,0.0,95040.0,204782.0,208912.0,2718593.0,0.18333246769377784
2023-09-06,4775565,4559302,151048,0,4559302,216263,151048,0.03312962529579631,318877.0,663113.0,551998.0,2317643.0,0.0,0.0,0.0,0.0,318877.0,663113.0,551998.0,2317643.0,-0.9547629363229866
2023-09-07,11080496,10741540,288136,0,10340073,740423,288136,0.02682445656540342,452662.0,95040.0,204782.0,2400997.0,0.0,0.0,0.0,0.0,452662.0,95040.0,204782.0,2400997.0,-0.34061525162927864
2023-09-08,7167142,6916428,200481,0,6700146,466996,200481,0.028986200827045287,432121.0,318877.0,663113.0,1938365.0,0.0,0.0,0.0,0.0,432121.0,318877.0,663113.0,1938365.0,-0.6800753766573532
2023-09-11,3640249,3120729,511406,0,3120729,519520,511406,0.16387383721116533,151048.0,452662.0,95040.0,2354731.0,0.0,0.0,0.0,0.0,151048.0,452662.0,95040.0,2354731.0,0.5805820356428142
2023-09-12,3237664,2467411,670593,48840,2467411,770253,719433,0.2915739244195943,288136.0,432121.0,318877.0,2706447.0,0.0,0.0,0.0,48840.0,288136.0,432121.0,318877.0,2755287.0,1.3812834215892835
2023-09-13,9408900,8982146,326731,0,8886350,522550,326731,0.03637560151264503,200481.0,151048.0,452662.0,2580516.0,0.0,0.0,0.0,48840.0,200481.0,151048.0,452662.0,2629356.0,-0.22433883595275736
2023-09-14,10916158,10518266,307366,0,10426168,489990,307366,0.029222114251330564,511406.0,288136.0,432121.0,2455761.0,0.0,0.0,0.0,48840.0,511406.0,288136.0,432121.0,2504601.0,-0.32375056932743823
2023-09-15,7412391,6838487,573424,0,6784600,627791,573424,0.0838524539342615,670593.0,200481.0,151048.0,2878137.0,48840.0,0.0,0.0,48840.0,719433.0,200481.0,151048.0,2926977.0,1.0307589937998891
2023-09-18,3015458,2675803,151650,0,2408765,606693,151650,0.05667455463853107,326731.0,511406.0,288136.0,2741651.0,0.0,0.0,0.0,48840.0,326731.0,511406.0,288136.0,2790491.0,-1.0726298165906039
2023-09-19,4172750,3456240,522166,0,3407730,765020,522166,0.15107916375044447,307366.0,670593.0,200481.0,3063336.0,0.0,48840.0,0.0,48840.0,307366.0,719433.0,200481.0,3112176.0,0.7212141946763134
2023-09-20,9542580,9192844,298611,0,8951550,591030,298611,0.032482979969748214,573424.0,326731.0,511406.0,2850541.0,0.0,0.0,0.0,48840.0,573424.0,326731.0,511406.0,2899381.0,-0.4019617570815445
2023-09-21,7114264,6724338,309773,0,6679414,434850,309773,0.046067427593998456,151650.0,307366.0,670593.0,2489721.0,0.0,0.0,48840.0,0.0,151650.0,307366.0,719433.0,2489721.0,-0.3795208917059739
2023-09-22,3517082,3155909,361173,0,3155909,361173,361173,0.11444337766286111,522166.0,573424.0,326731.0,2524163.0,0.0,0.0,0.0,0.0,522166.0,573424.0,326731.0,2524163.0,-0.0729983938823692
2023-09-25,2487036,2152207,0,0,1941051,545985,0,0.0,298611.0,151650.0,307366.0,2216797.0,0.0,0.0,0.0,0.0,298611.0,151650.0,307366.0,2216797.0,-1.8132724976860854
2023-09-26,3866444,3232463,479288,0,3082774,783670,479288,0.1482732676991917,309773.0,522166.0,573424.0,2122661.0,0.0,0.0,0.0,0.0,309773.0,522166.0,573424.0,2122661.0,0.5600481745429983
2023-09-27,8747436,8356672,337031,0,8001191,746245,337031,0.0403307632116274,361173.0,298611.0,151650.0,2308042.0,0.0,0.0,0.0,0.0,361173.0,298611.0,151650.0,2308042.0,-0.09646499826582888
2023-09-28,6384265,5889417,402208,0,5889417,494848,402208,0.06829333560633666,0.0,309773.0,522166.0,2188084.0,0.0,0.0,0.0,0.0,0.0,309773.0,522166.0,2188084.0,0.20681209960053593
2023-09-29,3963361,3528395,363893,0,3528395,434966,363893,0.1031326982572251,479288.0,361173.0,298611.0,2253366.0,0.0,0.0,0.0,0.0,479288.0,361173.0,298611.0,2253366.0,0.06068053824751837
2023-10-02,2560129,2089556,318406,0,1852750,707379,318406,0.15237966707775857,337031.0,0.0,309773.0,2261999.0,0.0,0.0,0.0,0.0,337031.0,0.0,309773.0,2261999.0,-0.15748824338859113
2023-10-03,4272450,3454487,576251,0,3408155,864295,576251,0.16681227435151028,402208.0,479288.0,361173.0,2477077.0,0.0,0.0,0.0,0.0,402208.0,479288.0,361173.0,2477077.0,1.1805570227492164
2023-10-04,7396454,7239770,57024,48840,7239770,156684,105864,0.014622561956724874,363893.0,337031.0,0.0,2534101.0,0.0,0.0,0.0,48840.0,363893.0,337031.0,0.0,2582941.0,-1.3017403209003249
2023-10-05,7001379,6505411,396455,0,6286700,714679,396455,0.06094233539705095,318406.0,402208.0,479288.0,2451268.0,0.0,0.0,0.0,48840.0,318406.0,402208.0,479288.0,2500108.0,0.24313321124996737
2023-10-06,4188459,3543289,589391,0,3543289,645170,589391,0.16634003990641466,576251.0,363893.0,337031.0,2703628.0,0.0,0.0,0.0,48840.0,576251.0,363893.0,337031.0,2752468.0,1.2611752727055288
2023-10-10,3448027,2621412,732552,0,2433483,1014544,732552,0.27944928937180064,57024.0,318406.0,402208.0,3033972.0,48840.0,0.0,0.0,48840.0,105864.0,318406.0,402208.0,3082812.0,1.9359762988959865
2023-10-11,3641876,3260970,199254,0,3260970,379131,199254,0.06110265929994471,396455.0,576251.0,363893.0,2869333.0,0.0,0.0,0.0,48840.0,396455.0,576251.0,363893.0,2918173.0,-0.9334692701868945
2023-10-12,8256441,8022627,233814,0,7836920,419521,233814,0.02914431530416218,589391.0,57024.0,318406.0,2784741.0,0.0,48840.0,0.0,48840.0,589391.0,105864.0,318406.0,2833581.0,-0.6957331633023074
2023-10-13,5203935,4777209,319418,0,4777209,426726,319418,0.0668628760301515,732552.0,396455.0,576251.0,2527908.0,0.0,0.0,0.0,48840.0,732552.0,396455.0,576251.0,2576748.0,-0.27002938641891405
2023-10-16,2599399,2338616,256832,0,2245809,353590,256832,0.10982217267727037,199254.0,589391.0,57024.0,2727716.0,0.0,0.0,48840.0,0.0,199254.0,589391.0,105864.0,2727716.0,-0.6177046364888158
2023-10-17,2502841,1693863,666090,0,1693863,808978,666090,0.3932370013176973,233814.0,732552.0,396455.0,2997351.0,0.0,0.0,0.0,0.0,233814.0,732552.0,396455.0,2997351.0,1.6276775711797584
2023-10-18,7519052,7160565,294479,0,6942714,576338,294479,0.04112510100458539,319418.0,199254.0,589391.0,2702439.0,0.0,0.0,0.0,0.0,319418.0,199254.0,589391.0,2702439.0,-0.3965234651715427
2023-10-19,9611421,8918804,587443,0,8918804,692617,587443,0.06586566249626491,256832.0,233814.0,732552.0,2557330.0,0.0,0.0,0.0,0.0,256832.0,233814.0,732552.0,2557330.0,1.1403588764908497
2023-10-20,5937676,5833339,104337,0,5833339,104337,104337,0.017886322415631525,666090.0,319418.0,199254.0,2462413.0,0.0,0.0,0.0,0.0,666090.0,319418.0,199254.0,2462413.0,-1.444124586631109
2023-10-23,2522916,2139993,198845,48840,2139993,382923,247685,0.11574097871302443,294479.0,256832.0,233814.0,2427444.0,0.0,0.0,0.0,48840.0,294479.0,256832.0,233814.0,2476284.0,-0.692123072141589
2023-10-24,3404622,3109349,295273,0,3109349,295273,295273,0.09496293437535176,587443.0,666090.0,319418.0,2403299.0,0.0,0.0,0.0,48840.0,587443.0,666090.0,319418.0,2452139.0,-0.40016755300282664
2023-10-25,10322534,9804741,236164,0,9616731,705803,236164,0.02408671232756558,104337.0,294479.0,256832.0,2382631.0,0.0,0.0,0.0,48840.0,104337.0,294479.0,256832.0,2431471.0,-0.672336128001901
2023-10-26,8849455,8367727,444016,0,8143756,705699,444016,0.05306291026668171,198845.0,587443.0,666090.0,2160557.0,48840.0,0.0,0.0,48840.0,247685.0,587443.0,666090.0,2209397.0,0.49823044285446955
2023-10-27,2988978,2305580,591315,48840,2305580,683398,640155,0.27765452612595265,295273.0,104337.0,294479.0,2457393.0,0.0,0.0,0.0,97680.0,295273.0,104337.0,294479.0,2555073.0,1.4965139120561703
2023-10-30,2600904,2245624,155584,0,2149822,451082,155584,0.069283161703312,236164.0,198845.0,587443.0,2025534.0,0.0,48840.0,0.0,97680.0,236164.0,247685.0,587443.0,2123214.0,-1.0940248935738184
2023-10-31,3567389,2846662,629755,0,2754754,812635,629755,0.2212256947871947,444016.0,295273.0,104337.0,2550952.0,0.0,0.0,0.0,97680.0,444016.0,295273.0,104337.0,2648632.0,1.410344245816498
2023-11-01,8900474,8455713,391587,0,8368175,532299,391587,0.04631034114919213,591315.0,236164.0,198845.0,2743694.0,48840.0,0.0,48840.0,48840.0,640155.0,236164.0,247685.0,2792534.0,0.14197958935843416
2023-11-02,6410091,6113399,296692,0,6113399,296692,296692,0.04853142277619655,155584.0,444016.0,295273.0,2745113.0,0.0,0.0,0.0,48840.0,155584.0,444016.0,295273.0,2793953.0,-0.37927433119791293
2023-11-03,3775815,3417821,314808,0,3283166,492649,314808,0.09210778092012983,629755.0,591315.0,236164.0,2823757.0,0.0,48840.0,0.0,48840.0,629755.0,640155.0,236164.0,2872597.0,-0.2807017898577492
2023-11-06,2236829,1991901,151536,0,1991901,244928,151536,0.07607603185297268,391587.0,155584.0,444016.0,2531277.0,0.0,0.0,0.0,48840.0,391587.0,155584.0,444016.0,2580117.0,-1.1144272205903771
2023-11-07,4378582,3453359,731799,0,3356535,1022047,731799,0.21190927097088053,296692.0,629755.0,591315.0,2671761.0,0.0,0.0,48840.0,0.0,296692.0,629755.0,640155.0,2671761.0,1.880417942306195
2023-11-08,7112370,6731105,330445,0,6731105,381265,330445,0.04909222941965258,314808.0,391587.0,155584.0,2846622.0,0.0,0.0,0.0,0.0,314808.0,391587.0,155584.0,2846622.0,-0.25916404515734837
2023-11-09,7544970,6791777,604179,0,6624302,920668,604179,0.0889574129189735,151536.0,296692.0,629755.0,2821046.0,0.0,0.0,0.0,0.0,151536.0,296692.0,629755.0,2821046.0,1.1479097961652105
2023-11-13,3610519,3120214,387123,0,3120214,490305,387123,0.12406933496569948,731799.0,314808.0,391587.0,2816582.0,0.0,0.0,0.0,0.0,731799.0,314808.0,391587.0,2816582.0,0.0021888382303735
2023-11-14,2400072,1567825,636687,0,1474718,925354,636687,0.40609544681616455,330445.0,151536.0,296692.0,3156577.0,0.0,0.0,0.0,0.0,330445.0,151536.0,296692.0,3156577.0,1.2394977080271987
2023-11-15,4212281,4108804,0,102797,4108804,103477,102797,0.025018709819521735,604179.0,731799.0,314808.0,2841769.0,0.0,0.0,0.0,102797.0,604179.0,731799.0,314808.0,2944566.0,-1.4207935605601723
2023-11-16,6158809,5722307,338233,0,5468345,690464,338233,0.05910779356860903,387123.0,330445.0,151536.0,3028466.0,0.0,0.0,0.0,102797.0,387123.0,330445.0,151536.0,3131263.0,-0.21418732630136153
2023-11-17,4951893,4277005,511648,103180,4277005,674888,614828,0.14375196106809296,636687.0,604179.0,731799.0,2808315.0,0.0,0.0,0.0,205977.0,636687.0,604179.0,731799.0,3014292.0,1.110243579152851
2023-11-20,2511581,1916742,452053,0,1824078,687503,452053,0.23584434637298793,0.0,387123.0,330445.0,2929923.0,102797.0,0.0,0.0,205977.0,102797.0,387123.0,330445.0,3135900.0,0.26830791172407775
2023-11-21,4245242,3458333,686424,0,3329589,915653,686424,0.19848400993079326,338233.0,636687.0,604179.0,3012168.0,0.0,0.0,0.0,205977.0,338233.0,636687.0,604179.0,3218145.0,1.4193599509524881
2023-11-22,12726338,12272689,195294,158277,12132579,593759,353571,0.02880957638463939,511648.0,0.0,387123.0,2820339.0,103180.0,102797.0,0.0,364254.0,614828.0,102797.0,387123.0,3184593.0,-0.19222667655547332
2023-11-24,8812032,8206799,403907,103180,8206799,605233,507087,0.06178863868986694,452053.0,338233.0,636687.0,2587559.0,0.0,0.0,0.0,467434.0,452053.0,338233.0,636687.0,3054993.0,0.5686562271206013
2023-11-25,58573,0,58573,0,0,58573,58573,58573.0,686424.0,511648.0,0.0,2646132.0,0.0,103180.0,102797.0,364637.0,686424.0,614828.0,102797.0,3010769.0,-1.717531356070338
2023-11-27,4272204,3695457,576747,0,3695457,576747,576747,0.15606915299808577,195294.0,452053.0,338233.0,2884646.0,158277.0,0.0,0.0,364637.0,353571.0,452053.0,338233.0,3249283.0,0.8777954454875736
2023-11-28,3150370,2313364,582050,54589,1953113,1197257,636639,0.2752004115217443,403907.0,686424.0,511648.0,2955048.0,103180.0,0.0,103180.0,316046.0,507087.0,686424.0,614828.0,3271094.0,1.102869265369789
2023-11-29,5964613,5518973,145730,205990,5518973,445625,351720,0.06372923662985186,58573.0,195294.0,452053.0,2648725.0,0.0,158277.0,0.0,522036.0,58573.0,353571.0,452053.0,3170761.0,-0.2748404697233575
2023-11-30,7050808,6347819,443877,55440,6399618,651190,499317,0.07865960282427668,576747.0,403907.0,686424.0,2406178.0,0.0,103180.0,0.0,577476.0,576747.0,507087.0,686424.0,2983654.0,0.4484855064573716
2023-12-01,6021743,5379310,642433,0,5379310,642433,642433,0.119426632890346,582050.0,58573.0,195294.0,2853317.0,54589.0,0.0,158277.0,419199.0,636639.0,58573.0,353571.0,3272516.0,1.1633387170159555
2023-12-04,3851578,3171769,582833,0,2997448,854130,582833,0.1837563883888176,145730.0,576747.0,403907.0,3032243.0,205990.0,0.0,103180.0,316019.0,351720.0,576747.0,507087.0,3348262.0,0.8061626076846208
2023-12-05,4379091,3429812,382835,413984,3289403,1089688,796819,0.2323214122752465,443877.0,582050.0,58573.0,3356505.0,55440.0,54589.0,0.0,730003.0,499317.0,636639.0,58573.0,4086508.0,1.762089471455814
2023-12-06,9436354,8825693,140008,218680,8725421,710933,358688,0.040641336533988145,642433.0,145730.0,576747.0,2919766.0,0.0,205990.0,0.0,948683.0,642433.0,351720.0,576747.0,3868449.0,-0.46629129053799806
2023-12-07,6955571,6352363,448550,109316,6132247,823324,557866,0.08782021937030057,582833.0,443877.0,582050.0,2786266.0,0.0,55440.0,54589.0,1003410.0,582833.0,499317.0,636639.0,3789676.0,0.5013340382668086
2023-12-08,3302118,2186526,1063791,0,2238327,1063791,1063791,0.48652086162210667,382835.0,642433.0,145730.0,3704327.0,413984.0,0.0,205990.0,797420.0,796819.0,642433.0,351720.0,4501747.0,2.619415335467632
2023-12-11,2606739,1945757,579267,0,1849955,756784,579267,0.2977076285951285,140008.0,582833.0,443877.0,3839717.0,218680.0,0.0,55440.0,741980.0,358688.0,582833.0,499317.0,4581697.0,0.45069373234708904
2023-12-12,2811844,2087784,674780,0,2042578,769266,674780,0.32320377816681317,448550.0,382835.0,642433.0,3872064.0,109316.0,413984.0,0.0,741980.0,557866.0,796819.0,642433.0,4614044.0,0.8270422629257264
2023-12-13,8006804,7251656,278210,426118,7198856,807948,704328,0.09712649122814275,1063791.0,140008.0,582833.0,3567441.0,0.0,218680.0,0.0,1168098.0,1063791.0,358688.0,582833.0,4735539.0,0.9440895283722464
2023-12-14,6781655,6308175,424200,0,6136060,645595,424200,0.06724606288727518,579267.0,448550.0,382835.0,3608806.0,0.0,109316.0,413984.0,754114.0,579267.0,557866.0,796819.0,4362920.0,-0.3525737041611049
2023-12-15,3799792,3120620,623732,55440,3120620,679172,679172,0.2176400145996582,674780.0,1063791.0,140008.0,4092530.0,0.0,0.0,218680.0,590874.0,674780.0,1063791.0,358688.0,4683404.0,0.7702171652627272
2023-12-18,2554908,2002374,501732,0,2002374,552534,501732,0.2505684499656658,278210.0,579267.0,448550.0,4145712.0,426118.0,0.0,109316.0,481558.0,704328.0,579267.0,557866.0,4627270.0,-0.08387366858839246
2023-12-19,4001061,3207634,685627,107800,3020525,980536,793427,0.24735576211133747,424200.0,674780.0,1063791.0,3767548.0,0.0,0.0,0.0,589358.0,424200.0,674780.0,1063791.0,4356906.0,1.225804045218165
2023-12-20,3801128,3302295,135166,217602,3302295,498833,352768,0.1068250695879473,623732.0,278210.0,579267.0,3323447.0,55440.0,426118.0,0.0,806960.0,679172.0,704328.0,579267.0,4130407.0,-0.8540682351601552
2023-12-21,7283201,6836550,341931,55440,6836550,446651,397371,0.0581244841148702,501732.0,424200.0,674780.0,2990598.0,0.0,0.0,0.0,862400.0,501732.0,424200.0,674780.0,3852998.0,-0.653823612664764
2023-12-22,5188725,3945676,1076729,166320,3806680,1382045,1243049,0.3150407395232808,685627.0,623732.0,278210.0,3789117.0,107800.0,55440.0,426118.0,602602.0,793427.0,679172.0,704328.0,4391719.0,2.8623306645316475
2023-12-26,3340008,2406729,882459,0,2128673,1211335,882459,0.36666306565339696,135166.0,501732.0,424200.0,4247376.0,217602.0,0.0,0.0,602602.0,352768.0,501732.0,424200.0,4849978.0,1.2732353251230037
2023-12-27,5718105,5351691,210566,155848,5351691,366414,366414,0.068466944659745,341931.0,685627.0,623732.0,3834210.0,55440.0,107800.0,55440.0,703010.0,397371.0,793427.0,679172.0,4537220.0,-0.7744937853135357
2023-12-28,8639631,7854079,316391,317262,7905878,733753,633653,0.08067819528194263,1076729.0,135166.0,501732.0,3648869.0,166320.0,217602.0,0.0,1020272.0,1243049.0,352768.0,501732.0,4669141.0,0.24216685200371815
2023-12-29,8316234,7494954,659470,161810,7223912,1092322,821280,0.10957770927243726,882459.0,341931.0,685627.0,3622712.0,0.0,55440.0,107800.0,1074282.0,882459.0,397371.0,793427.0,4696994.0,0.9770461044507539
2024-01-02,5185289,3660484,1413925,110880,3660484,1524805,1524805,0.4165581883275031,210566.0,1076729.0,135166.0,4901471.0,155848.0,166320.0,217602.0,967560.0,366414.0,1243049.0,352768.0,5869031.0,3.1192634458246298
2024-01-03,6516102,5961427,405832,47203,5961427,554675,453035,0.07599437584417693,316391.0,882459.0,341931.0,4965372.0,317262.0,0.0,55440.0,959323.0,633653.0,882459.0,397371.0,5924695.0,-0.5898667066143571
2024-01-04,5100200,4729011,160521,159852,4588307,511893,320373,0.06774628611642347,659470.0,210566.0,1076729.0,4049164.0,161810.0,155848.0,166320.0,952855.0,821280.0,366414.0,1243049.0,5002019.0,-0.9898494268434058
2024-01-05,7938486,7340189,384677,213620,7340189,598297,598297,0.08150974293580956,1413925.0,316391.0,882459.0,3551382.0,110880.0,317262.0,0.0,1166475.0,1524805.0,633653.0,882459.0,4717857.0,-0.07291219610772266
2024-01-08,6548273,5703303,635530,110880,5703303,844970,746410,0.1308732622353639,405832.0,659470.0,210566.0,3976346.0,47203.0,161810.0,155848.0,1121507.0,453035.0,821280.0,366414.0,5097853.0,0.4104259696672459
2024-01-09,4058512,2583713,993773,330106,2308038,1750474,1323879,0.5123937866187976,160521.0,1413925.0,316391.0,4653728.0,159852.0,110880.0,317262.0,1134351.0,320373.0,1524805.0,633653.0,5788079.0,2.208160518492352
2024-01-10,5193124,4767736,320897,52470,4565803,627321,373367,0.07831115684443164,384677.0,405832.0,659470.0,4315155.0,213620.0,47203.0,161810.0,1025011.0,598297.0,453035.0,821280.0,5340166.0,-0.9622389132883649
2024-01-11,5234391,4283151,623220,328020,3963944,1270447,951240,0.22208877947829075,635530.0,160521.0,1413925.0,3524450.0,110880.0,159852.0,110880.0,1242151.0,746410.0,320373.0,1524805.0,4766601.0,0.9103970369669107
2024-01-12,5009394,3764414,856900,388080,3708532,1300862,1244980,0.3307233660475798,993773.0,384677.0,405832.0,3975518.0,330106.0,213620.0,47203.0,1583028.0,1323879.0,598297.0,453035.0,5558546.0,1.7137002449239276
2024-01-13,47520,47520,0,0,47520,0,0,0.0,320897.0,635530.0,160521.0,3814997.0,52470.0,110880.0,159852.0,1423176.0,373367.0,746410.0,320373.0,5238173.0,-2.021306383162009
2024-01-16,2545816,1643874,696022,104280,1643874,901942,800302,0.48683871948901225,623220.0,993773.0,384677.0,4126342.0,328020.0,330106.0,213620.0,1313836.0,951240.0,1323879.0,598297.0,5440178.0,0.3193533657692285
2024-01-17,2889541,2575277,256624,57640,2357703,531838,314264,0.1220310972252316,856900.0,320897.0,635530.0,3747436.0,388080.0,52470.0,110880.0,1260596.0,1244980.0,373367.0,746410.0,5008032.0,-1.063253423739061
2024-01-18,7831757,7152761,246696,432300,7096879,734878,678996,0.09492780551065448,0.0,623220.0,993773.0,3000359.0,0.0,328020.0,330106.0,1362790.0,0.0,951240.0,1323879.0,4363149.0,0.0005480723431766507
2024-01-19,5915436,5522938,345040,0,5300544,614892,345040,0.062473983507694,696022.0,856900.0,320897.0,3024502.0,104280.0,388080.0,52470.0,1310320.0,800302.0,1244980.0,373367.0,4334822.0,-0.9624290956748075
2024-01-22,4701401,3608403,760358,332640,3515895,1185506,1092998,0.30290344429282307,256624.0,0.0,623220.0,3161640.0,57640.0,0.0,328020.0,1314940.0,314264.0,0.0,951240.0,4476580.0,1.1221709730885183
2024-01-23,4048270,2998874,948196,101200,2998874,1049396,1049396,0.3499298903755575,246696.0,696022.0,856900.0,3252936.0,432300.0,104280.0,388080.0,1028060.0,678996.0,800302.0,1244980.0,4280996.0,1.001657035924226
2024-01-24,7472269,7179211,293058,0,7179211,293058,293058,0.040820357443128855,345040.0,256624.0,0.0,3545994.0,0.0,57640.0,0.0,1028060.0,345040.0,314264.0,0.0,4574054.0,-1.0915138142944563
2024-01-25,11799602,11217916,424216,105695,11003282,796269,529911,0.04723791413325665,760358.0,246696.0,696022.0,3274188.0,332640.0,432300.0,104280.0,1029475.0,1092998.0,678996.0,800302.0,4303663.0,-0.4191466244056696
2024-01-26,9392016,8365678,657490,220220,8177971,1214045,877710,0.1049179630248782,948196.0,345040.0,256624.0,3675054.0,101200.0,0.0,57640.0,1192055.0,1049396.0,345040.0,314264.0,4867109.0,0.5249810846762102
2024-01-27,20513,20513,0,0,20513,0,0,0.0,293058.0,760358.0,246696.0,3428358.0,0.0,332640.0,432300.0,759755.0,293058.0,1092998.0,678996.0,4188113.0,-1.7643530107235996
2024-01-29,3279160,2661337,460743,157080,2661337,617823,617823,0.2321475137693897,424216.0,948196.0,345040.0,3544061.0,105695.0,101200.0,0.0,916835.0,529911.0,1049396.0,345040.0,4460896.0,-0.13919532385000907
2024-01-30,4464433,2918365,1337244,208824,2870467,1593966,1546068,0.5297717969576126,657490.0,293058.0,760358.0,4120947.0,220220.0,0.0,332640.0,793019.0,877710.0,293058.0,1092998.0,4913966.0,2.0395373587064665
2024-01-31,7903218,7385195,192661,221760,7271529,631689,414421,0.05611509836705756,0.0,424216.0,948196.0,3365412.0,0.0,105695.0,101200.0,913579.0,0.0,529911.0,1049396.0,4278991.0,-0.6714893547041968
2024-02-01,6287980,4754078,995085,386540,4754078,1533902,1381625,0.29061885593403053,460743.0,657490.0,293058.0,4067439.0,157080.0,220220.0,0.0,1300119.0,617823.0,877710.0,293058.0,5367558.0,1.527690286091661
2024-02-02,4435022,3135908,1146889,55440,3135908,1299114,1202329,0.38340685268609515,1337244.0,0.0,424216.0,4790112.0,208824.0,0.0,105695.0,1249864.0,1546068.0,0.0,529911.0,6039976.0,1.0371277047861762
2024-02-05,2575360,2050243,327051,149930,1958036,617324,476981,0.2326459679921024,192661.0,460743.0,657490.0,4459673.0,221760.0,157080.0,220220.0,1179574.0,414421.0,617823.0,877710.0,5639247.0,-0.5926531215104769
2024-02-06,2839810,1660628,1028108,100254,1612727,1227083,1128362,0.6794786794642271,995085.0,1337244.0,0.0,5487781.0,386540.0,208824.0,0.0,1279828.0,1381625.0,1546068.0,0.0,6767609.0,0.9100648775242192
2024-02-07,8184763,7130888,417591,590942,6793831,1390932,1008533,0.14143159429350252,1146889.0,192661.0,460743.0,5444629.0,55440.0,221760.0,157080.0,1713690.0,1202329.0,414421.0,617823.0,7158319.0,0.585959796330879
2024-02-08,6643114,5315136,1005550,168520,5235839,1407275,1174070,0.22089176628937315,327051.0,995085.0,1337244.0,5112935.0,149930.0,386540.0,208824.0,1673386.0,476981.0,1381625.0,1546068.0,6786321.0,0.9186837901732832
2024-02-09,4763468,3364866,1145882,201960,3364866,1398602,1347842,0.400563231771122,1028108.0,1146889.0,192661.0,6066156.0,100254.0,55440.0,221760.0,1653586.0,1128362.0,1202329.0,414421.0,7719742.0,1.2439292986963997
2024-02-12,2310267,1976653,235267,97240,1864889,445378,332507,0.16821709818713848,417591.0,327051.0,995085.0,5306338.0,590942.0,149930.0,386540.0,1364286.0,1008533.0,476981.0,1381625.0,6670624.0,-0.9786333365719024
2024-02-13,3209140,1844084,946681,314385,1751878,1457262,1261066,0.683843749067966,1005550.0,1028108.0,1146889.0,5106130.0,168520.0,100254.0,55440.0,1623231.0,1174070.0,1128362.0,1202329.0,6729361.0,1.0994833528479282
2024-02-14,7353145,6170598,305939,777557,6122697,1230448,1083496,0.17559008452826055,1145882.0,417591.0,327051.0,5085018.0,201960.0,590942.0,149930.0,2250858.0,1347842.0,1008533.0,476981.0,7335876.0,0.6426827699448715
2024-02-15,6178155,4776438,979097,371818,4776438,1401717,1350915,0.28282890245222436,235267.0,1005550.0,1028108.0,5036007.0,97240.0,168520.0,100254.0,2522422.0,332507.0,1174070.0,1128362.0,7558429.0,1.1795725032268496
2024-02-16,4232337,3551824,365407,259105,3551824,680513,624512,0.17582848254066571,946681.0,1145882.0,417591.0,4983823.0,314385.0,201960.0,590942.0,2190585.0,1261066.0,1347842.0,1008533.0,7174408.0,-0.4596731516969898
2024-02-19,214568,214568,0,0,214568,0,0,0.0,305939.0,235267.0,1005550.0,3978273.0,777557.0,97240.0,168520.0,2022065.0,1083496.0,332507.0,1174070.0,6000338.0,-1.7170797179211368
2024-02-20,3733915,2272419,1242973,145090,1966366,1767464,1388063,0.6108303042571356,979097.0,946681.0,1145882.0,4075364.0,371818.0,314385.0,201960.0,1965195.0,1350915.0,1261066.0,1347842.0,6040559.0,1.2346308686668828
2024-02-21,3678555,2992492,263428,422635,2899982,778573,686063,0.22926135499732164,365407.0,305939.0,235267.0,4103525.0,259105.0,777557.0,97240.0,2290590.0,624512.0,1083496.0,332507.0,6394115.0,-0.26460957118647654
2024-02-22,8983660,7757092,855428,320320,7728459,1255201,1175748,0.15157069794058162,0.0,979097.0,946681.0,4012272.0,0.0,371818.0,314385.0,2296525.0,0.0,1350915.0,1261066.0,6308797.0,0.8033699115372499
2024-02-23,7116980,6104048,785186,216370,5797995,1318985,1001556,0.16408059633859426,1242973.0,365407.0,305939.0,4491519.0,145090.0,259105.0,777557.0,1735338.0,1388063.0,624512.0,1083496.0,6226857.0,0.37236918247570905
2024-02-26,2979252,2284627,500312,194313,2284627,694625,694625,0.30404293390433806,263428.0,0.0,979097.0,4012734.0,422635.0,0.0,371818.0,1557833.0,686063.0,0.0,1350915.0,5570567.0,-0.3240423579158871
2024-02-27,3658667,2204304,1303883,150480,2204304,1454363,1454363,0.6597830155082894,855428.0,1242973.0,365407.0,4951210.0,320320.0,145090.0,259105.0,1449208.0,1175748.0,1388063.0,624512.0,6400418.0,1.3230066589397473
2024-02-28,7691307,7286299,48897,356111,7286299,405008,405008,0.055584864746167466,785186.0,263428.0,0.0,5000107.0,216370.0,422635.0,0.0,1805319.0,1001556.0,686063.0,0.0,6805426.0,-1.031595702799776
2024-02-29,9162237,7700005,1084008,327404,7476320,1685917,1411412,0.1833001169089998,500312.0,855428.0,1242973.0,4841142.0,194313.0,320320.0,145090.0,1987633.0,694625.0,1175748.0,1388063.0,6828775.0,1.1475456184331507
2024-03-01,8060439,7403967,552192,104280,7182599,877840,656472,0.08866488888120533,1303883.0,785186.0,263428.0,5129906.0,150480.0,216370.0,422635.0,1669278.0,1454363.0,1001556.0,686063.0,6799184.0,-0.5142148966508794
2024-03-04,3107718,2183273,680355,244090,2183273,924445,924445,0.42342143038390967,48897.0,500312.0,855428.0,4954833.0,356111.0,194313.0,320320.0,1593048.0,405008.0,694625.0,1175748.0,6547881.0,0.09621269506809371
2024-03-05,3688813,2051184,1207778,379324,2051184,1637585,1587102,0.773748832991661,1084008.0,1303883.0,785186.0,5377425.0,327404.0,150480.0,216370.0,1756002.0,1411412.0,1454363.0,1001556.0,7133427.0,1.4762579716307722
2024-03-06,7559309,6966532,379157,213620,6778579,780730,592777,0.08508924022896325,552192.0,48897.0,500312.0,5256270.0,104280.0,356111.0,194313.0,1775309.0,656472.0,405008.0,694625.0,7031579.0,-0.7475750092802054
2024-03-07,7159930,5903100,1041230,164780,5858194,1301736,1206010,0.2043010953056707,680355.0,1084008.0,1303883.0,4993617.0,244090.0,327404.0,150480.0,1789609.0,924445.0,1411412.0,1454363.0,6783226.0,0.5964597510028133
2024-03-08,2784860,2429843,307497,47520,2429843,355017,355017,0.14610691056709812,1207778.0,552192.0,48897.0,5252217.0,379324.0,104280.0,356111.0,1481018.0,1587102.0,656472.0,405008.0,6733235.0,-1.3883626064825465
2024-03-09,43773,43773,0,0,43773,0,0,0.0,379157.0,680355.0,1084008.0,4168209.0,213620.0,244090.0,327404.0,1153614.0,592777.0,924445.0,1411412.0,5321823.0,-2.025922298929519
2024-03-11,2151990,1694421,205559,252010,1509093,642897,457569,0.27004429829168886,1041230.0,1207778.0,552192.0,3821576.0,164780.0,379324.0,104280.0,1301344.0,1206010.0,1587102.0,656472.0,5122920.0,-0.9647891127135395
2024-03-12,3825609,2047080,1319841,329208,2047080,1778528,1649049,0.8055611868802456,307497.0,379157.0,680355.0,4461062.0,47520.0,213620.0,244090.0,1386462.0,355017.0,592777.0,924445.0,5847524.0,1.5475156003946693
2024-03-13,6999159,5430588,1021338,529030,5163649,1835510,1550368,0.2854880013935873,0.0,1041230.0,1207778.0,4274622.0,0.0,164780.0,379324.0,1536168.0,0.0,1206010.0,1587102.0,5810790.0,1.3031429356917714
2024-03-14,7696406,6433096,1160350,102960,6433096,1263310,1263310,0.19637664409537117,205559.0,307497.0,379157.0,5055815.0,252010.0,47520.0,213620.0,1425508.0,457569.0,355017.0,592777.0,6481323.0,0.6844817069366315
2024-03-15,3387321,2265293,932087,158087,2173384,1213937,1090174,0.48125055732280225,1319841.0,0.0,1041230.0,4946672.0,329208.0,0.0,164780.0,1418815.0,1649049.0,0.0,1206010.0,6365487.0,0.27715374559877093
2024-03-18,2531773,1937746,289173,254034,1752418,779355,543207,0.28032916577860784,1021338.0,205559.0,307497.0,4928348.0,529030.0,252010.0,47520.0,1625329.0,1550368.0,457569.0,355017.0,6553677.0,-0.8541808496882674
2024-03-19,3977050,2779728,893924,303398,2779728,1197322,1197322,0.43073335566164905,1160350.0,1319841.0,0.0,5822272.0,102960.0,329208.0,0.0,1928727.0,1263310.0,1649049.0,0.0,7750999.0,0.5291558769892348
2024-03-20,9017366,8297616,129754,535392,8025183,992183,665146,0.08016108721335294,932087.0,1021338.0,205559.0,5746467.0,158087.0,529030.0,252010.0,2212109.0,1090174.0,1550368.0,457569.0,7958576.0,-0.566915666435765
2024-03-21,7136216,6163604,747974,217470,6163604,972612,965444,0.15663625427002542,289173.0,1160350.0,1319841.0,5174600.0,254034.0,102960.0,329208.0,2100371.0,543207.0,1263310.0,1649049.0,7274971.0,0.0999188265894427
2024-03-22,3304759,2377606,671953,205920,2284804,1019955,877873,0.36922544390220924,893924.0,932087.0,1021338.0,4825215.0,303398.0,158087.0,529030.0,1777261.0,1197322.0,1090174.0,1550368.0,6602476.0,-0.13181333323169878
2024-03-25,2680307,2002483,474698,201960,1909819,770488,676658,0.33790931662874707,129754.0,289173.0,1160350.0,4139563.0,535392.0,254034.0,102960.0,1876261.0,665146.0,543207.0,1263310.0,6015824.0,-0.5373234343750041
2024-03-26,3307218,2045005,890368,321025,2045005,1262213,1211393,0.5923664771643702,747974.0,893924.0,932087.0,4097844.0,217470.0,303398.0,158087.0,2039199.0,965444.0,1197322.0,1090174.0,6137043.0,0.6415572946963105
2024-03-27,9970350,8629439,1086952,253959,8493006,1477344,1340911,0.15538795101420255,671953.0,129754.0,289173.0,4895623.0,205920.0,535392.0,254034.0,2039124.0,877873.0,665146.0,543207.0,6934747.0,0.9301481473578763
2024-03-28,6863734,5928870,673504,261360,5928870,934864,934864,0.15767993602829275,474698.0,747974.0,893924.0,4675203.0,201960.0,217470.0,303398.0,1997086.0,676658.0,965444.0,1197322.0,6672289.0,0.006259549706794818
2024-03-29,3997547,3630792,269185,97570,3445464,552083,366755,0.10101236837241892,890368.0,671953.0,129754.0,4814634.0,321025.0,205920.0,535392.0,1559264.0,1211393.0,877873.0,665146.0,6373898.0,-1.358014069881645
2024-04-01,4119087,3560852,266427,291808,3560852,558235,558235,0.15677002111572705,1086952.0,474698.0,747974.0,4333087.0,253959.0,201960.0,217470.0,1633602.0,1340911.0,676658.0,965444.0,5966689.0,-0.8484769671054759
2024-04-02,4870233,3640840,976171,253222,3640840,1229393,1229393,0.3376673136783507,673504.0,890368.0,671953.0,4637305.0,261360.0,321025.0,205920.0,1680904.0,934864.0,1211393.0,877873.0,6318209.0,0.6952375629028249
2024-04-03,9758624,8991578,288000,479046,8850729,907895,767046,0.08530715239225502,269185.0,1086952.0,474698.0,4450607.0,97570.0,253959.0,201960.0,1957990.0,366755.0,1340911.0,676658.0,6408597.0,-0.3647785307975714
2024-04-04,7590910,6741169,627981,221760,6741169,849741,849741,0.12605245083568578,266427.0,673504.0,890368.0,4188220.0,291808.0,261360.0,321025.0,1858725.0,558235.0,934864.0,1211393.0,6046945.0,-0.157040869041893
2024-04-05,4624038,4368842,255196,0,4095976,528062,255196,0.05841271934010904,976171.0,269185.0,1086952.0,3356464.0,253222.0,97570.0,253959.0,1604766.0,1229393.0,366755.0,1340911.0,4961230.0,-1.4768191738198286
2024-04-08,4170553,3225427,792116,153010,3225427,945126,945126,0.2930234375096886,288000.0,266427.0,673504.0,3475076.0,479046.0,291808.0,261360.0,1496416.0,767046.0,558235.0,934864.0,4971492.0,0.14277781489593003
2024-04-09,3102389,2004369,785426,312541,1863066,1239323,1097967,0.547786586308915,627981.0,976171.0,269185.0,3991317.0,221760.0,253222.0,97570.0,1711387.0,849741.0,1229393.0,366755.0,5702704.0,0.45681098423792776
2024-04-10,7181113,6468483,336327,376303,6468483,712630,712630,0.110169554411822,255196.0,288000.0,266427.0,4061217.0,0.0,479046.0,291808.0,1795882.0,255196.0,767046.0,558235.0,5857099.0,-0.4214788327238288
2024-04-11,5571883,4121568,1181550,268765,4121568,1450315,1450315,0.35188419749857397,792116.0,627981.0,976171.0,4266596.0,153010.0,221760.0,253222.0,1811425.0,945126.0,849741.0,1229393.0,6078021.0,1.2924476365875064
2024-04-12,2553444,1965740,445144,142560,1785538,767906,587704,0.2989732624999936,785426.0,255196.0,288000.0,4423740.0,312541.0,0.0,479046.0,1474939.0,1097967.0,255196.0,767046.0,5898679.0,-0.7394341730463404
2024-04-13,50283,50283,0,0,50283,0,0,0.0,336327.0,792116.0,627981.0,3795759.0,376303.0,153010.0,221760.0,1253179.0,712630.0,945126.0,849741.0,5048938.0,-1.960435098843965
2024-04-15,2518131,1785660,437781,245410,1785660,732471,683191,0.3825983767355618,1181550.0,785426.0,255196.0,3978344.0,268765.0,312541.0,0.0,1498589.0,1450315.0,1097967.0,255196.0,5476933.0,-0.38668917617377363
2024-04-16,2480507,1976844,340423,163240,1884409,596098,503663,0.25478122968669775,445144.0,336327.0,792116.0,3526651.0,142560.0,376303.0,153010.0,1508819.0,587704.0,712630.0,945126.0,5035470.0,-0.7511569412891392
2024-04-17,8860551,8049199,330510,480278,8001298,859253,810788,0.1007290165482284,0.0,1181550.0,785426.0,3071735.0,0.0,268765.0,312541.0,1676556.0,0.0,1450315.0,1097967.0,4748291.0,-0.07279703275913811
2024-04-18,5764280,5409189,260852,55440,5409189,355091,316292,0.0584730800729869,437781.0,445144.0,336327.0,2996260.0,245410.0,142560.0,376303.0,1355693.0,683191.0,587704.0,712630.0,4351953.0,-1.333056124817981
2024-04-19,4068848,3339823,367814,361211,2930381,1138467,729025,0.21828246039312252,340423.0,0.0,1181550.0,2182524.0,163240.0,0.0,268765.0,1448139.0,503663.0,0.0,1450315.0,3630663.0,-0.33348799992715866
2024-04-22,2096212,1950662,44020,101530,1950662,145550,145550,0.07461565631787756,330510.0,437781.0,445144.0,1781400.0,480278.0,245410.0,142560.0,1407109.0,810788.0,683191.0,587704.0,3188509.0,-1.7169273181645734
2024-04-23,3380625,2586581,581601,212443,2586581,794044,794044,0.30698582144312453,260852.0,340423.0,0.0,2363001.0,55440.0,163240.0,0.0,1619552.0,316292.0,503663.0,0.0,3982553.0,0.02327297456527967
2024-04-24,10257322,9390321,671542,195459,9342720,914602,867001,0.09232920873213932,367814.0,330510.0,437781.0,2596762.0,361211.0,480278.0,245410.0,1569601.0,729025.0,810788.0,683191.0,4166363.0,0.2698717307806167
2024-04-25,5640547,5167468,257409,215670,4980574,659973,473079,0.09154946067407468,44020.0,260852.0,340423.0,2513748.0,101530.0,55440.0,163240.0,1622031.0,145550.0,316292.0,503663.0,4135779.0,-0.7981487467793463
2024-04-26,4810350,3412332,920288,477730,3278462,1531888,1398018,0.40969565397046537,581601.0,367814.0,330510.0,3103526.0,212443.0,361211.0,480278.0,1619483.0,794044.0,729025.0,810788.0,4723009.0,1.687042129799494
2024-04-29,3067199,2924903,49896,92400,2785907,281292,142296,0.04864980183965012,671542.0,44020.0,260852.0,2892570.0,195459.0,101530.0,55440.0,1656443.0,867001.0,145550.0,316292.0,4549013.0,-1.6066145349823608
2024-04-30,3025332,2348846,676486,0,2208141,817191,676486,0.2880076905818046,257409.0,581601.0,367814.0,3201242.0,215670.0,212443.0,361211.0,1295232.0,473079.0,794044.0,729025.0,4496474.0,-0.1841024220983488
2024-05-01,9243396,8323839,613537,306020,8323839,919557,919557,0.11047269048900507,920288.0,671542.0,44020.0,3770759.0,477730.0,195459.0,101530.0,1499722.0,1398018.0,867001.0,145550.0,5270481.0,0.46890950931163367
2024-05-02,7423427,6701680,348363,373384,6665600,757827,721747,0.10769641228820052,49896.0,257409.0,581601.0,3537521.0,92400.0,215670.0,212443.0,1660663.0,142296.0,473079.0,794044.0,5198184.0,-0.04571755853980512
2024-05-03,4148045,3610259,442746,95040,3610259,537786,537786,0.14896046268135812,676486.0,920288.0,671542.0,3308725.0,0.0,477730.0,195459.0,1560244.0,676486.0,1398018.0,867001.0,4868969.0,-0.5235421939248892
2024-05-06,3358396,2282534,605062,470800,2097228,1261168,1075862,0.4713452367652632,613537.0,49896.0,257409.0,3656378.0,306020.0,92400.0,215670.0,1815374.0,919557.0,142296.0,473079.0,5471752.0,0.9356728520973262
2024-05-07,3172275,2380456,688859,102960,2380456,791819,791819,0.33263318766102473,348363.0,676486.0,920288.0,3424949.0,373384.0,0.0,477730.0,1440604.0,721747.0,676486.0,1398018.0,4865553.0,0.22864299535867508
2024-05-08,13472797,13008956,204186,259655,12640232,832565,463841,0.03565551027649642,442746.0,613537.0,49896.0,3579239.0,95040.0,306020.0,92400.0,1607859.0,537786.0,919557.0,142296.0,5187098.0,-0.6585436049664515
2024-05-09,8182877,7446348,296093,440436,7400016,782861,736529,0.09891142625735108,605062.0,348363.0,676486.0,3198846.0,470800.0,373384.0,0.0,2048295.0,1075862.0,721747.0,676486.0,5247141.0,0.08232924679384723
2024-05-10,4943820,4785473,158347,0,4785473,158347,158347,0.03308909420467022,688859.0,442746.0,613537.0,2743656.0,102960.0,95040.0,306020.0,1742275.0,791819.0,537786.0,919557.0,4485931.0,-1.4900135195623667
2024-05-13,3210224,2876943,145841,187440,2733844,476380,333281,0.11584549438570928,204186.0,605062.0,348363.0,2541134.0,259655.0,470800.0,373384.0,1556331.0,463841.0,1075862.0,721747.0,4097465.0,-0.9441881372729263
2024-05-14,4823300,4038609,681731,102960,3660398,1162902,784691,0.1942972953565707,296093.0,688859.0,442746.0,2780119.0,440436.0,102960.0,95040.0,1564251.0,736529.0,791819.0,537786.0,4344370.0,0.33960619443838375
2024-05-15,9428114,8210941,743451,473722,8166035,1262079,1217173,0.1482379244671318,158347.0,204186.0,605062.0,2918508.0,0.0,259655.0,470800.0,1567173.0,158347.0,463841.0,1075862.0,4485681.0,1.4817435799025707
2024-05-16,10328948,9883005,336207,109736,9883005,445943,445943,0.04512220269824788,145841.0,296093.0,688859.0,2565856.0,187440.0,440436.0,102960.0,1573949.0,333281.0,736529.0,791819.0,4139805.0,-0.6647369689313143
2024-05-17,5151616,3516088,1307675,327853,3516088,1635528,1635528,0.4651554610819009,681731.0,158347.0,204186.0,3669345.0,102960.0,0.0,259655.0,1642147.0,784691.0,158347.0,463841.0,5311492.0,2.34663581583885
2024-05-20,3435098,3197568,237530,0,3197568,237530,237530,0.07428455805019375,743451.0,145841.0,296093.0,3610782.0,473722.0,187440.0,440436.0,1201711.0,1217173.0,333281.0,736529.0,4812493.0,-1.1087856458901584
2024-05-21,3002860,2587511,391589,23760,2539912,462948,415349,0.16052060821360442,336207.0,681731.0,158347.0,3844024.0,109736.0,102960.0,0.0,1225471.0,445943.0,784691.0,158347.0,5069495.0,-0.6320995515132346
2024-05-22,10398577,9394421,948914,55242,9153242,1245335,1004156,0.1068885344941924,1307675.0,743451.0,145841.0,4647097.0,327853.0,473722.0,187440.0,1093273.0,1635528.0,1217173.0,333281.0,5740370.0,0.9276195724544588
2024-05-23,6501302,5943987,499939,57376,5943987,557315,557315,0.09376112468598523,237530.0,336207.0,681731.0,4465305.0,0.0,109736.0,102960.0,1047689.0,237530.0,445943.0,784691.0,5512994.0,-0.2517609303224066
2024-05-24,3088777,2656216,432561,0,2656216,432561,432561,0.16284851727099103,391589.0,1307675.0,743451.0,4154415.0,23760.0,327853.0,473722.0,573967.0,415349.0,1635528.0,1217173.0,4728382.0,-0.6505694708151704
2024-05-28,3754656,2706992,740817,253000,2429000,1325656,993817,0.36712950495254326,948914.0,237530.0,336207.0,4559025.0,55242.0,0.0,109736.0,717231.0,1004156.0,237530.0,445943.0,5276256.0,0.8667044540812878
2024-05-29,4789762,4549504,240258,0,4357121,432641,240258,0.052809701275193674,499939.0,391589.0,1307675.0,3491608.0,57376.0,23760.0,327853.0,389378.0,557315.0,415349.0,1635528.0,3880986.0,-1.1493845490907848
2024-05-30,10153467,8373068,1014136,766263,8325165,1828302,1780399,0.21263398163803499,432561.0,948914.0,237530.0,4268214.0,0.0,55242.0,0.0,1155641.0,432561.0,1004156.0,237530.0,5423855.0,2.5467704956142097
2024-05-31,6286137,5595088,144582,546467,5595088,691049,691049,0.1235099209324463,740817.0,499939.0,391589.0,4021207.0,253000.0,57376.0,23760.0,1678348.0,993817.0,557315.0,415349.0,5699555.0,-0.05336008647001204
2024-06-03,3393014,3047487,290087,55440,2723163,669851,345527,0.11338092225465694,240258.0,432561.0,948914.0,3362380.0,0.0,0.0,55242.0,1678546.0,240258.0,432561.0,1004156.0,5040926.0,-0.8393346570767809
2024-06-04,2637068,2012283,538417,51480,2012283,624785,589897,0.29314798507566525,1014136.0,740817.0,499939.0,3400858.0,766263.0,253000.0,57376.0,1672650.0,1780399.0,993817.0,557315.0,5073508.0,-0.3056615080754296
2024-06-05,7634458,7420618,0,213840,7173499,460959,213840,0.028817003002040667,144582.0,240258.0,432561.0,2968297.0,546467.0,0.0,0.0,1886490.0,691049.0,240258.0,432561.0,4854787.0,-1.147530042579249
2024-06-06,12761214,11553259,819681,388274,11553259,1207955,1207955,0.10455533762764796,290087.0,1014136.0,740817.0,3047161.0,55440.0,766263.0,253000.0,2021764.0,345527.0,1780399.0,993817.0,5068925.0,1.1655080403181255
2024-06-07,7557422,7150160,353362,53900,7150160,407262,407262,0.056958437719094715,538417.0,144582.0,240258.0,3160265.0,51480.0,546467.0,0.0,2075664.0,589897.0,691049.0,240258.0,5235929.0,-0.6914370546126224
2024-06-08,104181,104181,0,0,104181,0,0,0.0,0.0,290087.0,1014136.0,2146129.0,213840.0,55440.0,766263.0,1309401.0,213840.0,345527.0,1780399.0,3455530.0,-1.5352938964143583
2024-06-10,2898584,2605791,198585,94208,2133753,764831,292793,0.11236238349031695,819681.0,538417.0,144582.0,2200132.0,388274.0,51480.0,546467.0,857142.0,1207955.0,589897.0,691049.0,3057274.0,-0.8754583911278261
2024-06-11,4961889,4260732,701157,0,4212831,749058,701157,0.16456252949903222,353362.0,0.0,290087.0,2611202.0,53900.0,213840.0,55440.0,801702.0,407262.0,213840.0,345527.0,3412904.0,0.08669282242913381
2024-06-12,10973379,10068783,749074,107800,10023877,949502,856874,0.0851020341681776,0.0,819681.0,538417.0,2821859.0,0.0,388274.0,51480.0,858022.0,0.0,1207955.0,589897.0,3679881.0,0.46046145308546577
2024-06-13,8911846,7987417,600422,273187,7987417,924429,873609,0.10937314160846472,198585.0,353362.0,0.0,3422281.0,94208.0,53900.0,213840.0,917369.0,292793.0,407262.0,213840.0,4339650.0,0.4862008687337455
2024-06-14,3936828,3473597,463231,0,3473597,463231,463231,0.13335768848323842,701157.0,0.0,819681.0,3065831.0,0.0,0.0,388274.0,529095.0,701157.0,0.0,1207955.0,3594926.0,-0.4744324459665008
2024-06-17,3162437,2868342,293893,0,2544018,618419,293893,0.10246089815618285,749074.0,198585.0,353362.0,3006362.0,107800.0,94208.0,53900.0,475195.0,856874.0,292793.0,407262.0,3481557.0,-0.8154759453066367
2024-06-18,5153952,4233711,920241,0,4045978,1107974,920241,0.21736032115552498,600422.0,701157.0,0.0,3926603.0,273187.0,0.0,0.0,475195.0,873609.0,701157.0,0.0,4401798.0,0.6516107466589237
2024-06-20,11290521,10044367,1082120,164034,10044367,1246154,1246154,0.12406494863589228,463231.0,749074.0,198585.0,4810138.0,0.0,107800.0,94208.0,545021.0,463231.0,856874.0,292793.0,5355159.0,1.318140360429884
2024-06-21,7749488,7260129,388181,55440,6935805,813683,443621,0.06110372679277093,293893.0,600422.0,701157.0,4497162.0,0.0,273187.0,0.0,600461.0,293893.0,873609.0,701157.0,5097623.0,-0.491181944906629
2024-06-24,3113125,2910896,202229,0,2910896,202229,202229,0.06947308681825567,920241.0,463231.0,749074.0,3950317.0,0.0,0.0,107800.0,492661.0,920241.0,463231.0,856874.0,4442978.0,-1.0478213291884948
2024-06-25,4104262,3124192,781599,175719,3031684,1072578,957318,0.30642089013066737,1082120.0,293893.0,600422.0,4131494.0,164034.0,0.0,273187.0,395193.0,1246154.0,293893.0,873609.0,4526687.0,0.6314455526526009
2024-06-26,9085986,8626781,408000,51205,8436302,649684,459205,0.05323016160603108,388181.0,920241.0,463231.0,4076263.0,55440.0,0.0,0.0,446398.0,443621.0,920241.0,463231.0,4522661.0,-0.48338826503338894
2024-06-27,11597669,10312088,1176221,109360,10312088,1285581,1285581,0.12466736856130703,202229.0,1082120.0,293893.0,4958591.0,0.0,164034.0,0.0,555758.0,202229.0,1246154.0,293893.0,5514349.0,1.388832720897767
2024-06-28,8238122,7755230,482892,0,7477238,760884,482892,0.06226661720327866,781599.0,388181.0,920241.0,4521242.0,175719.0,55440.0,0.0,555758.0,957318.0,443621.0,920241.0,5077000.0,-0.43482440311820403
2024-07-01,5026467,4167926,858541,0,4167926,858541,858541,0.20598753289105112,408000.0,202229.0,1082120.0,4297663.0,51205.0,0.0,164034.0,391724.0,459205.0,202229.0,1246154.0,4689387.0,0.5210391886211769
2024-07-02,5341708,3976675,1252217,112816,3740767,1600941,1365033,0.3432597978814467,1176221.0,781599.0,388181.0,5161699.0,109360.0,175719.0,55440.0,449100.0,1285581.0,957318.0,443621.0,5610799.0,1.6325814028079841
2024-07-03,11555861,10562623,937798,55440,10562623,993238,993238,0.09403326294678292,482892.0,408000.0,202229.0,5897268.0,0.0,51205.0,0.0,504540.0,482892.0,459205.0,202229.0,6401808.0,0.6916046100185212
2024-07-04,87912,87912,0,0,87912,0,0,0.0,858541.0,1176221.0,781599.0,5115669.0,0.0,109360.0,175719.0,328821.0,858541.0,1285581.0,957318.0,5444490.0,-1.5568788550222876
2024-07-05,7715910,7304413,411497,0,6980089,735821,411497,0.05633538843773094,1252217.0,482892.0,408000.0,5119166.0,112816.0,0.0,51205.0,277616.0,1365033.0,482892.0,459205.0,5396782.0,-0.5891167395759013
2024-07-06,256793,256793,0,0,256793,0,0,0.0,937798.0,858541.0,1176221.0,3942945.0,55440.0,0.0,109360.0,168256.0,993238.0,858541.0,1285581.0,4111201.0,-1.454419870327488
2024-07-08,3081140,2181691,899449,0,2181691,899449,899449,0.41227130135692847,0.0,1252217.0,482892.0,4359502.0,0.0,112816.0,0.0,168256.0,0.0,1365033.0,482892.0,4527758.0,0.5599250481897077
2024-07-09,4635273,3281732,1353541,0,3281732,1353541,1353541,0.41244702113182274,411497.0,937798.0,858541.0,4854502.0,0.0,55440.0,0.0,168256.0,411497.0,993238.0,858541.0,5022758.0,1.457999349531393
2024-07-10,8191509,7830709,360800,0,7739700,451809,360800,0.046075004693061035,0.0,0.0,1252217.0,3963085.0,0.0,0.0,112816.0,55440.0,0.0,0.0,1365033.0,4018525.0,-0.6765064682568294
2024-07-11,12965762,12073607,840380,0,12077481,888281,840380,0.06960471136714062,899449.0,411497.0,937798.0,3865667.0,0.0,0.0,55440.0,0.0,899449.0,411497.0,993238.0,3865667.0,0.47492149888006685
2024-07-12,9801751,9317940,432991,0,8991555,810196,432991,0.04646852775736614,1353541.0,0.0,0.0,4298658.0,0.0,0.0,0.0,0.0,1353541.0,0.0,0.0,4298658.0,-0.5206862536033433
2024-07-13,230560,178200,52360,0,178200,52360,52360,0.2938255116413488,360800.0,899449.0,411497.0,3939521.0,0.0,0.0,0.0,0.0,360800.0,899449.0,411497.0,3939521.0,-1.356386293192304
2024-07-14,55000,0,55000,0,0,55000,55000,55000.0,840380.0,1353541.0,0.0,3994521.0,0.0,0.0,0.0,0.0,840380.0,1353541.0,0.0,3994521.0,-1.3182255304153543
2024-07-15,4769526,3831049,938477,0,3831049,938477,938477,0.24496600148784275,432991.0,360800.0,899449.0,4033549.0,0.0,0.0,0.0,0.0,432991.0,360800.0,899449.0,4033549.0,0.7673295698161914
2024-07-16,6549446,5094599,1402949,0,5040699,1508747,1402949,0.2753796176343579,52360.0,840380.0,1353541.0,4082957.0,0.0,0.0,0.0,0.0,52360.0,840380.0,1353541.0,4082957.0,1.7024287426423557
2024-07-17,15120282,13695779,1265685,158818,13507771,1612511,1424503,0.1040103593953758,55000.0,432991.0,360800.0,4987842.0,0.0,0.0,0.0,158818.0,55000.0,432991.0,360800.0,5146660.0,1.6275990749848923
2024-07-18,8703817,7988157,654779,0,7940967,762850,654779,0.08196870918176631,938477.0,52360.0,840380.0,4802241.0,0.0,0.0,0.0,158818.0,938477.0,52360.0,840380.0,4961059.0,-0.1197691840310765
2024-07-19,4344078,3700470,592788,0,3700470,643608,592788,0.16019258089037855,1402949.0,55000.0,432991.0,4962038.0,0.0,0.0,0.0,158818.0,1402949.0,55000.0,432991.0,5120856.0,-0.2517274146475895
2024-07-22,3015050,2866902,147341,0,2679000,336050,147341,0.05139378625645862,1265685.0,938477.0,52360.0,5057019.0,158818.0,0.0,0.0,158818.0,1424503.0,938477.0,52360.0,5215837.0,-1.1783878322487562
2024-07-23,5416953,4473353,892780,0,4324252,1092701,892780,0.19957731938943352,654779.0,1402949.0,55000.0,5894799.0,0.0,0.0,0.0,158818.0,654779.0,1402949.0,55000.0,6053617.0,0.46780863885389606
2024-07-24,10194429,9127607,854351,212471,9035099,1159330,1066822,0.1168785951368639,592788.0,1265685.0,938477.0,5810673.0,0.0,158818.0,0.0,371289.0,592788.0,1424503.0,938477.0,6181962.0,0.801856405616448
2024-07-25,6183747,5044349,1088578,0,5044349,1139398,1088578,0.21580144121641043,147341.0,654779.0,1402949.0,5496302.0,0.0,0.0,0.0,371289.0,147341.0,654779.0,1402949.0,5867591.0,0.7939027634961461
2024-07-26,3722535,3040396,681141,0,2992495,729042,681141,0.22403028288739923,892780.0,592788.0,1265685.0,4911758.0,0.0,0.0,158818.0,212471.0,892780.0,592788.0,1424503.0,5124229.0,-0.08499914509840721
2024-07-29,2987397,2558393,392917,0,2278043,709354,392917,0.153579550296006,854351.0,147341.0,654779.0,4649896.0,212471.0,0.0,0.0,212471.0,1066822.0,147341.0,654779.0,4862367.0,-0.6691891039218193
2024-07-30,4462422,3543894,860096,55440,3436094,1026328,915536,0.2583417398088826,1088578.0,892780.0,592788.0,4917204.0,0.0,0.0,0.0,267911.0,1088578.0,892780.0,592788.0,5185115.0,0.46865428074410115
2024-07-31,10507571,9570228,937343,0,9241626,1265945,937343,0.09794363332371671,681141.0,854351.0,147341.0,5707206.0,0.0,212471.0,0.0,267911.0,681141.0,1066822.0,147341.0,5975117.0,0.4717026319695491
2024-08-01,8923943,7886937,1036886,0,7886937,1036886,1036886,0.13146876519125672,392917.0,1088578.0,892780.0,5851312.0,0.0,0.0,0.0,267911.0,392917.0,1088578.0,892780.0,6119223.0,0.6910644505943658
2024-08-02,3846305,3055663,739822,0,2955259,891046,739822,0.24211497075594698,860096.0,681141.0,854351.0,5736783.0,55440.0,0.0,212471.0,55440.0,915536.0,681141.0,1066822.0,5792223.0,-0.008375078695990546
2024-08-04,52360,0,52360,0,0,52360,52360,52360.0,937343.0,392917.0,1088578.0,4700565.0,0.0,0.0,0.0,55440.0,937343.0,392917.0,1088578.0,4756005.0,-1.4763228086800737
2024-08-05,2808892,2537473,217519,53900,2395431,413461,271419,0.10696424869772064,1036886.0,860096.0,681141.0,4236943.0,0.0,55440.0,0.0,109340.0,1036886.0,915536.0,681141.0,4346283.0,-0.9513266352854918
2024-08-06,3406891,2743963,662928,0,2699954,706937,662928,0.2415950063484798,739822.0,937343.0,392917.0,4506954.0,0.0,0.0,0.0,109340.0,739822.0,937343.0,392917.0,4616294.0,-0.05817426090350046
2024-08-07,8699850,7774389,781374,110220,7586135,1113715,891594,0.11468346712732445,52360.0,1036886.0,860096.0,4428232.0,0.0,0.0,55440.0,164120.0,52360.0,1036886.0,915536.0,4592352.0,0.5109671538579817
2024-08-08,5250636,4854411,382721,0,4854411,396225,382721,0.078839826533059,217519.0,739822.0,937343.0,3873610.0,53900.0,0.0,0.0,164120.0,271419.0,739822.0,937343.0,4037730.0,-0.6328337742046625
2024-08-09,3199983,2819483,379484,0,2819483,380500,379484,0.13459342205878805,662928.0,52360.0,1036886.0,3216208.0,0.0,0.0,0.0,164120.0,662928.0,52360.0,1036886.0,3380328.0,-0.6939048644537467
2024-08-12,2933511,2382717,550794,0,2335276,598235,550794,0.2311620594631845,781374.0,217519.0,739822.0,3027180.0,110220.0,53900.0,0.0,164120.0,891594.0,271419.0,739822.0,3191300.0,-0.29081905629869265
2024-08-13,4597345,3632861,910756,53728,3632861,964484,964484,0.2654887523941179,382721.0,662928.0,52360.0,3885576.0,0.0,0.0,0.0,217848.0,382721.0,662928.0,52360.0,4103424.0,0.6679285891048948
2024-08-14,10434030,9561315,767720,55440,9610870,823160,823160,0.08609275124888666,379484.0,781374.0,217519.0,4435777.0,0.0,110220.0,53900.0,219388.0,379484.0,891594.0,271419.0,4655165.0,0.31551133111059826
2024-08-15,8879082,8183042,688272,0,7995931,883151,688272,0.08410954213487574,550794.0,382721.0,662928.0,4461121.0,0.0,0.0,0.0,219388.0,550794.0,382721.0,662928.0,4680509.0,0.029295941807597908
2024-08-16,3863713,3453871,399828,0,3453871,409842,399828,0.11576225175686881,910756.0,379484.0,781374.0,4079575.0,53728.0,0.0,110220.0,109168.0,964484.0,379484.0,891594.0,4188743.0,-0.7522289437165138
2024-08-19,3790462,3215250,575212,0,3033354,753610,575212,0.17890111845078346,767720.0,550794.0,382721.0,4272066.0,55440.0,0.0,0.0,109168.0,823160.0,550794.0,382721.0,4381234.0,-0.25584432600789375
2024-08-20,5636792,4893636,743156,0,4710429,926363,743156,0.15186169305160968,688272.0,910756.0,379484.0,4635738.0,0.0,53728.0,0.0,109168.0,688272.0,964484.0,379484.0,4744906.0,0.17142921762551214
2024-08-21,12442749,11546638,846556,0,11596193,846556,846556,0.07331622647941102,399828.0,767720.0,550794.0,4931500.0,0.0,55440.0,0.0,109168.0,399828.0,823160.0,550794.0,5040668.0,0.40121985975788105
2024-08-22,9766467,9046346,618481,0,9046346,720121,618481,0.0683680385021711,575212.0,688272.0,910756.0,4639225.0,0.0,0.0,53728.0,55440.0,575212.0,688272.0,964484.0,4694665.0,-0.32721101924669516
2024-08-23,5382365,4503047,877391,0,4316064,1066301,877391,0.1948438035748231,743156.0,399828.0,767720.0,4748896.0,0.0,0.0,55440.0,0.0,743156.0,399828.0,823160.0,4748896.0,0.472816460767783
2024-08-26,3130897,2753036,377861,0,2753036,377861,377861,0.13725242341457816,846556.0,575212.0,688272.0,4438485.0,0.0,0.0,0.0,0.0,846556.0,575212.0,688272.0,4438485.0,-1.0207068096991123
2024-08-27,5567172,4712562,842184,0,4712562,854610,842184,0.17871039602016991,618481.0,743156.0,399828.0,4880841.0,0.0,0.0,0.0,0.0,618481.0,743156.0,399828.0,4880841.0,0.630086891331612
2024-08-28,11213373,10003492,1102132,0,9816383,1396990,1102132,0.11017471597171108,877391.0,846556.0,575212.0,5407761.0,0.0,0.0,0.0,0.0,877391.0,846556.0,575212.0,5407761.0,1.4662389317139612
2024-08-29,8785392,7703473,885868,0,7742237,1043155,885868,0.11499590963765179,377861.0,618481.0,743156.0,5550473.0,0.0,0.0,0.0,0.0,377861.0,618481.0,743156.0,5550473.0,0.6681013468297222
2024-08-30,3815396,2988841,824628,0,2803297,1012099,824628,0.2759021721456002,842184.0,877391.0,846556.0,5528545.0,0.0,0.0,0.0,0.0,842184.0,877391.0,846556.0,5528545.0,0.40143796525423187
2024-09-01,102564,0,102564,0,0,102564,102564,102564.0,1102132.0,377861.0,618481.0,5012628.0,0.0,0.0,0.0,0.0,1102132.0,377861.0,618481.0,5012628.0,-2.041379665428078
2024-09-03,3543975,2116729,1381880,0,2116729,1427246,1381880,0.6528371592031105,885868.0,842184.0,877391.0,5517117.0,0.0,0.0,0.0,0.0,885868.0,842184.0,877391.0,5517117.0,2.2141636190005998
2024-09-04,4683829,4461152,162910,0,4321942,361887,162910,0.03651746532790962,824628.0,1102132.0,377861.0,5302166.0,0.0,0.0,0.0,0.0,824628.0,1102132.0,377861.0,5302166.0,-1.6183320952201614
2024-09-05,8807098,7868018,879493,54410,7868018,939080,933903,0.118696078390253,102564.0,885868.0,842184.0,5339475.0,0.0,0.0,0.0,54410.0,102564.0,885868.0,842184.0,5393885.0,0.8040747915802041
2024-09-06,6429388,6038662,351962,0,6077426,351962,351962,0.05828475607928444,1381880.0,824628.0,1102132.0,4589305.0,0.0,0.0,0.0,54410.0,1381880.0,824628.0,1102132.0,4643715.0,-1.0215709002848272
2024-09-09,4282107,3251666,872952,0,3251666,1030441,872952,0.2684629145604393,162910.0,102564.0,885868.0,4576389.0,0.0,0.0,0.0,54410.0,162910.0,102564.0,885868.0,4630799.0,0.6200385961842597
2024-09-10,2892858,1891538,1000062,0,1752542,1140316,1000062,0.5287028181813856,879493.0,1381880.0,824628.0,4751823.0,54410.0,0.0,0.0,54410.0,933903.0,1381880.0,824628.0,4806233.0,1.0073906398460228
2024-09-11,8072043,7309648,563999,0,7122238,949805,563999,0.07715815082228983,351962.0,162910.0,102564.0,5213258.0,0.0,0.0,0.0,54410.0,351962.0,162910.0,102564.0,5267668.0,-0.3143575200749835
2024-09-12,10044918,8468770,1421195,53900,8468770,1576148,1475095,0.1741805274933045,872952.0,879493.0,1381880.0,5252573.0,0.0,54410.0,0.0,108310.0,872952.0,933903.0,1381880.0,5360883.0,2.2769782721048544
2024-09-13,6806521,5991670,686298,0,5991670,814851,686298,0.11454200339104066,1000062.0,351962.0,162910.0,5775961.0,0.0,0.0,0.0,108310.0,1000062.0,351962.0,162910.0,5884271.0,-0.06679439449836323
2024-09-15,58960,0,58960,0,0,58960,58960,58960.0,563999.0,872952.0,879493.0,4955428.0,0.0,0.0,54410.0,53900.0,563999.0,872952.0,933903.0,5009328.0,-1.9063641228471442
2024-09-16,2702680,2037959,455624,0,1984059,718621,455624,0.2235686667059216,1421195.0,1000062.0,351962.0,5059090.0,53900.0,0.0,0.0,53900.0,1475095.0,1000062.0,351962.0,5112990.0,-0.7018061054131416
2024-09-17,4227181,3213934,949744,0,3080927,1129147,949744,0.2955081543341729,686298.0,563999.0,872952.0,5135882.0,0.0,0.0,0.0,53900.0,686298.0,563999.0,872952.0,5189782.0,0.744315702448931
2024-09-18,11132753,9745182,1387571,0,9698179,1434574,1387571,0.14238532000887003,58960.0,1421195.0,1000062.0,5523391.0,0.0,53900.0,0.0,53900.0,58960.0,1475095.0,1000062.0,5577291.0,1.837923572079229
2024-09-19,7772367,7068039,564511,0,6875143,874551,564511,0.07986811053700885,455624.0,686298.0,563999.0,5523903.0,0.0,0.0,0.0,53900.0,455624.0,686298.0,563999.0,5577803.0,-0.4841062004781029
2024-09-20,4876413,3734991,1086378,0,3734991,1141422,1086378,0.29086488003187155,949744.0,58960.0,1421195.0,5189086.0,0.0,0.0,53900.0,0.0,949744.0,58960.0,1475095.0,5189086.0,0.9318702222712196
2024-09-21,55480,55480,0,0,55480,0,0,0.0,1387571.0,455624.0,686298.0,4502788.0,0.0,0.0,0.0,0.0,1387571.0,455624.0,686298.0,4502788.0,-1.8968017039998508
2024-09-23,2932928,2556359,322062,0,2556359,376569,322062,0.12598460310754353,564511.0,949744.0,58960.0,4765890.0,0.0,0.0,0.0,0.0,564511.0,949744.0,58960.0,4765890.0,-0.9895003750336477
2024-09-24,3003952,1646080,1166398,0,1690458,1313494,1166398,0.7085908895127275,1086378.0,1387571.0,455624.0,5476664.0,0.0,0.0,0.0,0.0,1086378.0,1387571.0,455624.0,5476664.0,1.126897970997178
2024-09-25,11422825,10914039,446924,53900,10820959,601866,500824,0.045888048788532934,0.0,564511.0,949744.0,4973844.0,0.0,0.0,0.0,53900.0,0.0,564511.0,949744.0,5027744.0,-0.5672751435192002
2024-09-26,8210767,7354752,550043,0,7123022,1043459,550043,0.07478741978146648,322062.0,1086378.0,1387571.0,4136316.0,0.0,0.0,0.0,53900.0,322062.0,1086378.0,1387571.0,4190216.0,-0.4395858278556586
2024-09-27,3602457,3012980,483152,0,3051744,550713,483152,0.16035680278103315,1166398.0,0.0,564511.0,4054957.0,0.0,0.0,0.0,53900.0,1166398.0,0.0,564511.0,4108857.0,-0.5839538558389136
2024-09-30,3753119,3092081,529036,0,3092081,661038,529036,0.1710937808247,446924.0,322062.0,1086378.0,3497615.0,53900.0,0.0,0.0,53900.0,500824.0,322062.0,1086378.0,3551515.0,-0.4407038848655509
2024-10-01,4219272,3017100,820357,162558,3017100,1201932,982915,0.32578127149207137,550043.0,1166398.0,0.0,4317972.0,0.0,0.0,0.0,216458.0,550043.0,1166398.0,0.0,4534430.0,0.6682818393909526
2024-10-02,12225058,11478045,638017,51638,11385537,833192,689655,0.060084704312911796,483152.0,446924.0,322062.0,4633927.0,0.0,53900.0,0.0,268096.0,483152.0,500824.0,322062.0,4902023.0,-0.050339165257254626
2024-10-03,7974776,6824575,867492,53900,6861015,1110320,921392,0.13501087833148903,529036.0,550043.0,1166398.0,4335021.0,0.0,0.0,0.0,321996.0,529036.0,550043.0,1166398.0,4657017.0,0.48999070238264253
2024-10-04,6065620,4520039,1477404,0,4334711,1730909,1477404,0.32685639950088935,820357.0,483152.0,446924.0,5365501.0,162558.0,0.0,53900.0,268096.0,982915.0,483152.0,500824.0,5633597.0,1.7436124790489234
2024-10-05,42768,42768,0,0,42768,0,0,0.0,638017.0,529036.0,550043.0,4815458.0,51638.0,0.0,0.0,268096.0,689655.0,529036.0,550043.0,5083554.0,-1.6419645512942607
2024-10-06,52360,0,52360,0,0,52360,52360,52360.0,867492.0,820357.0,483152.0,4384666.0,53900.0,162558.0,0.0,268096.0,921392.0,982915.0,483152.0,4652762.0,-1.4087159150696855
2024-10-07,3770074,2314333,1142718,108790,2314333,1455741,1251508,0.5407637791260899,1477404.0,638017.0,529036.0,4998348.0,0.0,51638.0,0.0,376886.0,1477404.0,689655.0,529036.0,5375234.0,1.2018922466140332
2024-10-08,5534733,4451607,834907,53737,4451607,1083102,888644,0.19962314741100295,0.0,867492.0,820357.0,5012898.0,0.0,53900.0,162558.0,268065.0,0.0,921392.0,982915.0,5280963.0,0.3662829626425622
2024-10-09,12117151,11331650,341660,215408,11052550,1064601,557068,0.04916035624464608,52360.0,1477404.0,638017.0,4716541.0,0.0,0.0,51638.0,431835.0,52360.0,1477404.0,689655.0,5148376.0,-0.32618102599320514
2024-10-10,7537074,6562078,819277,0,6600842,936232,819277,0.1248502189626184,1142718.0,0.0,867492.0,4668326.0,108790.0,0.0,53900.0,377935.0,1251508.0,0.0,921392.0,5046261.0,0.23880319359725444
2024-10-11,4226503,3670937,399694,0,3529103,697400,399694,0.10888061852311316,834907.0,52360.0,1477404.0,3590616.0,53737.0,0.0,0.0,377935.0,888644.0,52360.0,1477404.0,3968551.0,-0.7175272756776144
2024-10-12,129158,129158,0,0,129158,0,0,0.0,341660.0,1142718.0,0.0,3590616.0,215408.0,108790.0,0.0,377935.0,557068.0,1251508.0,0.0,3968551.0,-1.5844153776131413
2024-10-14,50204,0,50204,0,0,50204,50204,50204.0,819277.0,834907.0,52360.0,3588460.0,0.0,53737.0,0.0,377935.0,819277.0,888644.0,52360.0,3966395.0,-1.3630171541828835
2024-10-15,2506824,1821001,523822,51876,1775795,731029,575698,0.31614352977097226,399694.0,341660.0,1142718.0,2969564.0,0.0,215408.0,108790.0,321021.0,399694.0,557068.0,1251508.0,3290585.0,-0.16297974993762632
2024-10-16,3873229,3632039,145785,0,3632039,241190,145785,0.04013859979515644,0.0,819277.0,834907.0,2280442.0,0.0,0.0,53737.0,267284.0,0.0,819277.0,888644.0,2547726.0,-1.076035672188194
2024-10-17,9506970,8986583,374763,55739,9069725,437245,430502,0.04790496589137764,50204.0,399694.0,341660.0,2313545.0,0.0,0.0,215408.0,107615.0,50204.0,399694.0,557068.0,2421160.0,-0.3961100689816552
2024-10-18,6786212,6194964,229652,165176,6094732,691480,394828,0.06373369341069723,523822.0,0.0,819277.0,1723920.0,51876.0,0.0,0.0,272791.0,575698.0,0.0,819277.0,1996711.0,-0.45562287805837404
2024-10-21,4041711,3728528,201857,0,3728528,313183,201857,0.05413850877919952,145785.0,50204.0,399694.0,1526083.0,0.0,0.0,0.0,272791.0,145785.0,50204.0,399694.0,1798874.0,-0.929550816326166
2024-10-22,2842503,2163368,618727,52470,2163368,679135,671197,0.31025543954822316,374763.0,523822.0,0.0,2144810.0,55739.0,51876.0,0.0,325261.0,430502.0,575698.0,0.0,2470071.0,0.16488097049132017
2024-10-23,9439609,8371596,955324,0,8371596,1068013,955324,0.11411490543560565,229652.0,145785.0,50204.0,3049930.0,165176.0,0.0,0.0,325261.0,394828.0,145785.0,50204.0,3375191.0,0.8377929357513314
2024-10-24,14203166,13365660,448453,164824,13174920,1028246,613277,0.04588452452894024,201857.0,374763.0,523822.0,2974561.0,0.0,55739.0,51876.0,438209.0,201857.0,430502.0,575698.0,3412770.0,0.09428299114874056
2024-10-25,9190321,8629951,352339,0,8582050,608271,352339,0.04082745767299749,618727.0,229652.0,145785.0,3181115.0,52470.0,165176.0,0.0,438209.0,671197.0,394828.0,145785.0,3619324.0,-0.5454685331495837
2024-10-26,52360,0,52360,0,0,52360,52360,52360.0,955324.0,201857.0,374763.0,2858712.0,0.0,0.0,55739.0,382470.0,955324.0,201857.0,430502.0,3241182.0,-1.2189169978347285
2024-10-28,2576902,2423736,98177,51876,2423736,153166,150053,0.06190976991315477,448453.0,618727.0,229652.0,2727237.0,164824.0,52470.0,165176.0,269170.0,613277.0,671197.0,394828.0,2996407.0,-0.9999738384420203
2024-10-29,3871247,3150695,496269,0,3150695,720552,496269,0.15751091187470959,352339.0,955324.0,201857.0,3021649.0,0.0,0.0,0.0,269170.0,352339.0,955324.0,201857.0,3290819.0,-0.1265723524327765
2024-10-30,10483645,9906059,409541,168045,9906059,577586,577586,0.05830632966083387,52360.0,448453.0,618727.0,2812463.0,0.0,164824.0,52470.0,384745.0,52360.0,613277.0,671197.0,3197208.0,0.1405528119679165
2024-10-31,7593912,7026321,498517,0,6840993,752919,498517,0.07094992230643571,98177.0,352339.0,955324.0,2355656.0,51876.0,0.0,0.0,384745.0,150053.0,352339.0,955324.0,2740401.0,-0.07332307693221139
2024-11-01,4039845,3307825,628633,0,3307825,732020,628633,0.19004415588969917,496269.0,52360.0,448453.0,2535836.0,0.0,0.0,164824.0,219921.0,496269.0,52360.0,613277.0,2755757.0,0.2715409504062238
2024-11-02,43560,43560,0,0,43560,0,0,0.0,409541.0,98177.0,352339.0,2183497.0,168045.0,51876.0,0.0,219921.0,577586.0,150053.0,352339.0,2403418.0,-1.3401082076685247
2024-11-04,2311441,2164327,143121,0,2164327,147114,143121,0.06612722286086027,498517.0,496269.0,52360.0,2274258.0,0.0,0.0,0.0,219921.0,498517.0,496269.0,52360.0,2494179.0,-0.9178460075379423
2024-11-05,2862583,2418452,336919,0,2233124,629459,336919,0.1393117831936366,628633.0,409541.0,98177.0,2513000.0,0.0,168045.0,51876.0,168045.0,628633.0,577586.0,150053.0,2681045.0,-0.37244493830686953
2024-11-06,12738233,12490121,72778,114752,12349492,388741,187530,0.015014264872672982,0.0,498517.0,496269.0,2089509.0,0.0,0.0,0.0,282797.0,0.0,498517.0,496269.0,2372306.0,-0.7206633170554952
2024-11-07,8272891,8093650,173882,0,8045749,226579,173882,0.02148375312945913,143121.0,628633.0,409541.0,1853850.0,0.0,0.0,168045.0,114752.0,143121.0,628633.0,577586.0,1968602.0,-0.7035619873698189
2024-11-08,5393467,4884517,408226,0,4884517,508950,408226,0.0835754930169159,336919.0,0.0,498517.0,1763559.0,0.0,0.0,0.0,114752.0,336919.0,0.0,498517.0,1878311.0,0.02465590542371984
2024-11-09,84885,84885,0,0,84885,0,0,0.0,72778.0,143121.0,628633.0,1134926.0,114752.0,0.0,0.0,114752.0,187530.0,143121.0,628633.0,1249678.0,-1.2650795719133276
2024-11-11,563762,563762,0,0,563762,0,0,0.0,173882.0,336919.0,0.0,1134926.0,0.0,0.0,0.0,114752.0,173882.0,336919.0,0.0,1249678.0,-1.2511745810320287
2024-11-12,2957405,2705611,193221,58573,2705611,251794,251794,0.09306360261560047,408226.0,72778.0,143121.0,1185026.0,0.0,114752.0,0.0,173325.0,408226.0,187530.0,143121.0,1358351.0,-0.4117919000307784
2024-11-13,5091433,4601037,433764,0,4554705,536728,433764,0.09427524832439985,0.0,173882.0,336919.0,1281871.0,0.0,0.0,0.0,173325.0,0.0,173882.0,336919.0,1455196.0,0.32401575123518106
2024-11-14,10014852,9253672,653417,58573,9161164,853688,711990,0.07694133994144811,0.0,408226.0,72778.0,1862510.0,0.0,0.0,114752.0,117146.0,0.0,408226.0,187530.0,1979656.0,1.3524169581850187
2024-11-15,7004329,6835938,162766,0,6556978,447351,162766,0.023810335346760702,193221.0,0.0,173882.0,1851394.0,58573.0,0.0,0.0,117146.0,251794.0,0.0,173882.0,1968540.0,-0.6806377772242251
2024-11-16,42442,42442,0,0,42442,0,0,0.0,433764.0,0.0,408226.0,1443168.0,0.0,0.0,0.0,117146.0,433764.0,0.0,408226.0,1560314.0,-1.242405488164241
2024-11-18,3603471,2763470,744888,0,2621266,982205,744888,0.26954797064995434,653417.0,193221.0,0.0,2188056.0,58573.0,58573.0,0.0,117146.0,711990.0,251794.0,0.0,2305202.0,1.5285442182032787
2024-11-19,3183425,2731095,442338,0,2731095,452330,442338,0.16196354869986263,162766.0,433764.0,0.0,2630394.0,0.0,0.0,0.0,117146.0,162766.0,433764.0,0.0,2747540.0,0.32908813707177437
2024-11-20,7310426,7062319,248107,0,7015987,294439,248107,0.035131090066720286,0.0,653417.0,193221.0,2685280.0,0.0,58573.0,58573.0,58573.0,0.0,711990.0,251794.0,2743853.0,-0.3906135279473615
2024-11-21,12022783,10979840,833191,58573,11030136,992084,891764,0.08121829815204064,744888.0,162766.0,433764.0,3084707.0,0.0,0.0,0.0,117146.0,744888.0,162766.0,433764.0,3201853.0,1.93098303072892
2024-11-22,7137277,6629535,443737,0,6442638,694639,443737,0.06693334194127613,442338.0,0.0,653417.0,2875027.0,0.0,0.0,58573.0,58573.0,442338.0,0.0,711990.0,2933600.0,0.26478204960095536
2024-11-25,2991008,2602543,320238,0,2602543,388465,320238,0.12304806374070909,248107.0,744888.0,162766.0,3032499.0,0.0,0.0,0.0,58573.0,248107.0,744888.0,162766.0,3091072.0,-0.18451599044582354
2024-11-26,4013799,3667594,290765,55440,3430856,582943,346205,0.0943956461932138,833191.0,442338.0,0.0,3323264.0,58573.0,0.0,0.0,114013.0,891764.0,442338.0,0.0,3437277.0,-0.1067142293260837
2024-11-27,10558818,10338418,184285,0,10290517,268301,184285,0.017825259355419818,443737.0,248107.0,744888.0,2762661.0,0.0,0.0,0.0,114013.0,443737.0,248107.0,744888.0,2876674.0,-0.6606961926824391
2024-11-29,4821332,4778722,42610,0,4778722,42610,42610,0.00891660805616898,320238.0,833191.0,442338.0,2362933.0,0.0,58573.0,0.0,114013.0,320238.0,891764.0,442338.0,2476946.0,-1.167911668752207
2024-12-02,2993090,2202408,685742,55440,2202408,790682,741182,0.33653240610622276,290765.0,443737.0,248107.0,2800568.0,55440.0,0.0,0.0,169453.0,346205.0,443737.0,248107.0,2970021.0,1.6311178291972337
2024-12-03,3797975,3146323,649685,0,3053659,744316,649685,0.20649017710826983,184285.0,320238.0,833191.0,2617062.0,0.0,0.0,58573.0,110880.0,184285.0,320238.0,891764.0,2727942.0,1.1949958971338206
2024-12-04,6561313,6365006,148959,0,6226166,335147,148959,0.02340280222786872,42610.0,290765.0,443737.0,2322284.0,0.0,55440.0,0.0,110880.0,42610.0,346205.0,443737.0,2433164.0,-0.7735672088356059
2024-12-05,8510488,8157948,299568,49830,8157948,352540,349398,0.042829147375155203,685742.0,184285.0,320238.0,2301614.0,55440.0,0.0,0.0,160710.0,741182.0,184285.0,320238.0,2462324.0,-0.010933483288477097
2024-12-06,6870719,6436653,434066,0,6340851,529868,434066,0.06743659050183527,649685.0,42610.0,290765.0,2444915.0,0.0,0.0,55440.0,105270.0,649685.0,42610.0,346205.0,2550185.0,0.335431909854211
2024-12-09,3226923,2730016,496907,0,2683684,543239,496907,0.1820160826837342,148959.0,685742.0,184285.0,2757537.0,0.0,55440.0,0.0,105270.0,148959.0,741182.0,184285.0,2862807.0,0.6021900005700722
2024-12-10,6715529,5808936,806273,55440,5808936,906593,861713,0.14834263136267445,299568.0,649685.0,42610.0,3521200.0,49830.0,0.0,0.0,160710.0,349398.0,649685.0,42610.0,3681910.0,1.9004626135491638
2024-12-11,12809403,12256084,443066,110253,12207574,601829,553319,0.045146472140165476,434066.0,148959.0,685742.0,3278524.0,0.0,0.0,55440.0,215523.0,434066.0,148959.0,741182.0,3494047.0,0.7494831168265196
2024-12-12,9500374,8754297,740955,0,8523092,977282,740955,0.08463899675336617,496907.0,299568.0,649685.0,3369794.0,0.0,49830.0,0.0,215523.0,496907.0,349398.0,649685.0,3585317.0,1.3708761952595547
2024-12-13,4107870,3740197,358347,0,3740197,367673,358347,0.09580963360763253,806273.0,434066.0,148959.0,3579182.0,55440.0,0.0,0.0,215523.0,861713.0,434066.0,148959.0,3794705.0,-0.11812818511284459
2024-12-16,2974806,2669380,255486,0,2669380,305426,255486,0.0957098293574428,443066.0,496907.0,299568.0,3535100.0,110253.0,0.0,49830.0,165693.0,553319.0,496907.0,349398.0,3700793.0,-0.503998164470859
2024-12-17,4311118,3668777,642341,0,3574175,736943,642341,0.17508309306259467,740955.0,806273.0,434066.0,3743375.0,0.0,55440.0,0.0,165693.0,740955.0,861713.0,434066.0,3909068.0,0.9252661817973329
2024-12-18,8193215,7833690,202062,101002,7737889,455326,303064,0.038687254833002734,358347.0,443066.0,496907.0,3448530.0,0.0,110253.0,0.0,266695.0,358347.0,553319.0,496907.0,3715225.0,-0.3979446944074668
2024-12-19,9212814,8109638,971405,24739,8112069,1100745,996144,0.12283456760529045,255486.0,740955.0,806273.0,3613662.0,0.0,0.0,55440.0,235994.0,255486.0,740955.0,861713.0,3849656.0,2.043981374587325
2024-12-20,3968153,2711520,1203545,0,2711520,1256633,1203545,0.44386342573042953,642341.0,358347.0,443066.0,4374141.0,0.0,0.0,110253.0,125741.0,642341.0,358347.0,553319.0,4499882.0,2.4469851282594934
2024-12-23,2661789,2509512,97339,0,2368947,292842,97339,0.03878800388760688,202062.0,255486.0,740955.0,3730525.0,101002.0,0.0,0.0,125741.0,303064.0,255486.0,740955.0,3856266.0,-1.2499280590960316
2024-12-24,3772996,3006597,662889,103510,2962289,810707,766399,0.2549057107069186,971405.0,642341.0,358347.0,4035067.0,24739.0,0.0,0.0,229251.0,996144.0,642341.0,358347.0,4264318.0,0.9390442316140223
2024-12-25,50204,0,50204,0,0,50204,50204,50204.0,1203545.0,202062.0,255486.0,3829785.0,0.0,101002.0,0.0,229251.0,1203545.0,303064.0,255486.0,4059036.0,-1.3670600925106373
2024-12-26,9840051,8638587,991771,107800,8638587,1201464,1099571,0.1272859638635388,97339.0,971405.0,642341.0,4179215.0,0.0,24739.0,0.0,337051.0,97339.0,996144.0,642341.0,4516266.0,1.8760430404478092
2024-12-27,5548268,5203744,240867,56320,5251081,297187,297187,0.05711021581572502,662889.0,1203545.0,202062.0,4218020.0,103510.0,0.0,101002.0,292369.0,766399.0,1203545.0,303064.0,4510389.0,-0.5971299774908114
2024-12-30,3146851,2683722,463129,0,2587921,558930,463129,0.17256959827821278,50204.0,97339.0,971405.0,3709744.0,0.0,0.0,24739.0,267630.0,50204.0,97339.0,996144.0,3977374.0,-0.137543806641671
2024-12-31,3243022,2571415,608183,0,2571415,671607,608183,0.23651676741530736,991771.0,662889.0,1203545.0,3114382.0,107800.0,103510.0,0.0,267630.0,1099571.0,766399.0,1203545.0,3382012.0,0.3480060927777951
2025-01-02,9041417,7726861,1221606,48070,7726861,1314556,1269676,0.1643197458424908,240867.0,50204.0,97339.0,4238649.0,56320.0,0.0,0.0,315700.0,297187.0,50204.0,97339.0,4554349.0,2.1949046905138023
2025-01-03,7813390,7167601,546635,99154,7074495,738895,645789,0.0900983341429951,463129.0,991771.0,662889.0,4122395.0,0.0,107800.0,103510.0,311344.0,463129.0,1099571.0,766399.0,4433739.0,0.3106646046307667
2025-01-04,1330956,1330956,0,0,1330956,0,0,0.0,608183.0,240867.0,50204.0,4072191.0,0.0,56320.0,0.0,311344.0,608183.0,297187.0,50204.0,4383535.0,-1.500920451990551
2025-01-05,511122,511122,0,0,511122,0,0,0.0,1221606.0,463129.0,991771.0,3080420.0,48070.0,0.0,107800.0,203544.0,1269676.0,463129.0,1099571.0,3283964.0,-1.4062493220283507
2025-01-06,7082126,6691416,337928,0,6692421,389705,337928,0.050501709876996155,546635.0,608183.0,240867.0,3177481.0,99154.0,0.0,56320.0,147224.0,645789.0,608183.0,297187.0,3324705.0,-0.4531500049045317
2025-01-07,5136077,4386121,605858,95590,4386121,749956,701448,0.15992441614711128,0.0,1221606.0,463129.0,3320210.0,0.0,48070.0,0.0,242814.0,0.0,1269676.0,463129.0,3563024.0,0.5406250641177573
2025-01-08,9035508,7830297,1100104,55440,7830297,1205211,1155544,0.1475734384566207,0.0,546635.0,608183.0,3812131.0,0.0,99154.0,0.0,298254.0,0.0,645789.0,608183.0,4110385.0,1.6684238137707372
2025-01-09,6653920,5074750,1432034,102256,5074750,1579170,1534290,0.30233798663225053,337928.0,0.0,1221606.0,4022559.0,0.0,0.0,48070.0,352440.0,337928.0,0.0,1269676.0,4374999.0,2.371605825119102
2025-01-10,7524598,6482074,989881,0,6196885,1327713,989881,0.15271051322300344,605858.0,0.0,546635.0,4465805.0,95590.0,0.0,99154.0,253286.0,701448.0,0.0,645789.0,4719091.0,0.9664156582889631
2025-01-13,3204226,3003366,49280,151580,3003366,200860,200860,0.06687827361757653,1100104.0,337928.0,0.0,4515085.0,55440.0,0.0,0.0,404866.0,1155544.0,337928.0,0.0,4919951.0,-0.9391296452819481
2025-01-14,4349473,3273023,857374,219076,3273023,1076450,1076450,0.3288854588295106,1432034.0,605858.0,0.0,5372459.0,102256.0,95590.0,0.0,623942.0,1534290.0,701448.0,0.0,5996401.0,1.121270826780249
2025-01-15,8562585,7293883,900422,368280,7199281,1363304,1268702,0.17394052332063412,989881.0,1100104.0,337928.0,5934953.0,0.0,55440.0,0.0,992222.0,989881.0,1155544.0,337928.0,6927175.0,1.4668780334939646
2025-01-16,6793554,5402246,1128655,166221,5407161,1386393,1294876,0.2396921133002619,49280.0,1432034.0,605858.0,6457750.0,151580.0,102256.0,95590.0,1062853.0,200860.0,1534290.0,701448.0,7520603.0,1.4142308674694348
2025-01-17,4591850,4140343,451507,0,4140343,451507,451507,0.10905060062642138,857374.0,989881.0,1100104.0,5809153.0,219076.0,0.0,55440.0,1007413.0,1076450.0,989881.0,1155544.0,6816566.0,-0.5076027282511192
2025-01-20,1608,1608,0,0,1608,0,0,0.0,900422.0,49280.0,1432034.0,4377119.0,368280.0,151580.0,102256.0,905157.0,1268702.0,200860.0,1534290.0,5282276.0,-1.4221620488009072
2025-01-21,4885944,3806943,908736,170265,3806943,1079001,1079001,0.28342970109358057,1128655.0,857374.0,989881.0,4295974.0,166221.0,219076.0,0.0,1075422.0,1294876.0,1076450.0,989881.0,5371396.0,0.9040246780556594
2025-01-22,9117425,8109618,641923,267916,8109618,1007807,909839,0.1121925703291363,451507.0,900422.0,49280.0,4888617.0,0.0,368280.0,151580.0,1191758.0,451507.0,1268702.0,200860.0,6080375.0,0.5219594473265714
2025-01-23,11683173,10330376,1080118,165200,10383629,1299544,1245318,0.12054913387962511,0.0,1128655.0,857374.0,5111361.0,0.0,166221.0,219076.0,1137882.0,0.0,1294876.0,1076450.0,6249243.0,1.1641565183230442
2025-01-24,9381842,8759067,511842,110933,8759067,622775,622775,0.07110060111418247,908736.0,451507.0,900422.0,4722781.0,170265.0,0.0,368280.0,880535.0,1079001.0,451507.0,1268702.0,5603316.0,-0.18924892961794212
2025-01-27,4775100,4124299,537123,110880,4124299,650801,648003,0.15711829886283732,641923.0,0.0,1128655.0,4131249.0,267916.0,0.0,166221.0,825194.0,909839.0,0.0,1294876.0,4956443.0,-0.1351573916336203
2025-01-28,4418889,3685888,626908,106093,3685888,733001,733001,0.19886681340648077,1080118.0,908736.0,451507.0,4306650.0,165200.0,170265.0,0.0,931287.0,1245318.0,1079001.0,451507.0,5237937.0,0.01778106430217612
2025-01-29,8637906,7510481,621216,317812,7510481,1127425,939028,0.1250289928129779,511842.0,641923.0,0.0,4927866.0,110933.0,267916.0,0.0,1249099.0,622775.0,909839.0,0.0,6176965.0,0.47449715388524644
2025-01-30,8886329,6732559,1517785,492972,6785812,2100517,2010757,0.2986615789536224,537123.0,1080118.0,908736.0,5536915.0,110880.0,165200.0,170265.0,1571806.0,648003.0,1245318.0,1079001.0,7108721.0,2.4930593364452474
2025-01-31,6943467,5310495,1512056,111760,5025868,1917599,1623816,0.30577482781269394,626908.0,511842.0,641923.0,6407048.0,106093.0,110933.0,267916.0,1415650.0,733001.0,622775.0,909839.0,7822698.0,1.599550956461999
2025-02-03,4314924,3774309,313962,226653,3774309,540615,540615,0.14323545230783905,621216.0,537123.0,1080118.0,5640892.0,317812.0,110880.0,165200.0,1477103.0,939028.0,648003.0,1245318.0,7117995.0,-0.48891863598463864
2025-02-04,3398129,1703718,1375719,318692,1703718,1694411,1694411,0.9945366577469641,1517785.0,626908.0,511842.0,6504769.0,492972.0,106093.0,110933.0,1684862.0,2010757.0,733001.0,622775.0,8189631.0,1.6202858794338715
2025-02-05,7464821,6364167,640341,324324,6410396,1054425,964665,0.15157755106401968,1512056.0,621216.0,537123.0,6607987.0,111760.0,317812.0,110880.0,1898306.0,1623816.0,939028.0,648003.0,8506293.0,0.23259370036152144
2025-02-06,6309561,5815949,239895,59884,5816690,492871,299779,0.051544287691606704,313962.0,1517785.0,626908.0,6220974.0,226653.0,492972.0,106093.0,1852097.0,540615.0,2010757.0,733001.0,8073071.0,-1.044694426412556
2025-02-07,3919435,2991136,730299,198000,2991136,928299,928299,0.31034987698657734,1375719.0,1512056.0,621216.0,6330057.0,318692.0,111760.0,317812.0,1732285.0,1694411.0,1623816.0,939028.0,8062342.0,0.13407155896304904
2025-02-08,107492,107492,0,0,107492,0,0,0.0,640341.0,313962.0,1517785.0,4812272.0,324324.0,226653.0,492972.0,1239313.0,964665.0,540615.0,2010757.0,6051585.0,-1.5607651881120062
2025-02-10,4192267,2229587,1491424,436927,2229587,1962680,1928351,0.8648911816891731,239895.0,1375719.0,1512056.0,4791640.0,59884.0,318692.0,111760.0,1564480.0,299779.0,1694411.0,1623816.0,6356120.0,1.8785959420222043
2025-02-11,5902937,3962020,1363307,532730,3962020,1940917,1896037,0.4785529910114055,730299.0,640341.0,313962.0,5840985.0,198000.0,324324.0,226653.0,1870557.0,928299.0,964665.0,540615.0,7711542.0,1.6640518497938106
2025-02-12,10689101,9123983,1132423,432661,9124017,1565084,1565084,0.1715351539415238,0.0,239895.0,1375719.0,5597689.0,0.0,59884.0,318692.0,1984526.0,0.0,299779.0,1694411.0,7582215.0,1.045749155128438
2025-02-13,8516686,6798306,1399437,318943,6750786,1765900,1718380,0.2527658724444189,1491424.0,730299.0,640341.0,6356785.0,436927.0,198000.0,324324.0,1979145.0,1928351.0,928299.0,964665.0,8335930.0,1.2372478438694727
2025-02-14,4461300,3317744,584894,421936,3364710,1096590,1006830,0.3034681688918226,1363307.0,0.0,239895.0,6701784.0,532730.0,0.0,59884.0,2341197.0,1896037.0,0.0,299779.0,9042981.0,-0.04926476209315964
2025-02-15,166320,0,0,166320,0,166320,166320,166320.0,1132423.0,1491424.0,730299.0,5971485.0,432661.0,436927.0,198000.0,2309517.0,1565084.0,1928351.0,928299.0,8281002.0,-1.476139423146064
2025-02-18,4366790,3034182,1110030,220440,3034182,1332608,1330470,0.43849365710637755,1399437.0,1363307.0,0.0,7081515.0,318943.0,532730.0,0.0,2529957.0,1718380.0,1896037.0,0.0,9611472.0,0.533051169610502
2025-02-19,5412247,4534347,822460,55440,4534347,877900,877900,0.19361107705010733,584894.0,1132423.0,1491424.0,6412551.0,421936.0,432661.0,436927.0,2148470.0,1006830.0,1565084.0,1928351.0,8561021.0,-0.2146431951332502
2025-02-20,9332438,8001042,1168156,163240,8001042,1331396,1331396,0.1664028052342676,0.0,1399437.0,1363307.0,6217400.0,166320.0,318943.0,532730.0,1778980.0,166320.0,1718380.0,1896037.0,7996380.0,0.5571344580394725
2025-02-21,5359058,4263046,802479,293533,4075036,1284022,1096012,0.2570959222359031,1110030.0,584894.0,1132423.0,5887456.0,220440.0,421936.0,432661.0,1639852.0,1330470.0,1006830.0,1565084.0,7527308.0,0.09841511899072025
2025-02-24,2977093,1851973,777230,214740,1851973,1125120,991970,0.5356284699461223,822460.0,0.0,1399437.0,5265249.0,55440.0,166320.0,318943.0,1535649.0,877900.0,166320.0,1718380.0,6800898.0,-0.08462539860347724
2025-02-25,4491438,3276787,744964,424807,3276787,1214651,1169771,0.35698708613434865,1168156.0,1110030.0,584894.0,5425319.0,163240.0,220440.0,421936.0,1538520.0,1331396.0,1330470.0,1006830.0,6963839.0,0.24332857853758522
2025-02-26,8007786,5868143,1507776,577984,5916220,2091566,2085760,0.35543776703502844,802479.0,822460.0,0.0,6933095.0,293533.0,55440.0,166320.0,1950184.0,1096012.0,877900.0,166320.0,8883279.0,1.7570179903245806
2025-02-27,10082639,7649976,1177324,1250550,7649976,2432663,2427874,0.31737010451142533,777230.0,1168156.0,1110030.0,7000389.0,214740.0,163240.0,220440.0,2980294.0,991970.0,1331396.0,1330470.0,9980683.0,2.0909898533198583
2025-02-28,8012064,5795328,1322423,894313,5751020,2261044,2216736,0.38250390961410474,744964.0,802479.0,822460.0,7500352.0,424807.0,293533.0,55440.0,3819167.0,1169771.0,1096012.0,877900.0,11319519.0,1.651068759236477
2025-03-01,85536,85536,0,0,85536,0,0,0.0,1507776.0,777230.0,1168156.0,6332196.0,577984.0,214740.0,163240.0,3655927.0,2085760.0,991970.0,1331396.0,9988123.0,-1.7860154951459117
2025-03-02,177900,177900,0,0,177900,0,0,0.0,1177324.0,744964.0,802479.0,5529717.0,1250550.0,424807.0,293533.0,3362394.0,2427874.0,1169771.0,1096012.0,8892111.0,-1.656737936949104
2025-03-03,3773913,2846234,512213,415466,2702532,1071381,927679,0.3259319768044452,1322423.0,1507776.0,777230.0,5264700.0,894313.0,577984.0,214740.0,3563120.0,2216736.0,2085760.0,991970.0,8827820.0,-0.28725233422817614
2025-03-04,3776041,2473625,671805,604068,2473625,1302416,1275873,0.5157905843486444,0.0,1177324.0,744964.0,5191541.0,0.0,1250550.0,424807.0,3742381.0,0.0,2427874.0,1169771.0,8933922.0,0.19031337942311616
2025-03-05,8084840,6293878,1278813,439329,6293878,1790962,1718142,0.2729861822891733,0.0,1322423.0,1507776.0,4962578.0,0.0,894313.0,577984.0,3603726.0,0.0,2216736.0,2085760.0,8566304.0,0.7872310483515959
2025-03-06,6545730,5380455,482797,634401,5428532,1117198,1117198,0.20764002158924819,512213.0,0.0,1177324.0,4268051.0,415466.0,0.0,1250550.0,2987577.0,927679.0,0.0,2427874.0,7255628.0,-0.11510243079769605
2025-03-07,3145101,2379602,710059,55440,2379602,765499,765499,0.32169189566494916,671805.0,0.0,1322423.0,3655687.0,604068.0,0.0,894313.0,2148704.0,1275873.0,0.0,2216736.0,5804391.0,-0.6242698333967276
2025-03-10,2345437,1420115,439991,485331,1420115,925322,925322,0.651581983443606,1278813.0,512213.0,0.0,4095678.0,439329.0,415466.0,0.0,2634035.0,1718142.0,927679.0,0.0,6729713.0,-0.3438736895803891
2025-03-11,4682765,2856997,1458592,367136,2764190,1918535,1825728,0.6390371991859988,482797.0,671805.0,0.0,5554270.0,634401.0,604068.0,0.0,3001171.0,1117198.0,1275873.0,0.0,8555441.0,0.9968939159501702
2025-03-12,7484549,5813159,1423670,157960,5813159,1671390,1581630,0.2720774931362632,710059.0,1278813.0,512213.0,6465727.0,55440.0,439329.0,415466.0,2743665.0,765499.0,1718142.0,927679.0,9209392.0,0.5850548927423327
2025-03-13,8624330,7142959,1019934,460513,7142959,1481371,1480447,0.20725959546182535,439991.0,482797.0,671805.0,6813856.0,485331.0,634401.0,604068.0,2600110.0,925322.0,1117198.0,1275873.0,9413966.0,0.44593135859524813
2025-03-14,3155003,2346954,490708,317341,2346954,808016,808049,0.34429675899197043,1458592.0,710059.0,1278813.0,6025751.0,367136.0,55440.0,439329.0,2478122.0,1825728.0,765499.0,1718142.0,8503873.0,-0.5668781194918809
2025-03-17,2836724,1565693,1063738,207293,1565693,1271031,1271031,0.8118003901145434,1423670.0,439991.0,482797.0,6606692.0,157960.0,485331.0,634401.0,2051014.0,1581630.0,925322.0,1117198.0,8657706.0,0.08859824437900563
2025-03-18,4262501,2505877,1408971,330211,2505877,1756624,1739182,0.6940409708692922,1019934.0,1458592.0,710059.0,7305604.0,460513.0,367136.0,55440.0,2325785.0,1480447.0,1825728.0,765499.0,9631389.0,0.7738593803378805
2025-03-19,9040592,7490879,1181563,323270,7397474,1643118,1504833,0.20088868063565296,490708.0,1423670.0,439991.0,8047176.0,317341.0,157960.0,485331.0,2163724.0,808049.0,1581630.0,925322.0,10210900.0,0.3551776318343713
2025-03-20,7042838,6459970,150788,432080,6459970,582868,582868,0.09022764962876768,1063738.0,1019934.0,1458592.0,6739372.0,207293.0,460513.0,367136.0,2228668.0,1271031.0,1480447.0,1825728.0,8968040.0,-1.1042239184719613
2025-03-21,3077153,2579651,406422,91080,2579651,497502,497502,0.19285624572616772,1408971.0,490708.0,1423670.0,5722124.0,330211.0,317341.0,157960.0,2161788.0,1739182.0,808049.0,1581630.0,7883912.0,-1.1645244404917865
2025-03-23,50204,0,50204,0,0,50204,50204,50204.0,1181563.0,1063738.0,1019934.0,4752394.0,323270.0,207293.0,460513.0,1701275.0,1504833.0,1271031.0,1480447.0,6453669.0,-1.7330897559864273
2025-03-24,3733612,1353223,1619559,760830,1353223,2380389,2380389,1.7590502385414388,150788.0,1408971.0,490708.0,5881245.0,432080.0,330211.0,317341.0,2144764.0,582868.0,1739182.0,808049.0,8026009.0,1.815815945547601
2025-03-25,5480509,3522005,1645160,264660,3479072,2001437,1909820,0.5422534771377447,406422.0,1181563.0,1063738.0,6462667.0,91080.0,323270.0,207293.0,2202131.0,497502.0,1504833.0,1271031.0,8664798.0,1.0438929824474215
2025-03-26,9603700,7718088,1490901,394711,7718088,1885612,1885612,0.24431073546832643,50204.0,150788.0,1408971.0,6544597.0,0.0,432080.0,330211.0,2266631.0,50204.0,582868.0,1739182.0,8811228.0,0.9490558690725375
2025-03-27,6993499,5741142,1106057,146300,5645341,1348158,1252357,0.21813722459099172,1619559.0,406422.0,1181563.0,6469091.0,760830.0,91080.0,323270.0,2089661.0,2380389.0,497502.0,1504833.0,8558752.0,-0.006367964003962144
2025-03-28,4689085,3978973,624855,58408,3978973,710112,683263,0.1717183877049712,1645160.0,50204.0,150788.0,6943158.0,264660.0,0.0,432080.0,1715989.0,1909820.0,50204.0,582868.0,8659147.0,-0.8526909669067524
2025-03-31,4927720,3745837,815825,333067,3745837,1181883,1148892,0.3067116089910989,1490901.0,1619559.0,406422.0,7352561.0,394711.0,760830.0,91080.0,1957976.0,1885612.0,2380389.0,497502.0,9310537.0,-0.14304588714532265
2025-04-01,4127460,2864998,814260,448202,2864998,1262462,1262462,0.4406500665445258,1106057.0,1645160.0,50204.0,8116617.0,146300.0,264660.0,0.0,2406178.0,1252357.0,1909820.0,50204.0,10522795.0,0.019460027644489886
2025-04-02,8445872,7676411,335775,433686,7676411,769461,769461,0.10023706387828063,624855.0,1490901.0,1619559.0,6832833.0,58408.0,394711.0,760830.0,2079034.0,683263.0,1885612.0,2380389.0,8911867.0,-0.7071327554555005
2025-04-03,7324630,6185088,1032613,103840,6185088,1136453,1136453,0.18374076751361218,815825.0,1106057.0,1645160.0,6220286.0,333067.0,146300.0,264660.0,1918214.0,1148892.0,1252357.0,1909820.0,8138500.0,-0.15638790400302285
2025-04-04,5083883,4083218,898732,53856,3994479,1089404,952588,0.23329338935775917,814260.0,624855.0,1490901.0,5628117.0,448202.0,58408.0,394711.0,1577359.0,1262462.0,683263.0,1885612.0,7205476.0,-0.38503570529624886
2025-04-07,3213787,2603274,403220,207293,2459572,754215,610513,0.23451729072034264,335775.0,815825.0,1106057.0,4925280.0,433686.0,333067.0,146300.0,1638352.0,769461.0,1148892.0,1252357.0,6563632.0,-0.8628317126513304
2025-04-08,4123586,2889877,805677,428032,2794074,1329512,1233709,0.4269069490130725,1032613.0,814260.0,624855.0,5106102.0,103840.0,448202.0,58408.0,2007976.0,1136453.0,1262462.0,683263.0,7114078.0,0.21242083990605934
2025-04-09,9322922,7880569,831846,610507,7880569,1442353,1442353,0.1830264815869918,898732.0,335775.0,815825.0,5122123.0,53856.0,433686.0,333067.0,2285416.0,952588.0,769461.0,1148892.0,7407539.0,0.5203344985414726
2025-04-10,7763826,6472169,1291657,0,6472169,1291657,1291657,0.199570932160311,403220.0,1032613.0,814260.0,5599520.0,207293.0,103840.0,448202.0,1837214.0,610513.0,1136453.0,1262462.0,7436734.0,0.18084414705332985
2025-04-11,4692337,3439885,843230,364844,3484263,1208074,1208074,0.3511959407957124,805677.0,898732.0,335775.0,6106975.0,428032.0,53856.0,433686.0,1768372.0,1233709.0,952588.0,769461.0,7875347.0,-0.004606543075788195
2025-04-14,2478058,1519120,858618,100320,1519120,958938,958938,0.6312453056734783,831846.0,403220.0,1032613.0,5932980.0,610507.0,207293.0,103840.0,1764852.0,1442353.0,610513.0,1136453.0,7697832.0,-0.4813317246960952
2025-04-15,4765331,2465666,1737741,561924,2465666,2299665,2299665,0.932674606911639,1291657.0,805677.0,898732.0,6771989.0,0.0,428032.0,53856.0,2272920.0,1291657.0,1233709.0,952588.0,9044909.0,2.0329224095806246
2025-04-16,8362917,6755799,948211,658907,6755799,1607118,1607118,0.23788714882027295,843230.0,831846.0,403220.0,7316980.0,364844.0,610507.0,207293.0,2724534.0,1208074.0,1442353.0,610513.0,10041514.0,0.6935940721219628
2025-04-17,4989982,4364619,280403,336323,4364619,625363,616726,0.14130119002341557,858618.0,1291657.0,805677.0,6791706.0,100320.0,0.0,428032.0,2632825.0,958938.0,1291657.0,1233709.0,9424531.0,-1.1347978774330523
2025-04-18,2859354,2227402,468712,163240,2227402,631952,631952,0.28371695647352546,1737741.0,843230.0,831846.0,6428572.0,561924.0,364844.0,610507.0,2185558.0,2299665.0,1208074.0,1442353.0,8614130.0,-1.072126610044537
2025-04-19,47520,0,0,47520,0,47520,47520,47520.0,948211.0,858618.0,1291657.0,5136915.0,658907.0,100320.0,0.0,2233078.0,1607118.0,958938.0,1291657.0,7369993.0,-1.930877036828405
2025-04-21,1970299,1615124,260135,95040,1615124,355175,355175,0.21990558006346259,280403.0,1737741.0,843230.0,4553820.0,336323.0,561924.0,364844.0,1963274.0,616726.0,2299665.0,1208074.0,6517094.0,-1.2985751403382317
2025-04-22,3339259,2233027,951936,154296,2233027,1106232,1106232,0.49539548989085674,468712.0,948211.0,858618.0,4647138.0,163240.0,658907.0,100320.0,2017250.0,631952.0,1607118.0,958938.0,6664388.0,-0.003281272762871186
2025-04-23,8623644,7509542,728935,336112,7467578,1156066,1065047,0.14182580750919196,0.0,280403.0,1737741.0,3638332.0,47520.0,336323.0,561924.0,1791438.0,47520.0,616726.0,2299665.0,5429770.0,-0.08865450382168183
2025-04-24,5140871,4888953,198062,53856,4794949,345922,251918,0.05152799555896824,260135.0,468712.0,948211.0,2888183.0,95040.0,163240.0,658907.0,1186387.0,355175.0,631952.0,1607118.0,4074570.0,-1.378043922476056
2025-04-25,4907059,4171058,637045,98956,4171058,736001,736001,0.17645422900994687,951936.0,0.0,280403.0,3244825.0,154296.0,47520.0,336323.0,949020.0,1106232.0,47520.0,616726.0,4193845.0,-0.5283626658217238
2025-04-28,4176198,3344481,648215,146520,3089393,1086805,794735,0.23762573696016304,728935.0,260135.0,468712.0,3424328.0,336112.0,95040.0,163240.0,932300.0,1065047.0,355175.0,631952.0,4356628.0,-0.392478743588641
2025-04-29,2908098,2460750,290470,156878,2460750,447348,447348,0.1817932818070581,198062.0,951936.0,0.0,3714798.0,53856.0,154296.0,47520.0,1041658.0,251918.0,1106232.0,47520.0,4756456.0,-0.9686436527499088
2025-04-30,8126378,7437167,295044,394167,7437167,689211,689211,0.09267116192615253,637045.0,728935.0,260135.0,3749707.0,98956.0,336112.0,95040.0,1340785.0,736001.0,1065047.0,355175.0,5090492.0,-0.5758143126118672
2025-05-01,6648991,5426741,793299,428766,5426741,1222250,1222065,0.22519312692587928,648215.0,198062.0,951936.0,3591070.0,146520.0,53856.0,154296.0,1615255.0,794735.0,251918.0,1106232.0,5206325.0,0.2783848392625559
2025-05-02,4122599,3546626,433857,47520,3546626,575973,481377,0.13572811575618185,290470.0,637045.0,728935.0,3295992.0,156878.0,98956.0,336112.0,1326663.0,447348.0,736001.0,1065047.0,4622655.0,-1.0233035954115641
2025-05-05,2284394,1468818,674842,140734,1423311,861083,815576,0.5552597018420922,295044.0,648215.0,198062.0,3772772.0,394167.0,146520.0,53856.0,1413541.0,689211.0,794735.0,251918.0,5186313.0,-0.3142240627433708
2025-05-06,4241278,3520143,441345,278716,3520143,721135,720061,0.20455441595571092,793299.0,290470.0,637045.0,3577072.0,428766.0,156878.0,98956.0,1593301.0,1222065.0,447348.0,736001.0,5170373.0,-0.4613575056930168
2025-05-07,10743171,9824421,458717,443469,9824421,918750,902186,0.0918309494441505,433857.0,295044.0,648215.0,3387574.0,47520.0,394167.0,146520.0,1890250.0,481377.0,689211.0,794735.0,5277824.0,-0.03156178210972526
2025-05-08,8418420,8063133,250941,104346,8063133,355287,355287,0.04406313971713728,674842.0,793299.0,290470.0,3348045.0,140734.0,428766.0,156878.0,1837718.0,815576.0,1222065.0,447348.0,5185763.0,-1.2056478404738278
2025-05-09,5461549,4819500,594529,47520,4819500,642049,642049,0.1332189784793073,441345.0,433857.0,295044.0,3647530.0,278716.0,47520.0,394167.0,1491071.0,720061.0,481377.0,689211.0,5138601.0,-0.5400093365375833
2025-05-11,237736,237736,0,0,237736,0,0,0.0,458717.0,674842.0,793299.0,2854231.0,443469.0,140734.0,428766.0,1062305.0,902186.0,815576.0,1222065.0,3916536.0,-1.7695671406689848
2025-05-12,2356167,1686832,474140,150817,1638465,717702,624957,0.3704913290171582,250941.0,441345.0,433857.0,2894514.0,104346.0,278716.0,47520.0,1165602.0,355287.0,720061.0,481377.0,4060116.0,-0.4514073117063298
2025-05-13,4072579,3423023,535860,113696,3375122,697457,649556,0.1897608664151931,594529.0,458717.0,674842.0,2755532.0,47520.0,443469.0,140734.0,1138564.0,642049.0,902186.0,815576.0,3894096.0,-0.36791639204846527
2025-05-14,10898280,9674348,844931,379001,9674348,1223932,1223932,0.12651311214842467,0.0,250941.0,441345.0,3159118.0,0.0,104346.0,278716.0,1238849.0,0.0,355287.0,720061.0,4397967.0,0.8069547836487952
2025-05-15,7363238,6898749,416969,47520,6898749,464489,464489,0.06732944373980794,474140.0,594529.0,458717.0,3117370.0,150817.0,47520.0,443469.0,842900.0,624957.0,642049.0,902186.0,3960270.0,-0.751318196998643
2025-05-16,5847961,4726911,959335,160369,4726911,1120839,1119704,0.23687853719299196,535860.0,0.0,250941.0,3825764.0,113696.0,0.0,104346.0,898923.0,649556.0,0.0,355287.0,4724687.0,0.6087222817006115
2025-05-18,80553,80553,0,0,80553,0,0,0.0,844931.0,474140.0,594529.0,3231235.0,379001.0,150817.0,47520.0,851403.0,1223932.0,624957.0,642049.0,4082638.0,-1.5830733504193064
2025-05-19,3662726,2707974,749659,155813,2614254,1048472,905472,0.334372363112658,416969.0,535860.0,0.0,3980894.0,47520.0,113696.0,0.0,1007216.0,464489.0,649556.0,0.0,4988110.0,0.29181126741414376
2025-05-20,4034332,2802858,806524,375690,2794905,1239427,1182214,0.42178860941631385,959335.0,844931.0,474140.0,4313278.0,160369.0,379001.0,150817.0,1232089.0,1119704.0,1223932.0,624957.0,5545367.0,0.8688898401774838
2025-05-21,10056383,8643384,883402,529595,8599373,1457010,1412997,0.16347727192529315,0.0,416969.0,535860.0,4660820.0,0.0,47520.0,113696.0,1647988.0,0.0,464489.0,649556.0,6308808.0,1.2814094030288352
2025-05-22,8262112,7458626,535935,227610,7498567,763545,763545,0.10237071782782542,749659.0,959335.0,844931.0,4351824.0,155813.0,160369.0,379001.0,1496597.0,905472.0,1119704.0,1223932.0,5848421.0,0.0886796493303472
2025-05-23,6398131,4084585,2108682,154845,4084585,2313546,2263527,0.5541631391773855,806524.0,0.0,416969.0,6043537.0,375690.0,0.0,47520.0,1603922.0,1182214.0,0.0,464489.0,7647459.0,3.2534428132359903
2025-05-27,3531044,2231354,1250135,49555,2231354,1299690,1299690,0.5824667074490613,883402.0,749659.0,959335.0,6334337.0,529595.0,155813.0,160369.0,1493108.0,1412997.0,905472.0,1119704.0,7827445.0,1.109549460436646
2025-05-28,5178187,4255365,436497,374836,4211952,966235,811333,0.19066115582067442,535935.0,806524.0,0.0,6770834.0,227610.0,375690.0,0.0,1867944.0,763545.0,1182214.0,0.0,8638778.0,0.06932502543476414
2025-05-29,8505567,6723415,1196101,536868,6723415,1782152,1732969,0.25775126810537974,2108682.0,883402.0,749659.0,7217276.0,154845.0,529595.0,155813.0,2248999.0,2263527.0,1412997.0,905472.0,9466275.0,1.8537187666950292
2025-05-30,7058339,6535764,352559,170016,6535764,522575,522575,0.07995621017585547,1250135.0,535935.0,806524.0,6763311.0,49555.0,227610.0,375690.0,2043325.0,1299690.0,763545.0,1182214.0,8806636.0,-0.6619315089496389
2025-05-31,798800,750752,48048,0,750752,48048,48048,0.0639997442567662,436497.0,2108682.0,883402.0,5927957.0,374836.0,154845.0,529595.0,1513730.0,811333.0,2263527.0,1412997.0,7441687.0,-1.519347555819154
2025-06-02,3674306,2769291,781938,98010,2769291,905015,879948,0.31775197415079376,1196101.0,1250135.0,535935.0,6173960.0,536868.0,49555.0,227610.0,1384130.0,1732969.0,1299690.0,763545.0,7558090.0,0.16369723465222372
2025-06-03,3596091,1743178,1757107,55440,1783119,1812547,1812547,1.0397939626395223,352559.0,436497.0,2108682.0,5822385.0,170016.0,374836.0,154845.0,1284725.0,522575.0,811333.0,2263527.0,7107110.0,1.8567209884130345
2025-06-04,9413004,8855067,264409,242708,8620851,792153,507117,0.05726856078349709,48048.0,1196101.0,1250135.0,4836659.0,0.0,536868.0,49555.0,1477878.0,48048.0,1732969.0,1299690.0,6314537.0,-0.644464097186076
2025-06-05,12890399,10714831,1352343,640900,10754275,2136124,1993243,0.18602652846073556,781938.0,352559.0,436497.0,5752505.0,98010.0,170016.0,374836.0,1743942.0,879948.0,522575.0,811333.0,7496447.0,1.9756267152493143
2025-06-06,9105104,8663564,382967,58573,8663564,441540,441540,0.05096516272458278,1757107.0,48048.0,1196101.0,4939371.0,55440.0,0.0,536868.0,1265647.0,1812547.0,48048.0,1732969.0,6205018.0,-0.7852456041857557
2025-06-07,235580,235580,0,0,235580,0,0,0.0,264409.0,781938.0,352559.0,4586812.0,242708.0,98010.0,170016.0,1095631.0,507117.0,879948.0,522575.0,5682443.0,-1.4726763311312463
2025-06-09,3945487,2977799,787290,151578,2838288,1107199,938868,0.3152891396332863,1352343.0,1757107.0,48048.0,5326054.0,640900.0,55440.0,0.0,1247209.0,1993243.0,1812547.0,48048.0,6573263.0,0.15233128003389265
2025-06-10,6027341,5121166,850559,55616,5121166,906175,906175,0.1769469732191901,382967.0,264409.0,781938.0,5394675.0,58573.0,242708.0,98010.0,1204815.0,441540.0,507117.0,879948.0,6599490.0,0.07208647224610251
2025-06-11,11806799,10161598,1393147,213585,10161598,1645201,1606732,0.15811802847170017,0.0,1352343.0,1757107.0,5030715.0,0.0,640900.0,55440.0,1362960.0,0.0,1993243.0,1812547.0,6393675.0,1.209838332475278
2025-06-12,8579067,7745680,736521,56320,7737718,841349,792841,0.10235910825658841,787290.0,382967.0,264409.0,5502827.0,151578.0,58573.0,242708.0,1176572.0,938868.0,441540.0,507117.0,6679399.0,-0.17023872090051875
2025-06-13,4841718,4211737,629981,0,4211737,629981,629981,0.14957744285138344,850559.0,0.0,1352343.0,4780465.0,55616.0,0.0,640900.0,535672.0,906175.0,0.0,1993243.0,5316137.0,-0.4290407097252866
2025-06-15,81110,81110,0,0,81110,0,0,0.0,1393147.0,787290.0,382967.0,4397498.0,213585.0,151578.0,58573.0,477099.0,1606732.0,938868.0,441540.0,4874597.0,-1.4368607616913043
2025-06-16,3401256,2099835,1107766,142560,2008524,1392457,1250326,0.5954398343489682,736521.0,850559.0,0.0,5505264.0,56320.0,55616.0,0.0,619659.0,792841.0,906175.0,0.0,6124923.0,0.5866281598636901
2025-06-17,422779,178067,189272,55440,178067,244712,244712,1.374261518071748,629981.0,1393147.0,787290.0,4907246.0,0.0,213585.0,151578.0,523521.0,629981.0,1606732.0,938868.0,5430767.0,-1.0962804192822109
2025-06-18,12554685,11023283,1150096,269205,10975763,1578922,1419301,0.12875482478724126,0.0,736521.0,850559.0,5206783.0,0.0,56320.0,55616.0,737110.0,0.0,792841.0,906175.0,5943893.0,0.8149520282881259
2025-06-19,64665,64665,0,0,64665,0,0,0.0,1107766.0,629981.0,1393147.0,3813636.0,142560.0,0.0,213585.0,523525.0,1250326.0,629981.0,1606732.0,4337161.0,-1.4489990133611848
2025-06-20,9912956,9044823,668967,108416,9084764,828192,777383,0.08594783049399303,189272.0,0.0,736521.0,3746082.0,55440.0,0.0,56320.0,575621.0,244712.0,0.0,792841.0,4321703.0,-0.18234449927305632
2025-06-23,3372414,2340428,1030730,0,2340428,1031986,1030730,0.4404021655858819,1150096.0,1107766.0,629981.0,4146831.0,269205.0,142560.0,0.0,575621.0,1419301.0,1250326.0,629981.0,4722452.0,0.19577423714925687
2025-06-24,2768800,1715921,884216,105072,1715921,1052879,989288,0.576534364615641,0.0,189272.0,0.0,5031047.0,0.0,55440.0,0.0,680693.0,0.0,244712.0,0.0,5711740.0,0.13596476886936007
2025-06-25,7920486,7117866,755100,47520,7069965,850521,802620,0.1127613089707914,668967.0,1150096.0,1107766.0,4678381.0,108416.0,269205.0,142560.0,585653.0,777383.0,1419301.0,1250326.0,5264034.0,-0.21848775716227473
2025-06-26,8326572,7683002,498856,55440,7635101,691471,554296,0.07214574821850259,1030730.0,0.0,189272.0,4987965.0,0.0,0.0,55440.0,585653.0,1030730.0,0.0,244712.0,5573618.0,-0.6133484683307551
2025-06-27,8494960,7740647,551165,163207,7780588,714372,714372,0.09228839756051431,884216.0,668967.0,1150096.0,4389034.0,105072.0,108416.0,269205.0,479655.0,989288.0,777383.0,1419301.0,4868689.0,-0.3196240506693603
2025-06-30,4782933,3290683,1430783,0,3246076,1536857,1430783,0.43479805414315076,755100.0,1030730.0,0.0,5819817.0,47520.0,0.0,0.0,479655.0,802620.0,1030730.0,0.0,6299472.0,0.8804881611700868
2025-07-01,4592982,3653292,899749,0,3600127,992855,899749,0.2462843795994463,498856.0,884216.0,668967.0,6050599.0,55440.0,105072.0,108416.0,371239.0,554296.0,989288.0,777383.0,6421838.0,-0.017238437504568146
2025-07-02,10993701,9907730,1038451,47520,9907730,1084809,1085971,0.10960844617198429,551165.0,755100.0,1030730.0,6058320.0,163207.0,47520.0,0.0,418759.0,714372.0,802620.0,1030730.0,6477079.0,0.3985728507894435
2025-07-03,6251845,5797626,392851,57376,5797626,454219,450227,0.07765711729988839,1430783.0,498856.0,884216.0,5566955.0,0.0,55440.0,105072.0,371063.0,1430783.0,554296.0,989288.0,5938018.0,-0.7277923965528824
2025-07-04,876715,876715,0,0,876715,0,0,0.0,899749.0,551165.0,755100.0,4811855.0,0.0,163207.0,47520.0,323543.0,899749.0,714372.0,802620.0,5135398.0,-1.4548661551683897
2025-07-05,105228,105228,0,0,105228,0,0,0.0,1038451.0,1430783.0,498856.0,4312999.0,47520.0,0.0,55440.0,268103.0,1085971.0,1430783.0,554296.0,4581102.0,-1.3728426290879925
2025-07-07,4614082,3529533,1043592,0,3569474,1044608,1043592,0.29567415981826495,392851.0,899749.0,551165.0,4805426.0,57376.0,0.0,163207.0,104896.0,450227.0,899749.0,714372.0,4910322.0,0.48618081983638656
2025-07-08,4186919,3591416,445023,150480,3488867,698052,595503,0.16581282541125134,0.0,1038451.0,1430783.0,3819666.0,0.0,47520.0,0.0,255376.0,0.0,1085971.0,1430783.0,4075042.0,-0.3686818063879091
2025-07-09,9428748,8611894,699697,0,8651835,776913,699697,0.08124773931869815,0.0,392851.0,899749.0,3619614.0,0.0,57376.0,0.0,255376.0,0.0,450227.0,899749.0,3874990.0,-0.16322964717976912
2025-07-10,13521552,12729325,753758,0,12639466,882086,753758,0.05921428990034508,1043592.0,0.0,1038451.0,3334921.0,0.0,0.0,47520.0,207856.0,1043592.0,0.0,1085971.0,3542777.0,0.0035940556984521174
2025-07-11,9524085,9017089,415098,47520,9061467,462618,462618,0.051304578306305026,445023.0,0.0,392851.0,3357168.0,150480.0,0.0,57376.0,198000.0,595503.0,0.0,450227.0,3555168.0,-0.5745221658001283
2025-07-14,4388289,3444528,832498,55440,3444528,943761,887938,0.2577821234775495,699697.0,1043592.0,0.0,4189666.0,0.0,0.0,0.0,253440.0,699697.0,1043592.0,0.0,4443106.0,0.3926823240306442
2025-07-15,5695137,5160979,534158,0,5160979,534158,534158,0.10349933539754078,753758.0,445023.0,0.0,4723824.0,0.0,150480.0,0.0,253440.0,753758.0,595503.0,0.0,4977264.0,-0.41281030970189914
2025-07-16,14829468,13810291,888810,47520,13569754,1259714,936330,0.06779943537761547,415098.0,699697.0,1043592.0,4569042.0,47520.0,0.0,0.0,300960.0,462618.0,699697.0,1043592.0,4870002.0,0.4458947304040137
2025-07-17,10029049,9692247,329049,0,9692247,336802,329049,0.033949709087097234,832498.0,753758.0,445023.0,4453068.0,55440.0,0.0,150480.0,150480.0,887938.0,753758.0,595503.0,4603548.0,-0.9319598962344324
2025-07-18,5338661,4425113,818271,0,4469491,869170,818271,0.18491523608205349,534158.0,415098.0,699697.0,4571642.0,0.0,47520.0,0.0,150480.0,534158.0,462618.0,699697.0,4722122.0,0.2193569251502376
2025-07-21,5585066,5043787,541279,0,4903748,681318,541279,0.10731596966406994,888810.0,832498.0,753758.0,4359163.0,47520.0,55440.0,0.0,150480.0,936330.0,887938.0,753758.0,4509643.0,-0.37550874036434645
2025-07-22,4072739,3794375,203267,55000,3651742,420997,258267,0.06806573729119096,329049.0,534158.0,415098.0,4147332.0,0.0,0.0,47520.0,157960.0,329049.0,534158.0,462618.0,4305292.0,-1.0301371914006467
2025-07-23,11139505,10145337,807549,103772,10141814,997691,911321,0.08982657847377781,818271.0,888810.0,832498.0,4122383.0,0.0,47520.0,55440.0,206292.0,818271.0,936330.0,887938.0,4328675.0,0.5718313357513785
2025-07-24,9258890,8680570,480326,0,8727905,530985,480326,0.05533345675071375,541279.0,329049.0,534158.0,4068551.0,0.0,0.0,0.0,206292.0,541279.0,329049.0,534158.0,4274843.0,-0.5629527670038494
2025-07-25,5942994,5210841,730089,0,5210841,732153,730089,0.14010960224854255,203267.0,818271.0,888810.0,3909830.0,55000.0,0.0,47520.0,158772.0,258267.0,818271.0,936330.0,4068602.0,0.1370168647669714
2025-07-28,3808295,3052215,739556,0,2818170,990125,739556,0.2423013312295067,807549.0,541279.0,329049.0,4320337.0,103772.0,0.0,0.0,158772.0,911321.0,541279.0,329049.0,4479109.0,0.12100970389751617
2025-07-29,4583209,4381804,154070,0,4288574,294635,154070,0.035161309095224455,480326.0,203267.0,818271.0,3656136.0,0.0,55000.0,0.0,158772.0,480326.0,258267.0,818271.0,3814908.0,-1.439378972541201
2025-07-30,11519787,10524807,994980,0,10524807,994980,994980,0.09453664142851823,730089.0,807549.0,541279.0,4109837.0,0.0,103772.0,0.0,158772.0,730089.0,911321.0,541279.0,4268609.0,0.9347918243884503
2025-07-31,8632651,8479128,103596,0,8529055,103596,103596,0.012217764348201331,739556.0,480326.0,203267.0,4010166.0,0.0,0.0,55000.0,103772.0,739556.0,480326.0,258267.0,4113938.0,-1.6219035768658336
2025-08-01,5603765,5036906,565332,0,4944242,659523,565332,0.11223792696589395,154070.0,730089.0,807549.0,3767949.0,0.0,0.0,103772.0,0.0,154070.0,730089.0,911321.0,3767949.0,-0.2464055651591689
2025-08-02,85536,85536,0,0,85536,0,0,0.0,994980.0,739556.0,480326.0,3287623.0,0.0,0.0,0.0,0.0,994980.0,739556.0,480326.0,3287623.0,-1.7461239954999908
2025-08-04,3264304,2465515,798789,0,2324950,939354,798789,0.323984512775419,103596.0,154070.0,730089.0,3356323.0,0.0,0.0,0.0,0.0,103596.0,154070.0,730089.0,3356323.0,0.5188766091213115
2025-08-05,4520427,4125041,306990,0,3937566,582861,306990,0.07442106044011189,565332.0,994980.0,739556.0,2923757.0,0.0,0.0,0.0,0.0,565332.0,994980.0,739556.0,2923757.0,-0.8418684106758346
2025-08-06,11391470,10944008,447462,0,10944008,447462,447462,0.04088647953414512,0.0,103596.0,154070.0,3217149.0,0.0,0.0,0.0,0.0,0.0,103596.0,154070.0,3217149.0,-0.42281419265865455
2025-08-07,8803521,8657645,99231,0,8654871,148650,99231,0.011461660594577325,798789.0,565332.0,994980.0,2321400.0,0.0,0.0,0.0,0.0,798789.0,565332.0,994980.0,2321400.0,-1.3685360324760618
2025-08-08,5419705,4589216,830401,0,4589216,830489,830401,0.18094611782358516,306990.0,0.0,103596.0,3048205.0,0.0,0.0,0.0,0.0,306990.0,0.0,103596.0,3048205.0,0.8431203537340631
2025-08-11,3115158,2711456,403702,0,2434296,680862,403702,0.1488874800522376,447462.0,798789.0,565332.0,2886575.0,0.0,0.0,0.0,0.0,447462.0,798789.0,565332.0,2886575.0,-0.39800177447484636
2025-08-12,4783506,4516521,228516,0,4472268,311238,228516,0.05059556889128405,99231.0,306990.0,0.0,3115091.0,0.0,0.0,0.0,0.0,99231.0,306990.0,0.0,3115091.0,-0.9170402312946775
2025-08-13,10832224,10476555,272822,0,10473035,359189,272822,0.026041191399158274,830401.0,447462.0,798789.0,2589124.0,0.0,0.0,0.0,0.0,830401.0,447462.0,798789.0,2589124.0,-0.8375440193780122
2025-08-14,9085846,8677225,313570,0,8721603,364243,313570,0.036137124929096,403702.0,99231.0,306990.0,2595704.0,0.0,0.0,0.0,0.0,403702.0,99231.0,306990.0,2595704.0,-0.7733944961159424
2025-08-15,4185045,3546475,636535,0,3546475,638570,636535,0.17948380307663156,228516.0,830401.0,447462.0,2784777.0,0.0,0.0,0.0,0.0,228516.0,830401.0,447462.0,2784777.0,0.3888556336470199
2025-08-16,321182,321182,0,0,321182,0,0,0.0,272822.0,403702.0,99231.0,2685546.0,0.0,0.0,0.0,0.0,272822.0,403702.0,99231.0,2685546.0,-1.719906657102071
2025-08-18,2885151,2441554,441934,0,2441554,443597,441934,0.1810051381189447,313570.0,228516.0,830401.0,2297079.0,0.0,0.0,0.0,0.0,313570.0,228516.0,830401.0,2297079.0,-0.19579580225677862
2025-08-19,4281734,4026851,243509,0,3657218,624516,243509,0.060471306122002993,636535.0,272822.0,403702.0,2136886.0,0.0,0.0,0.0,0.0,636535.0,272822.0,403702.0,2136886.0,-0.8156074792718215
2025-08-20,12906053,12041735,685934,0,12086113,819940,685934,0.05696304918161302,0.0,313570.0,228516.0,2594304.0,0.0,0.0,0.0,0.0,0.0,313570.0,228516.0,2594304.0,0.6645187602230161
2025-08-21,8997106,8694479,248639,0,8738857,258249,248639,0.028597339921421407,441934.0,636535.0,272822.0,2570121.0,0.0,0.0,0.0,0.0,441934.0,636535.0,272822.0,2570121.0,-0.762257484542294
2025-08-22,5415514,4806936,606574,0,4806936,608578,606574,0.1261872165164636,243509.0,0.0,313570.0,2863125.0,0.0,0.0,0.0,0.0,243509.0,0.0,313570.0,2863125.0,0.46898210346397706
2025-08-25,3659259,2836660,771036,0,2743996,915263,771036,0.271811118776618,685934.0,441934.0,636535.0,2997626.0,0.0,0.0,0.0,0.0,685934.0,441934.0,636535.0,2997626.0,1.0854166416110613
2025-08-26,5264644,4767032,497612,0,4720700,543944,497612,0.10438610347358619,248639.0,243509.0,0.0,3495238.0,0.0,0.0,0.0,0.0,248639.0,243509.0,0.0,3495238.0,0.09484760536517903
2025-08-27,13607591,12424644,998136,0,12278355,1329236,998136,0.0803351725542259,606574.0,685934.0,441934.0,4051440.0,0.0,0.0,0.0,0.0,606574.0,685934.0,441934.0,4051440.0,1.797622490647506
2025-08-28,12956497,12133737,562665,0,12213766,742731,562665,0.04637194243027169,771036.0,248639.0,243509.0,4370596.0,0.0,0.0,0.0,0.0,771036.0,248639.0,243509.0,4370596.0,0.2928248311150105
2025-08-29,5572054,4729234,838750,0,4729234,842820,838750,0.17735426554188996,497612.0,606574.0,685934.0,4523412.0,0.0,0.0,0.0,0.0,497612.0,606574.0,685934.0,4523412.0,1.1610911957765444
2025-08-30,44000,44000,0,0,44000,0,0,0.0,998136.0,771036.0,248639.0,4274773.0,0.0,0.0,0.0,0.0,998136.0,771036.0,248639.0,4274773.0,-1.5710233098038393
2025-09-02,4078924,3445771,622886,0,3263501,815423,622886,0.18076819940495192,562665.0,497612.0,606574.0,4291085.0,0.0,0.0,0.0,0.0,562665.0,497612.0,606574.0,4291085.0,0.5074711920360266
2025-09-03,7474299,7175566,298733,0,7175566,298733,298733,0.04163197138288863,838750.0,998136.0,771036.0,3818782.0,0.0,0.0,0.0,0.0,838750.0,998136.0,771036.0,3818782.0,-0.5350609394871204
2025-09-04,11727036,10766915,790539,0,10846207,880829,790539,0.07342297460108355,0.0,562665.0,497612.0,4111709.0,0.0,0.0,0.0,0.0,0.0,562665.0,497612.0,4111709.0,1.114332240486639
2025-09-05,10118564,9480370,249335,55440,9504262,614302,304775,0.032148003490580696,622886.0,838750.0,998136.0,3362908.0,0.0,0.0,0.0,55440.0,622886.0,838750.0,998136.0,3418348.0,-0.541489624150794
2025-09-08,4469077,3462401,892505,0,3462401,1006676,892505,0.2577704726372039,298733.0,0.0,562665.0,3692748.0,0.0,0.0,0.0,55440.0,298733.0,0.0,562665.0,3748188.0,1.5014785750465955
2025-09-09,3678625,2828582,781725,0,2729685,948940,781725,0.2763662936530411,790539.0,622886.0,838750.0,3635723.0,0.0,0.0,0.0,55440.0,790539.0,622886.0,838750.0,3691163.0,1.046632548752037
2025-09-10,6104008,5386564,457296,0,5200726,903282,457296,0.08489566170648642,249335.0,298733.0,0.0,4093019.0,55440.0,0.0,0.0,55440.0,304775.0,298733.0,0.0,4148459.0,-0.07746009661234929
2025-09-11,11124288,10025644,818879,0,10195044,929244,818879,0.08167843565177103,892505.0,790539.0,622886.0,4289012.0,0.0,0.0,0.0,55440.0,892505.0,790539.0,622886.0,4344452.0,1.128569627166585
2025-09-12,7810535,7006393,602809,0,6960061,850474,602809,0.08603698279029127,781725.0,249335.0,298733.0,4593088.0,0.0,55440.0,0.0,55440.0,781725.0,304775.0,298733.0,4648528.0,0.37777614071698706
2025-09-13,92902,92902,0,0,92902,0,0,0.0,457296.0,892505.0,790539.0,3802549.0,0.0,0.0,0.0,55440.0,457296.0,892505.0,790539.0,3857989.0,-1.7203718205584182
2025-09-15,7948417,7174100,720529,0,7127768,820649,720529,0.10043474436727333,818879.0,781725.0,249335.0,4273743.0,0.0,0.0,55440.0,0.0,818879.0,781725.0,304775.0,4273743.0,0.7699375259112304
2025-09-16,4945343,4403282,400339,56320,4355696,589647,456659,0.10370875548993785,602809.0,457296.0,892505.0,3781577.0,0.0,0.0,0.0,56320.0,602809.0,457296.0,892505.0,3837897.0,-0.1953200488627165
2025-09-17,13980281,13184881,553168,50640,13180250,800031,603808,0.045795480005054276,0.0,818879.0,781725.0,3553020.0,0.0,0.0,0.0,106960.0,0.0,818879.0,781725.0,3659980.0,0.36946617383212793
2025-09-18,9076558,8416781,496817,0,8496812,579746,496817,0.05902695353164666,720529.0,602809.0,457296.0,3592541.0,0.0,0.0,0.0,106960.0,720529.0,602809.0,457296.0,3699501.0,-0.03560470961027574
2025-09-19,5607301,4400254,1203800,0,4400254,1203800,1203800,0.27357505417299677,400339.0,0.0,818879.0,3977462.0,56320.0,0.0,0.0,106960.0,456659.0,0.0,818879.0,4084422.0,2.2596526016296936
2025-09-22,3480989,3102631,201450,56320,3102631,378358,257770,0.08308107439103316,553168.0,720529.0,602809.0,3576103.0,50640.0,0.0,0.0,163280.0,603808.0,720529.0,602809.0,3739383.0,-0.9525493460524883
2025-09-23,4705516,4196343,458514,0,4150836,554680,458514,0.1092651126790368,496817.0,400339.0,0.0,4034617.0,0.0,56320.0,0.0,163280.0,496817.0,456659.0,0.0,4197897.0,-0.2903492850361111
2025-09-24,12387754,11796278,456403,0,11602161,785593,456403,0.038690420936975126,1203800.0,553168.0,720529.0,3770491.0,0.0,50640.0,0.0,163280.0,1203800.0,603808.0,720529.0,3933771.0,-0.27714261029464327
2025-09-25,9638212,8962308,495909,49104,8952885,685327,545013,0.060811672527693476,201450.0,496817.0,400339.0,3866061.0,56320.0,0.0,56320.0,156064.0,257770.0,496817.0,456659.0,4022125.0,-0.038220650346548056
2025-09-26,3951852,3449805,423617,0,3449805,502047,423617,0.12279444119466427,458514.0,1203800.0,553168.0,3736510.0,0.0,0.0,50640.0,105424.0,458514.0,1203800.0,603808.0,3841934.0,-0.4789915076910799
2025-09-29,2926173,2583498,338277,0,2491960,433997,338277,0.1309375385862352,456403.0,201450.0,496817.0,3577970.0,0.0,56320.0,0.0,105424.0,456403.0,257770.0,496817.0,3683394.0,-0.8114042864372615
2025-09-30,5437218,4994797,442421,0,4853865,583353,442421,0.0885763548395751,495909.0,458514.0,1203800.0,2816591.0,49104.0,0.0,0.0,105424.0,545013.0,458514.0,1203800.0,2922015.0,-0.39734966109269293
2025-10-01,14053426,13162670,704933,0,13116338,932723,704933,0.053555467579490514,423617.0,456403.0,201450.0,3320074.0,0.0,0.0,56320.0,49104.0,423617.0,456403.0,257770.0,3369178.0,0.5260856615450451
2025-10-02,10292498,9982992,160543,50213,10031069,261429,210756,0.021111504335423255,338277.0,495909.0,458514.0,3022103.0,0.0,49104.0,0.0,99317.0,338277.0,545013.0,458514.0,3121420.0,-1.2480646380836795
2025-10-03,3372152,2829706,498045,0,2781805,590347,498045,0.17600585502315258,442421.0,423617.0,456403.0,3063745.0,0.0,0.0,0.0,99317.0,442421.0,423617.0,456403.0,3163062.0,-0.1656350856599568
2025-10-04,77876,77876,0,0,77876,0,0,0.0,704933.0,338277.0,495909.0,2567836.0,0.0,0.0,49104.0,50213.0,704933.0,338277.0,545013.0,2618049.0,-1.8278238400243532
2025-10-05,55616,0,55616,0,0,55616,55616,55616.0,160543.0,442421.0,423617.0,2199835.0,50213.0,0.0,0.0,50213.0,210756.0,442421.0,423617.0,2250048.0,-1.5353972500686797
2025-10-06,3805626,3419669,384105,0,3327232,478284,384105,0.11232224161980542,498045.0,704933.0,338277.0,2245663.0,0.0,0.0,0.0,50213.0,498045.0,704933.0,338277.0,2295876.0,-0.36572423667967335
2025-10-07,4912339,4616494,260605,0,4427961,484378,260605,0.05645083553648385,0.0,160543.0,442421.0,2063847.0,0.0,50213.0,0.0,50213.0,0.0,210756.0,442421.0,2114060.0,-0.7424074996624093
2025-10-08,10646637,9922938,583225,0,9922938,723699,583225,0.0587754293360062,55616.0,498045.0,704933.0,1942139.0,0.0,0.0,0.0,50213.0,55616.0,498045.0,704933.0,1992352.0,0.3517731254580065
2025-10-09,9400515,8881957,262330,106832,8930034,470481,369162,0.04156313281373319,384105.0,0.0,160543.0,2043926.0,0.0,0.0,50213.0,106832.0,384105.0,0.0,210756.0,2150758.0,-0.41667914800445366
2025-10-10,4330140,3859294,411631,55440,3859294,470846,467071,0.12102495403953313,260605.0,55616.0,498045.0,1957512.0,0.0,0.0,0.0,162272.0,260605.0,55616.0,498045.0,2119784.0,-0.0720895621155647
2025-10-13,266682,266682,0,0,266682,0,0,0.0,583225.0,384105.0,0.0,1957512.0,0.0,0.0,0.0,162272.0,583225.0,384105.0,0.0,2119784.0,-1.6839300154399524
2025-10-14,3139714,2842784,252050,0,2651278,488436,252050,0.08866305401217468,262330.0,260605.0,55616.0,2153946.0,106832.0,0.0,0.0,162272.0,369162.0,260605.0,55616.0,2316218.0,-0.7511853572823015
2025-10-15,5188677,5003585,140076,0,4909652,279025,140076,0.02799512189857434,411631.0,583225.0,384105.0,1909917.0,55440.0,0.0,0.0,162272.0,467071.0,583225.0,384105.0,2072189.0,-1.0950529331930767
2025-10-16,7690900,7307479,293661,0,7216839,474061,293661,0.04018635699310843,0.0,262330.0,260605.0,1942973.0,0.0,106832.0,0.0,162272.0,0.0,369162.0,260605.0,2105245.0,-0.47279618706392984
2025-10-17,7281453,6929342,159476,0,6981117,283858,159476,0.02301459171526074,252050.0,411631.0,583225.0,1519224.0,0.0,55440.0,0.0,162272.0,252050.0,467071.0,583225.0,1681496.0,-0.9356096142317362
2025-10-20,3071388,2540924,475024,55440,2540924,530464,530464,0.20876806674734594,140076.0,0.0,262330.0,1731918.0,0.0,0.0,106832.0,110880.0,140076.0,0.0,369162.0,1842798.0,0.5249450921672473
2025-10-21,1898515,1620537,277978,0,1620537,277978,277978,0.17153439166499027,293661.0,252050.0,411631.0,1598265.0,0.0,0.0,55440.0,55440.0,293661.0,252050.0,467071.0,1653705.0,-0.4305573927054722
2025-10-22,8290075,8033260,206142,0,7892700,397375,206142,0.025661060931544487,159476.0,140076.0,0.0,1804407.0,0.0,0.0,0.0,55440.0,159476.0,140076.0,0.0,1859847.0,-0.7683488736782439
2025-10-23,9297963,8416100,633914,0,8421543,876420,633914,0.07532157705807001,475024.0,293661.0,252050.0,2186271.0,55440.0,0.0,0.0,55440.0,530464.0,293661.0,252050.0,2241711.0,1.0149898016372314
2025-10-24,7314966,6937795,370967,0,6845589,469377,370967,0.05347043931530993,277978.0,159476.0,140076.0,2417162.0,0.0,0.0,0.0,55440.0,277978.0,159476.0,140076.0,2472602.0,-0.06894034704673319
2025-10-27,3070518,2669508,392718,0,2669508,401010,392718,0.14711244652106437,206142.0,475024.0,293661.0,2516219.0,0.0,55440.0,0.0,55440.0,206142.0,530464.0,293661.0,2571659.0,0.05193263932835647
2025-10-28,6041064,5980681,0,0,5980681,60383,0,0.0,633914.0,277978.0,159476.0,2356743.0,0.0,0.0,0.0,55440.0,633914.0,277978.0,159476.0,2412183.0,-1.4853916085715582
2025-10-29,13327109,13237349,0,0,12957953,369156,0,0.0,370967.0,206142.0,475024.0,1881719.0,0.0,0.0,55440.0,0.0,370967.0,206142.0,530464.0,1881719.0,-1.648131268131599
2025-10-30,10950801,10689678,178276,0,10734056,216745,178276,0.016677395083612895,392718.0,633914.0,277978.0,1782017.0,0.0,0.0,0.0,0.0,392718.0,633914.0,277978.0,1782017.0,-0.7217942124498646
2025-10-31,5364268,4785912,573355,0,4785912,578356,573355,0.11980054798321657,0.0,370967.0,206142.0,2149230.0,0.0,0.0,0.0,0.0,0.0,370967.0,206142.0,2149230.0,1.2314682546254347
2025-11-03,3863678,3137223,611888,0,3137223,726455,611888,0.1950412211560284,0.0,392718.0,633914.0,2127204.0,0.0,0.0,0.0,0.0,0.0,392718.0,633914.0,2127204.0,1.3602572917256095
2025-11-04,5548201,5406361,141840,0,5029259,518942,141840,0.026235757058073433,178276.0,0.0,370967.0,1898077.0,0.0,0.0,0.0,0.0,178276.0,0.0,370967.0,1898077.0,-0.8496425931374051
2025-11-05,10992088,10528631,195311,0,10573009,419079,195311,0.018550463156087136,573355.0,0.0,392718.0,1700670.0,0.0,0.0,0.0,0.0,573355.0,0.0,392718.0,1700670.0,-0.5524782928695962
2025-11-06,9724171,9523911,157098,0,9564591,159580,157098,0.016495112512589366,611888.0,178276.0,0.0,1857768.0,0.0,0.0,0.0,0.0,611888.0,178276.0,0.0,1857768.0,-0.7027038356382592
2025-11-07,5348479,4595503,663539,0,4549171,799308,663539,0.14438873298772018,141840.0,573355.0,0.0,2521307.0,0.0,0.0,0.0,0.0,141840.0,573355.0,0.0,2521307.0,1.630811259124965
2025-11-10,3025188,2264481,712087,48620,2028942,996246,760707,0.33592980646346493,195311.0,611888.0,178276.0,3055118.0,0.0,0.0,0.0,48620.0,195311.0,611888.0,178276.0,3103738.0,2.0360620695884446
2025-11-11,181390,181390,0,0,181390,0,0,0.0,157098.0,141840.0,573355.0,2481763.0,0.0,0.0,0.0,48620.0,157098.0,141840.0,573355.0,2530383.0,-1.3455143631275466
2025-11-12,5105835,4752511,302669,0,4752511,353324,302669,0.06368610957741927,663539.0,195311.0,611888.0,2172544.0,0.0,0.0,0.0,48620.0,663539.0,195311.0,611888.0,2221164.0,0.01758922429566155
2025-11-13,6727011,6268289,244933,0,6308969,418042,244933,0.03907493112156585,712087.0,157098.0,141840.0,2275637.0,48620.0,0.0,0.0,48620.0,760707.0,157098.0,141840.0,2324257.0,-0.28552509179470154
2025-11-14,5529723,5437937,51106,0,5478617,51106,51106,0.009398047568765956,0.0,663539.0,195311.0,2131432.0,0.0,0.0,0.0,48620.0,0.0,663539.0,195311.0,2180052.0,-1.1770174513273475
2025-11-17,3331292,2737991,550872,0,2737991,593301,550872,0.20119562073227387,302669.0,712087.0,157098.0,2525206.0,0.0,48620.0,0.0,48620.0,302669.0,760707.0,157098.0,2573826.0,1.077863243269426
2025-11-18,2316667,1774431,490954,51282,1774431,542236,542236,0.30558285693675497,244933.0,0.0,663539.0,2352621.0,0.0,0.0,0.0,99902.0,244933.0,0.0,663539.0,2452523.0,0.9801625608158285
2025-11-19,8686928,8379248,307680,0,8239137,447791,307680,0.03671928116708311,51106.0,302669.0,712087.0,1948214.0,0.0,0.0,48620.0,51282.0,51106.0,302669.0,760707.0,1999496.0,-0.021985548997552784
2025-11-20,8469810,7915569,330477,0,7727212,742598,330477,0.04175024666574864,550872.0,244933.0,0.0,2278691.0,0.0,0.0,0.0,51282.0,550872.0,244933.0,0.0,2329973.0,0.08782953920996771
2025-11-21,7748113,7155601,500253,48620,7199240,548873,548873,0.07670535616709817,490954.0,51106.0,302669.0,2476275.0,51282.0,0.0,0.0,99902.0,542236.0,51106.0,302669.0,2576177.0,1.059243766817088
2025-11-24,2937382,2698271,191591,47520,2698271,239111,239111,0.08861634408984713,307680.0,550872.0,244933.0,2422933.0,0.0,0.0,0.0,147422.0,307680.0,550872.0,244933.0,2570355.0,-0.3864089973525514
2025-11-25,2902009,2697266,204743,0,2697266,204743,204743,0.07590757607607997,330477.0,490954.0,51106.0,2576570.0,0.0,51282.0,0.0,147422.0,330477.0,542236.0,51106.0,2723992.0,-0.5376640765063427
2025-11-26,13042975,12513374,250248,55440,12367982,674993,305688,0.02442890107584884,500253.0,307680.0,550872.0,2275946.0,48620.0,0.0,0.0,202862.0,548873.0,307680.0,550872.0,2478808.0,-0.0949978374777086
2025-11-27,700482,700482,0,0,700482,0,0,0.0,191591.0,330477.0,490954.0,1784992.0,47520.0,0.0,51282.0,151580.0,239111.0,330477.0,542236.0,1936572.0,-1.4336577768461791
2025-11-28,7195775,6922221,222881,0,6922221,273554,222881,0.032197898304908455,204743.0,500253.0,307680.0,1700193.0,0.0,48620.0,0.0,151580.0,204743.0,548873.0,307680.0,1851773.0,-0.43474735004821274
2025-12-01,3779303,3302752,435528,0,3343432,435871,435528,0.13186817179486326,250248.0,191591.0,330477.0,1805244.0,55440.0,47520.0,0.0,151580.0,305688.0,239111.0,330477.0,1956824.0,0.5560868647545103
2025-12-02,4238709,3514689,724020,0,3420087,818622,724020,0.20599825304649913,0.0,204743.0,500253.0,2029011.0,0.0,0.0,48620.0,102960.0,0.0,204743.0,548873.0,2131971.0,1.720860657762607
2025-12-03,8222785,7898949,323836,0,7803148,419637,323836,0.04099734774875142,222881.0,250248.0,191591.0,2161256.0,0.0,55440.0,47520.0,55440.0,222881.0,305688.0,239111.0,2216696.0,-0.04377031743928507
2025-12-04,12249756,11741084,233252,0,11781764,467992,233252,0.019866307074686878,435528.0,0.0,204743.0,2189765.0,0.0,0.0,0.0,55440.0,435528.0,0.0,204743.0,2245205.0,-0.39404841883509156
2025-12-05,8572996,8288280,147573,48620,8326001,246995,196193,0.023671132771680883,724020.0,222881.0,250248.0,2087090.0,0.0,0.0,55440.0,48620.0,724020.0,222881.0,305688.0,2135710.0,-0.5329630771393162
2025-12-08,3430196,2613389,763019,0,2613389,816807,763019,0.2919652252438404,323836.0,435528.0,0.0,2850109.0,0.0,0.0,0.0,48620.0,323836.0,435528.0,0.0,2898729.0,1.8435203661315496
2025-12-09,3278802,3020839,257963,0,2972927,305875,257963,0.08539445981912316,233252.0,724020.0,222881.0,2885191.0,0.0,0.0,0.0,48620.0,233252.0,724020.0,222881.0,2933811.0,-0.33919646151750904
2025-12-10,10348130,9701005,419621,48620,9656400,691730,468241,0.04826726217878847,147573.0,323836.0,435528.0,2869284.0,48620.0,0.0,0.0,97240.0,196193.0,323836.0,435528.0,2966524.0,0.5298139864188248
2025-12-11,7483542,7127446,317264,0,7118380,365162,317264,0.044512993221836654,763019.0,233252.0,724020.0,2462528.0,0.0,0.0,0.0,97240.0,763019.0,233252.0,724020.0,2559768.0,-0.17629750366109864
2025-12-12,3382188,2659572,675096,47520,2659572,722616,722616,0.2717037659804788,257963.0,147573.0,323836.0,2813788.0,0.0,48620.0,0.0,144760.0,257963.0,196193.0,323836.0,2958548.0,1.6055478432591472
2025-12-15,3367393,2318348,998372,0,2318348,1049045,998372,0.4306392178226833,419621.0,763019.0,233252.0,3578908.0,48620.0,0.0,0.0,144760.0,468241.0,763019.0,233252.0,3723668.0,2.499610805795818
2025-12-16,3638516,3482360,156156,0,3482360,156156,156156,0.04484199082174421,317264.0,257963.0,147573.0,3587491.0,0.0,0.0,48620.0,96140.0,317264.0,257963.0,196193.0,3683631.0,-0.8737938108412588
2025-12-17,11997002,11649109,152005,106128,11508100,488902,258133,0.02215903189170675,675096.0,419621.0,763019.0,2976477.0,47520.0,48620.0,0.0,202268.0,722616.0,468241.0,763019.0,3178745.0,-0.47588772948528074
2025-12-18,8921942,8093450,649694,0,8132282,789660,649694,0.08027403884943518,998372.0,317264.0,257963.0,3368208.0,0.0,0.0,0.0,202268.0,998372.0,317264.0,257963.0,3570476.0,1.030294281779659
2025-12-19,4346876,3578944,728506,0,3578944,767932,728506,0.20355328176320117,156156.0,675096.0,419621.0,3677093.0,0.0,47520.0,48620.0,153648.0,156156.0,722616.0,468241.0,3830741.0,1.3232041031794848
2025-12-21,47916,0,47916,0,0,47916,47916,47916.0,152005.0,998372.0,317264.0,3407745.0,106128.0,0.0,0.0,153648.0,258133.0,998372.0,317264.0,3561393.0,-1.2921609540723413
2025-12-22,2980312,1832801,1147511,0,1832801,1095151,1147511,0.6260965450714262,649694.0,156156.0,675096.0,3880160.0,0.0,0.0,47520.0,106128.0,649694.0,156156.0,722616.0,3986288.0,2.6590683567221247
2025-12-23,5229236,4593908,484894,57376,4584839,644397,542270,0.1180410844011059,728506.0,152005.0,998372.0,3366682.0,0.0,106128.0,0.0,163504.0,728506.0,258133.0,998372.0,3530186.0,0.44970516729449955
2025-12-24,5473064,5114898,219786,48620,5114898,358166,268406,0.05247532746980928,47916.0,649694.0,156156.0,3430312.0,0.0,0.0,0.0,212124.0,47916.0,649694.0,156156.0,3642436.0,-0.5395465514665835
2025-12-26,9399767,9300505,51722,0,9300505,99262,51722,0.0055612027990735126,1147511.0,728506.0,152005.0,3330029.0,0.0,0.0,106128.0,105996.0,1147511.0,728506.0,258133.0,3436025.0,-1.3208308645031657
2025-12-29,6901000,5988931,825123,48620,5800631,1100369,873743,0.1458929572083971,484894.0,47916.0,649694.0,3505458.0,57376.0,0.0,0.0,154616.0,542270.0,47916.0,649694.0,3660074.0,1.5406981738551264
2025-12-30,4338988,2815406,1475074,47520,2815406,1523582,1522594,0.5408077766376229,219786.0,1147511.0,728506.0,4252026.0,48620.0,0.0,0.0,202136.0,268406.0,1147511.0,728506.0,4454162.0,3.024441412053598
2025-12-31,4285585,3804520,300702,176473,3804520,481065,477175,0.1254231478811656,51722.0,484894.0,47916.0,4504812.0,0.0,57376.0,0.0,378609.0,51722.0,542270.0,47916.0,4883421.0,0.028539938287570434
2026-01-01,954030,954030,0,0,954030,0,0,0.0,825123.0,219786.0,1147511.0,3357301.0,48620.0,48620.0,0.0,378609.0,873743.0,268406.0,1147511.0,3735910.0,-1.2701461914787098
2026-01-02,4209009,3916925,96233,55440,3916925,292084,151673,0.03872245735558956,1475074.0,51722.0,484894.0,2968640.0,47520.0,0.0,57376.0,376673.0,1522594.0,51722.0,542270.0,3345313.0,-0.8025614379970222
2026-01-04,42768,42768,0,0,42768,0,0,0.0,300702.0,825123.0,219786.0,2748854.0,176473.0,48620.0,48620.0,328053.0,477175.0,873743.0,268406.0,3076907.0,-1.1752524576008856
2026-01-05,6705692,6407009,298683,0,6407009,298683,298683,0.0466181572995828,0.0,1475074.0,51722.0,2995815.0,0.0,47520.0,0.0,328053.0,0.0,1522594.0,51722.0,3323868.0,-0.37835487366914783
2026-01-06,5918297,5327852,542925,47520,5327852,590445,590445,0.11082231435439378,96233.0,300702.0,825123.0,2713617.0,55440.0,176473.0,48620.0,326953.0,151673.0,477175.0,873743.0,3040570.0,0.38752359013051113
2026-01-07,10054977,9036947,922878,56320,9075779,979198,979198,0.10835494461183134,0.0,0.0,1475074.0,2161421.0,0.0,0.0,47520.0,335753.0,0.0,0.0,1522594.0,2497174.0,1.345021534194114
2026-01-08,11769037,9227002,2199671,111652,8935909,2833128,2311323,0.25049552926340224,298683.0,96233.0,300702.0,4060390.0,0.0,55440.0,176473.0,270932.0,298683.0,151673.0,477175.0,4331322.0,3.5519114295738596
2026-01-09,5750143,5012979,543516,110220,5012979,737164,653736,0.1304086591209221,542925.0,0.0,0.0,4603906.0,47520.0,0.0,0.0,381152.0,590445.0,0.0,0.0,4985058.0,0.1948693204163115
2026-01-10,141689,141689,0,0,141689,0,0,0.0,922878.0,298683.0,96233.0,4507673.0,56320.0,0.0,55440.0,325712.0,979198.0,298683.0,151673.0,4833385.0,-1.0555846778901126
2026-01-11,198264,0,198264,0,0,198264,198264,198264.0,2199671.0,542925.0,0.0,4705937.0,111652.0,47520.0,0.0,325712.0,2311323.0,590445.0,0.0,5031649.0,-0.651652451828773
2026-01-12,5234491,2777388,2406430,0,2729487,2505004,2406430,0.8664360663918522,543516.0,922878.0,298683.0,6813684.0,110220.0,56320.0,0.0,325712.0,653736.0,979198.0,298683.0,7139396.0,2.966062974617904
2026-01-13,4191170,3755527,340854,56320,3707626,483544,397174,0.10575716650228677,0.0,2199671.0,542925.0,6611613.0,0.0,111652.0,47520.0,334512.0,0.0,2311323.0,590445.0,6946125.0,-0.34831862586583623
2026-01-14,10089430,8790344,1030123,268963,8698135,1391295,1299086,0.14778555335427676,198264.0,543516.0,922878.0,6718858.0,0.0,110220.0,56320.0,547155.0,198264.0,653736.0,979198.0,7266013.0,1.0901120953088197
2026-01-15,7171085,6575716,464007,92530,6614548,556537,556537,0.08463518122814592,2406430.0,0.0,2199671.0,4983194.0,0.0,0.0,111652.0,528033.0,2406430.0,0.0,2311323.0,5511227.0,-0.12905587813398803
2026-01-16,4879021,3468699,1028472,381751,3468699,1410223,1410223,0.4065566350505953,340854.0,198264.0,543516.0,5468150.0,56320.0,0.0,110220.0,799564.0,397174.0,198264.0,653736.0,6267714.0,1.1814769155777651
2026-01-19,43956,43956,0,0,43956,0,0,0.0,1030123.0,2406430.0,0.0,5468150.0,268963.0,0.0,0.0,799564.0,1299086.0,2406430.0,0.0,6267714.0,-1.02974592659071
2026-01-20,4328995,3307300,1015951,0,3307300,1021695,1015951,0.30718431736331225,464007.0,340854.0,198264.0,6285837.0,92530.0,56320.0,0.0,799564.0,556537.0,397174.0,198264.0,7085401.0,0.5454559841160137
2026-01-21,9039689,8340494,404562,208384,8340494,699195,612946,0.07349036238256842,1028472.0,1030123.0,2406430.0,4283969.0,381751.0,268963.0,0.0,1007948.0,1410223.0,1299086.0,2406430.0,5291917.0,-0.06360220721023253
2026-01-22,10754150,10309810,237318,168190,10208025,546125,405508,0.039332243820958505,0.0,464007.0,340854.0,4180433.0,0.0,92530.0,56320.0,1119818.0,0.0,556537.0,397174.0,5300251.0,-0.40507085746069404
2026-01-23,8363559,8168184,195375,0,8168184,195375,195375,0.023919022402161556,1015951.0,1028472.0,1030123.0,3345685.0,0.0,381751.0,268963.0,850855.0,1015951.0,1410223.0,1299086.0,4196540.0,-0.7321292428442934
2026-01-24,7128,7128,0,0,7128,0,0,0.0,404562.0,0.0,464007.0,2881678.0,208384.0,0.0,92530.0,758325.0,612946.0,0.0,556537.0,3640003.0,-0.9883419514451042
2026-01-25,131868,131868,0,0,131868,0,0,0.0,237318.0,1015951.0,1028472.0,1853206.0,168190.0,0.0,381751.0,376574.0,405508.0,1015951.0,1410223.0,2229780.0,-0.9360794579102945
2026-01-26,4781469,4187395,385910,168960,4187395,594074,554870,0.1325095596404066,195375.0,404562.0,0.0,2239116.0,0.0,208384.0,0.0,545534.0,195375.0,612946.0,0.0,2784650.0,-0.1171764256171419
2026-01-27,3934649,2864406,1010333,56320,2864406,1070243,1066653,0.3723817879232944,0.0,237318.0,1015951.0,2233498.0,0.0,168190.0,0.0,601854.0,0.0,405508.0,1015951.0,2835352.0,0.6800434933973245
2026-01-28,7206954,6767496,349817,56320,6767496,439458,406137,0.060012882163080386,0.0,195375.0,404562.0,2178753.0,0.0,0.0,208384.0,449790.0,0.0,195375.0,612946.0,2628543.0,-0.3363435131759144
2026-01-29,10736540,9155736,1175990,222460,9052189,1684351,1398450,0.15274029824141955,385910.0,0.0,237318.0,3117425.0,168960.0,0.0,168190.0,504060.0,554870.0,0.0,405508.0,3621485.0,1.1212887378341327
2026-01-30,8590208,7433662,939989,165898,7433662,1156546,1105887,0.1487674380719169,1010333.0,0.0,195375.0,3862039.0,56320.0,0.0,0.0,669958.0,1066653.0,0.0,195375.0,4531997.0,0.6282303415232885
2026-02-01,56320,0,0,56320,0,56320,56320,56320.0,349817.0,385910.0,0.0,3862039.0,56320.0,168960.0,0.0,726278.0,406137.0,554870.0,0.0,4588317.0,-0.9264263974707317
2026-02-02,3535261,1788829,1698912,47520,1743023,1792238,1746432,0.9762984744218288,1175990.0,1010333.0,0.0,5560951.0,222460.0,56320.0,0.0,773798.0,1398450.0,1066653.0,0.0,6334749.0,1.5910249277015
2026-02-03,4090787,3104817,765281,170016,3104817,985970,935297,0.30124052359912884,939989.0,349817.0,385910.0,5940322.0,165898.0,56320.0,168960.0,774854.0,1105887.0,406137.0,554870.0,6715176.0,0.36187234634235477
2026-02-04,8262870,7725901,283318,170069,7675672,587198,453387,0.05868402161974097,0.0,1175990.0,1010333.0,5213307.0,56320.0,222460.0,56320.0,888603.0,56320.0,1398450.0,1066653.0,6101910.0,-0.3829336747660027
2026-02-05,8344746,7579023,605396,115949,7623401,721345,721345,0.09517650293758141,1698912.0,939989.0,349817.0,5468886.0,47520.0,165898.0,56320.0,948232.0,1746432.0,1105887.0,406137.0,6417118.0,-0.006900787377900387
2026-02-06,3953161,2147138,1322708,437870,2147138,1806023,1760578,0.8199646133762183,765281.0,0.0,1175990.0,5615604.0,170016.0,56320.0,222460.0,1163642.0,935297.0,56320.0,1398450.0,6779246.0,1.4675031911501408
2026-02-09,3158735,1905117,1096344,110227,1905117,1253618,1206571,0.6333313736996868,283318.0,1698912.0,939989.0,5771959.0,170069.0,47520.0,165898.0,1107971.0,453387.0,1746432.0,1105887.0,6879930.0,0.5910053463952725
2026-02-10,2768105,1995430,509038,211541,1995430,772675,720579,0.36111446599757147,605396.0,765281.0,0.0,6280997.0,115949.0,170016.0,56320.0,1263192.0,721345.0,935297.0,56320.0,7544189.0,-0.14893419574269298
2026-02-11,9509016,8144747,847386,344683,8185427,1323589,1192069,0.1463604521588636,1322708.0,283318.0,1698912.0,5429471.0,437870.0,170069.0,47520.0,1560355.0,1760578.0,453387.0,1746432.0,6989826.0,0.550372057202652
2026-02-12,5335945,4817495,406934,111516,4721696,614249,518450,0.10761814851532829,1096344.0,605396.0,765281.0,5071124.0,110227.0,115949.0,170016.0,1501855.0,1206571.0,721345.0,935297.0,6572979.0,-0.4103404355498758
2026-02-13,4130900,2807958,1050254,272688,2715749,1415151,1322942,0.4711400700651256,509038.0,1322708.0,283318.0,5838060.0,211541.0,437870.0,170069.0,1604474.0,720579.0,1760578.0,453387.0,7442534.0,0.8721987520423347
2026-02-14,50204,0,50204,0,0,50204,50204,50204.0,847386.0,1096344.0,605396.0,5282868.0,344683.0,110227.0,115949.0,1488525.0,1192069.0,1206571.0,721345.0,6771393.0,-1.2130015468289816
2026-02-15,47520,47520,0,0,47520,0,0,0.0,406934.0,509038.0,1322708.0,3960160.0,111516.0,211541.0,437870.0,1050655.0,518450.0,720579.0,1760578.0,5010815.0,-1.2685164089089314
2026-02-17,3626203,2082181,1430616,54589,2082181,1544022,1485205,0.7132925940191588,1050254.0,847386.0,1096344.0,4294432.0,272688.0,344683.0,110227.0,995017.0,1322942.0,1192069.0,1206571.0,5289449.0,1.3211704149404357
2026-02-18,4187910,3164261,623742,334268,3164261,1023649,958010,0.30275937959625343,50204.0,406934.0,509038.0,4409136.0,0.0,111516.0,211541.0,1117744.0,50204.0,518450.0,720579.0,5526880.0,0.3378063851016221
2026-02-19,6192093,5522014,368081,222849,5466897,725196,590930,0.10701347243714478,0.0,1050254.0,847386.0,3929831.0,0.0,272688.0,344683.0,995910.0,0.0,1322942.0,1192069.0,4925741.0,-0.28975072648338696
2026-02-20,7557987,6850277,550689,112640,6890957,666075,663329,0.09683242052366342,1430616.0,50204.0,406934.0,4073586.0,54589.0,0.0,111516.0,997034.0,1485205.0,50204.0,518450.0,5070620.0,-0.16323175791707434
2026-02-21,435490,435490,0,0,435490,0,0,0.0,623742.0,0.0,1050254.0,3023332.0,334268.0,0.0,272688.0,724346.0,958010.0,0.0,1322942.0,3747678.0,-1.2955535350962468
2026-02-22,60742,0,0,60742,0,60742,60742,60742.0,368081.0,1430616.0,50204.0,2973128.0,222849.0,54589.0,0.0,785088.0,590930.0,1485205.0,50204.0,3758216.0,-1.1933357347998637
2026-02-23,3311403,2991998,147673,54120,2855189,456214,201793,0.06744420703349166,550689.0,623742.0,0.0,3120801.0,112640.0,334268.0,0.0,839208.0,663329.0,958010.0,0.0,3960009.0,-0.8756276226261266
2026-02-24,2125288,1645149,200299,279840,1549348,575940,480139,0.2918511989788165,0.0,368081.0,1430616.0,1890484.0,0.0,222849.0,54589.0,1064459.0,0.0,590930.0,1485205.0,2954943.0,-0.35677409162567014
2026-02-25,7600675,6328912,934723,337040,6328912,1271763,1271763,0.2009449331978493,0.0,550689.0,623742.0,2201465.0,60742.0,112640.0,334268.0,1067231.0,60742.0,663329.0,958010.0,3268696.0,1.0229276824403053
2026-02-26,10807687,8758056,1224025,540408,8851206,1955962,1764433,0.2014639776836346,147673.0,0.0,368081.0,3057409.0,54120.0,0.0,222849.0,1384790.0,201793.0,0.0,590930.0,4442199.0,1.7417032837941224
2026-02-27,7571683,6339986,1152075,0,6339986,1231697,1152075,0.18171567228765612,200299.0,0.0,550689.0,3658795.0,279840.0,60742.0,112640.0,1272150.0,480139.0,60742.0,663329.0,4930945.0,0.6324366321789842
2026-03-02,4467506,2473158,1939621,54727,2473158,1994348,1994348,0.8063970007589484,934723.0,147673.0,0.0,5598416.0,337040.0,54120.0,0.0,1326877.0,1271763.0,201793.0,0.0,6925293.0,1.9364618693029654
2026-03-03,3220544,2448343,519674,225984,2448343,772201,745658,0.30455605911587585,1224025.0,200299.0,0.0,6118090.0,540408.0,279840.0,60742.0,1492119.0,1764433.0,480139.0,60742.0,7610209.0,-0.20936937731481947
2026-03-04,7346814,6594124,334039,275367,6646594,698548,609406,0.0924165071180786,1152075.0,934723.0,147673.0,6304456.0,0.0,337040.0,54120.0,1713366.0,1152075.0,1271763.0,201793.0,8017822.0,-0.416615768767826
2026-03-05,7262343,6144285,638496,335104,6141942,1120401,973600,0.15845616561468656,1939621.0,1224025.0,200299.0,6742653.0,54727.0,540408.0,279840.0,1768630.0,1994348.0,1764433.0,480139.0,8511283.0,0.1770896773445442
2026-03-06,4083677,2370063,1513960,156875,2323658,1760019,1670835,0.7049746335963923,519674.0,1152075.0,934723.0,7321890.0,225984.0,0.0,337040.0,1588465.0,745658.0,1152075.0,1271763.0,8910355.0,1.3440003637713287
2026-03-07,62964,62964,0,0,62964,0,0,0.0,334039.0,1939621.0,1224025.0,6097865.0,275367.0,54727.0,540408.0,1048057.0,609406.0,1994348.0,1764433.0,7145922.0,-1.3878227599856756
2026-03-09,3161638,1853179,1249552,56320,1807738,1353900,1305872,0.7046654939077693,638496.0,519674.0,1152075.0,6195342.0,335104.0,225984.0,0.0,1104377.0,973600.0,745658.0,1152075.0,7299719.0,0.7073846127789609
2026-03-10,2666663,1963723,489841,113168,1869413,797250,603009,0.3070742120583137,1513960.0,334039.0,1939621.0,4745562.0,156875.0,275367.0,54727.0,1162818.0,1670835.0,609406.0,1994348.0,5908380.0,-0.42532205410437146
2026-03-11,6725136,5866382,305219,553535,5866382,858754,858754,0.14638560080376614,0.0,638496.0,519674.0,4531107.0,0.0,335104.0,225984.0,1490369.0,0.0,973600.0,745658.0,6021476.0,0.024789258122762538
2026-03-12,6763760,6134372,568914,53447,6134372,629388,622361,0.10145470449873198,1249552.0,1513960.0,334039.0,4765982.0,56320.0,156875.0,275367.0,1268449.0,1305872.0,1670835.0,609406.0,6034431.0,-0.39932609426433535
2026-03-13,3315888,1999628,1316260,0,1999628,1316260,1316260,0.6582521057656195,489841.0,0.0,638496.0,5443746.0,113168.0,0.0,335104.0,933345.0,603009.0,0.0,973600.0,6377091.0,0.7745539436048755
2026-03-16,2906010,1367858,1283115,216568,1238289,1667721,1499683,1.0963725062305398,305219.0,1249552.0,1513960.0,5212901.0,553535.0,56320.0,156875.0,993038.0,858754.0,1305872.0,1670835.0,6205939.0,1.1317003794185798
