date,zona_key,zona,lat,lon,pct_prod,lluvia_mm,tmax,tmin,lluvia_3d,lluvia_7d,lluvia_14d,dias_lluvia_consec,evento_lluvia
2018-01-01,tuxtepec,"Tuxtepec, Oax.",18.0833,-96.1167,16,0.95,22.83,14.24,0.95,0.95,0.95,0,0
2018-01-02,tuxtepec,"Tuxtepec, Oax.",18.0833,-96.1167,16,0.5,17.87,13.07,1.45,1.45,1.45,0,0
2018-01-03,tuxtepec,"Tuxtepec, Oax.",18.0833,-96.1167,16,0.03,16.35,11.51,1.48,1.48,1.48,0,0
2018-01-04,tuxtepec,"Tuxtepec, Oax.",18.0833,-96.1167,16,0.17,16.03,11.39,0.7,1.65,1.65,0,0
2018-01-05,tuxtepec,"Tuxtepec, Oax.",18.0833,-96.1167,16,0.72,20.09,12.09,0.9199999999999999,2.37,2.37,0,0
2018-01-06,tuxtepec,"Tuxtepec, Oax.",18.0833,-96.1167,16,1.62,21.0,14.69,2.51,3.99,3.99,0,0
2018-01-07,tuxtepec,"Tuxtepec, Oax.",18.0833,-96.1167,16,0.05,22.8,15.68,2.39,4.04,4.04,0,0
2018-01-08,tuxtepec,"Tuxtepec, Oax.",18.0833,-96.1167,16,0.0,23.27,15.03,1.6700000000000002,3.09,4.04,0,0
2018-01-09,tuxtepec,"Tuxtepec, Oax.",18.0833,-96.1167,16,0.0,21.9,14.95,0.05,2.59,4.04,0,0
2018-01-10,tuxtepec,"Tuxtepec, Oax.",18.0833,-96.1167,16,0.0,23.92,13.49,0.0,2.56,4.04,0,0
2018-01-11,tuxtepec,"Tuxtepec, Oax.",18.0833,-96.1167,16,0.0,29.47,15.01,0.0,2.39,4.04,0,0
2018-01-12,tuxtepec,"Tuxtepec, Oax.",18.0833,-96.1167,16,0.42,19.51,11.91,0.42,2.09,4.46,0,0
2018-01-13,tuxtepec,"Tuxtepec, Oax.",18.0833,-96.1167,16,3.53,18.34,9.38,3.9499999999999997,4.0,7.99,0,0
2018-01-14,tuxtepec,"Tuxtepec, Oax.",18.0833,-96.1167,16,2.46,16.49,12.72,6.41,6.41,10.45,0,0
2018-01-15,tuxtepec,"Tuxtepec, Oax.",18.0833,-96.1167,16,0.35,18.15,12.34,6.34,6.76,9.85,0,0
2018-01-16,tuxtepec,"Tuxtepec, Oax.",18.0833,-96.1167,16,0.91,19.34,13.42,3.7199999999999998,7.67,10.26,0,0
2018-01-17,tuxtepec,"Tuxtepec, Oax.",18.0833,-96.1167,16,1.65,15.44,11.43,2.91,9.32,11.879999999999999,0,0
2018-01-18,tuxtepec,"Tuxtepec, Oax.",18.0833,-96.1167,16,0.19,15.43,11.37,2.75,9.51,11.899999999999999,0,0
2018-01-19,tuxtepec,"Tuxtepec, Oax.",18.0833,-96.1167,16,0.24,20.57,13.36,2.08,9.33,11.42,0,0
2018-01-20,tuxtepec,"Tuxtepec, Oax.",18.0833,-96.1167,16,1.33,23.16,14.99,1.76,7.13,11.129999999999999,0,0
2018-01-21,tuxtepec,"Tuxtepec, Oax.",18.0833,-96.1167,16,0.08,24.8,16.31,1.6500000000000001,4.75,11.16,0,0
2018-01-22,tuxtepec,"Tuxtepec, Oax.",18.0833,-96.1167,16,0.08,26.24,17.93,1.49,4.48,11.24,0,0
2018-01-23,tuxtepec,"Tuxtepec, Oax.",18.0833,-96.1167,16,2.64,21.61,16.18,2.8,6.210000000000001,13.88,0,0
2018-01-24,tuxtepec,"Tuxtepec, Oax.",18.0833,-96.1167,16,9.1,20.93,14.78,11.82,13.66,22.98,1,0
2018-01-25,tuxtepec,"Tuxtepec, Oax.",18.0833,-96.1167,16,19.84,17.44,14.43,31.58,33.31,42.82,2,0
2018-01-26,tuxtepec,"Tuxtepec, Oax.",18.0833,-96.1167,16,4.43,22.22,15.0,33.37,37.5,46.83,0,0
2018-01-27,tuxtepec,"Tuxtepec, Oax.",18.0833,-96.1167,16,1.44,23.65,16.43,25.709999999999997,37.61,44.739999999999995,0,0
2018-01-28,tuxtepec,"Tuxtepec, Oax.",18.0833,-96.1167,16,8.26,20.93,17.09,14.129999999999999,45.79,50.53999999999999,1,0
2018-01-29,tuxtepec,"Tuxtepec, Oax.",18.0833,-96.1167,16,17.34,20.06,14.68,27.04,63.05,67.53,2,0
2018-01-30,tuxtepec,"Tuxtepec, Oax.",18.0833,-96.1167,16,0.37,16.12,12.3,25.97,60.78,66.99000000000001,0,0
2018-01-31,tuxtepec,"Tuxtepec, Oax.",18.0833,-96.1167,16,0.02,20.72,11.3,17.73,51.699999999999996,65.36,0,0
2018-02-01,tuxtepec,"Tuxtepec, Oax.",18.0833,-96.1167,16,0.0,23.14,15.01,0.39,31.859999999999996,65.17,0,0
2018-02-02,tuxtepec,"Tuxtepec, Oax.",18.0833,-96.1167,16,2.86,22.65,15.83,2.88,30.289999999999996,67.78999999999999,0,0
2018-02-03,tuxtepec,"Tuxtepec, Oax.",18.0833,-96.1167,16,0.74,24.0,16.26,3.5999999999999996,29.589999999999993,67.19999999999999,0,0
2018-02-04,tuxtepec,"Tuxtepec, Oax.",18.0833,-96.1167,16,0.0,25.9,17.44,3.5999999999999996,21.329999999999995,67.11999999999999,0,0
2018-02-05,tuxtepec,"Tuxtepec, Oax.",18.0833,-96.1167,16,0.18,25.84,17.94,0.9199999999999999,4.169999999999996,67.22,0,0
2018-02-06,tuxtepec,"Tuxtepec, Oax.",18.0833,-96.1167,16,0.13,25.83,17.65,0.31,3.929999999999996,64.71,0,0
2018-02-07,tuxtepec,"Tuxtepec, Oax.",18.0833,-96.1167,16,0.45,25.83,18.84,0.76,4.359999999999996,56.06,0,0
2018-02-08,tuxtepec,"Tuxtepec, Oax.",18.0833,-96.1167,16,18.75,20.08,15.75,19.33,23.109999999999996,54.97,1,0
2018-02-09,tuxtepec,"Tuxtepec, Oax.",18.0833,-96.1167,16,5.09,22.91,15.85,24.29,25.339999999999996,55.629999999999995,2,0
2018-02-10,tuxtepec,"Tuxtepec, Oax.",18.0833,-96.1167,16,0.03,25.56,16.93,23.869999999999997,24.629999999999995,54.22,0,0
2018-02-11,tuxtepec,"Tuxtepec, Oax.",18.0833,-96.1167,16,0.14,29.05,19.61,5.259999999999996,24.769999999999996,46.099999999999994,0,0
2018-02-12,tuxtepec,"Tuxtepec, Oax.",18.0833,-96.1167,16,6.15,22.36,16.88,6.319999999999997,30.739999999999995,34.91,1,0
2018-02-13,tuxtepec,"Tuxtepec, Oax.",18.0833,-96.1167,16,5.66,22.99,16.61,11.949999999999996,36.269999999999996,40.2,2,0
2018-02-14,tuxtepec,"Tuxtepec, Oax.",18.0833,-96.1167,16,7.83,23.12,16.96,19.639999999999997,43.64999999999999,48.01,3,0
2018-02-15,tuxtepec,"Tuxtepec, Oax.",18.0833,-96.1167,16,0.88,25.1,17.23,14.369999999999997,25.779999999999998,48.89,0,0
2018-02-16,tuxtepec,"Tuxtepec, Oax.",18.0833,-96.1167,16,0.0,26.2,17.62,8.709999999999997,20.689999999999998,46.03,0,0
2018-02-17,tuxtepec,"Tuxtepec, Oax.",18.0833,-96.1167,16,0.0,26.01,18.36,0.8799999999999965,20.659999999999997,45.29,0,0
2018-02-18,tuxtepec,"Tuxtepec, Oax.",18.0833,-96.1167,16,0.23,25.52,18.02,0.22999999999999646,20.749999999999996,45.519999999999996,0,0
2018-02-19,tuxtepec,"Tuxtepec, Oax.",18.0833,-96.1167,16,0.3,27.24,18.94,0.5299999999999965,14.899999999999997,45.64,0,0
2018-02-20,tuxtepec,"Tuxtepec, Oax.",18.0833,-96.1167,16,0.29,29.26,19.92,0.8199999999999964,9.529999999999996,45.800000000000004,0,0
2018-02-21,tuxtepec,"Tuxtepec, Oax.",18.0833,-96.1167,16,0.08,28.86,19.62,0.6699999999999964,1.7799999999999965,45.43,0,0
2018-02-22,tuxtepec,"Tuxtepec, Oax.",18.0833,-96.1167,16,0.22,27.57,18.52,0.5899999999999963,1.1199999999999966,26.9,0,0
2018-02-23,tuxtepec,"Tuxtepec, Oax.",18.0833,-96.1167,16,0.31,26.97,18.93,0.6099999999999963,1.4299999999999964,22.12,0,0
2018-02-24,tuxtepec,"Tuxtepec, Oax.",18.0833,-96.1167,16,0.12,29.08,19.07,0.6499999999999964,1.5499999999999965,22.21,0,0
2018-02-25,tuxtepec,"Tuxtepec, Oax.",18.0833,-96.1167,16,0.0,30.05,19.97,0.4299999999999964,1.3199999999999965,22.07,0,0
2018-02-26,tuxtepec,"Tuxtepec, Oax.",18.0833,-96.1167,16,2.01,28.79,19.75,2.1299999999999963,3.0299999999999963,17.93,0,0
2018-02-27,tuxtepec,"Tuxtepec, Oax.",18.0833,-96.1167,16,0.38,28.07,19.06,2.389999999999996,3.119999999999996,12.65,0,0
2018-02-28,tuxtepec,"Tuxtepec, Oax.",18.0833,-96.1167,16,0.0,28.83,18.62,2.389999999999996,3.039999999999996,4.82,0,0
2018-03-01,tuxtepec,"Tuxtepec, Oax.",18.0833,-96.1167,16,0.05,32.24,18.42,0.42999999999999644,2.8699999999999966,3.99,0,0
2018-03-02,tuxtepec,"Tuxtepec, Oax.",18.0833,-96.1167,16,0.54,25.98,19.15,0.5899999999999965,3.0999999999999965,4.53,0,0
2018-03-03,tuxtepec,"Tuxtepec, Oax.",18.0833,-96.1167,16,0.03,26.87,18.22,0.6199999999999966,3.0099999999999962,4.5600000000000005,0,0
2018-03-04,tuxtepec,"Tuxtepec, Oax.",18.0833,-96.1167,16,0.0,28.41,18.27,0.5699999999999965,3.0099999999999962,4.33,0,0
2018-03-05,tuxtepec,"Tuxtepec, Oax.",18.0833,-96.1167,16,0.0,29.35,19.98,0.029999999999996446,0.9999999999999966,4.03,0,0
2018-03-06,tuxtepec,"Tuxtepec, Oax.",18.0833,-96.1167,16,0.01,29.85,20.47,0.009999999999996447,0.6299999999999966,3.75,0,0
2018-03-07,tuxtepec,"Tuxtepec, Oax.",18.0833,-96.1167,16,1.75,26.3,18.75,1.7599999999999965,2.3799999999999963,5.42,0,0
2018-03-08,tuxtepec,"Tuxtepec, Oax.",18.0833,-96.1167,16,0.17,26.2,17.69,1.9299999999999964,2.499999999999997,5.369999999999999,0,0
2018-03-09,tuxtepec,"Tuxtepec, Oax.",18.0833,-96.1167,16,0.05,29.29,18.79,1.9699999999999964,2.0099999999999967,5.11,0,0
2018-03-10,tuxtepec,"Tuxtepec, Oax.",18.0833,-96.1167,16,0.03,31.59,20.49,0.24999999999999645,2.0099999999999967,5.02,0,0
2018-03-11,tuxtepec,"Tuxtepec, Oax.",18.0833,-96.1167,16,0.0,33.07,21.45,0.07999999999999645,2.0099999999999967,5.02,0,0
2018-03-12,tuxtepec,"Tuxtepec, Oax.",18.0833,-96.1167,16,7.46,26.45,18.04,7.489999999999997,9.469999999999997,10.469999999999999,1,0
2018-03-13,tuxtepec,"Tuxtepec, Oax.",18.0833,-96.1167,16,4.57,26.61,17.55,12.029999999999998,14.029999999999998,14.66,0,0
2018-03-14,tuxtepec,"Tuxtepec, Oax.",18.0833,-96.1167,16,5.07,25.97,18.65,17.099999999999998,17.349999999999998,19.73,1,0
2018-03-15,tuxtepec,"Tuxtepec, Oax.",18.0833,-96.1167,16,1.02,29.02,18.49,10.659999999999997,18.199999999999996,20.7,0,0
2018-03-16,tuxtepec,"Tuxtepec, Oax.",18.0833,-96.1167,16,0.34,32.02,20.34,6.429999999999997,18.49,20.5,0,0
2018-03-17,tuxtepec,"Tuxtepec, Oax.",18.0833,-96.1167,16,0.13,32.23,21.43,1.4899999999999964,18.589999999999996,20.599999999999998,0,0
2018-03-18,tuxtepec,"Tuxtepec, Oax.",18.0833,-96.1167,16,0.01,33.84,22.77,0.4799999999999965,18.599999999999998,20.61,0,0
2018-03-19,tuxtepec,"Tuxtepec, Oax.",18.0833,-96.1167,16,0.0,35.23,22.47,0.13999999999999646,11.139999999999997,20.61,0,0
2018-03-20,tuxtepec,"Tuxtepec, Oax.",18.0833,-96.1167,16,0.12,30.22,21.31,0.12999999999999645,6.689999999999997,20.72,0,0
2018-03-21,tuxtepec,"Tuxtepec, Oax.",18.0833,-96.1167,16,4.67,28.39,20.09,4.7899999999999965,6.2899999999999965,23.64,0,0
2018-03-22,tuxtepec,"Tuxtepec, Oax.",18.0833,-96.1167,16,3.64,26.74,19.02,8.429999999999996,8.909999999999997,27.11,0,0
2018-03-23,tuxtepec,"Tuxtepec, Oax.",18.0833,-96.1167,16,2.97,28.48,19.39,11.279999999999998,11.539999999999996,30.03,0,0
2018-03-24,tuxtepec,"Tuxtepec, Oax.",18.0833,-96.1167,16,0.08,31.38,19.74,6.689999999999997,11.489999999999997,30.080000000000002,0,0
2018-03-25,tuxtepec,"Tuxtepec, Oax.",18.0833,-96.1167,16,0.0,32.61,20.06,3.0499999999999967,11.479999999999995,30.080000000000002,0,0
2018-03-26,tuxtepec,"Tuxtepec, Oax.",18.0833,-96.1167,16,0.0,34.56,21.86,0.07999999999999645,11.479999999999995,22.62,0,0
2018-03-27,tuxtepec,"Tuxtepec, Oax.",18.0833,-96.1167,16,0.0,35.02,21.88,0.0,11.359999999999996,18.05,0,0
2018-03-28,tuxtepec,"Tuxtepec, Oax.",18.0833,-96.1167,16,0.0,36.95,22.83,0.0,6.689999999999997,12.979999999999999,0,0
2018-03-29,tuxtepec,"Tuxtepec, Oax.",18.0833,-96.1167,16,2.6,35.94,21.66,2.5999999999999965,5.649999999999997,14.56,0,0
2018-03-30,tuxtepec,"Tuxtepec, Oax.",18.0833,-96.1167,16,5.81,27.38,18.35,8.409999999999997,8.489999999999997,20.03,1,0
2018-03-31,tuxtepec,"Tuxtepec, Oax.",18.0833,-96.1167,16,1.32,28.69,18.4,9.729999999999995,9.729999999999995,21.22,0,0
2018-04-01,tuxtepec,"Tuxtepec, Oax.",18.0833,-96.1167,16,0.01,31.91,18.53,7.139999999999996,9.739999999999995,21.22,0,0
2018-04-02,tuxtepec,"Tuxtepec, Oax.",18.0833,-96.1167,16,0.0,33.05,20.03,1.3299999999999956,9.739999999999995,21.22,0,0
2018-04-03,tuxtepec,"Tuxtepec, Oax.",18.0833,-96.1167,16,0.02,37.13,20.72,0.029999999999995558,9.759999999999996,21.12,0,0
2018-04-04,tuxtepec,"Tuxtepec, Oax.",18.0833,-96.1167,16,14.82,30.67,22.31,14.839999999999996,24.58,31.27,1,0
2018-04-05,tuxtepec,"Tuxtepec, Oax.",18.0833,-96.1167,16,2.87,31.15,20.43,17.709999999999997,24.849999999999994,30.5,0,0
2018-04-06,tuxtepec,"Tuxtepec, Oax.",18.0833,-96.1167,16,1.62,33.33,21.16,19.309999999999995,20.659999999999997,29.15,0,0
2018-04-07,tuxtepec,"Tuxtepec, Oax.",18.0833,-96.1167,16,0.18,38.3,22.75,4.669999999999996,19.519999999999996,29.25,0,0
2018-04-08,tuxtepec,"Tuxtepec, Oax.",18.0833,-96.1167,16,0.69,32.24,22.09,2.4899999999999967,20.2,29.939999999999998,0,0
2018-04-09,tuxtepec,"Tuxtepec, Oax.",18.0833,-96.1167,16,0.04,37.4,22.27,0.9099999999999964,20.24,29.979999999999997,0,0
2018-04-10,tuxtepec,"Tuxtepec, Oax.",18.0833,-96.1167,16,29.06,30.52,21.81,29.789999999999996,49.279999999999994,59.03999999999999,1,1
2018-04-11,tuxtepec,"Tuxtepec, Oax.",18.0833,-96.1167,16,15.55,27.43,20.32,44.64999999999999,50.00999999999999,74.59,2,0
2018-04-12,tuxtepec,"Tuxtepec, Oax.",18.0833,-96.1167,16,1.01,30.35,19.71,45.62,48.15,73.0,0,0
2018-04-13,tuxtepec,"Tuxtepec, Oax.",18.0833,-96.1167,16,0.66,35.77,22.45,17.22,47.19,67.85,0,0
2018-04-14,tuxtepec,"Tuxtepec, Oax.",18.0833,-96.1167,16,6.15,37.91,19.47,7.819999999999997,53.16,72.67999999999999,1,0
2018-04-15,tuxtepec,"Tuxtepec, Oax.",18.0833,-96.1167,16,5.89,26.65,17.32,12.699999999999996,58.35999999999999,78.56,2,0
2018-04-16,tuxtepec,"Tuxtepec, Oax.",18.0833,-96.1167,16,0.0,27.29,15.36,12.039999999999996,58.31999999999999,78.56,0,0
2018-04-17,tuxtepec,"Tuxtepec, Oax.",18.0833,-96.1167,16,0.0,29.18,17.44,5.889999999999996,29.259999999999998,78.53999999999999,0,0
2018-04-18,tuxtepec,"Tuxtepec, Oax.",18.0833,-96.1167,16,0.0,32.08,18.85,0.0,13.709999999999997,63.72,0,0
2018-04-19,tuxtepec,"Tuxtepec, Oax.",18.0833,-96.1167,16,0.98,29.53,19.48,0.9799999999999964,13.679999999999996,61.83,0,0
2018-04-20,tuxtepec,"Tuxtepec, Oax.",18.0833,-96.1167,16,2.92,29.14,19.09,3.8999999999999964,15.939999999999996,63.129999999999995,0,0
2018-04-21,tuxtepec,"Tuxtepec, Oax.",18.0833,-96.1167,16,0.24,33.58,20.47,4.139999999999996,10.029999999999996,63.19,0,0
2018-04-22,tuxtepec,"Tuxtepec, Oax.",18.0833,-96.1167,16,0.24,33.16,22.55,3.3999999999999964,4.379999999999996,62.739999999999995,0,0
2018-04-23,tuxtepec,"Tuxtepec, Oax.",18.0833,-96.1167,16,0.34,31.31,22.41,0.8199999999999965,4.719999999999996,63.04,0,0
2018-04-24,tuxtepec,"Tuxtepec, Oax.",18.0833,-96.1167,16,4.09,32.37,21.63,4.669999999999996,8.809999999999995,38.07000000000001,0,0
2018-04-25,tuxtepec,"Tuxtepec, Oax.",18.0833,-96.1167,16,4.13,32.73,22.48,8.559999999999995,12.939999999999996,26.65,0,0
2018-04-26,tuxtepec,"Tuxtepec, Oax.",18.0833,-96.1167,16,15.21,29.14,21.97,23.429999999999996,27.169999999999995,40.849999999999994,1,0
2018-04-27,tuxtepec,"Tuxtepec, Oax.",18.0833,-96.1167,16,10.65,30.14,20.91,29.989999999999995,34.9,50.84,2,0
2018-04-28,tuxtepec,"Tuxtepec, Oax.",18.0833,-96.1167,16,5.86,29.81,20.53,31.72,40.519999999999996,50.55,3,0
2018-04-29,tuxtepec,"Tuxtepec, Oax.",18.0833,-96.1167,16,1.53,30.15,20.64,18.039999999999996,41.809999999999995,46.190000000000005,0,0
2018-04-30,tuxtepec,"Tuxtepec, Oax.",18.0833,-96.1167,16,1.46,30.13,20.85,8.849999999999996,42.93,47.650000000000006,0,0
2018-05-01,tuxtepec,"Tuxtepec, Oax.",18.0833,-96.1167,16,2.2,32.47,22.88,5.189999999999997,41.03999999999999,49.85,0,0
2018-05-02,tuxtepec,"Tuxtepec, Oax.",18.0833,-96.1167,16,1.19,31.6,24.15,4.849999999999996,38.1,51.040000000000006,0,0
2018-05-03,tuxtepec,"Tuxtepec, Oax.",18.0833,-96.1167,16,0.45,31.95,23.71,3.8399999999999967,23.34,50.51,0,0
2018-05-04,tuxtepec,"Tuxtepec, Oax.",18.0833,-96.1167,16,2.08,32.72,21.94,3.7199999999999966,14.769999999999998,49.669999999999995,0,0
2018-05-05,tuxtepec,"Tuxtepec, Oax.",18.0833,-96.1167,16,3.11,30.2,21.04,5.639999999999997,12.019999999999996,52.540000000000006,0,0
2018-05-06,tuxtepec,"Tuxtepec, Oax.",18.0833,-96.1167,16,4.64,29.0,20.46,9.829999999999995,15.129999999999995,56.94,0,0
2018-05-07,tuxtepec,"Tuxtepec, Oax.",18.0833,-96.1167,16,2.89,28.85,20.26,10.639999999999995,16.56,59.489999999999995,0,0
2018-05-08,tuxtepec,"Tuxtepec, Oax.",18.0833,-96.1167,16,1.37,29.47,20.26,8.899999999999997,15.729999999999997,56.77,0,0
2018-05-09,tuxtepec,"Tuxtepec, Oax.",18.0833,-96.1167,16,5.46,26.39,19.79,9.719999999999995,19.999999999999996,58.099999999999994,1,0
2018-05-10,tuxtepec,"Tuxtepec, Oax.",18.0833,-96.1167,16,11.42,26.4,21.12,18.249999999999993,30.97,54.31,2,0
2018-05-11,tuxtepec,"Tuxtepec, Oax.",18.0833,-96.1167,16,3.96,31.9,21.52,20.839999999999993,32.849999999999994,47.62,0,0
2018-05-12,tuxtepec,"Tuxtepec, Oax.",18.0833,-96.1167,16,0.97,34.92,23.13,16.349999999999994,30.709999999999997,42.73,0,0
2018-05-13,tuxtepec,"Tuxtepec, Oax.",18.0833,-96.1167,16,3.98,33.71,23.82,8.909999999999995,30.049999999999997,45.18,0,0
2018-05-14,tuxtepec,"Tuxtepec, Oax.",18.0833,-96.1167,16,9.3,31.02,22.8,14.249999999999996,36.459999999999994,53.019999999999996,1,0
2018-05-15,tuxtepec,"Tuxtepec, Oax.",18.0833,-96.1167,16,0.41,32.47,22.16,13.689999999999996,35.5,51.230000000000004,0,0
2018-05-16,tuxtepec,"Tuxtepec, Oax.",18.0833,-96.1167,16,2.74,31.61,22.26,12.449999999999998,32.78,52.78,0,0
2018-05-17,tuxtepec,"Tuxtepec, Oax.",18.0833,-96.1167,16,0.51,32.4,21.57,3.6599999999999966,21.869999999999997,52.84,0,0
2018-05-18,tuxtepec,"Tuxtepec, Oax.",18.0833,-96.1167,16,0.0,33.54,20.87,3.2499999999999964,17.91,50.760000000000005,0,0
2018-05-19,tuxtepec,"Tuxtepec, Oax.",18.0833,-96.1167,16,0.12,35.35,22.27,0.6299999999999965,17.059999999999995,47.77,0,0
2018-05-20,tuxtepec,"Tuxtepec, Oax.",18.0833,-96.1167,16,0.47,35.02,23.8,0.5899999999999964,13.549999999999997,43.6,0,0
2018-05-21,tuxtepec,"Tuxtepec, Oax.",18.0833,-96.1167,16,4.24,33.26,23.75,4.8299999999999965,8.489999999999997,44.95,0,0
2018-05-22,tuxtepec,"Tuxtepec, Oax.",18.0833,-96.1167,16,3.76,33.01,23.46,8.469999999999995,11.839999999999996,47.339999999999996,0,0
2018-05-23,tuxtepec,"Tuxtepec, Oax.",18.0833,-96.1167,16,0.02,33.32,21.93,8.019999999999996,9.119999999999996,41.9,0,0
2018-05-24,tuxtepec,"Tuxtepec, Oax.",18.0833,-96.1167,16,0.07,33.51,20.39,3.849999999999996,8.679999999999996,30.550000000000004,0,0
2018-05-25,tuxtepec,"Tuxtepec, Oax.",18.0833,-96.1167,16,1.01,33.22,21.86,1.0999999999999965,9.689999999999996,27.6,0,0
2018-05-26,tuxtepec,"Tuxtepec, Oax.",18.0833,-96.1167,16,0.32,33.98,22.23,1.3999999999999966,9.889999999999995,26.95,0,0
2018-05-27,tuxtepec,"Tuxtepec, Oax.",18.0833,-96.1167,16,0.0,35.22,22.44,1.3299999999999965,9.419999999999996,22.97,0,0
2018-05-28,tuxtepec,"Tuxtepec, Oax.",18.0833,-96.1167,16,0.0,36.34,23.3,0.31999999999999645,5.179999999999996,13.67,0,0
2018-05-29,tuxtepec,"Tuxtepec, Oax.",18.0833,-96.1167,16,0.0,36.98,23.87,0.0,1.4199999999999966,13.26,0,0
2018-05-30,tuxtepec,"Tuxtepec, Oax.",18.0833,-96.1167,16,0.0,36.81,24.95,0.0,1.3999999999999966,10.52,0,0
2018-05-31,tuxtepec,"Tuxtepec, Oax.",18.0833,-96.1167,16,0.75,36.46,24.39,0.7499999999999964,2.0799999999999965,10.76,0,0
2018-06-01,tuxtepec,"Tuxtepec, Oax.",18.0833,-96.1167,16,6.67,31.81,24.07,7.419999999999996,7.739999999999997,17.43,1,0
2018-06-02,tuxtepec,"Tuxtepec, Oax.",18.0833,-96.1167,16,2.96,31.82,22.76,10.379999999999995,10.379999999999995,20.27,0,0
2018-06-03,tuxtepec,"Tuxtepec, Oax.",18.0833,-96.1167,16,4.26,32.28,22.24,13.889999999999997,14.639999999999997,24.06,0,0
2018-06-04,tuxtepec,"Tuxtepec, Oax.",18.0833,-96.1167,16,2.35,32.8,21.88,9.569999999999997,16.989999999999995,22.17,0,0
2018-06-05,tuxtepec,"Tuxtepec, Oax.",18.0833,-96.1167,16,5.48,34.23,22.83,12.089999999999996,22.47,23.89,1,0
2018-06-06,tuxtepec,"Tuxtepec, Oax.",18.0833,-96.1167,16,6.0,34.28,24.06,13.829999999999998,28.47,29.87,2,0
2018-06-07,tuxtepec,"Tuxtepec, Oax.",18.0833,-96.1167,16,10.4,31.7,24.45,21.879999999999995,38.12,40.2,3,0
2018-06-08,tuxtepec,"Tuxtepec, Oax.",18.0833,-96.1167,16,18.75,29.66,24.01,35.14999999999999,50.199999999999996,57.940000000000005,4,0
2018-06-09,tuxtepec,"Tuxtepec, Oax.",18.0833,-96.1167,16,5.46,31.47,23.56,34.60999999999999,52.699999999999996,63.080000000000005,5,0
2018-06-10,tuxtepec,"Tuxtepec, Oax.",18.0833,-96.1167,16,3.26,31.94,22.79,27.469999999999995,51.699999999999996,66.34,0,0
2018-06-11,tuxtepec,"Tuxtepec, Oax.",18.0833,-96.1167,16,2.01,32.83,23.19,10.729999999999997,51.35999999999999,68.35000000000001,0,0
2018-06-12,tuxtepec,"Tuxtepec, Oax.",18.0833,-96.1167,16,15.35,32.96,23.5,20.619999999999994,61.23,83.7,1,0
2018-06-13,tuxtepec,"Tuxtepec, Oax.",18.0833,-96.1167,16,21.37,27.41,23.12,38.72999999999999,76.6,105.07000000000001,2,1
2018-06-14,tuxtepec,"Tuxtepec, Oax.",18.0833,-96.1167,16,5.96,27.19,22.38,42.67999999999999,72.16,110.28,3,0
2018-06-15,tuxtepec,"Tuxtepec, Oax.",18.0833,-96.1167,16,9.23,28.47,22.47,36.559999999999995,62.63999999999999,112.84,4,0
2018-06-16,tuxtepec,"Tuxtepec, Oax.",18.0833,-96.1167,16,17.62,31.56,22.47,32.81,74.8,127.50000000000001,5,0
2018-06-17,tuxtepec,"Tuxtepec, Oax.",18.0833,-96.1167,16,7.91,31.58,23.09,34.76,79.44999999999999,131.15,6,0
2018-06-18,tuxtepec,"Tuxtepec, Oax.",18.0833,-96.1167,16,1.09,32.2,23.1,26.619999999999997,78.53,129.89000000000001,0,0
2018-06-19,tuxtepec,"Tuxtepec, Oax.",18.0833,-96.1167,16,0.08,33.98,24.5,9.079999999999997,63.26,124.49000000000001,0,0
2018-06-20,tuxtepec,"Tuxtepec, Oax.",18.0833,-96.1167,16,0.96,35.05,23.54,2.1299999999999963,42.85,119.45,0,0
2018-06-21,tuxtepec,"Tuxtepec, Oax.",18.0833,-96.1167,16,10.82,32.36,24.4,11.859999999999996,47.71,119.87,1,0
2018-06-22,tuxtepec,"Tuxtepec, Oax.",18.0833,-96.1167,16,17.57,33.65,23.55,29.349999999999994,56.050000000000004,118.69,2,0
2018-06-23,tuxtepec,"Tuxtepec, Oax.",18.0833,-96.1167,16,3.91,31.68,22.97,32.3,42.34,117.14000000000001,0,0
2018-06-24,tuxtepec,"Tuxtepec, Oax.",18.0833,-96.1167,16,7.06,33.58,23.48,28.539999999999992,41.49,120.94000000000001,1,0
2018-06-25,tuxtepec,"Tuxtepec, Oax.",18.0833,-96.1167,16,8.26,31.35,23.42,19.229999999999993,48.66,127.19,2,0
2018-06-26,tuxtepec,"Tuxtepec, Oax.",18.0833,-96.1167,16,7.82,28.22,23.19,23.139999999999993,56.400000000000006,119.66000000000001,3,0
2018-06-27,tuxtepec,"Tuxtepec, Oax.",18.0833,-96.1167,16,7.27,28.13,22.39,23.349999999999994,62.71,105.56,4,0
2018-06-28,tuxtepec,"Tuxtepec, Oax.",18.0833,-96.1167,16,8.14,28.5,22.55,23.229999999999993,60.03,107.74000000000001,5,0
2018-06-29,tuxtepec,"Tuxtepec, Oax.",18.0833,-96.1167,16,3.6,28.39,22.86,19.009999999999994,46.06,102.11,0,0
2018-06-30,tuxtepec,"Tuxtepec, Oax.",18.0833,-96.1167,16,2.37,30.24,22.86,14.109999999999994,44.52,86.86,0,0
2018-07-01,tuxtepec,"Tuxtepec, Oax.",18.0833,-96.1167,16,0.61,29.85,22.74,6.579999999999993,38.07,79.56,0,0
2018-07-02,tuxtepec,"Tuxtepec, Oax.",18.0833,-96.1167,16,1.49,28.6,22.68,4.4699999999999935,31.3,79.96000000000001,0,0
2018-07-03,tuxtepec,"Tuxtepec, Oax.",18.0833,-96.1167,16,1.58,28.75,22.4,3.679999999999993,25.060000000000002,81.46000000000001,0,0
2018-07-04,tuxtepec,"Tuxtepec, Oax.",18.0833,-96.1167,16,2.84,30.15,22.35,5.909999999999993,20.630000000000003,83.34,0,0
2018-07-05,tuxtepec,"Tuxtepec, Oax.",18.0833,-96.1167,16,13.32,29.57,21.63,17.739999999999995,25.810000000000002,85.84,1,0
2018-07-06,tuxtepec,"Tuxtepec, Oax.",18.0833,-96.1167,16,35.79,27.0,21.36,51.949999999999996,58.0,104.06,2,1
2018-07-07,tuxtepec,"Tuxtepec, Oax.",18.0833,-96.1167,16,24.19,26.44,21.16,73.3,79.82000000000001,124.34,3,1
2018-07-08,tuxtepec,"Tuxtepec, Oax.",18.0833,-96.1167,16,5.48,27.72,21.77,65.46,84.69,122.75999999999999,4,0
2018-07-09,tuxtepec,"Tuxtepec, Oax.",18.0833,-96.1167,16,5.59,27.94,20.85,35.25999999999999,88.78999999999999,120.09,5,0
2018-07-10,tuxtepec,"Tuxtepec, Oax.",18.0833,-96.1167,16,37.83,26.54,21.23,48.89999999999999,125.03999999999999,150.1,6,1
2018-07-11,tuxtepec,"Tuxtepec, Oax.",18.0833,-96.1167,16,2.29,27.62,20.98,45.70999999999999,124.49000000000001,145.11999999999998,0,0
2018-07-12,tuxtepec,"Tuxtepec, Oax.",18.0833,-96.1167,16,5.1,28.45,20.74,45.21999999999999,116.27,142.07999999999998,1,0
2018-07-13,tuxtepec,"Tuxtepec, Oax.",18.0833,-96.1167,16,14.56,27.48,20.76,21.949999999999992,95.03999999999999,153.04,2,0
2018-07-14,tuxtepec,"Tuxtepec, Oax.",18.0833,-96.1167,16,8.99,27.7,20.96,28.64999999999999,79.83999999999999,159.66,3,0
2018-07-15,tuxtepec,"Tuxtepec, Oax.",18.0833,-96.1167,16,1.56,28.66,21.32,25.109999999999992,75.91999999999999,160.60999999999999,0,0
2018-07-16,tuxtepec,"Tuxtepec, Oax.",18.0833,-96.1167,16,7.21,28.29,21.43,17.75999999999999,77.53999999999999,166.33,1,0
2018-07-17,tuxtepec,"Tuxtepec, Oax.",18.0833,-96.1167,16,2.15,27.23,21.94,10.919999999999993,41.86,166.89999999999998,0,0
2018-07-18,tuxtepec,"Tuxtepec, Oax.",18.0833,-96.1167,16,2.03,28.65,22.0,11.389999999999992,41.6,166.08999999999997,0,0
2018-07-19,tuxtepec,"Tuxtepec, Oax.",18.0833,-96.1167,16,2.01,28.97,21.67,6.189999999999992,38.51,154.78,0,0
2018-07-20,tuxtepec,"Tuxtepec, Oax.",18.0833,-96.1167,16,1.44,29.98,22.61,5.4799999999999915,25.39,120.43,0,0
2018-07-21,tuxtepec,"Tuxtepec, Oax.",18.0833,-96.1167,16,3.26,29.49,22.59,6.709999999999992,19.659999999999997,99.49999999999999,0,0
2018-07-22,tuxtepec,"Tuxtepec, Oax.",18.0833,-96.1167,16,0.77,29.74,22.18,5.469999999999993,18.869999999999997,94.78999999999999,0,0
2018-07-23,tuxtepec,"Tuxtepec, Oax.",18.0833,-96.1167,16,0.09,30.41,23.04,4.119999999999992,11.75,89.28999999999999,0,0
2018-07-24,tuxtepec,"Tuxtepec, Oax.",18.0833,-96.1167,16,0.0,31.93,23.02,0.8599999999999929,9.6,51.46,0,0
2018-07-25,tuxtepec,"Tuxtepec, Oax.",18.0833,-96.1167,16,0.0,31.08,23.55,0.08999999999999289,7.569999999999999,49.17,0,0
2018-07-26,tuxtepec,"Tuxtepec, Oax.",18.0833,-96.1167,16,0.04,30.92,24.64,0.039999999999992895,5.6,44.11,0,0
2018-07-27,tuxtepec,"Tuxtepec, Oax.",18.0833,-96.1167,16,0.43,30.07,24.72,0.46999999999999287,4.59,29.98,0,0
2018-07-28,tuxtepec,"Tuxtepec, Oax.",18.0833,-96.1167,16,0.54,30.79,23.23,1.009999999999993,1.87,21.53,0,0
2018-07-29,tuxtepec,"Tuxtepec, Oax.",18.0833,-96.1167,16,4.85,31.05,22.73,5.819999999999992,5.949999999999999,24.82,0,0
2018-07-30,tuxtepec,"Tuxtepec, Oax.",18.0833,-96.1167,16,0.35,30.98,23.23,5.739999999999992,6.209999999999999,17.959999999999997,0,0
2018-07-31,tuxtepec,"Tuxtepec, Oax.",18.0833,-96.1167,16,8.75,28.47,23.84,13.949999999999992,14.959999999999999,24.56,1,0
2018-08-01,tuxtepec,"Tuxtepec, Oax.",18.0833,-96.1167,16,19.88,28.07,22.36,28.97999999999999,34.839999999999996,42.41,2,0
2018-08-02,tuxtepec,"Tuxtepec, Oax.",18.0833,-96.1167,16,17.7,27.86,22.01,46.32999999999999,52.5,58.099999999999994,3,0
2018-08-03,tuxtepec,"Tuxtepec, Oax.",18.0833,-96.1167,16,31.85,26.14,21.64,69.42999999999999,83.92,88.50999999999999,4,1
2018-08-04,tuxtepec,"Tuxtepec, Oax.",18.0833,-96.1167,16,17.23,28.98,20.82,66.78,100.61,102.47999999999999,5,0
2018-08-05,tuxtepec,"Tuxtepec, Oax.",18.0833,-96.1167,16,26.89,26.79,21.73,75.97,122.65,128.6,6,1
2018-08-06,tuxtepec,"Tuxtepec, Oax.",18.0833,-96.1167,16,22.9,27.01,22.36,67.02,145.20000000000002,151.41,7,1
2018-08-07,tuxtepec,"Tuxtepec, Oax.",18.0833,-96.1167,16,3.34,27.5,21.63,53.129999999999995,139.79000000000002,154.75,0,0
2018-08-08,tuxtepec,"Tuxtepec, Oax.",18.0833,-96.1167,16,13.55,27.66,21.06,39.78999999999999,133.46,168.29999999999998,1,0
2018-08-09,tuxtepec,"Tuxtepec, Oax.",18.0833,-96.1167,16,5.34,28.0,21.2,22.229999999999997,121.10000000000001,173.6,2,0
2018-08-10,tuxtepec,"Tuxtepec, Oax.",18.0833,-96.1167,16,4.96,28.34,21.55,23.849999999999998,94.21,178.13,0,0
2018-08-11,tuxtepec,"Tuxtepec, Oax.",18.0833,-96.1167,16,4.28,28.16,23.12,14.579999999999997,81.25999999999999,181.87,0,0
2018-08-12,tuxtepec,"Tuxtepec, Oax.",18.0833,-96.1167,16,4.7,27.6,21.95,13.939999999999998,59.07,181.72,0,0
2018-08-13,tuxtepec,"Tuxtepec, Oax.",18.0833,-96.1167,16,4.31,28.75,21.39,13.289999999999996,40.480000000000004,185.67999999999998,0,0
2018-08-14,tuxtepec,"Tuxtepec, Oax.",18.0833,-96.1167,16,11.0,27.73,21.66,20.009999999999998,48.14,187.93,1,0
2018-08-15,tuxtepec,"Tuxtepec, Oax.",18.0833,-96.1167,16,1.64,27.28,22.62,16.949999999999996,36.230000000000004,169.69,0,0
2018-08-16,tuxtepec,"Tuxtepec, Oax.",18.0833,-96.1167,16,0.44,27.05,21.88,13.079999999999997,31.330000000000002,152.43,0,0
2018-08-17,tuxtepec,"Tuxtepec, Oax.",18.0833,-96.1167,16,3.91,28.36,20.88,5.989999999999997,30.28,124.49000000000001,0,0
2018-08-18,tuxtepec,"Tuxtepec, Oax.",18.0833,-96.1167,16,14.08,28.33,21.85,18.429999999999996,40.08,121.34,1,0
2018-08-19,tuxtepec,"Tuxtepec, Oax.",18.0833,-96.1167,16,9.32,28.47,22.65,27.309999999999995,44.7,103.77000000000001,2,0
2018-08-20,tuxtepec,"Tuxtepec, Oax.",18.0833,-96.1167,16,5.77,29.04,22.88,29.169999999999995,46.160000000000004,86.64,3,0
2018-08-21,tuxtepec,"Tuxtepec, Oax.",18.0833,-96.1167,16,37.77,27.45,22.09,52.86,72.93,121.07000000000001,4,1
2018-08-22,tuxtepec,"Tuxtepec, Oax.",18.0833,-96.1167,16,19.3,27.17,21.59,62.84,90.59,126.82,5,0
2018-08-23,tuxtepec,"Tuxtepec, Oax.",18.0833,-96.1167,16,3.23,28.68,21.23,60.300000000000004,93.38000000000001,124.71,0,0
2018-08-24,tuxtepec,"Tuxtepec, Oax.",18.0833,-96.1167,16,3.93,29.21,21.96,26.459999999999994,93.4,123.68,0,0
2018-08-25,tuxtepec,"Tuxtepec, Oax.",18.0833,-96.1167,16,9.62,27.95,22.93,16.779999999999994,88.94,129.02,1,0
2018-08-26,tuxtepec,"Tuxtepec, Oax.",18.0833,-96.1167,16,16.3,28.12,22.03,29.84999999999999,95.92000000000002,140.62,2,0
2018-08-27,tuxtepec,"Tuxtepec, Oax.",18.0833,-96.1167,16,20.14,27.53,21.31,46.05999999999999,110.29000000000002,156.45,3,1
2018-08-28,tuxtepec,"Tuxtepec, Oax.",18.0833,-96.1167,16,8.38,27.96,21.86,44.81999999999999,80.9,153.82999999999998,4,0
2018-08-29,tuxtepec,"Tuxtepec, Oax.",18.0833,-96.1167,16,13.66,28.35,22.19,42.17999999999999,75.26,165.85000000000002,5,0
2018-08-30,tuxtepec,"Tuxtepec, Oax.",18.0833,-96.1167,16,8.62,28.95,22.7,30.65999999999999,80.65,174.03,6,0
2018-08-31,tuxtepec,"Tuxtepec, Oax.",18.0833,-96.1167,16,9.73,28.57,22.46,32.00999999999999,86.44999999999999,179.85000000000002,7,0
2018-09-01,tuxtepec,"Tuxtepec, Oax.",18.0833,-96.1167,16,5.27,28.99,22.35,23.61999999999999,82.10000000000001,171.04,8,0
2018-09-02,tuxtepec,"Tuxtepec, Oax.",18.0833,-96.1167,16,4.94,28.1,23.36,19.93999999999999,70.74000000000001,166.66,0,0
2018-09-03,tuxtepec,"Tuxtepec, Oax.",18.0833,-96.1167,16,10.63,28.84,23.63,20.83999999999999,61.230000000000004,171.52,1,0
2018-09-04,tuxtepec,"Tuxtepec, Oax.",18.0833,-96.1167,16,15.95,28.03,23.28,31.51999999999999,68.8,149.7,2,0
2018-09-05,tuxtepec,"Tuxtepec, Oax.",18.0833,-96.1167,16,9.18,27.54,23.07,35.75999999999999,64.32,139.58,3,0
2018-09-06,tuxtepec,"Tuxtepec, Oax.",18.0833,-96.1167,16,2.24,27.88,22.24,27.36999999999999,57.94,138.59,0,0
2018-09-07,tuxtepec,"Tuxtepec, Oax.",18.0833,-96.1167,16,0.74,27.7,22.06,12.15999999999999,48.949999999999996,135.4,0,0
2018-09-08,tuxtepec,"Tuxtepec, Oax.",18.0833,-96.1167,16,1.37,28.31,23.09,4.34999999999999,45.05,127.15,0,0
2018-09-09,tuxtepec,"Tuxtepec, Oax.",18.0833,-96.1167,16,0.87,29.59,22.4,2.9799999999999893,40.98,111.72,0,0
2018-09-10,tuxtepec,"Tuxtepec, Oax.",18.0833,-96.1167,16,3.78,30.28,22.93,6.019999999999989,34.129999999999995,95.36000000000001,0,0
2018-09-11,tuxtepec,"Tuxtepec, Oax.",18.0833,-96.1167,16,11.79,30.77,22.43,16.439999999999987,29.97,98.77,1,0
2018-09-12,tuxtepec,"Tuxtepec, Oax.",18.0833,-96.1167,16,20.55,28.66,23.69,36.11999999999999,41.34,105.66,2,1
2018-09-13,tuxtepec,"Tuxtepec, Oax.",18.0833,-96.1167,16,30.83,27.17,23.03,63.16999999999999,69.92999999999999,127.86999999999999,3,1
2018-09-14,tuxtepec,"Tuxtepec, Oax.",18.0833,-96.1167,16,4.1,27.26,22.25,55.47999999999998,73.29,122.24,0,0
2018-09-15,tuxtepec,"Tuxtepec, Oax.",18.0833,-96.1167,16,5.3,27.74,22.84,40.22999999999999,77.22,122.27,1,0
2018-09-16,tuxtepec,"Tuxtepec, Oax.",18.0833,-96.1167,16,2.77,28.19,23.27,12.16999999999999,79.11999999999999,120.1,0,0
2018-09-17,tuxtepec,"Tuxtepec, Oax.",18.0833,-96.1167,16,3.82,27.22,22.97,11.88999999999999,79.16000000000001,113.29,0,0
2018-09-18,tuxtepec,"Tuxtepec, Oax.",18.0833,-96.1167,16,4.77,27.5,22.7,11.359999999999989,72.14,102.11,0,0
2018-09-19,tuxtepec,"Tuxtepec, Oax.",18.0833,-96.1167,16,3.6,28.22,21.98,12.189999999999989,55.19,96.53,0,0
2018-09-20,tuxtepec,"Tuxtepec, Oax.",18.0833,-96.1167,16,4.32,26.88,22.48,12.689999999999989,28.68,98.61,0,0
2018-09-21,tuxtepec,"Tuxtepec, Oax.",18.0833,-96.1167,16,10.79,27.31,22.49,18.709999999999987,35.37,108.66,1,0
2018-09-22,tuxtepec,"Tuxtepec, Oax.",18.0833,-96.1167,16,17.59,27.76,23.04,32.69999999999999,47.66,124.88,2,0
2018-09-23,tuxtepec,"Tuxtepec, Oax.",18.0833,-96.1167,16,6.88,28.32,22.24,35.25999999999999,51.769999999999996,130.89,3,0
2018-09-24,tuxtepec,"Tuxtepec, Oax.",18.0833,-96.1167,16,17.62,27.49,22.26,42.08999999999999,65.57,144.73,4,0
2018-09-25,tuxtepec,"Tuxtepec, Oax.",18.0833,-96.1167,16,17.57,27.95,21.91,42.06999999999999,78.37,150.51,5,0
2018-09-26,tuxtepec,"Tuxtepec, Oax.",18.0833,-96.1167,16,24.49,27.07,21.9,59.679999999999986,99.26,154.45,6,1
2018-09-27,tuxtepec,"Tuxtepec, Oax.",18.0833,-96.1167,16,25.45,27.87,21.89,67.50999999999999,120.39,149.07,7,1
2018-09-28,tuxtepec,"Tuxtepec, Oax.",18.0833,-96.1167,16,27.46,25.47,21.64,77.39999999999999,137.06,172.43,8,1
2018-09-29,tuxtepec,"Tuxtepec, Oax.",18.0833,-96.1167,16,17.48,25.32,20.65,70.38999999999999,136.95,184.60999999999999,9,0
2018-09-30,tuxtepec,"Tuxtepec, Oax.",18.0833,-96.1167,16,19.31,26.93,20.43,64.24999999999999,149.38,201.14999999999998,10,0
2018-10-01,tuxtepec,"Tuxtepec, Oax.",18.0833,-96.1167,16,20.79,25.55,21.48,57.579999999999984,152.55,218.12,11,1
2018-10-02,tuxtepec,"Tuxtepec, Oax.",18.0833,-96.1167,16,23.85,26.16,21.12,63.94999999999999,158.83,237.20000000000002,12,1
2018-10-03,tuxtepec,"Tuxtepec, Oax.",18.0833,-96.1167,16,26.7,26.78,21.41,71.33999999999999,161.04,260.3,13,1
2018-10-04,tuxtepec,"Tuxtepec, Oax.",18.0833,-96.1167,16,20.95,26.87,21.3,71.49999999999999,156.54000000000002,276.93,14,1
2018-10-05,tuxtepec,"Tuxtepec, Oax.",18.0833,-96.1167,16,11.59,26.83,20.67,59.23999999999999,140.67000000000002,277.72999999999996,15,0
2018-10-06,tuxtepec,"Tuxtepec, Oax.",18.0833,-96.1167,16,1.14,27.91,20.96,33.67999999999999,124.33,261.28,0,0
2018-10-07,tuxtepec,"Tuxtepec, Oax.",18.0833,-96.1167,16,0.55,28.28,21.8,13.279999999999989,105.57,254.95,0,0
2018-10-08,tuxtepec,"Tuxtepec, Oax.",18.0833,-96.1167,16,2.17,29.01,22.46,3.859999999999989,86.95,239.5,0,0
2018-10-09,tuxtepec,"Tuxtepec, Oax.",18.0833,-96.1167,16,1.48,29.34,22.25,4.199999999999989,64.58,223.41,0,0
2018-10-10,tuxtepec,"Tuxtepec, Oax.",18.0833,-96.1167,16,16.72,30.93,23.74,20.369999999999987,54.599999999999994,215.64,1,0
2018-10-11,tuxtepec,"Tuxtepec, Oax.",18.0833,-96.1167,16,11.99,26.88,23.08,30.18999999999999,45.63999999999999,202.18,2,0
2018-10-12,tuxtepec,"Tuxtepec, Oax.",18.0833,-96.1167,16,19.92,28.07,22.58,48.629999999999995,53.97,194.64,3,0
2018-10-13,tuxtepec,"Tuxtepec, Oax.",18.0833,-96.1167,16,4.14,28.57,22.72,36.04999999999999,56.97,181.3,0,0
2018-10-14,tuxtepec,"Tuxtepec, Oax.",18.0833,-96.1167,16,2.36,31.49,23.43,26.41999999999999,58.78,164.35,0,0
2018-10-15,tuxtepec,"Tuxtepec, Oax.",18.0833,-96.1167,16,11.57,28.37,23.69,18.06999999999999,68.18,155.13000000000002,1,0
2018-10-16,tuxtepec,"Tuxtepec, Oax.",18.0833,-96.1167,16,19.77,27.56,22.22,33.69999999999999,86.47,151.04999999999998,2,0
2018-10-17,tuxtepec,"Tuxtepec, Oax.",18.0833,-96.1167,16,61.08,23.98,19.59,92.41999999999999,130.82999999999998,185.43,3,1
2018-10-18,tuxtepec,"Tuxtepec, Oax.",18.0833,-96.1167,16,48.86,22.25,19.45,129.70999999999998,167.7,213.34000000000003,4,1
2018-10-19,tuxtepec,"Tuxtepec, Oax.",18.0833,-96.1167,16,52.53,24.36,19.81,162.46999999999997,200.31,254.28000000000003,5,1
2018-10-20,tuxtepec,"Tuxtepec, Oax.",18.0833,-96.1167,16,79.76,24.84,20.27,181.14999999999998,275.93,332.9,6,1
2018-10-21,tuxtepec,"Tuxtepec, Oax.",18.0833,-96.1167,16,39.76,25.65,21.89,172.04999999999998,313.33,372.11,7,1
2018-10-22,tuxtepec,"Tuxtepec, Oax.",18.0833,-96.1167,16,3.29,26.35,20.18,122.80999999999999,305.05,373.23,0,0
2018-10-23,tuxtepec,"Tuxtepec, Oax.",18.0833,-96.1167,16,2.18,25.66,19.78,45.22999999999998,287.46000000000004,373.93,0,0
2018-10-24,tuxtepec,"Tuxtepec, Oax.",18.0833,-96.1167,16,0.69,27.49,20.9,6.159999999999986,227.07,357.9,0,0
2018-10-25,tuxtepec,"Tuxtepec, Oax.",18.0833,-96.1167,16,0.0,27.93,21.09,2.869999999999986,178.20999999999998,345.91,0,0
2018-10-26,tuxtepec,"Tuxtepec, Oax.",18.0833,-96.1167,16,0.01,27.61,21.35,0.6999999999999857,125.69,326.0,0,0
2018-10-27,tuxtepec,"Tuxtepec, Oax.",18.0833,-96.1167,16,10.45,26.61,20.63,10.459999999999985,56.379999999999995,332.31000000000006,1,0
2018-10-28,tuxtepec,"Tuxtepec, Oax.",18.0833,-96.1167,16,14.69,24.27,19.39,25.149999999999984,31.31,344.64000000000004,2,0
2018-10-29,tuxtepec,"Tuxtepec, Oax.",18.0833,-96.1167,16,10.39,25.63,20.14,35.52999999999999,38.41,343.46000000000004,3,0
2018-10-30,tuxtepec,"Tuxtepec, Oax.",18.0833,-96.1167,16,1.71,27.3,20.13,26.78999999999999,37.94,325.4,0,0
2018-10-31,tuxtepec,"Tuxtepec, Oax.",18.0833,-96.1167,16,0.38,28.79,21.61,12.479999999999986,37.63,264.7,0,0
2018-11-01,tuxtepec,"Tuxtepec, Oax.",18.0833,-96.1167,16,13.64,32.65,22.24,15.729999999999986,51.269999999999996,229.48,1,0
2018-11-02,tuxtepec,"Tuxtepec, Oax.",18.0833,-96.1167,16,38.99,24.71,20.01,53.00999999999999,90.25,215.94,2,1
2018-11-03,tuxtepec,"Tuxtepec, Oax.",18.0833,-96.1167,16,8.47,25.0,19.23,61.09999999999998,88.27,144.65,3,0
2018-11-04,tuxtepec,"Tuxtepec, Oax.",18.0833,-96.1167,16,0.67,26.9,20.76,48.12999999999998,74.25,105.56000000000002,0,0
2018-11-05,tuxtepec,"Tuxtepec, Oax.",18.0833,-96.1167,16,0.03,27.82,20.97,9.169999999999986,63.89,102.3,0,0
2018-11-06,tuxtepec,"Tuxtepec, Oax.",18.0833,-96.1167,16,0.01,28.89,21.34,0.7099999999999859,62.190000000000005,100.13,0,0
2018-11-07,tuxtepec,"Tuxtepec, Oax.",18.0833,-96.1167,16,0.34,28.1,21.94,0.3799999999999858,62.150000000000006,99.78,0,0
2018-11-08,tuxtepec,"Tuxtepec, Oax.",18.0833,-96.1167,16,0.01,27.41,21.38,0.3599999999999858,48.52,99.78999999999999,0,0
2018-11-09,tuxtepec,"Tuxtepec, Oax.",18.0833,-96.1167,16,0.0,27.27,21.32,0.3499999999999858,9.530000000000001,99.78,0,0
2018-11-10,tuxtepec,"Tuxtepec, Oax.",18.0833,-96.1167,16,1.32,23.96,18.25,1.3299999999999859,2.38,90.65,0,0
2018-11-11,tuxtepec,"Tuxtepec, Oax.",18.0833,-96.1167,16,0.08,25.29,17.79,1.399999999999986,1.7900000000000003,76.04,0,0
2018-11-12,tuxtepec,"Tuxtepec, Oax.",18.0833,-96.1167,16,0.78,27.75,20.16,2.179999999999986,2.54,66.43,0,0
2018-11-13,tuxtepec,"Tuxtepec, Oax.",18.0833,-96.1167,16,9.62,21.9,11.63,10.479999999999984,12.149999999999999,74.34,1,0
2018-11-14,tuxtepec,"Tuxtepec, Oax.",18.0833,-96.1167,16,0.92,12.99,9.14,11.319999999999984,12.729999999999999,74.88000000000001,0,0
2018-11-15,tuxtepec,"Tuxtepec, Oax.",18.0833,-96.1167,16,0.18,16.85,8.99,10.719999999999985,12.899999999999999,61.42,0,0
2018-11-16,tuxtepec,"Tuxtepec, Oax.",18.0833,-96.1167,16,0.1,21.54,11.47,1.1999999999999857,12.999999999999998,22.53,0,0
2018-11-17,tuxtepec,"Tuxtepec, Oax.",18.0833,-96.1167,16,0.02,24.23,15.86,0.2999999999999858,11.7,14.08,0,0
2018-11-18,tuxtepec,"Tuxtepec, Oax.",18.0833,-96.1167,16,0.0,24.72,17.96,0.1199999999999858,11.62,13.41,0,0
2018-11-19,tuxtepec,"Tuxtepec, Oax.",18.0833,-96.1167,16,0.01,25.92,18.41,0.029999999999985788,10.85,13.39,0,0
2018-11-20,tuxtepec,"Tuxtepec, Oax.",18.0833,-96.1167,16,9.3,25.24,19.33,9.309999999999986,10.530000000000001,22.68,1,0
2018-11-21,tuxtepec,"Tuxtepec, Oax.",18.0833,-96.1167,16,4.71,23.0,17.72,14.019999999999985,14.32,27.05,0,0
2018-11-22,tuxtepec,"Tuxtepec, Oax.",18.0833,-96.1167,16,1.25,24.33,18.45,15.259999999999987,15.39,28.290000000000003,0,0
2018-11-23,tuxtepec,"Tuxtepec, Oax.",18.0833,-96.1167,16,0.18,26.65,18.24,6.1399999999999855,15.470000000000002,28.470000000000002,0,0
2018-11-24,tuxtepec,"Tuxtepec, Oax.",18.0833,-96.1167,16,0.0,28.08,20.43,1.4299999999999857,15.450000000000001,27.150000000000002,0,0
2018-11-25,tuxtepec,"Tuxtepec, Oax.",18.0833,-96.1167,16,0.02,30.61,20.05,0.19999999999998577,15.47,27.09,0,0
2018-11-26,tuxtepec,"Tuxtepec, Oax.",18.0833,-96.1167,16,6.93,22.37,14.31,6.949999999999985,22.39,33.24,1,0
2018-11-27,tuxtepec,"Tuxtepec, Oax.",18.0833,-96.1167,16,0.78,19.47,13.85,7.729999999999985,13.87,24.400000000000002,0,0
2018-11-28,tuxtepec,"Tuxtepec, Oax.",18.0833,-96.1167,16,0.07,23.26,15.94,7.779999999999985,9.23,23.55,0,0
2018-11-29,tuxtepec,"Tuxtepec, Oax.",18.0833,-96.1167,16,0.04,25.67,17.89,0.8899999999999858,8.02,23.41,0,0
2018-11-30,tuxtepec,"Tuxtepec, Oax.",18.0833,-96.1167,16,0.03,31.03,19.19,0.1399999999999858,7.87,23.340000000000003,0,0
2018-12-01,tuxtepec,"Tuxtepec, Oax.",18.0833,-96.1167,16,0.0,33.49,20.69,0.0699999999999858,7.87,23.320000000000004,0,0
2018-12-02,tuxtepec,"Tuxtepec, Oax.",18.0833,-96.1167,16,0.0,28.91,21.76,0.029999999999985788,7.85,23.320000000000004,0,0
2018-12-03,tuxtepec,"Tuxtepec, Oax.",18.0833,-96.1167,16,3.31,27.35,20.89,3.309999999999986,4.23,26.62,0,0
2018-12-04,tuxtepec,"Tuxtepec, Oax.",18.0833,-96.1167,16,12.1,22.96,18.97,15.409999999999986,15.55,29.42,1,0
2018-12-05,tuxtepec,"Tuxtepec, Oax.",18.0833,-96.1167,16,42.46,21.57,17.77,57.86999999999999,57.94,67.17,2,1
2018-12-06,tuxtepec,"Tuxtepec, Oax.",18.0833,-96.1167,16,13.64,24.7,18.26,68.19999999999999,71.54,79.56,3,0
2018-12-07,tuxtepec,"Tuxtepec, Oax.",18.0833,-96.1167,16,0.96,25.65,18.86,57.05999999999999,72.47,80.34,0,0
2018-12-08,tuxtepec,"Tuxtepec, Oax.",18.0833,-96.1167,16,0.12,27.8,19.06,14.71999999999998,72.59,80.46000000000001,0,0
2018-12-09,tuxtepec,"Tuxtepec, Oax.",18.0833,-96.1167,16,8.52,20.7,15.24,9.599999999999978,81.11,88.96,1,0
2018-12-10,tuxtepec,"Tuxtepec, Oax.",18.0833,-96.1167,16,4.63,17.38,14.17,13.269999999999978,82.43,86.66000000000001,0,0
2018-12-11,tuxtepec,"Tuxtepec, Oax.",18.0833,-96.1167,16,3.02,17.68,13.51,16.169999999999977,73.35000000000001,88.9,0,0
2018-12-12,tuxtepec,"Tuxtepec, Oax.",18.0833,-96.1167,16,0.14,23.42,14.14,7.789999999999979,31.03000000000001,88.97,0,0
2018-12-13,tuxtepec,"Tuxtepec, Oax.",18.0833,-96.1167,16,0.01,31.58,16.15,3.1699999999999786,17.400000000000006,88.94000000000001,0,0
2018-12-14,tuxtepec,"Tuxtepec, Oax.",18.0833,-96.1167,16,2.49,21.14,14.34,2.639999999999979,18.930000000000007,91.4,0,0
2018-12-15,tuxtepec,"Tuxtepec, Oax.",18.0833,-96.1167,16,0.54,18.55,12.81,3.0399999999999787,19.35000000000001,91.94,0,0
2018-12-16,tuxtepec,"Tuxtepec, Oax.",18.0833,-96.1167,16,0.2,18.84,9.91,3.229999999999979,11.030000000000006,92.14,0,0
2018-12-17,tuxtepec,"Tuxtepec, Oax.",18.0833,-96.1167,16,0.13,19.78,9.94,0.8699999999999788,6.530000000000007,88.96000000000001,0,0
2018-12-18,tuxtepec,"Tuxtepec, Oax.",18.0833,-96.1167,16,0.0,22.38,12.84,0.3299999999999787,3.5100000000000073,76.86000000000001,0,0
2018-12-19,tuxtepec,"Tuxtepec, Oax.",18.0833,-96.1167,16,0.0,26.67,15.38,0.1299999999999787,3.370000000000007,34.4,0,0
2018-12-20,tuxtepec,"Tuxtepec, Oax.",18.0833,-96.1167,16,0.36,24.57,14.9,0.35999999999997867,3.7200000000000073,21.12,0,0
2018-12-21,tuxtepec,"Tuxtepec, Oax.",18.0833,-96.1167,16,1.03,19.48,14.43,1.3899999999999788,2.260000000000007,21.189999999999998,0,0
2018-12-22,tuxtepec,"Tuxtepec, Oax.",18.0833,-96.1167,16,0.01,21.46,12.59,1.3999999999999786,1.730000000000007,21.080000000000002,0,0
2018-12-23,tuxtepec,"Tuxtepec, Oax.",18.0833,-96.1167,16,0.05,21.07,12.93,1.0899999999999788,1.5800000000000072,12.61,0,0
2018-12-24,tuxtepec,"Tuxtepec, Oax.",18.0833,-96.1167,16,0.83,19.45,14.68,0.8899999999999785,2.280000000000007,8.81,0,0
2018-12-25,tuxtepec,"Tuxtepec, Oax.",18.0833,-96.1167,16,0.02,23.34,16.25,0.8999999999999785,2.300000000000007,5.8100000000000005,0,0
2018-12-26,tuxtepec,"Tuxtepec, Oax.",18.0833,-96.1167,16,0.01,25.35,16.95,0.8599999999999784,2.310000000000007,5.68,0,0
2018-12-27,tuxtepec,"Tuxtepec, Oax.",18.0833,-96.1167,16,0.0,28.89,18.44,0.02999999999997846,1.950000000000007,5.67,0,0
2018-12-28,tuxtepec,"Tuxtepec, Oax.",18.0833,-96.1167,16,0.01,26.38,18.83,0.019999999999978462,0.9300000000000072,3.19,0,0
2018-12-29,tuxtepec,"Tuxtepec, Oax.",18.0833,-96.1167,16,0.31,25.57,19.36,0.31999999999997847,1.230000000000007,2.96,0,0
2018-12-30,tuxtepec,"Tuxtepec, Oax.",18.0833,-96.1167,16,0.54,24.93,18.32,0.8599999999999786,1.720000000000007,3.3,0,0
2018-12-31,tuxtepec,"Tuxtepec, Oax.",18.0833,-96.1167,16,0.0,27.36,17.87,0.8499999999999786,0.8900000000000071,3.17,0,0
2019-01-01,tuxtepec,"Tuxtepec, Oax.",18.0833,-96.1167,16,2.4,24.85,18.43,2.939999999999978,3.270000000000007,5.57,0,0
2019-01-02,tuxtepec,"Tuxtepec, Oax.",18.0833,-96.1167,16,1.3,25.31,18.61,3.699999999999979,4.560000000000008,6.87,0,0
2019-01-03,tuxtepec,"Tuxtepec, Oax.",18.0833,-96.1167,16,0.15,26.52,19.18,3.8499999999999788,4.710000000000007,6.659999999999999,0,0
2019-01-04,tuxtepec,"Tuxtepec, Oax.",18.0833,-96.1167,16,2.91,21.66,16.93,4.359999999999979,7.610000000000008,8.540000000000001,0,0
2019-01-05,tuxtepec,"Tuxtepec, Oax.",18.0833,-96.1167,16,1.12,22.53,16.17,4.179999999999979,8.420000000000007,9.65,0,0
2019-01-06,tuxtepec,"Tuxtepec, Oax.",18.0833,-96.1167,16,0.43,23.64,17.07,4.459999999999979,8.310000000000008,10.03,0,0
2019-01-07,tuxtepec,"Tuxtepec, Oax.",18.0833,-96.1167,16,0.0,24.46,16.22,1.5499999999999787,8.310000000000008,9.2,0,0
2019-01-08,tuxtepec,"Tuxtepec, Oax.",18.0833,-96.1167,16,1.38,23.51,15.76,1.8099999999999785,7.290000000000007,10.56,0,0
2019-01-09,tuxtepec,"Tuxtepec, Oax.",18.0833,-96.1167,16,4.3,21.72,16.47,5.679999999999978,10.290000000000006,14.850000000000001,0,0
2019-01-10,tuxtepec,"Tuxtepec, Oax.",18.0833,-96.1167,16,2.17,21.05,15.9,7.849999999999978,12.310000000000006,17.02,0,0
2019-01-11,tuxtepec,"Tuxtepec, Oax.",18.0833,-96.1167,16,0.0,23.15,14.69,6.469999999999978,9.400000000000006,17.009999999999998,0,0
2019-01-12,tuxtepec,"Tuxtepec, Oax.",18.0833,-96.1167,16,0.25,24.2,17.12,2.4199999999999786,8.530000000000008,16.95,0,0
2019-01-13,tuxtepec,"Tuxtepec, Oax.",18.0833,-96.1167,16,4.5,23.01,17.08,4.749999999999979,12.600000000000009,20.91,0,0
2019-01-14,tuxtepec,"Tuxtepec, Oax.",18.0833,-96.1167,16,2.85,21.61,16.34,7.599999999999978,15.450000000000008,23.76,0,0
2019-01-15,tuxtepec,"Tuxtepec, Oax.",18.0833,-96.1167,16,3.94,21.95,15.75,11.289999999999978,18.010000000000005,25.299999999999997,0,0
2019-01-16,tuxtepec,"Tuxtepec, Oax.",18.0833,-96.1167,16,2.16,22.56,15.8,8.949999999999978,15.870000000000006,26.160000000000004,0,0
2019-01-17,tuxtepec,"Tuxtepec, Oax.",18.0833,-96.1167,16,0.69,23.18,16.89,6.78999999999998,14.390000000000006,26.7,0,0
2019-01-18,tuxtepec,"Tuxtepec, Oax.",18.0833,-96.1167,16,0.0,24.12,16.94,2.8499999999999788,14.390000000000008,23.79,0,0
2019-01-19,tuxtepec,"Tuxtepec, Oax.",18.0833,-96.1167,16,0.05,28.7,16.54,0.7399999999999787,14.190000000000008,22.72,0,0
2019-01-20,tuxtepec,"Tuxtepec, Oax.",18.0833,-96.1167,16,0.07,17.52,12.3,0.1199999999999787,9.760000000000009,22.36,0,0
2019-01-21,tuxtepec,"Tuxtepec, Oax.",18.0833,-96.1167,16,0.01,19.45,8.55,0.1299999999999787,6.920000000000007,22.369999999999997,0,0
2019-01-22,tuxtepec,"Tuxtepec, Oax.",18.0833,-96.1167,16,0.0,23.89,13.25,0.07999999999997869,2.980000000000007,20.99,0,0
2019-01-23,tuxtepec,"Tuxtepec, Oax.",18.0833,-96.1167,16,1.01,29.3,14.27,1.0199999999999787,1.8300000000000072,17.7,0,0
2019-01-24,tuxtepec,"Tuxtepec, Oax.",18.0833,-96.1167,16,0.15,21.11,12.72,1.1599999999999786,1.2900000000000071,15.680000000000001,0,0
2019-01-25,tuxtepec,"Tuxtepec, Oax.",18.0833,-96.1167,16,1.26,21.22,14.35,2.4199999999999786,2.550000000000007,16.939999999999998,0,0
2019-01-26,tuxtepec,"Tuxtepec, Oax.",18.0833,-96.1167,16,0.29,24.04,15.64,1.6999999999999786,2.790000000000007,16.98,0,0
2019-01-27,tuxtepec,"Tuxtepec, Oax.",18.0833,-96.1167,16,8.91,22.03,15.35,10.45999999999998,11.630000000000006,21.39,1,0
2019-01-28,tuxtepec,"Tuxtepec, Oax.",18.0833,-96.1167,16,1.36,23.12,14.67,10.55999999999998,12.980000000000006,19.900000000000002,0,0
2019-01-29,tuxtepec,"Tuxtepec, Oax.",18.0833,-96.1167,16,2.27,22.5,14.71,12.539999999999978,15.250000000000007,18.23,0,0
2019-01-30,tuxtepec,"Tuxtepec, Oax.",18.0833,-96.1167,16,0.61,22.67,14.66,4.239999999999979,14.850000000000007,16.68,0,0
2019-01-31,tuxtepec,"Tuxtepec, Oax.",18.0833,-96.1167,16,0.12,24.78,16.96,2.9999999999999782,14.820000000000006,16.11,0,0
2019-02-01,tuxtepec,"Tuxtepec, Oax.",18.0833,-96.1167,16,0.1,25.28,18.11,0.8299999999999786,13.660000000000005,16.21,0,0
2019-02-02,tuxtepec,"Tuxtepec, Oax.",18.0833,-96.1167,16,0.01,25.05,18.04,0.2299999999999787,13.380000000000006,16.169999999999998,0,0
2019-02-03,tuxtepec,"Tuxtepec, Oax.",18.0833,-96.1167,16,0.0,26.43,17.83,0.10999999999997868,4.470000000000005,16.099999999999998,0,0
2019-02-04,tuxtepec,"Tuxtepec, Oax.",18.0833,-96.1167,16,0.0,27.54,19.15,0.009999999999978684,3.1100000000000048,16.09,0,0
2019-02-05,tuxtepec,"Tuxtepec, Oax.",18.0833,-96.1167,16,0.0,27.13,19.83,0.0,0.8400000000000053,16.09,0,0
2019-02-06,tuxtepec,"Tuxtepec, Oax.",18.0833,-96.1167,16,0.0,27.1,20.19,0.0,0.23000000000000534,15.08,0,0
2019-02-07,tuxtepec,"Tuxtepec, Oax.",18.0833,-96.1167,16,0.0,27.98,19.45,0.0,0.11000000000000533,14.93,0,0
2019-02-08,tuxtepec,"Tuxtepec, Oax.",18.0833,-96.1167,16,7.01,24.5,16.71,7.0099999999999785,7.020000000000005,20.68,1,0
2019-02-09,tuxtepec,"Tuxtepec, Oax.",18.0833,-96.1167,16,4.03,21.09,15.11,11.039999999999978,11.040000000000006,24.42,0,0
2019-02-10,tuxtepec,"Tuxtepec, Oax.",18.0833,-96.1167,16,0.85,23.52,15.03,11.88999999999998,11.890000000000006,16.36,0,0
2019-02-11,tuxtepec,"Tuxtepec, Oax.",18.0833,-96.1167,16,0.0,25.69,16.36,4.879999999999979,11.890000000000006,15.0,0,0
2019-02-12,tuxtepec,"Tuxtepec, Oax.",18.0833,-96.1167,16,1.21,26.46,16.44,2.0599999999999787,13.100000000000005,13.940000000000001,0,0
2019-02-13,tuxtepec,"Tuxtepec, Oax.",18.0833,-96.1167,16,0.24,21.21,15.1,1.4499999999999786,13.340000000000005,13.57,0,0
2019-02-14,tuxtepec,"Tuxtepec, Oax.",18.0833,-96.1167,16,0.0,25.05,15.21,1.4499999999999789,13.340000000000005,13.450000000000001,0,0
2019-02-15,tuxtepec,"Tuxtepec, Oax.",18.0833,-96.1167,16,0.0,30.23,18.9,0.2399999999999789,6.330000000000005,13.350000000000001,0,0
2019-02-16,tuxtepec,"Tuxtepec, Oax.",18.0833,-96.1167,16,0.0,32.5,20.62,0.0,2.300000000000005,13.34,0,0
2019-02-17,tuxtepec,"Tuxtepec, Oax.",18.0833,-96.1167,16,0.0,35.56,20.5,0.0,1.4500000000000053,13.34,0,0
2019-02-18,tuxtepec,"Tuxtepec, Oax.",18.0833,-96.1167,16,1.11,27.67,19.65,1.109999999999979,2.560000000000006,14.45,0,0
2019-02-19,tuxtepec,"Tuxtepec, Oax.",18.0833,-96.1167,16,1.34,29.07,18.41,2.449999999999979,2.6900000000000057,15.79,0,0
2019-02-20,tuxtepec,"Tuxtepec, Oax.",18.0833,-96.1167,16,0.03,31.54,18.02,2.479999999999979,2.4800000000000053,15.819999999999999,0,0
2019-02-21,tuxtepec,"Tuxtepec, Oax.",18.0833,-96.1167,16,0.01,29.32,19.25,1.379999999999979,2.490000000000006,15.83,0,0
2019-02-22,tuxtepec,"Tuxtepec, Oax.",18.0833,-96.1167,16,0.0,32.76,19.2,0.03999999999997891,2.4900000000000055,8.82,0,0
2019-02-23,tuxtepec,"Tuxtepec, Oax.",18.0833,-96.1167,16,0.0,31.24,21.35,0.009999999999978906,2.4900000000000055,4.79,0,0
2019-02-24,tuxtepec,"Tuxtepec, Oax.",18.0833,-96.1167,16,0.43,26.86,18.54,0.4299999999999789,2.9200000000000053,4.37,0,0
2019-02-25,tuxtepec,"Tuxtepec, Oax.",18.0833,-96.1167,16,0.58,25.81,17.39,1.009999999999979,2.3900000000000055,4.95,0,0
2019-02-26,tuxtepec,"Tuxtepec, Oax.",18.0833,-96.1167,16,0.0,28.03,18.08,1.009999999999979,1.0500000000000056,3.74,0,0
2019-02-27,tuxtepec,"Tuxtepec, Oax.",18.0833,-96.1167,16,0.0,29.01,17.39,0.5799999999999789,1.0200000000000053,3.5,0,0
2019-02-28,tuxtepec,"Tuxtepec, Oax.",18.0833,-96.1167,16,0.0,30.5,17.32,0.0,1.0100000000000056,3.5,0,0
2019-03-01,tuxtepec,"Tuxtepec, Oax.",18.0833,-96.1167,16,0.0,29.82,19.5,0.0,1.0100000000000056,3.5,0,0
2019-03-02,tuxtepec,"Tuxtepec, Oax.",18.0833,-96.1167,16,0.0,30.84,20.63,0.0,1.0100000000000056,3.5,0,0
2019-03-03,tuxtepec,"Tuxtepec, Oax.",18.0833,-96.1167,16,0.0,33.64,18.28,0.0,0.5800000000000055,3.5,0,0
2019-03-04,tuxtepec,"Tuxtepec, Oax.",18.0833,-96.1167,16,1.6,29.93,19.23,1.5999999999999788,1.6000000000000056,3.99,0,0
2019-03-05,tuxtepec,"Tuxtepec, Oax.",18.0833,-96.1167,16,3.46,23.23,14.59,5.059999999999979,5.060000000000006,6.11,0,0
2019-03-06,tuxtepec,"Tuxtepec, Oax.",18.0833,-96.1167,16,1.54,22.43,14.25,6.599999999999978,6.600000000000006,7.62,0,0
2019-03-07,tuxtepec,"Tuxtepec, Oax.",18.0833,-96.1167,16,0.01,28.87,15.91,5.009999999999979,6.610000000000006,7.62,0,0
2019-03-08,tuxtepec,"Tuxtepec, Oax.",18.0833,-96.1167,16,0.0,30.71,19.12,1.5499999999999787,6.610000000000006,7.62,0,0
2019-03-09,tuxtepec,"Tuxtepec, Oax.",18.0833,-96.1167,16,0.0,33.1,19.52,0.009999999999978684,6.610000000000006,7.62,0,0
2019-03-10,tuxtepec,"Tuxtepec, Oax.",18.0833,-96.1167,16,0.0,33.73,20.54,0.0,6.610000000000006,7.1899999999999995,0,0
2019-03-11,tuxtepec,"Tuxtepec, Oax.",18.0833,-96.1167,16,0.0,31.81,20.85,0.0,5.010000000000005,6.61,0,0
2019-03-12,tuxtepec,"Tuxtepec, Oax.",18.0833,-96.1167,16,0.0,30.86,19.61,0.0,1.5500000000000058,6.61,0,0
2019-03-13,tuxtepec,"Tuxtepec, Oax.",18.0833,-96.1167,16,0.0,36.65,20.97,0.0,0.010000000000005773,6.61,0,0
2019-03-14,tuxtepec,"Tuxtepec, Oax.",18.0833,-96.1167,16,0.01,36.98,21.39,0.009999999999978684,0.010000000000005773,6.62,0,0
2019-03-15,tuxtepec,"Tuxtepec, Oax.",18.0833,-96.1167,16,4.72,30.31,19.3,4.729999999999978,4.730000000000006,11.34,0,0
2019-03-16,tuxtepec,"Tuxtepec, Oax.",18.0833,-96.1167,16,1.81,24.57,16.47,6.539999999999978,6.540000000000006,13.15,0,0
2019-03-17,tuxtepec,"Tuxtepec, Oax.",18.0833,-96.1167,16,1.44,24.18,16.47,7.969999999999978,7.980000000000006,14.59,0,0
2019-03-18,tuxtepec,"Tuxtepec, Oax.",18.0833,-96.1167,16,2.68,26.72,16.84,5.929999999999978,10.660000000000005,15.669999999999998,0,0
2019-03-19,tuxtepec,"Tuxtepec, Oax.",18.0833,-96.1167,16,2.22,25.96,16.19,6.3399999999999785,12.880000000000006,14.43,0,0
2019-03-20,tuxtepec,"Tuxtepec, Oax.",18.0833,-96.1167,16,1.55,27.5,17.15,6.449999999999979,14.430000000000007,14.440000000000001,0,0
2019-03-21,tuxtepec,"Tuxtepec, Oax.",18.0833,-96.1167,16,3.67,26.91,18.44,7.439999999999978,18.090000000000007,18.099999999999998,0,0
2019-03-22,tuxtepec,"Tuxtepec, Oax.",18.0833,-96.1167,16,1.56,27.96,17.75,6.779999999999978,14.930000000000007,19.66,0,0
2019-03-23,tuxtepec,"Tuxtepec, Oax.",18.0833,-96.1167,16,0.62,30.92,18.85,5.849999999999978,13.740000000000007,20.279999999999998,0,0
2019-03-24,tuxtepec,"Tuxtepec, Oax.",18.0833,-96.1167,16,0.01,31.53,20.08,2.189999999999978,12.310000000000008,20.29,0,0
2019-03-25,tuxtepec,"Tuxtepec, Oax.",18.0833,-96.1167,16,0.0,31.57,18.37,0.6299999999999782,9.630000000000006,20.29,0,0
2019-03-26,tuxtepec,"Tuxtepec, Oax.",18.0833,-96.1167,16,0.0,29.52,16.89,0.00999999999997824,7.410000000000006,20.29,0,0
2019-03-27,tuxtepec,"Tuxtepec, Oax.",18.0833,-96.1167,16,0.0,27.5,17.81,0.0,5.8600000000000065,20.29,0,0
2019-03-28,tuxtepec,"Tuxtepec, Oax.",18.0833,-96.1167,16,0.0,29.09,17.4,0.0,2.190000000000006,20.28,0,0
2019-03-29,tuxtepec,"Tuxtepec, Oax.",18.0833,-96.1167,16,0.0,31.93,15.88,0.0,0.6300000000000062,15.56,0,0
2019-03-30,tuxtepec,"Tuxtepec, Oax.",18.0833,-96.1167,16,0.0,34.9,18.92,0.0,0.010000000000006217,13.75,0,0
2019-03-31,tuxtepec,"Tuxtepec, Oax.",18.0833,-96.1167,16,0.92,31.72,17.27,0.9199999999999783,0.9200000000000063,13.23,0,0
2019-04-01,tuxtepec,"Tuxtepec, Oax.",18.0833,-96.1167,16,0.43,27.97,16.29,1.3499999999999783,1.3500000000000063,10.98,0,0
2019-04-02,tuxtepec,"Tuxtepec, Oax.",18.0833,-96.1167,16,0.1,29.24,17.1,1.4499999999999782,1.4500000000000062,8.86,0,0
2019-04-03,tuxtepec,"Tuxtepec, Oax.",18.0833,-96.1167,16,0.01,33.21,18.6,0.5399999999999783,1.4600000000000062,7.32,0,0
2019-04-04,tuxtepec,"Tuxtepec, Oax.",18.0833,-96.1167,16,0.46,35.71,21.65,0.5699999999999783,1.9200000000000061,4.11,0,0
2019-04-05,tuxtepec,"Tuxtepec, Oax.",18.0833,-96.1167,16,0.0,36.09,23.56,0.46999999999997827,1.9200000000000061,2.55,0,0
2019-04-06,tuxtepec,"Tuxtepec, Oax.",18.0833,-96.1167,16,0.65,37.04,22.26,1.1099999999999783,2.5700000000000065,2.58,0,0
2019-04-07,tuxtepec,"Tuxtepec, Oax.",18.0833,-96.1167,16,2.52,38.54,24.09,3.1699999999999786,4.170000000000006,5.09,0,0
2019-04-08,tuxtepec,"Tuxtepec, Oax.",18.0833,-96.1167,16,7.32,30.5,21.78,10.489999999999979,11.060000000000006,12.41,1,0
2019-04-09,tuxtepec,"Tuxtepec, Oax.",18.0833,-96.1167,16,3.71,31.29,20.72,13.54999999999998,14.670000000000005,16.12,0,0
2019-04-10,tuxtepec,"Tuxtepec, Oax.",18.0833,-96.1167,16,0.0,34.72,19.44,11.02999999999998,14.660000000000007,16.12,0,0
2019-04-11,tuxtepec,"Tuxtepec, Oax.",18.0833,-96.1167,16,0.0,41.0,19.82,3.7099999999999786,14.200000000000006,16.12,0,0
2019-04-12,tuxtepec,"Tuxtepec, Oax.",18.0833,-96.1167,16,0.0,36.53,21.11,0.0,14.200000000000006,16.12,0,0
2019-04-13,tuxtepec,"Tuxtepec, Oax.",18.0833,-96.1167,16,0.0,40.19,18.46,0.0,13.550000000000004,16.12,0,0
2019-04-14,tuxtepec,"Tuxtepec, Oax.",18.0833,-96.1167,16,0.09,29.49,18.1,0.08999999999997868,11.120000000000006,15.290000000000001,0,0
2019-04-15,tuxtepec,"Tuxtepec, Oax.",18.0833,-96.1167,16,0.0,30.79,15.78,0.08999999999997868,3.800000000000005,14.860000000000001,0,0
2019-04-16,tuxtepec,"Tuxtepec, Oax.",18.0833,-96.1167,16,0.0,34.57,18.3,0.08999999999997868,0.09000000000000533,14.760000000000002,0,0
2019-04-17,tuxtepec,"Tuxtepec, Oax.",18.0833,-96.1167,16,0.0,37.37,22.26,0.0,0.09000000000000533,14.75,0,0
2019-04-18,tuxtepec,"Tuxtepec, Oax.",18.0833,-96.1167,16,0.03,40.23,23.09,0.029999999999978683,0.12000000000000532,14.32,0,0
2019-04-19,tuxtepec,"Tuxtepec, Oax.",18.0833,-96.1167,16,0.07,30.42,18.81,0.09999999999997869,0.19000000000000533,14.39,0,0
2019-04-20,tuxtepec,"Tuxtepec, Oax.",18.0833,-96.1167,16,0.03,32.4,16.74,0.1299999999999787,0.22000000000000533,13.77,0,0
2019-04-21,tuxtepec,"Tuxtepec, Oax.",18.0833,-96.1167,16,0.0,34.75,18.23,0.09999999999997869,0.13000000000000533,11.25,0,0
2019-04-22,tuxtepec,"Tuxtepec, Oax.",18.0833,-96.1167,16,0.0,35.95,19.78,0.029999999999978683,0.13000000000000533,3.93,0,0
2019-04-23,tuxtepec,"Tuxtepec, Oax.",18.0833,-96.1167,16,0.0,36.72,21.01,0.0,0.13000000000000533,0.22,0,0
2019-04-24,tuxtepec,"Tuxtepec, Oax.",18.0833,-96.1167,16,0.0,38.99,22.7,0.0,0.13000000000000533,0.22,0,0
2019-04-25,tuxtepec,"Tuxtepec, Oax.",18.0833,-96.1167,16,0.03,36.98,23.36,0.029999999999978683,0.13000000000000533,0.25,0,0
2019-04-26,tuxtepec,"Tuxtepec, Oax.",18.0833,-96.1167,16,0.46,32.39,20.28,0.4899999999999787,0.5200000000000053,0.71,0,0
2019-04-27,tuxtepec,"Tuxtepec, Oax.",18.0833,-96.1167,16,0.0,33.89,18.42,0.48999999999997873,0.4900000000000053,0.71,0,0
2019-04-28,tuxtepec,"Tuxtepec, Oax.",18.0833,-96.1167,16,0.01,37.37,20.79,0.46999999999997877,0.5000000000000053,0.63,0,0
2019-04-29,tuxtepec,"Tuxtepec, Oax.",18.0833,-96.1167,16,0.02,37.82,23.3,0.029999999999978683,0.5200000000000053,0.65,0,0
2019-04-30,tuxtepec,"Tuxtepec, Oax.",18.0833,-96.1167,16,0.0,38.26,24.33,0.029999999999978683,0.5200000000000053,0.65,0,0
2019-05-01,tuxtepec,"Tuxtepec, Oax.",18.0833,-96.1167,16,0.0,39.1,23.34,0.01999999999997868,0.5200000000000053,0.65,0,0
2019-05-02,tuxtepec,"Tuxtepec, Oax.",18.0833,-96.1167,16,0.25,39.3,24.35,0.24999999999997868,0.7400000000000053,0.87,0,0
2019-05-03,tuxtepec,"Tuxtepec, Oax.",18.0833,-96.1167,16,0.12,38.81,25.04,0.3699999999999787,0.40000000000000535,0.92,0,0
2019-05-04,tuxtepec,"Tuxtepec, Oax.",18.0833,-96.1167,16,5.49,39.51,25.1,5.859999999999979,5.890000000000006,6.38,1,0
2019-05-05,tuxtepec,"Tuxtepec, Oax.",18.0833,-96.1167,16,4.83,36.14,24.29,10.43999999999998,10.710000000000006,11.21,0,0
2019-05-06,tuxtepec,"Tuxtepec, Oax.",18.0833,-96.1167,16,3.77,38.11,24.21,14.08999999999998,14.460000000000006,14.98,0,0
2019-05-07,tuxtepec,"Tuxtepec, Oax.",18.0833,-96.1167,16,1.31,39.73,24.82,9.909999999999979,15.770000000000007,16.29,0,0
2019-05-08,tuxtepec,"Tuxtepec, Oax.",18.0833,-96.1167,16,0.0,40.74,25.12,5.079999999999979,15.770000000000007,16.29,0,0
2019-05-09,tuxtepec,"Tuxtepec, Oax.",18.0833,-96.1167,16,0.0,42.78,25.18,1.3099999999999787,15.520000000000007,16.259999999999998,0,0
2019-05-10,tuxtepec,"Tuxtepec, Oax.",18.0833,-96.1167,16,0.0,37.7,25.28,0.0,15.400000000000006,15.8,0,0
2019-05-11,tuxtepec,"Tuxtepec, Oax.",18.0833,-96.1167,16,0.0,38.16,24.69,0.0,9.910000000000005,15.8,0,0
2019-05-12,tuxtepec,"Tuxtepec, Oax.",18.0833,-96.1167,16,0.0,38.68,25.11,0.0,5.080000000000005,15.79,0,0
2019-05-13,tuxtepec,"Tuxtepec, Oax.",18.0833,-96.1167,16,0.0,39.11,24.21,0.0,1.3100000000000054,15.77,0,0
2019-05-14,tuxtepec,"Tuxtepec, Oax.",18.0833,-96.1167,16,0.0,38.35,23.53,0.0,0.0,15.77,0,0
2019-05-15,tuxtepec,"Tuxtepec, Oax.",18.0833,-96.1167,16,9.83,35.66,24.87,9.829999999999979,9.830000000000005,25.6,1,0
2019-05-16,tuxtepec,"Tuxtepec, Oax.",18.0833,-96.1167,16,7.8,33.57,24.14,17.629999999999978,17.630000000000006,33.15,2,0
2019-05-17,tuxtepec,"Tuxtepec, Oax.",18.0833,-96.1167,16,2.5,35.8,24.68,20.129999999999978,20.130000000000006,35.53,0,0
2019-05-18,tuxtepec,"Tuxtepec, Oax.",18.0833,-96.1167,16,0.09,39.83,25.06,10.38999999999998,20.220000000000006,30.130000000000003,0,0
2019-05-19,tuxtepec,"Tuxtepec, Oax.",18.0833,-96.1167,16,0.01,40.09,25.04,2.5999999999999788,20.230000000000004,25.31,0,0
2019-05-20,tuxtepec,"Tuxtepec, Oax.",18.0833,-96.1167,16,0.0,38.57,24.45,0.09999999999997868,20.230000000000004,21.54,0,0
2019-05-21,tuxtepec,"Tuxtepec, Oax.",18.0833,-96.1167,16,0.1,40.99,25.26,0.10999999999997868,20.330000000000005,20.330000000000002,0,0
2019-05-22,tuxtepec,"Tuxtepec, Oax.",18.0833,-96.1167,16,0.45,39.99,25.48,0.5499999999999787,10.950000000000005,20.78,0,0
2019-05-23,tuxtepec,"Tuxtepec, Oax.",18.0833,-96.1167,16,12.05,37.78,25.26,12.59999999999998,15.200000000000006,32.83,1,0
2019-05-24,tuxtepec,"Tuxtepec, Oax.",18.0833,-96.1167,16,6.55,34.58,23.44,19.04999999999998,19.250000000000007,39.38,2,0
2019-05-25,tuxtepec,"Tuxtepec, Oax.",18.0833,-96.1167,16,2.44,33.62,22.88,21.03999999999998,21.600000000000005,41.82,0,0
2019-05-26,tuxtepec,"Tuxtepec, Oax.",18.0833,-96.1167,16,1.12,33.52,22.36,10.109999999999978,22.710000000000004,42.940000000000005,0,0
2019-05-27,tuxtepec,"Tuxtepec, Oax.",18.0833,-96.1167,16,0.15,34.73,22.53,3.7099999999999786,22.860000000000007,43.09,0,0
2019-05-28,tuxtepec,"Tuxtepec, Oax.",18.0833,-96.1167,16,0.3,36.87,23.43,1.5699999999999787,23.060000000000006,43.39,0,0
2019-05-29,tuxtepec,"Tuxtepec, Oax.",18.0833,-96.1167,16,0.4,37.99,24.62,0.8499999999999787,23.01000000000001,33.96,0,0
2019-05-30,tuxtepec,"Tuxtepec, Oax.",18.0833,-96.1167,16,29.71,36.36,25.6,30.40999999999998,40.67000000000001,55.870000000000005,1,1
2019-05-31,tuxtepec,"Tuxtepec, Oax.",18.0833,-96.1167,16,16.92,28.6,24.24,47.02999999999998,51.04000000000001,70.29,2,0
2019-06-01,tuxtepec,"Tuxtepec, Oax.",18.0833,-96.1167,16,8.41,29.59,22.93,55.03999999999998,57.010000000000005,78.61,3,0
2019-06-02,tuxtepec,"Tuxtepec, Oax.",18.0833,-96.1167,16,11.74,29.22,23.24,37.06999999999998,67.63000000000001,90.34,4,0
2019-06-03,tuxtepec,"Tuxtepec, Oax.",18.0833,-96.1167,16,32.66,28.73,23.73,52.809999999999974,100.14,123.0,5,1
2019-06-04,tuxtepec,"Tuxtepec, Oax.",18.0833,-96.1167,16,10.1,29.31,22.96,54.49999999999998,109.94,133.0,6,0
2019-06-05,tuxtepec,"Tuxtepec, Oax.",18.0833,-96.1167,16,1.18,34.88,24.46,43.939999999999976,110.72000000000001,133.73000000000002,0,0
2019-06-06,tuxtepec,"Tuxtepec, Oax.",18.0833,-96.1167,16,9.64,33.67,25.42,20.91999999999998,90.65,131.32,1,0
2019-06-07,tuxtepec,"Tuxtepec, Oax.",18.0833,-96.1167,16,7.01,33.63,25.68,17.829999999999977,80.74000000000001,131.78,2,0
2019-06-08,tuxtepec,"Tuxtepec, Oax.",18.0833,-96.1167,16,0.29,33.66,25.58,16.93999999999998,72.62,129.63,0,0
2019-06-09,tuxtepec,"Tuxtepec, Oax.",18.0833,-96.1167,16,0.91,31.78,25.12,8.209999999999978,61.790000000000006,129.42,0,0
2019-06-10,tuxtepec,"Tuxtepec, Oax.",18.0833,-96.1167,16,5.34,31.03,23.81,6.539999999999979,34.470000000000006,134.60999999999999,1,0
2019-06-11,tuxtepec,"Tuxtepec, Oax.",18.0833,-96.1167,16,4.13,30.31,22.85,10.379999999999978,28.500000000000007,138.44,0,0
2019-06-12,tuxtepec,"Tuxtepec, Oax.",18.0833,-96.1167,16,1.36,33.29,21.97,10.829999999999979,28.680000000000007,139.4,0,0
2019-06-13,tuxtepec,"Tuxtepec, Oax.",18.0833,-96.1167,16,15.47,29.83,22.63,20.95999999999998,34.510000000000005,125.16,1,0
2019-06-14,tuxtepec,"Tuxtepec, Oax.",18.0833,-96.1167,16,11.48,28.6,22.81,28.30999999999998,38.980000000000004,119.72,2,0
2019-06-15,tuxtepec,"Tuxtepec, Oax.",18.0833,-96.1167,16,1.24,30.07,22.26,28.18999999999998,39.93000000000001,112.55,0,0
2019-06-16,tuxtepec,"Tuxtepec, Oax.",18.0833,-96.1167,16,1.35,32.45,24.15,14.069999999999979,40.370000000000005,102.16000000000001,0,0
2019-06-17,tuxtepec,"Tuxtepec, Oax.",18.0833,-96.1167,16,2.03,33.19,24.67,4.619999999999979,37.06000000000001,71.52999999999999,0,0
2019-06-18,tuxtepec,"Tuxtepec, Oax.",18.0833,-96.1167,16,8.76,32.53,24.38,12.13999999999998,41.690000000000005,70.19,1,0
2019-06-19,tuxtepec,"Tuxtepec, Oax.",18.0833,-96.1167,16,0.7,32.07,24.72,11.489999999999977,41.03000000000001,69.71000000000001,0,0
2019-06-20,tuxtepec,"Tuxtepec, Oax.",18.0833,-96.1167,16,1.22,33.64,25.05,10.679999999999977,26.78000000000001,61.29,0,0
2019-06-21,tuxtepec,"Tuxtepec, Oax.",18.0833,-96.1167,16,4.07,32.6,25.24,5.989999999999979,19.370000000000005,58.35,0,0
2019-06-22,tuxtepec,"Tuxtepec, Oax.",18.0833,-96.1167,16,5.83,32.9,24.94,11.11999999999998,23.960000000000008,63.89,1,0
2019-06-23,tuxtepec,"Tuxtepec, Oax.",18.0833,-96.1167,16,3.52,34.71,24.45,13.41999999999998,26.130000000000006,66.5,0,0
2019-06-24,tuxtepec,"Tuxtepec, Oax.",18.0833,-96.1167,16,0.51,34.75,24.86,9.85999999999998,24.610000000000007,61.67,0,0
2019-06-25,tuxtepec,"Tuxtepec, Oax.",18.0833,-96.1167,16,2.82,35.18,24.59,6.849999999999978,18.67000000000001,60.36,0,0
2019-06-26,tuxtepec,"Tuxtepec, Oax.",18.0833,-96.1167,16,10.59,28.54,23.62,13.919999999999979,28.56000000000001,69.59,1,0
2019-06-27,tuxtepec,"Tuxtepec, Oax.",18.0833,-96.1167,16,28.38,29.13,22.04,41.78999999999998,55.720000000000006,82.5,2,1
2019-06-28,tuxtepec,"Tuxtepec, Oax.",18.0833,-96.1167,16,13.99,28.88,21.15,52.95999999999998,65.64,85.00999999999999,3,0
2019-06-29,tuxtepec,"Tuxtepec, Oax.",18.0833,-96.1167,16,5.29,27.09,20.45,47.659999999999975,65.10000000000001,89.06,4,0
2019-06-30,tuxtepec,"Tuxtepec, Oax.",18.0833,-96.1167,16,14.8,29.09,20.29,34.079999999999984,76.38000000000001,102.50999999999999,5,0
2019-07-01,tuxtepec,"Tuxtepec, Oax.",18.0833,-96.1167,16,5.19,28.54,22.0,25.27999999999998,81.06,105.67,6,0
2019-07-02,tuxtepec,"Tuxtepec, Oax.",18.0833,-96.1167,16,3.32,29.34,23.74,23.30999999999998,81.56,100.23,0,0
2019-07-03,tuxtepec,"Tuxtepec, Oax.",18.0833,-96.1167,16,0.13,30.14,22.83,8.63999999999998,71.10000000000001,99.66,0,0
2019-07-04,tuxtepec,"Tuxtepec, Oax.",18.0833,-96.1167,16,0.03,30.93,23.02,3.4799999999999787,42.75000000000001,98.47,0,0
2019-07-05,tuxtepec,"Tuxtepec, Oax.",18.0833,-96.1167,16,6.18,31.47,22.32,6.3399999999999785,34.940000000000005,100.58000000000001,1,0
2019-07-06,tuxtepec,"Tuxtepec, Oax.",18.0833,-96.1167,16,4.89,28.14,22.69,11.099999999999978,34.540000000000006,99.64,0,0
2019-07-07,tuxtepec,"Tuxtepec, Oax.",18.0833,-96.1167,16,1.89,29.59,22.12,12.95999999999998,21.630000000000006,98.01,0,0
2019-07-08,tuxtepec,"Tuxtepec, Oax.",18.0833,-96.1167,16,4.31,29.56,22.84,11.089999999999979,20.750000000000004,101.81,0,0
2019-07-09,tuxtepec,"Tuxtepec, Oax.",18.0833,-96.1167,16,7.85,29.87,23.85,14.049999999999978,25.280000000000005,106.84,1,0
2019-07-10,tuxtepec,"Tuxtepec, Oax.",18.0833,-96.1167,16,3.73,30.22,23.82,15.889999999999977,28.880000000000006,99.97999999999999,0,0
2019-07-11,tuxtepec,"Tuxtepec, Oax.",18.0833,-96.1167,16,2.86,30.69,23.59,14.439999999999978,31.710000000000004,74.46,0,0
2019-07-12,tuxtepec,"Tuxtepec, Oax.",18.0833,-96.1167,16,5.53,30.72,23.65,12.11999999999998,31.06000000000001,66.0,1,0
2019-07-13,tuxtepec,"Tuxtepec, Oax.",18.0833,-96.1167,16,1.22,30.35,23.52,9.609999999999978,27.390000000000008,61.93,0,0
2019-07-14,tuxtepec,"Tuxtepec, Oax.",18.0833,-96.1167,16,3.1,30.09,24.16,9.84999999999998,28.60000000000001,50.23,0,0
2019-07-15,tuxtepec,"Tuxtepec, Oax.",18.0833,-96.1167,16,4.6,29.92,23.79,8.919999999999979,28.890000000000008,49.64,0,0
2019-07-16,tuxtepec,"Tuxtepec, Oax.",18.0833,-96.1167,16,20.37,28.9,23.06,28.06999999999998,41.41000000000001,66.69,1,1
2019-07-17,tuxtepec,"Tuxtepec, Oax.",18.0833,-96.1167,16,7.04,28.88,22.87,32.00999999999998,44.72000000000001,73.60000000000001,2,0
2019-07-18,tuxtepec,"Tuxtepec, Oax.",18.0833,-96.1167,16,3.84,27.13,21.56,31.24999999999998,45.70000000000001,77.41,0,0
2019-07-19,tuxtepec,"Tuxtepec, Oax.",18.0833,-96.1167,16,1.41,29.43,21.59,12.289999999999978,41.58000000000001,72.64,0,0
2019-07-20,tuxtepec,"Tuxtepec, Oax.",18.0833,-96.1167,16,8.43,29.7,21.96,13.679999999999978,48.790000000000006,76.17999999999999,1,0
2019-07-21,tuxtepec,"Tuxtepec, Oax.",18.0833,-96.1167,16,11.84,30.72,22.18,21.67999999999998,57.53000000000001,86.13,2,0
2019-07-22,tuxtepec,"Tuxtepec, Oax.",18.0833,-96.1167,16,12.28,29.21,22.73,32.549999999999976,65.21000000000001,94.10000000000001,3,0
2019-07-23,tuxtepec,"Tuxtepec, Oax.",18.0833,-96.1167,16,7.98,29.2,22.87,32.09999999999998,52.82,94.22999999999999,4,0
2019-07-24,tuxtepec,"Tuxtepec, Oax.",18.0833,-96.1167,16,22.24,29.84,21.93,42.49999999999997,68.02000000000001,112.74000000000001,5,1
2019-07-25,tuxtepec,"Tuxtepec, Oax.",18.0833,-96.1167,16,9.41,27.95,21.94,39.629999999999974,73.59,119.29,6,0
2019-07-26,tuxtepec,"Tuxtepec, Oax.",18.0833,-96.1167,16,10.32,27.88,21.49,41.96999999999998,82.5,124.08,7,0
2019-07-27,tuxtepec,"Tuxtepec, Oax.",18.0833,-96.1167,16,4.5,26.52,21.67,24.229999999999976,78.57000000000001,127.36,0,0
2019-07-28,tuxtepec,"Tuxtepec, Oax.",18.0833,-96.1167,16,14.19,27.4,21.05,29.009999999999977,80.92,138.45,1,0
2019-07-29,tuxtepec,"Tuxtepec, Oax.",18.0833,-96.1167,16,7.04,28.65,21.93,25.729999999999976,75.68,140.89,2,0
2019-07-30,tuxtepec,"Tuxtepec, Oax.",18.0833,-96.1167,16,4.17,28.51,21.87,25.399999999999974,71.87,124.69,0,0
2019-07-31,tuxtepec,"Tuxtepec, Oax.",18.0833,-96.1167,16,5.1,28.67,21.26,16.309999999999974,54.730000000000004,122.74999999999999,1,0
2019-08-01,tuxtepec,"Tuxtepec, Oax.",18.0833,-96.1167,16,8.31,28.39,21.83,17.579999999999977,53.63000000000001,127.22,2,0
2019-08-02,tuxtepec,"Tuxtepec, Oax.",18.0833,-96.1167,16,1.74,28.83,21.87,15.149999999999975,45.050000000000004,127.54999999999998,0,0
2019-08-03,tuxtepec,"Tuxtepec, Oax.",18.0833,-96.1167,16,2.16,30.08,22.01,12.209999999999976,42.71000000000001,121.28,0,0
2019-08-04,tuxtepec,"Tuxtepec, Oax.",18.0833,-96.1167,16,4.1,30.46,22.77,7.999999999999977,32.620000000000005,113.53999999999999,0,0
2019-08-05,tuxtepec,"Tuxtepec, Oax.",18.0833,-96.1167,16,6.9,30.51,23.59,13.159999999999977,32.480000000000004,108.16,1,0
2019-08-06,tuxtepec,"Tuxtepec, Oax.",18.0833,-96.1167,16,4.38,29.74,24.07,15.379999999999978,32.690000000000005,104.56,0,0
2019-08-07,tuxtepec,"Tuxtepec, Oax.",18.0833,-96.1167,16,5.37,29.75,23.98,16.649999999999977,32.96000000000001,87.69,1,0
2019-08-08,tuxtepec,"Tuxtepec, Oax.",18.0833,-96.1167,16,8.62,29.34,23.55,18.369999999999976,33.27000000000001,86.89999999999999,2,0
2019-08-09,tuxtepec,"Tuxtepec, Oax.",18.0833,-96.1167,16,22.0,28.53,24.08,35.98999999999998,53.53000000000001,98.58,3,1
2019-08-10,tuxtepec,"Tuxtepec, Oax.",18.0833,-96.1167,16,3.51,30.58,23.47,34.129999999999974,54.88,97.59,0,0
2019-08-11,tuxtepec,"Tuxtepec, Oax.",18.0833,-96.1167,16,8.25,28.33,23.42,33.75999999999998,59.03,91.65,1,0
2019-08-12,tuxtepec,"Tuxtepec, Oax.",18.0833,-96.1167,16,14.07,28.56,23.04,25.829999999999977,66.2,98.67999999999999,2,0
2019-08-13,tuxtepec,"Tuxtepec, Oax.",18.0833,-96.1167,16,2.1,30.17,23.55,24.41999999999998,63.92000000000001,96.61,0,0
2019-08-14,tuxtepec,"Tuxtepec, Oax.",18.0833,-96.1167,16,1.22,29.67,23.05,17.38999999999998,59.77,92.73,0,0
2019-08-15,tuxtepec,"Tuxtepec, Oax.",18.0833,-96.1167,16,3.77,29.6,23.29,7.0899999999999785,54.92000000000001,88.19,0,0
2019-08-16,tuxtepec,"Tuxtepec, Oax.",18.0833,-96.1167,16,0.61,30.03,23.49,5.599999999999979,33.53000000000001,87.06,0,0
2019-08-17,tuxtepec,"Tuxtepec, Oax.",18.0833,-96.1167,16,0.94,30.74,24.5,5.319999999999978,30.960000000000008,85.83999999999999,0,0
2019-08-18,tuxtepec,"Tuxtepec, Oax.",18.0833,-96.1167,16,2.34,29.8,24.05,3.8899999999999784,25.050000000000008,84.08,0,0
2019-08-19,tuxtepec,"Tuxtepec, Oax.",18.0833,-96.1167,16,21.45,28.94,23.16,24.72999999999998,32.43000000000001,98.63,1,1
2019-08-20,tuxtepec,"Tuxtepec, Oax.",18.0833,-96.1167,16,17.73,28.01,22.12,41.51999999999998,48.06,111.97999999999999,2,0
2019-08-21,tuxtepec,"Tuxtepec, Oax.",18.0833,-96.1167,16,0.88,28.3,21.65,40.05999999999998,47.720000000000006,107.49,0,0
2019-08-22,tuxtepec,"Tuxtepec, Oax.",18.0833,-96.1167,16,5.77,28.68,22.75,24.379999999999978,49.72,104.64,1,0
2019-08-23,tuxtepec,"Tuxtepec, Oax.",18.0833,-96.1167,16,3.21,32.26,23.37,9.859999999999978,52.32,85.85,0,0
2019-08-24,tuxtepec,"Tuxtepec, Oax.",18.0833,-96.1167,16,1.7,33.55,24.74,10.679999999999977,53.080000000000005,84.03999999999999,0,0
2019-08-25,tuxtepec,"Tuxtepec, Oax.",18.0833,-96.1167,16,0.42,30.73,24.44,5.329999999999979,51.160000000000004,76.21,0,0
2019-08-26,tuxtepec,"Tuxtepec, Oax.",18.0833,-96.1167,16,0.05,31.65,24.07,2.1699999999999786,29.760000000000005,62.19,0,0
2019-08-27,tuxtepec,"Tuxtepec, Oax.",18.0833,-96.1167,16,1.65,32.13,23.08,2.119999999999979,13.680000000000003,61.739999999999995,0,0
2019-08-28,tuxtepec,"Tuxtepec, Oax.",18.0833,-96.1167,16,3.05,28.68,23.36,4.749999999999979,15.850000000000001,63.56999999999999,0,0
2019-08-29,tuxtepec,"Tuxtepec, Oax.",18.0833,-96.1167,16,2.56,28.54,22.77,7.2599999999999785,12.640000000000002,62.36,0,0
2019-08-30,tuxtepec,"Tuxtepec, Oax.",18.0833,-96.1167,16,0.24,29.31,22.97,5.849999999999978,9.670000000000003,61.99,0,0
2019-08-31,tuxtepec,"Tuxtepec, Oax.",18.0833,-96.1167,16,0.06,30.52,21.73,2.8599999999999786,8.030000000000003,61.10999999999999,0,0
2019-09-01,tuxtepec,"Tuxtepec, Oax.",18.0833,-96.1167,16,2.41,30.09,21.61,2.7099999999999786,10.020000000000003,61.18,0,0
2019-09-02,tuxtepec,"Tuxtepec, Oax.",18.0833,-96.1167,16,1.02,30.57,22.36,3.4899999999999785,10.990000000000002,40.75,0,0
2019-09-03,tuxtepec,"Tuxtepec, Oax.",18.0833,-96.1167,16,3.61,31.74,21.5,7.039999999999979,12.950000000000003,26.63,0,0
2019-09-04,tuxtepec,"Tuxtepec, Oax.",18.0833,-96.1167,16,8.06,31.9,23.44,12.68999999999998,17.960000000000004,33.81,1,0
2019-09-05,tuxtepec,"Tuxtepec, Oax.",18.0833,-96.1167,16,3.51,31.53,23.64,15.179999999999978,18.910000000000004,31.55,0,0
2019-09-06,tuxtepec,"Tuxtepec, Oax.",18.0833,-96.1167,16,5.09,29.28,22.83,16.65999999999998,23.760000000000005,33.43,1,0
2019-09-07,tuxtepec,"Tuxtepec, Oax.",18.0833,-96.1167,16,8.75,27.76,22.36,17.349999999999977,32.45,40.480000000000004,2,0
2019-09-08,tuxtepec,"Tuxtepec, Oax.",18.0833,-96.1167,16,6.87,29.22,21.55,20.709999999999976,36.910000000000004,46.93,3,0
2019-09-09,tuxtepec,"Tuxtepec, Oax.",18.0833,-96.1167,16,9.98,27.74,22.99,25.599999999999977,45.870000000000005,56.86,4,0
2019-09-10,tuxtepec,"Tuxtepec, Oax.",18.0833,-96.1167,16,5.03,28.9,22.57,21.879999999999978,47.29,60.24,5,0
2019-09-11,tuxtepec,"Tuxtepec, Oax.",18.0833,-96.1167,16,12.32,27.12,21.95,27.329999999999977,51.55000000000001,69.51,6,0
2019-09-12,tuxtepec,"Tuxtepec, Oax.",18.0833,-96.1167,16,26.81,27.42,21.19,44.159999999999975,74.85,93.75999999999999,7,1
2019-09-13,tuxtepec,"Tuxtepec, Oax.",18.0833,-96.1167,16,13.07,27.2,20.83,52.199999999999974,82.83,106.59,8,0
2019-09-14,tuxtepec,"Tuxtepec, Oax.",18.0833,-96.1167,16,18.75,27.51,21.5,58.629999999999974,92.83,125.28,9,0
2019-09-15,tuxtepec,"Tuxtepec, Oax.",18.0833,-96.1167,16,3.04,27.5,21.89,34.85999999999998,89.00000000000001,125.91000000000001,0,0
2019-09-16,tuxtepec,"Tuxtepec, Oax.",18.0833,-96.1167,16,0.45,27.77,21.72,22.239999999999974,79.47,125.34,0,0
2019-09-17,tuxtepec,"Tuxtepec, Oax.",18.0833,-96.1167,16,3.61,28.76,22.12,7.099999999999975,78.05,125.33999999999999,0,0
2019-09-18,tuxtepec,"Tuxtepec, Oax.",18.0833,-96.1167,16,0.84,29.9,22.53,4.8999999999999755,66.57,118.12,0,0
2019-09-19,tuxtepec,"Tuxtepec, Oax.",18.0833,-96.1167,16,0.62,28.19,23.26,5.069999999999975,40.38000000000001,115.23,0,0
2019-09-20,tuxtepec,"Tuxtepec, Oax.",18.0833,-96.1167,16,1.08,29.21,23.22,2.539999999999975,28.390000000000004,111.22,0,0
2019-09-21,tuxtepec,"Tuxtepec, Oax.",18.0833,-96.1167,16,5.28,28.34,22.07,6.979999999999976,14.920000000000003,107.75,1,0
2019-09-22,tuxtepec,"Tuxtepec, Oax.",18.0833,-96.1167,16,2.07,28.96,21.71,8.429999999999975,13.950000000000003,102.95,0,0
2019-09-23,tuxtepec,"Tuxtepec, Oax.",18.0833,-96.1167,16,2.79,28.75,21.21,10.139999999999976,16.290000000000003,95.76,0,0
2019-09-24,tuxtepec,"Tuxtepec, Oax.",18.0833,-96.1167,16,17.25,28.53,21.91,22.109999999999975,29.930000000000003,107.98,1,0
2019-09-25,tuxtepec,"Tuxtepec, Oax.",18.0833,-96.1167,16,11.35,30.26,23.27,31.389999999999972,40.440000000000005,107.00999999999999,2,0
2019-09-26,tuxtepec,"Tuxtepec, Oax.",18.0833,-96.1167,16,6.09,29.03,23.51,34.689999999999976,45.910000000000004,86.28999999999999,3,0
2019-09-27,tuxtepec,"Tuxtepec, Oax.",18.0833,-96.1167,16,13.67,27.73,21.72,31.109999999999975,58.5,86.89,4,0
2019-09-28,tuxtepec,"Tuxtepec, Oax.",18.0833,-96.1167,16,20.4,27.66,22.68,40.159999999999975,73.62,88.53999999999999,5,1
2019-09-29,tuxtepec,"Tuxtepec, Oax.",18.0833,-96.1167,16,10.53,29.36,23.33,44.59999999999997,82.08,96.02999999999999,6,0
2019-09-30,tuxtepec,"Tuxtepec, Oax.",18.0833,-96.1167,16,7.09,31.06,22.88,38.019999999999975,86.38,102.67,7,0
2019-10-01,tuxtepec,"Tuxtepec, Oax.",18.0833,-96.1167,16,19.56,27.69,23.11,37.17999999999997,88.69,118.62,8,0
2019-10-02,tuxtepec,"Tuxtepec, Oax.",18.0833,-96.1167,16,8.6,27.77,22.23,35.24999999999997,85.94,126.38,9,0
2019-10-03,tuxtepec,"Tuxtepec, Oax.",18.0833,-96.1167,16,3.05,27.86,21.75,31.209999999999972,82.9,128.81,0,0
2019-10-04,tuxtepec,"Tuxtepec, Oax.",18.0833,-96.1167,16,6.84,27.48,22.21,18.48999999999997,76.07,134.57,1,0
2019-10-05,tuxtepec,"Tuxtepec, Oax.",18.0833,-96.1167,16,7.89,28.63,22.35,17.779999999999973,63.56,137.18,2,0
2019-10-06,tuxtepec,"Tuxtepec, Oax.",18.0833,-96.1167,16,8.68,28.79,22.3,23.409999999999968,61.71000000000001,143.79,3,0
2019-10-07,tuxtepec,"Tuxtepec, Oax.",18.0833,-96.1167,16,24.01,26.45,22.68,40.57999999999997,78.63,165.01000000000002,4,1
2019-10-08,tuxtepec,"Tuxtepec, Oax.",18.0833,-96.1167,16,27.61,25.42,22.33,60.29999999999997,86.68,175.36999999999998,5,1
2019-10-09,tuxtepec,"Tuxtepec, Oax.",18.0833,-96.1167,16,19.33,27.35,21.79,70.94999999999997,97.41000000000001,183.35,6,0
2019-10-10,tuxtepec,"Tuxtepec, Oax.",18.0833,-96.1167,16,2.44,28.67,22.73,49.379999999999974,96.8,179.7,0,0
2019-10-11,tuxtepec,"Tuxtepec, Oax.",18.0833,-96.1167,16,9.07,28.44,23.17,30.839999999999975,99.03000000000002,175.1,1,0
2019-10-12,tuxtepec,"Tuxtepec, Oax.",18.0833,-96.1167,16,16.28,27.03,20.87,27.789999999999978,107.42000000000002,170.98,2,0
2019-10-13,tuxtepec,"Tuxtepec, Oax.",18.0833,-96.1167,16,3.26,26.5,20.4,28.609999999999978,102.0,163.70999999999998,0,0
2019-10-14,tuxtepec,"Tuxtepec, Oax.",18.0833,-96.1167,16,2.39,26.63,20.63,21.929999999999975,80.38000000000001,159.01,0,0
2019-10-15,tuxtepec,"Tuxtepec, Oax.",18.0833,-96.1167,16,3.28,26.98,21.69,8.929999999999975,56.050000000000004,142.73,0,0
2019-10-16,tuxtepec,"Tuxtepec, Oax.",18.0833,-96.1167,16,15.92,24.52,21.1,21.589999999999975,52.64000000000001,150.04999999999998,1,0
2019-10-17,tuxtepec,"Tuxtepec, Oax.",18.0833,-96.1167,16,8.55,29.07,21.36,27.749999999999975,58.75000000000001,155.55,2,0
2019-10-18,tuxtepec,"Tuxtepec, Oax.",18.0833,-96.1167,16,1.5,29.22,21.72,25.969999999999978,51.18000000000001,150.21,0,0
2019-10-19,tuxtepec,"Tuxtepec, Oax.",18.0833,-96.1167,16,2.98,31.84,23.04,13.029999999999976,37.88000000000001,145.29999999999998,0,0
2019-10-20,tuxtepec,"Tuxtepec, Oax.",18.0833,-96.1167,16,1.18,30.97,24.13,5.659999999999975,35.80000000000001,137.8,0,0
2019-10-21,tuxtepec,"Tuxtepec, Oax.",18.0833,-96.1167,16,0.47,32.26,23.59,4.629999999999975,33.88000000000001,114.25999999999999,0,0
2019-10-22,tuxtepec,"Tuxtepec, Oax.",18.0833,-96.1167,16,12.32,26.38,23.02,13.969999999999976,42.92000000000001,98.97,1,0
2019-10-23,tuxtepec,"Tuxtepec, Oax.",18.0833,-96.1167,16,17.2,24.68,22.07,29.989999999999974,44.2,96.83999999999999,2,0
2019-10-24,tuxtepec,"Tuxtepec, Oax.",18.0833,-96.1167,16,7.84,26.59,22.07,37.35999999999998,43.49000000000001,102.24,3,0
2019-10-25,tuxtepec,"Tuxtepec, Oax.",18.0833,-96.1167,16,28.7,27.04,18.67,53.73999999999998,70.69000000000001,121.87,4,1
2019-10-26,tuxtepec,"Tuxtepec, Oax.",18.0833,-96.1167,16,7.05,22.22,17.67,43.589999999999975,74.76,112.64,5,0
2019-10-27,tuxtepec,"Tuxtepec, Oax.",18.0833,-96.1167,16,0.02,25.52,17.04,35.76999999999997,73.60000000000001,109.39999999999999,0,0
2019-10-28,tuxtepec,"Tuxtepec, Oax.",18.0833,-96.1167,16,1.18,27.5,19.1,8.249999999999975,74.31000000000002,108.19,0,0
2019-10-29,tuxtepec,"Tuxtepec, Oax.",18.0833,-96.1167,16,6.66,28.53,21.93,7.8599999999999755,68.65,111.57,1,0
2019-10-30,tuxtepec,"Tuxtepec, Oax.",18.0833,-96.1167,16,9.02,28.82,22.16,16.859999999999975,60.47,104.67,2,0
2019-10-31,tuxtepec,"Tuxtepec, Oax.",18.0833,-96.1167,16,19.52,24.87,14.4,35.199999999999974,72.15,115.63999999999999,3,0
2019-11-01,tuxtepec,"Tuxtepec, Oax.",18.0833,-96.1167,16,13.1,20.4,14.23,41.63999999999997,56.550000000000004,127.24,4,0
2019-11-02,tuxtepec,"Tuxtepec, Oax.",18.0833,-96.1167,16,44.87,22.23,17.07,77.48999999999998,94.37,169.13,5,1
2019-11-03,tuxtepec,"Tuxtepec, Oax.",18.0833,-96.1167,16,18.56,23.48,18.33,76.52999999999997,112.91000000000001,186.51,6,0
2019-11-04,tuxtepec,"Tuxtepec, Oax.",18.0833,-96.1167,16,1.92,25.64,18.44,65.34999999999997,113.65,187.96,0,0
2019-11-05,tuxtepec,"Tuxtepec, Oax.",18.0833,-96.1167,16,14.17,26.12,19.78,34.64999999999997,121.16,189.81,1,0
2019-11-06,tuxtepec,"Tuxtepec, Oax.",18.0833,-96.1167,16,10.63,26.31,19.93,26.71999999999997,122.77000000000001,183.23999999999998,2,0
2019-11-07,tuxtepec,"Tuxtepec, Oax.",18.0833,-96.1167,16,2.44,26.57,19.82,27.23999999999997,105.69,177.83999999999997,0,0
2019-11-08,tuxtepec,"Tuxtepec, Oax.",18.0833,-96.1167,16,9.14,26.11,20.16,22.209999999999972,101.73,158.28,1,0
2019-11-09,tuxtepec,"Tuxtepec, Oax.",18.0833,-96.1167,16,11.55,23.04,18.71,23.129999999999974,68.41000000000001,162.78,2,0
2019-11-10,tuxtepec,"Tuxtepec, Oax.",18.0833,-96.1167,16,10.37,23.85,18.65,31.05999999999997,60.220000000000006,173.13,3,0
2019-11-11,tuxtepec,"Tuxtepec, Oax.",18.0833,-96.1167,16,2.37,26.96,19.46,24.289999999999974,60.67000000000001,174.32,0,0
2019-11-12,tuxtepec,"Tuxtepec, Oax.",18.0833,-96.1167,16,11.86,24.58,14.18,24.599999999999973,58.36000000000001,179.51999999999998,1,0
2019-11-13,tuxtepec,"Tuxtepec, Oax.",18.0833,-96.1167,16,2.27,20.56,13.79,16.49999999999997,50.00000000000001,172.76999999999998,0,0
2019-11-14,tuxtepec,"Tuxtepec, Oax.",18.0833,-96.1167,16,1.57,24.72,16.0,15.69999999999997,49.13000000000001,154.82,0,0
2019-11-15,tuxtepec,"Tuxtepec, Oax.",18.0833,-96.1167,16,1.52,20.16,16.67,5.359999999999972,41.510000000000005,143.24,0,0
2019-11-16,tuxtepec,"Tuxtepec, Oax.",18.0833,-96.1167,16,0.69,21.27,15.96,3.779999999999972,30.650000000000006,99.06,0,0
2019-11-17,tuxtepec,"Tuxtepec, Oax.",18.0833,-96.1167,16,0.05,24.19,16.68,2.2599999999999714,20.33000000000001,80.55,0,0
2019-11-18,tuxtepec,"Tuxtepec, Oax.",18.0833,-96.1167,16,0.0,24.38,18.46,0.7399999999999716,17.960000000000008,78.63,0,0
2019-11-19,tuxtepec,"Tuxtepec, Oax.",18.0833,-96.1167,16,0.03,24.65,18.22,0.07999999999997158,6.130000000000007,64.49,0,0
2019-11-20,tuxtepec,"Tuxtepec, Oax.",18.0833,-96.1167,16,0.05,24.99,18.36,0.07999999999997158,3.9100000000000072,53.91,0,0
2019-11-21,tuxtepec,"Tuxtepec, Oax.",18.0833,-96.1167,16,0.0,25.31,18.37,0.07999999999997158,2.340000000000007,51.47,0,0
2019-11-22,tuxtepec,"Tuxtepec, Oax.",18.0833,-96.1167,16,0.0,27.34,19.73,0.04999999999997158,0.8200000000000071,42.33,0,0
2019-11-23,tuxtepec,"Tuxtepec, Oax.",18.0833,-96.1167,16,0.61,26.0,19.66,0.6099999999999716,0.7400000000000071,31.389999999999997,0,0
2019-11-24,tuxtepec,"Tuxtepec, Oax.",18.0833,-96.1167,16,0.17,24.72,18.4,0.7799999999999716,0.8600000000000071,21.189999999999998,0,0
2019-11-25,tuxtepec,"Tuxtepec, Oax.",18.0833,-96.1167,16,0.0,26.67,19.02,0.7799999999999716,0.8600000000000071,18.82,0,0
2019-11-26,tuxtepec,"Tuxtepec, Oax.",18.0833,-96.1167,16,0.0,29.5,19.83,0.1699999999999716,0.8300000000000072,6.96,0,0
2019-11-27,tuxtepec,"Tuxtepec, Oax.",18.0833,-96.1167,16,0.01,29.99,21.47,0.009999999999971578,0.7900000000000071,4.699999999999999,0,0
2019-11-28,tuxtepec,"Tuxtepec, Oax.",18.0833,-96.1167,16,4.63,27.05,20.72,4.639999999999971,5.420000000000007,7.76,0,0
2019-11-29,tuxtepec,"Tuxtepec, Oax.",18.0833,-96.1167,16,8.46,27.07,21.66,13.099999999999973,13.880000000000008,14.7,1,0
2019-11-30,tuxtepec,"Tuxtepec, Oax.",18.0833,-96.1167,16,0.22,27.08,20.65,13.309999999999974,13.490000000000009,14.23,0,0
2019-12-01,tuxtepec,"Tuxtepec, Oax.",18.0833,-96.1167,16,1.48,26.9,19.18,10.159999999999973,14.800000000000008,15.659999999999998,0,0
2019-12-02,tuxtepec,"Tuxtepec, Oax.",18.0833,-96.1167,16,8.02,22.97,17.56,9.719999999999972,22.820000000000007,23.68,1,0
2019-12-03,tuxtepec,"Tuxtepec, Oax.",18.0833,-96.1167,16,1.11,24.76,17.14,10.609999999999971,23.930000000000007,24.759999999999998,0,0
2019-12-04,tuxtepec,"Tuxtepec, Oax.",18.0833,-96.1167,16,0.01,25.3,19.21,9.139999999999972,23.930000000000007,24.72,0,0
2019-12-05,tuxtepec,"Tuxtepec, Oax.",18.0833,-96.1167,16,0.0,26.26,18.53,1.1199999999999735,19.300000000000008,24.72,0,0
2019-12-06,tuxtepec,"Tuxtepec, Oax.",18.0833,-96.1167,16,0.05,26.07,18.73,0.05999999999997336,10.890000000000006,24.77,0,0
2019-12-07,tuxtepec,"Tuxtepec, Oax.",18.0833,-96.1167,16,0.54,24.51,18.3,0.5899999999999734,11.210000000000006,24.699999999999996,0,0
2019-12-08,tuxtepec,"Tuxtepec, Oax.",18.0833,-96.1167,16,0.08,24.68,17.53,0.6699999999999734,9.810000000000008,24.61,0,0
2019-12-09,tuxtepec,"Tuxtepec, Oax.",18.0833,-96.1167,16,0.0,26.28,16.97,0.6199999999999734,1.7900000000000074,24.61,0,0
2019-12-10,tuxtepec,"Tuxtepec, Oax.",18.0833,-96.1167,16,0.01,31.51,17.94,0.08999999999997335,0.6900000000000072,24.619999999999997,0,0
2019-12-11,tuxtepec,"Tuxtepec, Oax.",18.0833,-96.1167,16,2.66,20.34,16.07,2.6699999999999733,3.3400000000000074,27.269999999999996,0,0
2019-12-12,tuxtepec,"Tuxtepec, Oax.",18.0833,-96.1167,16,0.39,22.4,15.92,3.0599999999999734,3.7300000000000075,23.029999999999998,0,0
2019-12-13,tuxtepec,"Tuxtepec, Oax.",18.0833,-96.1167,16,0.01,24.98,17.07,3.0599999999999734,3.6900000000000075,14.579999999999998,0,0
2019-12-14,tuxtepec,"Tuxtepec, Oax.",18.0833,-96.1167,16,0.0,26.37,18.2,0.3999999999999734,3.1500000000000075,14.359999999999998,0,0
2019-12-15,tuxtepec,"Tuxtepec, Oax.",18.0833,-96.1167,16,0.0,26.91,17.11,0.009999999999973355,3.0700000000000074,12.879999999999999,0,0
2019-12-16,tuxtepec,"Tuxtepec, Oax.",18.0833,-96.1167,16,0.0,31.13,18.41,0.0,3.0700000000000074,4.8599999999999985,0,0
2019-12-17,tuxtepec,"Tuxtepec, Oax.",18.0833,-96.1167,16,1.22,23.97,13.63,1.2199999999999733,4.280000000000007,4.969999999999998,0,0
2019-12-18,tuxtepec,"Tuxtepec, Oax.",18.0833,-96.1167,16,0.52,14.57,11.65,1.7399999999999733,2.140000000000007,5.479999999999999,0,0
2019-12-19,tuxtepec,"Tuxtepec, Oax.",18.0833,-96.1167,16,0.42,16.32,11.32,2.1599999999999735,2.170000000000007,5.899999999999999,0,0
2019-12-20,tuxtepec,"Tuxtepec, Oax.",18.0833,-96.1167,16,0.25,20.79,13.24,1.1899999999999733,2.4100000000000072,6.099999999999999,0,0
2019-12-21,tuxtepec,"Tuxtepec, Oax.",18.0833,-96.1167,16,1.25,21.97,15.89,1.9199999999999733,3.6600000000000072,6.809999999999999,0,0
2019-12-22,tuxtepec,"Tuxtepec, Oax.",18.0833,-96.1167,16,1.48,17.75,13.94,2.9799999999999733,5.140000000000007,8.209999999999999,0,0
2019-12-23,tuxtepec,"Tuxtepec, Oax.",18.0833,-96.1167,16,0.09,20.76,13.45,2.819999999999973,5.230000000000007,8.299999999999999,0,0
2019-12-24,tuxtepec,"Tuxtepec, Oax.",18.0833,-96.1167,16,0.0,22.43,14.15,1.5699999999999734,4.010000000000007,8.29,0,0
2019-12-25,tuxtepec,"Tuxtepec, Oax.",18.0833,-96.1167,16,0.0,24.56,16.08,0.08999999999997335,3.490000000000007,5.629999999999998,0,0
2019-12-26,tuxtepec,"Tuxtepec, Oax.",18.0833,-96.1167,16,0.0,24.23,17.17,0.0,3.070000000000007,5.2399999999999975,0,0
2019-12-27,tuxtepec,"Tuxtepec, Oax.",18.0833,-96.1167,16,0.0,23.69,17.25,0.0,2.820000000000007,5.229999999999998,0,0
2019-12-28,tuxtepec,"Tuxtepec, Oax.",18.0833,-96.1167,16,0.0,26.95,17.68,0.0,1.5700000000000072,5.229999999999998,0,0
2019-12-29,tuxtepec,"Tuxtepec, Oax.",18.0833,-96.1167,16,0.0,28.71,18.87,0.0,0.0900000000000071,5.229999999999998,0,0
2019-12-30,tuxtepec,"Tuxtepec, Oax.",18.0833,-96.1167,16,0.26,23.93,17.68,0.25999999999997336,0.2600000000000071,5.489999999999998,0,0
2019-12-31,tuxtepec,"Tuxtepec, Oax.",18.0833,-96.1167,16,0.03,24.38,16.98,0.2899999999999734,0.29000000000000714,4.299999999999998,0,0
2020-01-01,tuxtepec,"Tuxtepec, Oax.",18.0833,-96.1167,16,0.0,26.97,17.92,0.2899999999999734,0.29000000000000714,3.779999999999998,0,0
2020-01-02,tuxtepec,"Tuxtepec, Oax.",18.0833,-96.1167,16,0.0,32.15,18.99,0.029999999999973354,0.29000000000000714,3.359999999999998,0,0
2020-01-03,tuxtepec,"Tuxtepec, Oax.",18.0833,-96.1167,16,0.38,28.37,18.17,0.37999999999997336,0.6700000000000071,3.489999999999998,0,0
2020-01-04,tuxtepec,"Tuxtepec, Oax.",18.0833,-96.1167,16,2.67,19.61,13.01,3.049999999999973,3.340000000000007,4.909999999999998,0,0
2020-01-05,tuxtepec,"Tuxtepec, Oax.",18.0833,-96.1167,16,0.31,18.49,10.29,3.3599999999999732,3.650000000000007,3.739999999999998,0,0
2020-01-06,tuxtepec,"Tuxtepec, Oax.",18.0833,-96.1167,16,0.06,22.72,11.36,3.0399999999999734,3.450000000000007,3.709999999999998,0,0
2020-01-07,tuxtepec,"Tuxtepec, Oax.",18.0833,-96.1167,16,3.52,22.6,15.87,3.8899999999999735,6.940000000000007,7.229999999999999,0,0
2020-01-08,tuxtepec,"Tuxtepec, Oax.",18.0833,-96.1167,16,2.95,21.67,15.67,6.529999999999974,9.890000000000008,10.179999999999998,0,0
2020-01-09,tuxtepec,"Tuxtepec, Oax.",18.0833,-96.1167,16,0.02,24.48,14.26,6.489999999999974,9.910000000000007,10.199999999999998,0,0
2020-01-10,tuxtepec,"Tuxtepec, Oax.",18.0833,-96.1167,16,0.0,27.1,17.29,2.9699999999999736,9.530000000000006,10.199999999999998,0,0
2020-01-11,tuxtepec,"Tuxtepec, Oax.",18.0833,-96.1167,16,0.14,26.93,17.0,0.15999999999997336,7.000000000000007,10.339999999999998,0,0
2020-01-12,tuxtepec,"Tuxtepec, Oax.",18.0833,-96.1167,16,0.4,23.4,15.7,0.5399999999999734,7.090000000000008,10.739999999999998,0,0
2020-01-13,tuxtepec,"Tuxtepec, Oax.",18.0833,-96.1167,16,2.92,25.14,17.64,3.4599999999999733,9.950000000000006,13.399999999999999,0,0
2020-01-14,tuxtepec,"Tuxtepec, Oax.",18.0833,-96.1167,16,3.1,25.66,18.62,6.419999999999973,9.530000000000008,16.47,0,0
2020-01-15,tuxtepec,"Tuxtepec, Oax.",18.0833,-96.1167,16,4.63,25.98,19.08,10.649999999999974,11.210000000000006,21.1,0,0
2020-01-16,tuxtepec,"Tuxtepec, Oax.",18.0833,-96.1167,16,3.95,24.61,18.08,11.679999999999973,15.140000000000008,25.05,0,0
2020-01-17,tuxtepec,"Tuxtepec, Oax.",18.0833,-96.1167,16,0.91,24.21,16.32,9.489999999999974,16.050000000000008,25.580000000000002,0,0
2020-01-18,tuxtepec,"Tuxtepec, Oax.",18.0833,-96.1167,16,22.06,24.97,18.5,26.919999999999973,37.970000000000006,44.97,1,1
2020-01-19,tuxtepec,"Tuxtepec, Oax.",18.0833,-96.1167,16,32.48,24.53,18.24,55.449999999999974,70.05000000000001,77.13999999999999,2,1
2020-01-20,tuxtepec,"Tuxtepec, Oax.",18.0833,-96.1167,16,13.77,20.68,14.15,68.30999999999996,80.9,90.85,3,0
2020-01-21,tuxtepec,"Tuxtepec, Oax.",18.0833,-96.1167,16,5.54,17.59,13.53,51.78999999999997,83.34,92.86999999999999,4,0
2020-01-22,tuxtepec,"Tuxtepec, Oax.",18.0833,-96.1167,16,0.81,23.41,14.5,20.119999999999973,79.52,90.72999999999999,0,0
2020-01-23,tuxtepec,"Tuxtepec, Oax.",18.0833,-96.1167,16,0.45,25.42,16.39,6.799999999999971,76.02000000000001,91.16,0,0
2020-01-24,tuxtepec,"Tuxtepec, Oax.",18.0833,-96.1167,16,3.54,23.59,17.47,4.799999999999972,78.65,94.7,0,0
2020-01-25,tuxtepec,"Tuxtepec, Oax.",18.0833,-96.1167,16,0.25,24.97,17.35,4.239999999999972,56.84,94.81,0,0
2020-01-26,tuxtepec,"Tuxtepec, Oax.",18.0833,-96.1167,16,0.02,27.44,18.58,3.8099999999999716,24.380000000000006,94.42999999999999,0,0
2020-01-27,tuxtepec,"Tuxtepec, Oax.",18.0833,-96.1167,16,0.0,26.82,18.55,0.2699999999999716,10.610000000000007,91.50999999999999,0,0
2020-01-28,tuxtepec,"Tuxtepec, Oax.",18.0833,-96.1167,16,0.04,28.3,18.89,0.059999999999971576,5.110000000000007,88.44999999999999,0,0
2020-01-29,tuxtepec,"Tuxtepec, Oax.",18.0833,-96.1167,16,3.12,23.72,17.08,3.1599999999999717,7.420000000000008,86.94,0,0
2020-01-30,tuxtepec,"Tuxtepec, Oax.",18.0833,-96.1167,16,0.07,27.03,16.67,3.2299999999999716,7.040000000000008,83.06,0,0
2020-01-31,tuxtepec,"Tuxtepec, Oax.",18.0833,-96.1167,16,1.97,25.71,18.65,5.159999999999972,5.470000000000008,84.12,0,0
2020-02-01,tuxtepec,"Tuxtepec, Oax.",18.0833,-96.1167,16,11.71,21.02,15.35,13.749999999999972,16.930000000000007,73.77,1,0
2020-02-02,tuxtepec,"Tuxtepec, Oax.",18.0833,-96.1167,16,2.04,21.3,14.7,15.71999999999997,18.95000000000001,43.33,0,0
2020-02-03,tuxtepec,"Tuxtepec, Oax.",18.0833,-96.1167,16,0.08,25.79,16.13,13.829999999999972,19.03000000000001,29.64,0,0
2020-02-04,tuxtepec,"Tuxtepec, Oax.",18.0833,-96.1167,16,0.0,30.22,18.3,2.1199999999999717,18.99000000000001,24.1,0,0
2020-02-05,tuxtepec,"Tuxtepec, Oax.",18.0833,-96.1167,16,0.0,34.24,18.77,0.07999999999997158,15.870000000000008,23.29,0,0
2020-02-06,tuxtepec,"Tuxtepec, Oax.",18.0833,-96.1167,16,3.01,30.39,17.46,3.0099999999999714,18.81000000000001,25.85,0,0
2020-02-07,tuxtepec,"Tuxtepec, Oax.",18.0833,-96.1167,16,1.31,23.98,16.3,4.319999999999972,18.15000000000001,23.62,0,0
2020-02-08,tuxtepec,"Tuxtepec, Oax.",18.0833,-96.1167,16,1.48,25.06,18.87,5.799999999999971,7.920000000000007,24.85,0,0
2020-02-09,tuxtepec,"Tuxtepec, Oax.",18.0833,-96.1167,16,0.09,27.13,19.29,2.8799999999999715,5.970000000000007,24.92,0,0
2020-02-10,tuxtepec,"Tuxtepec, Oax.",18.0833,-96.1167,16,0.0,29.33,18.82,1.5699999999999716,5.890000000000007,24.92,0,0
2020-02-11,tuxtepec,"Tuxtepec, Oax.",18.0833,-96.1167,16,0.0,30.78,19.93,0.08999999999997157,5.890000000000007,24.880000000000003,0,0
2020-02-12,tuxtepec,"Tuxtepec, Oax.",18.0833,-96.1167,16,0.0,31.48,19.02,0.0,5.890000000000007,21.76,0,0
2020-02-13,tuxtepec,"Tuxtepec, Oax.",18.0833,-96.1167,16,2.58,25.11,17.5,2.5799999999999716,5.460000000000007,24.270000000000003,0,0
2020-02-14,tuxtepec,"Tuxtepec, Oax.",18.0833,-96.1167,16,2.69,21.76,16.01,5.269999999999971,6.840000000000007,24.990000000000002,0,0
2020-02-15,tuxtepec,"Tuxtepec, Oax.",18.0833,-96.1167,16,0.87,23.92,15.81,6.139999999999971,6.230000000000007,14.15,0,0
2020-02-16,tuxtepec,"Tuxtepec, Oax.",18.0833,-96.1167,16,0.03,27.35,17.49,3.5899999999999714,6.170000000000007,12.139999999999999,0,0
2020-02-17,tuxtepec,"Tuxtepec, Oax.",18.0833,-96.1167,16,0.0,27.73,17.46,0.8999999999999716,6.170000000000007,12.06,0,0
2020-02-18,tuxtepec,"Tuxtepec, Oax.",18.0833,-96.1167,16,0.0,29.34,19.96,0.029999999999971577,6.170000000000007,12.06,0,0
2020-02-19,tuxtepec,"Tuxtepec, Oax.",18.0833,-96.1167,16,0.07,27.65,18.34,0.06999999999997158,6.240000000000007,12.13,0,0
2020-02-20,tuxtepec,"Tuxtepec, Oax.",18.0833,-96.1167,16,3.38,28.36,19.13,3.4499999999999713,7.040000000000007,12.5,0,0
2020-02-21,tuxtepec,"Tuxtepec, Oax.",18.0833,-96.1167,16,11.83,21.38,13.57,15.279999999999971,16.180000000000007,23.020000000000003,1,0
2020-02-22,tuxtepec,"Tuxtepec, Oax.",18.0833,-96.1167,16,2.3,22.1,13.49,17.50999999999997,17.610000000000007,23.84,0,0
2020-02-23,tuxtepec,"Tuxtepec, Oax.",18.0833,-96.1167,16,0.02,26.89,15.34,14.149999999999972,17.600000000000005,23.77,0,0
2020-02-24,tuxtepec,"Tuxtepec, Oax.",18.0833,-96.1167,16,0.0,30.92,17.88,2.3199999999999714,17.600000000000005,23.77,0,0
2020-02-25,tuxtepec,"Tuxtepec, Oax.",18.0833,-96.1167,16,0.22,30.08,20.41,0.23999999999997157,17.820000000000007,23.990000000000002,0,0
2020-02-26,tuxtepec,"Tuxtepec, Oax.",18.0833,-96.1167,16,4.92,24.66,13.82,5.139999999999971,22.670000000000005,28.91,0,0
2020-02-27,tuxtepec,"Tuxtepec, Oax.",18.0833,-96.1167,16,0.42,18.41,12.27,5.559999999999971,19.710000000000008,26.75,0,0
2020-02-28,tuxtepec,"Tuxtepec, Oax.",18.0833,-96.1167,16,2.63,20.37,13.34,7.969999999999971,10.510000000000007,26.69,0,0
2020-02-29,tuxtepec,"Tuxtepec, Oax.",18.0833,-96.1167,16,1.24,23.78,14.39,4.289999999999972,9.450000000000008,27.06,0,0
2020-03-01,tuxtepec,"Tuxtepec, Oax.",18.0833,-96.1167,16,0.0,28.04,15.12,3.8699999999999717,9.430000000000007,27.029999999999998,0,0
2020-03-02,tuxtepec,"Tuxtepec, Oax.",18.0833,-96.1167,16,0.0,34.07,18.75,1.2399999999999716,9.430000000000007,27.029999999999998,0,0
2020-03-03,tuxtepec,"Tuxtepec, Oax.",18.0833,-96.1167,16,0.0,36.67,19.46,0.0,9.210000000000008,27.029999999999998,0,0
2020-03-04,tuxtepec,"Tuxtepec, Oax.",18.0833,-96.1167,16,0.0,37.03,20.63,0.0,4.290000000000007,26.96,0,0
2020-03-05,tuxtepec,"Tuxtepec, Oax.",18.0833,-96.1167,16,2.16,26.55,16.93,2.1599999999999717,6.030000000000007,25.740000000000002,0,0
2020-03-06,tuxtepec,"Tuxtepec, Oax.",18.0833,-96.1167,16,1.02,21.9,14.99,3.1799999999999717,4.420000000000007,14.930000000000001,0,0
2020-03-07,tuxtepec,"Tuxtepec, Oax.",18.0833,-96.1167,16,2.73,22.19,15.19,5.909999999999972,5.910000000000007,15.360000000000003,0,0
2020-03-08,tuxtepec,"Tuxtepec, Oax.",18.0833,-96.1167,16,0.99,26.15,16.18,4.739999999999972,6.9000000000000075,16.330000000000002,0,0
2020-03-09,tuxtepec,"Tuxtepec, Oax.",18.0833,-96.1167,16,0.02,28.08,16.39,3.7399999999999713,6.920000000000007,16.35,0,0
2020-03-10,tuxtepec,"Tuxtepec, Oax.",18.0833,-96.1167,16,0.48,27.89,17.95,1.4899999999999716,7.4000000000000075,16.610000000000003,0,0
2020-03-11,tuxtepec,"Tuxtepec, Oax.",18.0833,-96.1167,16,0.04,28.28,16.89,0.5399999999999716,7.4400000000000075,11.73,0,0
2020-03-12,tuxtepec,"Tuxtepec, Oax.",18.0833,-96.1167,16,0.0,30.31,17.7,0.5199999999999716,5.280000000000007,11.31,0,0
2020-03-13,tuxtepec,"Tuxtepec, Oax.",18.0833,-96.1167,16,0.0,31.99,20.05,0.03999999999997158,4.260000000000007,8.680000000000001,0,0
2020-03-14,tuxtepec,"Tuxtepec, Oax.",18.0833,-96.1167,16,0.0,31.87,20.66,0.0,1.5300000000000071,7.440000000000002,0,0
2020-03-15,tuxtepec,"Tuxtepec, Oax.",18.0833,-96.1167,16,0.06,30.35,20.23,0.059999999999971576,0.6000000000000071,7.500000000000002,0,0
2020-03-16,tuxtepec,"Tuxtepec, Oax.",18.0833,-96.1167,16,0.01,30.37,19.56,0.06999999999997157,0.5900000000000071,7.510000000000002,0,0
2020-03-17,tuxtepec,"Tuxtepec, Oax.",18.0833,-96.1167,16,0.0,30.98,19.46,0.06999999999997157,0.1100000000000071,7.510000000000002,0,0
2020-03-18,tuxtepec,"Tuxtepec, Oax.",18.0833,-96.1167,16,0.0,32.54,20.94,0.009999999999971578,0.07000000000000711,7.510000000000002,0,0
2020-03-19,tuxtepec,"Tuxtepec, Oax.",18.0833,-96.1167,16,0.0,34.24,20.51,0.0,0.07000000000000711,5.350000000000001,0,0
2020-03-20,tuxtepec,"Tuxtepec, Oax.",18.0833,-96.1167,16,0.04,34.75,22.73,0.03999999999997158,0.11000000000000712,4.370000000000002,0,0
2020-03-21,tuxtepec,"Tuxtepec, Oax.",18.0833,-96.1167,16,0.87,31.1,21.35,0.9099999999999716,0.9800000000000071,2.5100000000000016,0,0
2020-03-22,tuxtepec,"Tuxtepec, Oax.",18.0833,-96.1167,16,0.14,31.81,20.23,1.0499999999999716,1.0600000000000072,1.660000000000002,0,0
2020-03-23,tuxtepec,"Tuxtepec, Oax.",18.0833,-96.1167,16,0.0,33.5,20.84,1.0099999999999716,1.050000000000007,1.640000000000002,0,0
2020-03-24,tuxtepec,"Tuxtepec, Oax.",18.0833,-96.1167,16,0.0,36.43,21.29,0.1399999999999716,1.050000000000007,1.160000000000002,0,0
2020-03-25,tuxtepec,"Tuxtepec, Oax.",18.0833,-96.1167,16,0.0,36.32,22.32,0.0,1.050000000000007,1.1200000000000019,0,0
2020-03-26,tuxtepec,"Tuxtepec, Oax.",18.0833,-96.1167,16,0.0,35.95,22.32,0.0,1.050000000000007,1.1200000000000019,0,0
2020-03-27,tuxtepec,"Tuxtepec, Oax.",18.0833,-96.1167,16,0.0,38.92,21.74,0.0,1.010000000000007,1.1200000000000019,0,0
2020-03-28,tuxtepec,"Tuxtepec, Oax.",18.0833,-96.1167,16,0.0,39.65,22.17,0.0,0.14000000000000712,1.1200000000000019,0,0
2020-03-29,tuxtepec,"Tuxtepec, Oax.",18.0833,-96.1167,16,0.19,35.06,21.99,0.18999999999997158,0.1900000000000071,1.2500000000000018,0,0
2020-03-30,tuxtepec,"Tuxtepec, Oax.",18.0833,-96.1167,16,0.06,33.92,22.09,0.24999999999997158,0.2500000000000071,1.3000000000000016,0,0
2020-03-31,tuxtepec,"Tuxtepec, Oax.",18.0833,-96.1167,16,0.0,35.71,21.42,0.24999999999997158,0.2500000000000071,1.3000000000000016,0,0
2020-04-01,tuxtepec,"Tuxtepec, Oax.",18.0833,-96.1167,16,0.0,33.57,21.13,0.059999999999971576,0.2500000000000071,1.3000000000000016,0,0
2020-04-02,tuxtepec,"Tuxtepec, Oax.",18.0833,-96.1167,16,0.51,35.93,21.51,0.5099999999999716,0.7600000000000071,1.8100000000000018,0,0
2020-04-03,tuxtepec,"Tuxtepec, Oax.",18.0833,-96.1167,16,0.96,38.02,23.13,1.4699999999999716,1.720000000000007,2.7300000000000018,0,0
2020-04-04,tuxtepec,"Tuxtepec, Oax.",18.0833,-96.1167,16,0.96,37.43,23.35,2.4299999999999713,2.680000000000007,2.8200000000000016,0,0
2020-04-05,tuxtepec,"Tuxtepec, Oax.",18.0833,-96.1167,16,0.01,34.86,24.49,1.9299999999999715,2.500000000000007,2.6900000000000017,0,0
2020-04-06,tuxtepec,"Tuxtepec, Oax.",18.0833,-96.1167,16,0.04,36.7,23.47,1.0099999999999716,2.480000000000007,2.7300000000000018,0,0
2020-04-07,tuxtepec,"Tuxtepec, Oax.",18.0833,-96.1167,16,0.22,35.71,24.46,0.2699999999999716,2.7000000000000073,2.9500000000000015,0,0
2020-04-08,tuxtepec,"Tuxtepec, Oax.",18.0833,-96.1167,16,0.01,37.71,24.79,0.2699999999999716,2.710000000000007,2.9600000000000017,0,0
2020-04-09,tuxtepec,"Tuxtepec, Oax.",18.0833,-96.1167,16,0.02,38.97,25.27,0.2499999999999716,2.2200000000000073,2.9800000000000018,0,0
2020-04-10,tuxtepec,"Tuxtepec, Oax.",18.0833,-96.1167,16,0.82,39.0,25.78,0.8499999999999716,2.080000000000007,3.8000000000000016,0,0
2020-04-11,tuxtepec,"Tuxtepec, Oax.",18.0833,-96.1167,16,0.12,38.08,24.98,0.9599999999999715,1.240000000000007,3.9200000000000017,0,0
2020-04-12,tuxtepec,"Tuxtepec, Oax.",18.0833,-96.1167,16,0.0,44.5,24.58,0.9399999999999715,1.230000000000007,3.7300000000000018,0,0
2020-04-13,tuxtepec,"Tuxtepec, Oax.",18.0833,-96.1167,16,0.0,37.14,24.47,0.11999999999997157,1.190000000000007,3.6700000000000017,0,0
2020-04-14,tuxtepec,"Tuxtepec, Oax.",18.0833,-96.1167,16,0.44,38.53,25.19,0.4399999999999716,1.410000000000007,4.110000000000001,0,0
2020-04-15,tuxtepec,"Tuxtepec, Oax.",18.0833,-96.1167,16,5.24,31.85,22.22,5.679999999999972,6.640000000000008,9.350000000000001,1,0
2020-04-16,tuxtepec,"Tuxtepec, Oax.",18.0833,-96.1167,16,0.33,33.84,21.57,6.009999999999972,6.950000000000008,9.170000000000002,0,0
2020-04-17,tuxtepec,"Tuxtepec, Oax.",18.0833,-96.1167,16,0.15,35.59,23.59,5.719999999999972,6.280000000000008,8.360000000000001,0,0
2020-04-18,tuxtepec,"Tuxtepec, Oax.",18.0833,-96.1167,16,0.03,38.87,25.53,0.5099999999999716,6.1900000000000075,7.4300000000000015,0,0
2020-04-19,tuxtepec,"Tuxtepec, Oax.",18.0833,-96.1167,16,0.19,41.45,25.21,0.3699999999999716,6.380000000000008,7.610000000000002,0,0
2020-04-20,tuxtepec,"Tuxtepec, Oax.",18.0833,-96.1167,16,0.41,40.84,25.66,0.6299999999999716,6.790000000000008,7.980000000000002,0,0
2020-04-21,tuxtepec,"Tuxtepec, Oax.",18.0833,-96.1167,16,0.01,40.32,24.91,0.6099999999999715,6.360000000000007,7.770000000000001,0,0
2020-04-22,tuxtepec,"Tuxtepec, Oax.",18.0833,-96.1167,16,0.0,40.67,25.43,0.41999999999997156,1.120000000000007,7.760000000000002,0,0
2020-04-23,tuxtepec,"Tuxtepec, Oax.",18.0833,-96.1167,16,0.16,44.02,26.91,0.16999999999997153,0.9500000000000071,7.900000000000002,0,0
2020-04-24,tuxtepec,"Tuxtepec, Oax.",18.0833,-96.1167,16,0.69,39.38,26.65,0.8499999999999714,1.490000000000007,7.770000000000001,0,0
2020-04-25,tuxtepec,"Tuxtepec, Oax.",18.0833,-96.1167,16,1.47,41.27,26.02,2.3199999999999714,2.930000000000007,9.120000000000001,0,0
2020-04-26,tuxtepec,"Tuxtepec, Oax.",18.0833,-96.1167,16,13.77,29.62,23.12,15.929999999999971,16.510000000000005,22.89,1,0
2020-04-27,tuxtepec,"Tuxtepec, Oax.",18.0833,-96.1167,16,2.88,32.57,21.29,18.119999999999973,18.980000000000008,25.77,0,0
2020-04-28,tuxtepec,"Tuxtepec, Oax.",18.0833,-96.1167,16,0.45,35.1,22.5,17.099999999999973,19.420000000000005,25.779999999999998,0,0
2020-04-29,tuxtepec,"Tuxtepec, Oax.",18.0833,-96.1167,16,5.76,37.7,23.93,9.089999999999971,25.180000000000007,26.3,1,0
2020-04-30,tuxtepec,"Tuxtepec, Oax.",18.0833,-96.1167,16,16.46,30.16,21.83,22.669999999999973,41.48000000000001,42.43000000000001,2,0
2020-05-01,tuxtepec,"Tuxtepec, Oax.",18.0833,-96.1167,16,2.03,31.26,20.74,24.249999999999975,42.82000000000001,44.31,0,0
2020-05-02,tuxtepec,"Tuxtepec, Oax.",18.0833,-96.1167,16,0.59,32.88,21.89,19.079999999999973,41.940000000000005,44.870000000000005,0,0
2020-05-03,tuxtepec,"Tuxtepec, Oax.",18.0833,-96.1167,16,0.12,34.72,22.62,2.7399999999999713,28.29000000000001,44.8,0,0
2020-05-04,tuxtepec,"Tuxtepec, Oax.",18.0833,-96.1167,16,0.25,35.44,23.93,0.9599999999999715,25.660000000000007,44.64,0,0
2020-05-05,tuxtepec,"Tuxtepec, Oax.",18.0833,-96.1167,16,9.51,32.68,25.19,9.87999999999997,34.72000000000001,54.14,1,0
2020-05-06,tuxtepec,"Tuxtepec, Oax.",18.0833,-96.1167,16,25.71,29.97,23.33,35.46999999999997,54.670000000000016,79.85000000000001,2,1
2020-05-07,tuxtepec,"Tuxtepec, Oax.",18.0833,-96.1167,16,11.51,28.55,22.2,46.72999999999997,49.72000000000001,91.2,3,0
2020-05-08,tuxtepec,"Tuxtepec, Oax.",18.0833,-96.1167,16,1.35,33.86,22.23,38.56999999999997,49.04000000000001,91.86,0,0
2020-05-09,tuxtepec,"Tuxtepec, Oax.",18.0833,-96.1167,16,10.43,32.92,21.09,23.28999999999997,58.88000000000001,100.82,1,0
2020-05-10,tuxtepec,"Tuxtepec, Oax.",18.0833,-96.1167,16,3.21,30.68,19.98,14.98999999999997,61.970000000000006,90.26,0,0
2020-05-11,tuxtepec,"Tuxtepec, Oax.",18.0833,-96.1167,16,2.54,30.21,20.77,16.17999999999997,64.26,89.92,0,0
2020-05-12,tuxtepec,"Tuxtepec, Oax.",18.0833,-96.1167,16,0.98,33.45,21.32,6.729999999999972,55.73000000000001,90.45,0,0
2020-05-13,tuxtepec,"Tuxtepec, Oax.",18.0833,-96.1167,16,1.16,35.0,23.44,4.679999999999971,31.18000000000001,85.85,0,0
2020-05-14,tuxtepec,"Tuxtepec, Oax.",18.0833,-96.1167,16,0.83,35.55,24.63,2.9699999999999713,20.500000000000007,70.22,0,0
2020-05-15,tuxtepec,"Tuxtepec, Oax.",18.0833,-96.1167,16,6.66,38.25,24.58,8.649999999999972,25.81000000000001,74.85000000000001,1,0
2020-05-16,tuxtepec,"Tuxtepec, Oax.",18.0833,-96.1167,16,0.59,39.74,25.78,8.079999999999972,15.970000000000011,74.85,0,0
2020-05-17,tuxtepec,"Tuxtepec, Oax.",18.0833,-96.1167,16,3.74,34.05,24.82,10.989999999999972,16.50000000000001,78.47000000000001,0,0
2020-05-18,tuxtepec,"Tuxtepec, Oax.",18.0833,-96.1167,16,1.59,34.02,23.55,5.9199999999999715,15.550000000000011,79.81,0,0
2020-05-19,tuxtepec,"Tuxtepec, Oax.",18.0833,-96.1167,16,0.9,35.74,24.01,6.229999999999972,15.47000000000001,71.2,0,0
2020-05-20,tuxtepec,"Tuxtepec, Oax.",18.0833,-96.1167,16,0.02,38.31,24.33,2.509999999999972,14.33000000000001,45.510000000000005,0,0
2020-05-21,tuxtepec,"Tuxtepec, Oax.",18.0833,-96.1167,16,1.02,38.82,25.56,1.9399999999999715,14.52000000000001,35.02,0,0
2020-05-22,tuxtepec,"Tuxtepec, Oax.",18.0833,-96.1167,16,4.26,37.37,25.59,5.299999999999971,12.120000000000012,37.93000000000001,0,0
2020-05-23,tuxtepec,"Tuxtepec, Oax.",18.0833,-96.1167,16,4.83,36.57,24.92,10.109999999999971,16.36000000000001,32.330000000000005,0,0
2020-05-24,tuxtepec,"Tuxtepec, Oax.",18.0833,-96.1167,16,0.16,37.63,25.56,9.249999999999972,12.78000000000001,29.28,0,0
2020-05-25,tuxtepec,"Tuxtepec, Oax.",18.0833,-96.1167,16,0.0,39.46,24.78,4.989999999999972,11.19000000000001,26.740000000000002,0,0
2020-05-26,tuxtepec,"Tuxtepec, Oax.",18.0833,-96.1167,16,0.0,38.54,25.03,0.15999999999997158,10.29000000000001,25.76,0,0
2020-05-27,tuxtepec,"Tuxtepec, Oax.",18.0833,-96.1167,16,0.38,33.91,25.38,0.3799999999999716,10.650000000000011,24.980000000000004,0,0
2020-05-28,tuxtepec,"Tuxtepec, Oax.",18.0833,-96.1167,16,6.36,36.15,25.39,6.739999999999972,15.990000000000013,30.510000000000005,1,0
2020-05-29,tuxtepec,"Tuxtepec, Oax.",18.0833,-96.1167,16,17.18,28.41,21.76,23.919999999999973,28.91000000000001,41.03,2,0
2020-05-30,tuxtepec,"Tuxtepec, Oax.",18.0833,-96.1167,16,4.41,28.78,20.5,27.949999999999974,28.490000000000013,44.85,0,0
2020-05-31,tuxtepec,"Tuxtepec, Oax.",18.0833,-96.1167,16,6.92,30.76,21.24,28.509999999999977,35.250000000000014,48.03000000000001,1,0
2020-06-01,tuxtepec,"Tuxtepec, Oax.",18.0833,-96.1167,16,11.36,29.8,22.17,22.689999999999976,46.610000000000014,57.800000000000004,2,0
2020-06-02,tuxtepec,"Tuxtepec, Oax.",18.0833,-96.1167,16,2.25,30.84,22.47,20.529999999999973,48.860000000000014,59.150000000000006,0,0
2020-06-03,tuxtepec,"Tuxtepec, Oax.",18.0833,-96.1167,16,7.01,31.01,22.65,20.619999999999976,55.49000000000001,66.14,1,0
2020-06-04,tuxtepec,"Tuxtepec, Oax.",18.0833,-96.1167,16,20.33,30.53,23.01,29.589999999999975,69.46000000000001,85.45,2,1
2020-06-05,tuxtepec,"Tuxtepec, Oax.",18.0833,-96.1167,16,10.98,30.54,22.56,38.31999999999998,63.260000000000005,92.17,3,0
2020-06-06,tuxtepec,"Tuxtepec, Oax.",18.0833,-96.1167,16,8.99,31.94,22.57,40.299999999999976,67.84000000000002,96.33,4,0
2020-06-07,tuxtepec,"Tuxtepec, Oax.",18.0833,-96.1167,16,0.9,34.45,22.99,20.86999999999998,61.82000000000001,97.07000000000001,0,0
2020-06-08,tuxtepec,"Tuxtepec, Oax.",18.0833,-96.1167,16,0.54,38.61,23.82,10.429999999999978,51.000000000000014,97.61,0,0
2020-06-09,tuxtepec,"Tuxtepec, Oax.",18.0833,-96.1167,16,0.06,38.0,24.62,1.4999999999999787,48.81000000000001,97.67,0,0
2020-06-10,tuxtepec,"Tuxtepec, Oax.",18.0833,-96.1167,16,22.09,32.28,25.42,22.68999999999998,63.890000000000015,119.38000000000001,1,1
2020-06-11,tuxtepec,"Tuxtepec, Oax.",18.0833,-96.1167,16,52.47,27.1,22.92,74.61999999999998,96.03000000000002,165.49,2,1
2020-06-12,tuxtepec,"Tuxtepec, Oax.",18.0833,-96.1167,16,24.0,27.83,22.07,98.55999999999997,109.05000000000001,172.31,3,1
2020-06-13,tuxtepec,"Tuxtepec, Oax.",18.0833,-96.1167,16,5.58,26.98,21.14,82.04999999999997,105.64000000000001,173.48000000000002,4,0
2020-06-14,tuxtepec,"Tuxtepec, Oax.",18.0833,-96.1167,16,0.67,27.53,20.03,30.24999999999997,105.41000000000001,167.23,0,0
2020-06-15,tuxtepec,"Tuxtepec, Oax.",18.0833,-96.1167,16,1.89,28.24,19.41,8.139999999999972,106.76,157.76,0,0
2020-06-16,tuxtepec,"Tuxtepec, Oax.",18.0833,-96.1167,16,3.65,29.22,20.53,6.2099999999999715,110.35000000000002,159.16,0,0
2020-06-17,tuxtepec,"Tuxtepec, Oax.",18.0833,-96.1167,16,2.04,30.67,21.57,7.579999999999972,90.30000000000001,154.19000000000003,0,0
2020-06-18,tuxtepec,"Tuxtepec, Oax.",18.0833,-96.1167,16,3.02,30.71,21.94,8.70999999999997,40.850000000000016,136.88,0,0
2020-06-19,tuxtepec,"Tuxtepec, Oax.",18.0833,-96.1167,16,3.52,30.8,22.55,8.579999999999972,20.370000000000015,129.42000000000002,0,0
2020-06-20,tuxtepec,"Tuxtepec, Oax.",18.0833,-96.1167,16,9.36,30.25,23.42,15.89999999999997,24.150000000000013,129.79,1,0
2020-06-21,tuxtepec,"Tuxtepec, Oax.",18.0833,-96.1167,16,1.75,31.23,22.37,14.62999999999997,25.23000000000001,130.64,0,0
2020-06-22,tuxtepec,"Tuxtepec, Oax.",18.0833,-96.1167,16,3.57,33.13,23.15,14.679999999999971,26.910000000000014,133.67000000000002,0,0
2020-06-23,tuxtepec,"Tuxtepec, Oax.",18.0833,-96.1167,16,9.81,31.48,24.21,15.129999999999972,33.070000000000014,143.42000000000002,1,0
2020-06-24,tuxtepec,"Tuxtepec, Oax.",18.0833,-96.1167,16,16.4,30.09,22.53,29.779999999999973,47.430000000000014,137.73,2,0
2020-06-25,tuxtepec,"Tuxtepec, Oax.",18.0833,-96.1167,16,22.07,29.93,23.79,48.27999999999997,66.48000000000002,107.33,3,1
2020-06-26,tuxtepec,"Tuxtepec, Oax.",18.0833,-96.1167,16,1.34,28.88,23.09,39.809999999999974,64.30000000000001,84.67,0,0
2020-06-27,tuxtepec,"Tuxtepec, Oax.",18.0833,-96.1167,16,1.26,28.66,23.18,24.669999999999973,56.20000000000002,80.35,0,0
2020-06-28,tuxtepec,"Tuxtepec, Oax.",18.0833,-96.1167,16,0.7,29.39,22.96,3.2999999999999714,55.15000000000001,80.38,0,0
2020-06-29,tuxtepec,"Tuxtepec, Oax.",18.0833,-96.1167,16,4.28,29.24,23.89,6.239999999999972,55.860000000000014,82.77,0,0
2020-06-30,tuxtepec,"Tuxtepec, Oax.",18.0833,-96.1167,16,6.79,30.04,23.94,11.769999999999971,52.84000000000001,85.91,1,0
2020-07-01,tuxtepec,"Tuxtepec, Oax.",18.0833,-96.1167,16,0.95,31.0,23.12,12.019999999999973,37.390000000000015,84.82,0,0
2020-07-02,tuxtepec,"Tuxtepec, Oax.",18.0833,-96.1167,16,8.22,28.19,22.96,15.959999999999972,23.540000000000013,90.02000000000001,1,0
2020-07-03,tuxtepec,"Tuxtepec, Oax.",18.0833,-96.1167,16,8.88,27.29,22.45,18.049999999999976,31.080000000000016,95.38,2,0
2020-07-04,tuxtepec,"Tuxtepec, Oax.",18.0833,-96.1167,16,7.55,29.07,21.76,24.649999999999974,37.37000000000001,93.57,3,0
2020-07-05,tuxtepec,"Tuxtepec, Oax.",18.0833,-96.1167,16,14.37,29.77,22.55,30.799999999999972,51.04000000000002,106.19,4,0
2020-07-06,tuxtepec,"Tuxtepec, Oax.",18.0833,-96.1167,16,15.05,31.6,23.49,36.96999999999997,61.81000000000002,117.67,5,0
2020-07-07,tuxtepec,"Tuxtepec, Oax.",18.0833,-96.1167,16,1.27,32.24,22.98,30.689999999999973,56.29000000000002,109.13,0,0
2020-07-08,tuxtepec,"Tuxtepec, Oax.",18.0833,-96.1167,16,0.0,29.71,24.07,16.319999999999972,55.34000000000002,92.72999999999999,0,0
2020-07-09,tuxtepec,"Tuxtepec, Oax.",18.0833,-96.1167,16,1.02,30.78,23.39,2.2899999999999716,48.140000000000015,71.68,0,0
2020-07-10,tuxtepec,"Tuxtepec, Oax.",18.0833,-96.1167,16,7.38,29.33,23.64,8.399999999999972,46.640000000000015,77.72,1,0
2020-07-11,tuxtepec,"Tuxtepec, Oax.",18.0833,-96.1167,16,72.36,26.4,23.4,80.75999999999998,111.45000000000002,148.82,2,1
2020-07-12,tuxtepec,"Tuxtepec, Oax.",18.0833,-96.1167,16,4.78,28.61,22.02,84.51999999999998,101.86000000000001,152.89999999999998,0,0
2020-07-13,tuxtepec,"Tuxtepec, Oax.",18.0833,-96.1167,16,0.49,29.37,22.18,77.62999999999997,87.30000000000001,149.10999999999999,0,0
2020-07-14,tuxtepec,"Tuxtepec, Oax.",18.0833,-96.1167,16,2.68,29.23,23.0,7.949999999999972,88.71000000000002,145.0,0,0
2020-07-15,tuxtepec,"Tuxtepec, Oax.",18.0833,-96.1167,16,5.92,28.01,22.85,9.089999999999971,94.63000000000002,149.97,1,0
2020-07-16,tuxtepec,"Tuxtepec, Oax.",18.0833,-96.1167,16,19.99,26.58,23.45,28.589999999999968,113.60000000000001,161.74,2,0
2020-07-17,tuxtepec,"Tuxtepec, Oax.",18.0833,-96.1167,16,5.67,28.16,22.63,31.57999999999997,111.89000000000001,158.53,3,0
2020-07-18,tuxtepec,"Tuxtepec, Oax.",18.0833,-96.1167,16,2.62,28.62,21.78,28.27999999999997,42.15000000000001,153.6,0,0
2020-07-19,tuxtepec,"Tuxtepec, Oax.",18.0833,-96.1167,16,9.03,28.93,22.08,17.319999999999975,46.40000000000001,148.26,1,0
2020-07-20,tuxtepec,"Tuxtepec, Oax.",18.0833,-96.1167,16,2.51,29.4,22.57,14.159999999999975,48.42000000000001,135.72,0,0
2020-07-21,tuxtepec,"Tuxtepec, Oax.",18.0833,-96.1167,16,1.28,28.71,23.48,12.819999999999974,47.02000000000001,135.73000000000002,0,0
2020-07-22,tuxtepec,"Tuxtepec, Oax.",18.0833,-96.1167,16,3.82,28.93,22.99,7.609999999999976,44.920000000000016,139.55,0,0
2020-07-23,tuxtepec,"Tuxtepec, Oax.",18.0833,-96.1167,16,9.67,29.02,23.51,14.769999999999976,34.600000000000016,148.2,1,0
2020-07-24,tuxtepec,"Tuxtepec, Oax.",18.0833,-96.1167,16,4.64,29.82,22.9,18.129999999999978,33.570000000000014,145.46,0,0
2020-07-25,tuxtepec,"Tuxtepec, Oax.",18.0833,-96.1167,16,2.88,31.64,23.41,17.189999999999976,33.83000000000001,75.98,0,0
2020-07-26,tuxtepec,"Tuxtepec, Oax.",18.0833,-96.1167,16,0.59,32.94,23.52,8.109999999999976,25.390000000000015,71.78999999999999,0,0
2020-07-27,tuxtepec,"Tuxtepec, Oax.",18.0833,-96.1167,16,8.71,32.4,23.74,12.179999999999978,31.590000000000018,80.01,1,0
2020-07-28,tuxtepec,"Tuxtepec, Oax.",18.0833,-96.1167,16,14.53,28.01,23.22,23.829999999999977,44.84000000000002,91.86,2,0
2020-07-29,tuxtepec,"Tuxtepec, Oax.",18.0833,-96.1167,16,8.54,28.17,23.32,31.77999999999998,49.56000000000002,94.47999999999999,3,0
2020-07-30,tuxtepec,"Tuxtepec, Oax.",18.0833,-96.1167,16,15.28,27.35,22.49,38.34999999999998,55.17000000000001,89.77,4,0
2020-07-31,tuxtepec,"Tuxtepec, Oax.",18.0833,-96.1167,16,7.62,27.21,23.21,31.439999999999976,58.15000000000001,91.72,5,0
2020-08-01,tuxtepec,"Tuxtepec, Oax.",18.0833,-96.1167,16,1.81,29.86,21.87,24.709999999999976,57.08000000000001,90.91,0,0
2020-08-02,tuxtepec,"Tuxtepec, Oax.",18.0833,-96.1167,16,10.28,29.01,22.96,19.709999999999976,66.77000000000001,92.16,1,0
2020-08-03,tuxtepec,"Tuxtepec, Oax.",18.0833,-96.1167,16,7.61,28.91,22.6,19.699999999999974,65.67000000000002,97.26,2,0
2020-08-04,tuxtepec,"Tuxtepec, Oax.",18.0833,-96.1167,16,3.32,28.59,22.32,21.209999999999976,54.46000000000001,99.3,0,0
2020-08-05,tuxtepec,"Tuxtepec, Oax.",18.0833,-96.1167,16,5.06,28.89,22.34,15.989999999999977,50.98000000000002,100.53999999999999,1,0
2020-08-06,tuxtepec,"Tuxtepec, Oax.",18.0833,-96.1167,16,17.48,28.09,22.4,25.859999999999978,53.180000000000014,108.35,2,0
2020-08-07,tuxtepec,"Tuxtepec, Oax.",18.0833,-96.1167,16,35.27,26.83,22.28,57.80999999999998,80.83000000000001,138.98000000000002,3,1
2020-08-08,tuxtepec,"Tuxtepec, Oax.",18.0833,-96.1167,16,34.69,25.79,21.22,87.43999999999997,113.71000000000001,170.79000000000002,4,1
2020-08-09,tuxtepec,"Tuxtepec, Oax.",18.0833,-96.1167,16,56.52,25.92,22.7,126.47999999999999,159.95000000000002,226.72,5,1
2020-08-10,tuxtepec,"Tuxtepec, Oax.",18.0833,-96.1167,16,19.95,26.54,21.26,111.15999999999998,172.29000000000002,237.96,6,0
2020-08-11,tuxtepec,"Tuxtepec, Oax.",18.0833,-96.1167,16,66.49,26.1,22.69,142.95999999999998,235.45999999999998,289.91999999999996,7,1
2020-08-12,tuxtepec,"Tuxtepec, Oax.",18.0833,-96.1167,16,27.81,27.08,22.31,114.24999999999997,258.21000000000004,309.18999999999994,8,1
2020-08-13,tuxtepec,"Tuxtepec, Oax.",18.0833,-96.1167,16,1.71,28.06,22.07,96.00999999999998,242.44,295.62,0,0
2020-08-14,tuxtepec,"Tuxtepec, Oax.",18.0833,-96.1167,16,9.02,28.17,21.68,38.539999999999985,216.19000000000003,297.02,1,0
2020-08-15,tuxtepec,"Tuxtepec, Oax.",18.0833,-96.1167,16,9.92,27.63,21.36,20.649999999999984,191.42,305.13,2,0
2020-08-16,tuxtepec,"Tuxtepec, Oax.",18.0833,-96.1167,16,15.26,27.74,21.47,34.19999999999999,150.16000000000003,310.11,3,0
2020-08-17,tuxtepec,"Tuxtepec, Oax.",18.0833,-96.1167,16,10.8,28.23,21.22,35.97999999999999,141.01,313.3,4,0
2020-08-18,tuxtepec,"Tuxtepec, Oax.",18.0833,-96.1167,16,6.85,28.31,21.93,32.90999999999998,81.37000000000002,316.83,5,0
2020-08-19,tuxtepec,"Tuxtepec, Oax.",18.0833,-96.1167,16,9.07,29.34,22.15,26.719999999999985,62.63000000000001,320.84000000000003,6,0
2020-08-20,tuxtepec,"Tuxtepec, Oax.",18.0833,-96.1167,16,12.16,29.12,22.75,28.079999999999984,73.08000000000001,315.52,7,0
2020-08-21,tuxtepec,"Tuxtepec, Oax.",18.0833,-96.1167,16,14.64,29.64,22.95,35.86999999999998,78.7,294.89,8,0
2020-08-22,tuxtepec,"Tuxtepec, Oax.",18.0833,-96.1167,16,9.84,29.21,22.86,36.639999999999986,78.62000000000002,270.04,9,0
2020-08-23,tuxtepec,"Tuxtepec, Oax.",18.0833,-96.1167,16,11.77,28.14,22.39,36.249999999999986,75.13000000000001,225.29,10,0
2020-08-24,tuxtepec,"Tuxtepec, Oax.",18.0833,-96.1167,16,22.25,27.18,21.86,43.859999999999985,86.58000000000001,227.58999999999997,11,1
2020-08-25,tuxtepec,"Tuxtepec, Oax.",18.0833,-96.1167,16,37.75,26.07,23.14,71.76999999999998,117.48000000000002,198.85,12,1
2020-08-26,tuxtepec,"Tuxtepec, Oax.",18.0833,-96.1167,16,15.02,26.91,22.47,75.01999999999998,123.43000000000002,186.06,13,0
2020-08-27,tuxtepec,"Tuxtepec, Oax.",18.0833,-96.1167,16,12.65,27.96,22.72,65.41999999999999,123.92000000000002,197.0,14,0
2020-08-28,tuxtepec,"Tuxtepec, Oax.",18.0833,-96.1167,16,7.84,28.49,23.52,35.509999999999984,117.12000000000002,195.82000000000002,15,0
2020-08-29,tuxtepec,"Tuxtepec, Oax.",18.0833,-96.1167,16,2.11,29.66,23.15,22.599999999999987,109.39000000000001,188.01,0,0
2020-08-30,tuxtepec,"Tuxtepec, Oax.",18.0833,-96.1167,16,0.86,32.71,22.35,10.809999999999986,98.48000000000002,173.61,0,0
2020-08-31,tuxtepec,"Tuxtepec, Oax.",18.0833,-96.1167,16,0.48,33.01,23.2,3.4499999999999855,76.71000000000002,163.29,0,0
2020-09-01,tuxtepec,"Tuxtepec, Oax.",18.0833,-96.1167,16,0.0,31.89,22.42,1.3399999999999856,38.960000000000015,156.44,0,0
2020-09-02,tuxtepec,"Tuxtepec, Oax.",18.0833,-96.1167,16,0.01,30.27,21.43,0.4899999999999858,23.950000000000014,147.38,0,0
2020-09-03,tuxtepec,"Tuxtepec, Oax.",18.0833,-96.1167,16,16.59,26.82,23.28,16.599999999999987,27.890000000000015,151.81,1,0
2020-09-04,tuxtepec,"Tuxtepec, Oax.",18.0833,-96.1167,16,45.13,26.24,22.71,61.72999999999999,65.18,182.3,2,1
2020-09-05,tuxtepec,"Tuxtepec, Oax.",18.0833,-96.1167,16,50.98,24.95,22.75,112.69999999999999,114.05000000000001,223.44,3,1
2020-09-06,tuxtepec,"Tuxtepec, Oax.",18.0833,-96.1167,16,52.86,27.11,22.82,148.96999999999997,166.05,264.53000000000003,4,1
2020-09-07,tuxtepec,"Tuxtepec, Oax.",18.0833,-96.1167,16,16.02,27.31,22.45,119.85999999999999,181.59,258.3,5,0
2020-09-08,tuxtepec,"Tuxtepec, Oax.",18.0833,-96.1167,16,6.27,28.55,22.46,75.14999999999998,187.86,226.82,6,0
2020-09-09,tuxtepec,"Tuxtepec, Oax.",18.0833,-96.1167,16,6.09,28.44,22.48,28.379999999999985,193.94,217.89,7,0
2020-09-10,tuxtepec,"Tuxtepec, Oax.",18.0833,-96.1167,16,21.74,27.8,22.88,34.09999999999998,199.08999999999997,226.98,8,1
2020-09-11,tuxtepec,"Tuxtepec, Oax.",18.0833,-96.1167,16,26.14,27.94,22.45,53.969999999999985,180.1,245.27999999999997,9,1
2020-09-12,tuxtepec,"Tuxtepec, Oax.",18.0833,-96.1167,16,14.56,27.93,22.48,62.43999999999998,143.68,257.73,10,0
2020-09-13,tuxtepec,"Tuxtepec, Oax.",18.0833,-96.1167,16,7.49,27.86,22.02,48.18999999999998,98.30999999999999,264.36,11,0
2020-09-14,tuxtepec,"Tuxtepec, Oax.",18.0833,-96.1167,16,19.21,28.11,22.01,41.25999999999999,101.5,283.09000000000003,12,0
2020-09-15,tuxtepec,"Tuxtepec, Oax.",18.0833,-96.1167,16,39.8,29.62,22.82,66.49999999999999,135.03,322.89000000000004,13,1
2020-09-16,tuxtepec,"Tuxtepec, Oax.",18.0833,-96.1167,16,42.24,29.97,22.8,101.25,171.18,365.12,14,1
2020-09-17,tuxtepec,"Tuxtepec, Oax.",18.0833,-96.1167,16,35.77,28.26,22.9,117.80999999999999,185.20999999999998,384.3,15,1
2020-09-18,tuxtepec,"Tuxtepec, Oax.",18.0833,-96.1167,16,22.89,27.18,22.94,100.89999999999999,181.96,362.06,16,1
2020-09-19,tuxtepec,"Tuxtepec, Oax.",18.0833,-96.1167,16,36.6,25.79,21.96,95.25999999999999,204.0,347.68,17,1
2020-09-20,tuxtepec,"Tuxtepec, Oax.",18.0833,-96.1167,16,0.32,26.7,21.59,59.80999999999999,196.82999999999998,295.14,0,0
2020-09-21,tuxtepec,"Tuxtepec, Oax.",18.0833,-96.1167,16,1.14,26.26,20.64,38.05999999999999,178.76000000000002,280.26,0,0
2020-09-22,tuxtepec,"Tuxtepec, Oax.",18.0833,-96.1167,16,1.28,27.62,20.03,2.739999999999986,140.24,275.27000000000004,0,0
2020-09-23,tuxtepec,"Tuxtepec, Oax.",18.0833,-96.1167,16,2.06,28.53,21.0,4.479999999999986,100.06,271.24,0,0
2020-09-24,tuxtepec,"Tuxtepec, Oax.",18.0833,-96.1167,16,3.79,29.36,21.53,7.129999999999986,68.08,253.29000000000002,0,0
2020-09-25,tuxtepec,"Tuxtepec, Oax.",18.0833,-96.1167,16,7.4,27.28,22.12,13.249999999999986,52.59,234.55,1,0
2020-09-26,tuxtepec,"Tuxtepec, Oax.",18.0833,-96.1167,16,7.25,26.99,22.64,18.439999999999987,23.240000000000002,227.24,2,0
2020-09-27,tuxtepec,"Tuxtepec, Oax.",18.0833,-96.1167,16,4.11,28.22,21.77,18.759999999999987,27.03,223.86,0,0
2020-09-28,tuxtepec,"Tuxtepec, Oax.",18.0833,-96.1167,16,10.27,28.74,23.02,21.62999999999999,36.16,214.92000000000002,1,0
2020-09-29,tuxtepec,"Tuxtepec, Oax.",18.0833,-96.1167,16,16.53,25.03,18.61,30.90999999999999,51.41,191.65,2,0
2020-09-30,tuxtepec,"Tuxtepec, Oax.",18.0833,-96.1167,16,4.88,22.77,17.71,31.67999999999999,54.230000000000004,154.29000000000002,0,0
2020-10-01,tuxtepec,"Tuxtepec, Oax.",18.0833,-96.1167,16,0.73,23.68,16.84,22.13999999999999,51.17,119.25,0,0
2020-10-02,tuxtepec,"Tuxtepec, Oax.",18.0833,-96.1167,16,2.83,23.31,15.96,8.439999999999989,46.6,99.19,0,0
2020-10-03,tuxtepec,"Tuxtepec, Oax.",18.0833,-96.1167,16,1.66,24.86,18.44,5.219999999999989,41.01,64.25,0,0
2020-10-04,tuxtepec,"Tuxtepec, Oax.",18.0833,-96.1167,16,1.65,25.12,18.96,6.13999999999999,38.55,65.58,0,0
2020-10-05,tuxtepec,"Tuxtepec, Oax.",18.0833,-96.1167,16,1.16,24.6,18.39,4.469999999999989,29.44,65.6,0,0
2020-10-06,tuxtepec,"Tuxtepec, Oax.",18.0833,-96.1167,16,0.01,24.94,16.38,2.8199999999999887,12.92,64.33,0,0
2020-10-07,tuxtepec,"Tuxtepec, Oax.",18.0833,-96.1167,16,0.0,25.85,16.49,1.1699999999999893,8.04,62.27,0,0
2020-10-08,tuxtepec,"Tuxtepec, Oax.",18.0833,-96.1167,16,0.0,27.91,20.53,0.009999999999989342,7.3100000000000005,58.480000000000004,0,0
2020-10-09,tuxtepec,"Tuxtepec, Oax.",18.0833,-96.1167,16,0.11,29.25,21.34,0.10999999999998934,4.59,51.19,0,0
2020-10-10,tuxtepec,"Tuxtepec, Oax.",18.0833,-96.1167,16,0.29,29.09,22.28,0.3999999999999893,3.22,44.23,0,0
2020-10-11,tuxtepec,"Tuxtepec, Oax.",18.0833,-96.1167,16,6.91,28.74,23.12,7.30999999999999,8.48,47.03,1,0
2020-10-12,tuxtepec,"Tuxtepec, Oax.",18.0833,-96.1167,16,5.06,27.76,23.02,12.25999999999999,12.379999999999999,41.82000000000001,2,0
2020-10-13,tuxtepec,"Tuxtepec, Oax.",18.0833,-96.1167,16,11.8,26.78,22.6,23.76999999999999,24.17,37.09,3,0
2020-10-14,tuxtepec,"Tuxtepec, Oax.",18.0833,-96.1167,16,10.67,26.19,21.84,27.52999999999999,34.84,42.879999999999995,4,0
2020-10-15,tuxtepec,"Tuxtepec, Oax.",18.0833,-96.1167,16,4.96,27.6,22.27,27.429999999999993,39.8,47.11,0,0
2020-10-16,tuxtepec,"Tuxtepec, Oax.",18.0833,-96.1167,16,23.34,26.72,20.99,38.96999999999999,63.03,67.62,1,1
2020-10-17,tuxtepec,"Tuxtepec, Oax.",18.0833,-96.1167,16,4.91,25.48,20.14,33.20999999999999,67.65,70.87,0,0
2020-10-18,tuxtepec,"Tuxtepec, Oax.",18.0833,-96.1167,16,3.61,27.11,19.79,31.85999999999999,64.35,72.83,0,0
2020-10-19,tuxtepec,"Tuxtepec, Oax.",18.0833,-96.1167,16,10.58,26.89,20.92,19.099999999999987,69.87,82.25,1,0
2020-10-20,tuxtepec,"Tuxtepec, Oax.",18.0833,-96.1167,16,7.53,26.27,21.1,21.719999999999988,65.6,89.77,2,0
2020-10-21,tuxtepec,"Tuxtepec, Oax.",18.0833,-96.1167,16,0.1,26.61,20.18,18.20999999999999,55.029999999999994,89.86999999999999,0,0
2020-10-22,tuxtepec,"Tuxtepec, Oax.",18.0833,-96.1167,16,0.04,27.87,19.67,7.669999999999989,50.11,89.91,0,0
2020-10-23,tuxtepec,"Tuxtepec, Oax.",18.0833,-96.1167,16,0.02,28.69,19.55,0.15999999999998935,26.79,89.82,0,0
2020-10-24,tuxtepec,"Tuxtepec, Oax.",18.0833,-96.1167,16,0.31,27.1,20.4,0.36999999999998934,22.19,89.84,0,0
2020-10-25,tuxtepec,"Tuxtepec, Oax.",18.0833,-96.1167,16,0.17,27.06,20.62,0.49999999999998934,18.75,83.1,0,0
2020-10-26,tuxtepec,"Tuxtepec, Oax.",18.0833,-96.1167,16,0.0,27.2,19.81,0.4799999999999893,8.17,78.03999999999999,0,0
2020-10-27,tuxtepec,"Tuxtepec, Oax.",18.0833,-96.1167,16,0.0,28.29,20.82,0.16999999999998935,0.64,66.24,0,0
2020-10-28,tuxtepec,"Tuxtepec, Oax.",18.0833,-96.1167,16,3.42,27.9,21.8,3.4199999999999893,3.96,58.99,0,0
2020-10-29,tuxtepec,"Tuxtepec, Oax.",18.0833,-96.1167,16,62.97,23.09,18.84,66.38999999999999,66.89,117.0,1,1
2020-10-30,tuxtepec,"Tuxtepec, Oax.",18.0833,-96.1167,16,4.13,21.31,17.16,70.51999999999998,71.0,97.78999999999999,0,0
2020-10-31,tuxtepec,"Tuxtepec, Oax.",18.0833,-96.1167,16,0.24,23.41,15.51,67.33999999999999,70.93,93.12,0,0
2020-11-01,tuxtepec,"Tuxtepec, Oax.",18.0833,-96.1167,16,4.43,23.42,18.14,8.799999999999986,75.19,93.94,0,0
2020-11-02,tuxtepec,"Tuxtepec, Oax.",18.0833,-96.1167,16,3.49,21.67,17.58,8.159999999999986,78.68,86.85000000000001,0,0
2020-11-03,tuxtepec,"Tuxtepec, Oax.",18.0833,-96.1167,16,3.88,22.48,17.21,11.799999999999986,82.56,83.2,0,0
2020-11-04,tuxtepec,"Tuxtepec, Oax.",18.0833,-96.1167,16,0.97,22.26,16.31,8.339999999999986,80.11,84.07000000000001,0,0
2020-11-05,tuxtepec,"Tuxtepec, Oax.",18.0833,-96.1167,16,1.27,22.69,16.64,6.119999999999986,18.41,85.3,0,0
2020-11-06,tuxtepec,"Tuxtepec, Oax.",18.0833,-96.1167,16,0.92,23.25,17.01,3.159999999999986,15.200000000000001,86.2,0,0
2020-11-07,tuxtepec,"Tuxtepec, Oax.",18.0833,-96.1167,16,0.21,25.19,18.43,2.399999999999986,15.17,86.10000000000001,0,0
2020-11-08,tuxtepec,"Tuxtepec, Oax.",18.0833,-96.1167,16,0.0,26.86,19.01,1.129999999999986,10.739999999999998,85.93,0,0
2020-11-09,tuxtepec,"Tuxtepec, Oax.",18.0833,-96.1167,16,0.0,26.91,19.79,0.20999999999998578,7.25,85.93,0,0
2020-11-10,tuxtepec,"Tuxtepec, Oax.",18.0833,-96.1167,16,0.06,28.88,19.98,0.05999999999998579,3.43,85.99,0,0
2020-11-11,tuxtepec,"Tuxtepec, Oax.",18.0833,-96.1167,16,3.45,28.24,21.66,3.509999999999986,5.91,86.02,0,0
2020-11-12,tuxtepec,"Tuxtepec, Oax.",18.0833,-96.1167,16,0.0,27.51,21.23,3.509999999999986,4.640000000000001,23.05,0,0
2020-11-13,tuxtepec,"Tuxtepec, Oax.",18.0833,-96.1167,16,0.01,26.47,20.74,3.4599999999999858,3.73,18.93,0,0
2020-11-14,tuxtepec,"Tuxtepec, Oax.",18.0833,-96.1167,16,0.01,27.45,20.24,0.01999999999998579,3.5300000000000002,18.7,0,0
2020-11-15,tuxtepec,"Tuxtepec, Oax.",18.0833,-96.1167,16,3.14,26.76,20.56,3.159999999999986,6.67,17.41,0,0
2020-11-16,tuxtepec,"Tuxtepec, Oax.",18.0833,-96.1167,16,12.35,24.55,18.49,15.499999999999986,19.02,26.270000000000003,1,0
2020-11-17,tuxtepec,"Tuxtepec, Oax.",18.0833,-96.1167,16,29.01,23.12,18.93,44.499999999999986,47.97,51.4,2,1
2020-11-18,tuxtepec,"Tuxtepec, Oax.",18.0833,-96.1167,16,37.15,22.58,18.54,78.50999999999999,81.67,87.58,3,1
2020-11-19,tuxtepec,"Tuxtepec, Oax.",18.0833,-96.1167,16,5.06,21.32,17.52,71.22,86.73,91.37,4,0
2020-11-20,tuxtepec,"Tuxtepec, Oax.",18.0833,-96.1167,16,12.71,22.48,17.65,54.91999999999999,99.42999999999999,103.16,5,0
2020-11-21,tuxtepec,"Tuxtepec, Oax.",18.0833,-96.1167,16,1.55,24.42,18.91,19.319999999999993,100.97,104.49999999999999,0,0
2020-11-22,tuxtepec,"Tuxtepec, Oax.",18.0833,-96.1167,16,0.79,23.96,18.12,15.049999999999994,98.62,105.28999999999999,0,0
2020-11-23,tuxtepec,"Tuxtepec, Oax.",18.0833,-96.1167,16,2.83,22.54,17.34,5.169999999999993,89.10000000000001,108.11999999999999,0,0
2020-11-24,tuxtepec,"Tuxtepec, Oax.",18.0833,-96.1167,16,0.16,25.2,14.98,3.779999999999993,60.25000000000001,108.22,0,0
2020-11-25,tuxtepec,"Tuxtepec, Oax.",18.0833,-96.1167,16,0.0,27.07,18.89,2.989999999999993,23.099999999999998,104.77,0,0
2020-11-26,tuxtepec,"Tuxtepec, Oax.",18.0833,-96.1167,16,0.0,26.82,19.36,0.1599999999999929,18.04,104.77,0,0
2020-11-27,tuxtepec,"Tuxtepec, Oax.",18.0833,-96.1167,16,0.0,27.01,20.21,0.0,5.33,104.75999999999999,0,0
2020-11-28,tuxtepec,"Tuxtepec, Oax.",18.0833,-96.1167,16,0.0,27.1,19.96,0.0,3.7800000000000002,104.75,0,0
2020-11-29,tuxtepec,"Tuxtepec, Oax.",18.0833,-96.1167,16,2.62,26.57,19.79,2.619999999999993,5.61,104.23,0,0
2020-11-30,tuxtepec,"Tuxtepec, Oax.",18.0833,-96.1167,16,15.54,20.28,14.55,18.159999999999993,18.32,107.41999999999999,1,0
2020-12-01,tuxtepec,"Tuxtepec, Oax.",18.0833,-96.1167,16,0.39,20.52,13.36,18.549999999999994,18.55,78.8,0,0
2020-12-02,tuxtepec,"Tuxtepec, Oax.",18.0833,-96.1167,16,0.05,24.28,16.93,15.979999999999992,18.6,41.699999999999996,0,0
2020-12-03,tuxtepec,"Tuxtepec, Oax.",18.0833,-96.1167,16,0.22,24.28,16.36,0.6599999999999929,18.82,36.85999999999999,0,0
2020-12-04,tuxtepec,"Tuxtepec, Oax.",18.0833,-96.1167,16,0.11,20.91,15.72,0.3799999999999929,18.93,24.259999999999998,0,0
2020-12-05,tuxtepec,"Tuxtepec, Oax.",18.0833,-96.1167,16,0.05,24.0,15.56,0.3799999999999929,18.98,22.759999999999998,0,0
2020-12-06,tuxtepec,"Tuxtepec, Oax.",18.0833,-96.1167,16,1.48,21.07,15.32,1.6399999999999928,17.84,23.45,0,0
2020-12-07,tuxtepec,"Tuxtepec, Oax.",18.0833,-96.1167,16,0.75,19.79,14.25,2.2799999999999927,3.05,21.369999999999997,0,0
2020-12-08,tuxtepec,"Tuxtepec, Oax.",18.0833,-96.1167,16,0.0,20.04,12.59,2.229999999999993,2.66,21.21,0,0
2020-12-09,tuxtepec,"Tuxtepec, Oax.",18.0833,-96.1167,16,0.01,20.93,12.17,0.7599999999999929,2.62,21.22,0,0
2020-12-10,tuxtepec,"Tuxtepec, Oax.",18.0833,-96.1167,16,0.0,22.98,13.42,0.009999999999992895,2.4,21.22,0,0
2020-12-11,tuxtepec,"Tuxtepec, Oax.",18.0833,-96.1167,16,0.0,25.79,16.42,0.009999999999992895,2.29,21.22,0,0
2020-12-12,tuxtepec,"Tuxtepec, Oax.",18.0833,-96.1167,16,0.01,25.72,18.26,0.009999999999992895,2.25,21.23,0,0
2020-12-13,tuxtepec,"Tuxtepec, Oax.",18.0833,-96.1167,16,0.0,26.98,18.9,0.009999999999992895,0.77,18.61,0,0
2020-12-14,tuxtepec,"Tuxtepec, Oax.",18.0833,-96.1167,16,2.69,20.97,15.39,2.6999999999999926,2.71,5.76,0,0
2020-12-15,tuxtepec,"Tuxtepec, Oax.",18.0833,-96.1167,16,0.0,26.12,15.18,2.689999999999993,2.71,5.37,0,0
2020-12-16,tuxtepec,"Tuxtepec, Oax.",18.0833,-96.1167,16,1.52,23.0,16.35,4.209999999999993,4.220000000000001,6.84,0,0
2020-12-17,tuxtepec,"Tuxtepec, Oax.",18.0833,-96.1167,16,3.8,20.9,15.8,5.319999999999993,8.02,10.42,0,0
2020-12-18,tuxtepec,"Tuxtepec, Oax.",18.0833,-96.1167,16,1.64,23.39,15.82,6.959999999999993,9.66,11.95,0,0
2020-12-19,tuxtepec,"Tuxtepec, Oax.",18.0833,-96.1167,16,0.03,25.71,18.34,5.469999999999992,9.68,11.93,0,0
2020-12-20,tuxtepec,"Tuxtepec, Oax.",18.0833,-96.1167,16,4.36,24.46,18.03,6.029999999999992,14.04,14.809999999999999,0,0
2020-12-21,tuxtepec,"Tuxtepec, Oax.",18.0833,-96.1167,16,3.11,23.01,17.47,7.499999999999993,14.459999999999999,17.169999999999998,0,0
2020-12-22,tuxtepec,"Tuxtepec, Oax.",18.0833,-96.1167,16,0.66,24.94,17.46,8.129999999999994,15.120000000000001,17.83,0,0
2020-12-23,tuxtepec,"Tuxtepec, Oax.",18.0833,-96.1167,16,0.1,26.54,18.86,3.869999999999993,13.7,17.92,0,0
2020-12-24,tuxtepec,"Tuxtepec, Oax.",18.0833,-96.1167,16,2.27,26.09,12.8,3.029999999999993,12.17,20.19,0,0
2020-12-25,tuxtepec,"Tuxtepec, Oax.",18.0833,-96.1167,16,0.49,16.89,11.47,2.859999999999993,11.02,20.68,0,0
2020-12-26,tuxtepec,"Tuxtepec, Oax.",18.0833,-96.1167,16,0.1,19.75,12.99,2.8599999999999928,11.09,20.77,0,0
2020-12-27,tuxtepec,"Tuxtepec, Oax.",18.0833,-96.1167,16,0.0,22.04,15.24,0.5899999999999929,6.73,20.77,0,0
2020-12-28,tuxtepec,"Tuxtepec, Oax.",18.0833,-96.1167,16,0.0,22.11,15.4,0.0999999999999929,3.62,18.08,0,0
2020-12-29,tuxtepec,"Tuxtepec, Oax.",18.0833,-96.1167,16,0.01,22.99,13.48,0.009999999999992895,2.97,18.089999999999996,0,0
2020-12-30,tuxtepec,"Tuxtepec, Oax.",18.0833,-96.1167,16,0.07,26.0,16.03,0.0799999999999929,2.94,16.639999999999997,0,0
2020-12-31,tuxtepec,"Tuxtepec, Oax.",18.0833,-96.1167,16,0.01,31.16,15.9,0.08999999999999289,0.68,12.85,0,0
2021-01-01,tuxtepec,"Tuxtepec, Oax.",18.0833,-96.1167,16,0.03,24.72,17.53,0.10999999999999291,0.22,11.24,0,0
2021-01-02,tuxtepec,"Tuxtepec, Oax.",18.0833,-96.1167,16,0.93,22.93,15.04,0.969999999999993,1.05,12.139999999999999,0,0
2021-01-03,tuxtepec,"Tuxtepec, Oax.",18.0833,-96.1167,16,0.2,22.89,14.64,1.159999999999993,1.25,7.98,0,0
2021-01-04,tuxtepec,"Tuxtepec, Oax.",18.0833,-96.1167,16,2.95,24.49,16.97,4.079999999999993,4.2,7.82,0,0
2021-01-05,tuxtepec,"Tuxtepec, Oax.",18.0833,-96.1167,16,19.18,24.44,18.27,22.32999999999999,23.37,26.34,1,0
2021-01-06,tuxtepec,"Tuxtepec, Oax.",18.0833,-96.1167,16,2.36,26.23,18.05,24.48999999999999,25.66,28.599999999999998,0,0
2021-01-07,tuxtepec,"Tuxtepec, Oax.",18.0833,-96.1167,16,3.78,21.84,15.25,25.319999999999993,29.43,30.11,0,0
2021-01-08,tuxtepec,"Tuxtepec, Oax.",18.0833,-96.1167,16,0.91,20.64,14.19,7.049999999999993,30.310000000000002,30.53,0,0
2021-01-09,tuxtepec,"Tuxtepec, Oax.",18.0833,-96.1167,16,1.83,21.24,15.16,6.5199999999999925,31.21,32.26,0,0
2021-01-10,tuxtepec,"Tuxtepec, Oax.",18.0833,-96.1167,16,0.45,22.79,16.06,3.1899999999999933,31.459999999999997,32.71,0,0
2021-01-11,tuxtepec,"Tuxtepec, Oax.",18.0833,-96.1167,16,7.39,17.89,12.33,9.669999999999993,35.9,40.1,1,0
2021-01-12,tuxtepec,"Tuxtepec, Oax.",18.0833,-96.1167,16,0.44,18.11,12.01,8.279999999999992,17.16,40.53,0,0
2021-01-13,tuxtepec,"Tuxtepec, Oax.",18.0833,-96.1167,16,0.58,19.16,13.64,8.409999999999993,15.38,41.04,0,0
2021-01-14,tuxtepec,"Tuxtepec, Oax.",18.0833,-96.1167,16,0.08,23.03,14.67,1.099999999999993,11.680000000000001,41.11,0,0
2021-01-15,tuxtepec,"Tuxtepec, Oax.",18.0833,-96.1167,16,0.34,23.35,16.7,0.999999999999993,11.110000000000001,41.42,0,0
2021-01-16,tuxtepec,"Tuxtepec, Oax.",18.0833,-96.1167,16,2.34,20.07,15.78,2.7599999999999927,11.620000000000001,42.83,0,0
2021-01-17,tuxtepec,"Tuxtepec, Oax.",18.0833,-96.1167,16,1.22,24.19,16.56,3.8999999999999924,12.389999999999999,43.85,0,0
2021-01-18,tuxtepec,"Tuxtepec, Oax.",18.0833,-96.1167,16,0.54,23.09,16.47,4.0999999999999925,5.54,41.44,0,0
2021-01-19,tuxtepec,"Tuxtepec, Oax.",18.0833,-96.1167,16,0.94,23.81,17.28,2.699999999999993,6.039999999999999,23.2,0,0
2021-01-20,tuxtepec,"Tuxtepec, Oax.",18.0833,-96.1167,16,12.76,25.39,18.5,14.239999999999993,18.22,33.6,1,0
2021-01-21,tuxtepec,"Tuxtepec, Oax.",18.0833,-96.1167,16,0.8,26.36,18.18,14.499999999999993,18.94,30.619999999999997,0,0
2021-01-22,tuxtepec,"Tuxtepec, Oax.",18.0833,-96.1167,16,0.0,27.67,17.97,13.559999999999993,18.6,29.709999999999997,0,0
2021-01-23,tuxtepec,"Tuxtepec, Oax.",18.0833,-96.1167,16,0.0,26.81,19.24,0.7999999999999929,16.26,27.88,0,0
2021-01-24,tuxtepec,"Tuxtepec, Oax.",18.0833,-96.1167,16,0.0,27.42,20.59,0.0,15.040000000000001,27.43,0,0
2021-01-25,tuxtepec,"Tuxtepec, Oax.",18.0833,-96.1167,16,0.0,31.65,18.81,0.0,14.5,20.04,0,0
2021-01-26,tuxtepec,"Tuxtepec, Oax.",18.0833,-96.1167,16,0.0,32.29,18.72,0.0,13.56,19.599999999999998,0,0
2021-01-27,tuxtepec,"Tuxtepec, Oax.",18.0833,-96.1167,16,1.65,27.18,17.96,1.6499999999999928,2.45,20.67,0,0
2021-01-28,tuxtepec,"Tuxtepec, Oax.",18.0833,-96.1167,16,13.04,20.63,15.82,14.689999999999992,14.69,33.629999999999995,1,0
2021-01-29,tuxtepec,"Tuxtepec, Oax.",18.0833,-96.1167,16,6.27,20.78,15.18,20.959999999999994,20.96,39.56,2,0
2021-01-30,tuxtepec,"Tuxtepec, Oax.",18.0833,-96.1167,16,0.35,24.83,17.23,19.659999999999993,21.31,37.57,0,0
2021-01-31,tuxtepec,"Tuxtepec, Oax.",18.0833,-96.1167,16,1.19,25.91,18.86,7.8099999999999925,22.5,37.54,0,0
2021-02-01,tuxtepec,"Tuxtepec, Oax.",18.0833,-96.1167,16,9.99,22.22,14.94,11.529999999999994,32.489999999999995,46.989999999999995,1,0
2021-02-02,tuxtepec,"Tuxtepec, Oax.",18.0833,-96.1167,16,0.55,19.09,14.19,11.729999999999993,33.04,46.599999999999994,0,0
2021-02-03,tuxtepec,"Tuxtepec, Oax.",18.0833,-96.1167,16,0.02,22.51,13.65,10.559999999999992,31.41,33.85999999999999,0,0
2021-02-04,tuxtepec,"Tuxtepec, Oax.",18.0833,-96.1167,16,0.0,26.3,15.02,0.569999999999993,18.369999999999997,33.059999999999995,0,0
2021-02-05,tuxtepec,"Tuxtepec, Oax.",18.0833,-96.1167,16,0.0,31.68,15.86,0.019999999999992895,12.1,33.059999999999995,0,0
2021-02-06,tuxtepec,"Tuxtepec, Oax.",18.0833,-96.1167,16,0.01,29.95,19.09,0.009999999999992895,11.76,33.07,0,0
2021-02-07,tuxtepec,"Tuxtepec, Oax.",18.0833,-96.1167,16,1.51,25.42,18.62,1.519999999999993,12.08,34.58,0,0
2021-02-08,tuxtepec,"Tuxtepec, Oax.",18.0833,-96.1167,16,0.03,27.7,18.31,1.549999999999993,2.1199999999999983,34.61,0,0
2021-02-09,tuxtepec,"Tuxtepec, Oax.",18.0833,-96.1167,16,0.0,27.56,19.56,1.539999999999993,1.5699999999999983,34.61,0,0
2021-02-10,tuxtepec,"Tuxtepec, Oax.",18.0833,-96.1167,16,0.0,27.25,19.93,0.029999999999992893,1.5499999999999983,32.96,0,0
2021-02-11,tuxtepec,"Tuxtepec, Oax.",18.0833,-96.1167,16,0.01,29.3,20.28,0.009999999999992895,1.5599999999999983,19.93,0,0
2021-02-12,tuxtepec,"Tuxtepec, Oax.",18.0833,-96.1167,16,2.67,27.63,16.64,2.6799999999999926,4.229999999999999,16.33,0,0
2021-02-13,tuxtepec,"Tuxtepec, Oax.",18.0833,-96.1167,16,0.2,25.0,14.64,2.879999999999993,4.419999999999998,16.18,0,0
2021-02-14,tuxtepec,"Tuxtepec, Oax.",18.0833,-96.1167,16,0.05,26.98,16.54,2.919999999999993,2.959999999999998,15.04,0,0
2021-02-15,tuxtepec,"Tuxtepec, Oax.",18.0833,-96.1167,16,1.24,21.76,13.8,1.4899999999999929,4.169999999999998,6.29,0,0
2021-02-16,tuxtepec,"Tuxtepec, Oax.",18.0833,-96.1167,16,0.37,23.62,12.63,1.659999999999993,4.539999999999998,6.11,0,0
2021-02-17,tuxtepec,"Tuxtepec, Oax.",18.0833,-96.1167,16,0.01,30.38,14.27,1.6199999999999928,4.549999999999998,6.1,0,0
2021-02-18,tuxtepec,"Tuxtepec, Oax.",18.0833,-96.1167,16,1.91,25.26,15.87,2.289999999999993,6.449999999999998,8.01,0,0
2021-02-19,tuxtepec,"Tuxtepec, Oax.",18.0833,-96.1167,16,2.71,16.4,11.38,4.629999999999993,6.489999999999998,10.719999999999999,0,0
2021-02-20,tuxtepec,"Tuxtepec, Oax.",18.0833,-96.1167,16,0.27,19.06,10.81,4.8899999999999935,6.559999999999998,10.98,0,0
2021-02-21,tuxtepec,"Tuxtepec, Oax.",18.0833,-96.1167,16,0.02,24.89,12.92,2.999999999999993,6.529999999999998,9.49,0,0
2021-02-22,tuxtepec,"Tuxtepec, Oax.",18.0833,-96.1167,16,0.01,24.85,16.79,0.29999999999999294,5.299999999999998,9.47,0,0
2021-02-23,tuxtepec,"Tuxtepec, Oax.",18.0833,-96.1167,16,0.09,25.41,17.31,0.11999999999999289,5.019999999999998,9.56,0,0
2021-02-24,tuxtepec,"Tuxtepec, Oax.",18.0833,-96.1167,16,0.0,27.28,17.36,0.09999999999999289,5.009999999999998,9.56,0,0
2021-02-25,tuxtepec,"Tuxtepec, Oax.",18.0833,-96.1167,16,0.0,27.85,19.04,0.08999999999999289,3.0999999999999983,9.549999999999999,0,0
2021-02-26,tuxtepec,"Tuxtepec, Oax.",18.0833,-96.1167,16,0.07,29.36,18.27,0.0699999999999929,0.45999999999999824,6.95,0,0
2021-02-27,tuxtepec,"Tuxtepec, Oax.",18.0833,-96.1167,16,0.06,30.8,20.57,0.1299999999999929,0.24999999999999822,6.81,0,0
2021-02-28,tuxtepec,"Tuxtepec, Oax.",18.0833,-96.1167,16,0.21,31.87,20.49,0.33999999999999286,0.4399999999999982,6.97,0,0
2021-03-01,tuxtepec,"Tuxtepec, Oax.",18.0833,-96.1167,16,0.18,32.35,20.5,0.44999999999999285,0.6099999999999982,5.909999999999999,0,0
2021-03-02,tuxtepec,"Tuxtepec, Oax.",18.0833,-96.1167,16,1.49,22.45,16.19,1.8799999999999928,2.009999999999998,7.029999999999999,0,0
2021-03-03,tuxtepec,"Tuxtepec, Oax.",18.0833,-96.1167,16,0.08,26.6,15.72,1.749999999999993,2.089999999999998,7.1,0,0
2021-03-04,tuxtepec,"Tuxtepec, Oax.",18.0833,-96.1167,16,0.03,27.86,17.17,1.599999999999993,2.1199999999999983,5.22,0,0
2021-03-05,tuxtepec,"Tuxtepec, Oax.",18.0833,-96.1167,16,0.02,30.74,17.94,0.1299999999999929,2.0699999999999985,2.53,0,0
2021-03-06,tuxtepec,"Tuxtepec, Oax.",18.0833,-96.1167,16,2.77,26.33,17.57,2.8199999999999927,4.7799999999999985,5.029999999999999,0,0
2021-03-07,tuxtepec,"Tuxtepec, Oax.",18.0833,-96.1167,16,0.9,26.11,16.28,3.689999999999993,5.469999999999999,5.91,0,0
2021-03-08,tuxtepec,"Tuxtepec, Oax.",18.0833,-96.1167,16,2.98,25.4,17.17,6.649999999999993,8.27,8.879999999999999,0,0
2021-03-09,tuxtepec,"Tuxtepec, Oax.",18.0833,-96.1167,16,1.94,25.52,16.67,5.819999999999993,8.719999999999999,10.73,0,0
2021-03-10,tuxtepec,"Tuxtepec, Oax.",18.0833,-96.1167,16,0.02,28.06,15.79,4.939999999999992,8.659999999999998,10.75,0,0
2021-03-11,tuxtepec,"Tuxtepec, Oax.",18.0833,-96.1167,16,2.51,29.87,17.72,4.469999999999993,11.139999999999999,13.26,0,0
2021-03-12,tuxtepec,"Tuxtepec, Oax.",18.0833,-96.1167,16,0.99,30.37,18.9,3.5199999999999925,12.109999999999998,14.18,0,0
2021-03-13,tuxtepec,"Tuxtepec, Oax.",18.0833,-96.1167,16,0.0,30.49,19.24,3.499999999999993,9.339999999999998,14.120000000000001,0,0
2021-03-14,tuxtepec,"Tuxtepec, Oax.",18.0833,-96.1167,16,0.0,34.16,20.48,0.9899999999999929,8.439999999999998,13.91,0,0
2021-03-15,tuxtepec,"Tuxtepec, Oax.",18.0833,-96.1167,16,0.0,33.49,21.72,0.0,5.459999999999998,13.73,0,0
2021-03-16,tuxtepec,"Tuxtepec, Oax.",18.0833,-96.1167,16,0.0,34.72,20.71,0.0,3.519999999999998,12.24,0,0
2021-03-17,tuxtepec,"Tuxtepec, Oax.",18.0833,-96.1167,16,0.07,37.34,21.26,0.0699999999999929,3.569999999999998,12.229999999999999,0,0
2021-03-18,tuxtepec,"Tuxtepec, Oax.",18.0833,-96.1167,16,1.02,29.67,17.84,1.089999999999993,2.0799999999999983,13.22,0,0
2021-03-19,tuxtepec,"Tuxtepec, Oax.",18.0833,-96.1167,16,0.5,26.0,16.42,1.589999999999993,1.5899999999999983,13.7,0,0
2021-03-20,tuxtepec,"Tuxtepec, Oax.",18.0833,-96.1167,16,0.39,26.51,16.11,1.909999999999993,1.9799999999999982,11.319999999999999,0,0
2021-03-21,tuxtepec,"Tuxtepec, Oax.",18.0833,-96.1167,16,0.2,27.88,16.12,1.089999999999993,2.1799999999999984,10.62,0,0
2021-03-22,tuxtepec,"Tuxtepec, Oax.",18.0833,-96.1167,16,0.02,33.32,17.52,0.6099999999999929,2.1999999999999984,7.66,0,0
2021-03-23,tuxtepec,"Tuxtepec, Oax.",18.0833,-96.1167,16,0.04,37.96,20.61,0.2599999999999929,2.2399999999999984,5.76,0,0
2021-03-24,tuxtepec,"Tuxtepec, Oax.",18.0833,-96.1167,16,0.0,37.47,21.07,0.05999999999999289,2.1699999999999986,5.74,0,0
2021-03-25,tuxtepec,"Tuxtepec, Oax.",18.0833,-96.1167,16,0.0,38.53,21.9,0.03999999999999289,1.1499999999999981,3.23,0,0
2021-03-26,tuxtepec,"Tuxtepec, Oax.",18.0833,-96.1167,16,0.0,33.81,21.18,0.0,0.6499999999999982,2.24,0,0
2021-03-27,tuxtepec,"Tuxtepec, Oax.",18.0833,-96.1167,16,0.0,36.28,20.61,0.0,0.25999999999999823,2.24,0,0
2021-03-28,tuxtepec,"Tuxtepec, Oax.",18.0833,-96.1167,16,2.09,36.61,21.5,2.0899999999999928,2.149999999999998,4.33,0,0
2021-03-29,tuxtepec,"Tuxtepec, Oax.",18.0833,-96.1167,16,4.65,27.4,19.57,6.739999999999993,6.7799999999999985,8.98,0,0
2021-03-30,tuxtepec,"Tuxtepec, Oax.",18.0833,-96.1167,16,0.04,32.97,19.29,6.779999999999993,6.7799999999999985,9.02,0,0
2021-03-31,tuxtepec,"Tuxtepec, Oax.",18.0833,-96.1167,16,0.18,33.71,20.93,4.869999999999993,6.959999999999998,9.13,0,0
2021-04-01,tuxtepec,"Tuxtepec, Oax.",18.0833,-96.1167,16,1.28,29.88,20.2,1.499999999999993,8.239999999999998,9.39,0,0
2021-04-02,tuxtepec,"Tuxtepec, Oax.",18.0833,-96.1167,16,5.43,26.24,18.51,6.889999999999993,13.669999999999998,14.32,1,0
2021-04-03,tuxtepec,"Tuxtepec, Oax.",18.0833,-96.1167,16,1.2,26.78,17.55,7.909999999999993,14.869999999999997,15.129999999999999,0,0
2021-04-04,tuxtepec,"Tuxtepec, Oax.",18.0833,-96.1167,16,0.27,27.94,15.98,6.899999999999992,13.049999999999999,15.200000000000001,0,0
2021-04-05,tuxtepec,"Tuxtepec, Oax.",18.0833,-96.1167,16,0.26,29.81,16.47,1.7299999999999929,8.659999999999998,15.44,0,0
2021-04-06,tuxtepec,"Tuxtepec, Oax.",18.0833,-96.1167,16,0.23,29.49,20.06,0.7599999999999929,8.85,15.63,0,0
2021-04-07,tuxtepec,"Tuxtepec, Oax.",18.0833,-96.1167,16,0.66,36.11,21.0,1.1499999999999928,9.329999999999997,16.29,0,0
2021-04-08,tuxtepec,"Tuxtepec, Oax.",18.0833,-96.1167,16,0.33,37.6,23.03,1.2199999999999929,8.379999999999997,16.62,0,0
2021-04-09,tuxtepec,"Tuxtepec, Oax.",18.0833,-96.1167,16,1.06,39.57,22.61,2.0499999999999927,4.009999999999998,17.68,0,0
2021-04-10,tuxtepec,"Tuxtepec, Oax.",18.0833,-96.1167,16,0.11,41.07,24.23,1.499999999999993,2.919999999999998,17.79,0,0
2021-04-11,tuxtepec,"Tuxtepec, Oax.",18.0833,-96.1167,16,0.02,36.7,23.61,1.1899999999999928,2.6699999999999986,15.72,0,0
2021-04-12,tuxtepec,"Tuxtepec, Oax.",18.0833,-96.1167,16,0.0,39.35,22.45,0.1299999999999929,2.4099999999999984,11.07,0,0
2021-04-13,tuxtepec,"Tuxtepec, Oax.",18.0833,-96.1167,16,0.0,39.15,21.69,0.019999999999992895,2.1799999999999984,11.030000000000001,0,0
2021-04-14,tuxtepec,"Tuxtepec, Oax.",18.0833,-96.1167,16,0.21,38.22,22.5,0.2099999999999929,1.7299999999999982,11.059999999999999,0,0
2021-04-15,tuxtepec,"Tuxtepec, Oax.",18.0833,-96.1167,16,0.67,37.86,24.72,0.8799999999999929,2.0699999999999985,10.45,0,0
2021-04-16,tuxtepec,"Tuxtepec, Oax.",18.0833,-96.1167,16,0.06,40.61,25.16,0.9399999999999928,1.0699999999999983,5.08,0,0
2021-04-17,tuxtepec,"Tuxtepec, Oax.",18.0833,-96.1167,16,0.0,39.21,24.45,0.7299999999999929,0.9599999999999982,3.88,0,0
2021-04-18,tuxtepec,"Tuxtepec, Oax.",18.0833,-96.1167,16,2.78,31.4,22.07,2.8399999999999928,3.719999999999998,6.390000000000001,0,0
2021-04-19,tuxtepec,"Tuxtepec, Oax.",18.0833,-96.1167,16,0.63,34.16,20.94,3.4099999999999926,4.349999999999998,6.760000000000001,0,0
2021-04-20,tuxtepec,"Tuxtepec, Oax.",18.0833,-96.1167,16,0.43,34.67,22.1,3.8399999999999928,4.779999999999998,6.96,0,0
2021-04-21,tuxtepec,"Tuxtepec, Oax.",18.0833,-96.1167,16,2.42,32.08,21.83,3.479999999999993,6.989999999999998,8.719999999999999,0,0
2021-04-22,tuxtepec,"Tuxtepec, Oax.",18.0833,-96.1167,16,0.44,34.42,21.46,3.289999999999993,6.759999999999998,8.83,0,0
2021-04-23,tuxtepec,"Tuxtepec, Oax.",18.0833,-96.1167,16,0.03,37.93,23.67,2.889999999999993,6.729999999999998,7.8,0,0
2021-04-24,tuxtepec,"Tuxtepec, Oax.",18.0833,-96.1167,16,0.0,40.6,24.71,0.46999999999999287,6.729999999999998,7.6899999999999995,0,0
2021-04-25,tuxtepec,"Tuxtepec, Oax.",18.0833,-96.1167,16,0.01,34.35,23.8,0.039999999999992895,3.959999999999998,7.680000000000001,0,0
2021-04-26,tuxtepec,"Tuxtepec, Oax.",18.0833,-96.1167,16,0.0,36.94,22.35,0.009999999999992895,3.3299999999999983,7.680000000000001,0,0
2021-04-27,tuxtepec,"Tuxtepec, Oax.",18.0833,-96.1167,16,0.0,37.53,24.16,0.009999999999992895,2.899999999999998,7.680000000000001,0,0
2021-04-28,tuxtepec,"Tuxtepec, Oax.",18.0833,-96.1167,16,0.08,40.37,25.28,0.0799999999999929,0.5599999999999983,7.55,0,0
2021-04-29,tuxtepec,"Tuxtepec, Oax.",18.0833,-96.1167,16,0.01,41.51,25.6,0.08999999999999289,0.12999999999999823,6.89,0,0
2021-04-30,tuxtepec,"Tuxtepec, Oax.",18.0833,-96.1167,16,4.71,32.17,25.4,4.799999999999993,4.809999999999998,11.54,0,0
2021-05-01,tuxtepec,"Tuxtepec, Oax.",18.0833,-96.1167,16,13.0,35.46,23.97,17.71999999999999,17.81,24.54,1,0
2021-05-02,tuxtepec,"Tuxtepec, Oax.",18.0833,-96.1167,16,3.49,38.56,25.25,21.19999999999999,21.29,25.25,0,0
2021-05-03,tuxtepec,"Tuxtepec, Oax.",18.0833,-96.1167,16,0.0,42.15,24.85,16.489999999999995,21.29,24.619999999999997,0,0
2021-05-04,tuxtepec,"Tuxtepec, Oax.",18.0833,-96.1167,16,0.09,41.62,24.23,3.579999999999993,21.38,24.28,0,0
2021-05-05,tuxtepec,"Tuxtepec, Oax.",18.0833,-96.1167,16,1.68,34.93,25.21,1.769999999999993,22.98,23.54,0,0
2021-05-06,tuxtepec,"Tuxtepec, Oax.",18.0833,-96.1167,16,21.97,30.57,23.23,23.73999999999999,44.94,45.07,1,1
2021-05-07,tuxtepec,"Tuxtepec, Oax.",18.0833,-96.1167,16,7.26,31.33,21.97,30.90999999999999,47.489999999999995,52.3,2,0
2021-05-08,tuxtepec,"Tuxtepec, Oax.",18.0833,-96.1167,16,3.7,32.99,20.77,32.92999999999999,38.19,56.0,0,0
2021-05-09,tuxtepec,"Tuxtepec, Oax.",18.0833,-96.1167,16,2.39,35.85,23.16,13.349999999999993,37.09,58.38,0,0
2021-05-10,tuxtepec,"Tuxtepec, Oax.",18.0833,-96.1167,16,2.71,36.28,24.15,8.799999999999994,39.800000000000004,61.09,0,0
2021-05-11,tuxtepec,"Tuxtepec, Oax.",18.0833,-96.1167,16,1.86,33.0,23.76,6.959999999999993,41.57,62.95,0,0
2021-05-12,tuxtepec,"Tuxtepec, Oax.",18.0833,-96.1167,16,12.42,32.99,23.9,16.989999999999995,52.31,75.29,1,0
2021-05-13,tuxtepec,"Tuxtepec, Oax.",18.0833,-96.1167,16,22.19,28.11,21.84,36.46999999999999,52.53,97.47,2,1
2021-05-14,tuxtepec,"Tuxtepec, Oax.",18.0833,-96.1167,16,12.6,29.41,21.48,47.209999999999994,57.870000000000005,105.36,3,0
2021-05-15,tuxtepec,"Tuxtepec, Oax.",18.0833,-96.1167,16,1.73,31.52,21.45,36.51999999999999,55.9,94.09,0,0
2021-05-16,tuxtepec,"Tuxtepec, Oax.",18.0833,-96.1167,16,6.19,30.58,22.59,20.519999999999992,59.7,96.78999999999999,1,0
2021-05-17,tuxtepec,"Tuxtepec, Oax.",18.0833,-96.1167,16,2.31,35.85,23.28,10.229999999999993,59.3,99.1,0,0
2021-05-18,tuxtepec,"Tuxtepec, Oax.",18.0833,-96.1167,16,7.95,36.05,24.25,16.449999999999992,65.39,106.96000000000001,1,0
2021-05-19,tuxtepec,"Tuxtepec, Oax.",18.0833,-96.1167,16,1.84,37.64,23.86,12.099999999999993,54.809999999999995,107.12,0,0
2021-05-20,tuxtepec,"Tuxtepec, Oax.",18.0833,-96.1167,16,8.95,31.91,22.95,18.73999999999999,41.57,94.1,1,0
2021-05-21,tuxtepec,"Tuxtepec, Oax.",18.0833,-96.1167,16,1.09,32.83,21.9,11.879999999999992,30.06,87.92999999999999,0,0
2021-05-22,tuxtepec,"Tuxtepec, Oax.",18.0833,-96.1167,16,0.56,32.56,21.68,10.599999999999993,28.89,84.79,0,0
2021-05-23,tuxtepec,"Tuxtepec, Oax.",18.0833,-96.1167,16,3.42,31.93,22.0,5.069999999999993,26.119999999999997,85.82000000000001,0,0
2021-05-24,tuxtepec,"Tuxtepec, Oax.",18.0833,-96.1167,16,3.65,33.46,22.17,7.629999999999994,27.46,86.75999999999999,0,0
2021-05-25,tuxtepec,"Tuxtepec, Oax.",18.0833,-96.1167,16,6.52,31.65,22.84,13.589999999999993,26.029999999999998,91.42,1,0
2021-05-26,tuxtepec,"Tuxtepec, Oax.",18.0833,-96.1167,16,5.04,30.74,23.35,15.209999999999994,29.229999999999997,84.03999999999999,2,0
2021-05-27,tuxtepec,"Tuxtepec, Oax.",18.0833,-96.1167,16,0.66,31.15,23.08,12.219999999999992,20.94,62.51,0,0
2021-05-28,tuxtepec,"Tuxtepec, Oax.",18.0833,-96.1167,16,3.98,34.03,24.06,9.679999999999993,23.83,53.89,0,0
2021-05-29,tuxtepec,"Tuxtepec, Oax.",18.0833,-96.1167,16,5.27,34.5,24.01,9.909999999999993,28.54,57.43,1,0
2021-05-30,tuxtepec,"Tuxtepec, Oax.",18.0833,-96.1167,16,7.15,31.56,23.82,16.39999999999999,32.269999999999996,58.38999999999999,2,0
2021-05-31,tuxtepec,"Tuxtepec, Oax.",18.0833,-96.1167,16,1.33,31.87,23.01,13.749999999999993,29.95,57.41,0,0
2021-06-01,tuxtepec,"Tuxtepec, Oax.",18.0833,-96.1167,16,8.89,32.52,23.23,17.369999999999994,32.32,58.349999999999994,1,0
2021-06-02,tuxtepec,"Tuxtepec, Oax.",18.0833,-96.1167,16,5.25,32.95,22.97,15.469999999999994,32.53,61.760000000000005,2,0
2021-06-03,tuxtepec,"Tuxtepec, Oax.",18.0833,-96.1167,16,4.12,32.16,22.64,18.259999999999994,35.99,56.93,0,0
2021-06-04,tuxtepec,"Tuxtepec, Oax.",18.0833,-96.1167,16,34.93,26.95,23.59,44.3,66.94,90.77000000000001,1,1
2021-06-05,tuxtepec,"Tuxtepec, Oax.",18.0833,-96.1167,16,8.03,30.72,22.54,47.07999999999999,69.7,98.24,2,0
2021-06-06,tuxtepec,"Tuxtepec, Oax.",18.0833,-96.1167,16,0.62,32.29,23.82,43.57999999999999,63.17,95.44,0,0
2021-06-07,tuxtepec,"Tuxtepec, Oax.",18.0833,-96.1167,16,1.49,34.79,23.48,10.139999999999992,63.330000000000005,93.28,0,0
2021-06-08,tuxtepec,"Tuxtepec, Oax.",18.0833,-96.1167,16,5.11,31.27,24.31,7.2199999999999935,59.55,91.87,1,0
2021-06-09,tuxtepec,"Tuxtepec, Oax.",18.0833,-96.1167,16,32.79,29.14,24.55,39.38999999999999,87.09,119.62,2,1
2021-06-10,tuxtepec,"Tuxtepec, Oax.",18.0833,-96.1167,16,10.32,26.14,22.72,48.21999999999999,93.29,129.28,3,0
2021-06-11,tuxtepec,"Tuxtepec, Oax.",18.0833,-96.1167,16,6.93,26.56,21.33,50.03999999999999,65.28999999999999,132.23000000000002,4,0
2021-06-12,tuxtepec,"Tuxtepec, Oax.",18.0833,-96.1167,16,9.11,28.03,21.48,26.359999999999992,66.37,136.07,5,0
2021-06-13,tuxtepec,"Tuxtepec, Oax.",18.0833,-96.1167,16,31.39,25.54,22.68,47.42999999999999,97.13999999999999,160.31,6,1
2021-06-14,tuxtepec,"Tuxtepec, Oax.",18.0833,-96.1167,16,44.12,25.2,22.86,84.61999999999999,139.76999999999998,203.1,7,1
2021-06-15,tuxtepec,"Tuxtepec, Oax.",18.0833,-96.1167,16,66.34,27.25,21.73,141.85,201.0,260.54999999999995,8,1
2021-06-16,tuxtepec,"Tuxtepec, Oax.",18.0833,-96.1167,16,37.82,26.62,21.57,148.28,206.03,293.12,9,1
2021-06-17,tuxtepec,"Tuxtepec, Oax.",18.0833,-96.1167,16,27.21,27.35,21.39,131.37,222.92000000000002,316.21,10,1
2021-06-18,tuxtepec,"Tuxtepec, Oax.",18.0833,-96.1167,16,14.79,26.74,21.99,79.82,230.78,296.07,11,0
2021-06-19,tuxtepec,"Tuxtepec, Oax.",18.0833,-96.1167,16,0.95,30.12,21.67,42.94999999999999,222.62,288.99,0,0
2021-06-20,tuxtepec,"Tuxtepec, Oax.",18.0833,-96.1167,16,1.91,31.46,23.51,17.649999999999984,193.14,290.28,0,0
2021-06-21,tuxtepec,"Tuxtepec, Oax.",18.0833,-96.1167,16,1.35,33.92,23.15,4.209999999999986,150.36999999999998,290.14,0,0
2021-06-22,tuxtepec,"Tuxtepec, Oax.",18.0833,-96.1167,16,17.4,32.73,24.5,20.659999999999982,101.43,302.42999999999995,1,0
2021-06-23,tuxtepec,"Tuxtepec, Oax.",18.0833,-96.1167,16,10.01,29.21,23.8,28.759999999999984,73.62,279.65000000000003,2,0
2021-06-24,tuxtepec,"Tuxtepec, Oax.",18.0833,-96.1167,16,4.95,28.83,23.68,32.35999999999998,51.36,274.28000000000003,0,0
2021-06-25,tuxtepec,"Tuxtepec, Oax.",18.0833,-96.1167,16,3.0,28.28,22.8,17.959999999999983,39.57,270.35,0,0
2021-06-26,tuxtepec,"Tuxtepec, Oax.",18.0833,-96.1167,16,9.16,29.08,22.76,17.109999999999985,47.78,270.4,1,0
2021-06-27,tuxtepec,"Tuxtepec, Oax.",18.0833,-96.1167,16,4.69,29.32,22.96,16.849999999999984,50.56,243.70000000000002,0,0
2021-06-28,tuxtepec,"Tuxtepec, Oax.",18.0833,-96.1167,16,9.52,26.77,23.7,23.369999999999983,58.730000000000004,209.1,1,0
2021-06-29,tuxtepec,"Tuxtepec, Oax.",18.0833,-96.1167,16,46.82,27.12,22.59,61.02999999999999,88.15,189.57999999999998,2,1
2021-06-30,tuxtepec,"Tuxtepec, Oax.",18.0833,-96.1167,16,21.88,25.49,22.21,78.21999999999998,100.02,173.64000000000001,3,1
2021-07-01,tuxtepec,"Tuxtepec, Oax.",18.0833,-96.1167,16,14.09,26.84,21.36,82.78999999999999,109.16,160.51999999999998,4,0
2021-07-02,tuxtepec,"Tuxtepec, Oax.",18.0833,-96.1167,16,7.09,25.46,22.11,43.059999999999974,113.25,152.82,5,0
2021-07-03,tuxtepec,"Tuxtepec, Oax.",18.0833,-96.1167,16,2.62,27.44,22.3,23.79999999999998,106.71,154.48999999999998,0,0
2021-07-04,tuxtepec,"Tuxtepec, Oax.",18.0833,-96.1167,16,1.29,27.94,22.52,10.999999999999979,103.31,153.87,0,0
2021-07-05,tuxtepec,"Tuxtepec, Oax.",18.0833,-96.1167,16,0.46,29.05,22.72,4.369999999999979,94.25,152.98,0,0
2021-07-06,tuxtepec,"Tuxtepec, Oax.",18.0833,-96.1167,16,8.01,30.46,24.01,9.759999999999978,55.43999999999999,143.59,1,0
2021-07-07,tuxtepec,"Tuxtepec, Oax.",18.0833,-96.1167,16,9.44,31.28,22.82,17.909999999999975,42.999999999999986,143.02,2,0
2021-07-08,tuxtepec,"Tuxtepec, Oax.",18.0833,-96.1167,16,4.3,31.2,23.43,21.749999999999975,33.209999999999994,142.37,0,0
2021-07-09,tuxtepec,"Tuxtepec, Oax.",18.0833,-96.1167,16,3.15,29.05,23.42,16.88999999999998,29.269999999999992,142.52,0,0
2021-07-10,tuxtepec,"Tuxtepec, Oax.",18.0833,-96.1167,16,5.16,28.52,23.6,12.609999999999978,31.80999999999999,138.51999999999998,1,0
2021-07-11,tuxtepec,"Tuxtepec, Oax.",18.0833,-96.1167,16,13.39,26.97,22.1,21.699999999999978,43.91,147.22,2,0
2021-07-12,tuxtepec,"Tuxtepec, Oax.",18.0833,-96.1167,16,17.79,27.55,21.4,36.339999999999975,61.239999999999995,155.49,3,0
2021-07-13,tuxtepec,"Tuxtepec, Oax.",18.0833,-96.1167,16,17.06,27.12,21.69,48.23999999999998,70.28999999999999,125.72999999999999,4,0
2021-07-14,tuxtepec,"Tuxtepec, Oax.",18.0833,-96.1167,16,49.76,24.93,21.18,84.60999999999997,110.60999999999999,153.61,5,1
2021-07-15,tuxtepec,"Tuxtepec, Oax.",18.0833,-96.1167,16,27.64,26.55,20.32,94.45999999999997,133.95,167.16,6,1
2021-07-16,tuxtepec,"Tuxtepec, Oax.",18.0833,-96.1167,16,4.88,28.82,22.02,82.27999999999997,135.67999999999998,164.95,0,0
2021-07-17,tuxtepec,"Tuxtepec, Oax.",18.0833,-96.1167,16,2.08,27.73,22.72,34.59999999999997,132.6,164.41,0,0
2021-07-18,tuxtepec,"Tuxtepec, Oax.",18.0833,-96.1167,16,7.14,26.34,21.66,14.099999999999971,126.35,170.26,1,0
2021-07-19,tuxtepec,"Tuxtepec, Oax.",18.0833,-96.1167,16,4.51,27.94,21.3,13.72999999999997,113.07,174.31,0,0
2021-07-20,tuxtepec,"Tuxtepec, Oax.",18.0833,-96.1167,16,1.88,28.7,21.82,13.52999999999997,97.88999999999999,168.18,0,0
2021-07-21,tuxtepec,"Tuxtepec, Oax.",18.0833,-96.1167,16,8.21,28.38,22.85,14.599999999999971,56.33999999999999,166.95,1,0
2021-07-22,tuxtepec,"Tuxtepec, Oax.",18.0833,-96.1167,16,18.86,27.01,23.22,28.94999999999997,47.55999999999999,181.51,2,0
2021-07-23,tuxtepec,"Tuxtepec, Oax.",18.0833,-96.1167,16,10.42,28.15,22.36,37.489999999999974,53.09999999999999,188.77999999999997,3,0
2021-07-24,tuxtepec,"Tuxtepec, Oax.",18.0833,-96.1167,16,0.19,28.9,20.89,29.46999999999997,51.209999999999994,183.80999999999997,0,0
2021-07-25,tuxtepec,"Tuxtepec, Oax.",18.0833,-96.1167,16,2.06,29.01,21.95,12.669999999999972,46.12999999999999,172.48,0,0
2021-07-26,tuxtepec,"Tuxtepec, Oax.",18.0833,-96.1167,16,1.15,28.64,22.32,3.3999999999999715,42.76999999999999,155.84,0,0
2021-07-27,tuxtepec,"Tuxtepec, Oax.",18.0833,-96.1167,16,1.21,29.31,23.07,4.4199999999999715,42.09999999999999,139.99,0,0
2021-07-28,tuxtepec,"Tuxtepec, Oax.",18.0833,-96.1167,16,8.24,29.12,22.37,10.599999999999971,42.12999999999999,98.47,1,0
2021-07-29,tuxtepec,"Tuxtepec, Oax.",18.0833,-96.1167,16,19.7,27.37,22.37,29.14999999999997,42.96999999999999,90.53,2,0
2021-07-30,tuxtepec,"Tuxtepec, Oax.",18.0833,-96.1167,16,16.56,27.16,22.81,44.49999999999997,49.109999999999985,102.21000000000001,3,0
2021-07-31,tuxtepec,"Tuxtepec, Oax.",18.0833,-96.1167,16,1.24,27.04,21.99,37.49999999999997,50.15999999999999,101.37,0,0
2021-08-01,tuxtepec,"Tuxtepec, Oax.",18.0833,-96.1167,16,6.25,27.77,21.65,24.04999999999997,54.34999999999999,100.48,1,0
2021-08-02,tuxtepec,"Tuxtepec, Oax.",18.0833,-96.1167,16,5.52,28.44,22.71,13.009999999999971,58.71999999999999,101.49,2,0
2021-08-03,tuxtepec,"Tuxtepec, Oax.",18.0833,-96.1167,16,18.81,28.51,22.3,30.57999999999997,76.32,118.42,3,0
2021-08-04,tuxtepec,"Tuxtepec, Oax.",18.0833,-96.1167,16,11.95,28.88,22.62,36.27999999999997,80.02999999999999,122.16,4,0
2021-08-05,tuxtepec,"Tuxtepec, Oax.",18.0833,-96.1167,16,12.58,27.47,22.81,43.33999999999997,72.90999999999998,115.88,5,0
2021-08-06,tuxtepec,"Tuxtepec, Oax.",18.0833,-96.1167,16,9.13,28.38,22.22,33.65999999999997,65.47999999999999,114.58999999999999,6,0
2021-08-07,tuxtepec,"Tuxtepec, Oax.",18.0833,-96.1167,16,13.48,27.85,22.22,35.18999999999997,77.72,127.88,7,0
2021-08-08,tuxtepec,"Tuxtepec, Oax.",18.0833,-96.1167,16,8.15,27.28,22.11,30.759999999999977,79.61999999999999,133.97,8,0
2021-08-09,tuxtepec,"Tuxtepec, Oax.",18.0833,-96.1167,16,9.78,27.63,22.19,31.40999999999997,83.88,142.6,9,0
2021-08-10,tuxtepec,"Tuxtepec, Oax.",18.0833,-96.1167,16,7.51,26.87,22.36,25.43999999999997,72.58,148.9,10,0
2021-08-11,tuxtepec,"Tuxtepec, Oax.",18.0833,-96.1167,16,8.75,28.12,21.06,26.03999999999997,69.38,149.41,11,0
2021-08-12,tuxtepec,"Tuxtepec, Oax.",18.0833,-96.1167,16,4.74,28.39,21.57,20.99999999999997,61.53999999999999,134.45000000000002,0,0
2021-08-13,tuxtepec,"Tuxtepec, Oax.",18.0833,-96.1167,16,2.28,28.24,21.61,15.769999999999971,54.69,120.17,0,0
2021-08-14,tuxtepec,"Tuxtepec, Oax.",18.0833,-96.1167,16,2.06,28.03,22.22,9.079999999999972,43.269999999999996,120.99,0,0
2021-08-15,tuxtepec,"Tuxtepec, Oax.",18.0833,-96.1167,16,2.78,28.02,22.4,7.119999999999971,37.89999999999999,117.52,0,0
2021-08-16,tuxtepec,"Tuxtepec, Oax.",18.0833,-96.1167,16,9.04,27.43,22.82,13.87999999999997,37.15999999999999,121.04,1,0
2021-08-17,tuxtepec,"Tuxtepec, Oax.",18.0833,-96.1167,16,9.99,28.32,23.59,21.80999999999997,39.63999999999999,112.22,2,0
2021-08-18,tuxtepec,"Tuxtepec, Oax.",18.0833,-96.1167,16,9.94,28.72,23.8,28.96999999999997,40.82999999999999,110.21,3,0
2021-08-19,tuxtepec,"Tuxtepec, Oax.",18.0833,-96.1167,16,1.45,28.93,22.69,21.37999999999997,37.53999999999999,99.08,0,0
2021-08-20,tuxtepec,"Tuxtepec, Oax.",18.0833,-96.1167,16,1.35,33.21,23.43,12.739999999999972,36.60999999999999,91.3,0,0
2021-08-21,tuxtepec,"Tuxtepec, Oax.",18.0833,-96.1167,16,15.52,26.42,22.58,18.319999999999972,50.06999999999999,93.34,1,0
2021-08-22,tuxtepec,"Tuxtepec, Oax.",18.0833,-96.1167,16,71.25,26.58,22.93,88.11999999999998,118.53999999999999,156.44,2,1
2021-08-23,tuxtepec,"Tuxtepec, Oax.",18.0833,-96.1167,16,46.77,26.85,21.34,133.54,156.26999999999998,193.43,3,1
2021-08-24,tuxtepec,"Tuxtepec, Oax.",18.0833,-96.1167,16,63.83,25.69,21.68,181.84999999999997,210.10999999999999,249.75,4,1
2021-08-25,tuxtepec,"Tuxtepec, Oax.",18.0833,-96.1167,16,59.17,26.57,22.54,169.76999999999998,259.34,300.17,5,1
2021-08-26,tuxtepec,"Tuxtepec, Oax.",18.0833,-96.1167,16,13.96,27.57,22.49,136.95999999999998,271.85,309.39,6,0
2021-08-27,tuxtepec,"Tuxtepec, Oax.",18.0833,-96.1167,16,0.32,26.14,21.42,73.44999999999997,270.82,307.43,0,0
2021-08-28,tuxtepec,"Tuxtepec, Oax.",18.0833,-96.1167,16,2.83,28.4,22.35,17.10999999999997,258.13,308.20000000000005,0,0
2021-08-29,tuxtepec,"Tuxtepec, Oax.",18.0833,-96.1167,16,2.81,29.54,23.04,5.9599999999999715,189.69,308.23,0,0
2021-08-30,tuxtepec,"Tuxtepec, Oax.",18.0833,-96.1167,16,10.26,28.98,22.96,15.89999999999997,153.17999999999998,309.45000000000005,1,0
2021-08-31,tuxtepec,"Tuxtepec, Oax.",18.0833,-96.1167,16,10.62,31.02,23.23,23.68999999999997,99.97,310.08000000000004,2,0
2021-09-01,tuxtepec,"Tuxtepec, Oax.",18.0833,-96.1167,16,8.99,30.18,23.67,29.869999999999973,49.789999999999985,309.13,3,0
2021-09-02,tuxtepec,"Tuxtepec, Oax.",18.0833,-96.1167,16,11.96,28.08,23.22,31.569999999999972,47.789999999999985,319.64000000000004,4,0
2021-09-03,tuxtepec,"Tuxtepec, Oax.",18.0833,-96.1167,16,11.73,27.51,22.8,32.67999999999998,59.19999999999999,330.02000000000004,5,0
2021-09-04,tuxtepec,"Tuxtepec, Oax.",18.0833,-96.1167,16,13.21,26.0,22.31,36.89999999999998,69.57999999999998,327.71000000000004,6,0
2021-09-05,tuxtepec,"Tuxtepec, Oax.",18.0833,-96.1167,16,42.71,27.27,22.64,67.64999999999998,109.47999999999999,299.17,7,1
2021-09-06,tuxtepec,"Tuxtepec, Oax.",18.0833,-96.1167,16,26.12,27.98,22.93,82.03999999999996,125.34,278.52,8,1
2021-09-07,tuxtepec,"Tuxtepec, Oax.",18.0833,-96.1167,16,13.18,28.59,22.1,82.00999999999998,127.89999999999999,227.87,9,0
2021-09-08,tuxtepec,"Tuxtepec, Oax.",18.0833,-96.1167,16,22.57,27.85,22.18,61.86999999999996,141.48,191.26999999999998,10,1
2021-09-09,tuxtepec,"Tuxtepec, Oax.",18.0833,-96.1167,16,17.48,27.2,21.66,53.22999999999996,147.0,194.79000000000002,11,0
2021-09-10,tuxtepec,"Tuxtepec, Oax.",18.0833,-96.1167,16,20.88,26.51,22.07,60.929999999999964,156.15,215.35,12,1
2021-09-11,tuxtepec,"Tuxtepec, Oax.",18.0833,-96.1167,16,26.4,26.61,21.2,64.75999999999996,169.34,238.92000000000002,13,1
2021-09-12,tuxtepec,"Tuxtepec, Oax.",18.0833,-96.1167,16,37.36,25.58,21.57,84.63999999999996,163.98999999999998,273.47,14,1
2021-09-13,tuxtepec,"Tuxtepec, Oax.",18.0833,-96.1167,16,6.12,28.95,21.7,69.87999999999997,143.98999999999998,269.33,15,0
2021-09-14,tuxtepec,"Tuxtepec, Oax.",18.0833,-96.1167,16,9.62,31.64,23.03,53.099999999999966,140.42999999999998,268.33,16,0
2021-09-15,tuxtepec,"Tuxtepec, Oax.",18.0833,-96.1167,16,1.36,30.1,23.51,17.099999999999962,119.21999999999997,260.7,0,0
2021-09-16,tuxtepec,"Tuxtepec, Oax.",18.0833,-96.1167,16,2.07,28.99,23.49,13.049999999999962,103.80999999999999,250.80999999999997,0,0
2021-09-17,tuxtepec,"Tuxtepec, Oax.",18.0833,-96.1167,16,10.34,28.92,23.59,13.769999999999964,93.26999999999998,249.42,1,0
2021-09-18,tuxtepec,"Tuxtepec, Oax.",18.0833,-96.1167,16,11.96,25.99,22.78,24.369999999999965,78.82999999999998,248.17,2,0
2021-09-19,tuxtepec,"Tuxtepec, Oax.",18.0833,-96.1167,16,3.29,26.95,22.02,25.589999999999964,44.759999999999984,208.74999999999997,0,0
2021-09-20,tuxtepec,"Tuxtepec, Oax.",18.0833,-96.1167,16,0.48,28.08,22.67,15.729999999999965,39.11999999999999,183.11,0,0
2021-09-21,tuxtepec,"Tuxtepec, Oax.",18.0833,-96.1167,16,3.33,27.7,22.96,7.099999999999964,32.829999999999984,173.26,0,0
2021-09-22,tuxtepec,"Tuxtepec, Oax.",18.0833,-96.1167,16,22.62,25.88,22.23,26.429999999999964,54.08999999999999,173.31,1,1
2021-09-23,tuxtepec,"Tuxtepec, Oax.",18.0833,-96.1167,16,10.86,26.62,20.9,36.80999999999996,62.87999999999999,166.69,2,0
2021-09-24,tuxtepec,"Tuxtepec, Oax.",18.0833,-96.1167,16,10.31,26.38,21.2,43.789999999999964,62.849999999999994,156.12,3,0
2021-09-25,tuxtepec,"Tuxtepec, Oax.",18.0833,-96.1167,16,2.22,26.39,21.02,23.389999999999965,53.109999999999985,131.94,0,0
2021-09-26,tuxtepec,"Tuxtepec, Oax.",18.0833,-96.1167,16,8.34,26.6,20.41,20.869999999999965,58.15999999999998,102.92,1,0
2021-09-27,tuxtepec,"Tuxtepec, Oax.",18.0833,-96.1167,16,0.55,28.52,20.98,11.109999999999966,58.22999999999999,97.35,0,0
2021-09-28,tuxtepec,"Tuxtepec, Oax.",18.0833,-96.1167,16,3.58,29.13,22.44,12.469999999999963,58.47999999999999,91.31,0,0
2021-09-29,tuxtepec,"Tuxtepec, Oax.",18.0833,-96.1167,16,1.05,30.35,22.73,5.179999999999964,36.90999999999999,91.00000000000001,0,0
2021-09-30,tuxtepec,"Tuxtepec, Oax.",18.0833,-96.1167,16,8.54,27.62,23.45,13.169999999999963,34.58999999999999,97.47,1,0
2021-10-01,tuxtepec,"Tuxtepec, Oax.",18.0833,-96.1167,16,3.33,28.86,23.02,12.919999999999963,27.609999999999985,90.46,0,0
2021-10-02,tuxtepec,"Tuxtepec, Oax.",18.0833,-96.1167,16,2.29,28.42,22.59,14.159999999999961,27.679999999999986,80.79,0,0
2021-10-03,tuxtepec,"Tuxtepec, Oax.",18.0833,-96.1167,16,7.56,26.82,22.07,13.179999999999962,26.899999999999984,85.06,1,0
2021-10-04,tuxtepec,"Tuxtepec, Oax.",18.0833,-96.1167,16,7.38,27.03,21.3,17.22999999999996,33.72999999999998,91.96000000000001,2,0
2021-10-05,tuxtepec,"Tuxtepec, Oax.",18.0833,-96.1167,16,16.68,27.0,21.65,31.619999999999962,46.829999999999984,105.31,3,0
2021-10-06,tuxtepec,"Tuxtepec, Oax.",18.0833,-96.1167,16,6.79,26.09,21.0,30.84999999999996,52.56999999999998,89.48,4,0
2021-10-07,tuxtepec,"Tuxtepec, Oax.",18.0833,-96.1167,16,0.5,26.02,20.02,23.96999999999996,44.52999999999999,79.12,0,0
2021-10-08,tuxtepec,"Tuxtepec, Oax.",18.0833,-96.1167,16,32.17,24.86,20.13,39.459999999999965,73.36999999999998,100.98,1,1
2021-10-09,tuxtepec,"Tuxtepec, Oax.",18.0833,-96.1167,16,18.54,27.2,21.22,51.209999999999965,89.61999999999999,117.30000000000001,2,0
2021-10-10,tuxtepec,"Tuxtepec, Oax.",18.0833,-96.1167,16,0.12,29.19,21.97,50.82999999999996,82.17999999999999,109.08,0,0
2021-10-11,tuxtepec,"Tuxtepec, Oax.",18.0833,-96.1167,16,0.0,31.18,22.88,18.659999999999965,74.79999999999998,108.53,0,0
2021-10-12,tuxtepec,"Tuxtepec, Oax.",18.0833,-96.1167,16,0.0,29.81,23.07,0.11999999999996447,58.11999999999998,104.95,0,0
2021-10-13,tuxtepec,"Tuxtepec, Oax.",18.0833,-96.1167,16,0.0,29.8,23.69,0.0,51.329999999999984,103.89999999999999,0,0
2021-10-14,tuxtepec,"Tuxtepec, Oax.",18.0833,-96.1167,16,0.0,30.15,23.61,0.0,50.829999999999984,95.36,0,0
2021-10-15,tuxtepec,"Tuxtepec, Oax.",18.0833,-96.1167,16,0.42,29.06,22.24,0.41999999999996446,19.079999999999984,92.45,0,0
2021-10-16,tuxtepec,"Tuxtepec, Oax.",18.0833,-96.1167,16,11.69,25.99,20.7,12.109999999999964,12.229999999999984,101.85,1,0
2021-10-17,tuxtepec,"Tuxtepec, Oax.",18.0833,-96.1167,16,15.62,22.38,18.86,27.72999999999996,27.729999999999983,109.91,2,0
2021-10-18,tuxtepec,"Tuxtepec, Oax.",18.0833,-96.1167,16,11.27,23.7,18.68,38.57999999999996,38.999999999999986,113.8,3,0
2021-10-19,tuxtepec,"Tuxtepec, Oax.",18.0833,-96.1167,16,0.81,26.87,19.06,27.699999999999964,39.80999999999998,97.93,0,0
2021-10-20,tuxtepec,"Tuxtepec, Oax.",18.0833,-96.1167,16,8.41,26.87,20.78,20.489999999999966,48.219999999999985,99.55,1,0
2021-10-21,tuxtepec,"Tuxtepec, Oax.",18.0833,-96.1167,16,29.8,25.78,22.08,39.01999999999997,78.01999999999998,128.85,2,1
2021-10-22,tuxtepec,"Tuxtepec, Oax.",18.0833,-96.1167,16,28.64,24.98,21.5,66.84999999999997,106.23999999999998,125.32,3,1
2021-10-23,tuxtepec,"Tuxtepec, Oax.",18.0833,-96.1167,16,1.87,27.67,20.92,60.30999999999997,96.41999999999999,108.65,0,0
2021-10-24,tuxtepec,"Tuxtepec, Oax.",18.0833,-96.1167,16,0.2,30.28,21.85,30.70999999999996,80.99999999999999,108.73,0,0
2021-10-25,tuxtepec,"Tuxtepec, Oax.",18.0833,-96.1167,16,9.54,29.58,22.62,11.60999999999996,79.26999999999998,118.27000000000001,1,0
2021-10-26,tuxtepec,"Tuxtepec, Oax.",18.0833,-96.1167,16,1.78,29.23,23.04,11.519999999999959,80.23999999999998,120.05,0,0
2021-10-27,tuxtepec,"Tuxtepec, Oax.",18.0833,-96.1167,16,0.0,34.15,23.29,11.31999999999996,71.82999999999998,120.05,0,0
2021-10-28,tuxtepec,"Tuxtepec, Oax.",18.0833,-96.1167,16,11.1,25.8,20.69,12.87999999999996,53.12999999999999,131.15,1,0
2021-10-29,tuxtepec,"Tuxtepec, Oax.",18.0833,-96.1167,16,1.69,24.41,20.09,12.78999999999996,26.179999999999986,132.42,0,0
2021-10-30,tuxtepec,"Tuxtepec, Oax.",18.0833,-96.1167,16,0.13,25.59,18.65,12.91999999999996,24.439999999999984,120.86,0,0
2021-10-31,tuxtepec,"Tuxtepec, Oax.",18.0833,-96.1167,16,0.01,25.63,19.05,1.8299999999999608,24.249999999999982,105.25,0,0
2021-11-01,tuxtepec,"Tuxtepec, Oax.",18.0833,-96.1167,16,0.02,24.86,19.57,0.15999999999996092,14.729999999999984,94.0,0,0
2021-11-02,tuxtepec,"Tuxtepec, Oax.",18.0833,-96.1167,16,0.01,24.05,17.99,0.03999999999996092,12.959999999999985,93.2,0,0
2021-11-03,tuxtepec,"Tuxtepec, Oax.",18.0833,-96.1167,16,0.0,25.05,18.53,0.02999999999996092,12.959999999999985,84.79,0,0
2021-11-04,tuxtepec,"Tuxtepec, Oax.",18.0833,-96.1167,16,1.05,24.91,19.05,1.059999999999961,2.909999999999986,56.04,0,0
2021-11-05,tuxtepec,"Tuxtepec, Oax.",18.0833,-96.1167,16,3.54,23.26,18.92,4.589999999999961,4.759999999999986,30.939999999999998,0,0
2021-11-06,tuxtepec,"Tuxtepec, Oax.",18.0833,-96.1167,16,9.4,23.98,18.36,13.989999999999961,14.029999999999987,38.47,1,0
2021-11-07,tuxtepec,"Tuxtepec, Oax.",18.0833,-96.1167,16,13.97,23.91,18.44,26.90999999999996,27.989999999999988,52.24,2,0
2021-11-08,tuxtepec,"Tuxtepec, Oax.",18.0833,-96.1167,16,1.01,23.54,17.3,24.379999999999963,28.979999999999986,43.71000000000001,0,0
2021-11-09,tuxtepec,"Tuxtepec, Oax.",18.0833,-96.1167,16,0.79,23.98,17.67,15.769999999999962,29.759999999999984,42.720000000000006,0,0
2021-11-10,tuxtepec,"Tuxtepec, Oax.",18.0833,-96.1167,16,0.04,24.44,17.14,1.839999999999961,29.799999999999986,42.760000000000005,0,0
2021-11-11,tuxtepec,"Tuxtepec, Oax.",18.0833,-96.1167,16,0.01,25.61,15.91,0.839999999999961,28.759999999999984,31.67,0,0
2021-11-12,tuxtepec,"Tuxtepec, Oax.",18.0833,-96.1167,16,2.41,23.92,17.83,2.459999999999961,27.629999999999985,32.39,0,0
2021-11-13,tuxtepec,"Tuxtepec, Oax.",18.0833,-96.1167,16,14.35,22.92,17.76,16.76999999999996,32.579999999999984,46.61000000000001,1,0
2021-11-14,tuxtepec,"Tuxtepec, Oax.",18.0833,-96.1167,16,3.09,23.28,17.48,19.84999999999996,21.69999999999999,49.69,0,0
2021-11-15,tuxtepec,"Tuxtepec, Oax.",18.0833,-96.1167,16,0.02,22.9,16.36,17.45999999999996,20.709999999999987,49.690000000000005,0,0
2021-11-16,tuxtepec,"Tuxtepec, Oax.",18.0833,-96.1167,16,0.0,23.14,14.7,3.109999999999961,19.919999999999987,49.68,0,0
2021-11-17,tuxtepec,"Tuxtepec, Oax.",18.0833,-96.1167,16,0.0,25.88,15.85,0.01999999999996092,19.879999999999985,49.68,0,0
2021-11-18,tuxtepec,"Tuxtepec, Oax.",18.0833,-96.1167,16,1.37,25.53,18.77,1.369999999999961,21.239999999999984,50.0,0,0
2021-11-19,tuxtepec,"Tuxtepec, Oax.",18.0833,-96.1167,16,11.29,24.06,17.97,12.659999999999961,30.119999999999983,57.75,1,0
2021-11-20,tuxtepec,"Tuxtepec, Oax.",18.0833,-96.1167,16,2.11,24.09,17.61,14.76999999999996,17.879999999999985,50.459999999999994,0,0
2021-11-21,tuxtepec,"Tuxtepec, Oax.",18.0833,-96.1167,16,4.01,24.73,18.57,17.40999999999996,18.799999999999983,40.5,0,0
2021-11-22,tuxtepec,"Tuxtepec, Oax.",18.0833,-96.1167,16,32.26,25.07,19.69,38.37999999999996,51.03999999999998,71.75,1,1
2021-11-23,tuxtepec,"Tuxtepec, Oax.",18.0833,-96.1167,16,16.1,23.88,18.21,52.36999999999996,67.13999999999999,87.05999999999999,2,0
2021-11-24,tuxtepec,"Tuxtepec, Oax.",18.0833,-96.1167,16,0.44,25.1,17.75,48.79999999999996,67.57999999999998,87.46,0,0
2021-11-25,tuxtepec,"Tuxtepec, Oax.",18.0833,-96.1167,16,0.03,25.26,17.92,16.569999999999965,66.23999999999998,87.47999999999999,0,0
2021-11-26,tuxtepec,"Tuxtepec, Oax.",18.0833,-96.1167,16,1.78,23.98,17.46,2.2499999999999645,56.72999999999999,86.85,0,0
2021-11-27,tuxtepec,"Tuxtepec, Oax.",18.0833,-96.1167,16,0.59,23.76,17.27,2.3999999999999644,55.20999999999999,73.09,0,0
2021-11-28,tuxtepec,"Tuxtepec, Oax.",18.0833,-96.1167,16,0.32,24.58,18.22,2.6899999999999644,51.51999999999998,70.32,0,0
2021-11-29,tuxtepec,"Tuxtepec, Oax.",18.0833,-96.1167,16,2.27,22.0,17.03,3.1799999999999646,21.529999999999987,72.57000000000001,0,0
2021-11-30,tuxtepec,"Tuxtepec, Oax.",18.0833,-96.1167,16,0.1,23.46,15.26,2.689999999999965,5.529999999999986,72.67,0,0
2021-12-01,tuxtepec,"Tuxtepec, Oax.",18.0833,-96.1167,16,0.15,24.45,16.95,2.5199999999999645,5.239999999999986,72.82000000000001,0,0
2021-12-02,tuxtepec,"Tuxtepec, Oax.",18.0833,-96.1167,16,6.35,23.57,17.75,6.599999999999964,11.559999999999986,77.8,1,0
2021-12-03,tuxtepec,"Tuxtepec, Oax.",18.0833,-96.1167,16,0.0,24.43,16.82,6.4999999999999645,9.779999999999987,66.50999999999999,0,0
2021-12-04,tuxtepec,"Tuxtepec, Oax.",18.0833,-96.1167,16,0.24,25.48,17.75,6.589999999999964,9.429999999999986,64.63999999999999,0,0
2021-12-05,tuxtepec,"Tuxtepec, Oax.",18.0833,-96.1167,16,0.04,26.17,18.92,0.27999999999996444,9.149999999999986,60.67,0,0
2021-12-06,tuxtepec,"Tuxtepec, Oax.",18.0833,-96.1167,16,0.0,27.53,19.66,0.27999999999996444,6.879999999999986,28.409999999999993,0,0
2021-12-07,tuxtepec,"Tuxtepec, Oax.",18.0833,-96.1167,16,0.05,26.2,19.56,0.08999999999996447,6.829999999999986,12.359999999999992,0,0
2021-12-08,tuxtepec,"Tuxtepec, Oax.",18.0833,-96.1167,16,0.01,27.58,19.84,0.05999999999996448,6.689999999999985,11.929999999999993,0,0
2021-12-09,tuxtepec,"Tuxtepec, Oax.",18.0833,-96.1167,16,0.0,27.31,20.19,0.05999999999996448,0.33999999999998576,11.899999999999991,0,0
2021-12-10,tuxtepec,"Tuxtepec, Oax.",18.0833,-96.1167,16,0.0,27.73,20.97,0.009999999999964473,0.33999999999998576,10.119999999999992,0,0
2021-12-11,tuxtepec,"Tuxtepec, Oax.",18.0833,-96.1167,16,0.2,30.12,19.15,0.19999999999996448,0.29999999999998583,9.729999999999992,0,0
2021-12-12,tuxtepec,"Tuxtepec, Oax.",18.0833,-96.1167,16,1.8,23.23,17.9,1.9999999999999645,2.059999999999986,11.209999999999992,0,0
2021-12-13,tuxtepec,"Tuxtepec, Oax.",18.0833,-96.1167,16,1.74,23.91,17.79,3.7399999999999647,3.7999999999999856,10.679999999999993,0,0
2021-12-14,tuxtepec,"Tuxtepec, Oax.",18.0833,-96.1167,16,1.27,24.13,17.9,4.809999999999964,5.019999999999986,11.849999999999993,0,0
2021-12-15,tuxtepec,"Tuxtepec, Oax.",18.0833,-96.1167,16,0.29,24.85,17.61,3.2999999999999643,5.2999999999999865,11.989999999999993,0,0
2021-12-16,tuxtepec,"Tuxtepec, Oax.",18.0833,-96.1167,16,0.09,25.38,18.24,1.6499999999999644,5.389999999999986,5.729999999999993,0,0
2021-12-17,tuxtepec,"Tuxtepec, Oax.",18.0833,-96.1167,16,0.05,26.39,19.83,0.42999999999996447,5.439999999999986,5.779999999999993,0,0
2021-12-18,tuxtepec,"Tuxtepec, Oax.",18.0833,-96.1167,16,0.0,27.99,20.3,0.1399999999999645,5.239999999999986,5.539999999999993,0,0
2021-12-19,tuxtepec,"Tuxtepec, Oax.",18.0833,-96.1167,16,6.75,25.88,18.31,6.799999999999964,10.189999999999985,12.249999999999993,1,0
2021-12-20,tuxtepec,"Tuxtepec, Oax.",18.0833,-96.1167,16,1.03,22.13,17.33,7.779999999999965,9.479999999999984,13.279999999999992,0,0
2021-12-21,tuxtepec,"Tuxtepec, Oax.",18.0833,-96.1167,16,2.25,20.97,16.83,10.029999999999966,10.459999999999987,15.479999999999993,0,0
2021-12-22,tuxtepec,"Tuxtepec, Oax.",18.0833,-96.1167,16,0.41,23.55,16.96,3.689999999999965,10.579999999999984,15.879999999999992,0,0
2021-12-23,tuxtepec,"Tuxtepec, Oax.",18.0833,-96.1167,16,0.27,23.78,17.43,2.9299999999999646,10.759999999999986,16.14999999999999,0,0
2021-12-24,tuxtepec,"Tuxtepec, Oax.",18.0833,-96.1167,16,0.01,23.41,15.87,0.6899999999999644,10.719999999999986,16.159999999999993,0,0
2021-12-25,tuxtepec,"Tuxtepec, Oax.",18.0833,-96.1167,16,0.03,24.69,16.32,0.30999999999996447,10.749999999999986,15.989999999999993,0,0
2021-12-26,tuxtepec,"Tuxtepec, Oax.",18.0833,-96.1167,16,0.1,24.51,14.96,0.1399999999999645,4.099999999999985,14.289999999999992,0,0
2021-12-27,tuxtepec,"Tuxtepec, Oax.",18.0833,-96.1167,16,0.11,26.57,16.99,0.23999999999996446,3.179999999999985,12.659999999999995,0,0
2021-12-28,tuxtepec,"Tuxtepec, Oax.",18.0833,-96.1167,16,0.06,31.34,16.97,0.2699999999999645,0.9899999999999849,11.449999999999992,0,0
2021-12-29,tuxtepec,"Tuxtepec, Oax.",18.0833,-96.1167,16,0.0,31.11,18.14,0.16999999999996446,0.579999999999985,11.159999999999993,0,0
2021-12-30,tuxtepec,"Tuxtepec, Oax.",18.0833,-96.1167,16,0.0,30.88,18.43,0.05999999999996447,0.3099999999999849,11.069999999999993,0,0
2021-12-31,tuxtepec,"Tuxtepec, Oax.",18.0833,-96.1167,16,0.0,28.15,18.61,0.0,0.2999999999999849,11.019999999999992,0,0
2022-01-01,tuxtepec,"Tuxtepec, Oax.",18.0833,-96.1167,16,0.0,30.16,18.08,0.0,0.2699999999999849,11.019999999999992,0,0
2022-01-02,tuxtepec,"Tuxtepec, Oax.",18.0833,-96.1167,16,0.81,30.48,14.84,0.8099999999999645,0.9799999999999849,5.079999999999993,0,0
2022-01-03,tuxtepec,"Tuxtepec, Oax.",18.0833,-96.1167,16,1.34,16.73,13.06,2.149999999999965,2.209999999999985,5.3899999999999935,0,0
2022-01-04,tuxtepec,"Tuxtepec, Oax.",18.0833,-96.1167,16,0.25,21.83,12.52,2.399999999999965,2.3999999999999853,3.389999999999993,0,0
2022-01-05,tuxtepec,"Tuxtepec, Oax.",18.0833,-96.1167,16,0.0,24.73,16.29,1.5899999999999646,2.3999999999999853,2.979999999999993,0,0
2022-01-06,tuxtepec,"Tuxtepec, Oax.",18.0833,-96.1167,16,0.08,26.12,18.53,0.3299999999999645,2.479999999999985,2.789999999999993,0,0
2022-01-07,tuxtepec,"Tuxtepec, Oax.",18.0833,-96.1167,16,0.44,23.58,19.78,0.5199999999999645,2.919999999999985,3.219999999999993,0,0
2022-01-08,tuxtepec,"Tuxtepec, Oax.",18.0833,-96.1167,16,0.03,26.79,19.82,0.5499999999999645,2.949999999999985,3.2199999999999926,0,0
2022-01-09,tuxtepec,"Tuxtepec, Oax.",18.0833,-96.1167,16,0.95,27.02,18.72,1.4199999999999644,3.0899999999999848,4.069999999999993,0,0
2022-01-10,tuxtepec,"Tuxtepec, Oax.",18.0833,-96.1167,16,15.17,23.55,15.78,16.149999999999963,16.919999999999984,19.129999999999992,1,0
2022-01-11,tuxtepec,"Tuxtepec, Oax.",18.0833,-96.1167,16,3.64,18.99,15.03,19.759999999999962,20.309999999999985,22.709999999999994,0,0
2022-01-12,tuxtepec,"Tuxtepec, Oax.",18.0833,-96.1167,16,0.07,22.58,15.77,18.879999999999963,20.379999999999985,22.779999999999994,0,0
2022-01-13,tuxtepec,"Tuxtepec, Oax.",18.0833,-96.1167,16,8.64,22.09,16.61,12.349999999999966,28.939999999999987,31.419999999999995,1,0
2022-01-14,tuxtepec,"Tuxtepec, Oax.",18.0833,-96.1167,16,1.04,24.77,16.85,9.749999999999964,29.539999999999985,32.459999999999994,0,0
2022-01-15,tuxtepec,"Tuxtepec, Oax.",18.0833,-96.1167,16,0.43,29.51,15.96,10.109999999999966,29.939999999999984,32.88999999999999,0,0
2022-01-16,tuxtepec,"Tuxtepec, Oax.",18.0833,-96.1167,16,0.19,19.02,13.95,1.6599999999999646,29.179999999999986,32.269999999999996,0,0
2022-01-17,tuxtepec,"Tuxtepec, Oax.",18.0833,-96.1167,16,0.16,19.31,14.35,0.7799999999999645,14.169999999999986,31.089999999999993,0,0
2022-01-18,tuxtepec,"Tuxtepec, Oax.",18.0833,-96.1167,16,0.05,23.15,15.99,0.3999999999999645,10.579999999999984,30.889999999999993,0,0
2022-01-19,tuxtepec,"Tuxtepec, Oax.",18.0833,-96.1167,16,0.0,25.18,16.41,0.2099999999999645,10.509999999999984,30.889999999999993,0,0
2022-01-20,tuxtepec,"Tuxtepec, Oax.",18.0833,-96.1167,16,0.89,25.46,17.71,0.9399999999999645,2.759999999999984,31.699999999999996,0,0
2022-01-21,tuxtepec,"Tuxtepec, Oax.",18.0833,-96.1167,16,2.51,18.82,13.21,3.3999999999999644,4.2299999999999836,33.769999999999996,0,0
2022-01-22,tuxtepec,"Tuxtepec, Oax.",18.0833,-96.1167,16,0.42,19.96,12.79,3.8199999999999643,4.219999999999984,34.16,0,0
2022-01-23,tuxtepec,"Tuxtepec, Oax.",18.0833,-96.1167,16,0.25,22.08,14.81,3.179999999999964,4.279999999999984,33.46,0,0
2022-01-24,tuxtepec,"Tuxtepec, Oax.",18.0833,-96.1167,16,0.02,26.3,16.15,0.6899999999999644,4.139999999999984,18.309999999999995,0,0
2022-01-25,tuxtepec,"Tuxtepec, Oax.",18.0833,-96.1167,16,1.4,26.35,16.05,1.6699999999999644,5.489999999999984,16.069999999999993,0,0
2022-01-26,tuxtepec,"Tuxtepec, Oax.",18.0833,-96.1167,16,3.28,23.34,17.0,4.699999999999964,8.769999999999984,19.279999999999994,0,0
2022-01-27,tuxtepec,"Tuxtepec, Oax.",18.0833,-96.1167,16,1.97,23.6,16.25,6.649999999999965,9.849999999999984,12.609999999999994,0,0
2022-01-28,tuxtepec,"Tuxtepec, Oax.",18.0833,-96.1167,16,3.31,23.41,15.95,8.559999999999963,10.649999999999984,14.879999999999992,0,0
2022-01-29,tuxtepec,"Tuxtepec, Oax.",18.0833,-96.1167,16,3.09,17.02,12.38,8.369999999999965,13.319999999999983,17.539999999999992,0,0
2022-01-30,tuxtepec,"Tuxtepec, Oax.",18.0833,-96.1167,16,0.13,21.26,12.92,6.529999999999964,13.199999999999983,17.479999999999997,0,0
2022-01-31,tuxtepec,"Tuxtepec, Oax.",18.0833,-96.1167,16,0.05,25.01,15.43,3.2699999999999645,13.229999999999984,17.369999999999994,0,0
2022-02-01,tuxtepec,"Tuxtepec, Oax.",18.0833,-96.1167,16,0.02,27.06,17.95,0.19999999999996448,11.849999999999984,17.339999999999993,0,0
2022-02-02,tuxtepec,"Tuxtepec, Oax.",18.0833,-96.1167,16,0.0,29.81,19.25,0.06999999999996448,8.569999999999984,17.339999999999993,0,0
2022-02-03,tuxtepec,"Tuxtepec, Oax.",18.0833,-96.1167,16,0.33,31.39,18.55,0.3499999999999645,6.929999999999984,16.779999999999994,0,0
2022-02-04,tuxtepec,"Tuxtepec, Oax.",18.0833,-96.1167,16,2.31,18.82,11.56,2.6399999999999646,5.929999999999984,16.579999999999995,0,0
2022-02-05,tuxtepec,"Tuxtepec, Oax.",18.0833,-96.1167,16,0.33,15.12,9.99,2.9699999999999647,3.169999999999984,16.48999999999999,0,0
2022-02-06,tuxtepec,"Tuxtepec, Oax.",18.0833,-96.1167,16,0.0,21.36,9.6,2.6399999999999646,3.039999999999984,16.23999999999999,0,0
2022-02-07,tuxtepec,"Tuxtepec, Oax.",18.0833,-96.1167,16,2.18,21.71,14.48,2.5099999999999647,5.169999999999984,18.39999999999999,0,0
2022-02-08,tuxtepec,"Tuxtepec, Oax.",18.0833,-96.1167,16,4.03,17.13,13.24,6.209999999999965,9.179999999999986,21.029999999999994,0,0
2022-02-09,tuxtepec,"Tuxtepec, Oax.",18.0833,-96.1167,16,0.22,20.32,12.48,6.429999999999964,9.399999999999984,17.96999999999999,0,0
2022-02-10,tuxtepec,"Tuxtepec, Oax.",18.0833,-96.1167,16,0.03,24.08,15.16,4.279999999999965,9.099999999999984,16.029999999999994,0,0
2022-02-11,tuxtepec,"Tuxtepec, Oax.",18.0833,-96.1167,16,0.01,25.97,16.25,0.2599999999999636,6.799999999999984,12.729999999999995,0,0
2022-02-12,tuxtepec,"Tuxtepec, Oax.",18.0833,-96.1167,16,0.67,26.78,18.29,0.7099999999999637,7.139999999999984,10.309999999999993,0,0
2022-02-13,tuxtepec,"Tuxtepec, Oax.",18.0833,-96.1167,16,3.57,18.86,11.96,4.249999999999964,10.709999999999983,13.749999999999995,0,0
2022-02-14,tuxtepec,"Tuxtepec, Oax.",18.0833,-96.1167,16,0.34,19.18,10.9,4.579999999999964,8.869999999999985,14.039999999999994,0,0
2022-02-15,tuxtepec,"Tuxtepec, Oax.",18.0833,-96.1167,16,0.06,22.1,11.87,3.9699999999999633,4.8999999999999835,14.079999999999995,0,0
2022-02-16,tuxtepec,"Tuxtepec, Oax.",18.0833,-96.1167,16,0.0,26.77,14.96,0.3999999999999636,4.679999999999984,14.079999999999995,0,0
2022-02-17,tuxtepec,"Tuxtepec, Oax.",18.0833,-96.1167,16,0.01,31.39,18.38,0.06999999999996358,4.659999999999983,13.759999999999994,0,0
2022-02-18,tuxtepec,"Tuxtepec, Oax.",18.0833,-96.1167,16,0.1,26.46,16.48,0.10999999999996359,4.749999999999983,11.549999999999995,0,0
2022-02-19,tuxtepec,"Tuxtepec, Oax.",18.0833,-96.1167,16,1.74,22.27,15.46,1.8499999999999637,5.819999999999983,12.959999999999996,0,0
2022-02-20,tuxtepec,"Tuxtepec, Oax.",18.0833,-96.1167,16,0.54,25.98,15.82,2.3799999999999635,2.789999999999983,13.499999999999996,0,0
2022-02-21,tuxtepec,"Tuxtepec, Oax.",18.0833,-96.1167,16,0.03,28.1,16.72,2.3099999999999636,2.479999999999983,11.349999999999994,0,0
2022-02-22,tuxtepec,"Tuxtepec, Oax.",18.0833,-96.1167,16,0.0,30.5,18.96,0.5699999999999636,2.419999999999983,7.319999999999995,0,0
2022-02-23,tuxtepec,"Tuxtepec, Oax.",18.0833,-96.1167,16,0.0,29.99,18.01,0.029999999999963584,2.419999999999983,7.099999999999995,0,0
2022-02-24,tuxtepec,"Tuxtepec, Oax.",18.0833,-96.1167,16,0.0,30.13,18.05,0.0,2.409999999999983,7.069999999999995,0,0
2022-02-25,tuxtepec,"Tuxtepec, Oax.",18.0833,-96.1167,16,3.75,27.92,19.12,3.7499999999999636,6.059999999999983,10.809999999999995,0,0
2022-02-26,tuxtepec,"Tuxtepec, Oax.",18.0833,-96.1167,16,1.0,26.73,17.52,4.749999999999964,5.3199999999999825,11.139999999999995,0,0
2022-02-27,tuxtepec,"Tuxtepec, Oax.",18.0833,-96.1167,16,5.35,25.44,15.99,10.099999999999962,10.129999999999983,12.919999999999995,1,0
2022-02-28,tuxtepec,"Tuxtepec, Oax.",18.0833,-96.1167,16,2.84,22.44,14.94,9.189999999999962,12.939999999999982,15.419999999999995,0,0
2022-03-01,tuxtepec,"Tuxtepec, Oax.",18.0833,-96.1167,16,0.03,25.1,13.11,8.219999999999963,12.969999999999981,15.389999999999993,0,0
2022-03-02,tuxtepec,"Tuxtepec, Oax.",18.0833,-96.1167,16,0.29,26.37,15.01,3.1599999999999633,13.259999999999982,15.679999999999994,0,0
2022-03-03,tuxtepec,"Tuxtepec, Oax.",18.0833,-96.1167,16,0.12,27.89,16.62,0.43999999999996353,13.379999999999981,15.789999999999994,0,0
2022-03-04,tuxtepec,"Tuxtepec, Oax.",18.0833,-96.1167,16,0.0,27.65,17.96,0.4099999999999635,9.629999999999981,15.689999999999994,0,0
2022-03-05,tuxtepec,"Tuxtepec, Oax.",18.0833,-96.1167,16,0.0,30.88,18.92,0.11999999999996358,8.629999999999981,13.949999999999994,0,0
2022-03-06,tuxtepec,"Tuxtepec, Oax.",18.0833,-96.1167,16,0.0,33.17,18.35,0.0,3.279999999999983,13.409999999999993,0,0
2022-03-07,tuxtepec,"Tuxtepec, Oax.",18.0833,-96.1167,16,0.0,35.48,19.78,0.0,0.43999999999998307,13.379999999999994,0,0
2022-03-08,tuxtepec,"Tuxtepec, Oax.",18.0833,-96.1167,16,0.0,31.19,20.99,0.0,0.40999999999998304,13.379999999999994,0,0
2022-03-09,tuxtepec,"Tuxtepec, Oax.",18.0833,-96.1167,16,0.24,31.77,20.1,0.23999999999996358,0.3599999999999831,13.619999999999994,0,0
2022-03-10,tuxtepec,"Tuxtepec, Oax.",18.0833,-96.1167,16,0.01,32.61,19.23,0.24999999999996358,0.24999999999998312,13.629999999999994,0,0
2022-03-11,tuxtepec,"Tuxtepec, Oax.",18.0833,-96.1167,16,0.0,36.53,20.48,0.24999999999996358,0.24999999999998312,9.879999999999994,0,0
2022-03-12,tuxtepec,"Tuxtepec, Oax.",18.0833,-96.1167,16,1.29,22.39,11.86,1.2999999999999636,1.5399999999999832,10.169999999999995,0,0
2022-03-13,tuxtepec,"Tuxtepec, Oax.",18.0833,-96.1167,16,0.03,23.95,10.84,1.3199999999999636,1.5699999999999832,4.849999999999994,0,0
2022-03-14,tuxtepec,"Tuxtepec, Oax.",18.0833,-96.1167,16,0.0,31.56,16.32,1.3199999999999636,1.5699999999999832,2.0099999999999945,0,0
2022-03-15,tuxtepec,"Tuxtepec, Oax.",18.0833,-96.1167,16,0.19,29.35,19.04,0.21999999999996359,1.7599999999999831,2.1699999999999946,0,0
2022-03-16,tuxtepec,"Tuxtepec, Oax.",18.0833,-96.1167,16,0.18,30.27,18.59,0.3699999999999636,1.699999999999983,2.0599999999999947,0,0
2022-03-17,tuxtepec,"Tuxtepec, Oax.",18.0833,-96.1167,16,0.18,35.28,19.77,0.5499999999999636,1.8699999999999832,2.1199999999999948,0,0
2022-03-18,tuxtepec,"Tuxtepec, Oax.",18.0833,-96.1167,16,0.17,37.19,21.36,0.5299999999999636,2.039999999999983,2.2899999999999947,0,0
2022-03-19,tuxtepec,"Tuxtepec, Oax.",18.0833,-96.1167,16,1.06,30.19,19.93,1.4099999999999637,1.8099999999999832,3.3499999999999948,0,0
2022-03-20,tuxtepec,"Tuxtepec, Oax.",18.0833,-96.1167,16,0.32,29.35,18.61,1.5499999999999639,2.099999999999983,3.6699999999999946,0,0
2022-03-21,tuxtepec,"Tuxtepec, Oax.",18.0833,-96.1167,16,0.0,33.8,19.84,1.3799999999999637,2.099999999999983,3.6699999999999946,0,0
2022-03-22,tuxtepec,"Tuxtepec, Oax.",18.0833,-96.1167,16,0.35,38.37,21.72,0.6699999999999635,2.2599999999999834,4.019999999999995,0,0
2022-03-23,tuxtepec,"Tuxtepec, Oax.",18.0833,-96.1167,16,0.27,29.24,18.92,0.6199999999999636,2.349999999999983,4.0499999999999945,0,0
2022-03-24,tuxtepec,"Tuxtepec, Oax.",18.0833,-96.1167,16,3.93,24.22,15.88,4.549999999999963,6.099999999999984,7.969999999999995,0,0
2022-03-25,tuxtepec,"Tuxtepec, Oax.",18.0833,-96.1167,16,0.01,28.05,13.91,4.209999999999964,5.9399999999999835,7.979999999999995,0,0
2022-03-26,tuxtepec,"Tuxtepec, Oax.",18.0833,-96.1167,16,0.0,27.35,13.61,3.9399999999999635,4.879999999999983,6.689999999999995,0,0
2022-03-27,tuxtepec,"Tuxtepec, Oax.",18.0833,-96.1167,16,0.0,28.83,14.14,0.009999999999963585,4.559999999999984,6.659999999999995,0,0
2022-03-28,tuxtepec,"Tuxtepec, Oax.",18.0833,-96.1167,16,0.0,31.71,17.05,0.0,4.559999999999984,6.659999999999995,0,0
2022-03-29,tuxtepec,"Tuxtepec, Oax.",18.0833,-96.1167,16,0.0,35.3,18.7,0.0,4.209999999999983,6.469999999999995,0,0
2022-03-30,tuxtepec,"Tuxtepec, Oax.",18.0833,-96.1167,16,0.0,41.41,20.29,0.0,3.939999999999983,6.289999999999995,0,0
2022-03-31,tuxtepec,"Tuxtepec, Oax.",18.0833,-96.1167,16,0.0,34.5,22.12,0.0,0.009999999999983125,6.109999999999995,0,0
2022-04-01,tuxtepec,"Tuxtepec, Oax.",18.0833,-96.1167,16,0.0,36.42,20.81,0.0,0.0,5.939999999999995,0,0
2022-04-02,tuxtepec,"Tuxtepec, Oax.",18.0833,-96.1167,16,0.0,36.57,20.66,0.0,0.0,4.8799999999999955,0,0
2022-04-03,tuxtepec,"Tuxtepec, Oax.",18.0833,-96.1167,16,0.0,33.85,20.32,0.0,0.0,4.559999999999995,0,0
2022-04-04,tuxtepec,"Tuxtepec, Oax.",18.0833,-96.1167,16,0.0,38.73,22.68,0.0,0.0,4.559999999999995,0,0
2022-04-05,tuxtepec,"Tuxtepec, Oax.",18.0833,-96.1167,16,0.0,41.67,22.39,0.0,0.0,4.209999999999995,0,0
2022-04-06,tuxtepec,"Tuxtepec, Oax.",18.0833,-96.1167,16,0.0,40.04,22.55,0.0,0.0,3.9399999999999946,0,0
2022-04-07,tuxtepec,"Tuxtepec, Oax.",18.0833,-96.1167,16,0.43,30.81,19.47,0.4299999999999636,0.4299999999999831,0.4399999999999947,0,0
2022-04-08,tuxtepec,"Tuxtepec, Oax.",18.0833,-96.1167,16,0.87,24.54,17.05,1.2999999999999636,1.2999999999999832,1.2999999999999947,0,0
2022-04-09,tuxtepec,"Tuxtepec, Oax.",18.0833,-96.1167,16,0.02,28.6,15.6,1.3199999999999634,1.319999999999983,1.3199999999999945,0,0
2022-04-10,tuxtepec,"Tuxtepec, Oax.",18.0833,-96.1167,16,0.02,33.93,18.35,0.9099999999999636,1.339999999999983,1.3399999999999945,0,0
2022-04-11,tuxtepec,"Tuxtepec, Oax.",18.0833,-96.1167,16,0.2,39.17,21.95,0.2399999999999635,1.5399999999999832,1.5399999999999947,0,0
2022-04-12,tuxtepec,"Tuxtepec, Oax.",18.0833,-96.1167,16,0.01,39.75,22.82,0.2299999999999635,1.5499999999999832,1.5499999999999947,0,0
2022-04-13,tuxtepec,"Tuxtepec, Oax.",18.0833,-96.1167,16,0.26,40.95,25.05,0.4699999999999635,1.8099999999999832,1.8099999999999947,0,0
2022-04-14,tuxtepec,"Tuxtepec, Oax.",18.0833,-96.1167,16,0.23,36.96,23.98,0.4999999999999635,1.6099999999999832,2.0399999999999947,0,0
2022-04-15,tuxtepec,"Tuxtepec, Oax.",18.0833,-96.1167,16,0.09,37.69,23.68,0.5799999999999634,0.829999999999983,2.1299999999999946,0,0
2022-04-16,tuxtepec,"Tuxtepec, Oax.",18.0833,-96.1167,16,0.0,38.54,24.57,0.3199999999999635,0.809999999999983,2.1299999999999946,0,0
2022-04-17,tuxtepec,"Tuxtepec, Oax.",18.0833,-96.1167,16,0.0,39.96,24.19,0.08999999999996347,0.7899999999999829,2.1299999999999946,0,0
2022-04-18,tuxtepec,"Tuxtepec, Oax.",18.0833,-96.1167,16,0.02,37.38,23.95,0.019999999999963474,0.609999999999983,2.1499999999999946,0,0
2022-04-19,tuxtepec,"Tuxtepec, Oax.",18.0833,-96.1167,16,0.02,34.49,22.34,0.039999999999963474,0.619999999999983,2.1699999999999946,0,0
2022-04-20,tuxtepec,"Tuxtepec, Oax.",18.0833,-96.1167,16,0.01,37.68,22.05,0.049999999999963476,0.369999999999983,2.179999999999995,0,0
2022-04-21,tuxtepec,"Tuxtepec, Oax.",18.0833,-96.1167,16,2.25,36.12,23.58,2.2799999999999634,2.389999999999983,3.9999999999999947,0,0
2022-04-22,tuxtepec,"Tuxtepec, Oax.",18.0833,-96.1167,16,1.48,33.74,22.0,3.7399999999999634,3.779999999999983,4.609999999999994,0,0
2022-04-23,tuxtepec,"Tuxtepec, Oax.",18.0833,-96.1167,16,0.77,35.01,21.93,4.499999999999964,4.549999999999983,5.359999999999995,0,0
2022-04-24,tuxtepec,"Tuxtepec, Oax.",18.0833,-96.1167,16,1.39,37.05,22.69,3.6399999999999633,5.939999999999983,6.729999999999994,0,0
2022-04-25,tuxtepec,"Tuxtepec, Oax.",18.0833,-96.1167,16,1.79,36.73,23.52,3.9499999999999638,7.709999999999982,8.319999999999995,0,0
2022-04-26,tuxtepec,"Tuxtepec, Oax.",18.0833,-96.1167,16,28.15,29.28,21.48,31.329999999999963,35.83999999999998,36.459999999999994,1,1
2022-04-27,tuxtepec,"Tuxtepec, Oax.",18.0833,-96.1167,16,5.47,29.06,19.72,35.40999999999996,41.29999999999998,41.669999999999995,2,0
2022-04-28,tuxtepec,"Tuxtepec, Oax.",18.0833,-96.1167,16,0.08,32.33,19.85,33.69999999999996,39.12999999999998,41.51999999999999,0,0
2022-04-29,tuxtepec,"Tuxtepec, Oax.",18.0833,-96.1167,16,0.25,35.71,21.7,5.799999999999964,37.89999999999998,41.67999999999999,0,0
2022-04-30,tuxtepec,"Tuxtepec, Oax.",18.0833,-96.1167,16,1.14,37.68,24.25,1.4699999999999644,38.26999999999998,42.81999999999999,0,0
2022-05-01,tuxtepec,"Tuxtepec, Oax.",18.0833,-96.1167,16,0.61,35.68,23.6,1.9999999999999645,37.48999999999998,43.42999999999999,0,0
2022-05-02,tuxtepec,"Tuxtepec, Oax.",18.0833,-96.1167,16,0.65,35.82,23.79,2.3999999999999644,36.34999999999999,44.059999999999995,0,0
2022-05-03,tuxtepec,"Tuxtepec, Oax.",18.0833,-96.1167,16,0.01,37.65,24.55,1.2699999999999645,8.209999999999981,44.05,0,0
2022-05-04,tuxtepec,"Tuxtepec, Oax.",18.0833,-96.1167,16,0.0,37.31,24.5,0.6599999999999645,2.739999999999982,44.03999999999999,0,0
2022-05-05,tuxtepec,"Tuxtepec, Oax.",18.0833,-96.1167,16,0.0,38.69,24.72,0.009999999999964473,2.659999999999982,41.78999999999999,0,0
2022-05-06,tuxtepec,"Tuxtepec, Oax.",18.0833,-96.1167,16,0.0,38.88,25.18,0.0,2.409999999999982,40.309999999999995,0,0
2022-05-07,tuxtepec,"Tuxtepec, Oax.",18.0833,-96.1167,16,0.0,39.32,24.93,0.0,1.2699999999999823,39.53999999999999,0,0
2022-05-08,tuxtepec,"Tuxtepec, Oax.",18.0833,-96.1167,16,0.01,42.31,25.49,0.009999999999964473,0.6699999999999823,38.15999999999999,0,0
2022-05-09,tuxtepec,"Tuxtepec, Oax.",18.0833,-96.1167,16,0.04,42.04,25.13,0.049999999999964476,0.059999999999982234,36.40999999999999,0,0
2022-05-10,tuxtepec,"Tuxtepec, Oax.",18.0833,-96.1167,16,1.2,38.34,25.93,1.2499999999999645,1.2499999999999822,9.459999999999996,0,0
2022-05-11,tuxtepec,"Tuxtepec, Oax.",18.0833,-96.1167,16,6.32,32.83,23.36,7.559999999999965,7.5699999999999825,10.309999999999997,1,0
2022-05-12,tuxtepec,"Tuxtepec, Oax.",18.0833,-96.1167,16,1.45,32.99,21.73,8.969999999999965,9.019999999999982,11.679999999999996,0,0
2022-05-13,tuxtepec,"Tuxtepec, Oax.",18.0833,-96.1167,16,0.02,35.65,21.44,7.7899999999999645,9.039999999999983,11.449999999999998,0,0
2022-05-14,tuxtepec,"Tuxtepec, Oax.",18.0833,-96.1167,16,0.0,36.28,21.95,1.4699999999999644,9.039999999999983,10.309999999999997,0,0
2022-05-15,tuxtepec,"Tuxtepec, Oax.",18.0833,-96.1167,16,0.0,35.23,22.64,0.019999999999964473,9.029999999999983,9.699999999999998,0,0
2022-05-16,tuxtepec,"Tuxtepec, Oax.",18.0833,-96.1167,16,0.0,35.95,21.95,0.0,8.989999999999982,9.049999999999997,0,0
2022-05-17,tuxtepec,"Tuxtepec, Oax.",18.0833,-96.1167,16,0.0,37.12,21.74,0.0,7.789999999999982,9.039999999999997,0,0
2022-05-18,tuxtepec,"Tuxtepec, Oax.",18.0833,-96.1167,16,0.09,37.81,22.72,0.08999999999996447,1.5599999999999823,9.129999999999997,0,0
2022-05-19,tuxtepec,"Tuxtepec, Oax.",18.0833,-96.1167,16,0.1,38.79,24.54,0.18999999999996448,0.20999999999998226,9.229999999999997,0,0
2022-05-20,tuxtepec,"Tuxtepec, Oax.",18.0833,-96.1167,16,0.0,41.25,24.92,0.18999999999996448,0.18999999999998224,9.229999999999997,0,0
2022-05-21,tuxtepec,"Tuxtepec, Oax.",18.0833,-96.1167,16,0.0,41.98,25.41,0.09999999999996448,0.18999999999998224,9.229999999999997,0,0
2022-05-22,tuxtepec,"Tuxtepec, Oax.",18.0833,-96.1167,16,3.24,39.58,24.76,3.2399999999999647,3.4299999999999824,12.459999999999997,0,0
2022-05-23,tuxtepec,"Tuxtepec, Oax.",18.0833,-96.1167,16,4.15,35.53,23.38,7.389999999999965,7.579999999999982,16.57,0,0
2022-05-24,tuxtepec,"Tuxtepec, Oax.",18.0833,-96.1167,16,0.35,37.01,24.09,7.739999999999965,7.929999999999982,15.719999999999997,0,0
2022-05-25,tuxtepec,"Tuxtepec, Oax.",18.0833,-96.1167,16,0.87,39.5,24.43,5.369999999999965,8.709999999999983,10.269999999999998,0,0
2022-05-26,tuxtepec,"Tuxtepec, Oax.",18.0833,-96.1167,16,18.16,30.07,24.38,19.379999999999963,26.769999999999982,26.979999999999997,1,0
2022-05-27,tuxtepec,"Tuxtepec, Oax.",18.0833,-96.1167,16,30.25,29.42,23.39,49.27999999999996,57.01999999999998,57.21,2,1
2022-05-28,tuxtepec,"Tuxtepec, Oax.",18.0833,-96.1167,16,15.69,30.16,22.17,64.09999999999997,72.70999999999998,72.9,3,0
2022-05-29,tuxtepec,"Tuxtepec, Oax.",18.0833,-96.1167,16,1.92,30.1,22.59,47.85999999999997,71.38999999999999,74.82,0,0
2022-05-30,tuxtepec,"Tuxtepec, Oax.",18.0833,-96.1167,16,8.85,33.34,24.02,26.459999999999965,76.08999999999999,83.67,1,0
2022-05-31,tuxtepec,"Tuxtepec, Oax.",18.0833,-96.1167,16,18.89,28.18,22.71,29.659999999999968,94.63,102.56,2,0
2022-06-01,tuxtepec,"Tuxtepec, Oax.",18.0833,-96.1167,16,16.96,31.65,21.67,44.69999999999997,110.71999999999998,119.43,3,0
2022-06-02,tuxtepec,"Tuxtepec, Oax.",18.0833,-96.1167,16,19.22,28.51,22.31,55.069999999999965,111.77999999999999,138.55,4,0
2022-06-03,tuxtepec,"Tuxtepec, Oax.",18.0833,-96.1167,16,2.49,29.98,21.51,38.669999999999966,84.01999999999998,141.04,0,0
2022-06-04,tuxtepec,"Tuxtepec, Oax.",18.0833,-96.1167,16,0.03,32.0,22.02,21.739999999999966,68.35999999999999,141.07,0,0
2022-06-05,tuxtepec,"Tuxtepec, Oax.",18.0833,-96.1167,16,0.0,33.16,22.16,2.519999999999968,66.43999999999998,137.82999999999998,0,0
2022-06-06,tuxtepec,"Tuxtepec, Oax.",18.0833,-96.1167,16,0.11,34.34,23.27,0.13999999999996804,57.69999999999999,133.79,0,0
2022-06-07,tuxtepec,"Tuxtepec, Oax.",18.0833,-96.1167,16,0.41,34.13,23.22,0.519999999999968,39.219999999999985,133.85,0,0
2022-06-08,tuxtepec,"Tuxtepec, Oax.",18.0833,-96.1167,16,22.69,29.76,23.46,23.20999999999997,44.94999999999999,155.67,1,1
2022-06-09,tuxtepec,"Tuxtepec, Oax.",18.0833,-96.1167,16,30.91,29.43,23.04,54.00999999999997,56.639999999999986,168.42,2,1
2022-06-10,tuxtepec,"Tuxtepec, Oax.",18.0833,-96.1167,16,17.67,29.27,22.51,71.26999999999997,71.82,155.84,3,0
2022-06-11,tuxtepec,"Tuxtepec, Oax.",18.0833,-96.1167,16,4.31,29.43,22.48,52.88999999999997,76.09999999999998,144.46,0,0
2022-06-12,tuxtepec,"Tuxtepec, Oax.",18.0833,-96.1167,16,1.56,29.63,23.46,23.53999999999997,77.65999999999998,144.10000000000002,0,0
2022-06-13,tuxtepec,"Tuxtepec, Oax.",18.0833,-96.1167,16,18.33,27.25,22.61,24.199999999999967,95.87999999999998,153.58,1,0
2022-06-14,tuxtepec,"Tuxtepec, Oax.",18.0833,-96.1167,16,15.91,28.09,21.22,35.79999999999997,111.38,150.6,2,0
2022-06-15,tuxtepec,"Tuxtepec, Oax.",18.0833,-96.1167,16,45.01,27.62,22.97,79.24999999999997,133.7,178.64999999999998,3,1
2022-06-16,tuxtepec,"Tuxtepec, Oax.",18.0833,-96.1167,16,18.64,27.13,22.27,79.55999999999997,121.42999999999999,178.07,4,0
2022-06-17,tuxtepec,"Tuxtepec, Oax.",18.0833,-96.1167,16,9.26,28.54,20.88,72.90999999999997,113.02,184.84,5,0
2022-06-18,tuxtepec,"Tuxtepec, Oax.",18.0833,-96.1167,16,20.02,27.72,20.48,47.919999999999966,128.73,204.83,6,1
2022-06-19,tuxtepec,"Tuxtepec, Oax.",18.0833,-96.1167,16,24.56,25.35,21.58,53.83999999999996,151.73,229.39000000000001,7,1
2022-06-20,tuxtepec,"Tuxtepec, Oax.",18.0833,-96.1167,16,15.0,25.95,21.2,59.57999999999997,148.39999999999998,244.28,8,0
2022-06-21,tuxtepec,"Tuxtepec, Oax.",18.0833,-96.1167,16,46.14,25.82,22.62,85.69999999999996,178.63,290.01,9,1
2022-06-22,tuxtepec,"Tuxtepec, Oax.",18.0833,-96.1167,16,70.91,25.1,21.34,132.04999999999995,204.52999999999997,338.23,10,1
2022-06-23,tuxtepec,"Tuxtepec, Oax.",18.0833,-96.1167,16,9.75,26.75,20.51,126.79999999999995,195.64,317.07,11,0
2022-06-24,tuxtepec,"Tuxtepec, Oax.",18.0833,-96.1167,16,1.49,28.37,21.1,82.14999999999995,187.86999999999998,300.89000000000004,0,0
2022-06-25,tuxtepec,"Tuxtepec, Oax.",18.0833,-96.1167,16,0.86,29.47,21.79,12.099999999999957,168.70999999999998,297.44,0,0
2022-06-26,tuxtepec,"Tuxtepec, Oax.",18.0833,-96.1167,16,19.44,27.85,22.37,21.789999999999957,163.59,315.32,1,0
2022-06-27,tuxtepec,"Tuxtepec, Oax.",18.0833,-96.1167,16,28.72,27.2,21.88,49.01999999999996,177.31,325.71,2,1
2022-06-28,tuxtepec,"Tuxtepec, Oax.",18.0833,-96.1167,16,11.31,27.58,21.76,59.46999999999996,142.48,321.11,3,0
2022-06-29,tuxtepec,"Tuxtepec, Oax.",18.0833,-96.1167,16,1.95,28.31,21.53,41.979999999999954,73.51999999999998,278.05,0,0
2022-06-30,tuxtepec,"Tuxtepec, Oax.",18.0833,-96.1167,16,4.22,28.84,21.53,17.479999999999958,67.98999999999998,263.63,0,0
2022-07-01,tuxtepec,"Tuxtepec, Oax.",18.0833,-96.1167,16,1.72,28.87,23.02,7.889999999999957,68.22,256.09000000000003,0,0
2022-07-02,tuxtepec,"Tuxtepec, Oax.",18.0833,-96.1167,16,1.15,29.74,22.43,7.089999999999957,68.50999999999999,237.22,0,0
2022-07-03,tuxtepec,"Tuxtepec, Oax.",18.0833,-96.1167,16,22.47,28.13,22.58,25.339999999999957,71.53999999999998,235.13,1,1
2022-07-04,tuxtepec,"Tuxtepec, Oax.",18.0833,-96.1167,16,75.55,25.78,23.36,99.16999999999996,118.36999999999998,295.68,2,1
2022-07-05,tuxtepec,"Tuxtepec, Oax.",18.0833,-96.1167,16,4.12,28.63,22.24,102.13999999999996,111.17999999999998,253.66,0,0
2022-07-06,tuxtepec,"Tuxtepec, Oax.",18.0833,-96.1167,16,16.8,28.08,21.52,96.46999999999996,126.02999999999999,199.55,1,0
2022-07-07,tuxtepec,"Tuxtepec, Oax.",18.0833,-96.1167,16,12.49,27.55,22.1,33.40999999999996,134.29999999999998,202.29000000000002,2,0
2022-07-08,tuxtepec,"Tuxtepec, Oax.",18.0833,-96.1167,16,5.29,26.81,22.43,34.579999999999956,137.86999999999998,206.09,3,0
2022-07-09,tuxtepec,"Tuxtepec, Oax.",18.0833,-96.1167,16,1.27,28.46,21.73,19.049999999999958,137.98999999999998,206.5,0,0
2022-07-10,tuxtepec,"Tuxtepec, Oax.",18.0833,-96.1167,16,4.76,28.65,23.13,11.319999999999958,120.27999999999999,191.82,0,0
2022-07-11,tuxtepec,"Tuxtepec, Oax.",18.0833,-96.1167,16,1.79,30.07,22.49,7.819999999999958,46.51999999999999,164.89,0,0
2022-07-12,tuxtepec,"Tuxtepec, Oax.",18.0833,-96.1167,16,4.12,29.43,24.22,10.669999999999959,46.51999999999999,157.7,0,0
2022-07-13,tuxtepec,"Tuxtepec, Oax.",18.0833,-96.1167,16,18.75,28.21,23.69,24.65999999999996,48.469999999999985,174.5,1,0
2022-07-14,tuxtepec,"Tuxtepec, Oax.",18.0833,-96.1167,16,39.96,26.62,22.42,62.82999999999996,75.93999999999998,210.24,2,1
2022-07-15,tuxtepec,"Tuxtepec, Oax.",18.0833,-96.1167,16,37.56,25.47,21.64,96.26999999999997,108.21,246.08,3,1
2022-07-16,tuxtepec,"Tuxtepec, Oax.",18.0833,-96.1167,16,14.37,27.6,21.33,91.88999999999997,121.30999999999999,259.3,4,0
2022-07-17,tuxtepec,"Tuxtepec, Oax.",18.0833,-96.1167,16,2.96,27.0,22.2,54.88999999999996,119.50999999999999,239.79,0,0
2022-07-18,tuxtepec,"Tuxtepec, Oax.",18.0833,-96.1167,16,0.69,28.36,22.15,18.019999999999957,118.40999999999998,164.93,0,0
2022-07-19,tuxtepec,"Tuxtepec, Oax.",18.0833,-96.1167,16,1.04,28.19,22.39,4.689999999999957,115.32999999999998,161.85000000000002,0,0
2022-07-20,tuxtepec,"Tuxtepec, Oax.",18.0833,-96.1167,16,1.08,29.35,23.47,2.8099999999999574,97.65999999999998,146.13,0,0
2022-07-21,tuxtepec,"Tuxtepec, Oax.",18.0833,-96.1167,16,0.1,29.65,21.79,2.2199999999999576,57.79999999999999,133.73999999999998,0,0
2022-07-22,tuxtepec,"Tuxtepec, Oax.",18.0833,-96.1167,16,6.12,28.62,22.94,7.299999999999958,26.359999999999985,134.57,1,0
2022-07-23,tuxtepec,"Tuxtepec, Oax.",18.0833,-96.1167,16,9.45,27.49,22.54,15.669999999999957,21.439999999999984,142.75,2,0
2022-07-24,tuxtepec,"Tuxtepec, Oax.",18.0833,-96.1167,16,26.97,27.11,21.96,42.53999999999996,45.44999999999998,164.96,3,1
2022-07-25,tuxtepec,"Tuxtepec, Oax.",18.0833,-96.1167,16,10.53,27.57,21.05,46.94999999999996,55.289999999999985,173.70000000000002,4,0
2022-07-26,tuxtepec,"Tuxtepec, Oax.",18.0833,-96.1167,16,8.23,27.79,22.14,45.729999999999954,62.47999999999998,177.81,5,0
2022-07-27,tuxtepec,"Tuxtepec, Oax.",18.0833,-96.1167,16,14.8,28.2,22.47,33.55999999999996,76.19999999999997,173.86,6,0
2022-07-28,tuxtepec,"Tuxtepec, Oax.",18.0833,-96.1167,16,10.34,27.6,21.94,33.369999999999955,86.43999999999998,144.23999999999998,7,0
2022-07-29,tuxtepec,"Tuxtepec, Oax.",18.0833,-96.1167,16,3.75,27.29,21.28,28.889999999999958,84.06999999999998,110.42999999999999,0,0
2022-07-30,tuxtepec,"Tuxtepec, Oax.",18.0833,-96.1167,16,16.18,27.44,21.29,30.269999999999953,90.79999999999998,112.24000000000001,1,0
2022-07-31,tuxtepec,"Tuxtepec, Oax.",18.0833,-96.1167,16,17.52,27.13,21.82,37.44999999999995,81.34999999999998,126.8,2,0
2022-08-01,tuxtepec,"Tuxtepec, Oax.",18.0833,-96.1167,16,30.52,26.22,21.45,64.21999999999996,101.33999999999997,156.63,3,1
2022-08-02,tuxtepec,"Tuxtepec, Oax.",18.0833,-96.1167,16,10.27,27.09,22.09,58.30999999999995,103.37999999999998,165.86,4,0
2022-08-03,tuxtepec,"Tuxtepec, Oax.",18.0833,-96.1167,16,2.58,27.65,21.88,43.36999999999995,91.15999999999998,167.35999999999999,0,0
2022-08-04,tuxtepec,"Tuxtepec, Oax.",18.0833,-96.1167,16,0.2,27.81,22.26,13.049999999999953,81.01999999999998,167.46,0,0
2022-08-05,tuxtepec,"Tuxtepec, Oax.",18.0833,-96.1167,16,3.96,27.04,22.03,6.739999999999954,81.22999999999998,165.29999999999998,0,0
2022-08-06,tuxtepec,"Tuxtepec, Oax.",18.0833,-96.1167,16,6.61,27.93,21.6,10.769999999999953,71.65999999999998,162.46,1,0
2022-08-07,tuxtepec,"Tuxtepec, Oax.",18.0833,-96.1167,16,23.33,27.23,22.17,33.89999999999995,77.46999999999998,158.82,2,1
2022-08-08,tuxtepec,"Tuxtepec, Oax.",18.0833,-96.1167,16,6.82,27.12,20.77,36.75999999999995,53.76999999999998,155.11,3,0
2022-08-09,tuxtepec,"Tuxtepec, Oax.",18.0833,-96.1167,16,5.42,27.33,20.65,35.56999999999995,48.91999999999999,152.3,4,0
2022-08-10,tuxtepec,"Tuxtepec, Oax.",18.0833,-96.1167,16,6.03,27.92,21.16,18.269999999999953,52.36999999999998,143.53,5,0
2022-08-11,tuxtepec,"Tuxtepec, Oax.",18.0833,-96.1167,16,23.65,28.07,21.37,35.09999999999995,75.82,156.84,6,1
2022-08-12,tuxtepec,"Tuxtepec, Oax.",18.0833,-96.1167,16,12.72,28.38,22.23,42.39999999999995,84.57999999999998,165.81,7,0
2022-08-13,tuxtepec,"Tuxtepec, Oax.",18.0833,-96.1167,16,27.83,28.06,22.88,64.19999999999995,105.79999999999998,177.45999999999998,8,1
2022-08-14,tuxtepec,"Tuxtepec, Oax.",18.0833,-96.1167,16,15.27,28.05,23.5,55.81999999999995,97.73999999999998,175.21,9,0
2022-08-15,tuxtepec,"Tuxtepec, Oax.",18.0833,-96.1167,16,12.66,29.13,23.24,55.75999999999995,103.57999999999998,157.35,10,0
2022-08-16,tuxtepec,"Tuxtepec, Oax.",18.0833,-96.1167,16,12.17,28.93,23.16,40.09999999999995,110.32999999999998,159.24999999999997,11,0
2022-08-17,tuxtepec,"Tuxtepec, Oax.",18.0833,-96.1167,16,7.01,28.14,23.03,31.83999999999995,111.30999999999997,163.68,12,0
2022-08-18,tuxtepec,"Tuxtepec, Oax.",18.0833,-96.1167,16,0.94,28.39,22.5,20.11999999999995,88.59999999999998,164.42,0,0
2022-08-19,tuxtepec,"Tuxtepec, Oax.",18.0833,-96.1167,16,7.04,27.91,22.91,14.98999999999995,82.91999999999997,167.5,1,0
2022-08-20,tuxtepec,"Tuxtepec, Oax.",18.0833,-96.1167,16,1.78,27.2,23.37,9.75999999999995,56.86999999999998,162.67,0,0
2022-08-21,tuxtepec,"Tuxtepec, Oax.",18.0833,-96.1167,16,12.21,28.09,22.77,21.02999999999995,53.80999999999998,151.55,1,0
2022-08-22,tuxtepec,"Tuxtepec, Oax.",18.0833,-96.1167,16,8.02,28.27,22.42,22.00999999999995,49.16999999999999,152.74999999999997,2,0
2022-08-23,tuxtepec,"Tuxtepec, Oax.",18.0833,-96.1167,16,3.96,29.5,22.72,24.189999999999948,40.95999999999999,151.29,0,0
2022-08-24,tuxtepec,"Tuxtepec, Oax.",18.0833,-96.1167,16,11.43,28.08,23.92,23.409999999999947,45.37999999999998,156.69,1,0
2022-08-25,tuxtepec,"Tuxtepec, Oax.",18.0833,-96.1167,16,7.22,27.37,23.03,22.60999999999995,51.65999999999999,140.26,2,0
2022-08-26,tuxtepec,"Tuxtepec, Oax.",18.0833,-96.1167,16,13.19,26.95,22.87,31.839999999999947,57.80999999999999,140.73,3,0
2022-08-27,tuxtepec,"Tuxtepec, Oax.",18.0833,-96.1167,16,17.16,28.98,22.89,37.56999999999995,73.18999999999998,130.06,4,0
2022-08-28,tuxtepec,"Tuxtepec, Oax.",18.0833,-96.1167,16,10.48,30.72,22.82,40.82999999999995,71.45999999999998,125.27,5,0
2022-08-29,tuxtepec,"Tuxtepec, Oax.",18.0833,-96.1167,16,4.82,29.54,22.48,32.45999999999995,68.25999999999999,117.43,0,0
2022-08-30,tuxtepec,"Tuxtepec, Oax.",18.0833,-96.1167,16,7.32,29.29,22.75,22.619999999999948,71.61999999999999,112.58,1,0
2022-08-31,tuxtepec,"Tuxtepec, Oax.",18.0833,-96.1167,16,7.5,28.53,23.06,19.639999999999947,67.68999999999998,113.07,2,0
2022-09-01,tuxtepec,"Tuxtepec, Oax.",18.0833,-96.1167,16,16.61,27.01,22.78,31.429999999999946,77.07999999999998,128.74,3,0
2022-09-02,tuxtepec,"Tuxtepec, Oax.",18.0833,-96.1167,16,19.62,26.57,22.78,43.72999999999995,83.50999999999999,141.32,4,0
2022-09-03,tuxtepec,"Tuxtepec, Oax.",18.0833,-96.1167,16,64.79,26.59,23.02,101.01999999999995,131.14,204.33,5,1
2022-09-04,tuxtepec,"Tuxtepec, Oax.",18.0833,-96.1167,16,46.38,27.24,22.12,130.78999999999996,167.04,238.5,6,1
2022-09-05,tuxtepec,"Tuxtepec, Oax.",18.0833,-96.1167,16,13.71,28.22,22.18,124.87999999999995,175.93,244.19000000000003,7,0
2022-09-06,tuxtepec,"Tuxtepec, Oax.",18.0833,-96.1167,16,25.16,28.65,22.73,85.24999999999994,193.77,265.39000000000004,8,1
2022-09-07,tuxtepec,"Tuxtepec, Oax.",18.0833,-96.1167,16,15.89,27.7,22.85,54.75999999999995,202.16,269.85,9,0
2022-09-08,tuxtepec,"Tuxtepec, Oax.",18.0833,-96.1167,16,42.76,27.45,22.08,83.80999999999995,228.31,305.39000000000004,10,1
2022-09-09,tuxtepec,"Tuxtepec, Oax.",18.0833,-96.1167,16,6.58,28.25,22.21,65.22999999999995,215.27,298.78000000000003,11,0
2022-09-10,tuxtepec,"Tuxtepec, Oax.",18.0833,-96.1167,16,7.38,27.49,22.57,56.71999999999994,157.86,289.0,12,0
2022-09-11,tuxtepec,"Tuxtepec, Oax.",18.0833,-96.1167,16,16.96,27.58,22.65,30.919999999999938,128.44,295.48,13,0
2022-09-12,tuxtepec,"Tuxtepec, Oax.",18.0833,-96.1167,16,7.48,26.84,21.4,31.81999999999994,122.21,298.14,14,0
2022-09-13,tuxtepec,"Tuxtepec, Oax.",18.0833,-96.1167,16,10.73,25.63,21.84,35.16999999999994,107.78,301.55,15,0
2022-09-14,tuxtepec,"Tuxtepec, Oax.",18.0833,-96.1167,16,18.97,27.0,21.34,37.179999999999936,110.85999999999999,313.02000000000004,16,0
2022-09-15,tuxtepec,"Tuxtepec, Oax.",18.0833,-96.1167,16,40.04,26.56,21.65,69.73999999999994,108.13999999999999,336.45,17,1
2022-09-16,tuxtepec,"Tuxtepec, Oax.",18.0833,-96.1167,16,30.59,25.81,21.74,89.59999999999992,132.14999999999998,347.42,18,1
2022-09-17,tuxtepec,"Tuxtepec, Oax.",18.0833,-96.1167,16,67.91,25.67,21.78,138.5399999999999,192.68,350.53999999999996,19,1
2022-09-18,tuxtepec,"Tuxtepec, Oax.",18.0833,-96.1167,16,63.48,25.79,23.06,161.97999999999993,239.2,367.64,20,1
2022-09-19,tuxtepec,"Tuxtepec, Oax.",18.0833,-96.1167,16,31.97,26.7,22.41,163.35999999999993,263.69,385.9,21,1
2022-09-20,tuxtepec,"Tuxtepec, Oax.",18.0833,-96.1167,16,14.39,26.98,21.43,109.83999999999992,267.34999999999997,375.13,22,0
2022-09-21,tuxtepec,"Tuxtepec, Oax.",18.0833,-96.1167,16,10.16,26.39,21.19,56.519999999999925,258.53999999999996,369.4,23,0
2022-09-22,tuxtepec,"Tuxtepec, Oax.",18.0833,-96.1167,16,4.89,26.53,20.7,29.43999999999993,223.39,331.53,0,0
2022-09-23,tuxtepec,"Tuxtepec, Oax.",18.0833,-96.1167,16,6.65,25.61,20.94,21.69999999999993,199.45,331.6,1,0
2022-09-24,tuxtepec,"Tuxtepec, Oax.",18.0833,-96.1167,16,4.63,27.22,20.71,16.16999999999993,136.17,328.85,0,0
2022-09-25,tuxtepec,"Tuxtepec, Oax.",18.0833,-96.1167,16,5.81,27.68,21.38,17.08999999999993,78.49999999999999,317.7,1,0
2022-09-26,tuxtepec,"Tuxtepec, Oax.",18.0833,-96.1167,16,19.91,26.27,21.46,30.34999999999993,66.43999999999998,330.13,2,0
2022-09-27,tuxtepec,"Tuxtepec, Oax.",18.0833,-96.1167,16,9.39,26.3,20.53,35.10999999999993,61.43999999999998,328.79,3,0
2022-09-28,tuxtepec,"Tuxtepec, Oax.",18.0833,-96.1167,16,11.06,26.04,20.78,40.35999999999993,62.33999999999999,320.88,4,0
2022-09-29,tuxtepec,"Tuxtepec, Oax.",18.0833,-96.1167,16,4.72,24.55,19.76,25.16999999999993,62.16999999999999,285.56,0,0
2022-09-30,tuxtepec,"Tuxtepec, Oax.",18.0833,-96.1167,16,1.35,24.15,18.85,17.129999999999928,56.86999999999998,256.32,0,0
2022-10-01,tuxtepec,"Tuxtepec, Oax.",18.0833,-96.1167,16,0.85,25.07,18.34,6.919999999999929,53.08999999999999,189.26,0,0
2022-10-02,tuxtepec,"Tuxtepec, Oax.",18.0833,-96.1167,16,1.64,25.09,18.15,3.839999999999929,48.91999999999999,127.41999999999999,0,0
2022-10-03,tuxtepec,"Tuxtepec, Oax.",18.0833,-96.1167,16,0.74,25.81,18.32,3.2299999999999285,29.749999999999986,96.19,0,0
2022-10-04,tuxtepec,"Tuxtepec, Oax.",18.0833,-96.1167,16,3.6,26.35,19.51,5.979999999999929,23.959999999999987,85.4,0,0
2022-10-05,tuxtepec,"Tuxtepec, Oax.",18.0833,-96.1167,16,8.49,26.45,20.25,12.82999999999993,21.389999999999986,83.72999999999999,1,0
2022-10-06,tuxtepec,"Tuxtepec, Oax.",18.0833,-96.1167,16,3.08,26.0,19.99,15.169999999999929,19.749999999999986,81.92,0,0
2022-10-07,tuxtepec,"Tuxtepec, Oax.",18.0833,-96.1167,16,8.1,25.48,19.62,19.66999999999993,26.499999999999986,83.37,1,0
2022-10-08,tuxtepec,"Tuxtepec, Oax.",18.0833,-96.1167,16,7.17,25.64,19.65,18.34999999999993,32.819999999999986,85.91,2,0
2022-10-09,tuxtepec,"Tuxtepec, Oax.",18.0833,-96.1167,16,22.31,25.02,20.41,37.57999999999993,53.48999999999998,102.41,3,1
2022-10-10,tuxtepec,"Tuxtepec, Oax.",18.0833,-96.1167,16,10.17,24.28,19.52,39.64999999999993,62.91999999999998,92.66999999999999,4,0
2022-10-11,tuxtepec,"Tuxtepec, Oax.",18.0833,-96.1167,16,7.82,24.07,20.58,40.29999999999993,67.13999999999999,91.1,5,0
2022-10-12,tuxtepec,"Tuxtepec, Oax.",18.0833,-96.1167,16,4.11,28.36,21.83,22.09999999999993,62.759999999999984,84.14999999999999,0,0
2022-10-13,tuxtepec,"Tuxtepec, Oax.",18.0833,-96.1167,16,3.05,29.3,22.47,14.97999999999993,62.72999999999998,82.47999999999999,0,0
2022-10-14,tuxtepec,"Tuxtepec, Oax.",18.0833,-96.1167,16,6.28,27.69,21.79,13.43999999999993,60.90999999999998,87.41,1,0
2022-10-15,tuxtepec,"Tuxtepec, Oax.",18.0833,-96.1167,16,6.46,27.15,21.63,15.78999999999993,60.19999999999999,93.02000000000001,2,0
2022-10-16,tuxtepec,"Tuxtepec, Oax.",18.0833,-96.1167,16,10.6,27.14,21.72,23.33999999999993,48.48999999999998,101.98,3,0
2022-10-17,tuxtepec,"Tuxtepec, Oax.",18.0833,-96.1167,16,5.41,26.61,22.38,22.469999999999928,43.72999999999998,106.64999999999999,4,0
2022-10-18,tuxtepec,"Tuxtepec, Oax.",18.0833,-96.1167,16,60.5,25.15,20.33,76.50999999999993,96.40999999999998,163.55,5,1
2022-10-19,tuxtepec,"Tuxtepec, Oax.",18.0833,-96.1167,16,38.33,19.85,16.69,104.23999999999992,130.63,193.39,6,1
2022-10-20,tuxtepec,"Tuxtepec, Oax.",18.0833,-96.1167,16,4.18,23.07,16.72,103.00999999999993,131.76,194.49,0,0
2022-10-21,tuxtepec,"Tuxtepec, Oax.",18.0833,-96.1167,16,4.69,24.97,18.1,47.199999999999925,130.17,191.07999999999998,0,0
2022-10-22,tuxtepec,"Tuxtepec, Oax.",18.0833,-96.1167,16,0.78,25.77,19.25,9.64999999999993,124.48999999999998,184.69,0,0
2022-10-23,tuxtepec,"Tuxtepec, Oax.",18.0833,-96.1167,16,0.0,26.91,19.33,5.46999999999993,113.88999999999999,162.38,0,0
2022-10-24,tuxtepec,"Tuxtepec, Oax.",18.0833,-96.1167,16,0.0,28.56,20.54,0.779999999999929,108.47999999999999,152.21,0,0
2022-10-25,tuxtepec,"Tuxtepec, Oax.",18.0833,-96.1167,16,2.68,30.58,20.84,2.679999999999929,50.65999999999998,147.07000000000002,0,0
2022-10-26,tuxtepec,"Tuxtepec, Oax.",18.0833,-96.1167,16,0.36,26.75,20.57,3.039999999999929,12.689999999999985,143.32,0,0
2022-10-27,tuxtepec,"Tuxtepec, Oax.",18.0833,-96.1167,16,0.11,27.85,21.11,3.1499999999999293,8.619999999999987,140.38,0,0
2022-10-28,tuxtepec,"Tuxtepec, Oax.",18.0833,-96.1167,16,0.03,29.04,21.98,0.49999999999992895,3.9599999999999858,134.13,0,0
2022-10-29,tuxtepec,"Tuxtepec, Oax.",18.0833,-96.1167,16,3.97,26.18,19.6,4.109999999999929,7.149999999999986,131.64000000000001,0,0
2022-10-30,tuxtepec,"Tuxtepec, Oax.",18.0833,-96.1167,16,0.22,26.13,19.19,4.21999999999993,7.369999999999986,121.25999999999999,0,0
2022-10-31,tuxtepec,"Tuxtepec, Oax.",18.0833,-96.1167,16,0.04,26.86,20.74,4.229999999999929,7.409999999999986,115.89,0,0
2022-11-01,tuxtepec,"Tuxtepec, Oax.",18.0833,-96.1167,16,0.45,27.46,20.63,0.7099999999999289,5.179999999999986,55.839999999999996,0,0
2022-11-02,tuxtepec,"Tuxtepec, Oax.",18.0833,-96.1167,16,2.62,25.89,20.06,3.1099999999999293,7.439999999999985,20.13,0,0
2022-11-03,tuxtepec,"Tuxtepec, Oax.",18.0833,-96.1167,16,10.37,24.87,19.01,13.439999999999928,17.699999999999985,26.32,1,0
2022-11-04,tuxtepec,"Tuxtepec, Oax.",18.0833,-96.1167,16,2.17,28.06,20.7,15.159999999999929,19.839999999999982,23.799999999999997,0,0
2022-11-05,tuxtepec,"Tuxtepec, Oax.",18.0833,-96.1167,16,1.27,28.88,22.54,13.809999999999928,17.139999999999986,24.290000000000003,0,0
2022-11-06,tuxtepec,"Tuxtepec, Oax.",18.0833,-96.1167,16,1.2,28.05,21.43,4.639999999999929,18.119999999999987,25.490000000000002,0,0
2022-11-07,tuxtepec,"Tuxtepec, Oax.",18.0833,-96.1167,16,20.7,26.48,20.8,23.169999999999927,38.77999999999999,46.19,1,1
2022-11-08,tuxtepec,"Tuxtepec, Oax.",18.0833,-96.1167,16,12.71,25.18,19.15,34.60999999999993,51.03999999999999,56.22,2,0
2022-11-09,tuxtepec,"Tuxtepec, Oax.",18.0833,-96.1167,16,12.48,24.82,19.55,45.88999999999993,60.899999999999984,68.34,3,0
2022-11-10,tuxtepec,"Tuxtepec, Oax.",18.0833,-96.1167,16,1.01,26.94,18.74,26.199999999999932,51.539999999999985,69.24000000000001,0,0
2022-11-11,tuxtepec,"Tuxtepec, Oax.",18.0833,-96.1167,16,0.0,29.05,19.69,13.48999999999993,49.36999999999998,69.21000000000001,0,0
2022-11-12,tuxtepec,"Tuxtepec, Oax.",18.0833,-96.1167,16,12.69,26.74,18.72,13.699999999999928,60.78999999999999,77.93,1,0
2022-11-13,tuxtepec,"Tuxtepec, Oax.",18.0833,-96.1167,16,8.78,23.27,17.91,21.469999999999928,68.36999999999999,86.49000000000001,2,0
2022-11-14,tuxtepec,"Tuxtepec, Oax.",18.0833,-96.1167,16,0.16,27.4,19.12,21.629999999999928,47.829999999999984,86.61,0,0
2022-11-15,tuxtepec,"Tuxtepec, Oax.",18.0833,-96.1167,16,0.04,25.98,19.65,8.979999999999928,35.15999999999999,86.19999999999999,0,0
2022-11-16,tuxtepec,"Tuxtepec, Oax.",18.0833,-96.1167,16,1.26,23.13,18.42,1.459999999999929,23.939999999999984,84.84,0,0
2022-11-17,tuxtepec,"Tuxtepec, Oax.",18.0833,-96.1167,16,1.22,21.83,17.6,2.519999999999929,24.149999999999984,75.69,0,0
2022-11-18,tuxtepec,"Tuxtepec, Oax.",18.0833,-96.1167,16,0.45,24.45,17.55,2.929999999999929,24.599999999999984,73.97,0,0
2022-11-19,tuxtepec,"Tuxtepec, Oax.",18.0833,-96.1167,16,2.6,24.53,18.67,4.269999999999929,14.509999999999986,75.3,0,0
2022-11-20,tuxtepec,"Tuxtepec, Oax.",18.0833,-96.1167,16,4.23,19.85,16.05,7.27999999999993,9.959999999999987,78.33,0,0
2022-11-21,tuxtepec,"Tuxtepec, Oax.",18.0833,-96.1167,16,2.76,22.61,16.65,9.589999999999929,12.559999999999986,60.39,0,0
2022-11-22,tuxtepec,"Tuxtepec, Oax.",18.0833,-96.1167,16,1.87,23.13,16.87,8.85999999999993,14.389999999999986,49.550000000000004,0,0
2022-11-23,tuxtepec,"Tuxtepec, Oax.",18.0833,-96.1167,16,0.43,25.61,17.86,5.059999999999929,13.559999999999986,37.5,0,0
2022-11-24,tuxtepec,"Tuxtepec, Oax.",18.0833,-96.1167,16,0.0,27.84,19.71,2.29999999999993,12.339999999999987,36.49,0,0
2022-11-25,tuxtepec,"Tuxtepec, Oax.",18.0833,-96.1167,16,0.03,28.11,21.3,0.4599999999999298,11.919999999999986,36.52,0,0
2022-11-26,tuxtepec,"Tuxtepec, Oax.",18.0833,-96.1167,16,0.1,27.26,20.78,0.12999999999992984,9.419999999999986,23.93,0,0
2022-11-27,tuxtepec,"Tuxtepec, Oax.",18.0833,-96.1167,16,0.19,26.98,20.45,0.31999999999992984,5.379999999999986,15.34,0,0
2022-11-28,tuxtepec,"Tuxtepec, Oax.",18.0833,-96.1167,16,0.34,28.08,21.73,0.62999999999993,2.9599999999999858,15.520000000000001,0,0
2022-11-29,tuxtepec,"Tuxtepec, Oax.",18.0833,-96.1167,16,0.31,28.08,21.91,0.8399999999999298,1.3999999999999857,15.790000000000001,0,0
2022-11-30,tuxtepec,"Tuxtepec, Oax.",18.0833,-96.1167,16,25.41,26.71,21.51,26.05999999999993,26.379999999999985,39.94,1,1
2022-12-01,tuxtepec,"Tuxtepec, Oax.",18.0833,-96.1167,16,17.29,24.41,19.72,43.009999999999934,43.66999999999999,56.010000000000005,2,0
2022-12-02,tuxtepec,"Tuxtepec, Oax.",18.0833,-96.1167,16,7.51,24.2,18.19,50.20999999999993,51.149999999999984,63.07,3,0
2022-12-03,tuxtepec,"Tuxtepec, Oax.",18.0833,-96.1167,16,17.83,23.89,18.86,42.62999999999993,68.87999999999998,78.3,4,0
2022-12-04,tuxtepec,"Tuxtepec, Oax.",18.0833,-96.1167,16,5.67,23.66,18.43,31.009999999999934,74.35999999999999,79.74,5,0
2022-12-05,tuxtepec,"Tuxtepec, Oax.",18.0833,-96.1167,16,0.86,25.08,17.65,24.359999999999935,74.87999999999998,77.84,0,0
2022-12-06,tuxtepec,"Tuxtepec, Oax.",18.0833,-96.1167,16,0.01,25.76,19.52,6.539999999999936,74.57999999999998,75.98,0,0
2022-12-07,tuxtepec,"Tuxtepec, Oax.",18.0833,-96.1167,16,0.66,25.3,18.19,1.529999999999936,49.829999999999984,76.21000000000001,0,0
2022-12-08,tuxtepec,"Tuxtepec, Oax.",18.0833,-96.1167,16,0.88,24.11,18.01,1.549999999999936,33.41999999999999,77.09,0,0
2022-12-09,tuxtepec,"Tuxtepec, Oax.",18.0833,-96.1167,16,0.14,24.31,16.8,1.6799999999999362,26.049999999999983,77.2,0,0
2022-12-10,tuxtepec,"Tuxtepec, Oax.",18.0833,-96.1167,16,0.04,25.04,18.02,1.0599999999999359,8.259999999999986,77.14,0,0
2022-12-11,tuxtepec,"Tuxtepec, Oax.",18.0833,-96.1167,16,0.0,25.7,18.36,0.17999999999993607,2.5899999999999856,76.95,0,0
2022-12-12,tuxtepec,"Tuxtepec, Oax.",18.0833,-96.1167,16,0.0,26.01,18.54,0.03999999999993605,1.729999999999986,76.61,0,0
2022-12-13,tuxtepec,"Tuxtepec, Oax.",18.0833,-96.1167,16,0.0,28.37,18.57,0.0,1.719999999999986,76.3,0,0
2022-12-14,tuxtepec,"Tuxtepec, Oax.",18.0833,-96.1167,16,0.12,32.43,18.55,0.11999999999993605,1.1799999999999857,51.01,0,0
2022-12-15,tuxtepec,"Tuxtepec, Oax.",18.0833,-96.1167,16,1.0,24.25,18.41,1.1199999999999362,1.2999999999999856,34.72,0,0
2022-12-16,tuxtepec,"Tuxtepec, Oax.",18.0833,-96.1167,16,0.04,26.05,18.51,1.1599999999999362,1.1999999999999855,27.25,0,0
2022-12-17,tuxtepec,"Tuxtepec, Oax.",18.0833,-96.1167,16,4.52,25.7,19.49,5.559999999999936,5.6799999999999855,13.94,0,0
2022-12-18,tuxtepec,"Tuxtepec, Oax.",18.0833,-96.1167,16,4.46,23.14,17.18,9.019999999999936,10.139999999999986,12.73,0,0
2022-12-19,tuxtepec,"Tuxtepec, Oax.",18.0833,-96.1167,16,0.1,25.27,16.58,9.079999999999936,10.239999999999986,11.97,0,0
2022-12-20,tuxtepec,"Tuxtepec, Oax.",18.0833,-96.1167,16,7.92,22.99,16.51,12.479999999999936,18.159999999999986,19.88,1,0
2022-12-21,tuxtepec,"Tuxtepec, Oax.",18.0833,-96.1167,16,1.83,19.93,14.97,9.849999999999934,19.869999999999983,21.05,0,0
2022-12-22,tuxtepec,"Tuxtepec, Oax.",18.0833,-96.1167,16,0.23,24.95,15.14,9.979999999999935,19.099999999999984,20.400000000000002,0,0
2022-12-23,tuxtepec,"Tuxtepec, Oax.",18.0833,-96.1167,16,6.79,21.22,10.45,8.849999999999937,25.849999999999987,27.05,1,0
2022-12-24,tuxtepec,"Tuxtepec, Oax.",18.0833,-96.1167,16,2.84,14.11,10.5,9.859999999999935,24.169999999999987,29.849999999999998,0,0
2022-12-25,tuxtepec,"Tuxtepec, Oax.",18.0833,-96.1167,16,3.87,15.88,12.29,13.499999999999936,23.579999999999984,33.72,0,0
2022-12-26,tuxtepec,"Tuxtepec, Oax.",18.0833,-96.1167,16,2.15,19.1,13.74,8.859999999999935,25.62999999999999,35.87,0,0
2022-12-27,tuxtepec,"Tuxtepec, Oax.",18.0833,-96.1167,16,0.04,21.07,14.43,6.059999999999936,17.749999999999986,35.91,0,0
2022-12-28,tuxtepec,"Tuxtepec, Oax.",18.0833,-96.1167,16,0.0,24.14,14.63,2.189999999999936,15.919999999999987,35.79,0,0
2022-12-29,tuxtepec,"Tuxtepec, Oax.",18.0833,-96.1167,16,0.0,26.65,17.33,0.03999999999993605,15.689999999999987,34.79,0,0
2022-12-30,tuxtepec,"Tuxtepec, Oax.",18.0833,-96.1167,16,0.0,28.64,18.99,0.0,8.899999999999986,34.75,0,0
2022-12-31,tuxtepec,"Tuxtepec, Oax.",18.0833,-96.1167,16,0.1,26.02,19.28,0.09999999999993606,6.159999999999986,30.33,0,0
2023-01-01,tuxtepec,"Tuxtepec, Oax.",18.0833,-96.1167,16,0.0,27.06,18.81,0.09999999999993606,2.289999999999986,25.87,0,0
2023-01-02,tuxtepec,"Tuxtepec, Oax.",18.0833,-96.1167,16,0.0,29.33,19.46,0.09999999999993606,0.1399999999999858,25.77,0,0
2023-01-03,tuxtepec,"Tuxtepec, Oax.",18.0833,-96.1167,16,0.0,32.58,19.53,0.0,0.0999999999999858,17.85,0,0
2023-01-04,tuxtepec,"Tuxtepec, Oax.",18.0833,-96.1167,16,0.01,25.95,18.95,0.009999999999936051,0.10999999999998579,16.03,0,0
2023-01-05,tuxtepec,"Tuxtepec, Oax.",18.0833,-96.1167,16,0.03,23.98,16.8,0.03999999999993605,0.1399999999999858,15.83,0,0
2023-01-06,tuxtepec,"Tuxtepec, Oax.",18.0833,-96.1167,16,0.8,23.63,16.94,0.8399999999999361,0.9399999999999858,9.84,0,0
2023-01-07,tuxtepec,"Tuxtepec, Oax.",18.0833,-96.1167,16,0.18,25.26,17.23,1.009999999999936,1.0199999999999858,7.18,0,0
2023-01-08,tuxtepec,"Tuxtepec, Oax.",18.0833,-96.1167,16,0.21,24.87,16.4,1.189999999999936,1.2299999999999858,3.52,0,0
2023-01-09,tuxtepec,"Tuxtepec, Oax.",18.0833,-96.1167,16,0.32,24.46,17.51,0.709999999999936,1.5499999999999858,1.69,0,0
2023-01-10,tuxtepec,"Tuxtepec, Oax.",18.0833,-96.1167,16,0.05,24.48,17.79,0.5799999999999361,1.5999999999999859,1.7,0,0
2023-01-11,tuxtepec,"Tuxtepec, Oax.",18.0833,-96.1167,16,0.0,25.8,17.73,0.369999999999936,1.5899999999999859,1.7,0,0
2023-01-12,tuxtepec,"Tuxtepec, Oax.",18.0833,-96.1167,16,4.11,26.58,18.73,4.159999999999936,5.669999999999986,5.8100000000000005,0,0
2023-01-13,tuxtepec,"Tuxtepec, Oax.",18.0833,-96.1167,16,5.08,20.18,13.31,9.189999999999937,9.949999999999987,10.89,1,0
2023-01-14,tuxtepec,"Tuxtepec, Oax.",18.0833,-96.1167,16,0.0,19.33,11.21,9.189999999999937,9.769999999999987,10.790000000000001,0,0
2023-01-15,tuxtepec,"Tuxtepec, Oax.",18.0833,-96.1167,16,0.0,22.45,12.53,5.079999999999936,9.559999999999986,10.790000000000001,0,0
2023-01-16,tuxtepec,"Tuxtepec, Oax.",18.0833,-96.1167,16,0.0,29.01,15.26,0.0,9.239999999999986,10.790000000000001,0,0
2023-01-17,tuxtepec,"Tuxtepec, Oax.",18.0833,-96.1167,16,0.0,28.49,17.14,0.0,9.189999999999987,10.790000000000001,0,0
2023-01-18,tuxtepec,"Tuxtepec, Oax.",18.0833,-96.1167,16,0.0,31.77,18.89,0.0,9.189999999999987,10.780000000000001,0,0
2023-01-19,tuxtepec,"Tuxtepec, Oax.",18.0833,-96.1167,16,0.0,25.94,19.08,0.0,5.079999999999987,10.75,0,0
2023-01-20,tuxtepec,"Tuxtepec, Oax.",18.0833,-96.1167,16,0.0,25.76,17.79,0.0,0.0,9.950000000000001,0,0
2023-01-21,tuxtepec,"Tuxtepec, Oax.",18.0833,-96.1167,16,0.0,26.99,18.34,0.0,0.0,9.770000000000001,0,0
2023-01-22,tuxtepec,"Tuxtepec, Oax.",18.0833,-96.1167,16,4.58,26.33,18.74,4.579999999999936,4.579999999999987,14.14,0,0
2023-01-23,tuxtepec,"Tuxtepec, Oax.",18.0833,-96.1167,16,5.18,25.43,18.33,9.759999999999936,9.759999999999987,19.0,1,0
2023-01-24,tuxtepec,"Tuxtepec, Oax.",18.0833,-96.1167,16,0.3,27.4,19.84,10.059999999999937,10.059999999999986,19.25,0,0
2023-01-25,tuxtepec,"Tuxtepec, Oax.",18.0833,-96.1167,16,1.06,22.99,15.62,6.539999999999936,11.119999999999987,20.31,0,0
2023-01-26,tuxtepec,"Tuxtepec, Oax.",18.0833,-96.1167,16,5.29,17.6,14.39,6.649999999999936,16.409999999999986,21.490000000000002,1,0
2023-01-27,tuxtepec,"Tuxtepec, Oax.",18.0833,-96.1167,16,0.94,19.46,14.3,7.289999999999937,17.349999999999987,17.35,0,0
2023-01-28,tuxtepec,"Tuxtepec, Oax.",18.0833,-96.1167,16,0.19,24.55,14.88,6.419999999999936,17.53999999999999,17.540000000000003,0,0
2023-01-29,tuxtepec,"Tuxtepec, Oax.",18.0833,-96.1167,16,0.0,25.34,16.87,1.129999999999936,12.959999999999987,17.54,0,0
2023-01-30,tuxtepec,"Tuxtepec, Oax.",18.0833,-96.1167,16,0.0,25.64,16.77,0.18999999999993605,7.779999999999987,17.54,0,0
2023-01-31,tuxtepec,"Tuxtepec, Oax.",18.0833,-96.1167,16,0.01,25.6,16.25,0.009999999999936051,7.489999999999987,17.549999999999997,0,0
2023-02-01,tuxtepec,"Tuxtepec, Oax.",18.0833,-96.1167,16,0.41,24.67,17.86,0.41999999999993604,6.8399999999999865,17.959999999999997,0,0
2023-02-02,tuxtepec,"Tuxtepec, Oax.",18.0833,-96.1167,16,1.06,25.45,17.85,1.479999999999936,2.6099999999999866,19.020000000000003,0,0
2023-02-03,tuxtepec,"Tuxtepec, Oax.",18.0833,-96.1167,16,4.93,18.58,12.94,6.3999999999999355,6.599999999999986,23.950000000000003,0,0
2023-02-04,tuxtepec,"Tuxtepec, Oax.",18.0833,-96.1167,16,0.16,19.53,11.35,6.1499999999999355,6.569999999999986,24.11,0,0
2023-02-05,tuxtepec,"Tuxtepec, Oax.",18.0833,-96.1167,16,0.72,23.45,13.82,5.809999999999936,7.289999999999986,20.25,0,0
2023-02-06,tuxtepec,"Tuxtepec, Oax.",18.0833,-96.1167,16,0.8,24.95,16.54,1.6799999999999362,8.089999999999986,15.87,0,0
2023-02-07,tuxtepec,"Tuxtepec, Oax.",18.0833,-96.1167,16,0.01,26.28,16.26,1.529999999999936,8.089999999999986,15.579999999999998,0,0
2023-02-08,tuxtepec,"Tuxtepec, Oax.",18.0833,-96.1167,16,0.02,27.92,17.33,0.8299999999999361,7.699999999999986,14.540000000000001,0,0
2023-02-09,tuxtepec,"Tuxtepec, Oax.",18.0833,-96.1167,16,0.02,25.71,18.54,0.049999999999936054,6.659999999999987,9.27,0,0
2023-02-10,tuxtepec,"Tuxtepec, Oax.",18.0833,-96.1167,16,3.49,25.5,15.91,3.5299999999999363,5.219999999999986,11.82,0,0
2023-02-11,tuxtepec,"Tuxtepec, Oax.",18.0833,-96.1167,16,1.93,17.74,12.47,5.439999999999936,6.989999999999987,13.559999999999999,0,0
2023-02-12,tuxtepec,"Tuxtepec, Oax.",18.0833,-96.1167,16,0.18,20.33,11.29,5.599999999999937,6.449999999999987,13.739999999999998,0,0
2023-02-13,tuxtepec,"Tuxtepec, Oax.",18.0833,-96.1167,16,0.01,24.48,13.92,2.119999999999936,5.659999999999987,13.749999999999998,0,0
2023-02-14,tuxtepec,"Tuxtepec, Oax.",18.0833,-96.1167,16,0.0,29.82,17.4,0.18999999999993605,5.649999999999986,13.739999999999998,0,0
2023-02-15,tuxtepec,"Tuxtepec, Oax.",18.0833,-96.1167,16,0.0,31.7,18.88,0.009999999999936051,5.629999999999987,13.329999999999998,0,0
2023-02-16,tuxtepec,"Tuxtepec, Oax.",18.0833,-96.1167,16,0.03,32.4,19.42,0.02999999999993605,5.639999999999986,12.3,0,0
2023-02-17,tuxtepec,"Tuxtepec, Oax.",18.0833,-96.1167,16,0.81,20.3,13.59,0.8399999999999361,2.9599999999999866,8.18,0,0
2023-02-18,tuxtepec,"Tuxtepec, Oax.",18.0833,-96.1167,16,0.74,18.36,12.39,1.5799999999999361,1.7699999999999867,8.76,0,0
2023-02-19,tuxtepec,"Tuxtepec, Oax.",18.0833,-96.1167,16,0.74,24.84,13.93,2.289999999999936,2.3299999999999867,8.78,0,0
2023-02-20,tuxtepec,"Tuxtepec, Oax.",18.0833,-96.1167,16,0.02,26.94,16.19,1.499999999999936,2.3399999999999865,8.0,0,0
2023-02-21,tuxtepec,"Tuxtepec, Oax.",18.0833,-96.1167,16,0.0,29.63,18.92,0.7599999999999361,2.3399999999999865,7.989999999999999,0,0
2023-02-22,tuxtepec,"Tuxtepec, Oax.",18.0833,-96.1167,16,0.0,35.07,18.56,0.01999999999993605,2.3399999999999865,7.97,0,0
2023-02-23,tuxtepec,"Tuxtepec, Oax.",18.0833,-96.1167,16,0.0,33.05,19.01,0.0,2.3099999999999867,7.949999999999999,0,0
2023-02-24,tuxtepec,"Tuxtepec, Oax.",18.0833,-96.1167,16,0.0,29.92,19.62,0.0,1.4999999999999867,4.459999999999999,0,0
2023-02-25,tuxtepec,"Tuxtepec, Oax.",18.0833,-96.1167,16,0.05,28.83,19.97,0.049999999999936054,0.8099999999999867,2.5799999999999996,0,0
2023-02-26,tuxtepec,"Tuxtepec, Oax.",18.0833,-96.1167,16,0.04,29.17,19.57,0.08999999999993605,0.10999999999998669,2.44,0,0
2023-02-27,tuxtepec,"Tuxtepec, Oax.",18.0833,-96.1167,16,0.0,32.66,18.28,0.08999999999993605,0.08999999999998667,2.4299999999999997,0,0
2023-02-28,tuxtepec,"Tuxtepec, Oax.",18.0833,-96.1167,16,0.0,33.65,20.45,0.03999999999993605,0.08999999999998667,2.4299999999999997,0,0
2023-03-01,tuxtepec,"Tuxtepec, Oax.",18.0833,-96.1167,16,0.0,36.73,18.63,0.0,0.08999999999998667,2.4299999999999997,0,0
2023-03-02,tuxtepec,"Tuxtepec, Oax.",18.0833,-96.1167,16,0.0,38.35,20.38,0.0,0.08999999999998667,2.4,0,0
2023-03-03,tuxtepec,"Tuxtepec, Oax.",18.0833,-96.1167,16,0.0,33.88,19.31,0.0,0.08999999999998667,1.59,0,0
2023-03-04,tuxtepec,"Tuxtepec, Oax.",18.0833,-96.1167,16,0.0,30.05,18.92,0.0,0.03999999999998668,0.85,0,0
2023-03-05,tuxtepec,"Tuxtepec, Oax.",18.0833,-96.1167,16,0.0,30.26,20.11,0.0,0.0,0.11000000000000001,0,0
2023-03-06,tuxtepec,"Tuxtepec, Oax.",18.0833,-96.1167,16,0.0,32.38,20.8,0.0,0.0,0.09,0,0
2023-03-07,tuxtepec,"Tuxtepec, Oax.",18.0833,-96.1167,16,0.0,30.84,21.02,0.0,0.0,0.09,0,0
2023-03-08,tuxtepec,"Tuxtepec, Oax.",18.0833,-96.1167,16,0.0,31.12,20.04,0.0,0.0,0.09,0,0
2023-03-09,tuxtepec,"Tuxtepec, Oax.",18.0833,-96.1167,16,0.03,31.07,20.19,0.02999999999993605,0.029999999999986676,0.12,0,0
2023-03-10,tuxtepec,"Tuxtepec, Oax.",18.0833,-96.1167,16,0.03,30.39,20.82,0.05999999999993605,0.059999999999986675,0.15,0,0
2023-03-11,tuxtepec,"Tuxtepec, Oax.",18.0833,-96.1167,16,0.2,32.09,21.1,0.25999999999993606,0.2599999999999867,0.3,0,0
2023-03-12,tuxtepec,"Tuxtepec, Oax.",18.0833,-96.1167,16,0.16,36.85,21.96,0.38999999999993606,0.4199999999999867,0.42000000000000004,0,0
2023-03-13,tuxtepec,"Tuxtepec, Oax.",18.0833,-96.1167,16,3.17,34.59,22.31,3.529999999999936,3.5899999999999865,3.59,0,0
2023-03-14,tuxtepec,"Tuxtepec, Oax.",18.0833,-96.1167,16,10.9,32.55,21.79,14.229999999999936,14.489999999999988,14.49,1,0
2023-03-15,tuxtepec,"Tuxtepec, Oax.",18.0833,-96.1167,16,16.34,27.91,20.74,30.409999999999936,30.829999999999984,30.83,2,0
2023-03-16,tuxtepec,"Tuxtepec, Oax.",18.0833,-96.1167,16,0.43,32.22,20.22,27.669999999999938,31.229999999999983,31.26,0,0
2023-03-17,tuxtepec,"Tuxtepec, Oax.",18.0833,-96.1167,16,0.32,37.53,20.75,17.089999999999936,31.519999999999985,31.580000000000002,0,0
2023-03-18,tuxtepec,"Tuxtepec, Oax.",18.0833,-96.1167,16,2.87,27.14,18.15,3.619999999999936,34.18999999999998,34.45,0,0
2023-03-19,tuxtepec,"Tuxtepec, Oax.",18.0833,-96.1167,16,5.52,20.51,14.34,8.709999999999935,39.54999999999998,39.97,1,0
2023-03-20,tuxtepec,"Tuxtepec, Oax.",18.0833,-96.1167,16,1.33,24.35,13.93,9.719999999999935,37.70999999999999,41.300000000000004,0,0
2023-03-21,tuxtepec,"Tuxtepec, Oax.",18.0833,-96.1167,16,0.03,30.82,18.14,6.879999999999936,26.839999999999986,41.33,0,0
2023-03-22,tuxtepec,"Tuxtepec, Oax.",18.0833,-96.1167,16,0.0,31.34,19.91,1.3599999999999361,10.499999999999982,41.33,0,0
2023-03-23,tuxtepec,"Tuxtepec, Oax.",18.0833,-96.1167,16,0.0,33.1,19.92,0.02999999999993605,10.069999999999983,41.3,0,0
2023-03-24,tuxtepec,"Tuxtepec, Oax.",18.0833,-96.1167,16,0.0,37.26,21.28,0.0,9.749999999999982,41.269999999999996,0,0
2023-03-25,tuxtepec,"Tuxtepec, Oax.",18.0833,-96.1167,16,0.08,36.7,22.35,0.07999999999993605,6.959999999999982,41.150000000000006,0,0
2023-03-26,tuxtepec,"Tuxtepec, Oax.",18.0833,-96.1167,16,0.56,36.4,22.75,0.6399999999999361,1.9999999999999822,41.55,0,0
2023-03-27,tuxtepec,"Tuxtepec, Oax.",18.0833,-96.1167,16,0.0,36.38,22.13,0.6399999999999361,0.6699999999999823,38.379999999999995,0,0
2023-03-28,tuxtepec,"Tuxtepec, Oax.",18.0833,-96.1167,16,1.51,34.63,21.89,2.0699999999999363,2.149999999999982,28.99,0,0
2023-03-29,tuxtepec,"Tuxtepec, Oax.",18.0833,-96.1167,16,2.54,30.92,21.34,4.049999999999937,4.689999999999982,15.190000000000003,0,0
2023-03-30,tuxtepec,"Tuxtepec, Oax.",18.0833,-96.1167,16,0.04,32.35,20.0,4.089999999999936,4.729999999999982,14.800000000000004,0,0
2023-03-31,tuxtepec,"Tuxtepec, Oax.",18.0833,-96.1167,16,0.0,35.03,22.22,2.5799999999999366,4.729999999999982,14.480000000000004,0,0
2023-04-01,tuxtepec,"Tuxtepec, Oax.",18.0833,-96.1167,16,0.0,34.14,22.25,0.039999999999936496,4.649999999999982,11.610000000000003,0,0
2023-04-02,tuxtepec,"Tuxtepec, Oax.",18.0833,-96.1167,16,0.0,34.07,20.5,0.0,4.089999999999982,6.090000000000003,0,0
2023-04-03,tuxtepec,"Tuxtepec, Oax.",18.0833,-96.1167,16,0.0,37.43,21.45,0.0,4.089999999999982,4.760000000000003,0,0
2023-04-04,tuxtepec,"Tuxtepec, Oax.",18.0833,-96.1167,16,0.0,38.86,22.98,0.0,2.5799999999999823,4.730000000000003,0,0
2023-04-05,tuxtepec,"Tuxtepec, Oax.",18.0833,-96.1167,16,0.0,38.61,23.13,0.0,0.03999999999998224,4.730000000000003,0,0
2023-04-06,tuxtepec,"Tuxtepec, Oax.",18.0833,-96.1167,16,0.13,35.73,22.52,0.1299999999999365,0.12999999999998224,4.860000000000004,0,0
2023-04-07,tuxtepec,"Tuxtepec, Oax.",18.0833,-96.1167,16,2.23,33.0,22.47,2.3599999999999364,2.359999999999982,7.090000000000003,0,0
2023-04-08,tuxtepec,"Tuxtepec, Oax.",18.0833,-96.1167,16,3.18,31.18,21.39,5.539999999999937,5.539999999999982,10.190000000000003,0,0
2023-04-09,tuxtepec,"Tuxtepec, Oax.",18.0833,-96.1167,16,0.61,31.48,20.35,6.0199999999999365,6.149999999999983,10.240000000000004,0,0
2023-04-10,tuxtepec,"Tuxtepec, Oax.",18.0833,-96.1167,16,1.43,31.04,19.8,5.219999999999937,7.579999999999982,11.670000000000003,0,0
2023-04-11,tuxtepec,"Tuxtepec, Oax.",18.0833,-96.1167,16,2.99,30.56,19.48,5.029999999999937,10.569999999999983,13.150000000000004,0,0
2023-04-12,tuxtepec,"Tuxtepec, Oax.",18.0833,-96.1167,16,0.58,30.0,19.61,4.999999999999936,11.149999999999983,11.190000000000005,0,0
2023-04-13,tuxtepec,"Tuxtepec, Oax.",18.0833,-96.1167,16,0.57,31.86,20.43,4.139999999999937,11.589999999999982,11.720000000000002,0,0
2023-04-14,tuxtepec,"Tuxtepec, Oax.",18.0833,-96.1167,16,0.18,38.15,22.39,1.3299999999999363,9.539999999999983,11.900000000000004,0,0
2023-04-15,tuxtepec,"Tuxtepec, Oax.",18.0833,-96.1167,16,0.0,38.07,23.61,0.7499999999999365,6.359999999999983,11.900000000000004,0,0
2023-04-16,tuxtepec,"Tuxtepec, Oax.",18.0833,-96.1167,16,0.0,36.0,24.22,0.1799999999999365,5.749999999999982,11.900000000000004,0,0
2023-04-17,tuxtepec,"Tuxtepec, Oax.",18.0833,-96.1167,16,0.13,32.54,22.32,0.1299999999999365,4.449999999999982,12.030000000000003,0,0
2023-04-18,tuxtepec,"Tuxtepec, Oax.",18.0833,-96.1167,16,0.08,35.48,20.97,0.20999999999993652,1.539999999999982,12.110000000000003,0,0
2023-04-19,tuxtepec,"Tuxtepec, Oax.",18.0833,-96.1167,16,1.58,38.08,22.53,1.7899999999999365,2.5399999999999823,13.690000000000003,0,0
2023-04-20,tuxtepec,"Tuxtepec, Oax.",18.0833,-96.1167,16,0.32,38.91,24.31,1.9799999999999367,2.2899999999999823,13.880000000000004,0,0
2023-04-21,tuxtepec,"Tuxtepec, Oax.",18.0833,-96.1167,16,0.02,39.61,25.04,1.9199999999999366,2.129999999999982,11.670000000000003,0,0
2023-04-22,tuxtepec,"Tuxtepec, Oax.",18.0833,-96.1167,16,0.0,35.34,24.96,0.3399999999999365,2.129999999999982,8.490000000000004,0,0
2023-04-23,tuxtepec,"Tuxtepec, Oax.",18.0833,-96.1167,16,4.5,39.12,25.19,4.5199999999999365,6.629999999999982,12.380000000000003,0,0
2023-04-24,tuxtepec,"Tuxtepec, Oax.",18.0833,-96.1167,16,0.15,32.1,24.34,4.649999999999937,6.649999999999983,11.100000000000003,0,0
2023-04-25,tuxtepec,"Tuxtepec, Oax.",18.0833,-96.1167,16,0.73,36.16,23.22,5.379999999999937,7.299999999999982,8.840000000000003,0,0
2023-04-26,tuxtepec,"Tuxtepec, Oax.",18.0833,-96.1167,16,0.35,36.57,23.86,1.229999999999937,6.0699999999999825,8.610000000000003,0,0
2023-04-27,tuxtepec,"Tuxtepec, Oax.",18.0833,-96.1167,16,1.75,40.96,24.5,2.829999999999937,7.499999999999982,9.790000000000003,0,0
2023-04-28,tuxtepec,"Tuxtepec, Oax.",18.0833,-96.1167,16,7.75,35.39,25.33,9.849999999999937,15.229999999999983,17.360000000000003,1,0
2023-04-29,tuxtepec,"Tuxtepec, Oax.",18.0833,-96.1167,16,0.02,35.33,20.71,9.519999999999937,15.249999999999982,17.380000000000003,0,0
2023-04-30,tuxtepec,"Tuxtepec, Oax.",18.0833,-96.1167,16,0.0,32.07,18.79,7.769999999999937,10.749999999999982,17.380000000000003,0,0
2023-05-01,tuxtepec,"Tuxtepec, Oax.",18.0833,-96.1167,16,0.0,37.69,20.71,0.019999999999937828,10.599999999999982,17.250000000000004,0,0
2023-05-02,tuxtepec,"Tuxtepec, Oax.",18.0833,-96.1167,16,0.0,40.59,23.84,0.0,9.869999999999981,17.17,0,0
2023-05-03,tuxtepec,"Tuxtepec, Oax.",18.0833,-96.1167,16,0.0,36.78,25.31,0.0,9.519999999999982,15.590000000000002,0,0
2023-05-04,tuxtepec,"Tuxtepec, Oax.",18.0833,-96.1167,16,0.0,38.22,25.15,0.0,7.769999999999982,15.270000000000003,0,0
2023-05-05,tuxtepec,"Tuxtepec, Oax.",18.0833,-96.1167,16,0.0,37.82,25.91,0.0,0.019999999999982237,15.250000000000002,0,0
2023-05-06,tuxtepec,"Tuxtepec, Oax.",18.0833,-96.1167,16,0.02,36.67,26.63,0.019999999999937828,0.019999999999982237,15.270000000000001,0,0
2023-05-07,tuxtepec,"Tuxtepec, Oax.",18.0833,-96.1167,16,0.01,38.85,24.96,0.029999999999937826,0.029999999999982235,10.780000000000005,0,0
2023-05-08,tuxtepec,"Tuxtepec, Oax.",18.0833,-96.1167,16,1.37,38.22,24.1,1.399999999999938,1.3999999999999824,12.000000000000004,0,0
2023-05-09,tuxtepec,"Tuxtepec, Oax.",18.0833,-96.1167,16,2.78,40.07,25.58,4.159999999999938,4.179999999999982,14.050000000000004,0,0
2023-05-10,tuxtepec,"Tuxtepec, Oax.",18.0833,-96.1167,16,0.02,39.37,26.75,4.169999999999938,4.199999999999982,13.720000000000004,0,0
2023-05-11,tuxtepec,"Tuxtepec, Oax.",18.0833,-96.1167,16,0.03,41.79,26.22,2.8299999999999375,4.229999999999983,12.000000000000004,0,0
2023-05-12,tuxtepec,"Tuxtepec, Oax.",18.0833,-96.1167,16,0.75,40.61,26.39,0.7999999999999374,4.979999999999983,5.0000000000000036,0,0
2023-05-13,tuxtepec,"Tuxtepec, Oax.",18.0833,-96.1167,16,6.63,37.72,25.71,7.409999999999937,11.589999999999982,11.610000000000003,1,0
2023-05-14,tuxtepec,"Tuxtepec, Oax.",18.0833,-96.1167,16,2.81,35.76,23.83,10.189999999999937,14.389999999999983,14.420000000000003,0,0
2023-05-15,tuxtepec,"Tuxtepec, Oax.",18.0833,-96.1167,16,0.42,34.01,22.34,9.859999999999937,13.439999999999982,14.840000000000003,0,0
2023-05-16,tuxtepec,"Tuxtepec, Oax.",18.0833,-96.1167,16,0.51,35.61,22.73,3.739999999999937,11.169999999999982,15.350000000000003,0,0
2023-05-17,tuxtepec,"Tuxtepec, Oax.",18.0833,-96.1167,16,0.69,37.6,23.26,1.6199999999999368,11.839999999999984,16.040000000000003,0,0
2023-05-18,tuxtepec,"Tuxtepec, Oax.",18.0833,-96.1167,16,1.35,38.45,24.22,2.5499999999999368,13.159999999999982,17.390000000000004,0,0
2023-05-19,tuxtepec,"Tuxtepec, Oax.",18.0833,-96.1167,16,0.0,34.7,25.15,2.039999999999937,12.409999999999982,17.390000000000004,0,0
2023-05-20,tuxtepec,"Tuxtepec, Oax.",18.0833,-96.1167,16,0.0,35.78,24.86,1.349999999999937,5.779999999999983,17.370000000000005,0,0
2023-05-21,tuxtepec,"Tuxtepec, Oax.",18.0833,-96.1167,16,0.68,33.46,23.28,0.679999999999937,3.649999999999983,18.040000000000003,0,0
2023-05-22,tuxtepec,"Tuxtepec, Oax.",18.0833,-96.1167,16,0.02,35.35,22.08,0.699999999999937,3.249999999999983,16.69,0,0
2023-05-23,tuxtepec,"Tuxtepec, Oax.",18.0833,-96.1167,16,0.0,36.22,23.08,0.699999999999937,2.7399999999999833,13.910000000000004,0,0
2023-05-24,tuxtepec,"Tuxtepec, Oax.",18.0833,-96.1167,16,0.45,38.12,24.25,0.46999999999993697,2.499999999999983,14.340000000000003,0,0
2023-05-25,tuxtepec,"Tuxtepec, Oax.",18.0833,-96.1167,16,11.88,36.88,24.08,12.329999999999938,13.029999999999983,26.190000000000005,1,0
2023-05-26,tuxtepec,"Tuxtepec, Oax.",18.0833,-96.1167,16,5.08,33.79,23.19,17.40999999999994,18.109999999999985,30.520000000000003,2,0
2023-05-27,tuxtepec,"Tuxtepec, Oax.",18.0833,-96.1167,16,7.14,32.38,22.8,24.099999999999937,25.249999999999982,31.030000000000005,3,0
2023-05-28,tuxtepec,"Tuxtepec, Oax.",18.0833,-96.1167,16,1.08,35.04,21.53,13.299999999999937,25.649999999999984,29.300000000000004,0,0
2023-05-29,tuxtepec,"Tuxtepec, Oax.",18.0833,-96.1167,16,0.9,36.71,23.15,9.119999999999937,26.529999999999983,29.780000000000005,0,0
2023-05-30,tuxtepec,"Tuxtepec, Oax.",18.0833,-96.1167,16,3.54,37.36,24.47,5.519999999999937,30.069999999999983,32.81,0,0
2023-05-31,tuxtepec,"Tuxtepec, Oax.",18.0833,-96.1167,16,2.28,36.02,24.77,6.719999999999938,31.899999999999984,34.400000000000006,0,0
2023-06-01,tuxtepec,"Tuxtepec, Oax.",18.0833,-96.1167,16,0.31,37.36,24.53,6.129999999999937,20.32999999999998,33.36000000000001,0,0
2023-06-02,tuxtepec,"Tuxtepec, Oax.",18.0833,-96.1167,16,0.0,35.9,25.62,2.5899999999999377,15.249999999999982,33.36000000000001,0,0
2023-06-03,tuxtepec,"Tuxtepec, Oax.",18.0833,-96.1167,16,0.04,35.46,25.15,0.3499999999999378,8.14999999999998,33.400000000000006,0,0
2023-06-04,tuxtepec,"Tuxtepec, Oax.",18.0833,-96.1167,16,0.56,35.56,24.85,0.5999999999999379,7.629999999999982,33.28,0,0
2023-06-05,tuxtepec,"Tuxtepec, Oax.",18.0833,-96.1167,16,4.99,34.12,24.34,5.589999999999938,11.719999999999981,38.25,0,0
2023-06-06,tuxtepec,"Tuxtepec, Oax.",18.0833,-96.1167,16,3.74,33.28,23.87,9.289999999999939,11.919999999999984,41.99,0,0
2023-06-07,tuxtepec,"Tuxtepec, Oax.",18.0833,-96.1167,16,0.53,36.18,23.52,9.259999999999938,10.169999999999982,42.07000000000001,0,0
2023-06-08,tuxtepec,"Tuxtepec, Oax.",18.0833,-96.1167,16,0.34,37.45,25.08,4.609999999999937,10.199999999999983,30.530000000000005,0,0
2023-06-09,tuxtepec,"Tuxtepec, Oax.",18.0833,-96.1167,16,0.17,35.6,26.03,1.039999999999937,10.369999999999983,25.62,0,0
2023-06-10,tuxtepec,"Tuxtepec, Oax.",18.0833,-96.1167,16,4.51,33.92,26.23,5.0199999999999365,14.839999999999982,22.990000000000006,0,0
2023-06-11,tuxtepec,"Tuxtepec, Oax.",18.0833,-96.1167,16,0.78,38.61,25.86,5.459999999999937,15.059999999999983,22.69,0,0
2023-06-12,tuxtepec,"Tuxtepec, Oax.",18.0833,-96.1167,16,2.35,37.47,26.13,7.639999999999937,12.419999999999984,24.140000000000004,0,0
2023-06-13,tuxtepec,"Tuxtepec, Oax.",18.0833,-96.1167,16,4.44,36.95,26.57,7.569999999999937,13.119999999999981,25.040000000000006,0,0
2023-06-14,tuxtepec,"Tuxtepec, Oax.",18.0833,-96.1167,16,0.24,38.75,26.77,7.029999999999937,12.829999999999982,23.000000000000004,0,0
2023-06-15,tuxtepec,"Tuxtepec, Oax.",18.0833,-96.1167,16,0.44,40.81,26.08,5.119999999999937,12.929999999999982,23.130000000000006,0,0
2023-06-16,tuxtepec,"Tuxtepec, Oax.",18.0833,-96.1167,16,1.84,38.2,26.98,2.519999999999937,14.599999999999982,24.970000000000006,0,0
2023-06-17,tuxtepec,"Tuxtepec, Oax.",18.0833,-96.1167,16,5.27,38.63,26.94,7.549999999999937,15.359999999999982,30.200000000000003,1,0
2023-06-18,tuxtepec,"Tuxtepec, Oax.",18.0833,-96.1167,16,4.89,34.05,27.0,11.999999999999936,19.46999999999998,34.53,0,0
2023-06-19,tuxtepec,"Tuxtepec, Oax.",18.0833,-96.1167,16,0.73,36.81,26.12,10.889999999999937,17.84999999999998,30.270000000000003,0,0
2023-06-20,tuxtepec,"Tuxtepec, Oax.",18.0833,-96.1167,16,0.69,37.65,25.5,6.3099999999999365,14.09999999999998,27.220000000000002,0,0
2023-06-21,tuxtepec,"Tuxtepec, Oax.",18.0833,-96.1167,16,0.4,37.33,25.99,1.8199999999999368,14.25999999999998,27.090000000000003,0,0
2023-06-22,tuxtepec,"Tuxtepec, Oax.",18.0833,-96.1167,16,1.82,38.24,25.65,2.909999999999937,15.639999999999981,28.570000000000004,0,0
2023-06-23,tuxtepec,"Tuxtepec, Oax.",18.0833,-96.1167,16,7.42,35.74,25.3,9.639999999999937,21.21999999999998,35.82000000000001,1,0
2023-06-24,tuxtepec,"Tuxtepec, Oax.",18.0833,-96.1167,16,6.79,29.38,24.42,16.029999999999937,22.73999999999998,38.1,2,0
2023-06-25,tuxtepec,"Tuxtepec, Oax.",18.0833,-96.1167,16,3.98,29.93,23.92,18.189999999999937,21.82999999999998,41.300000000000004,0,0
2023-06-26,tuxtepec,"Tuxtepec, Oax.",18.0833,-96.1167,16,8.86,30.14,23.25,19.629999999999935,29.95999999999998,47.81,1,0
2023-06-27,tuxtepec,"Tuxtepec, Oax.",18.0833,-96.1167,16,9.51,31.13,23.27,22.349999999999937,38.77999999999998,52.88,2,0
2023-06-28,tuxtepec,"Tuxtepec, Oax.",18.0833,-96.1167,16,3.38,31.38,23.19,21.749999999999936,41.759999999999984,56.019999999999996,0,0
2023-06-29,tuxtepec,"Tuxtepec, Oax.",18.0833,-96.1167,16,1.48,30.6,23.47,14.369999999999935,41.41999999999998,57.06,0,0
2023-06-30,tuxtepec,"Tuxtepec, Oax.",18.0833,-96.1167,16,0.08,31.71,24.07,4.9399999999999356,34.079999999999984,55.300000000000004,0,0
2023-07-01,tuxtepec,"Tuxtepec, Oax.",18.0833,-96.1167,16,16.51,30.41,23.96,18.069999999999936,43.79999999999998,66.54,1,0
2023-07-02,tuxtepec,"Tuxtepec, Oax.",18.0833,-96.1167,16,20.35,29.6,24.28,36.93999999999994,60.16999999999998,82.0,2,1
2023-07-03,tuxtepec,"Tuxtepec, Oax.",18.0833,-96.1167,16,8.0,33.19,23.81,44.85999999999994,59.30999999999999,89.27,3,0
2023-07-04,tuxtepec,"Tuxtepec, Oax.",18.0833,-96.1167,16,0.4,32.75,23.0,28.749999999999936,50.19999999999998,88.98,0,0
2023-07-05,tuxtepec,"Tuxtepec, Oax.",18.0833,-96.1167,16,11.15,28.55,24.46,19.549999999999937,57.969999999999985,99.73000000000002,1,0
2023-07-06,tuxtepec,"Tuxtepec, Oax.",18.0833,-96.1167,16,5.17,28.72,24.4,16.719999999999935,61.65999999999998,103.08,2,0
2023-07-07,tuxtepec,"Tuxtepec, Oax.",18.0833,-96.1167,16,11.78,29.05,24.19,28.099999999999937,73.35999999999999,107.44,3,0
2023-07-08,tuxtepec,"Tuxtepec, Oax.",18.0833,-96.1167,16,18.18,29.16,23.84,35.12999999999994,75.02999999999997,118.83000000000001,4,0
2023-07-09,tuxtepec,"Tuxtepec, Oax.",18.0833,-96.1167,16,13.84,26.92,23.6,43.79999999999993,68.51999999999998,128.69,5,0
2023-07-10,tuxtepec,"Tuxtepec, Oax.",18.0833,-96.1167,16,2.95,30.64,23.27,34.96999999999994,63.469999999999985,122.78,0,0
2023-07-11,tuxtepec,"Tuxtepec, Oax.",18.0833,-96.1167,16,18.38,29.3,23.88,35.16999999999993,81.44999999999997,131.65,1,0
2023-07-12,tuxtepec,"Tuxtepec, Oax.",18.0833,-96.1167,16,4.47,29.83,23.85,25.799999999999933,74.76999999999998,132.74,0,0
2023-07-13,tuxtepec,"Tuxtepec, Oax.",18.0833,-96.1167,16,3.42,28.73,23.84,26.269999999999936,73.01999999999998,134.68,0,0
2023-07-14,tuxtepec,"Tuxtepec, Oax.",18.0833,-96.1167,16,1.4,30.43,23.84,9.289999999999935,62.639999999999986,136.0,0,0
2023-07-15,tuxtepec,"Tuxtepec, Oax.",18.0833,-96.1167,16,2.27,31.84,23.37,7.089999999999936,46.729999999999976,121.76,0,0
2023-07-16,tuxtepec,"Tuxtepec, Oax.",18.0833,-96.1167,16,22.74,27.68,24.15,26.409999999999933,55.62999999999998,124.15,1,1
2023-07-17,tuxtepec,"Tuxtepec, Oax.",18.0833,-96.1167,16,24.02,27.99,23.52,49.02999999999994,76.69999999999997,140.17,2,1
2023-07-18,tuxtepec,"Tuxtepec, Oax.",18.0833,-96.1167,16,12.19,28.63,22.65,58.94999999999993,70.50999999999998,151.95999999999998,3,0
2023-07-19,tuxtepec,"Tuxtepec, Oax.",18.0833,-96.1167,16,5.09,28.99,22.64,41.29999999999994,71.12999999999998,145.89999999999998,4,0
2023-07-20,tuxtepec,"Tuxtepec, Oax.",18.0833,-96.1167,16,14.69,28.93,22.12,31.96999999999994,82.39999999999998,155.42,5,0
2023-07-21,tuxtepec,"Tuxtepec, Oax.",18.0833,-96.1167,16,16.0,28.43,22.63,35.77999999999994,96.99999999999997,159.64,6,0
2023-07-22,tuxtepec,"Tuxtepec, Oax.",18.0833,-96.1167,16,3.9,28.39,23.04,34.58999999999994,98.62999999999998,145.35999999999999,0,0
2023-07-23,tuxtepec,"Tuxtepec, Oax.",18.0833,-96.1167,16,16.56,26.89,23.22,36.45999999999994,92.44999999999997,148.07999999999998,1,0
2023-07-24,tuxtepec,"Tuxtepec, Oax.",18.0833,-96.1167,16,10.89,27.61,22.03,31.349999999999937,79.31999999999998,156.01999999999998,2,0
2023-07-25,tuxtepec,"Tuxtepec, Oax.",18.0833,-96.1167,16,22.38,28.47,22.92,49.82999999999994,89.50999999999999,160.02,3,1
2023-07-26,tuxtepec,"Tuxtepec, Oax.",18.0833,-96.1167,16,4.21,28.33,22.65,37.47999999999993,88.62999999999998,159.76,0,0
2023-07-27,tuxtepec,"Tuxtepec, Oax.",18.0833,-96.1167,16,26.34,28.45,22.1,52.929999999999936,100.27999999999999,182.67999999999998,1,1
2023-07-28,tuxtepec,"Tuxtepec, Oax.",18.0833,-96.1167,16,11.36,29.24,21.37,41.90999999999994,95.63999999999999,192.64000000000001,2,0
2023-07-29,tuxtepec,"Tuxtepec, Oax.",18.0833,-96.1167,16,9.62,27.62,22.05,47.319999999999936,101.35999999999997,199.99,3,0
2023-07-30,tuxtepec,"Tuxtepec, Oax.",18.0833,-96.1167,16,37.76,27.2,23.0,58.73999999999994,122.55999999999999,215.01,4,1
2023-07-31,tuxtepec,"Tuxtepec, Oax.",18.0833,-96.1167,16,27.54,28.93,21.78,74.91999999999993,139.20999999999998,218.53,5,1
2023-08-01,tuxtepec,"Tuxtepec, Oax.",18.0833,-96.1167,16,33.27,28.24,22.4,98.56999999999994,150.09999999999997,239.61,6,1
2023-08-02,tuxtepec,"Tuxtepec, Oax.",18.0833,-96.1167,16,27.41,28.18,23.04,88.21999999999994,173.29999999999998,261.93,7,1
2023-08-03,tuxtepec,"Tuxtepec, Oax.",18.0833,-96.1167,16,34.81,27.48,22.11,95.48999999999995,181.76999999999998,282.05,8,1
2023-08-04,tuxtepec,"Tuxtepec, Oax.",18.0833,-96.1167,16,17.8,29.03,23.29,80.01999999999994,188.20999999999998,283.85,9,0
2023-08-05,tuxtepec,"Tuxtepec, Oax.",18.0833,-96.1167,16,13.39,28.63,23.03,65.99999999999994,191.98,293.34,10,0
2023-08-06,tuxtepec,"Tuxtepec, Oax.",18.0833,-96.1167,16,3.35,28.44,22.94,34.53999999999994,157.57,280.13000000000005,0,0
2023-08-07,tuxtepec,"Tuxtepec, Oax.",18.0833,-96.1167,16,0.15,29.89,23.43,16.889999999999944,130.18,269.39,0,0
2023-08-08,tuxtepec,"Tuxtepec, Oax.",18.0833,-96.1167,16,0.96,28.94,24.31,4.459999999999943,97.86999999999999,247.97,0,0
2023-08-09,tuxtepec,"Tuxtepec, Oax.",18.0833,-96.1167,16,0.29,30.42,24.37,1.399999999999943,70.74999999999999,244.05,0,0
2023-08-10,tuxtepec,"Tuxtepec, Oax.",18.0833,-96.1167,16,1.44,32.18,24.56,2.689999999999943,37.37999999999999,219.15,0,0
2023-08-11,tuxtepec,"Tuxtepec, Oax.",18.0833,-96.1167,16,7.26,32.34,25.34,8.989999999999943,26.839999999999986,215.05,1,0
2023-08-12,tuxtepec,"Tuxtepec, Oax.",18.0833,-96.1167,16,7.35,29.3,25.22,16.04999999999994,20.799999999999983,212.78000000000003,2,0
2023-08-13,tuxtepec,"Tuxtepec, Oax.",18.0833,-96.1167,16,26.52,29.98,23.53,41.129999999999946,43.969999999999985,201.54,3,1
2023-08-14,tuxtepec,"Tuxtepec, Oax.",18.0833,-96.1167,16,27.8,27.25,24.13,61.669999999999945,71.61999999999999,201.8,4,1
2023-08-15,tuxtepec,"Tuxtepec, Oax.",18.0833,-96.1167,16,66.58,27.77,23.47,120.89999999999995,137.24,235.11,5,1
2023-08-16,tuxtepec,"Tuxtepec, Oax.",18.0833,-96.1167,16,14.82,26.09,22.34,109.19999999999993,151.76999999999998,222.52,6,0
2023-08-17,tuxtepec,"Tuxtepec, Oax.",18.0833,-96.1167,16,6.77,28.3,22.27,88.16999999999993,157.09999999999997,194.48,7,0
2023-08-18,tuxtepec,"Tuxtepec, Oax.",18.0833,-96.1167,16,10.8,28.89,22.93,32.389999999999944,160.64,187.48,8,0
2023-08-19,tuxtepec,"Tuxtepec, Oax.",18.0833,-96.1167,16,6.48,29.05,22.9,24.049999999999944,159.76999999999998,180.57,9,0
2023-08-20,tuxtepec,"Tuxtepec, Oax.",18.0833,-96.1167,16,7.37,28.93,23.04,24.649999999999945,140.61999999999998,184.59,10,0
2023-08-21,tuxtepec,"Tuxtepec, Oax.",18.0833,-96.1167,16,33.75,28.38,22.22,47.599999999999945,146.57,218.19,11,1
2023-08-22,tuxtepec,"Tuxtepec, Oax.",18.0833,-96.1167,16,15.36,28.24,23.05,56.47999999999995,95.35,232.59,12,0
2023-08-23,tuxtepec,"Tuxtepec, Oax.",18.0833,-96.1167,16,33.58,26.86,23.27,82.68999999999994,114.10999999999999,265.88,13,1
2023-08-24,tuxtepec,"Tuxtepec, Oax.",18.0833,-96.1167,16,20.82,26.83,22.8,69.75999999999993,128.15999999999997,285.26,14,1
2023-08-25,tuxtepec,"Tuxtepec, Oax.",18.0833,-96.1167,16,5.72,28.29,21.21,60.11999999999994,123.07999999999998,283.72,15,0
2023-08-26,tuxtepec,"Tuxtepec, Oax.",18.0833,-96.1167,16,6.84,28.5,21.64,33.379999999999946,123.43999999999998,283.21,16,0
2023-08-27,tuxtepec,"Tuxtepec, Oax.",18.0833,-96.1167,16,18.62,29.28,22.33,31.179999999999943,134.69,275.31,17,0
2023-08-28,tuxtepec,"Tuxtepec, Oax.",18.0833,-96.1167,16,7.12,29.46,23.03,32.57999999999994,108.05999999999999,254.63,18,0
2023-08-29,tuxtepec,"Tuxtepec, Oax.",18.0833,-96.1167,16,0.94,30.78,23.78,26.679999999999943,93.63999999999999,188.99,0,0
2023-08-30,tuxtepec,"Tuxtepec, Oax.",18.0833,-96.1167,16,2.38,31.73,22.81,10.439999999999943,62.43999999999998,176.54999999999998,0,0
2023-08-31,tuxtepec,"Tuxtepec, Oax.",18.0833,-96.1167,16,6.33,30.9,23.84,9.649999999999942,47.94999999999999,176.11,1,0
2023-09-01,tuxtepec,"Tuxtepec, Oax.",18.0833,-96.1167,16,1.15,29.95,23.21,9.859999999999943,43.37999999999999,166.46,0,0
2023-09-02,tuxtepec,"Tuxtepec, Oax.",18.0833,-96.1167,16,7.0,28.31,22.95,14.479999999999942,43.539999999999985,166.98000000000002,1,0
2023-09-03,tuxtepec,"Tuxtepec, Oax.",18.0833,-96.1167,16,2.8,29.06,23.18,10.949999999999942,27.719999999999985,162.41,0,0
2023-09-04,tuxtepec,"Tuxtepec, Oax.",18.0833,-96.1167,16,2.48,29.69,23.85,12.27999999999994,23.079999999999984,131.14000000000001,0,0
2023-09-05,tuxtepec,"Tuxtepec, Oax.",18.0833,-96.1167,16,3.43,29.16,24.66,8.70999999999994,25.569999999999986,119.21,0,0
2023-09-06,tuxtepec,"Tuxtepec, Oax.",18.0833,-96.1167,16,19.91,29.28,24.13,25.81999999999994,43.09999999999998,105.53999999999999,1,0
2023-09-07,tuxtepec,"Tuxtepec, Oax.",18.0833,-96.1167,16,16.85,27.86,23.61,40.18999999999994,53.61999999999999,101.57,2,0
2023-09-08,tuxtepec,"Tuxtepec, Oax.",18.0833,-96.1167,16,10.88,28.57,23.51,47.639999999999944,63.34999999999999,106.73,3,0
2023-09-09,tuxtepec,"Tuxtepec, Oax.",18.0833,-96.1167,16,16.15,28.82,23.15,43.87999999999994,72.49999999999999,116.03999999999999,4,0
2023-09-10,tuxtepec,"Tuxtepec, Oax.",18.0833,-96.1167,16,22.17,27.86,23.03,49.199999999999946,91.86999999999999,119.59,5,1
2023-09-11,tuxtepec,"Tuxtepec, Oax.",18.0833,-96.1167,16,4.62,27.96,22.95,42.93999999999994,94.00999999999999,117.09,0,0
2023-09-12,tuxtepec,"Tuxtepec, Oax.",18.0833,-96.1167,16,1.86,29.07,22.75,28.64999999999994,92.43999999999998,118.01,0,0
2023-09-13,tuxtepec,"Tuxtepec, Oax.",18.0833,-96.1167,16,5.93,29.02,22.86,12.40999999999994,78.45999999999998,121.56,1,0
2023-09-14,tuxtepec,"Tuxtepec, Oax.",18.0833,-96.1167,16,5.34,29.11,23.14,13.129999999999939,66.94999999999999,120.57,2,0
2023-09-15,tuxtepec,"Tuxtepec, Oax.",18.0833,-96.1167,16,2.42,29.91,24.01,13.68999999999994,58.48999999999999,121.84,0,0
2023-09-16,tuxtepec,"Tuxtepec, Oax.",18.0833,-96.1167,16,3.67,29.64,23.72,11.42999999999994,46.00999999999999,118.51,0,0
2023-09-17,tuxtepec,"Tuxtepec, Oax.",18.0833,-96.1167,16,26.45,27.98,23.67,32.539999999999935,50.289999999999985,142.16,1,1
2023-09-18,tuxtepec,"Tuxtepec, Oax.",18.0833,-96.1167,16,8.75,27.48,23.19,38.86999999999993,54.41999999999999,148.43,2,0
2023-09-19,tuxtepec,"Tuxtepec, Oax.",18.0833,-96.1167,16,6.77,29.27,22.23,41.969999999999935,59.329999999999984,151.77,3,0
2023-09-20,tuxtepec,"Tuxtepec, Oax.",18.0833,-96.1167,16,1.11,30.13,23.28,16.62999999999994,54.509999999999984,132.97,0,0
2023-09-21,tuxtepec,"Tuxtepec, Oax.",18.0833,-96.1167,16,0.49,29.49,23.64,8.369999999999939,49.65999999999998,116.61000000000001,0,0
2023-09-22,tuxtepec,"Tuxtepec, Oax.",18.0833,-96.1167,16,1.85,28.77,23.43,3.44999999999994,49.08999999999998,107.58,0,0
2023-09-23,tuxtepec,"Tuxtepec, Oax.",18.0833,-96.1167,16,0.06,30.11,23.2,2.3999999999999395,45.47999999999999,91.49000000000001,0,0
2023-09-24,tuxtepec,"Tuxtepec, Oax.",18.0833,-96.1167,16,0.84,29.78,24.09,2.7499999999999396,19.869999999999987,70.16,0,0
2023-09-25,tuxtepec,"Tuxtepec, Oax.",18.0833,-96.1167,16,1.46,29.1,23.4,2.3599999999999395,12.579999999999986,67.0,0,0
2023-09-26,tuxtepec,"Tuxtepec, Oax.",18.0833,-96.1167,16,4.66,28.47,22.35,6.95999999999994,10.469999999999986,69.8,0,0
2023-09-27,tuxtepec,"Tuxtepec, Oax.",18.0833,-96.1167,16,2.56,29.43,22.51,8.67999999999994,11.919999999999987,66.42999999999999,0,0
2023-09-28,tuxtepec,"Tuxtepec, Oax.",18.0833,-96.1167,16,1.45,29.46,21.95,8.66999999999994,12.879999999999987,62.54,0,0
2023-09-29,tuxtepec,"Tuxtepec, Oax.",18.0833,-96.1167,16,1.41,28.99,22.91,5.4199999999999395,12.439999999999987,61.53,0,0
2023-09-30,tuxtepec,"Tuxtepec, Oax.",18.0833,-96.1167,16,1.71,29.34,22.42,4.56999999999994,14.089999999999986,59.56999999999999,0,0
2023-10-01,tuxtepec,"Tuxtepec, Oax.",18.0833,-96.1167,16,10.86,29.41,22.62,13.97999999999994,24.109999999999985,43.980000000000004,1,0
2023-10-02,tuxtepec,"Tuxtepec, Oax.",18.0833,-96.1167,16,20.09,28.16,23.31,32.65999999999994,42.73999999999998,55.32,2,1
2023-10-03,tuxtepec,"Tuxtepec, Oax.",18.0833,-96.1167,16,8.45,29.62,23.72,39.399999999999935,46.52999999999999,57.0,3,0
2023-10-04,tuxtepec,"Tuxtepec, Oax.",18.0833,-96.1167,16,1.64,29.61,23.86,30.17999999999994,45.609999999999985,57.529999999999994,0,0
2023-10-05,tuxtepec,"Tuxtepec, Oax.",18.0833,-96.1167,16,1.36,29.66,24.48,11.449999999999942,45.51999999999998,58.400000000000006,0,0
2023-10-06,tuxtepec,"Tuxtepec, Oax.",18.0833,-96.1167,16,19.1,27.9,24.34,22.099999999999945,63.20999999999999,75.65,1,0
2023-10-07,tuxtepec,"Tuxtepec, Oax.",18.0833,-96.1167,16,19.87,28.97,23.27,40.32999999999994,81.36999999999999,95.46000000000001,2,0
2023-10-08,tuxtepec,"Tuxtepec, Oax.",18.0833,-96.1167,16,7.55,28.71,22.78,46.519999999999946,78.05999999999999,102.17,3,0
2023-10-09,tuxtepec,"Tuxtepec, Oax.",18.0833,-96.1167,16,4.36,26.09,22.78,31.779999999999944,62.329999999999984,105.07000000000001,0,0
2023-10-10,tuxtepec,"Tuxtepec, Oax.",18.0833,-96.1167,16,0.55,30.53,22.16,12.459999999999944,54.429999999999986,100.96000000000001,0,0
2023-10-11,tuxtepec,"Tuxtepec, Oax.",18.0833,-96.1167,16,0.33,34.05,22.87,5.239999999999943,53.11999999999999,98.73,0,0
2023-10-12,tuxtepec,"Tuxtepec, Oax.",18.0833,-96.1167,16,0.02,32.4,23.2,0.8999999999999432,51.77999999999999,97.3,0,0
2023-10-13,tuxtepec,"Tuxtepec, Oax.",18.0833,-96.1167,16,1.88,32.22,24.34,2.229999999999943,34.55999999999999,97.77000000000001,0,0
2023-10-14,tuxtepec,"Tuxtepec, Oax.",18.0833,-96.1167,16,7.55,27.59,24.14,9.449999999999942,22.239999999999988,103.61,1,0
2023-10-15,tuxtepec,"Tuxtepec, Oax.",18.0833,-96.1167,16,26.54,25.43,21.63,35.96999999999994,41.22999999999999,119.28999999999999,2,1
2023-10-16,tuxtepec,"Tuxtepec, Oax.",18.0833,-96.1167,16,15.19,24.16,19.81,49.27999999999994,52.05999999999999,114.39,3,0
2023-10-17,tuxtepec,"Tuxtepec, Oax.",18.0833,-96.1167,16,5.23,23.4,18.41,46.959999999999944,56.73999999999999,111.17,4,0
2023-10-18,tuxtepec,"Tuxtepec, Oax.",18.0833,-96.1167,16,1.81,26.25,18.01,22.229999999999944,58.219999999999985,111.34,0,0
2023-10-19,tuxtepec,"Tuxtepec, Oax.",18.0833,-96.1167,16,1.18,27.07,20.41,8.219999999999944,59.37999999999999,111.16000000000001,0,0
2023-10-20,tuxtepec,"Tuxtepec, Oax.",18.0833,-96.1167,16,0.23,27.06,20.58,3.2199999999999434,57.72999999999998,92.28999999999999,0,0
2023-10-21,tuxtepec,"Tuxtepec, Oax.",18.0833,-96.1167,16,0.03,27.96,21.09,1.439999999999943,50.20999999999999,72.44999999999999,0,0
2023-10-22,tuxtepec,"Tuxtepec, Oax.",18.0833,-96.1167,16,0.0,28.17,21.07,0.25999999999994317,23.669999999999987,64.89999999999999,0,0
2023-10-23,tuxtepec,"Tuxtepec, Oax.",18.0833,-96.1167,16,2.98,29.06,22.0,3.009999999999943,11.45999999999999,63.519999999999996,0,0
2023-10-24,tuxtepec,"Tuxtepec, Oax.",18.0833,-96.1167,16,18.92,29.34,21.24,21.899999999999945,25.14999999999999,81.89,1,0
2023-10-25,tuxtepec,"Tuxtepec, Oax.",18.0833,-96.1167,16,10.23,28.79,22.75,32.129999999999946,33.56999999999999,91.79,2,0
2023-10-26,tuxtepec,"Tuxtepec, Oax.",18.0833,-96.1167,16,27.76,27.67,23.31,56.90999999999995,60.14999999999999,119.53,3,1
2023-10-27,tuxtepec,"Tuxtepec, Oax.",18.0833,-96.1167,16,4.99,27.73,22.85,42.97999999999995,64.91,122.64,0,0
2023-10-28,tuxtepec,"Tuxtepec, Oax.",18.0833,-96.1167,16,9.43,26.99,22.07,42.17999999999994,74.30999999999999,124.52,1,0
2023-10-29,tuxtepec,"Tuxtepec, Oax.",18.0833,-96.1167,16,0.4,27.33,20.82,14.819999999999943,74.71,98.38,0,0
2023-10-30,tuxtepec,"Tuxtepec, Oax.",18.0833,-96.1167,16,10.72,26.5,20.56,20.549999999999944,82.45,93.91,1,0
2023-10-31,tuxtepec,"Tuxtepec, Oax.",18.0833,-96.1167,16,5.28,21.25,15.25,16.399999999999945,68.80999999999999,93.96000000000001,2,0
2023-11-01,tuxtepec,"Tuxtepec, Oax.",18.0833,-96.1167,16,4.37,18.76,14.72,20.369999999999944,62.94999999999999,96.52000000000001,0,0
2023-11-02,tuxtepec,"Tuxtepec, Oax.",18.0833,-96.1167,16,10.68,21.53,15.48,20.32999999999994,45.86999999999999,106.02,1,0
2023-11-03,tuxtepec,"Tuxtepec, Oax.",18.0833,-96.1167,16,5.45,24.04,17.44,20.499999999999943,46.32999999999999,111.24000000000001,2,0
2023-11-04,tuxtepec,"Tuxtepec, Oax.",18.0833,-96.1167,16,2.27,24.77,18.1,18.399999999999945,39.16999999999999,113.48,0,0
2023-11-05,tuxtepec,"Tuxtepec, Oax.",18.0833,-96.1167,16,5.32,24.14,18.52,13.039999999999944,44.08999999999999,118.80000000000001,1,0
2023-11-06,tuxtepec,"Tuxtepec, Oax.",18.0833,-96.1167,16,1.17,25.29,18.63,8.759999999999945,34.53999999999999,116.99000000000001,0,0
2023-11-07,tuxtepec,"Tuxtepec, Oax.",18.0833,-96.1167,16,0.16,26.77,19.33,6.649999999999944,29.41999999999999,98.23,0,0
2023-11-08,tuxtepec,"Tuxtepec, Oax.",18.0833,-96.1167,16,0.17,27.72,20.69,1.499999999999944,25.219999999999988,88.17,0,0
2023-11-09,tuxtepec,"Tuxtepec, Oax.",18.0833,-96.1167,16,1.12,28.39,21.97,1.4499999999999442,15.65999999999999,61.53,0,0
2023-11-10,tuxtepec,"Tuxtepec, Oax.",18.0833,-96.1167,16,4.18,27.37,20.89,5.469999999999944,14.38999999999999,60.72,0,0
2023-11-11,tuxtepec,"Tuxtepec, Oax.",18.0833,-96.1167,16,0.67,26.25,19.99,5.969999999999944,12.78999999999999,51.96,0,0
2023-11-12,tuxtepec,"Tuxtepec, Oax.",18.0833,-96.1167,16,9.21,24.64,20.25,14.059999999999945,16.679999999999993,60.77,1,0
2023-11-13,tuxtepec,"Tuxtepec, Oax.",18.0833,-96.1167,16,12.92,24.33,19.64,22.799999999999947,28.429999999999993,62.970000000000006,2,0
2023-11-14,tuxtepec,"Tuxtepec, Oax.",18.0833,-96.1167,16,3.59,24.63,19.06,25.719999999999942,31.859999999999992,61.28,0,0
2023-11-15,tuxtepec,"Tuxtepec, Oax.",18.0833,-96.1167,16,3.32,23.77,18.49,19.82999999999994,35.00999999999999,60.23,0,0
2023-11-16,tuxtepec,"Tuxtepec, Oax.",18.0833,-96.1167,16,3.36,23.68,17.87,10.269999999999945,37.249999999999986,52.91,0,0
2023-11-17,tuxtepec,"Tuxtepec, Oax.",18.0833,-96.1167,16,0.36,25.08,17.8,7.039999999999945,33.429999999999986,47.82,0,0
2023-11-18,tuxtepec,"Tuxtepec, Oax.",18.0833,-96.1167,16,0.0,25.56,18.38,3.7199999999999447,32.75999999999999,45.55,0,0
2023-11-19,tuxtepec,"Tuxtepec, Oax.",18.0833,-96.1167,16,0.0,26.71,18.83,0.3599999999999449,23.54999999999999,40.23,0,0
2023-11-20,tuxtepec,"Tuxtepec, Oax.",18.0833,-96.1167,16,0.01,32.9,19.41,0.009999999999944933,10.639999999999988,39.07000000000001,0,0
2023-11-21,tuxtepec,"Tuxtepec, Oax.",18.0833,-96.1167,16,1.23,26.25,17.96,1.239999999999945,8.279999999999989,40.14,0,0
2023-11-22,tuxtepec,"Tuxtepec, Oax.",18.0833,-96.1167,16,1.12,18.7,15.55,2.3599999999999453,6.0799999999999885,41.089999999999996,0,0
2023-11-23,tuxtepec,"Tuxtepec, Oax.",18.0833,-96.1167,16,0.03,23.05,15.02,2.3799999999999453,2.7499999999999893,40.0,0,0
2023-11-24,tuxtepec,"Tuxtepec, Oax.",18.0833,-96.1167,16,0.0,26.02,18.62,1.149999999999945,2.3899999999999895,35.82,0,0
2023-11-25,tuxtepec,"Tuxtepec, Oax.",18.0833,-96.1167,16,0.07,26.49,19.11,0.09999999999994494,2.4599999999999893,35.22,0,0
2023-11-26,tuxtepec,"Tuxtepec, Oax.",18.0833,-96.1167,16,1.31,27.95,20.71,1.379999999999945,3.76999999999999,27.32,0,0
2023-11-27,tuxtepec,"Tuxtepec, Oax.",18.0833,-96.1167,16,7.7,24.12,18.79,9.079999999999945,11.45999999999999,22.1,1,0
2023-11-28,tuxtepec,"Tuxtepec, Oax.",18.0833,-96.1167,16,5.53,23.4,17.88,14.539999999999946,15.75999999999999,24.04,2,0
2023-11-29,tuxtepec,"Tuxtepec, Oax.",18.0833,-96.1167,16,22.58,21.79,17.63,35.809999999999945,37.219999999999985,43.3,3,1
2023-11-30,tuxtepec,"Tuxtepec, Oax.",18.0833,-96.1167,16,0.24,27.62,19.23,28.349999999999945,37.429999999999986,40.18,0,0
2023-12-01,tuxtepec,"Tuxtepec, Oax.",18.0833,-96.1167,16,0.01,32.79,20.5,22.829999999999945,37.43999999999998,39.83,0,0
2023-12-02,tuxtepec,"Tuxtepec, Oax.",18.0833,-96.1167,16,8.7,30.03,21.99,8.949999999999946,46.069999999999986,48.53,1,0
2023-12-03,tuxtepec,"Tuxtepec, Oax.",18.0833,-96.1167,16,3.34,25.08,19.34,12.049999999999946,48.09999999999998,51.87,0,0
2023-12-04,tuxtepec,"Tuxtepec, Oax.",18.0833,-96.1167,16,4.16,24.19,18.31,16.199999999999946,44.55999999999999,56.019999999999996,0,0
2023-12-05,tuxtepec,"Tuxtepec, Oax.",18.0833,-96.1167,16,35.52,23.06,18.14,43.01999999999995,74.54999999999998,90.31,1,1
2023-12-06,tuxtepec,"Tuxtepec, Oax.",18.0833,-96.1167,16,47.86,22.49,18.27,87.53999999999994,99.82999999999998,137.05,2,1
2023-12-07,tuxtepec,"Tuxtepec, Oax.",18.0833,-96.1167,16,3.72,22.99,17.06,87.09999999999995,103.31,140.74,0,0
2023-12-08,tuxtepec,"Tuxtepec, Oax.",18.0833,-96.1167,16,0.13,25.82,17.32,51.709999999999944,103.42999999999999,140.87,0,0
2023-12-09,tuxtepec,"Tuxtepec, Oax.",18.0833,-96.1167,16,0.0,26.93,20.12,3.8499999999999432,94.72999999999999,140.8,0,0
2023-12-10,tuxtepec,"Tuxtepec, Oax.",18.0833,-96.1167,16,15.23,23.89,12.99,15.359999999999943,106.61999999999999,154.72,1,0
2023-12-11,tuxtepec,"Tuxtepec, Oax.",18.0833,-96.1167,16,1.27,18.61,12.76,16.499999999999943,103.72999999999999,148.29000000000002,0,0
2023-12-12,tuxtepec,"Tuxtepec, Oax.",18.0833,-96.1167,16,0.63,21.42,14.39,17.129999999999942,68.83999999999999,143.39000000000001,0,0
2023-12-13,tuxtepec,"Tuxtepec, Oax.",18.0833,-96.1167,16,3.56,21.94,16.13,5.459999999999941,24.539999999999992,124.37,0,0
2023-12-14,tuxtepec,"Tuxtepec, Oax.",18.0833,-96.1167,16,0.82,23.54,17.35,5.009999999999941,21.639999999999993,124.95,0,0
2023-12-15,tuxtepec,"Tuxtepec, Oax.",18.0833,-96.1167,16,0.56,23.65,17.98,4.939999999999941,22.069999999999993,125.50000000000001,0,0
2023-12-16,tuxtepec,"Tuxtepec, Oax.",18.0833,-96.1167,16,6.48,22.96,17.81,7.859999999999942,28.54999999999999,123.28000000000002,1,0
2023-12-17,tuxtepec,"Tuxtepec, Oax.",18.0833,-96.1167,16,0.91,21.48,15.0,7.949999999999942,14.229999999999993,120.85000000000001,0,0
2023-12-18,tuxtepec,"Tuxtepec, Oax.",18.0833,-96.1167,16,0.09,20.59,12.64,7.479999999999942,13.049999999999994,116.78000000000002,0,0
2023-12-19,tuxtepec,"Tuxtepec, Oax.",18.0833,-96.1167,16,0.12,20.24,13.09,1.1199999999999415,12.539999999999992,81.38,0,0
2023-12-20,tuxtepec,"Tuxtepec, Oax.",18.0833,-96.1167,16,0.0,20.8,11.98,0.20999999999994137,8.979999999999993,33.52,0,0
2023-12-21,tuxtepec,"Tuxtepec, Oax.",18.0833,-96.1167,16,0.0,22.9,15.78,0.11999999999994138,8.159999999999993,29.8,0,0
2023-12-22,tuxtepec,"Tuxtepec, Oax.",18.0833,-96.1167,16,0.05,22.99,15.6,0.04999999999994138,7.649999999999993,29.72,0,0
2023-12-23,tuxtepec,"Tuxtepec, Oax.",18.0833,-96.1167,16,0.0,24.52,16.31,0.04999999999994138,1.1699999999999928,29.72,0,0
2023-12-24,tuxtepec,"Tuxtepec, Oax.",18.0833,-96.1167,16,0.0,28.26,18.53,0.04999999999994138,0.2599999999999929,14.49,0,0
2023-12-25,tuxtepec,"Tuxtepec, Oax.",18.0833,-96.1167,16,0.49,25.77,19.96,0.48999999999994137,0.6599999999999929,13.71,0,0
2023-12-26,tuxtepec,"Tuxtepec, Oax.",18.0833,-96.1167,16,1.0,24.21,19.51,1.4899999999999414,1.539999999999993,14.08,0,0
2023-12-27,tuxtepec,"Tuxtepec, Oax.",18.0833,-96.1167,16,0.47,25.55,19.07,1.9599999999999413,2.0099999999999927,10.99,0,0
2023-12-28,tuxtepec,"Tuxtepec, Oax.",18.0833,-96.1167,16,4.91,23.13,18.15,6.379999999999941,6.919999999999993,15.080000000000002,0,0
2023-12-29,tuxtepec,"Tuxtepec, Oax.",18.0833,-96.1167,16,16.5,21.13,17.75,21.879999999999942,23.369999999999994,31.020000000000003,1,0
2023-12-30,tuxtepec,"Tuxtepec, Oax.",18.0833,-96.1167,16,7.97,20.16,16.0,29.379999999999942,31.339999999999993,32.510000000000005,2,0
2023-12-31,tuxtepec,"Tuxtepec, Oax.",18.0833,-96.1167,16,0.11,23.02,15.34,24.57999999999994,31.449999999999992,31.71,0,0
2024-01-01,tuxtepec,"Tuxtepec, Oax.",18.0833,-96.1167,16,0.0,23.83,16.27,8.079999999999943,30.959999999999994,31.62,0,0
2024-01-02,tuxtepec,"Tuxtepec, Oax.",18.0833,-96.1167,16,0.0,24.57,17.1,0.10999999999994316,29.959999999999994,31.5,0,0
2024-01-03,tuxtepec,"Tuxtepec, Oax.",18.0833,-96.1167,16,3.33,26.97,17.62,3.3299999999999432,32.81999999999999,34.83,0,0
2024-01-04,tuxtepec,"Tuxtepec, Oax.",18.0833,-96.1167,16,4.63,25.59,18.3,7.959999999999943,32.53999999999999,39.46,0,0
2024-01-05,tuxtepec,"Tuxtepec, Oax.",18.0833,-96.1167,16,0.01,31.45,17.21,7.969999999999943,16.049999999999994,39.42,0,0
2024-01-06,tuxtepec,"Tuxtepec, Oax.",18.0833,-96.1167,16,0.21,26.4,19.35,4.849999999999943,8.289999999999994,39.63,0,0
2024-01-07,tuxtepec,"Tuxtepec, Oax.",18.0833,-96.1167,16,3.15,23.73,19.13,3.3699999999999433,11.329999999999991,42.78,0,0
2024-01-08,tuxtepec,"Tuxtepec, Oax.",18.0833,-96.1167,16,0.04,29.11,19.33,3.3999999999999435,11.369999999999992,42.33,0,0
2024-01-09,tuxtepec,"Tuxtepec, Oax.",18.0833,-96.1167,16,0.18,22.08,15.08,3.3699999999999433,11.549999999999992,41.510000000000005,0,0
2024-01-10,tuxtepec,"Tuxtepec, Oax.",18.0833,-96.1167,16,0.01,24.6,15.04,0.22999999999994317,8.229999999999992,41.050000000000004,0,0
2024-01-11,tuxtepec,"Tuxtepec, Oax.",18.0833,-96.1167,16,0.0,31.51,18.51,0.18999999999994316,3.599999999999993,36.14,0,0
2024-01-12,tuxtepec,"Tuxtepec, Oax.",18.0833,-96.1167,16,0.0,32.04,18.23,0.009999999999943157,3.589999999999993,19.640000000000004,0,0
2024-01-13,tuxtepec,"Tuxtepec, Oax.",18.0833,-96.1167,16,0.08,23.33,16.35,0.07999999999994316,3.459999999999993,11.750000000000004,0,0
2024-01-14,tuxtepec,"Tuxtepec, Oax.",18.0833,-96.1167,16,0.26,23.75,16.66,0.3399999999999432,0.569999999999993,11.900000000000002,0,0
2024-01-15,tuxtepec,"Tuxtepec, Oax.",18.0833,-96.1167,16,0.03,27.22,18.73,0.36999999999994315,0.5599999999999928,11.930000000000003,0,0
2024-01-16,tuxtepec,"Tuxtepec, Oax.",18.0833,-96.1167,16,1.43,22.54,12.38,1.7199999999999431,1.809999999999993,13.360000000000003,0,0
2024-01-17,tuxtepec,"Tuxtepec, Oax.",18.0833,-96.1167,16,0.28,18.11,11.99,1.7399999999999431,2.079999999999993,10.310000000000002,0,0
2024-01-18,tuxtepec,"Tuxtepec, Oax.",18.0833,-96.1167,16,0.01,24.79,13.48,1.7199999999999431,2.0899999999999928,5.690000000000004,0,0
2024-01-19,tuxtepec,"Tuxtepec, Oax.",18.0833,-96.1167,16,0.01,24.5,17.71,0.2999999999999432,2.0999999999999925,5.690000000000004,0,0
2024-01-20,tuxtepec,"Tuxtepec, Oax.",18.0833,-96.1167,16,15.05,20.83,16.62,15.069999999999943,17.069999999999993,20.530000000000005,1,0
2024-01-21,tuxtepec,"Tuxtepec, Oax.",18.0833,-96.1167,16,34.5,20.63,16.16,49.559999999999945,51.30999999999999,51.88,2,1
2024-01-22,tuxtepec,"Tuxtepec, Oax.",18.0833,-96.1167,16,4.74,25.11,17.56,54.28999999999995,56.01999999999999,56.580000000000005,0,0
2024-01-23,tuxtepec,"Tuxtepec, Oax.",18.0833,-96.1167,16,0.0,27.18,19.0,39.239999999999945,54.58999999999999,56.400000000000006,0,0
2024-01-24,tuxtepec,"Tuxtepec, Oax.",18.0833,-96.1167,16,0.0,29.31,20.11,4.739999999999943,54.30999999999999,56.39000000000001,0,0
2024-01-25,tuxtepec,"Tuxtepec, Oax.",18.0833,-96.1167,16,0.05,27.2,19.88,0.04999999999994316,54.34999999999999,56.440000000000005,0,0
2024-01-26,tuxtepec,"Tuxtepec, Oax.",18.0833,-96.1167,16,0.04,27.8,20.17,0.08999999999994315,54.37999999999999,56.480000000000004,0,0
2024-01-27,tuxtepec,"Tuxtepec, Oax.",18.0833,-96.1167,16,6.27,26.9,19.45,6.359999999999943,45.59999999999999,62.67000000000001,1,0
2024-01-28,tuxtepec,"Tuxtepec, Oax.",18.0833,-96.1167,16,6.05,19.5,15.32,12.359999999999943,17.149999999999984,68.46000000000001,2,0
2024-01-29,tuxtepec,"Tuxtepec, Oax.",18.0833,-96.1167,16,1.8,19.25,14.41,14.119999999999942,14.209999999999985,70.23,0,0
2024-01-30,tuxtepec,"Tuxtepec, Oax.",18.0833,-96.1167,16,0.06,20.7,14.49,7.909999999999943,14.269999999999985,68.86000000000001,0,0
2024-01-31,tuxtepec,"Tuxtepec, Oax.",18.0833,-96.1167,16,0.01,21.59,14.02,1.8699999999999433,14.279999999999985,68.59,0,0
2024-02-01,tuxtepec,"Tuxtepec, Oax.",18.0833,-96.1167,16,0.0,22.26,15.56,0.06999999999994315,14.229999999999984,68.58,0,0
2024-02-02,tuxtepec,"Tuxtepec, Oax.",18.0833,-96.1167,16,0.0,27.07,17.46,0.009999999999943157,14.189999999999985,68.57000000000001,0,0
2024-02-03,tuxtepec,"Tuxtepec, Oax.",18.0833,-96.1167,16,0.0,34.25,18.74,0.0,7.919999999999986,53.519999999999996,0,0
2024-02-04,tuxtepec,"Tuxtepec, Oax.",18.0833,-96.1167,16,0.0,28.13,17.47,0.0,1.869999999999986,19.02,0,0
2024-02-05,tuxtepec,"Tuxtepec, Oax.",18.0833,-96.1167,16,2.68,23.78,14.86,2.6799999999999433,2.749999999999986,16.96,0,0
2024-02-06,tuxtepec,"Tuxtepec, Oax.",18.0833,-96.1167,16,0.01,21.1,12.96,2.689999999999943,2.699999999999986,16.97,0,0
2024-02-07,tuxtepec,"Tuxtepec, Oax.",18.0833,-96.1167,16,0.0,23.0,13.42,2.689999999999943,2.689999999999986,16.97,0,0
2024-02-08,tuxtepec,"Tuxtepec, Oax.",18.0833,-96.1167,16,0.0,27.3,16.09,0.009999999999943157,2.689999999999986,16.919999999999998,0,0
2024-02-09,tuxtepec,"Tuxtepec, Oax.",18.0833,-96.1167,16,0.0,27.13,18.46,0.0,2.689999999999986,16.88,0,0
2024-02-10,tuxtepec,"Tuxtepec, Oax.",18.0833,-96.1167,16,0.0,29.73,19.03,0.0,2.689999999999986,10.61,0,0
2024-02-11,tuxtepec,"Tuxtepec, Oax.",18.0833,-96.1167,16,0.0,35.62,20.42,0.0,2.689999999999986,4.5600000000000005,0,0
2024-02-12,tuxtepec,"Tuxtepec, Oax.",18.0833,-96.1167,16,2.62,23.93,15.95,2.6199999999999433,2.629999999999986,5.380000000000001,0,0
2024-02-13,tuxtepec,"Tuxtepec, Oax.",18.0833,-96.1167,16,0.06,22.66,14.47,2.6799999999999433,2.6799999999999864,5.38,0,0
2024-02-14,tuxtepec,"Tuxtepec, Oax.",18.0833,-96.1167,16,0.0,24.76,16.6,2.6799999999999433,2.6799999999999864,5.37,0,0
2024-02-15,tuxtepec,"Tuxtepec, Oax.",18.0833,-96.1167,16,0.04,26.25,18.03,0.09999999999994316,2.7199999999999864,5.41,0,0
2024-02-16,tuxtepec,"Tuxtepec, Oax.",18.0833,-96.1167,16,0.39,27.9,19.32,0.4299999999999432,3.109999999999986,5.8,0,0
2024-02-17,tuxtepec,"Tuxtepec, Oax.",18.0833,-96.1167,16,10.06,27.52,19.17,10.489999999999943,13.169999999999987,15.86,1,0
2024-02-18,tuxtepec,"Tuxtepec, Oax.",18.0833,-96.1167,16,3.04,18.61,13.63,13.489999999999945,16.209999999999987,18.900000000000002,0,0
2024-02-19,tuxtepec,"Tuxtepec, Oax.",18.0833,-96.1167,16,0.07,22.31,13.1,13.169999999999943,13.659999999999984,16.290000000000003,0,0
2024-02-20,tuxtepec,"Tuxtepec, Oax.",18.0833,-96.1167,16,0.02,24.01,14.95,3.129999999999943,13.619999999999987,16.3,0,0
2024-02-21,tuxtepec,"Tuxtepec, Oax.",18.0833,-96.1167,16,0.0,24.73,14.17,0.08999999999994317,13.619999999999987,16.3,0,0
2024-02-22,tuxtepec,"Tuxtepec, Oax.",18.0833,-96.1167,16,0.0,28.41,14.96,0.019999999999943157,13.579999999999986,16.3,0,0
2024-02-23,tuxtepec,"Tuxtepec, Oax.",18.0833,-96.1167,16,0.12,27.86,18.71,0.11999999999994315,13.309999999999986,16.42,0,0
2024-02-24,tuxtepec,"Tuxtepec, Oax.",18.0833,-96.1167,16,0.21,25.26,17.22,0.3299999999999431,3.4599999999999858,16.63,0,0
2024-02-25,tuxtepec,"Tuxtepec, Oax.",18.0833,-96.1167,16,0.01,25.79,15.85,0.3399999999999431,0.4299999999999858,16.64,0,0
2024-02-26,tuxtepec,"Tuxtepec, Oax.",18.0833,-96.1167,16,0.0,28.75,17.57,0.21999999999994316,0.3599999999999858,14.020000000000001,0,0
2024-02-27,tuxtepec,"Tuxtepec, Oax.",18.0833,-96.1167,16,0.0,30.09,18.77,0.009999999999943157,0.33999999999998576,13.960000000000003,0,0
2024-02-28,tuxtepec,"Tuxtepec, Oax.",18.0833,-96.1167,16,0.0,31.33,18.16,0.0,0.33999999999998576,13.960000000000003,0,0
2024-02-29,tuxtepec,"Tuxtepec, Oax.",18.0833,-96.1167,16,0.0,27.73,19.47,0.0,0.33999999999998576,13.920000000000002,0,0
2024-03-01,tuxtepec,"Tuxtepec, Oax.",18.0833,-96.1167,16,0.14,29.18,19.62,0.13999999999994317,0.3599999999999858,13.67,0,0
2024-03-02,tuxtepec,"Tuxtepec, Oax.",18.0833,-96.1167,16,0.44,29.58,20.59,0.5799999999999432,0.5899999999999859,4.05,0,0
2024-03-03,tuxtepec,"Tuxtepec, Oax.",18.0833,-96.1167,16,0.0,31.7,21.66,0.5799999999999432,0.5799999999999859,1.01,0,0
2024-03-04,tuxtepec,"Tuxtepec, Oax.",18.0833,-96.1167,16,0.0,33.54,21.29,0.43999999999994316,0.5799999999999859,0.94,0,0
2024-03-05,tuxtepec,"Tuxtepec, Oax.",18.0833,-96.1167,16,0.0,31.22,21.3,0.0,0.5799999999999859,0.92,0,0
2024-03-06,tuxtepec,"Tuxtepec, Oax.",18.0833,-96.1167,16,0.0,30.95,22.12,0.0,0.5799999999999859,0.92,0,0
2024-03-07,tuxtepec,"Tuxtepec, Oax.",18.0833,-96.1167,16,0.0,34.51,21.59,0.0,0.5799999999999859,0.92,0,0
2024-03-08,tuxtepec,"Tuxtepec, Oax.",18.0833,-96.1167,16,0.0,37.15,21.3,0.0,0.4399999999999858,0.8,0,0
2024-03-09,tuxtepec,"Tuxtepec, Oax.",18.0833,-96.1167,16,3.23,30.58,21.09,3.229999999999943,3.2299999999999858,3.8200000000000003,0,0
2024-03-10,tuxtepec,"Tuxtepec, Oax.",18.0833,-96.1167,16,8.75,25.36,17.74,11.979999999999944,11.979999999999986,12.56,1,0
2024-03-11,tuxtepec,"Tuxtepec, Oax.",18.0833,-96.1167,16,0.5,27.24,17.09,12.479999999999944,12.479999999999986,13.06,0,0
2024-03-12,tuxtepec,"Tuxtepec, Oax.",18.0833,-96.1167,16,0.2,30.71,18.48,9.449999999999942,12.679999999999986,13.26,0,0
2024-03-13,tuxtepec,"Tuxtepec, Oax.",18.0833,-96.1167,16,0.48,33.04,21.85,1.179999999999943,13.159999999999986,13.74,0,0
2024-03-14,tuxtepec,"Tuxtepec, Oax.",18.0833,-96.1167,16,0.16,35.98,23.15,0.8399999999999431,13.319999999999986,13.9,0,0
2024-03-15,tuxtepec,"Tuxtepec, Oax.",18.0833,-96.1167,16,0.03,36.21,22.95,0.6699999999999431,13.349999999999985,13.79,0,0
2024-03-16,tuxtepec,"Tuxtepec, Oax.",18.0833,-96.1167,16,0.0,34.47,22.3,0.18999999999994316,10.119999999999985,13.35,0,0
2024-03-17,tuxtepec,"Tuxtepec, Oax.",18.0833,-96.1167,16,0.04,36.08,22.95,0.06999999999994316,1.4099999999999857,13.39,0,0
2024-03-18,tuxtepec,"Tuxtepec, Oax.",18.0833,-96.1167,16,2.7,32.4,22.32,2.7399999999999434,3.609999999999986,16.09,0,0
2024-03-19,tuxtepec,"Tuxtepec, Oax.",18.0833,-96.1167,16,7.52,28.9,21.18,10.259999999999943,10.929999999999986,23.61,1,0
2024-03-20,tuxtepec,"Tuxtepec, Oax.",18.0833,-96.1167,16,0.54,32.28,20.59,10.759999999999945,10.989999999999984,24.15,0,0
2024-03-21,tuxtepec,"Tuxtepec, Oax.",18.0833,-96.1167,16,0.18,36.42,22.63,8.239999999999943,11.009999999999986,24.330000000000002,0,0
2024-03-22,tuxtepec,"Tuxtepec, Oax.",18.0833,-96.1167,16,1.05,34.09,21.93,1.7699999999999432,12.029999999999985,25.38,0,0
2024-03-23,tuxtepec,"Tuxtepec, Oax.",18.0833,-96.1167,16,2.74,29.62,20.66,3.9699999999999434,14.769999999999985,24.89,0,0
2024-03-24,tuxtepec,"Tuxtepec, Oax.",18.0833,-96.1167,16,0.01,37.54,19.2,3.799999999999943,14.739999999999986,16.15,0,0
2024-03-25,tuxtepec,"Tuxtepec, Oax.",18.0833,-96.1167,16,0.0,42.64,20.41,2.749999999999943,12.039999999999985,15.65,0,0
2024-03-26,tuxtepec,"Tuxtepec, Oax.",18.0833,-96.1167,16,0.15,33.48,20.43,0.15999999999994316,4.669999999999986,15.600000000000001,0,0
2024-03-27,tuxtepec,"Tuxtepec, Oax.",18.0833,-96.1167,16,0.25,32.11,19.95,0.3999999999999432,4.379999999999986,15.370000000000001,0,0
2024-03-28,tuxtepec,"Tuxtepec, Oax.",18.0833,-96.1167,16,2.21,28.03,18.52,2.609999999999943,6.409999999999986,17.42,0,0
2024-03-29,tuxtepec,"Tuxtepec, Oax.",18.0833,-96.1167,16,0.28,30.44,17.69,2.7399999999999434,5.6399999999999855,17.669999999999998,0,0
2024-03-30,tuxtepec,"Tuxtepec, Oax.",18.0833,-96.1167,16,0.0,35.16,20.06,2.4899999999999434,2.899999999999986,17.669999999999998,0,0
2024-03-31,tuxtepec,"Tuxtepec, Oax.",18.0833,-96.1167,16,0.0,37.59,21.93,0.2799999999999432,2.8899999999999864,17.63,0,0
2024-04-01,tuxtepec,"Tuxtepec, Oax.",18.0833,-96.1167,16,0.0,41.06,23.09,0.0,2.8899999999999864,14.930000000000001,0,0
2024-04-02,tuxtepec,"Tuxtepec, Oax.",18.0833,-96.1167,16,0.0,41.75,24.83,0.0,2.739999999999986,7.41,0,0
2024-04-03,tuxtepec,"Tuxtepec, Oax.",18.0833,-96.1167,16,1.0,31.51,19.47,0.9999999999999432,3.489999999999986,7.87,0,0
2024-04-04,tuxtepec,"Tuxtepec, Oax.",18.0833,-96.1167,16,0.02,31.05,17.93,1.0199999999999432,1.2999999999999858,7.710000000000001,0,0
2024-04-05,tuxtepec,"Tuxtepec, Oax.",18.0833,-96.1167,16,0.09,31.99,19.66,1.1099999999999433,1.1099999999999859,6.75,0,0
2024-04-06,tuxtepec,"Tuxtepec, Oax.",18.0833,-96.1167,16,0.08,36.64,21.66,0.18999999999994316,1.1899999999999857,4.09,0,0
2024-04-07,tuxtepec,"Tuxtepec, Oax.",18.0833,-96.1167,16,0.05,38.22,23.96,0.21999999999994319,1.2399999999999858,4.13,0,0
2024-04-08,tuxtepec,"Tuxtepec, Oax.",18.0833,-96.1167,16,0.0,38.43,24.9,0.12999999999994316,1.2399999999999858,4.13,0,0
2024-04-09,tuxtepec,"Tuxtepec, Oax.",18.0833,-96.1167,16,0.0,42.48,24.73,0.04999999999994316,1.2399999999999858,3.98,0,0
2024-04-10,tuxtepec,"Tuxtepec, Oax.",18.0833,-96.1167,16,0.0,38.87,22.92,0.0,0.23999999999998578,3.73,0,0
2024-04-11,tuxtepec,"Tuxtepec, Oax.",18.0833,-96.1167,16,0.0,30.81,19.44,0.0,0.21999999999998582,1.52,0,0
2024-04-12,tuxtepec,"Tuxtepec, Oax.",18.0833,-96.1167,16,0.0,30.77,16.97,0.0,0.1299999999999858,1.24,0,0
2024-04-13,tuxtepec,"Tuxtepec, Oax.",18.0833,-96.1167,16,0.0,31.18,17.54,0.0,0.04999999999998579,1.24,0,0
2024-04-14,tuxtepec,"Tuxtepec, Oax.",18.0833,-96.1167,16,0.0,33.03,19.77,0.0,0.0,1.24,0,0
2024-04-15,tuxtepec,"Tuxtepec, Oax.",18.0833,-96.1167,16,0.0,36.91,22.71,0.0,0.0,1.24,0,0
2024-04-16,tuxtepec,"Tuxtepec, Oax.",18.0833,-96.1167,16,0.0,40.71,23.59,0.0,0.0,1.24,0,0
2024-04-17,tuxtepec,"Tuxtepec, Oax.",18.0833,-96.1167,16,0.0,39.75,24.83,0.0,0.0,0.24,0,0
2024-04-18,tuxtepec,"Tuxtepec, Oax.",18.0833,-96.1167,16,0.0,38.88,24.62,0.0,0.0,0.22000000000000003,0,0
2024-04-19,tuxtepec,"Tuxtepec, Oax.",18.0833,-96.1167,16,0.02,37.38,24.26,0.019999999999943157,0.01999999999998579,0.15,0,0
2024-04-20,tuxtepec,"Tuxtepec, Oax.",18.0833,-96.1167,16,0.16,38.35,24.52,0.17999999999994315,0.17999999999998578,0.23,0,0
2024-04-21,tuxtepec,"Tuxtepec, Oax.",18.0833,-96.1167,16,32.06,36.37,23.15,32.239999999999945,32.23999999999999,32.24,1,1
2024-04-22,tuxtepec,"Tuxtepec, Oax.",18.0833,-96.1167,16,28.39,29.1,21.33,60.60999999999994,60.62999999999999,60.63,2,1
2024-04-23,tuxtepec,"Tuxtepec, Oax.",18.0833,-96.1167,16,0.8,32.19,21.4,61.24999999999994,61.429999999999986,61.43,0,0
2024-04-24,tuxtepec,"Tuxtepec, Oax.",18.0833,-96.1167,16,0.03,33.92,22.49,29.219999999999942,61.45999999999999,61.46,0,0
2024-04-25,tuxtepec,"Tuxtepec, Oax.",18.0833,-96.1167,16,0.0,34.98,23.32,0.8299999999999432,61.45999999999999,61.46,0,0
2024-04-26,tuxtepec,"Tuxtepec, Oax.",18.0833,-96.1167,16,0.07,38.1,23.1,0.09999999999994316,61.509999999999984,61.53,0,0
2024-04-27,tuxtepec,"Tuxtepec, Oax.",18.0833,-96.1167,16,0.31,39.73,24.58,0.37999999999994316,61.65999999999999,61.84,0,0
2024-04-28,tuxtepec,"Tuxtepec, Oax.",18.0833,-96.1167,16,0.11,40.3,24.86,0.48999999999994315,29.709999999999987,61.95,0,0
2024-04-29,tuxtepec,"Tuxtepec, Oax.",18.0833,-96.1167,16,2.94,38.92,25.99,3.359999999999943,4.259999999999986,64.89,0,0
2024-04-30,tuxtepec,"Tuxtepec, Oax.",18.0833,-96.1167,16,0.27,37.1,25.86,3.319999999999943,3.729999999999986,65.16,0,0
2024-05-01,tuxtepec,"Tuxtepec, Oax.",18.0833,-96.1167,16,0.25,38.95,25.19,3.459999999999943,3.949999999999986,65.41,0,0
2024-05-02,tuxtepec,"Tuxtepec, Oax.",18.0833,-96.1167,16,0.2,41.81,26.19,0.7199999999999431,4.149999999999986,65.61,0,0
2024-05-03,tuxtepec,"Tuxtepec, Oax.",18.0833,-96.1167,16,0.23,41.19,27.57,0.6799999999999432,4.309999999999985,65.82000000000001,0,0
2024-05-04,tuxtepec,"Tuxtepec, Oax.",18.0833,-96.1167,16,0.11,40.4,25.79,0.5399999999999432,4.109999999999986,65.77,0,0
2024-05-05,tuxtepec,"Tuxtepec, Oax.",18.0833,-96.1167,16,0.04,40.97,25.64,0.37999999999994316,4.039999999999986,33.75,0,0
2024-05-06,tuxtepec,"Tuxtepec, Oax.",18.0833,-96.1167,16,0.01,41.33,26.9,0.15999999999994316,1.1099999999999859,5.37,0,0
2024-05-07,tuxtepec,"Tuxtepec, Oax.",18.0833,-96.1167,16,0.0,43.08,26.53,0.04999999999994316,0.8399999999999858,4.57,0,0
2024-05-08,tuxtepec,"Tuxtepec, Oax.",18.0833,-96.1167,16,0.0,44.04,27.07,0.009999999999943157,0.5899999999999858,4.54,0,0
2024-05-09,tuxtepec,"Tuxtepec, Oax.",18.0833,-96.1167,16,0.0,43.79,26.53,0.0,0.3899999999999858,4.54,0,0
2024-05-10,tuxtepec,"Tuxtepec, Oax.",18.0833,-96.1167,16,0.0,41.31,26.76,0.0,0.1599999999999858,4.47,0,0
2024-05-11,tuxtepec,"Tuxtepec, Oax.",18.0833,-96.1167,16,0.0,38.56,25.12,0.0,0.04999999999998579,4.16,0,0
2024-05-12,tuxtepec,"Tuxtepec, Oax.",18.0833,-96.1167,16,0.0,41.93,25.11,0.0,0.00999999999998579,4.05,0,0
2024-05-13,tuxtepec,"Tuxtepec, Oax.",18.0833,-96.1167,16,0.0,42.66,26.81,0.0,0.0,1.11,0,0
2024-05-14,tuxtepec,"Tuxtepec, Oax.",18.0833,-96.1167,16,0.62,39.04,27.23,0.6199999999999432,0.6199999999999858,1.46,0,0
2024-05-15,tuxtepec,"Tuxtepec, Oax.",18.0833,-96.1167,16,0.52,39.63,26.41,1.1399999999999433,1.139999999999986,1.73,0,0
2024-05-16,tuxtepec,"Tuxtepec, Oax.",18.0833,-96.1167,16,0.0,42.15,27.22,1.1399999999999433,1.139999999999986,1.53,0,0
2024-05-17,tuxtepec,"Tuxtepec, Oax.",18.0833,-96.1167,16,0.24,43.88,28.12,0.7599999999999432,1.3799999999999857,1.54,0,0
2024-05-18,tuxtepec,"Tuxtepec, Oax.",18.0833,-96.1167,16,4.13,37.75,27.7,4.369999999999943,5.509999999999986,5.56,0,0
2024-05-19,tuxtepec,"Tuxtepec, Oax.",18.0833,-96.1167,16,4.87,37.27,26.6,9.239999999999943,10.379999999999985,10.39,0,0
2024-05-20,tuxtepec,"Tuxtepec, Oax.",18.0833,-96.1167,16,0.03,38.58,26.79,9.029999999999943,10.409999999999986,10.41,0,0
2024-05-21,tuxtepec,"Tuxtepec, Oax.",18.0833,-96.1167,16,0.0,40.16,26.49,4.8999999999999435,9.789999999999987,10.41,0,0
2024-05-22,tuxtepec,"Tuxtepec, Oax.",18.0833,-96.1167,16,0.0,40.04,26.73,0.029999999999943155,9.269999999999985,10.41,0,0
2024-05-23,tuxtepec,"Tuxtepec, Oax.",18.0833,-96.1167,16,0.05,41.26,28.21,0.04999999999994316,9.319999999999984,10.459999999999999,0,0
2024-05-24,tuxtepec,"Tuxtepec, Oax.",18.0833,-96.1167,16,0.0,42.53,28.01,0.04999999999994316,9.079999999999984,10.459999999999999,0,0
2024-05-25,tuxtepec,"Tuxtepec, Oax.",18.0833,-96.1167,16,0.13,43.48,27.6,0.17999999999994315,5.079999999999986,10.59,0,0
2024-05-26,tuxtepec,"Tuxtepec, Oax.",18.0833,-96.1167,16,0.0,44.45,28.19,0.12999999999994316,0.2099999999999858,10.59,0,0
2024-05-27,tuxtepec,"Tuxtepec, Oax.",18.0833,-96.1167,16,0.0,42.78,27.85,0.12999999999994316,0.1799999999999858,10.59,0,0
2024-05-28,tuxtepec,"Tuxtepec, Oax.",18.0833,-96.1167,16,0.16,40.71,28.23,0.15999999999994316,0.3399999999999858,10.129999999999999,0,0
2024-05-29,tuxtepec,"Tuxtepec, Oax.",18.0833,-96.1167,16,0.51,38.89,26.91,0.6699999999999432,0.8499999999999859,10.12,0,0
2024-05-30,tuxtepec,"Tuxtepec, Oax.",18.0833,-96.1167,16,0.5,39.7,26.12,1.169999999999943,1.2999999999999858,10.62,0,0
2024-05-31,tuxtepec,"Tuxtepec, Oax.",18.0833,-96.1167,16,0.0,40.53,27.91,1.0099999999999434,1.2999999999999858,10.379999999999999,0,0
2024-06-01,tuxtepec,"Tuxtepec, Oax.",18.0833,-96.1167,16,0.0,40.22,27.46,0.49999999999994316,1.169999999999986,6.25,0,0
2024-06-02,tuxtepec,"Tuxtepec, Oax.",18.0833,-96.1167,16,0.08,39.86,27.01,0.07999999999994316,1.249999999999986,1.46,0,0
2024-06-03,tuxtepec,"Tuxtepec, Oax.",18.0833,-96.1167,16,0.0,41.78,27.43,0.07999999999994316,1.249999999999986,1.43,0,0
2024-06-04,tuxtepec,"Tuxtepec, Oax.",18.0833,-96.1167,16,0.0,43.33,27.5,0.07999999999994316,1.0899999999999859,1.43,0,0
2024-06-05,tuxtepec,"Tuxtepec, Oax.",18.0833,-96.1167,16,0.04,42.51,27.01,0.03999999999994316,0.6199999999999859,1.47,0,0
2024-06-06,tuxtepec,"Tuxtepec, Oax.",18.0833,-96.1167,16,0.0,41.1,27.06,0.03999999999994316,0.1199999999999859,1.42,0,0
2024-06-07,tuxtepec,"Tuxtepec, Oax.",18.0833,-96.1167,16,0.0,39.03,26.83,0.03999999999994316,0.1199999999999859,1.42,0,0
2024-06-08,tuxtepec,"Tuxtepec, Oax.",18.0833,-96.1167,16,0.07,39.16,26.02,0.06999999999994316,0.1899999999999859,1.36,0,0
2024-06-09,tuxtepec,"Tuxtepec, Oax.",18.0833,-96.1167,16,1.33,39.84,27.39,1.3999999999999433,1.439999999999986,2.6900000000000004,0,0
2024-06-10,tuxtepec,"Tuxtepec, Oax.",18.0833,-96.1167,16,1.12,35.62,27.45,2.5199999999999436,2.5599999999999863,3.8100000000000005,0,0
2024-06-11,tuxtepec,"Tuxtepec, Oax.",18.0833,-96.1167,16,6.16,35.63,25.8,8.609999999999944,8.719999999999986,9.81,1,0
2024-06-12,tuxtepec,"Tuxtepec, Oax.",18.0833,-96.1167,16,3.72,33.55,24.34,10.999999999999945,12.399999999999988,13.020000000000001,0,0
2024-06-13,tuxtepec,"Tuxtepec, Oax.",18.0833,-96.1167,16,5.26,34.67,24.59,15.139999999999944,17.65999999999999,17.78,1,0
2024-06-14,tuxtepec,"Tuxtepec, Oax.",18.0833,-96.1167,16,2.18,34.55,24.77,11.159999999999943,19.83999999999999,19.96,0,0
2024-06-15,tuxtepec,"Tuxtepec, Oax.",18.0833,-96.1167,16,20.13,34.36,23.99,27.569999999999943,39.89999999999999,40.09,1,1
2024-06-16,tuxtepec,"Tuxtepec, Oax.",18.0833,-96.1167,16,38.53,32.27,23.67,60.83999999999995,77.1,78.54,2,1
2024-06-17,tuxtepec,"Tuxtepec, Oax.",18.0833,-96.1167,16,11.33,32.77,24.11,69.98999999999995,87.30999999999999,89.87,3,0
2024-06-18,tuxtepec,"Tuxtepec, Oax.",18.0833,-96.1167,16,8.55,34.11,25.82,58.40999999999995,89.69999999999999,98.42,4,0
2024-06-19,tuxtepec,"Tuxtepec, Oax.",18.0833,-96.1167,16,4.68,32.47,25.19,24.559999999999945,90.66,103.06,0,0
2024-06-20,tuxtepec,"Tuxtepec, Oax.",18.0833,-96.1167,16,30.55,32.35,24.08,43.779999999999944,115.94999999999999,133.61,1,1
2024-06-21,tuxtepec,"Tuxtepec, Oax.",18.0833,-96.1167,16,69.48,26.0,22.97,104.70999999999995,183.25,203.09,2,1
2024-06-22,tuxtepec,"Tuxtepec, Oax.",18.0833,-96.1167,16,19.99,30.25,22.1,120.01999999999994,183.11,223.01000000000002,3,0
2024-06-23,tuxtepec,"Tuxtepec, Oax.",18.0833,-96.1167,16,39.93,31.96,23.33,129.39999999999995,184.51,261.61,4,1
2024-06-24,tuxtepec,"Tuxtepec, Oax.",18.0833,-96.1167,16,19.77,29.53,23.6,79.68999999999994,192.95,280.26,5,0
2024-06-25,tuxtepec,"Tuxtepec, Oax.",18.0833,-96.1167,16,22.31,27.63,23.28,82.00999999999995,206.70999999999998,296.41,6,1
2024-06-26,tuxtepec,"Tuxtepec, Oax.",18.0833,-96.1167,16,8.26,28.24,23.8,50.33999999999994,210.29,300.95,7,0
2024-06-27,tuxtepec,"Tuxtepec, Oax.",18.0833,-96.1167,16,0.55,32.17,23.27,31.11999999999994,180.29,296.24,0,0
2024-06-28,tuxtepec,"Tuxtepec, Oax.",18.0833,-96.1167,16,11.3,29.43,23.98,20.109999999999943,122.10999999999999,305.36,1,0
2024-06-29,tuxtepec,"Tuxtepec, Oax.",18.0833,-96.1167,16,8.32,29.08,24.12,20.169999999999945,110.44,293.55,2,0
2024-06-30,tuxtepec,"Tuxtepec, Oax.",18.0833,-96.1167,16,55.69,30.25,23.98,75.30999999999995,126.19999999999999,310.71,3,1
2024-07-01,tuxtepec,"Tuxtepec, Oax.",18.0833,-96.1167,16,1.98,26.63,23.07,65.98999999999995,108.40999999999998,301.36,0,0
2024-07-02,tuxtepec,"Tuxtepec, Oax.",18.0833,-96.1167,16,14.12,28.12,23.19,71.78999999999994,100.21999999999998,306.93,1,0
2024-07-03,tuxtepec,"Tuxtepec, Oax.",18.0833,-96.1167,16,17.86,28.39,22.64,33.959999999999944,109.81999999999998,320.11,2,0
2024-07-04,tuxtepec,"Tuxtepec, Oax.",18.0833,-96.1167,16,8.6,29.39,23.01,40.57999999999994,117.86999999999998,298.15999999999997,3,0
2024-07-05,tuxtepec,"Tuxtepec, Oax.",18.0833,-96.1167,16,2.54,29.77,22.16,28.999999999999947,109.10999999999999,231.22,0,0
2024-07-06,tuxtepec,"Tuxtepec, Oax.",18.0833,-96.1167,16,0.71,30.1,22.59,11.849999999999946,101.49999999999997,211.94,0,0
2024-07-07,tuxtepec,"Tuxtepec, Oax.",18.0833,-96.1167,16,0.09,30.86,23.55,3.3399999999999466,45.899999999999984,172.1,0,0
2024-07-08,tuxtepec,"Tuxtepec, Oax.",18.0833,-96.1167,16,4.62,30.95,24.0,5.419999999999947,48.53999999999999,156.95,0,0
2024-07-09,tuxtepec,"Tuxtepec, Oax.",18.0833,-96.1167,16,24.84,27.14,24.01,29.549999999999947,59.259999999999984,159.48,1,1
2024-07-10,tuxtepec,"Tuxtepec, Oax.",18.0833,-96.1167,16,24.77,28.31,23.65,54.22999999999995,66.16999999999999,175.99,2,1
2024-07-11,tuxtepec,"Tuxtepec, Oax.",18.0833,-96.1167,16,11.39,27.95,23.4,60.99999999999995,68.95999999999998,186.82999999999998,3,0
2024-07-12,tuxtepec,"Tuxtepec, Oax.",18.0833,-96.1167,16,30.21,27.95,23.45,66.36999999999995,96.63,205.73999999999998,4,1
2024-07-13,tuxtepec,"Tuxtepec, Oax.",18.0833,-96.1167,16,52.76,27.66,22.82,94.35999999999996,148.67999999999998,250.18,5,1
2024-07-14,tuxtepec,"Tuxtepec, Oax.",18.0833,-96.1167,16,10.53,26.66,22.38,93.49999999999994,159.11999999999998,205.01999999999998,6,0
2024-07-15,tuxtepec,"Tuxtepec, Oax.",18.0833,-96.1167,16,2.01,28.39,21.05,65.29999999999994,156.50999999999996,205.05,0,0
2024-07-16,tuxtepec,"Tuxtepec, Oax.",18.0833,-96.1167,16,3.93,28.75,22.68,16.46999999999995,135.59999999999997,194.86,0,0
2024-07-17,tuxtepec,"Tuxtepec, Oax.",18.0833,-96.1167,16,10.7,29.23,23.68,16.63999999999995,121.52999999999999,187.7,1,0
2024-07-18,tuxtepec,"Tuxtepec, Oax.",18.0833,-96.1167,16,29.99,28.65,23.61,44.61999999999995,140.13,209.08999999999997,2,1
2024-07-19,tuxtepec,"Tuxtepec, Oax.",18.0833,-96.1167,16,7.3,28.33,23.19,47.989999999999945,117.21999999999997,213.85,3,0
2024-07-20,tuxtepec,"Tuxtepec, Oax.",18.0833,-96.1167,16,23.06,28.17,21.61,60.34999999999995,87.51999999999998,236.2,4,1
2024-07-21,tuxtepec,"Tuxtepec, Oax.",18.0833,-96.1167,16,35.93,26.75,23.15,66.28999999999995,112.91999999999999,272.03999999999996,5,1
2024-07-22,tuxtepec,"Tuxtepec, Oax.",18.0833,-96.1167,16,17.33,27.21,23.38,76.31999999999995,128.23999999999998,284.75,6,0
2024-07-23,tuxtepec,"Tuxtepec, Oax.",18.0833,-96.1167,16,8.94,28.78,23.17,62.199999999999946,133.24999999999997,268.85,7,0
2024-07-24,tuxtepec,"Tuxtepec, Oax.",18.0833,-96.1167,16,7.51,28.37,23.63,33.779999999999944,130.05999999999997,251.59,8,0
2024-07-25,tuxtepec,"Tuxtepec, Oax.",18.0833,-96.1167,16,12.72,27.03,23.15,29.169999999999952,112.78999999999998,252.92000000000002,9,0
2024-07-26,tuxtepec,"Tuxtepec, Oax.",18.0833,-96.1167,16,2.13,29.04,22.03,22.359999999999953,107.61999999999999,224.84,0,0
2024-07-27,tuxtepec,"Tuxtepec, Oax.",18.0833,-96.1167,16,15.51,27.74,23.73,30.35999999999995,100.06999999999998,187.58999999999997,1,0
2024-07-28,tuxtepec,"Tuxtepec, Oax.",18.0833,-96.1167,16,13.84,27.77,23.6,31.47999999999995,77.97999999999999,190.9,2,0
2024-07-29,tuxtepec,"Tuxtepec, Oax.",18.0833,-96.1167,16,28.87,26.66,22.85,58.21999999999995,89.51999999999998,217.76,3,1
2024-07-30,tuxtepec,"Tuxtepec, Oax.",18.0833,-96.1167,16,32.44,27.2,23.54,75.14999999999995,113.01999999999998,246.26999999999998,4,1
2024-07-31,tuxtepec,"Tuxtepec, Oax.",18.0833,-96.1167,16,40.62,28.57,22.12,101.92999999999995,146.12999999999997,276.19,5,1
2024-08-01,tuxtepec,"Tuxtepec, Oax.",18.0833,-96.1167,16,33.01,27.59,22.4,106.06999999999994,166.41999999999996,279.21,6,1
2024-08-02,tuxtepec,"Tuxtepec, Oax.",18.0833,-96.1167,16,29.35,27.36,22.39,102.97999999999993,193.64,301.26,7,1
2024-08-03,tuxtepec,"Tuxtepec, Oax.",18.0833,-96.1167,16,8.62,27.5,21.98,70.97999999999995,186.75,286.82000000000005,8,0
2024-08-04,tuxtepec,"Tuxtepec, Oax.",18.0833,-96.1167,16,10.11,27.7,22.75,48.07999999999995,183.01999999999998,261.0,9,0
2024-08-05,tuxtepec,"Tuxtepec, Oax.",18.0833,-96.1167,16,12.66,28.39,23.33,31.38999999999995,166.80999999999997,256.33,10,0
2024-08-06,tuxtepec,"Tuxtepec, Oax.",18.0833,-96.1167,16,5.53,27.54,23.39,28.29999999999995,139.89999999999998,252.92000000000002,11,0
2024-08-07,tuxtepec,"Tuxtepec, Oax.",18.0833,-96.1167,16,0.27,29.48,23.34,18.459999999999948,99.54999999999998,245.67999999999998,0,0
2024-08-08,tuxtepec,"Tuxtepec, Oax.",18.0833,-96.1167,16,0.18,29.57,24.44,5.979999999999951,66.71999999999998,233.14,0,0
2024-08-09,tuxtepec,"Tuxtepec, Oax.",18.0833,-96.1167,16,5.68,28.79,24.6,6.12999999999995,43.04999999999998,236.69,1,0
2024-08-10,tuxtepec,"Tuxtepec, Oax.",18.0833,-96.1167,16,10.79,26.5,23.41,16.64999999999995,45.219999999999985,231.97,2,0
2024-08-11,tuxtepec,"Tuxtepec, Oax.",18.0833,-96.1167,16,11.8,27.51,22.37,28.26999999999995,46.90999999999999,229.93,3,0
2024-08-12,tuxtepec,"Tuxtepec, Oax.",18.0833,-96.1167,16,17.81,28.71,22.17,40.39999999999995,52.05999999999998,218.87,4,0
2024-08-13,tuxtepec,"Tuxtepec, Oax.",18.0833,-96.1167,16,25.61,28.06,22.85,55.21999999999995,72.13999999999999,212.04,5,1
2024-08-14,tuxtepec,"Tuxtepec, Oax.",18.0833,-96.1167,16,33.21,27.1,22.32,76.62999999999994,105.07999999999998,204.63,6,1
2024-08-15,tuxtepec,"Tuxtepec, Oax.",18.0833,-96.1167,16,69.19,26.31,22.6,128.00999999999993,174.08999999999997,240.81,7,1
2024-08-16,tuxtepec,"Tuxtepec, Oax.",18.0833,-96.1167,16,29.24,28.16,22.58,131.63999999999993,197.64999999999998,240.70000000000002,8,1
2024-08-17,tuxtepec,"Tuxtepec, Oax.",18.0833,-96.1167,16,18.0,28.8,23.01,116.42999999999992,204.85999999999999,250.08,9,0
2024-08-18,tuxtepec,"Tuxtepec, Oax.",18.0833,-96.1167,16,13.66,28.73,22.87,60.89999999999993,206.72,253.63,10,0
2024-08-19,tuxtepec,"Tuxtepec, Oax.",18.0833,-96.1167,16,13.35,28.41,22.79,45.00999999999993,202.26,254.32,11,0
2024-08-20,tuxtepec,"Tuxtepec, Oax.",18.0833,-96.1167,16,18.12,28.25,22.56,45.12999999999993,194.76999999999998,266.90999999999997,12,0
2024-08-21,tuxtepec,"Tuxtepec, Oax.",18.0833,-96.1167,16,8.16,28.34,22.55,39.62999999999993,169.72,274.8,13,0
2024-08-22,tuxtepec,"Tuxtepec, Oax.",18.0833,-96.1167,16,19.06,28.85,22.27,45.33999999999993,119.58999999999997,293.68,14,0
2024-08-23,tuxtepec,"Tuxtepec, Oax.",18.0833,-96.1167,16,12.22,28.88,21.79,39.439999999999934,102.57,300.21999999999997,15,0
2024-08-24,tuxtepec,"Tuxtepec, Oax.",18.0833,-96.1167,16,5.97,28.73,21.87,37.24999999999993,90.53999999999999,295.4,16,0
2024-08-25,tuxtepec,"Tuxtepec, Oax.",18.0833,-96.1167,16,10.97,28.28,22.74,29.159999999999933,87.85,294.57,17,0
2024-08-26,tuxtepec,"Tuxtepec, Oax.",18.0833,-96.1167,16,5.89,28.15,22.93,22.829999999999934,80.38999999999999,282.65000000000003,18,0
2024-08-27,tuxtepec,"Tuxtepec, Oax.",18.0833,-96.1167,16,5.61,27.02,22.95,22.46999999999993,67.87999999999998,262.65,19,0
2024-08-28,tuxtepec,"Tuxtepec, Oax.",18.0833,-96.1167,16,5.89,28.31,22.4,17.389999999999933,65.60999999999999,235.32999999999998,20,0
2024-08-29,tuxtepec,"Tuxtepec, Oax.",18.0833,-96.1167,16,3.49,29.84,23.23,14.989999999999931,50.039999999999985,169.63,0,0
2024-08-30,tuxtepec,"Tuxtepec, Oax.",18.0833,-96.1167,16,17.26,30.59,24.1,26.639999999999933,55.079999999999984,157.64999999999998,1,0
2024-08-31,tuxtepec,"Tuxtepec, Oax.",18.0833,-96.1167,16,12.17,28.53,23.91,32.91999999999993,61.27999999999999,151.82,2,0
2024-09-01,tuxtepec,"Tuxtepec, Oax.",18.0833,-96.1167,16,7.78,28.82,23.42,37.20999999999994,58.08999999999999,145.94,3,0
2024-09-02,tuxtepec,"Tuxtepec, Oax.",18.0833,-96.1167,16,7.05,28.96,23.51,26.999999999999932,59.249999999999986,139.64,4,0
2024-09-03,tuxtepec,"Tuxtepec, Oax.",18.0833,-96.1167,16,5.34,29.55,24.32,20.16999999999993,58.97999999999999,126.85999999999999,5,0
2024-09-04,tuxtepec,"Tuxtepec, Oax.",18.0833,-96.1167,16,3.15,29.04,23.77,15.539999999999932,56.23999999999999,121.85,0,0
2024-09-05,tuxtepec,"Tuxtepec, Oax.",18.0833,-96.1167,16,24.07,28.11,23.53,32.55999999999993,76.82,126.85999999999999,1,1
2024-09-06,tuxtepec,"Tuxtepec, Oax.",18.0833,-96.1167,16,14.07,28.08,23.24,41.289999999999935,73.62999999999998,128.70999999999998,2,0
2024-09-07,tuxtepec,"Tuxtepec, Oax.",18.0833,-96.1167,16,11.22,26.96,23.67,49.359999999999935,72.67999999999999,133.96,3,0
2024-09-08,tuxtepec,"Tuxtepec, Oax.",18.0833,-96.1167,16,7.75,25.97,22.17,33.039999999999935,72.64999999999999,130.74,4,0
2024-09-09,tuxtepec,"Tuxtepec, Oax.",18.0833,-96.1167,16,32.3,28.61,22.9,51.26999999999993,97.89999999999998,157.14999999999998,5,1
2024-09-10,tuxtepec,"Tuxtepec, Oax.",18.0833,-96.1167,16,35.69,28.57,22.61,75.73999999999992,128.24999999999997,187.23000000000002,6,1
2024-09-11,tuxtepec,"Tuxtepec, Oax.",18.0833,-96.1167,16,14.89,29.05,23.43,82.87999999999994,139.98999999999998,196.23,7,0
2024-09-12,tuxtepec,"Tuxtepec, Oax.",18.0833,-96.1167,16,10.78,31.39,23.35,61.359999999999935,126.69999999999997,203.51999999999998,8,0
2024-09-13,tuxtepec,"Tuxtepec, Oax.",18.0833,-96.1167,16,6.7,30.47,24.41,32.36999999999993,119.32999999999997,192.95999999999998,9,0
2024-09-14,tuxtepec,"Tuxtepec, Oax.",18.0833,-96.1167,16,1.86,29.71,24.81,19.339999999999936,109.96999999999997,182.65,0,0
2024-09-15,tuxtepec,"Tuxtepec, Oax.",18.0833,-96.1167,16,0.64,29.92,25.2,9.199999999999937,102.85999999999997,175.51,0,0
2024-09-16,tuxtepec,"Tuxtepec, Oax.",18.0833,-96.1167,16,5.38,30.35,24.31,7.879999999999936,75.93999999999997,173.83999999999997,1,0
2024-09-17,tuxtepec,"Tuxtepec, Oax.",18.0833,-96.1167,16,3.25,28.87,24.93,9.269999999999936,43.499999999999986,171.75,0,0
2024-09-18,tuxtepec,"Tuxtepec, Oax.",18.0833,-96.1167,16,5.9,28.82,24.5,14.529999999999935,34.509999999999984,174.49999999999997,1,0
2024-09-19,tuxtepec,"Tuxtepec, Oax.",18.0833,-96.1167,16,10.03,30.1,24.11,19.179999999999936,33.759999999999984,160.45999999999998,2,0
2024-09-20,tuxtepec,"Tuxtepec, Oax.",18.0833,-96.1167,16,10.54,29.56,24.05,26.469999999999935,37.59999999999998,156.93,3,0
2024-09-21,tuxtepec,"Tuxtepec, Oax.",18.0833,-96.1167,16,13.34,28.95,24.05,33.90999999999994,49.079999999999984,159.04999999999998,4,0
2024-09-22,tuxtepec,"Tuxtepec, Oax.",18.0833,-96.1167,16,19.74,28.27,23.5,43.61999999999993,68.17999999999998,171.04,5,0
2024-09-23,tuxtepec,"Tuxtepec, Oax.",18.0833,-96.1167,16,17.6,27.09,23.02,50.679999999999936,80.39999999999999,156.34,6,0
2024-09-24,tuxtepec,"Tuxtepec, Oax.",18.0833,-96.1167,16,19.75,27.68,22.77,57.08999999999993,96.89999999999999,140.4,7,0
2024-09-25,tuxtepec,"Tuxtepec, Oax.",18.0833,-96.1167,16,17.68,28.02,22.81,55.02999999999994,108.67999999999998,143.19,8,0
2024-09-26,tuxtepec,"Tuxtepec, Oax.",18.0833,-96.1167,16,7.14,28.15,23.28,44.569999999999936,105.78999999999998,139.54999999999998,9,0
2024-09-27,tuxtepec,"Tuxtepec, Oax.",18.0833,-96.1167,16,8.63,27.3,23.03,33.44999999999993,103.88,141.48000000000002,10,0
2024-09-28,tuxtepec,"Tuxtepec, Oax.",18.0833,-96.1167,16,30.18,26.12,22.31,45.94999999999993,120.71999999999998,169.79999999999998,11,1
2024-09-29,tuxtepec,"Tuxtepec, Oax.",18.0833,-96.1167,16,9.28,24.72,21.71,48.08999999999993,110.25999999999999,178.44,12,0
2024-09-30,tuxtepec,"Tuxtepec, Oax.",18.0833,-96.1167,16,3.67,26.56,20.85,43.12999999999994,96.32999999999998,176.73000000000002,0,0
2024-10-01,tuxtepec,"Tuxtepec, Oax.",18.0833,-96.1167,16,17.26,25.39,21.74,30.209999999999937,93.83999999999997,190.74,1,0
2024-10-02,tuxtepec,"Tuxtepec, Oax.",18.0833,-96.1167,16,13.65,25.7,21.63,34.579999999999934,89.80999999999999,198.49,2,0
2024-10-03,tuxtepec,"Tuxtepec, Oax.",18.0833,-96.1167,16,9.98,26.43,20.94,40.88999999999994,92.64999999999999,198.44,3,0
2024-10-04,tuxtepec,"Tuxtepec, Oax.",18.0833,-96.1167,16,5.18,25.4,21.03,28.80999999999994,89.19999999999997,193.07999999999998,4,0
2024-10-05,tuxtepec,"Tuxtepec, Oax.",18.0833,-96.1167,16,10.44,29.04,22.04,25.599999999999937,69.45999999999998,190.18,5,0
2024-10-06,tuxtepec,"Tuxtepec, Oax.",18.0833,-96.1167,16,12.36,27.03,22.85,27.979999999999933,72.53999999999999,182.8,6,0
2024-10-07,tuxtepec,"Tuxtepec, Oax.",18.0833,-96.1167,16,7.76,29.19,22.86,30.559999999999935,76.62999999999998,172.96,7,0
2024-10-08,tuxtepec,"Tuxtepec, Oax.",18.0833,-96.1167,16,1.04,26.43,21.98,21.159999999999933,60.40999999999998,154.25,0,0
2024-10-09,tuxtepec,"Tuxtepec, Oax.",18.0833,-96.1167,16,1.76,26.24,21.36,10.559999999999937,48.51999999999999,138.33,0,0
2024-10-10,tuxtepec,"Tuxtepec, Oax.",18.0833,-96.1167,16,0.07,26.5,19.99,2.869999999999936,38.609999999999985,131.26000000000002,0,0
2024-10-11,tuxtepec,"Tuxtepec, Oax.",18.0833,-96.1167,16,1.28,25.09,18.96,3.1099999999999364,34.70999999999998,123.91,0,0
2024-10-12,tuxtepec,"Tuxtepec, Oax.",18.0833,-96.1167,16,0.97,24.74,18.54,2.3199999999999363,25.239999999999984,94.7,0,0
2024-10-13,tuxtepec,"Tuxtepec, Oax.",18.0833,-96.1167,16,0.84,25.32,19.33,3.0899999999999364,13.719999999999986,86.25999999999999,0,0
2024-10-14,tuxtepec,"Tuxtepec, Oax.",18.0833,-96.1167,16,2.85,26.16,19.63,4.659999999999936,8.809999999999986,85.44000000000001,0,0
2024-10-15,tuxtepec,"Tuxtepec, Oax.",18.0833,-96.1167,16,0.14,27.32,18.37,3.8299999999999366,7.909999999999986,68.32000000000001,0,0
2024-10-16,tuxtepec,"Tuxtepec, Oax.",18.0833,-96.1167,16,2.06,26.84,20.19,5.049999999999937,8.209999999999987,56.73,0,0
2024-10-17,tuxtepec,"Tuxtepec, Oax.",18.0833,-96.1167,16,14.15,26.34,20.86,16.349999999999937,22.289999999999985,60.9,1,0
2024-10-18,tuxtepec,"Tuxtepec, Oax.",18.0833,-96.1167,16,28.09,26.13,19.88,44.29999999999994,49.09999999999999,83.81,2,1
2024-10-19,tuxtepec,"Tuxtepec, Oax.",18.0833,-96.1167,16,10.75,25.1,20.7,52.98999999999994,58.87999999999999,84.12,3,0
2024-10-20,tuxtepec,"Tuxtepec, Oax.",18.0833,-96.1167,16,109.88,23.37,20.69,148.71999999999994,167.92,181.64,4,1
2024-10-21,tuxtepec,"Tuxtepec, Oax.",18.0833,-96.1167,16,72.8,24.31,21.4,193.42999999999995,237.87,246.68,5,1
2024-10-22,tuxtepec,"Tuxtepec, Oax.",18.0833,-96.1167,16,11.67,25.43,20.77,194.34999999999994,249.39999999999998,257.31,6,0
2024-10-23,tuxtepec,"Tuxtepec, Oax.",18.0833,-96.1167,16,5.04,25.24,19.73,89.50999999999993,252.38,260.59,7,0
2024-10-24,tuxtepec,"Tuxtepec, Oax.",18.0833,-96.1167,16,0.99,25.27,19.81,17.699999999999942,239.22,261.51,0,0
2024-10-25,tuxtepec,"Tuxtepec, Oax.",18.0833,-96.1167,16,1.98,25.47,18.57,8.009999999999943,213.10999999999999,262.21,0,0
2024-10-26,tuxtepec,"Tuxtepec, Oax.",18.0833,-96.1167,16,9.94,24.43,20.31,12.909999999999943,212.29999999999998,271.18,1,0
2024-10-27,tuxtepec,"Tuxtepec, Oax.",18.0833,-96.1167,16,9.45,23.65,19.56,21.36999999999994,111.86999999999999,279.78999999999996,2,0
2024-10-28,tuxtepec,"Tuxtepec, Oax.",18.0833,-96.1167,16,5.04,24.34,20.18,24.42999999999994,44.11,281.98,3,0
2024-10-29,tuxtepec,"Tuxtepec, Oax.",18.0833,-96.1167,16,0.67,26.24,19.77,15.159999999999942,33.11,282.51,0,0
2024-10-30,tuxtepec,"Tuxtepec, Oax.",18.0833,-96.1167,16,0.09,27.91,20.76,5.799999999999941,28.159999999999997,280.54,0,0
2024-10-31,tuxtepec,"Tuxtepec, Oax.",18.0833,-96.1167,16,4.01,27.63,21.82,4.769999999999941,31.18,270.4,0,0
2024-11-01,tuxtepec,"Tuxtepec, Oax.",18.0833,-96.1167,16,7.99,27.42,21.46,12.089999999999941,37.19,250.3,1,0
2024-11-02,tuxtepec,"Tuxtepec, Oax.",18.0833,-96.1167,16,1.28,26.98,21.18,13.27999999999994,28.53,240.83,0,0
2024-11-03,tuxtepec,"Tuxtepec, Oax.",18.0833,-96.1167,16,0.06,28.11,21.23,9.329999999999941,19.139999999999997,131.01,0,0
2024-11-04,tuxtepec,"Tuxtepec, Oax.",18.0833,-96.1167,16,0.26,29.71,22.18,1.5999999999999415,14.36,58.47,0,0
2024-11-05,tuxtepec,"Tuxtepec, Oax.",18.0833,-96.1167,16,3.45,31.75,23.27,3.769999999999942,17.14,50.25,0,0
2024-11-06,tuxtepec,"Tuxtepec, Oax.",18.0833,-96.1167,16,0.88,28.03,23.06,4.589999999999942,17.93,46.089999999999996,0,0
2024-11-07,tuxtepec,"Tuxtepec, Oax.",18.0833,-96.1167,16,0.5,28.44,23.35,4.829999999999942,14.420000000000002,45.599999999999994,0,0
2024-11-08,tuxtepec,"Tuxtepec, Oax.",18.0833,-96.1167,16,0.03,28.45,22.27,1.4099999999999417,6.46,43.65,0,0
2024-11-09,tuxtepec,"Tuxtepec, Oax.",18.0833,-96.1167,16,0.43,27.62,21.8,0.9599999999999418,5.61,34.14,0,0
2024-11-10,tuxtepec,"Tuxtepec, Oax.",18.0833,-96.1167,16,0.09,27.2,19.43,0.5499999999999418,5.640000000000001,24.779999999999998,0,0
2024-11-11,tuxtepec,"Tuxtepec, Oax.",18.0833,-96.1167,16,0.04,27.3,19.88,0.5599999999999418,5.420000000000001,19.779999999999998,0,0
2024-11-12,tuxtepec,"Tuxtepec, Oax.",18.0833,-96.1167,16,0.0,27.77,20.5,0.12999999999994183,1.97,19.11,0,0
2024-11-13,tuxtepec,"Tuxtepec, Oax.",18.0833,-96.1167,16,0.29,27.62,21.08,0.3299999999999418,1.38,19.310000000000002,0,0
2024-11-14,tuxtepec,"Tuxtepec, Oax.",18.0833,-96.1167,16,2.9,24.74,19.91,3.1899999999999418,3.78,18.2,0,0
2024-11-15,tuxtepec,"Tuxtepec, Oax.",18.0833,-96.1167,16,1.44,25.51,19.54,4.629999999999942,5.1899999999999995,11.65,0,0
2024-11-16,tuxtepec,"Tuxtepec, Oax.",18.0833,-96.1167,16,0.12,26.35,19.92,4.459999999999941,4.88,10.49,0,0
2024-11-17,tuxtepec,"Tuxtepec, Oax.",18.0833,-96.1167,16,0.01,27.71,20.15,1.5699999999999417,4.8,10.44,0,0
2024-11-18,tuxtepec,"Tuxtepec, Oax.",18.0833,-96.1167,16,0.07,30.46,21.58,0.19999999999994184,4.829999999999999,10.25,0,0
2024-11-19,tuxtepec,"Tuxtepec, Oax.",18.0833,-96.1167,16,1.72,29.95,23.11,1.7999999999999419,6.549999999999999,8.52,0,0
2024-11-20,tuxtepec,"Tuxtepec, Oax.",18.0833,-96.1167,16,31.13,26.35,21.2,32.91999999999994,37.39,38.769999999999996,1,1
2024-11-21,tuxtepec,"Tuxtepec, Oax.",18.0833,-96.1167,16,6.67,23.05,18.31,39.51999999999994,41.16,44.94,2,0
2024-11-22,tuxtepec,"Tuxtepec, Oax.",18.0833,-96.1167,16,0.11,22.99,17.56,37.90999999999994,39.83,45.019999999999996,0,0
2024-11-23,tuxtepec,"Tuxtepec, Oax.",18.0833,-96.1167,16,0.0,22.59,15.67,6.779999999999943,39.709999999999994,44.589999999999996,0,0
2024-11-24,tuxtepec,"Tuxtepec, Oax.",18.0833,-96.1167,16,0.0,24.05,15.19,0.10999999999994316,39.699999999999996,44.5,0,0
2024-11-25,tuxtepec,"Tuxtepec, Oax.",18.0833,-96.1167,16,0.0,24.42,15.03,0.0,39.629999999999995,44.46,0,0
2024-11-26,tuxtepec,"Tuxtepec, Oax.",18.0833,-96.1167,16,0.0,23.53,15.06,0.0,37.91,44.46,0,0
2024-11-27,tuxtepec,"Tuxtepec, Oax.",18.0833,-96.1167,16,0.0,26.16,16.14,0.0,6.78,44.169999999999995,0,0
2024-11-28,tuxtepec,"Tuxtepec, Oax.",18.0833,-96.1167,16,0.0,26.4,17.69,0.0,0.11,41.269999999999996,0,0
2024-11-29,tuxtepec,"Tuxtepec, Oax.",18.0833,-96.1167,16,0.59,25.68,18.53,0.5899999999999431,0.59,40.42,0,0
2024-11-30,tuxtepec,"Tuxtepec, Oax.",18.0833,-96.1167,16,0.19,23.58,17.8,0.7799999999999432,0.78,40.49,0,0
2024-12-01,tuxtepec,"Tuxtepec, Oax.",18.0833,-96.1167,16,0.22,24.94,18.34,0.9999999999999432,1.0,40.699999999999996,0,0
2024-12-02,tuxtepec,"Tuxtepec, Oax.",18.0833,-96.1167,16,0.12,25.09,18.47,0.5299999999999432,1.1199999999999999,40.75,0,0
2024-12-03,tuxtepec,"Tuxtepec, Oax.",18.0833,-96.1167,16,1.87,24.86,18.12,2.209999999999943,2.99,40.9,0,0
2024-12-04,tuxtepec,"Tuxtepec, Oax.",18.0833,-96.1167,16,0.07,24.96,17.61,2.059999999999943,3.06,9.84,0,0
2024-12-05,tuxtepec,"Tuxtepec, Oax.",18.0833,-96.1167,16,0.03,24.05,17.37,1.9699999999999434,3.09,3.2,0,0
2024-12-06,tuxtepec,"Tuxtepec, Oax.",18.0833,-96.1167,16,0.26,23.8,17.64,0.35999999999994314,2.7600000000000002,3.35,0,0
2024-12-07,tuxtepec,"Tuxtepec, Oax.",18.0833,-96.1167,16,0.18,23.03,16.14,0.46999999999994313,2.75,3.5300000000000002,0,0
2024-12-08,tuxtepec,"Tuxtepec, Oax.",18.0833,-96.1167,16,0.02,25.12,16.28,0.4599999999999431,2.55,3.5500000000000003,0,0
2024-12-09,tuxtepec,"Tuxtepec, Oax.",18.0833,-96.1167,16,0.01,25.89,19.69,0.2099999999999431,2.44,3.56,0,0
2024-12-10,tuxtepec,"Tuxtepec, Oax.",18.0833,-96.1167,16,0.0,26.81,18.78,0.0299999999999431,0.57,3.56,0,0
2024-12-11,tuxtepec,"Tuxtepec, Oax.",18.0833,-96.1167,16,3.9,20.95,13.47,3.909999999999943,4.3999999999999995,7.46,0,0
2024-12-12,tuxtepec,"Tuxtepec, Oax.",18.0833,-96.1167,16,0.4,19.61,13.22,4.299999999999943,4.77,7.86,0,0
2024-12-13,tuxtepec,"Tuxtepec, Oax.",18.0833,-96.1167,16,0.03,24.39,15.83,4.329999999999943,4.54,7.3,0,0
2024-12-14,tuxtepec,"Tuxtepec, Oax.",18.0833,-96.1167,16,0.2,24.48,18.05,0.6299999999999432,4.5600000000000005,7.31,0,0
2024-12-15,tuxtepec,"Tuxtepec, Oax.",18.0833,-96.1167,16,0.2,23.94,17.81,0.4299999999999432,4.739999999999999,7.29,0,0
2024-12-16,tuxtepec,"Tuxtepec, Oax.",18.0833,-96.1167,16,0.12,23.98,17.4,0.5199999999999432,4.85,7.29,0,0
2024-12-17,tuxtepec,"Tuxtepec, Oax.",18.0833,-96.1167,16,1.92,24.04,16.62,2.2399999999999434,6.77,7.34,0,0
2024-12-18,tuxtepec,"Tuxtepec, Oax.",18.0833,-96.1167,16,11.45,24.53,18.71,13.489999999999942,14.319999999999999,18.72,1,0
2024-12-19,tuxtepec,"Tuxtepec, Oax.",18.0833,-96.1167,16,5.23,23.96,18.46,18.599999999999945,19.15,23.919999999999998,2,0
2024-12-20,tuxtepec,"Tuxtepec, Oax.",18.0833,-96.1167,16,1.34,23.12,17.45,18.019999999999943,20.459999999999997,25.0,0,0
2024-12-21,tuxtepec,"Tuxtepec, Oax.",18.0833,-96.1167,16,0.54,23.07,17.88,7.1099999999999435,20.799999999999997,25.36,0,0
2024-12-22,tuxtepec,"Tuxtepec, Oax.",18.0833,-96.1167,16,1.26,22.82,17.35,3.1399999999999433,21.86,26.6,0,0
2024-12-23,tuxtepec,"Tuxtepec, Oax.",18.0833,-96.1167,16,0.22,22.53,16.47,2.019999999999943,21.959999999999997,26.81,0,0
2024-12-24,tuxtepec,"Tuxtepec, Oax.",18.0833,-96.1167,16,0.56,22.97,18.32,2.039999999999943,20.6,27.37,0,0
2024-12-25,tuxtepec,"Tuxtepec, Oax.",18.0833,-96.1167,16,0.0,23.7,18.18,0.7799999999999432,9.15,23.470000000000002,0,0
2024-12-26,tuxtepec,"Tuxtepec, Oax.",18.0833,-96.1167,16,0.0,27.09,18.46,0.5599999999999432,3.92,23.07,0,0
2024-12-27,tuxtepec,"Tuxtepec, Oax.",18.0833,-96.1167,16,0.0,28.51,18.81,0.0,2.58,23.040000000000003,0,0
2024-12-28,tuxtepec,"Tuxtepec, Oax.",18.0833,-96.1167,16,0.0,29.94,18.79,0.0,2.04,22.84,0,0
2024-12-29,tuxtepec,"Tuxtepec, Oax.",18.0833,-96.1167,16,0.0,25.7,19.12,0.0,0.78,22.64,0,0
2024-12-30,tuxtepec,"Tuxtepec, Oax.",18.0833,-96.1167,16,0.0,26.03,16.2,0.0,0.56,22.520000000000003,0,0
2024-12-31,tuxtepec,"Tuxtepec, Oax.",18.0833,-96.1167,16,0.0,27.99,19.27,0.0,0.0,20.6,0,0
2025-01-01,tuxtepec,"Tuxtepec, Oax.",18.0833,-96.1167,16,9.47,24.6,18.68,9.469999999999944,9.47,18.62,1,0
2025-01-02,tuxtepec,"Tuxtepec, Oax.",18.0833,-96.1167,16,8.13,24.22,19.28,17.599999999999945,17.6,21.520000000000003,2,0
2025-01-03,tuxtepec,"Tuxtepec, Oax.",18.0833,-96.1167,16,9.71,23.83,17.78,27.309999999999945,27.310000000000002,29.89,3,0
2025-01-04,tuxtepec,"Tuxtepec, Oax.",18.0833,-96.1167,16,1.93,23.01,17.05,19.769999999999946,29.240000000000002,31.280000000000005,0,0
2025-01-05,tuxtepec,"Tuxtepec, Oax.",18.0833,-96.1167,16,0.01,24.85,17.68,11.649999999999944,29.250000000000004,30.03,0,0
2025-01-06,tuxtepec,"Tuxtepec, Oax.",18.0833,-96.1167,16,1.25,24.09,16.1,3.189999999999943,30.500000000000004,31.060000000000002,0,0
2025-01-07,tuxtepec,"Tuxtepec, Oax.",18.0833,-96.1167,16,1.71,21.05,15.2,2.969999999999943,32.21,32.21,0,0
2025-01-08,tuxtepec,"Tuxtepec, Oax.",18.0833,-96.1167,16,3.7,21.03,15.84,6.659999999999943,26.440000000000005,35.910000000000004,0,0
2025-01-09,tuxtepec,"Tuxtepec, Oax.",18.0833,-96.1167,16,0.39,24.14,15.74,5.799999999999943,18.7,36.3,0,0
2025-01-10,tuxtepec,"Tuxtepec, Oax.",18.0833,-96.1167,16,1.74,29.05,16.03,5.829999999999943,10.73,38.04,0,0
2025-01-11,tuxtepec,"Tuxtepec, Oax.",18.0833,-96.1167,16,1.17,18.15,14.07,3.299999999999943,9.97,39.21,0,0
2025-01-12,tuxtepec,"Tuxtepec, Oax.",18.0833,-96.1167,16,0.14,30.18,15.03,3.049999999999943,10.1,39.35,0,0
2025-01-13,tuxtepec,"Tuxtepec, Oax.",18.0833,-96.1167,16,0.25,23.4,16.79,1.5599999999999432,9.1,39.6,0,0
2025-01-14,tuxtepec,"Tuxtepec, Oax.",18.0833,-96.1167,16,0.03,22.85,15.93,0.4199999999999432,7.42,39.63,0,0
2025-01-15,tuxtepec,"Tuxtepec, Oax.",18.0833,-96.1167,16,0.67,23.82,16.74,0.9499999999999432,4.39,30.830000000000002,0,0
2025-01-16,tuxtepec,"Tuxtepec, Oax.",18.0833,-96.1167,16,2.15,21.86,16.33,2.8499999999999432,6.15,24.85,0,0
2025-01-17,tuxtepec,"Tuxtepec, Oax.",18.0833,-96.1167,16,0.19,25.97,15.63,3.0099999999999434,4.6,15.33,0,0
2025-01-18,tuxtepec,"Tuxtepec, Oax.",18.0833,-96.1167,16,0.03,30.47,18.37,2.3699999999999433,3.4600000000000004,13.43,0,0
2025-01-19,tuxtepec,"Tuxtepec, Oax.",18.0833,-96.1167,16,6.38,23.75,16.22,6.599999999999943,9.7,19.8,1,0
2025-01-20,tuxtepec,"Tuxtepec, Oax.",18.0833,-96.1167,16,1.41,22.25,14.92,7.819999999999943,10.86,19.96,0,0
2025-01-21,tuxtepec,"Tuxtepec, Oax.",18.0833,-96.1167,16,2.08,22.14,9.19,9.869999999999944,12.91,20.33,0,0
2025-01-22,tuxtepec,"Tuxtepec, Oax.",18.0833,-96.1167,16,0.3,15.9,8.2,3.789999999999944,12.540000000000001,16.93,0,0
2025-01-23,tuxtepec,"Tuxtepec, Oax.",18.0833,-96.1167,16,0.03,20.78,11.32,2.409999999999944,10.42,16.57,0,0
2025-01-24,tuxtepec,"Tuxtepec, Oax.",18.0833,-96.1167,16,2.18,16.55,13.86,2.5099999999999443,12.410000000000002,17.009999999999998,0,0
2025-01-25,tuxtepec,"Tuxtepec, Oax.",18.0833,-96.1167,16,0.81,21.95,13.77,3.0199999999999445,13.190000000000001,16.65,0,0
2025-01-26,tuxtepec,"Tuxtepec, Oax.",18.0833,-96.1167,16,0.0,24.5,15.64,2.9899999999999443,6.810000000000001,16.509999999999998,0,0
2025-01-27,tuxtepec,"Tuxtepec, Oax.",18.0833,-96.1167,16,0.0,24.53,16.57,0.8099999999999441,5.400000000000001,16.259999999999998,0,0
2025-01-28,tuxtepec,"Tuxtepec, Oax.",18.0833,-96.1167,16,0.03,24.89,16.65,0.029999999999944044,3.350000000000001,16.26,0,0
2025-01-29,tuxtepec,"Tuxtepec, Oax.",18.0833,-96.1167,16,0.0,27.68,19.13,0.029999999999944044,3.050000000000001,15.59,0,0
2025-01-30,tuxtepec,"Tuxtepec, Oax.",18.0833,-96.1167,16,0.01,30.98,20.51,0.039999999999944046,3.030000000000001,13.450000000000001,0,0
2025-01-31,tuxtepec,"Tuxtepec, Oax.",18.0833,-96.1167,16,1.56,26.81,18.31,1.569999999999944,2.410000000000001,14.82,0,0
2025-02-01,tuxtepec,"Tuxtepec, Oax.",18.0833,-96.1167,16,2.09,21.78,16.51,3.659999999999944,3.690000000000001,16.88,0,0
2025-02-02,tuxtepec,"Tuxtepec, Oax.",18.0833,-96.1167,16,2.43,24.37,16.71,6.079999999999945,6.120000000000001,12.930000000000001,0,0
2025-02-03,tuxtepec,"Tuxtepec, Oax.",18.0833,-96.1167,16,0.57,25.63,17.58,5.089999999999944,6.690000000000001,12.090000000000002,0,0
2025-02-04,tuxtepec,"Tuxtepec, Oax.",18.0833,-96.1167,16,3.47,25.98,18.51,6.469999999999944,10.13,13.48,0,0
2025-02-05,tuxtepec,"Tuxtepec, Oax.",18.0833,-96.1167,16,1.11,26.55,19.06,5.149999999999944,11.24,14.290000000000001,0,0
2025-02-06,tuxtepec,"Tuxtepec, Oax.",18.0833,-96.1167,16,0.01,27.5,19.29,4.589999999999944,11.24,14.270000000000001,0,0
2025-02-07,tuxtepec,"Tuxtepec, Oax.",18.0833,-96.1167,16,0.04,26.63,19.61,1.1599999999999442,9.72,12.129999999999999,0,0
2025-02-08,tuxtepec,"Tuxtepec, Oax.",18.0833,-96.1167,16,0.01,26.94,18.96,0.05999999999994405,7.640000000000001,11.330000000000002,0,0
2025-02-09,tuxtepec,"Tuxtepec, Oax.",18.0833,-96.1167,16,0.0,27.65,20.16,0.04999999999994405,5.210000000000001,11.330000000000002,0,0
2025-02-10,tuxtepec,"Tuxtepec, Oax.",18.0833,-96.1167,16,0.0,27.29,20.06,0.009999999999944045,4.640000000000001,11.330000000000002,0,0
2025-02-11,tuxtepec,"Tuxtepec, Oax.",18.0833,-96.1167,16,0.0,28.77,20.12,0.0,1.170000000000001,11.3,0,0
2025-02-12,tuxtepec,"Tuxtepec, Oax.",18.0833,-96.1167,16,0.01,35.15,20.17,0.009999999999944045,0.0700000000000009,11.31,0,0
2025-02-13,tuxtepec,"Tuxtepec, Oax.",18.0833,-96.1167,16,1.14,31.8,21.57,1.149999999999944,1.2000000000000008,12.44,0,0
2025-02-14,tuxtepec,"Tuxtepec, Oax.",18.0833,-96.1167,16,1.48,24.24,19.09,2.629999999999944,2.6400000000000006,12.36,0,0
2025-02-15,tuxtepec,"Tuxtepec, Oax.",18.0833,-96.1167,16,0.02,28.39,18.39,2.639999999999944,2.650000000000001,10.29,0,0
2025-02-16,tuxtepec,"Tuxtepec, Oax.",18.0833,-96.1167,16,1.32,28.24,19.64,2.8199999999999443,3.970000000000001,9.18,0,0
2025-02-17,tuxtepec,"Tuxtepec, Oax.",18.0833,-96.1167,16,3.38,24.57,17.69,4.719999999999944,7.350000000000001,11.99,0,0
2025-02-18,tuxtepec,"Tuxtepec, Oax.",18.0833,-96.1167,16,0.3,28.78,18.76,4.999999999999945,7.650000000000001,8.819999999999999,0,0
2025-02-19,tuxtepec,"Tuxtepec, Oax.",18.0833,-96.1167,16,3.55,28.78,17.83,7.229999999999944,11.190000000000001,11.26,0,0
2025-02-20,tuxtepec,"Tuxtepec, Oax.",18.0833,-96.1167,16,6.84,18.45,14.71,10.689999999999944,16.89,18.09,1,0
2025-02-21,tuxtepec,"Tuxtepec, Oax.",18.0833,-96.1167,16,4.06,22.2,14.69,14.449999999999942,19.47,22.11,0,0
2025-02-22,tuxtepec,"Tuxtepec, Oax.",18.0833,-96.1167,16,2.18,23.97,16.65,13.079999999999943,21.63,24.279999999999998,0,0
2025-02-23,tuxtepec,"Tuxtepec, Oax.",18.0833,-96.1167,16,0.45,26.75,17.45,6.6899999999999435,20.76,24.73,0,0
2025-02-24,tuxtepec,"Tuxtepec, Oax.",18.0833,-96.1167,16,0.36,25.61,17.73,2.9899999999999443,17.740000000000002,25.09,0,0
2025-02-25,tuxtepec,"Tuxtepec, Oax.",18.0833,-96.1167,16,0.0,26.98,15.69,0.8099999999999441,17.44,25.09,0,0
2025-02-26,tuxtepec,"Tuxtepec, Oax.",18.0833,-96.1167,16,0.0,29.14,15.44,0.35999999999994403,13.89,25.080000000000002,0,0
2025-02-27,tuxtepec,"Tuxtepec, Oax.",18.0833,-96.1167,16,0.01,30.98,18.41,0.009999999999944045,7.060000000000001,23.95,0,0
2025-02-28,tuxtepec,"Tuxtepec, Oax.",18.0833,-96.1167,16,0.02,27.33,18.83,0.029999999999944044,3.020000000000002,22.49,0,0
2025-03-01,tuxtepec,"Tuxtepec, Oax.",18.0833,-96.1167,16,0.47,28.6,18.61,0.49999999999994404,1.3100000000000018,22.94,0,0
2025-03-02,tuxtepec,"Tuxtepec, Oax.",18.0833,-96.1167,16,0.14,29.39,19.74,0.629999999999944,1.0000000000000018,21.76,0,0
2025-03-03,tuxtepec,"Tuxtepec, Oax.",18.0833,-96.1167,16,0.0,33.31,19.6,0.609999999999944,0.6400000000000017,18.380000000000003,0,0
2025-03-04,tuxtepec,"Tuxtepec, Oax.",18.0833,-96.1167,16,0.0,37.79,20.83,0.13999999999994406,0.6400000000000017,18.080000000000002,0,0
2025-03-05,tuxtepec,"Tuxtepec, Oax.",18.0833,-96.1167,16,0.04,28.97,17.53,0.039999999999944046,0.6800000000000017,14.57,0,0
2025-03-06,tuxtepec,"Tuxtepec, Oax.",18.0833,-96.1167,16,0.62,29.13,15.48,0.6599999999999441,1.2900000000000018,8.35,0,0
2025-03-07,tuxtepec,"Tuxtepec, Oax.",18.0833,-96.1167,16,0.0,33.94,19.24,0.6599999999999441,1.2700000000000018,4.29,0,0
2025-03-08,tuxtepec,"Tuxtepec, Oax.",18.0833,-96.1167,16,0.0,39.0,21.16,0.619999999999944,0.8000000000000018,2.11,0,0
2025-03-09,tuxtepec,"Tuxtepec, Oax.",18.0833,-96.1167,16,0.15,29.55,17.72,0.14999999999994404,0.8100000000000018,1.81,0,0
2025-03-10,tuxtepec,"Tuxtepec, Oax.",18.0833,-96.1167,16,0.0,27.07,15.99,0.14999999999994404,0.8100000000000018,1.45,0,0
2025-03-11,tuxtepec,"Tuxtepec, Oax.",18.0833,-96.1167,16,0.0,30.72,16.82,0.14999999999994404,0.8100000000000018,1.45,0,0
2025-03-12,tuxtepec,"Tuxtepec, Oax.",18.0833,-96.1167,16,0.0,33.33,19.25,0.0,0.7700000000000018,1.45,0,0
2025-03-13,tuxtepec,"Tuxtepec, Oax.",18.0833,-96.1167,16,0.0,35.39,21.02,0.0,0.15000000000000177,1.44,0,0
2025-03-14,tuxtepec,"Tuxtepec, Oax.",18.0833,-96.1167,16,0.0,37.79,22.04,0.0,0.15000000000000177,1.42,0,0
2025-03-15,tuxtepec,"Tuxtepec, Oax.",18.0833,-96.1167,16,0.0,40.43,22.35,0.0,0.15000000000000177,0.9500000000000001,0,0
2025-03-16,tuxtepec,"Tuxtepec, Oax.",18.0833,-96.1167,16,0.79,29.83,18.48,0.7899999999999441,0.7900000000000018,1.6,0,0
2025-03-17,tuxtepec,"Tuxtepec, Oax.",18.0833,-96.1167,16,0.06,27.46,16.47,0.8499999999999441,0.8500000000000019,1.6600000000000001,0,0
2025-03-18,tuxtepec,"Tuxtepec, Oax.",18.0833,-96.1167,16,0.0,29.84,15.78,0.8499999999999441,0.8500000000000019,1.6600000000000001,0,0
2025-03-19,tuxtepec,"Tuxtepec, Oax.",18.0833,-96.1167,16,0.0,35.24,18.94,0.05999999999994404,0.8500000000000019,1.62,0,0
2025-03-20,tuxtepec,"Tuxtepec, Oax.",18.0833,-96.1167,16,5.04,28.39,17.34,5.039999999999944,5.890000000000002,6.04,1,0
2025-03-21,tuxtepec,"Tuxtepec, Oax.",18.0833,-96.1167,16,0.5,28.38,16.18,5.539999999999944,6.3900000000000015,6.54,0,0
2025-03-22,tuxtepec,"Tuxtepec, Oax.",18.0833,-96.1167,16,0.0,28.34,19.44,5.539999999999944,6.3900000000000015,6.54,0,0
2025-03-23,tuxtepec,"Tuxtepec, Oax.",18.0833,-96.1167,16,0.01,33.71,19.02,0.509999999999944,5.610000000000001,6.4,0,0
2025-03-24,tuxtepec,"Tuxtepec, Oax.",18.0833,-96.1167,16,0.28,35.04,20.93,0.2899999999999441,5.830000000000002,6.680000000000001,0,0
2025-03-25,tuxtepec,"Tuxtepec, Oax.",18.0833,-96.1167,16,0.69,32.33,20.95,0.979999999999944,6.520000000000001,7.370000000000001,0,0
2025-03-26,tuxtepec,"Tuxtepec, Oax.",18.0833,-96.1167,16,1.25,32.22,21.57,2.219999999999944,7.770000000000001,8.620000000000001,0,0
2025-03-27,tuxtepec,"Tuxtepec, Oax.",18.0833,-96.1167,16,0.0,34.19,22.18,1.939999999999944,2.7300000000000018,8.620000000000001,0,0
2025-03-28,tuxtepec,"Tuxtepec, Oax.",18.0833,-96.1167,16,3.15,35.57,23.34,4.3999999999999435,5.380000000000002,11.77,0,0
2025-03-29,tuxtepec,"Tuxtepec, Oax.",18.0833,-96.1167,16,0.27,36.89,23.29,3.419999999999944,5.650000000000002,12.040000000000001,0,0
2025-03-30,tuxtepec,"Tuxtepec, Oax.",18.0833,-96.1167,16,0.0,39.88,24.64,3.419999999999944,5.640000000000002,11.25,0,0
2025-03-31,tuxtepec,"Tuxtepec, Oax.",18.0833,-96.1167,16,0.0,39.26,24.23,0.26999999999994406,5.360000000000001,11.190000000000001,0,0
2025-04-01,tuxtepec,"Tuxtepec, Oax.",18.0833,-96.1167,16,0.0,38.24,24.22,0.0,4.670000000000002,11.190000000000001,0,0
2025-04-02,tuxtepec,"Tuxtepec, Oax.",18.0833,-96.1167,16,0.0,41.73,22.44,0.0,3.4200000000000017,11.190000000000001,0,0
2025-04-03,tuxtepec,"Tuxtepec, Oax.",18.0833,-96.1167,16,0.0,42.01,22.59,0.0,3.4200000000000017,6.15,0,0
2025-04-04,tuxtepec,"Tuxtepec, Oax.",18.0833,-96.1167,16,0.0,42.18,21.89,0.0,0.2700000000000018,5.65,0,0
2025-04-05,tuxtepec,"Tuxtepec, Oax.",18.0833,-96.1167,16,0.0,42.29,22.49,0.0,0.0,5.65,0,0
2025-04-06,tuxtepec,"Tuxtepec, Oax.",18.0833,-96.1167,16,1.67,33.29,20.24,1.669999999999944,1.6700000000000017,7.3100000000000005,0,0
2025-04-07,tuxtepec,"Tuxtepec, Oax.",18.0833,-96.1167,16,3.34,26.91,17.92,5.009999999999944,5.010000000000002,10.37,0,0
2025-04-08,tuxtepec,"Tuxtepec, Oax.",18.0833,-96.1167,16,0.93,25.83,16.46,5.9399999999999435,5.940000000000001,10.61,0,0
2025-04-09,tuxtepec,"Tuxtepec, Oax.",18.0833,-96.1167,16,0.02,28.91,15.38,4.289999999999944,5.960000000000002,9.38,0,0
2025-04-10,tuxtepec,"Tuxtepec, Oax.",18.0833,-96.1167,16,0.0,30.64,16.85,0.9499999999999441,5.960000000000002,9.38,0,0
2025-04-11,tuxtepec,"Tuxtepec, Oax.",18.0833,-96.1167,16,0.0,29.77,15.37,0.019999999999944045,5.960000000000002,6.2299999999999995,0,0
2025-04-12,tuxtepec,"Tuxtepec, Oax.",18.0833,-96.1167,16,0.0,29.67,15.45,0.0,5.960000000000002,5.959999999999999,0,0
2025-04-13,tuxtepec,"Tuxtepec, Oax.",18.0833,-96.1167,16,0.0,31.04,15.72,0.0,4.290000000000002,5.959999999999999,0,0
2025-04-14,tuxtepec,"Tuxtepec, Oax.",18.0833,-96.1167,16,0.0,33.23,17.63,0.0,0.9500000000000018,5.959999999999999,0,0
2025-04-15,tuxtepec,"Tuxtepec, Oax.",18.0833,-96.1167,16,0.06,32.53,19.95,0.05999999999994404,0.08000000000000178,6.02,0,0
2025-04-16,tuxtepec,"Tuxtepec, Oax.",18.0833,-96.1167,16,0.18,31.6,19.5,0.23999999999994404,0.24000000000000177,6.199999999999999,0,0
2025-04-17,tuxtepec,"Tuxtepec, Oax.",18.0833,-96.1167,16,0.0,33.27,19.41,0.23999999999994404,0.24000000000000177,6.199999999999999,0,0
2025-04-18,tuxtepec,"Tuxtepec, Oax.",18.0833,-96.1167,16,0.1,35.52,21.71,0.27999999999994407,0.34000000000000175,6.3,0,0
2025-04-19,tuxtepec,"Tuxtepec, Oax.",18.0833,-96.1167,16,0.0,38.28,23.6,0.09999999999994405,0.34000000000000175,6.300000000000001,0,0
2025-04-20,tuxtepec,"Tuxtepec, Oax.",18.0833,-96.1167,16,3.21,39.07,24.68,3.309999999999944,3.5500000000000016,7.84,0,0
2025-04-21,tuxtepec,"Tuxtepec, Oax.",18.0833,-96.1167,16,6.85,33.77,23.18,10.059999999999944,10.400000000000002,11.35,1,0
2025-04-22,tuxtepec,"Tuxtepec, Oax.",18.0833,-96.1167,16,0.62,34.5,23.04,10.679999999999943,10.96,11.04,0,0
2025-04-23,tuxtepec,"Tuxtepec, Oax.",18.0833,-96.1167,16,0.27,36.14,23.87,7.739999999999943,11.05,11.29,0,0
2025-04-24,tuxtepec,"Tuxtepec, Oax.",18.0833,-96.1167,16,0.01,37.38,23.99,0.8999999999999441,11.06,11.299999999999999,0,0
2025-04-25,tuxtepec,"Tuxtepec, Oax.",18.0833,-96.1167,16,0.03,36.82,23.64,0.30999999999994404,10.990000000000002,11.329999999999998,0,0
2025-04-26,tuxtepec,"Tuxtepec, Oax.",18.0833,-96.1167,16,0.07,35.62,22.45,0.10999999999994406,11.060000000000002,11.399999999999999,0,0
2025-04-27,tuxtepec,"Tuxtepec, Oax.",18.0833,-96.1167,16,0.0,35.33,20.74,0.09999999999994406,7.850000000000001,11.399999999999999,0,0
2025-04-28,tuxtepec,"Tuxtepec, Oax.",18.0833,-96.1167,16,0.0,35.51,21.93,0.06999999999994405,1.0000000000000018,11.399999999999999,0,0
2025-04-29,tuxtepec,"Tuxtepec, Oax.",18.0833,-96.1167,16,0.03,36.6,23.37,0.029999999999944044,0.4100000000000018,11.37,0,0
2025-04-30,tuxtepec,"Tuxtepec, Oax.",18.0833,-96.1167,16,0.28,37.64,23.95,0.3099999999999441,0.4200000000000018,11.469999999999999,0,0
2025-05-01,tuxtepec,"Tuxtepec, Oax.",18.0833,-96.1167,16,0.38,39.14,24.71,0.6899999999999441,0.7900000000000018,11.849999999999998,0,0
2025-05-02,tuxtepec,"Tuxtepec, Oax.",18.0833,-96.1167,16,0.59,38.61,25.06,1.249999999999944,1.3500000000000019,12.339999999999998,0,0
2025-05-03,tuxtepec,"Tuxtepec, Oax.",18.0833,-96.1167,16,5.34,40.3,25.87,6.309999999999944,6.620000000000002,17.68,1,0
2025-05-04,tuxtepec,"Tuxtepec, Oax.",18.0833,-96.1167,16,3.18,34.57,24.41,9.109999999999944,9.800000000000002,17.65,0,0
2025-05-05,tuxtepec,"Tuxtepec, Oax.",18.0833,-96.1167,16,0.68,39.02,25.56,9.199999999999944,10.480000000000002,11.48,0,0
2025-05-06,tuxtepec,"Tuxtepec, Oax.",18.0833,-96.1167,16,0.0,42.74,24.87,3.8599999999999444,10.450000000000003,10.860000000000001,0,0
2025-05-07,tuxtepec,"Tuxtepec, Oax.",18.0833,-96.1167,16,0.03,42.46,25.74,0.7099999999999441,10.200000000000001,10.62,0,0
2025-05-08,tuxtepec,"Tuxtepec, Oax.",18.0833,-96.1167,16,0.08,38.73,25.69,0.10999999999994405,9.900000000000002,10.69,0,0
2025-05-09,tuxtepec,"Tuxtepec, Oax.",18.0833,-96.1167,16,17.87,37.14,20.8,17.979999999999944,27.180000000000003,28.53,1,0
2025-05-10,tuxtepec,"Tuxtepec, Oax.",18.0833,-96.1167,16,28.3,28.74,20.36,46.24999999999994,50.14,56.760000000000005,2,1
2025-05-11,tuxtepec,"Tuxtepec, Oax.",18.0833,-96.1167,16,0.96,30.24,19.92,47.129999999999946,47.92,57.72,0,0
2025-05-12,tuxtepec,"Tuxtepec, Oax.",18.0833,-96.1167,16,0.05,32.65,20.99,29.309999999999945,47.290000000000006,57.77,0,0
2025-05-13,tuxtepec,"Tuxtepec, Oax.",18.0833,-96.1167,16,1.02,35.69,21.94,2.0299999999999434,48.31,58.76,0,0
2025-05-14,tuxtepec,"Tuxtepec, Oax.",18.0833,-96.1167,16,0.0,39.0,23.23,1.0699999999999432,48.28,58.48,0,0
2025-05-15,tuxtepec,"Tuxtepec, Oax.",18.0833,-96.1167,16,0.0,39.41,24.73,1.0199999999999432,48.2,58.1,0,0
2025-05-16,tuxtepec,"Tuxtepec, Oax.",18.0833,-96.1167,16,0.03,39.63,25.19,0.029999999999943155,30.36,57.54,0,0
2025-05-17,tuxtepec,"Tuxtepec, Oax.",18.0833,-96.1167,16,0.11,39.5,24.69,0.13999999999994317,2.17,52.31,0,0
2025-05-18,tuxtepec,"Tuxtepec, Oax.",18.0833,-96.1167,16,0.0,40.15,25.22,0.13999999999994317,1.21,49.13,0,0
2025-05-19,tuxtepec,"Tuxtepec, Oax.",18.0833,-96.1167,16,0.11,41.86,25.9,0.21999999999994316,1.27,48.56,0,0
2025-05-20,tuxtepec,"Tuxtepec, Oax.",18.0833,-96.1167,16,0.01,42.67,25.74,0.11999999999994315,0.26,48.57000000000001,0,0
2025-05-21,tuxtepec,"Tuxtepec, Oax.",18.0833,-96.1167,16,0.24,39.43,25.96,0.35999999999994314,0.5,48.78,0,0
2025-05-22,tuxtepec,"Tuxtepec, Oax.",18.0833,-96.1167,16,0.73,35.89,26.07,0.9799999999999431,1.23,49.43,0,0
2025-05-23,tuxtepec,"Tuxtepec, Oax.",18.0833,-96.1167,16,3.74,36.61,24.09,4.709999999999943,4.94,35.3,0,0
2025-05-24,tuxtepec,"Tuxtepec, Oax.",18.0833,-96.1167,16,16.74,33.5,24.53,21.20999999999994,21.57,23.74,1,0
2025-05-25,tuxtepec,"Tuxtepec, Oax.",18.0833,-96.1167,16,8.46,33.88,25.59,28.93999999999994,30.029999999999998,31.24,2,0
2025-05-26,tuxtepec,"Tuxtepec, Oax.",18.0833,-96.1167,16,10.06,36.06,24.82,35.25999999999994,39.98,41.25,3,0
2025-05-27,tuxtepec,"Tuxtepec, Oax.",18.0833,-96.1167,16,11.73,35.1,25.67,30.249999999999943,51.7,51.96,4,0
2025-05-28,tuxtepec,"Tuxtepec, Oax.",18.0833,-96.1167,16,15.26,35.07,24.85,37.04999999999994,66.72,67.22,5,0
2025-05-29,tuxtepec,"Tuxtepec, Oax.",18.0833,-96.1167,16,10.41,35.07,24.87,37.39999999999994,76.39999999999999,77.63,6,0
2025-05-30,tuxtepec,"Tuxtepec, Oax.",18.0833,-96.1167,16,7.29,31.67,24.27,32.959999999999944,79.95,84.89,7,0
2025-05-31,tuxtepec,"Tuxtepec, Oax.",18.0833,-96.1167,16,22.67,28.78,23.92,40.36999999999995,85.88,107.45,8,1
2025-06-01,tuxtepec,"Tuxtepec, Oax.",18.0833,-96.1167,16,0.94,32.61,22.82,30.899999999999945,78.35999999999999,108.39,0,0
2025-06-02,tuxtepec,"Tuxtepec, Oax.",18.0833,-96.1167,16,1.02,34.03,24.69,24.629999999999946,69.32000000000001,109.3,0,0
2025-06-03,tuxtepec,"Tuxtepec, Oax.",18.0833,-96.1167,16,11.71,31.93,25.21,13.669999999999945,69.3,121.0,1,0
2025-06-04,tuxtepec,"Tuxtepec, Oax.",18.0833,-96.1167,16,16.65,32.18,24.82,29.379999999999946,70.69,137.41,2,0
2025-06-05,tuxtepec,"Tuxtepec, Oax.",18.0833,-96.1167,16,20.95,28.86,24.03,49.309999999999945,81.22999999999999,157.63000000000002,3,1
2025-06-06,tuxtepec,"Tuxtepec, Oax.",18.0833,-96.1167,16,10.51,27.49,23.14,48.10999999999994,84.44999999999999,164.4,4,0
2025-06-07,tuxtepec,"Tuxtepec, Oax.",18.0833,-96.1167,16,7.99,30.08,23.07,39.449999999999946,69.77,155.65,5,0
2025-06-08,tuxtepec,"Tuxtepec, Oax.",18.0833,-96.1167,16,0.85,31.8,23.46,19.349999999999948,69.67999999999999,148.04,0,0
2025-06-09,tuxtepec,"Tuxtepec, Oax.",18.0833,-96.1167,16,0.13,32.97,24.63,8.969999999999947,68.79,138.11,0,0
2025-06-10,tuxtepec,"Tuxtepec, Oax.",18.0833,-96.1167,16,1.27,30.67,25.15,2.2499999999999467,58.349999999999994,127.64999999999999,0,0
2025-06-11,tuxtepec,"Tuxtepec, Oax.",18.0833,-96.1167,16,9.97,30.84,23.97,11.369999999999948,51.669999999999995,122.36,1,0
2025-06-12,tuxtepec,"Tuxtepec, Oax.",18.0833,-96.1167,16,5.59,32.09,23.82,16.82999999999995,36.309999999999995,117.53999999999999,2,0
2025-06-13,tuxtepec,"Tuxtepec, Oax.",18.0833,-96.1167,16,8.46,31.39,23.7,24.019999999999946,34.26,118.71000000000001,3,0
2025-06-14,tuxtepec,"Tuxtepec, Oax.",18.0833,-96.1167,16,14.47,29.45,23.92,28.519999999999946,40.739999999999995,110.51,4,0
2025-06-15,tuxtepec,"Tuxtepec, Oax.",18.0833,-96.1167,16,6.44,30.54,24.29,29.369999999999948,46.33,116.01,5,0
2025-06-16,tuxtepec,"Tuxtepec, Oax.",18.0833,-96.1167,16,30.2,27.3,23.16,51.10999999999994,76.4,145.19,6,1
2025-06-17,tuxtepec,"Tuxtepec, Oax.",18.0833,-96.1167,16,25.33,27.85,22.21,61.96999999999994,100.46,158.81,7,1
2025-06-18,tuxtepec,"Tuxtepec, Oax.",18.0833,-96.1167,16,39.91,26.38,23.48,95.43999999999994,130.39999999999998,182.07,8,1
2025-06-19,tuxtepec,"Tuxtepec, Oax.",18.0833,-96.1167,16,31.25,27.28,22.63,96.48999999999995,156.06,192.37,9,1
2025-06-20,tuxtepec,"Tuxtepec, Oax.",18.0833,-96.1167,16,7.73,28.29,22.33,78.88999999999993,155.32999999999998,189.59,10,0
2025-06-21,tuxtepec,"Tuxtepec, Oax.",18.0833,-96.1167,16,22.55,26.83,22.93,61.529999999999944,163.41,204.15,11,1
2025-06-22,tuxtepec,"Tuxtepec, Oax.",18.0833,-96.1167,16,32.38,26.07,22.3,62.65999999999995,189.35,235.68,12,1
2025-06-23,tuxtepec,"Tuxtepec, Oax.",18.0833,-96.1167,16,51.4,24.96,20.95,106.32999999999996,210.54999999999998,286.95000000000005,13,1
2025-06-24,tuxtepec,"Tuxtepec, Oax.",18.0833,-96.1167,16,23.44,25.82,20.73,107.21999999999994,208.66,309.12,14,1
2025-06-25,tuxtepec,"Tuxtepec, Oax.",18.0833,-96.1167,16,10.92,26.48,20.5,85.75999999999995,179.67000000000002,310.07,15,0
2025-06-26,tuxtepec,"Tuxtepec, Oax.",18.0833,-96.1167,16,6.93,26.55,20.86,41.28999999999994,155.35,311.40999999999997,16,0
2025-06-27,tuxtepec,"Tuxtepec, Oax.",18.0833,-96.1167,16,9.91,27.41,20.62,27.75999999999994,157.53,312.86,17,0
2025-06-28,tuxtepec,"Tuxtepec, Oax.",18.0833,-96.1167,16,28.43,27.33,21.57,45.26999999999994,163.41,326.82000000000005,18,1
2025-06-29,tuxtepec,"Tuxtepec, Oax.",18.0833,-96.1167,16,38.91,29.06,23.18,77.24999999999994,169.94,359.29,19,1
2025-06-30,tuxtepec,"Tuxtepec, Oax.",18.0833,-96.1167,16,18.66,27.28,22.14,85.99999999999994,137.2,347.75,20,0
2025-07-01,tuxtepec,"Tuxtepec, Oax.",18.0833,-96.1167,16,5.59,28.98,23.07,63.15999999999994,119.35,328.01,21,0
2025-07-02,tuxtepec,"Tuxtepec, Oax.",18.0833,-96.1167,16,6.24,28.22,22.8,30.489999999999945,114.67,294.34000000000003,22,0
2025-07-03,tuxtepec,"Tuxtepec, Oax.",18.0833,-96.1167,16,0.8,29.02,22.49,12.629999999999944,108.53999999999999,263.89000000000004,0,0
2025-07-04,tuxtepec,"Tuxtepec, Oax.",18.0833,-96.1167,16,0.38,28.42,22.5,7.419999999999943,99.00999999999999,256.54,0,0
2025-07-05,tuxtepec,"Tuxtepec, Oax.",18.0833,-96.1167,16,0.83,28.93,23.56,2.009999999999943,71.41,234.82,0,0
2025-07-06,tuxtepec,"Tuxtepec, Oax.",18.0833,-96.1167,16,1.29,30.43,22.89,2.499999999999943,33.79,203.73000000000002,0,0
2025-07-07,tuxtepec,"Tuxtepec, Oax.",18.0833,-96.1167,16,17.25,29.26,23.16,19.369999999999944,32.379999999999995,169.57999999999998,1,0
2025-07-08,tuxtepec,"Tuxtepec, Oax.",18.0833,-96.1167,16,18.27,26.59,22.52,36.809999999999945,45.06,164.41,2,0
2025-07-09,tuxtepec,"Tuxtepec, Oax.",18.0833,-96.1167,16,10.72,26.98,21.21,46.239999999999945,49.54,164.20999999999998,3,0
2025-07-10,tuxtepec,"Tuxtepec, Oax.",18.0833,-96.1167,16,4.95,29.04,21.58,33.93999999999994,53.69,162.23000000000002,0,0
2025-07-11,tuxtepec,"Tuxtepec, Oax.",18.0833,-96.1167,16,9.6,28.96,22.6,25.269999999999943,62.91,161.92000000000002,1,0
2025-07-12,tuxtepec,"Tuxtepec, Oax.",18.0833,-96.1167,16,2.09,28.48,22.89,16.639999999999944,64.17,135.58,0,0
2025-07-13,tuxtepec,"Tuxtepec, Oax.",18.0833,-96.1167,16,3.55,28.78,22.75,15.239999999999942,66.42999999999999,100.22,0,0
2025-07-14,tuxtepec,"Tuxtepec, Oax.",18.0833,-96.1167,16,10.63,29.28,23.03,16.269999999999943,59.81,92.19,1,0
2025-07-15,tuxtepec,"Tuxtepec, Oax.",18.0833,-96.1167,16,3.95,28.21,23.05,18.129999999999942,45.49,90.55,0,0
2025-07-16,tuxtepec,"Tuxtepec, Oax.",18.0833,-96.1167,16,1.54,29.17,21.9,16.11999999999994,36.309999999999995,85.85,0,0
2025-07-17,tuxtepec,"Tuxtepec, Oax.",18.0833,-96.1167,16,3.96,28.86,22.83,9.449999999999942,35.32,89.01,0,0
2025-07-18,tuxtepec,"Tuxtepec, Oax.",18.0833,-96.1167,16,6.55,27.4,22.31,12.049999999999944,32.269999999999996,95.18,1,0
2025-07-19,tuxtepec,"Tuxtepec, Oax.",18.0833,-96.1167,16,37.09,27.21,22.52,47.59999999999995,67.27,131.44,2,1
2025-07-20,tuxtepec,"Tuxtepec, Oax.",18.0833,-96.1167,16,15.51,27.79,22.38,59.14999999999995,79.23,145.66,3,0
2025-07-21,tuxtepec,"Tuxtepec, Oax.",18.0833,-96.1167,16,0.34,28.83,22.0,52.939999999999955,68.93999999999998,128.75,0,0
2025-07-22,tuxtepec,"Tuxtepec, Oax.",18.0833,-96.1167,16,2.96,29.0,22.12,18.80999999999995,67.95,113.44000000000001,0,0
2025-07-23,tuxtepec,"Tuxtepec, Oax.",18.0833,-96.1167,16,18.43,28.89,22.7,21.729999999999947,84.83999999999999,121.15,1,0
2025-07-24,tuxtepec,"Tuxtepec, Oax.",18.0833,-96.1167,16,5.58,28.69,22.42,26.96999999999995,86.46,121.78,2,0
2025-07-25,tuxtepec,"Tuxtepec, Oax.",18.0833,-96.1167,16,5.57,28.47,22.37,29.57999999999995,85.48,117.75000000000001,3,0
2025-07-26,tuxtepec,"Tuxtepec, Oax.",18.0833,-96.1167,16,23.61,27.41,22.65,34.75999999999995,72.0,139.27,4,1
2025-07-27,tuxtepec,"Tuxtepec, Oax.",18.0833,-96.1167,16,40.39,27.24,22.99,69.56999999999995,96.88,176.11,5,1
2025-07-28,tuxtepec,"Tuxtepec, Oax.",18.0833,-96.1167,16,16.6,27.2,21.51,80.59999999999995,113.13999999999999,182.08,6,0
2025-07-29,tuxtepec,"Tuxtepec, Oax.",18.0833,-96.1167,16,17.87,26.7,21.43,74.85999999999996,128.05,196.00000000000003,7,0
2025-07-30,tuxtepec,"Tuxtepec, Oax.",18.0833,-96.1167,16,15.68,27.07,21.53,50.14999999999995,125.3,210.14,8,0
2025-07-31,tuxtepec,"Tuxtepec, Oax.",18.0833,-96.1167,16,24.98,26.12,21.52,58.52999999999995,144.7,231.16000000000003,9,1
2025-08-01,tuxtepec,"Tuxtepec, Oax.",18.0833,-96.1167,16,6.56,26.83,21.66,47.219999999999956,145.69,231.17000000000002,10,0
2025-08-02,tuxtepec,"Tuxtepec, Oax.",18.0833,-96.1167,16,0.88,27.29,21.74,32.41999999999995,122.96,194.96,0,0
2025-08-03,tuxtepec,"Tuxtepec, Oax.",18.0833,-96.1167,16,0.58,28.22,22.26,8.01999999999995,83.14999999999999,180.03,0,0
2025-08-04,tuxtepec,"Tuxtepec, Oax.",18.0833,-96.1167,16,4.28,28.87,22.35,5.7399999999999505,70.83,183.97,0,0
2025-08-05,tuxtepec,"Tuxtepec, Oax.",18.0833,-96.1167,16,32.18,27.49,22.48,37.03999999999995,85.13999999999999,213.19,1,1
2025-08-06,tuxtepec,"Tuxtepec, Oax.",18.0833,-96.1167,16,63.61,25.97,22.62,100.06999999999995,133.07,258.37,2,1
2025-08-07,tuxtepec,"Tuxtepec, Oax.",18.0833,-96.1167,16,9.07,26.84,23.07,104.85999999999996,117.16,261.86,3,0
2025-08-08,tuxtepec,"Tuxtepec, Oax.",18.0833,-96.1167,16,0.59,28.31,22.59,73.26999999999994,111.18999999999998,256.88,0,0
2025-08-09,tuxtepec,"Tuxtepec, Oax.",18.0833,-96.1167,16,0.68,28.56,21.96,10.33999999999995,110.99,233.95,0,0
2025-08-10,tuxtepec,"Tuxtepec, Oax.",18.0833,-96.1167,16,5.33,28.52,23.49,6.59999999999995,115.74,198.89000000000001,1,0
2025-08-11,tuxtepec,"Tuxtepec, Oax.",18.0833,-96.1167,16,7.4,29.45,23.12,13.40999999999995,118.85999999999999,189.69,2,0
2025-08-12,tuxtepec,"Tuxtepec, Oax.",18.0833,-96.1167,16,10.79,29.82,23.69,23.51999999999995,97.46999999999998,182.60999999999999,3,0
2025-08-13,tuxtepec,"Tuxtepec, Oax.",18.0833,-96.1167,16,4.35,28.46,23.34,22.53999999999995,38.209999999999994,171.28,0,0
2025-08-14,tuxtepec,"Tuxtepec, Oax.",18.0833,-96.1167,16,12.44,28.94,23.32,27.57999999999995,41.57999999999999,158.73999999999998,1,0
2025-08-15,tuxtepec,"Tuxtepec, Oax.",18.0833,-96.1167,16,3.58,28.69,23.31,20.369999999999948,44.569999999999986,155.76,0,0
2025-08-16,tuxtepec,"Tuxtepec, Oax.",18.0833,-96.1167,16,4.22,29.43,23.27,20.23999999999995,48.109999999999985,159.1,0,0
2025-08-17,tuxtepec,"Tuxtepec, Oax.",18.0833,-96.1167,16,4.41,27.76,21.86,12.209999999999951,47.18999999999999,162.93,0,0
2025-08-18,tuxtepec,"Tuxtepec, Oax.",18.0833,-96.1167,16,2.03,28.79,22.28,10.65999999999995,41.81999999999999,160.68,0,0
2025-08-19,tuxtepec,"Tuxtepec, Oax.",18.0833,-96.1167,16,2.4,29.15,22.18,8.83999999999995,33.42999999999999,130.9,0,0
2025-08-20,tuxtepec,"Tuxtepec, Oax.",18.0833,-96.1167,16,1.9,29.18,21.99,6.32999999999995,30.97999999999999,69.19,0,0
2025-08-21,tuxtepec,"Tuxtepec, Oax.",18.0833,-96.1167,16,12.77,29.41,22.95,17.06999999999995,31.30999999999999,72.89,1,0
2025-08-22,tuxtepec,"Tuxtepec, Oax.",18.0833,-96.1167,16,12.9,27.99,23.75,27.56999999999995,40.62999999999999,85.19999999999999,2,0
2025-08-23,tuxtepec,"Tuxtepec, Oax.",18.0833,-96.1167,16,12.37,27.95,23.54,38.03999999999995,48.77999999999999,96.89,3,0
2025-08-24,tuxtepec,"Tuxtepec, Oax.",18.0833,-96.1167,16,15.37,28.85,23.49,40.639999999999944,59.739999999999995,106.93,4,0
2025-08-25,tuxtepec,"Tuxtepec, Oax.",18.0833,-96.1167,16,5.05,28.14,22.65,32.78999999999995,62.75999999999999,104.58,5,0
2025-08-26,tuxtepec,"Tuxtepec, Oax.",18.0833,-96.1167,16,40.07,26.65,22.92,60.48999999999995,100.42999999999999,133.85999999999999,6,1
2025-08-27,tuxtepec,"Tuxtepec, Oax.",18.0833,-96.1167,16,16.66,27.36,23.27,61.779999999999944,115.18999999999998,146.17,7,0
2025-08-28,tuxtepec,"Tuxtepec, Oax.",18.0833,-96.1167,16,2.85,28.43,22.15,59.57999999999995,105.27,136.58,0,0
2025-08-29,tuxtepec,"Tuxtepec, Oax.",18.0833,-96.1167,16,6.26,28.16,22.18,25.76999999999995,98.62999999999998,139.26,1,0
2025-08-30,tuxtepec,"Tuxtepec, Oax.",18.0833,-96.1167,16,13.43,28.16,23.04,22.53999999999995,99.69,148.47,2,0
2025-08-31,tuxtepec,"Tuxtepec, Oax.",18.0833,-96.1167,16,16.97,27.63,22.88,36.65999999999995,101.28999999999999,161.03,3,0
2025-09-01,tuxtepec,"Tuxtepec, Oax.",18.0833,-96.1167,16,11.66,28.62,22.73,42.059999999999945,107.89999999999999,170.66,4,0
2025-09-02,tuxtepec,"Tuxtepec, Oax.",18.0833,-96.1167,16,11.01,28.32,23.39,39.63999999999995,78.83999999999999,179.27,5,0
2025-09-03,tuxtepec,"Tuxtepec, Oax.",18.0833,-96.1167,16,13.55,29.27,23.11,36.21999999999995,75.72999999999999,190.92000000000002,6,0
2025-09-04,tuxtepec,"Tuxtepec, Oax.",18.0833,-96.1167,16,16.32,30.14,23.31,40.87999999999995,89.19999999999999,194.47,7,0
2025-09-05,tuxtepec,"Tuxtepec, Oax.",18.0833,-96.1167,16,3.24,29.75,23.49,33.10999999999995,86.17999999999999,184.81,0,0
2025-09-06,tuxtepec,"Tuxtepec, Oax.",18.0833,-96.1167,16,1.15,30.95,23.75,20.709999999999948,73.89999999999999,173.58999999999997,0,0
2025-09-07,tuxtepec,"Tuxtepec, Oax.",18.0833,-96.1167,16,0.49,29.73,24.02,4.879999999999947,57.42,158.71,0,0
2025-09-08,tuxtepec,"Tuxtepec, Oax.",18.0833,-96.1167,16,5.54,29.09,21.98,7.179999999999946,51.3,159.2,1,0
2025-09-09,tuxtepec,"Tuxtepec, Oax.",18.0833,-96.1167,16,9.98,28.61,22.35,16.00999999999995,50.269999999999996,129.11,2,0
2025-09-10,tuxtepec,"Tuxtepec, Oax.",18.0833,-96.1167,16,37.28,25.93,22.98,52.79999999999995,74.0,149.73,3,1
2025-09-11,tuxtepec,"Tuxtepec, Oax.",18.0833,-96.1167,16,8.1,25.99,22.13,55.35999999999995,65.77999999999999,154.98,4,0
2025-09-12,tuxtepec,"Tuxtepec, Oax.",18.0833,-96.1167,16,10.3,26.71,22.44,55.67999999999995,72.83999999999999,159.02,5,0
2025-09-13,tuxtepec,"Tuxtepec, Oax.",18.0833,-96.1167,16,7.86,27.54,21.67,26.259999999999952,79.55,153.45000000000002,6,0
2025-09-14,tuxtepec,"Tuxtepec, Oax.",18.0833,-96.1167,16,10.58,28.49,21.76,28.739999999999952,89.63999999999999,147.06,7,0
2025-09-15,tuxtepec,"Tuxtepec, Oax.",18.0833,-96.1167,16,11.39,28.26,22.63,29.82999999999995,95.49,146.79000000000002,8,0
2025-09-16,tuxtepec,"Tuxtepec, Oax.",18.0833,-96.1167,16,18.89,27.35,22.51,40.85999999999995,104.39999999999999,154.67,9,0
2025-09-17,tuxtepec,"Tuxtepec, Oax.",18.0833,-96.1167,16,21.07,27.74,22.25,51.34999999999995,88.19,162.19,10,1
2025-09-18,tuxtepec,"Tuxtepec, Oax.",18.0833,-96.1167,16,17.15,27.62,22.18,57.10999999999995,97.24,163.02,11,0
2025-09-19,tuxtepec,"Tuxtepec, Oax.",18.0833,-96.1167,16,16.45,27.69,22.24,54.669999999999945,103.38999999999999,176.23000000000002,12,0
2025-09-20,tuxtepec,"Tuxtepec, Oax.",18.0833,-96.1167,16,22.85,26.83,22.57,56.449999999999946,118.38,197.93,13,1
2025-09-21,tuxtepec,"Tuxtepec, Oax.",18.0833,-96.1167,16,16.9,26.88,22.4,56.199999999999946,124.69999999999999,214.33999999999997,14,0
2025-09-22,tuxtepec,"Tuxtepec, Oax.",18.0833,-96.1167,16,8.81,27.91,22.76,48.559999999999945,122.11999999999999,217.60999999999999,15,0
2025-09-23,tuxtepec,"Tuxtepec, Oax.",18.0833,-96.1167,16,31.53,28.02,22.38,57.23999999999995,134.76,239.16000000000003,16,1
2025-09-24,tuxtepec,"Tuxtepec, Oax.",18.0833,-96.1167,16,5.24,28.2,22.66,45.57999999999995,118.92999999999999,207.12,17,0
2025-09-25,tuxtepec,"Tuxtepec, Oax.",18.0833,-96.1167,16,8.51,28.23,23.64,45.279999999999944,110.28999999999999,207.53000000000003,18,0
2025-09-26,tuxtepec,"Tuxtepec, Oax.",18.0833,-96.1167,16,15.18,30.44,23.61,28.929999999999946,109.02000000000001,212.41,19,0
2025-09-27,tuxtepec,"Tuxtepec, Oax.",18.0833,-96.1167,16,13.32,28.02,23.31,37.00999999999995,99.49,217.87,20,0
2025-09-28,tuxtepec,"Tuxtepec, Oax.",18.0833,-96.1167,16,14.13,27.77,22.23,42.629999999999946,96.72,221.42000000000002,21,0
2025-09-29,tuxtepec,"Tuxtepec, Oax.",18.0833,-96.1167,16,6.67,26.9,21.56,34.11999999999995,94.58,216.7,22,0
2025-09-30,tuxtepec,"Tuxtepec, Oax.",18.0833,-96.1167,16,7.23,27.7,22.09,28.029999999999948,70.28,205.04000000000002,23,0
2025-10-01,tuxtepec,"Tuxtepec, Oax.",18.0833,-96.1167,16,4.1,27.68,21.85,17.999999999999947,69.14,188.07000000000002,0,0
2025-10-02,tuxtepec,"Tuxtepec, Oax.",18.0833,-96.1167,16,5.46,26.9,22.29,16.789999999999946,66.08999999999999,176.38,1,0
2025-10-03,tuxtepec,"Tuxtepec, Oax.",18.0833,-96.1167,16,7.9,26.5,21.81,17.459999999999948,58.809999999999995,167.83,2,0
2025-10-04,tuxtepec,"Tuxtepec, Oax.",18.0833,-96.1167,16,5.11,27.7,20.45,18.46999999999995,50.599999999999994,150.09,3,0
2025-10-05,tuxtepec,"Tuxtepec, Oax.",18.0833,-96.1167,16,4.72,28.38,21.65,17.729999999999947,41.18999999999999,137.91,0,0
2025-10-06,tuxtepec,"Tuxtepec, Oax.",18.0833,-96.1167,16,21.49,28.05,22.03,31.319999999999947,56.00999999999999,150.59,1,1
2025-10-07,tuxtepec,"Tuxtepec, Oax.",18.0833,-96.1167,16,40.25,26.31,22.35,66.45999999999995,89.02999999999999,159.31,2,1
2025-10-08,tuxtepec,"Tuxtepec, Oax.",18.0833,-96.1167,16,139.16,25.16,22.48,200.89999999999995,224.08999999999997,293.23,3,1
2025-10-09,tuxtepec,"Tuxtepec, Oax.",18.0833,-96.1167,16,12.03,25.9,22.13,191.43999999999994,230.66,296.75,4,0
2025-10-10,tuxtepec,"Tuxtepec, Oax.",18.0833,-96.1167,16,16.79,26.55,22.2,167.97999999999993,239.54999999999998,298.36,5,0
2025-10-11,tuxtepec,"Tuxtepec, Oax.",18.0833,-96.1167,16,16.51,27.08,21.29,45.32999999999997,250.95000000000002,301.55,6,0
2025-10-12,tuxtepec,"Tuxtepec, Oax.",18.0833,-96.1167,16,0.67,27.21,20.53,33.96999999999997,246.9,288.09000000000003,0,0
2025-10-13,tuxtepec,"Tuxtepec, Oax.",18.0833,-96.1167,16,2.45,26.84,21.25,19.629999999999974,227.85999999999999,283.87,0,0
2025-10-14,tuxtepec,"Tuxtepec, Oax.",18.0833,-96.1167,16,11.42,26.33,20.67,14.53999999999997,199.03,288.05999999999995,1,0
2025-10-15,tuxtepec,"Tuxtepec, Oax.",18.0833,-96.1167,16,5.13,25.47,20.24,18.99999999999997,65.0,289.09000000000003,2,0
2025-10-16,tuxtepec,"Tuxtepec, Oax.",18.0833,-96.1167,16,0.14,27.1,19.79,16.689999999999973,53.11,283.77000000000004,0,0
2025-10-17,tuxtepec,"Tuxtepec, Oax.",18.0833,-96.1167,16,0.72,28.19,21.31,5.98999999999997,37.04,276.59,0,0
2025-10-18,tuxtepec,"Tuxtepec, Oax.",18.0833,-96.1167,16,0.5,28.71,21.83,1.3599999999999697,21.029999999999998,271.97999999999996,0,0
2025-10-19,tuxtepec,"Tuxtepec, Oax.",18.0833,-96.1167,16,17.13,27.72,22.92,18.34999999999997,37.489999999999995,284.39,1,0
2025-10-20,tuxtepec,"Tuxtepec, Oax.",18.0833,-96.1167,16,27.7,25.97,22.59,45.32999999999997,62.739999999999995,290.6,2,1
2025-10-21,tuxtepec,"Tuxtepec, Oax.",18.0833,-96.1167,16,17.61,27.35,21.69,62.43999999999997,68.92999999999999,267.96,3,0
2025-10-22,tuxtepec,"Tuxtepec, Oax.",18.0833,-96.1167,16,8.61,26.61,21.25,53.91999999999997,72.41,137.41,4,0
2025-10-23,tuxtepec,"Tuxtepec, Oax.",18.0833,-96.1167,16,1.18,26.4,19.92,27.39999999999997,73.44999999999999,126.56,0,0
2025-10-24,tuxtepec,"Tuxtepec, Oax.",18.0833,-96.1167,16,0.25,27.24,19.91,10.03999999999997,72.97999999999999,110.02000000000001,0,0
2025-10-25,tuxtepec,"Tuxtepec, Oax.",18.0833,-96.1167,16,0.03,28.13,21.89,1.4599999999999715,72.50999999999999,93.53999999999999,0,0
2025-10-26,tuxtepec,"Tuxtepec, Oax.",18.0833,-96.1167,16,0.0,27.87,20.69,0.2799999999999716,55.379999999999995,92.86999999999999,0,0
2025-10-27,tuxtepec,"Tuxtepec, Oax.",18.0833,-96.1167,16,0.0,27.66,19.65,0.029999999999971577,27.68,90.41999999999999,0,0
2025-10-28,tuxtepec,"Tuxtepec, Oax.",18.0833,-96.1167,16,0.0,27.96,19.62,0.0,10.069999999999999,78.99999999999999,0,0
2025-10-29,tuxtepec,"Tuxtepec, Oax.",18.0833,-96.1167,16,11.59,26.02,17.62,11.589999999999971,13.049999999999999,85.46,1,0
2025-10-30,tuxtepec,"Tuxtepec, Oax.",18.0833,-96.1167,16,1.57,22.74,16.95,13.159999999999972,13.44,86.89,0,0
2025-10-31,tuxtepec,"Tuxtepec, Oax.",18.0833,-96.1167,16,0.05,24.87,16.68,13.20999999999997,13.239999999999998,86.22,0,0
2025-11-01,tuxtepec,"Tuxtepec, Oax.",18.0833,-96.1167,16,0.01,26.02,19.19,1.6299999999999717,13.22,85.72999999999999,0,0
2025-11-02,tuxtepec,"Tuxtepec, Oax.",18.0833,-96.1167,16,8.04,25.01,19.0,8.099999999999971,21.259999999999998,76.64,1,0
2025-11-03,tuxtepec,"Tuxtepec, Oax.",18.0833,-96.1167,16,15.62,23.36,18.44,23.66999999999997,36.879999999999995,64.56,2,0
2025-11-04,tuxtepec,"Tuxtepec, Oax.",18.0833,-96.1167,16,4.11,23.64,16.57,27.76999999999997,40.99,51.059999999999995,0,0
2025-11-05,tuxtepec,"Tuxtepec, Oax.",18.0833,-96.1167,16,0.31,24.82,17.82,20.03999999999997,29.71,42.76,0,0
2025-11-06,tuxtepec,"Tuxtepec, Oax.",18.0833,-96.1167,16,0.03,25.73,18.52,4.449999999999972,28.169999999999998,41.61,0,0
2025-11-07,tuxtepec,"Tuxtepec, Oax.",18.0833,-96.1167,16,0.09,27.71,19.32,0.42999999999997157,28.209999999999997,41.449999999999996,0,0
2025-11-08,tuxtepec,"Tuxtepec, Oax.",18.0833,-96.1167,16,0.01,28.67,20.99,0.12999999999997158,28.21,41.43,0,0
2025-11-09,tuxtepec,"Tuxtepec, Oax.",18.0833,-96.1167,16,13.58,27.3,21.24,13.679999999999971,33.75,55.01,1,0
2025-11-10,tuxtepec,"Tuxtepec, Oax.",18.0833,-96.1167,16,27.65,22.54,17.69,41.23999999999997,45.78,82.66,2,1
2025-11-11,tuxtepec,"Tuxtepec, Oax.",18.0833,-96.1167,16,4.53,20.85,17.2,45.75999999999997,46.199999999999996,87.19,0,0
2025-11-12,tuxtepec,"Tuxtepec, Oax.",18.0833,-96.1167,16,0.17,23.1,16.63,32.349999999999966,46.059999999999995,75.77,0,0
2025-11-13,tuxtepec,"Tuxtepec, Oax.",18.0833,-96.1167,16,0.07,23.96,17.1,4.769999999999972,46.099999999999994,74.27,0,0
2025-11-14,tuxtepec,"Tuxtepec, Oax.",18.0833,-96.1167,16,0.0,24.88,17.83,0.2399999999999716,46.01,74.22,0,0
2025-11-15,tuxtepec,"Tuxtepec, Oax.",18.0833,-96.1167,16,0.0,26.0,18.52,0.06999999999997158,46.0,74.21,0,0
2025-11-16,tuxtepec,"Tuxtepec, Oax.",18.0833,-96.1167,16,0.0,27.53,20.31,0.0,32.419999999999995,66.16999999999999,0,0
2025-11-17,tuxtepec,"Tuxtepec, Oax.",18.0833,-96.1167,16,0.0,28.14,20.88,0.0,4.769999999999997,50.550000000000004,0,0
2025-11-18,tuxtepec,"Tuxtepec, Oax.",18.0833,-96.1167,16,0.0,28.28,22.06,0.0,0.23999999999999647,46.440000000000005,0,0
2025-11-19,tuxtepec,"Tuxtepec, Oax.",18.0833,-96.1167,16,1.2,27.25,21.18,1.1999999999999715,1.2699999999999965,47.33,0,0
2025-11-20,tuxtepec,"Tuxtepec, Oax.",18.0833,-96.1167,16,0.69,27.01,20.28,1.8899999999999715,1.8899999999999963,47.989999999999995,0,0
2025-11-21,tuxtepec,"Tuxtepec, Oax.",18.0833,-96.1167,16,0.01,27.64,21.36,1.8999999999999715,1.8999999999999964,47.910000000000004,0,0
2025-11-22,tuxtepec,"Tuxtepec, Oax.",18.0833,-96.1167,16,1.97,26.33,21.3,2.6699999999999715,3.8699999999999966,49.87,0,0
2025-11-23,tuxtepec,"Tuxtepec, Oax.",18.0833,-96.1167,16,1.32,25.67,20.38,3.2999999999999714,5.189999999999996,37.61,0,0
2025-11-24,tuxtepec,"Tuxtepec, Oax.",18.0833,-96.1167,16,0.14,27.21,20.29,3.4299999999999717,5.3299999999999965,10.1,0,0
2025-11-25,tuxtepec,"Tuxtepec, Oax.",18.0833,-96.1167,16,0.41,26.96,19.89,1.8699999999999717,5.739999999999997,5.9799999999999995,0,0
2025-11-26,tuxtepec,"Tuxtepec, Oax.",18.0833,-96.1167,16,25.6,25.63,20.56,26.149999999999974,30.139999999999997,31.41,1,1
2025-11-27,tuxtepec,"Tuxtepec, Oax.",18.0833,-96.1167,16,11.43,24.95,20.06,37.43999999999997,40.879999999999995,42.769999999999996,2,0
2025-11-28,tuxtepec,"Tuxtepec, Oax.",18.0833,-96.1167,16,29.2,23.92,19.77,66.22999999999998,70.07,71.97,3,1
2025-11-29,tuxtepec,"Tuxtepec, Oax.",18.0833,-96.1167,16,2.35,25.49,18.76,42.97999999999997,70.45,74.32,0,0
2025-11-30,tuxtepec,"Tuxtepec, Oax.",18.0833,-96.1167,16,0.0,25.55,19.55,31.549999999999972,69.13,74.32,0,0
2025-12-01,tuxtepec,"Tuxtepec, Oax.",18.0833,-96.1167,16,0.1,26.19,18.95,2.4499999999999718,69.08999999999999,74.42,0,0
2025-12-02,tuxtepec,"Tuxtepec, Oax.",18.0833,-96.1167,16,0.11,26.26,20.15,0.2099999999999716,68.78999999999999,74.53,0,0
2025-12-03,tuxtepec,"Tuxtepec, Oax.",18.0833,-96.1167,16,0.04,26.69,20.68,0.24999999999997158,43.23,73.36999999999999,0,0
2025-12-04,tuxtepec,"Tuxtepec, Oax.",18.0833,-96.1167,16,0.02,27.87,21.16,0.1699999999999716,31.819999999999997,72.7,0,0
2025-12-05,tuxtepec,"Tuxtepec, Oax.",18.0833,-96.1167,16,1.2,26.25,20.11,1.2599999999999716,3.8199999999999967,73.88999999999999,0,0
2025-12-06,tuxtepec,"Tuxtepec, Oax.",18.0833,-96.1167,16,0.41,27.08,21.02,1.6299999999999715,1.8799999999999963,72.33,0,0
2025-12-07,tuxtepec,"Tuxtepec, Oax.",18.0833,-96.1167,16,0.03,27.59,21.29,1.6399999999999715,1.9099999999999964,71.04,0,0
2025-12-08,tuxtepec,"Tuxtepec, Oax.",18.0833,-96.1167,16,12.57,25.24,16.95,13.009999999999971,14.379999999999997,83.47,1,0
2025-12-09,tuxtepec,"Tuxtepec, Oax.",18.0833,-96.1167,16,1.84,22.08,16.08,14.439999999999971,16.11,84.9,0,0
2025-12-10,tuxtepec,"Tuxtepec, Oax.",18.0833,-96.1167,16,0.06,24.78,17.13,14.469999999999972,16.13,59.35999999999999,0,0
2025-12-11,tuxtepec,"Tuxtepec, Oax.",18.0833,-96.1167,16,0.57,24.08,18.86,2.4699999999999713,16.68,48.49999999999999,0,0
2025-12-12,tuxtepec,"Tuxtepec, Oax.",18.0833,-96.1167,16,0.02,26.07,18.5,0.6499999999999715,15.499999999999998,19.32,0,0
2025-12-13,tuxtepec,"Tuxtepec, Oax.",18.0833,-96.1167,16,0.09,26.83,19.28,0.6799999999999714,15.179999999999998,17.06,0,0
2025-12-14,tuxtepec,"Tuxtepec, Oax.",18.0833,-96.1167,16,20.85,25.89,20.02,20.959999999999972,36.0,37.91,1,1
2025-12-15,tuxtepec,"Tuxtepec, Oax.",18.0833,-96.1167,16,7.71,23.88,18.65,28.649999999999974,31.14,45.519999999999996,2,0
2025-12-16,tuxtepec,"Tuxtepec, Oax.",18.0833,-96.1167,16,1.35,24.25,17.55,29.90999999999997,30.65,46.76,0,0
2025-12-17,tuxtepec,"Tuxtepec, Oax.",18.0833,-96.1167,16,0.01,25.82,18.2,9.069999999999972,30.6,46.73,0,0
2025-12-18,tuxtepec,"Tuxtepec, Oax.",18.0833,-96.1167,16,0.17,26.16,20.08,1.5299999999999716,30.2,46.88,0,0
2025-12-19,tuxtepec,"Tuxtepec, Oax.",18.0833,-96.1167,16,9.27,24.28,19.68,9.44999999999997,39.45,54.95,1,0
2025-12-20,tuxtepec,"Tuxtepec, Oax.",18.0833,-96.1167,16,0.67,25.51,18.67,10.109999999999971,40.03,55.21000000000001,0,0
2025-12-21,tuxtepec,"Tuxtepec, Oax.",18.0833,-96.1167,16,8.05,25.14,19.94,17.989999999999974,27.23,63.230000000000004,1,0
2025-12-22,tuxtepec,"Tuxtepec, Oax.",18.0833,-96.1167,16,14.96,24.53,19.99,23.67999999999997,34.480000000000004,65.62,2,0
2025-12-23,tuxtepec,"Tuxtepec, Oax.",18.0833,-96.1167,16,9.36,23.81,18.66,32.36999999999997,42.489999999999995,73.14,3,0
2025-12-24,tuxtepec,"Tuxtepec, Oax.",18.0833,-96.1167,16,3.48,24.38,18.68,27.799999999999972,45.96,76.56,0,0
2025-12-25,tuxtepec,"Tuxtepec, Oax.",18.0833,-96.1167,16,9.41,22.55,18.38,22.24999999999997,55.2,85.4,1,0
2025-12-26,tuxtepec,"Tuxtepec, Oax.",18.0833,-96.1167,16,1.87,24.16,17.58,14.759999999999973,47.800000000000004,87.25000000000001,0,0
2025-12-27,tuxtepec,"Tuxtepec, Oax.",18.0833,-96.1167,16,0.02,24.61,15.84,11.299999999999972,47.15,87.18,0,0
2025-12-28,tuxtepec,"Tuxtepec, Oax.",18.0833,-96.1167,16,0.08,25.9,17.71,1.9699999999999718,39.18,66.41,0,0
2025-12-29,tuxtepec,"Tuxtepec, Oax.",18.0833,-96.1167,16,19.8,24.32,18.62,19.899999999999974,44.019999999999996,78.5,1,0
2025-12-30,tuxtepec,"Tuxtepec, Oax.",18.0833,-96.1167,16,13.39,19.91,12.67,33.269999999999975,48.05,90.53999999999999,2,0
2025-12-31,tuxtepec,"Tuxtepec, Oax.",18.0833,-96.1167,16,4.44,18.91,12.83,37.629999999999974,49.010000000000005,94.97,0,0
2026-01-01,tuxtepec,"Tuxtepec, Oax.",18.0833,-96.1167,16,0.11,23.24,14.51,17.939999999999973,39.71,94.91,0,0
2026-01-02,tuxtepec,"Tuxtepec, Oax.",18.0833,-96.1167,16,0.0,24.59,16.44,4.549999999999972,37.84,85.64,0,0
2026-01-03,tuxtepec,"Tuxtepec, Oax.",18.0833,-96.1167,16,0.0,26.27,17.71,0.10999999999997158,37.82,84.97,0,0
2026-01-04,tuxtepec,"Tuxtepec, Oax.",18.0833,-96.1167,16,0.0,24.71,17.54,0.0,37.74,76.91999999999999,0,0
2026-01-05,tuxtepec,"Tuxtepec, Oax.",18.0833,-96.1167,16,0.0,25.51,16.36,0.0,17.94,61.96,0,0
2026-01-06,tuxtepec,"Tuxtepec, Oax.",18.0833,-96.1167,16,0.0,24.97,16.46,0.0,4.550000000000001,52.6,0,0
2026-01-07,tuxtepec,"Tuxtepec, Oax.",18.0833,-96.1167,16,0.0,24.75,14.66,0.0,0.11,49.120000000000005,0,0
2026-01-08,tuxtepec,"Tuxtepec, Oax.",18.0833,-96.1167,16,0.0,27.16,15.68,0.0,0.0,39.71,0,0
2026-01-09,tuxtepec,"Tuxtepec, Oax.",18.0833,-96.1167,16,0.0,29.45,16.79,0.0,0.0,37.84,0,0
2026-01-10,tuxtepec,"Tuxtepec, Oax.",18.0833,-96.1167,16,3.2,25.43,16.85,3.1999999999999718,3.2,41.02,0,0
2026-01-11,tuxtepec,"Tuxtepec, Oax.",18.0833,-96.1167,16,12.29,16.87,12.9,15.48999999999997,15.489999999999998,53.230000000000004,1,0
2026-01-12,tuxtepec,"Tuxtepec, Oax.",18.0833,-96.1167,16,1.63,18.48,12.54,17.11999999999997,17.119999999999997,35.06,0,0
2026-01-13,tuxtepec,"Tuxtepec, Oax.",18.0833,-96.1167,16,4.11,21.3,14.61,18.029999999999973,21.229999999999997,25.78,0,0
2026-01-14,tuxtepec,"Tuxtepec, Oax.",18.0833,-96.1167,16,1.58,23.42,16.6,7.319999999999972,22.81,22.919999999999998,0,0
2026-01-15,tuxtepec,"Tuxtepec, Oax.",18.0833,-96.1167,16,0.96,20.99,15.51,6.649999999999972,23.77,23.77,0,0
2026-01-16,tuxtepec,"Tuxtepec, Oax.",18.0833,-96.1167,16,0.05,23.09,14.67,2.5899999999999714,23.82,23.82,0,0
2026-01-17,tuxtepec,"Tuxtepec, Oax.",18.0833,-96.1167,16,0.47,23.76,17.54,1.4799999999999716,21.09,24.29,0,0
2026-01-18,tuxtepec,"Tuxtepec, Oax.",18.0833,-96.1167,16,7.78,18.37,13.99,8.299999999999972,16.58,32.07,1,0
2026-01-19,tuxtepec,"Tuxtepec, Oax.",18.0833,-96.1167,16,1.47,18.8,13.22,9.71999999999997,16.42,33.54,0,0
2026-01-20,tuxtepec,"Tuxtepec, Oax.",18.0833,-96.1167,16,1.15,21.16,14.92,10.399999999999972,13.459999999999999,34.69,0,0
2026-01-21,tuxtepec,"Tuxtepec, Oax.",18.0833,-96.1167,16,0.28,23.24,15.39,2.8999999999999715,12.16,34.97,0,0
2026-01-22,tuxtepec,"Tuxtepec, Oax.",18.0833,-96.1167,16,0.0,23.99,16.99,1.4299999999999715,11.2,34.97,0,0
2026-01-23,tuxtepec,"Tuxtepec, Oax.",18.0833,-96.1167,16,0.13,25.54,16.69,0.4099999999999716,11.28,35.1,0,0
2026-01-24,tuxtepec,"Tuxtepec, Oax.",18.0833,-96.1167,16,0.06,28.34,18.63,0.18999999999997158,10.87,31.96,0,0
2026-01-25,tuxtepec,"Tuxtepec, Oax.",18.0833,-96.1167,16,1.11,31.35,19.35,1.2999999999999716,4.2,20.78,0,0
2026-01-26,tuxtepec,"Tuxtepec, Oax.",18.0833,-96.1167,16,6.73,19.77,11.3,7.899999999999972,9.46,25.880000000000003,1,0
2026-01-27,tuxtepec,"Tuxtepec, Oax.",18.0833,-96.1167,16,1.8,16.48,10.43,9.639999999999972,10.110000000000001,23.570000000000004,0,0
2026-01-28,tuxtepec,"Tuxtepec, Oax.",18.0833,-96.1167,16,1.44,20.96,13.87,9.969999999999972,11.270000000000001,23.43,0,0
2026-01-29,tuxtepec,"Tuxtepec, Oax.",18.0833,-96.1167,16,0.27,23.87,15.14,3.5099999999999714,11.540000000000001,22.74,0,0
2026-01-30,tuxtepec,"Tuxtepec, Oax.",18.0833,-96.1167,16,1.1,23.13,16.95,2.8099999999999716,12.51,23.79,0,0
2026-01-31,tuxtepec,"Tuxtepec, Oax.",18.0833,-96.1167,16,2.92,18.08,13.85,4.289999999999972,15.370000000000001,26.240000000000002,0,0
2026-02-01,tuxtepec,"Tuxtepec, Oax.",18.0833,-96.1167,16,4.12,18.04,13.3,8.139999999999972,18.380000000000003,22.58,0,0
2026-02-02,tuxtepec,"Tuxtepec, Oax.",18.0833,-96.1167,16,0.67,18.64,13.51,7.7099999999999715,12.32,21.78,0,0
2026-02-03,tuxtepec,"Tuxtepec, Oax.",18.0833,-96.1167,16,0.0,21.2,11.92,4.789999999999972,10.52,20.630000000000003,0,0
2026-02-04,tuxtepec,"Tuxtepec, Oax.",18.0833,-96.1167,16,0.41,22.57,13.3,1.0799999999999716,9.49,20.76,0,0
2026-02-05,tuxtepec,"Tuxtepec, Oax.",18.0833,-96.1167,16,3.6,18.82,14.54,4.009999999999971,12.82,24.36,0,0
2026-02-06,tuxtepec,"Tuxtepec, Oax.",18.0833,-96.1167,16,0.7,20.86,13.43,4.7099999999999715,12.420000000000002,24.930000000000003,0,0
2026-02-07,tuxtepec,"Tuxtepec, Oax.",18.0833,-96.1167,16,0.13,21.92,14.66,4.429999999999971,9.629999999999999,25.0,0,0
2026-02-08,tuxtepec,"Tuxtepec, Oax.",18.0833,-96.1167,16,0.0,21.46,13.58,0.8299999999999715,5.51,23.89,0,0
2026-02-09,tuxtepec,"Tuxtepec, Oax.",18.0833,-96.1167,16,0.0,22.06,11.3,0.12999999999997158,4.84,17.16,0,0
2026-02-10,tuxtepec,"Tuxtepec, Oax.",18.0833,-96.1167,16,0.0,23.99,13.13,0.0,4.84,15.360000000000001,0,0
2026-02-11,tuxtepec,"Tuxtepec, Oax.",18.0833,-96.1167,16,0.0,24.5,15.64,0.0,4.43,13.920000000000002,0,0
2026-02-12,tuxtepec,"Tuxtepec, Oax.",18.0833,-96.1167,16,0.0,24.56,15.85,0.0,0.83,13.65,0,0
2026-02-13,tuxtepec,"Tuxtepec, Oax.",18.0833,-96.1167,16,0.0,25.49,16.09,0.0,0.13,12.55,0,0
2026-02-14,tuxtepec,"Tuxtepec, Oax.",18.0833,-96.1167,16,0.0,28.16,17.67,0.0,0.0,9.63,0,0
2026-02-15,tuxtepec,"Tuxtepec, Oax.",18.0833,-96.1167,16,0.18,26.82,19.1,0.17999999999997157,0.18,5.69,0,0
2026-02-16,tuxtepec,"Tuxtepec, Oax.",18.0833,-96.1167,16,0.0,25.58,17.62,0.17999999999997157,0.18,5.0200000000000005,0,0
2026-02-17,tuxtepec,"Tuxtepec, Oax.",18.0833,-96.1167,16,0.0,25.57,17.12,0.17999999999997157,0.18,5.0200000000000005,0,0
2026-02-18,tuxtepec,"Tuxtepec, Oax.",18.0833,-96.1167,16,0.0,28.31,16.62,0.0,0.18,4.61,0,0
2026-02-19,tuxtepec,"Tuxtepec, Oax.",18.0833,-96.1167,16,0.0,32.32,19.04,0.0,0.18,1.01,0,0
2026-02-20,tuxtepec,"Tuxtepec, Oax.",18.0833,-96.1167,16,0.0,31.35,19.11,0.0,0.18,0.31,0,0
2026-02-21,tuxtepec,"Tuxtepec, Oax.",18.0833,-96.1167,16,0.0,29.66,19.06,0.0,0.18,0.18,0,0
2026-02-22,tuxtepec,"Tuxtepec, Oax.",18.0833,-96.1167,16,14.27,24.87,15.22,14.269999999999971,14.27,14.45,1,0
2026-02-23,tuxtepec,"Tuxtepec, Oax.",18.0833,-96.1167,16,3.87,17.04,14.09,18.139999999999972,18.14,18.32,0,0
2026-02-24,tuxtepec,"Tuxtepec, Oax.",18.0833,-96.1167,16,0.28,20.56,13.16,18.41999999999997,18.419999999999998,18.599999999999998,0,0
2026-02-25,tuxtepec,"Tuxtepec, Oax.",18.0833,-96.1167,16,0.0,24.98,12.97,4.149999999999972,18.419999999999998,18.599999999999998,0,0
2026-02-26,tuxtepec,"Tuxtepec, Oax.",18.0833,-96.1167,16,0.0,29.83,15.67,0.2799999999999716,18.419999999999998,18.599999999999998,0,0
2026-02-27,tuxtepec,"Tuxtepec, Oax.",18.0833,-96.1167,16,0.0,28.88,18.79,0.0,18.419999999999998,18.599999999999998,0,0
2026-02-28,tuxtepec,"Tuxtepec, Oax.",18.0833,-96.1167,16,0.0,27.34,17.16,0.0,18.419999999999998,18.599999999999998,0,0
2026-03-01,tuxtepec,"Tuxtepec, Oax.",18.0833,-96.1167,16,0.61,25.45,17.59,0.6099999999999716,4.76,19.03,0,0
2026-03-02,tuxtepec,"Tuxtepec, Oax.",18.0833,-96.1167,16,0.96,25.15,18.11,1.5699999999999714,1.85,19.99,0,0
2026-03-03,tuxtepec,"Tuxtepec, Oax.",18.0833,-96.1167,16,1.81,25.71,18.9,3.3799999999999715,3.38,21.8,0,0
2026-03-04,tuxtepec,"Tuxtepec, Oax.",18.0833,-96.1167,16,0.32,26.49,18.41,3.0899999999999714,3.7,22.12,0,0
2026-03-05,tuxtepec,"Tuxtepec, Oax.",18.0833,-96.1167,16,0.4,26.87,18.8,2.529999999999972,4.1000000000000005,22.52,0,0
2026-03-06,tuxtepec,"Tuxtepec, Oax.",18.0833,-96.1167,16,1.08,28.43,19.31,1.7999999999999716,5.18,23.6,0,0
2026-03-07,tuxtepec,"Tuxtepec, Oax.",18.0833,-96.1167,16,1.2,29.32,20.41,2.6799999999999713,6.38,24.8,0,0
2026-03-08,tuxtepec,"Tuxtepec, Oax.",18.0833,-96.1167,16,1.16,28.16,21.07,3.4399999999999715,6.93,11.69,0,0
2026-03-09,tuxtepec,"Tuxtepec, Oax.",18.0833,-96.1167,16,1.35,27.8,19.98,3.7099999999999715,7.32,9.17,0,0
2026-03-10,tuxtepec,"Tuxtepec, Oax.",18.0833,-96.1167,16,0.12,28.28,20.12,2.6299999999999715,5.63,9.010000000000002,0,0
2026-03-11,tuxtepec,"Tuxtepec, Oax.",18.0833,-96.1167,16,0.33,29.81,19.54,1.7999999999999716,5.64,9.340000000000002,0,0
2026-03-12,tuxtepec,"Tuxtepec, Oax.",18.0833,-96.1167,16,7.42,25.29,18.29,7.869999999999972,12.66,16.76,1,0
2026-03-13,tuxtepec,"Tuxtepec, Oax.",18.0833,-96.1167,16,0.41,25.12,17.63,8.159999999999972,11.99,17.17,0,0
2026-03-14,tuxtepec,"Tuxtepec, Oax.",18.0833,-96.1167,16,0.0,27.25,16.15,7.829999999999972,10.79,17.17,0,0
2026-03-15,tuxtepec,"Tuxtepec, Oax.",18.0833,-96.1167,16,0.09,30.18,17.86,0.4999999999999716,9.72,16.650000000000002,0,0
2026-03-16,tuxtepec,"Tuxtepec, Oax.",18.0833,-96.1167,16,10.65,27.19,15.3,10.739999999999972,19.02,26.34,1,0
2026-03-17,tuxtepec,"Tuxtepec, Oax.",18.0833,-96.1167,16,5.41,17.51,14.19,16.14999999999997,24.31,29.94,2,0
2026-03-18,tuxtepec,"Tuxtepec, Oax.",18.0833,-96.1167,16,2.79,23.14,13.84,18.849999999999973,26.77,32.410000000000004,0,0
2026-03-19,tuxtepec,"Tuxtepec, Oax.",18.0833,-96.1167,16,5.19,22.79,16.05,13.389999999999972,24.540000000000003,37.2,1,0
2026-03-20,tuxtepec,"Tuxtepec, Oax.",18.0833,-96.1167,16,3.9,22.26,16.84,11.879999999999972,28.03,40.019999999999996,0,0
2026-03-21,tuxtepec,"Tuxtepec, Oax.",18.0833,-96.1167,16,0.57,23.95,14.99,9.659999999999972,28.6,39.39,0,0
2026-03-22,tuxtepec,"Tuxtepec, Oax.",18.0833,-96.1167,16,0.34,24.74,16.18,4.809999999999971,28.85,38.57,0,0
2026-03-23,tuxtepec,"Tuxtepec, Oax.",18.0833,-96.1167,16,2.76,25.57,17.95,3.6699999999999715,20.96,39.98,0,0
2026-03-24,tuxtepec,"Tuxtepec, Oax.",18.0833,-96.1167,16,0.0,-999.0,-999.0,3.0999999999999717,15.55,39.86,0,0
2026-03-25,tuxtepec,"Tuxtepec, Oax.",18.0833,-96.1167,16,0.0,-999.0,-999.0,2.7599999999999714,12.760000000000002,39.53,0,0
2026-03-26,tuxtepec,"Tuxtepec, Oax.",18.0833,-96.1167,16,0.0,-999.0,-999.0,0.0,7.57,32.11,0,0
2026-03-27,tuxtepec,"Tuxtepec, Oax.",18.0833,-96.1167,16,1.86,26.63,17.44,1.8599999999999717,5.53,33.56,0,0
2026-03-28,tuxtepec,"Tuxtepec, Oax.",18.0833,-96.1167,16,6.42,23.89,17.19,8.279999999999971,11.379999999999999,39.98,1,0
2026-03-29,tuxtepec,"Tuxtepec, Oax.",18.0833,-96.1167,16,1.82,23.63,17.01,10.099999999999971,12.86,41.71,0,0
2026-03-30,tuxtepec,"Tuxtepec, Oax.",18.0833,-96.1167,16,0.28,25.48,16.44,8.519999999999973,10.38,31.34,0,0
2026-03-31,tuxtepec,"Tuxtepec, Oax.",18.0833,-96.1167,16,7.91,26.49,19.02,10.009999999999973,18.29,33.84,1,0
2026-04-01,tuxtepec,"Tuxtepec, Oax.",18.0833,-96.1167,16,3.02,26.55,18.99,11.209999999999972,21.310000000000002,34.07,0,0
2026-04-02,tuxtepec,"Tuxtepec, Oax.",18.0833,-96.1167,16,0.27,28.36,18.36,11.199999999999973,21.580000000000002,29.15,0,0
2026-04-03,tuxtepec,"Tuxtepec, Oax.",18.0833,-96.1167,16,0.28,28.43,20.36,3.5699999999999728,20.0,25.53,0,0
2026-04-04,tuxtepec,"Tuxtepec, Oax.",18.0833,-96.1167,16,0.0,-999.0,-999.0,0.5499999999999725,13.58,24.96,0,0
2026-04-05,tuxtepec,"Tuxtepec, Oax.",18.0833,-96.1167,16,0.0,-999.0,-999.0,0.2799999999999725,11.760000000000002,24.62,0,0
2026-04-06,tuxtepec,"Tuxtepec, Oax.",18.0833,-96.1167,16,0.0,-999.0,-999.0,0.0,11.48,21.86,0,0
2026-04-07,tuxtepec,"Tuxtepec, Oax.",18.0833,-96.1167,16,0.0,-999.0,-999.0,0.0,3.5700000000000003,21.86,0,0
2026-04-08,tuxtepec,"Tuxtepec, Oax.",18.0833,-96.1167,16,0.0,-999.0,-999.0,0.0,0.55,21.86,0,0
2026-04-09,tuxtepec,"Tuxtepec, Oax.",18.0833,-96.1167,16,0.0,-999.0,-999.0,0.0,0.28,21.86,0,0
2026-04-10,tuxtepec,"Tuxtepec, Oax.",18.0833,-96.1167,16,0.0,-999.0,-999.0,0.0,0.0,20.0,0,0
2026-04-11,tuxtepec,"Tuxtepec, Oax.",18.0833,-96.1167,16,0.0,-999.0,-999.0,0.0,0.0,13.58,0,0
2026-04-12,tuxtepec,"Tuxtepec, Oax.",18.0833,-96.1167,16,0.0,-999.0,-999.0,0.0,0.0,11.76,0,0
2026-04-13,tuxtepec,"Tuxtepec, Oax.",18.0833,-96.1167,16,0.0,-999.0,-999.0,0.0,0.0,11.48,0,0
2026-04-14,tuxtepec,"Tuxtepec, Oax.",18.0833,-96.1167,16,0.0,-999.0,-999.0,0.0,0.0,3.5700000000000003,0,0
2026-04-15,tuxtepec,"Tuxtepec, Oax.",18.0833,-96.1167,16,0.0,-999.0,-999.0,0.0,0.0,0.55,0,0
2026-04-16,tuxtepec,"Tuxtepec, Oax.",18.0833,-96.1167,16,0.0,-999.0,-999.0,0.0,0.0,0.28,0,0
2026-04-17,tuxtepec,"Tuxtepec, Oax.",18.0833,-96.1167,16,0.0,-999.0,-999.0,0.0,0.0,0.0,0,0
2026-04-18,tuxtepec,"Tuxtepec, Oax.",18.0833,-96.1167,16,0.0,-999.0,-999.0,0.0,0.0,0.0,0,0
2026-04-19,tuxtepec,"Tuxtepec, Oax.",18.0833,-96.1167,16,0.0,-999.0,-999.0,0.0,0.0,0.0,0,0
2026-04-20,tuxtepec,"Tuxtepec, Oax.",18.0833,-96.1167,16,0.0,-999.0,-999.0,0.0,0.0,0.0,0,0
2026-04-21,tuxtepec,"Tuxtepec, Oax.",18.0833,-96.1167,16,0.0,-999.0,-999.0,0.0,0.0,0.0,0,0
2026-04-22,tuxtepec,"Tuxtepec, Oax.",18.0833,-96.1167,16,0.0,-999.0,-999.0,0.0,0.0,0.0,0,0
2026-04-23,tuxtepec,"Tuxtepec, Oax.",18.0833,-96.1167,16,0.0,-999.0,-999.0,0.0,0.0,0.0,0,0
2026-04-24,tuxtepec,"Tuxtepec, Oax.",18.0833,-96.1167,16,0.0,-999.0,-999.0,0.0,0.0,0.0,0,0
2026-04-25,tuxtepec,"Tuxtepec, Oax.",18.0833,-96.1167,16,0.0,-999.0,-999.0,0.0,0.0,0.0,0,0
2026-04-26,tuxtepec,"Tuxtepec, Oax.",18.0833,-96.1167,16,0.0,-999.0,-999.0,0.0,0.0,0.0,0,0
2026-04-27,tuxtepec,"Tuxtepec, Oax.",18.0833,-96.1167,16,0.0,-999.0,-999.0,0.0,0.0,0.0,0,0
2026-04-28,tuxtepec,"Tuxtepec, Oax.",18.0833,-96.1167,16,0.0,-999.0,-999.0,0.0,0.0,0.0,0,0
2026-04-29,tuxtepec,"Tuxtepec, Oax.",18.0833,-96.1167,16,0.0,-999.0,-999.0,0.0,0.0,0.0,0,0
2026-04-30,tuxtepec,"Tuxtepec, Oax.",18.0833,-96.1167,16,0.0,-999.0,-999.0,0.0,0.0,0.0,0,0
2026-05-01,tuxtepec,"Tuxtepec, Oax.",18.0833,-96.1167,16,0.0,-999.0,-999.0,0.0,0.0,0.0,0,0
2026-05-02,tuxtepec,"Tuxtepec, Oax.",18.0833,-96.1167,16,0.0,-999.0,-999.0,0.0,0.0,0.0,0,0
2026-05-03,tuxtepec,"Tuxtepec, Oax.",18.0833,-96.1167,16,0.0,-999.0,-999.0,0.0,0.0,0.0,0,0
2026-05-04,tuxtepec,"Tuxtepec, Oax.",18.0833,-96.1167,16,0.0,-999.0,-999.0,0.0,0.0,0.0,0,0
2026-05-05,tuxtepec,"Tuxtepec, Oax.",18.0833,-96.1167,16,0.0,-999.0,-999.0,0.0,0.0,0.0,0,0
2026-05-06,tuxtepec,"Tuxtepec, Oax.",18.0833,-96.1167,16,0.0,-999.0,-999.0,0.0,0.0,0.0,0,0
2026-05-07,tuxtepec,"Tuxtepec, Oax.",18.0833,-96.1167,16,0.0,-999.0,-999.0,0.0,0.0,0.0,0,0
2026-05-08,tuxtepec,"Tuxtepec, Oax.",18.0833,-96.1167,16,0.0,-999.0,-999.0,0.0,0.0,0.0,0,0
2026-05-09,tuxtepec,"Tuxtepec, Oax.",18.0833,-96.1167,16,0.0,-999.0,-999.0,0.0,0.0,0.0,0,0
2026-05-10,tuxtepec,"Tuxtepec, Oax.",18.0833,-96.1167,16,0.0,-999.0,-999.0,0.0,0.0,0.0,0,0
2026-05-11,tuxtepec,"Tuxtepec, Oax.",18.0833,-96.1167,16,0.0,-999.0,-999.0,0.0,0.0,0.0,0,0
2026-05-12,tuxtepec,"Tuxtepec, Oax.",18.0833,-96.1167,16,0.0,-999.0,-999.0,0.0,0.0,0.0,0,0
2026-05-13,tuxtepec,"Tuxtepec, Oax.",18.0833,-96.1167,16,0.0,-999.0,-999.0,0.0,0.0,0.0,0,0
2026-05-14,tuxtepec,"Tuxtepec, Oax.",18.0833,-96.1167,16,0.0,-999.0,-999.0,0.0,0.0,0.0,0,0
2026-05-15,tuxtepec,"Tuxtepec, Oax.",18.0833,-96.1167,16,0.0,-999.0,-999.0,0.0,0.0,0.0,0,0
2026-05-16,tuxtepec,"Tuxtepec, Oax.",18.0833,-96.1167,16,0.0,-999.0,-999.0,0.0,0.0,0.0,0,0
2026-05-17,tuxtepec,"Tuxtepec, Oax.",18.0833,-96.1167,16,0.0,-999.0,-999.0,0.0,0.0,0.0,0,0
2026-05-18,tuxtepec,"Tuxtepec, Oax.",18.0833,-96.1167,16,0.0,-999.0,-999.0,0.0,0.0,0.0,0,0
