date,zona_key,zona,lat,lon,pct_prod,lluvia_mm,tmax,tmin,lluvia_3d,lluvia_7d,lluvia_14d,dias_lluvia_consec,evento_lluvia
2018-01-01,slp,"Cd. Valles, SLP",21.9833,-99.0167,5,0.42,18.79,8.02,0.42,0.42,0.42,0,0
2018-01-02,slp,"Cd. Valles, SLP",21.9833,-99.0167,5,0.17,16.75,7.6,0.59,0.59,0.59,0,0
2018-01-03,slp,"Cd. Valles, SLP",21.9833,-99.0167,5,0.5,13.72,6.53,1.0899999999999999,1.0899999999999999,1.0899999999999999,0,0
2018-01-04,slp,"Cd. Valles, SLP",21.9833,-99.0167,5,0.0,18.06,6.46,0.67,1.0899999999999999,1.0899999999999999,0,0
2018-01-05,slp,"Cd. Valles, SLP",21.9833,-99.0167,5,0.0,21.22,7.85,0.5,1.0899999999999999,1.0899999999999999,0,0
2018-01-06,slp,"Cd. Valles, SLP",21.9833,-99.0167,5,0.14,24.28,12.55,0.14,1.23,1.23,0,0
2018-01-07,slp,"Cd. Valles, SLP",21.9833,-99.0167,5,0.07,26.63,13.86,0.21000000000000002,1.3,1.3,0,0
2018-01-08,slp,"Cd. Valles, SLP",21.9833,-99.0167,5,0.0,27.68,14.6,0.21000000000000002,0.8800000000000001,1.3,0,0
2018-01-09,slp,"Cd. Valles, SLP",21.9833,-99.0167,5,0.0,26.62,12.87,0.07,0.71,1.3,0,0
2018-01-10,slp,"Cd. Valles, SLP",21.9833,-99.0167,5,0.0,27.42,12.14,0.0,0.21000000000000002,1.3,0,0
2018-01-11,slp,"Cd. Valles, SLP",21.9833,-99.0167,5,0.0,33.54,13.53,0.0,0.21000000000000002,1.3,0,0
2018-01-12,slp,"Cd. Valles, SLP",21.9833,-99.0167,5,0.0,22.11,11.12,0.0,0.21000000000000002,1.3,0,0
2018-01-13,slp,"Cd. Valles, SLP",21.9833,-99.0167,5,0.0,22.31,8.05,0.0,0.07,1.3,0,0
2018-01-14,slp,"Cd. Valles, SLP",21.9833,-99.0167,5,0.0,21.41,9.98,0.0,0.0,1.3,0,0
2018-01-15,slp,"Cd. Valles, SLP",21.9833,-99.0167,5,0.01,22.37,8.63,0.01,0.01,0.89,0,0
2018-01-16,slp,"Cd. Valles, SLP",21.9833,-99.0167,5,8.91,19.85,4.63,8.92,8.92,9.63,1,0
2018-01-17,slp,"Cd. Valles, SLP",21.9833,-99.0167,5,2.75,8.06,3.65,11.67,11.67,11.88,0,0
2018-01-18,slp,"Cd. Valles, SLP",21.9833,-99.0167,5,1.32,14.38,5.46,12.98,12.99,13.200000000000001,0,0
2018-01-19,slp,"Cd. Valles, SLP",21.9833,-99.0167,5,0.28,23.91,9.5,4.35,13.27,13.48,0,0
2018-01-20,slp,"Cd. Valles, SLP",21.9833,-99.0167,5,0.16,25.31,12.34,1.76,13.43,13.5,0,0
2018-01-21,slp,"Cd. Valles, SLP",21.9833,-99.0167,5,0.0,27.36,14.81,0.44000000000000006,13.43,13.43,0,0
2018-01-22,slp,"Cd. Valles, SLP",21.9833,-99.0167,5,0.12,28.8,15.14,0.28,13.540000000000001,13.55,0,0
2018-01-23,slp,"Cd. Valles, SLP",21.9833,-99.0167,5,0.07,23.84,13.49,0.19,4.7,13.62,0,0
2018-01-24,slp,"Cd. Valles, SLP",21.9833,-99.0167,5,0.53,19.42,13.25,0.72,2.48,14.15,0,0
2018-01-25,slp,"Cd. Valles, SLP",21.9833,-99.0167,5,0.39,17.5,12.94,0.99,1.55,14.54,0,0
2018-01-26,slp,"Cd. Valles, SLP",21.9833,-99.0167,5,0.09,25.03,14.27,1.01,1.36,14.63,0,0
2018-01-27,slp,"Cd. Valles, SLP",21.9833,-99.0167,5,0.95,28.3,14.78,1.4299999999999997,2.15,15.58,0,0
2018-01-28,slp,"Cd. Valles, SLP",21.9833,-99.0167,5,10.67,25.61,17.68,11.709999999999999,12.82,26.25,1,0
2018-01-29,slp,"Cd. Valles, SLP",21.9833,-99.0167,5,5.64,21.94,13.66,17.259999999999998,18.34,31.880000000000003,2,0
2018-01-30,slp,"Cd. Valles, SLP",21.9833,-99.0167,5,0.04,21.21,12.23,16.349999999999998,18.31,23.009999999999998,0,0
2018-01-31,slp,"Cd. Valles, SLP",21.9833,-99.0167,5,0.01,24.65,12.54,5.6899999999999995,17.79,20.27,0,0
2018-02-01,slp,"Cd. Valles, SLP",21.9833,-99.0167,5,0.0,28.51,14.24,0.05,17.4,18.950000000000003,0,0
2018-02-02,slp,"Cd. Valles, SLP",21.9833,-99.0167,5,0.11,24.91,15.72,0.12,17.419999999999998,18.78,0,0
2018-02-03,slp,"Cd. Valles, SLP",21.9833,-99.0167,5,0.01,25.61,14.65,0.12000000000000001,16.48,18.63,0,0
2018-02-04,slp,"Cd. Valles, SLP",21.9833,-99.0167,5,0.01,32.03,17.24,0.13,5.819999999999999,18.64,0,0
2018-02-05,slp,"Cd. Valles, SLP",21.9833,-99.0167,5,0.01,29.73,18.0,0.03,0.19,18.529999999999998,0,0
2018-02-06,slp,"Cd. Valles, SLP",21.9833,-99.0167,5,0.02,29.04,19.52,0.040000000000000015,0.16999999999999998,18.48,0,0
2018-02-07,slp,"Cd. Valles, SLP",21.9833,-99.0167,5,3.21,29.09,14.41,3.2399999999999998,3.37,21.16,0,0
2018-02-08,slp,"Cd. Valles, SLP",21.9833,-99.0167,5,1.65,19.0,12.78,4.88,5.02,22.42,0,0
2018-02-09,slp,"Cd. Valles, SLP",21.9833,-99.0167,5,0.2,25.57,13.63,5.06,5.109999999999999,22.53,0,0
2018-02-10,slp,"Cd. Valles, SLP",21.9833,-99.0167,5,0.0,31.95,16.3,1.8499999999999999,5.1,21.580000000000002,0,0
2018-02-11,slp,"Cd. Valles, SLP",21.9833,-99.0167,5,0.05,31.52,18.19,0.25,5.140000000000001,10.959999999999999,0,0
2018-02-12,slp,"Cd. Valles, SLP",21.9833,-99.0167,5,0.34,19.78,13.68,0.39,5.470000000000001,5.66,0,0
2018-02-13,slp,"Cd. Valles, SLP",21.9833,-99.0167,5,0.63,26.77,13.64,1.02,6.08,6.25,0,0
2018-02-14,slp,"Cd. Valles, SLP",21.9833,-99.0167,5,0.5,28.44,16.8,1.47,3.37,6.74,0,0
2018-02-15,slp,"Cd. Valles, SLP",21.9833,-99.0167,5,0.0,29.74,17.09,1.13,1.72,6.74,0,0
2018-02-16,slp,"Cd. Valles, SLP",21.9833,-99.0167,5,0.0,30.59,16.46,0.5,1.52,6.63,0,0
2018-02-17,slp,"Cd. Valles, SLP",21.9833,-99.0167,5,0.05,30.61,18.7,0.05,1.57,6.67,0,0
2018-02-18,slp,"Cd. Valles, SLP",21.9833,-99.0167,5,0.08,29.59,18.77,0.13,1.6,6.74,0,0
2018-02-19,slp,"Cd. Valles, SLP",21.9833,-99.0167,5,0.26,31.42,18.44,0.39,1.52,6.989999999999999,0,0
2018-02-20,slp,"Cd. Valles, SLP",21.9833,-99.0167,5,1.46,30.29,20.4,1.8,2.35,8.43,0,0
2018-02-21,slp,"Cd. Valles, SLP",21.9833,-99.0167,5,0.69,32.55,21.16,2.41,2.54,5.91,0,0
2018-02-22,slp,"Cd. Valles, SLP",21.9833,-99.0167,5,0.16,31.21,21.01,2.31,2.7,4.419999999999999,0,0
2018-02-23,slp,"Cd. Valles, SLP",21.9833,-99.0167,5,0.08,31.75,20.36,0.9299999999999999,2.7800000000000002,4.3,0,0
2018-02-24,slp,"Cd. Valles, SLP",21.9833,-99.0167,5,0.01,32.92,19.73,0.25,2.74,4.3100000000000005,0,0
2018-02-25,slp,"Cd. Valles, SLP",21.9833,-99.0167,5,0.0,32.61,21.06,0.09,2.66,4.26,0,0
2018-02-26,slp,"Cd. Valles, SLP",21.9833,-99.0167,5,0.77,31.47,21.76,0.78,3.17,4.6899999999999995,0,0
2018-02-27,slp,"Cd. Valles, SLP",21.9833,-99.0167,5,0.22,33.1,20.46,0.99,1.93,4.28,0,0
2018-02-28,slp,"Cd. Valles, SLP",21.9833,-99.0167,5,0.0,33.21,19.53,0.99,1.24,3.7800000000000002,0,0
2018-03-01,slp,"Cd. Valles, SLP",21.9833,-99.0167,5,0.0,34.24,20.16,0.22,1.08,3.7800000000000002,0,0
2018-03-02,slp,"Cd. Valles, SLP",21.9833,-99.0167,5,0.0,30.87,19.07,0.0,1.0,3.7800000000000002,0,0
2018-03-03,slp,"Cd. Valles, SLP",21.9833,-99.0167,5,0.0,32.09,17.98,0.0,0.99,3.73,0,0
2018-03-04,slp,"Cd. Valles, SLP",21.9833,-99.0167,5,0.0,32.64,17.52,0.0,0.99,3.65,0,0
2018-03-05,slp,"Cd. Valles, SLP",21.9833,-99.0167,5,0.01,33.63,19.92,0.01,0.23,3.4,0,0
2018-03-06,slp,"Cd. Valles, SLP",21.9833,-99.0167,5,2.33,33.94,20.32,2.34,2.34,4.27,0,0
2018-03-07,slp,"Cd. Valles, SLP",21.9833,-99.0167,5,8.69,20.77,15.86,11.03,11.03,12.27,1,0
2018-03-08,slp,"Cd. Valles, SLP",21.9833,-99.0167,5,0.9,25.79,14.91,11.92,11.93,13.01,0,0
2018-03-09,slp,"Cd. Valles, SLP",21.9833,-99.0167,5,0.39,31.72,18.17,9.98,12.32,13.32,0,0
2018-03-10,slp,"Cd. Valles, SLP",21.9833,-99.0167,5,0.0,34.8,19.57,1.29,12.32,13.309999999999999,0,0
2018-03-11,slp,"Cd. Valles, SLP",21.9833,-99.0167,5,0.27,36.42,20.44,0.66,12.59,13.58,0,0
2018-03-12,slp,"Cd. Valles, SLP",21.9833,-99.0167,5,1.15,28.11,17.24,1.42,13.73,13.96,0,0
2018-03-13,slp,"Cd. Valles, SLP",21.9833,-99.0167,5,0.83,25.87,15.94,2.25,12.229999999999999,14.569999999999999,0,0
2018-03-14,slp,"Cd. Valles, SLP",21.9833,-99.0167,5,2.23,25.18,17.05,4.21,5.77,16.8,0,0
2018-03-15,slp,"Cd. Valles, SLP",21.9833,-99.0167,5,0.14,32.01,17.57,3.2,5.01,16.939999999999998,0,0
2018-03-16,slp,"Cd. Valles, SLP",21.9833,-99.0167,5,0.01,35.54,19.17,2.38,4.63,16.95,0,0
2018-03-17,slp,"Cd. Valles, SLP",21.9833,-99.0167,5,0.0,36.57,20.99,0.15000000000000002,4.63,16.95,0,0
2018-03-18,slp,"Cd. Valles, SLP",21.9833,-99.0167,5,0.0,38.78,21.42,0.01,4.359999999999999,16.95,0,0
2018-03-19,slp,"Cd. Valles, SLP",21.9833,-99.0167,5,0.0,42.03,21.61,0.0,3.21,16.939999999999998,0,0
2018-03-20,slp,"Cd. Valles, SLP",21.9833,-99.0167,5,0.06,34.42,19.53,0.06,2.44,14.67,0,0
2018-03-21,slp,"Cd. Valles, SLP",21.9833,-99.0167,5,2.0,29.2,18.6,2.06,2.21,7.98,0,0
2018-03-22,slp,"Cd. Valles, SLP",21.9833,-99.0167,5,1.71,29.94,19.38,3.77,3.78,8.79,0,0
2018-03-23,slp,"Cd. Valles, SLP",21.9833,-99.0167,5,1.01,31.42,19.58,4.72,4.78,9.409999999999998,0,0
2018-03-24,slp,"Cd. Valles, SLP",21.9833,-99.0167,5,0.03,35.58,19.47,2.75,4.81,9.440000000000001,0,0
2018-03-25,slp,"Cd. Valles, SLP",21.9833,-99.0167,5,0.01,36.7,20.46,1.05,4.82,9.18,0,0
2018-03-26,slp,"Cd. Valles, SLP",21.9833,-99.0167,5,0.01,36.06,20.28,0.05,4.83,8.040000000000001,0,0
2018-03-27,slp,"Cd. Valles, SLP",21.9833,-99.0167,5,0.01,36.38,21.94,0.03,4.779999999999999,7.22,0,0
2018-03-28,slp,"Cd. Valles, SLP",21.9833,-99.0167,5,0.02,37.37,23.0,0.04,2.8,5.010000000000001,0,0
2018-03-29,slp,"Cd. Valles, SLP",21.9833,-99.0167,5,0.01,36.25,21.95,0.04,1.1,4.88,0,0
2018-03-30,slp,"Cd. Valles, SLP",21.9833,-99.0167,5,0.0,34.02,20.0,0.03,0.09,4.87,0,0
2018-03-31,slp,"Cd. Valles, SLP",21.9833,-99.0167,5,0.01,33.84,18.29,0.020000000000000004,0.07,4.88,0,0
2018-04-01,slp,"Cd. Valles, SLP",21.9833,-99.0167,5,0.0,35.08,19.84,0.010000000000000004,0.06,4.88,0,0
2018-04-02,slp,"Cd. Valles, SLP",21.9833,-99.0167,5,0.0,36.93,20.85,0.010000000000000004,0.05,4.88,0,0
2018-04-03,slp,"Cd. Valles, SLP",21.9833,-99.0167,5,0.11,39.4,21.83,0.11,0.15,4.93,0,0
2018-04-04,slp,"Cd. Valles, SLP",21.9833,-99.0167,5,8.13,33.54,21.59,8.24,8.260000000000002,11.06,1,0
2018-04-05,slp,"Cd. Valles, SLP",21.9833,-99.0167,5,0.18,33.23,19.93,8.42,8.430000000000001,9.530000000000001,0,0
2018-04-06,slp,"Cd. Valles, SLP",21.9833,-99.0167,5,0.01,35.92,22.1,8.32,8.440000000000001,8.53,0,0
2018-04-07,slp,"Cd. Valles, SLP",21.9833,-99.0167,5,0.11,44.75,21.33,0.3,8.540000000000003,8.610000000000001,0,0
2018-04-08,slp,"Cd. Valles, SLP",21.9833,-99.0167,5,0.19,34.0,20.36,0.31,8.730000000000002,8.790000000000001,0,0
2018-04-09,slp,"Cd. Valles, SLP",21.9833,-99.0167,5,0.05,38.83,21.07,0.35,8.780000000000001,8.83,0,0
2018-04-10,slp,"Cd. Valles, SLP",21.9833,-99.0167,5,31.72,31.54,19.12,31.959999999999997,40.39,40.54,1,1
2018-04-11,slp,"Cd. Valles, SLP",21.9833,-99.0167,5,2.45,27.99,17.87,34.22,34.71,42.97,0,0
2018-04-12,slp,"Cd. Valles, SLP",21.9833,-99.0167,5,0.0,34.13,18.82,34.17,34.53,42.96,0,0
2018-04-13,slp,"Cd. Valles, SLP",21.9833,-99.0167,5,0.0,41.25,22.38,2.45,34.52,42.96,0,0
2018-04-14,slp,"Cd. Valles, SLP",21.9833,-99.0167,5,0.0,34.11,17.88,0.0,34.410000000000004,42.95,0,0
2018-04-15,slp,"Cd. Valles, SLP",21.9833,-99.0167,5,0.01,30.45,16.19,0.01,34.230000000000004,42.96,0,0
2018-04-16,slp,"Cd. Valles, SLP",21.9833,-99.0167,5,0.0,30.76,15.6,0.01,34.18,42.96,0,0
2018-04-17,slp,"Cd. Valles, SLP",21.9833,-99.0167,5,0.0,33.03,16.83,0.01,2.46,42.85,0,0
2018-04-18,slp,"Cd. Valles, SLP",21.9833,-99.0167,5,0.0,35.47,18.72,0.0,0.01,34.72,0,0
2018-04-19,slp,"Cd. Valles, SLP",21.9833,-99.0167,5,0.11,33.14,21.01,0.11,0.12,34.65,0,0
2018-04-20,slp,"Cd. Valles, SLP",21.9833,-99.0167,5,0.18,32.85,20.19,0.29,0.3,34.82,0,0
2018-04-21,slp,"Cd. Valles, SLP",21.9833,-99.0167,5,0.04,35.78,21.14,0.32999999999999996,0.33999999999999997,34.75,0,0
2018-04-22,slp,"Cd. Valles, SLP",21.9833,-99.0167,5,0.2,34.44,22.75,0.42000000000000004,0.53,34.76,0,0
2018-04-23,slp,"Cd. Valles, SLP",21.9833,-99.0167,5,0.65,32.96,22.79,0.8900000000000001,1.1800000000000002,35.36,0,0
2018-04-24,slp,"Cd. Valles, SLP",21.9833,-99.0167,5,22.53,31.66,22.93,23.380000000000003,23.71,26.17,1,1
2018-04-25,slp,"Cd. Valles, SLP",21.9833,-99.0167,5,10.99,31.71,23.09,34.17,34.7,34.71,2,0
2018-04-26,slp,"Cd. Valles, SLP",21.9833,-99.0167,5,7.79,31.39,21.87,41.31,42.38,42.5,3,0
2018-04-27,slp,"Cd. Valles, SLP",21.9833,-99.0167,5,2.45,31.51,21.28,21.23,44.650000000000006,44.95,0,0
2018-04-28,slp,"Cd. Valles, SLP",21.9833,-99.0167,5,11.54,27.75,20.11,21.78,56.150000000000006,56.49,1,0
2018-04-29,slp,"Cd. Valles, SLP",21.9833,-99.0167,5,5.43,29.75,19.4,19.42,61.379999999999995,61.910000000000004,2,0
2018-04-30,slp,"Cd. Valles, SLP",21.9833,-99.0167,5,0.58,28.38,21.06,17.549999999999997,61.31,62.49,0,0
2018-05-01,slp,"Cd. Valles, SLP",21.9833,-99.0167,5,0.12,33.29,22.55,6.13,38.9,62.61000000000001,0,0
2018-05-02,slp,"Cd. Valles, SLP",21.9833,-99.0167,5,0.01,33.8,23.79,0.71,27.919999999999998,62.620000000000005,0,0
2018-05-03,slp,"Cd. Valles, SLP",21.9833,-99.0167,5,0.33,33.44,23.62,0.46,20.459999999999997,62.84,0,0
2018-05-04,slp,"Cd. Valles, SLP",21.9833,-99.0167,5,1.81,32.99,23.3,2.15,19.82,64.47,0,0
2018-05-05,slp,"Cd. Valles, SLP",21.9833,-99.0167,5,5.19,32.66,21.04,7.33,13.47,69.62,1,0
2018-05-06,slp,"Cd. Valles, SLP",21.9833,-99.0167,5,1.87,32.74,22.02,8.870000000000001,9.91,71.29,0,0
2018-05-07,slp,"Cd. Valles, SLP",21.9833,-99.0167,5,0.1,32.28,21.52,7.16,9.430000000000001,70.74,0,0
2018-05-08,slp,"Cd. Valles, SLP",21.9833,-99.0167,5,0.02,30.86,19.95,1.9900000000000002,9.330000000000002,48.23,0,0
2018-05-09,slp,"Cd. Valles, SLP",21.9833,-99.0167,5,0.0,32.35,19.4,0.12000000000000001,9.320000000000002,37.24,0,0
2018-05-10,slp,"Cd. Valles, SLP",21.9833,-99.0167,5,0.0,32.99,20.87,0.02,8.990000000000002,29.45,0,0
2018-05-11,slp,"Cd. Valles, SLP",21.9833,-99.0167,5,0.0,34.27,19.77,0.0,7.1800000000000015,27.0,0,0
2018-05-12,slp,"Cd. Valles, SLP",21.9833,-99.0167,5,0.02,36.31,21.87,0.02,2.0100000000000002,15.48,0,0
2018-05-13,slp,"Cd. Valles, SLP",21.9833,-99.0167,5,0.38,33.87,23.7,0.4,0.52,10.430000000000001,0,0
2018-05-14,slp,"Cd. Valles, SLP",21.9833,-99.0167,5,0.85,35.52,23.71,1.25,1.27,10.700000000000001,0,0
2018-05-15,slp,"Cd. Valles, SLP",21.9833,-99.0167,5,0.24,35.5,23.4,1.47,1.49,10.820000000000002,0,0
2018-05-16,slp,"Cd. Valles, SLP",21.9833,-99.0167,5,0.03,35.68,22.35,1.1199999999999999,1.52,10.840000000000002,0,0
2018-05-17,slp,"Cd. Valles, SLP",21.9833,-99.0167,5,0.01,35.83,20.97,0.27999999999999997,1.53,10.520000000000001,0,0
2018-05-18,slp,"Cd. Valles, SLP",21.9833,-99.0167,5,0.0,35.57,21.34,0.04,1.53,8.71,0,0
2018-05-19,slp,"Cd. Valles, SLP",21.9833,-99.0167,5,0.0,35.99,22.78,0.01,1.51,3.52,0,0
2018-05-20,slp,"Cd. Valles, SLP",21.9833,-99.0167,5,2.31,35.47,24.89,2.31,3.44,3.96,0,0
2018-05-21,slp,"Cd. Valles, SLP",21.9833,-99.0167,5,12.71,32.68,24.42,15.020000000000001,15.3,16.57,1,0
2018-05-22,slp,"Cd. Valles, SLP",21.9833,-99.0167,5,8.3,33.79,23.47,23.32,23.36,24.85,2,0
2018-05-23,slp,"Cd. Valles, SLP",21.9833,-99.0167,5,0.02,35.69,22.44,21.030000000000005,23.35,24.87,0,0
2018-05-24,slp,"Cd. Valles, SLP",21.9833,-99.0167,5,0.04,36.06,23.0,8.360000000000001,23.380000000000003,24.91,0,0
2018-05-25,slp,"Cd. Valles, SLP",21.9833,-99.0167,5,0.06,37.6,22.79,0.12,23.44,24.970000000000002,0,0
2018-05-26,slp,"Cd. Valles, SLP",21.9833,-99.0167,5,0.0,37.88,22.86,0.09999999999999999,23.44,24.950000000000003,0,0
2018-05-27,slp,"Cd. Valles, SLP",21.9833,-99.0167,5,0.04,39.0,22.6,0.1,21.17,24.61,0,0
2018-05-28,slp,"Cd. Valles, SLP",21.9833,-99.0167,5,0.03,39.04,23.0,0.07,8.49,23.790000000000003,0,0
2018-05-29,slp,"Cd. Valles, SLP",21.9833,-99.0167,5,0.01,37.62,24.03,0.08,0.19999999999999998,23.56,0,0
2018-05-30,slp,"Cd. Valles, SLP",21.9833,-99.0167,5,0.02,39.12,23.59,0.06,0.2,23.55,0,0
2018-05-31,slp,"Cd. Valles, SLP",21.9833,-99.0167,5,0.0,37.79,25.01,0.03,0.16,23.54,0,0
2018-06-01,slp,"Cd. Valles, SLP",21.9833,-99.0167,5,0.02,38.43,24.18,0.039999999999999994,0.12,23.56,0,0
2018-06-02,slp,"Cd. Valles, SLP",21.9833,-99.0167,5,0.1,37.88,25.15,0.12,0.22,23.66,0,0
2018-06-03,slp,"Cd. Valles, SLP",21.9833,-99.0167,5,0.18,38.27,24.36,0.3,0.36,21.53,0,0
2018-06-04,slp,"Cd. Valles, SLP",21.9833,-99.0167,5,0.05,38.66,23.9,0.32999999999999996,0.38,8.870000000000001,0,0
2018-06-05,slp,"Cd. Valles, SLP",21.9833,-99.0167,5,0.0,38.65,23.52,0.22999999999999998,0.37,0.57,0,0
2018-06-06,slp,"Cd. Valles, SLP",21.9833,-99.0167,5,0.0,39.06,25.5,0.05,0.35,0.5499999999999999,0,0
2018-06-07,slp,"Cd. Valles, SLP",21.9833,-99.0167,5,1.19,38.36,25.82,1.19,1.54,1.7,0,0
2018-06-08,slp,"Cd. Valles, SLP",21.9833,-99.0167,5,5.65,36.28,25.68,6.84,7.17,7.29,1,0
2018-06-09,slp,"Cd. Valles, SLP",21.9833,-99.0167,5,8.39,34.03,25.18,15.23,15.46,15.68,2,0
2018-06-10,slp,"Cd. Valles, SLP",21.9833,-99.0167,5,8.08,34.27,24.04,22.12,23.36,23.72,3,0
2018-06-11,slp,"Cd. Valles, SLP",21.9833,-99.0167,5,0.58,35.84,24.05,17.049999999999997,23.89,24.27,0,0
2018-06-12,slp,"Cd. Valles, SLP",21.9833,-99.0167,5,18.91,32.26,25.3,27.57,42.8,43.17,1,0
2018-06-13,slp,"Cd. Valles, SLP",21.9833,-99.0167,5,19.36,31.83,24.48,38.849999999999994,62.16,62.51,2,0
2018-06-14,slp,"Cd. Valles, SLP",21.9833,-99.0167,5,3.91,32.24,23.77,42.18,64.88,66.42,0,0
2018-06-15,slp,"Cd. Valles, SLP",21.9833,-99.0167,5,1.29,33.94,23.28,24.559999999999995,60.519999999999996,67.69,0,0
2018-06-16,slp,"Cd. Valles, SLP",21.9833,-99.0167,5,0.11,34.56,23.76,5.309999999999997,52.239999999999995,67.69999999999999,0,0
2018-06-17,slp,"Cd. Valles, SLP",21.9833,-99.0167,5,1.79,32.83,24.7,3.189999999999997,45.949999999999996,69.31,0,0
2018-06-18,slp,"Cd. Valles, SLP",21.9833,-99.0167,5,4.85,30.86,25.11,6.7499999999999964,50.22,74.11,0,0
2018-06-19,slp,"Cd. Valles, SLP",21.9833,-99.0167,5,4.53,32.27,24.58,11.169999999999996,35.84,78.64,0,0
2018-06-20,slp,"Cd. Valles, SLP",21.9833,-99.0167,5,4.5,30.91,24.93,13.879999999999997,20.98,83.14,0,0
2018-06-21,slp,"Cd. Valles, SLP",21.9833,-99.0167,5,6.65,34.76,24.54,15.679999999999998,23.72,88.60000000000001,1,0
2018-06-22,slp,"Cd. Valles, SLP",21.9833,-99.0167,5,4.13,31.44,25.35,15.279999999999998,26.560000000000002,87.08,0,0
2018-06-23,slp,"Cd. Valles, SLP",21.9833,-99.0167,5,0.19,32.9,25.07,10.969999999999997,26.64,78.88,0,0
2018-06-24,slp,"Cd. Valles, SLP",21.9833,-99.0167,5,1.26,32.14,23.99,5.5799999999999965,26.11,72.06,0,0
2018-06-25,slp,"Cd. Valles, SLP",21.9833,-99.0167,5,11.04,32.16,24.78,12.489999999999995,32.3,82.52000000000001,1,0
2018-06-26,slp,"Cd. Valles, SLP",21.9833,-99.0167,5,13.69,31.24,24.69,25.989999999999995,41.46,77.3,2,0
2018-06-27,slp,"Cd. Valles, SLP",21.9833,-99.0167,5,6.3,31.27,24.61,31.029999999999994,43.26,64.24,3,0
2018-06-28,slp,"Cd. Valles, SLP",21.9833,-99.0167,5,2.13,32.99,24.39,22.119999999999994,38.74,62.46,0,0
2018-06-29,slp,"Cd. Valles, SLP",21.9833,-99.0167,5,0.31,31.79,24.0,8.739999999999997,34.919999999999995,61.48,0,0
2018-06-30,slp,"Cd. Valles, SLP",21.9833,-99.0167,5,0.08,33.46,23.83,2.5199999999999965,34.81,61.449999999999996,0,0
2018-07-01,slp,"Cd. Valles, SLP",21.9833,-99.0167,5,0.03,34.58,24.22,0.41999999999999643,33.580000000000005,59.69,0,0
2018-07-02,slp,"Cd. Valles, SLP",21.9833,-99.0167,5,0.01,33.85,23.54,0.11999999999999644,22.55,54.849999999999994,0,0
2018-07-03,slp,"Cd. Valles, SLP",21.9833,-99.0167,5,0.01,33.5,23.86,0.04999999999999645,8.87,50.33,0,0
2018-07-04,slp,"Cd. Valles, SLP",21.9833,-99.0167,5,0.01,33.03,24.49,0.03,2.58,45.839999999999996,0,0
2018-07-05,slp,"Cd. Valles, SLP",21.9833,-99.0167,5,3.54,33.12,24.14,3.5599999999999965,3.99,42.73,0,0
2018-07-06,slp,"Cd. Valles, SLP",21.9833,-99.0167,5,11.27,30.25,23.57,14.819999999999997,14.95,49.870000000000005,1,0
2018-07-07,slp,"Cd. Valles, SLP",21.9833,-99.0167,5,0.99,34.19,22.77,15.799999999999997,15.86,50.669999999999995,0,0
2018-07-08,slp,"Cd. Valles, SLP",21.9833,-99.0167,5,5.18,32.95,23.38,17.439999999999998,21.009999999999998,54.589999999999996,1,0
2018-07-09,slp,"Cd. Valles, SLP",21.9833,-99.0167,5,6.19,31.2,23.06,12.359999999999996,27.189999999999998,49.74,2,0
2018-07-10,slp,"Cd. Valles, SLP",21.9833,-99.0167,5,6.08,29.48,23.56,17.449999999999996,33.26,42.13,3,0
2018-07-11,slp,"Cd. Valles, SLP",21.9833,-99.0167,5,1.49,32.7,22.13,13.759999999999996,34.74,37.32,0,0
2018-07-12,slp,"Cd. Valles, SLP",21.9833,-99.0167,5,0.66,33.68,22.57,8.229999999999997,31.86,35.85,0,0
2018-07-13,slp,"Cd. Valles, SLP",21.9833,-99.0167,5,0.36,34.36,22.29,2.5099999999999962,20.95,35.9,0,0
2018-07-14,slp,"Cd. Valles, SLP",21.9833,-99.0167,5,0.27,34.09,23.08,1.2899999999999965,20.23,36.09,0,0
2018-07-15,slp,"Cd. Valles, SLP",21.9833,-99.0167,5,0.15,32.73,23.52,0.7799999999999965,15.200000000000001,36.21,0,0
2018-07-16,slp,"Cd. Valles, SLP",21.9833,-99.0167,5,0.33,34.36,23.7,0.7499999999999964,9.340000000000002,36.53,0,0
2018-07-17,slp,"Cd. Valles, SLP",21.9833,-99.0167,5,0.19,32.74,23.5,0.6699999999999964,3.45,36.709999999999994,0,0
2018-07-18,slp,"Cd. Valles, SLP",21.9833,-99.0167,5,0.02,35.29,24.44,0.5399999999999964,1.98,36.72,0,0
2018-07-19,slp,"Cd. Valles, SLP",21.9833,-99.0167,5,0.01,33.48,24.11,0.21999999999999645,1.3299999999999998,33.19,0,0
2018-07-20,slp,"Cd. Valles, SLP",21.9833,-99.0167,5,0.0,34.94,23.87,0.029999999999996446,0.97,21.92,0,0
2018-07-21,slp,"Cd. Valles, SLP",21.9833,-99.0167,5,0.0,36.94,24.62,0.009999999999996447,0.7,20.930000000000003,0,0
2018-07-22,slp,"Cd. Valles, SLP",21.9833,-99.0167,5,0.0,36.78,23.24,0.0,0.5499999999999999,15.75,0,0
2018-07-23,slp,"Cd. Valles, SLP",21.9833,-99.0167,5,0.0,37.87,23.96,0.0,0.22,9.559999999999999,0,0
2018-07-24,slp,"Cd. Valles, SLP",21.9833,-99.0167,5,0.0,37.2,24.44,0.0,0.03,3.48,0,0
2018-07-25,slp,"Cd. Valles, SLP",21.9833,-99.0167,5,0.39,37.22,24.6,0.38999999999999646,0.4,2.38,0,0
2018-07-26,slp,"Cd. Valles, SLP",21.9833,-99.0167,5,2.35,38.44,23.7,2.7399999999999967,2.74,4.07,0,0
2018-07-27,slp,"Cd. Valles, SLP",21.9833,-99.0167,5,0.02,36.56,24.49,2.7599999999999967,2.7600000000000002,3.73,0,0
2018-07-28,slp,"Cd. Valles, SLP",21.9833,-99.0167,5,0.17,36.09,24.65,2.5399999999999965,2.93,3.63,0,0
2018-07-29,slp,"Cd. Valles, SLP",21.9833,-99.0167,5,0.01,34.98,23.66,0.19999999999999646,2.9400000000000004,3.49,0,0
2018-07-30,slp,"Cd. Valles, SLP",21.9833,-99.0167,5,0.0,36.71,24.52,0.17999999999999647,2.9400000000000004,3.16,0,0
2018-07-31,slp,"Cd. Valles, SLP",21.9833,-99.0167,5,0.08,36.51,24.69,0.08999999999999644,3.02,3.05,0,0
2018-08-01,slp,"Cd. Valles, SLP",21.9833,-99.0167,5,3.17,31.08,25.16,3.2499999999999964,5.8,6.199999999999999,0,0
2018-08-02,slp,"Cd. Valles, SLP",21.9833,-99.0167,5,1.26,37.43,23.76,4.509999999999996,4.71,7.45,0,0
2018-08-03,slp,"Cd. Valles, SLP",21.9833,-99.0167,5,4.63,34.11,24.25,9.059999999999995,9.32,12.08,0,0
2018-08-04,slp,"Cd. Valles, SLP",21.9833,-99.0167,5,5.95,30.31,23.6,11.839999999999996,15.100000000000001,18.03,1,0
2018-08-05,slp,"Cd. Valles, SLP",21.9833,-99.0167,5,5.42,28.93,22.64,15.999999999999996,20.51,23.45,2,0
2018-08-06,slp,"Cd. Valles, SLP",21.9833,-99.0167,5,10.09,32.85,23.4,21.459999999999997,30.6,33.54,3,0
2018-08-07,slp,"Cd. Valles, SLP",21.9833,-99.0167,5,3.07,31.03,24.02,18.579999999999995,33.589999999999996,36.61,0,0
2018-08-08,slp,"Cd. Valles, SLP",21.9833,-99.0167,5,1.89,33.86,22.79,15.049999999999995,32.31,38.11,0,0
2018-08-09,slp,"Cd. Valles, SLP",21.9833,-99.0167,5,1.46,33.54,23.01,6.419999999999996,32.51,37.22,0,0
2018-08-10,slp,"Cd. Valles, SLP",21.9833,-99.0167,5,1.96,35.22,23.22,5.309999999999996,29.84,39.160000000000004,0,0
2018-08-11,slp,"Cd. Valles, SLP",21.9833,-99.0167,5,2.43,32.89,24.25,5.849999999999997,26.32,41.42,0,0
2018-08-12,slp,"Cd. Valles, SLP",21.9833,-99.0167,5,8.3,29.81,23.64,12.689999999999998,29.2,49.71,1,0
2018-08-13,slp,"Cd. Valles, SLP",21.9833,-99.0167,5,1.67,34.42,23.0,12.399999999999997,20.78,51.38,0,0
2018-08-14,slp,"Cd. Valles, SLP",21.9833,-99.0167,5,0.65,35.71,24.03,10.619999999999997,18.36,51.949999999999996,0,0
2018-08-15,slp,"Cd. Valles, SLP",21.9833,-99.0167,5,0.4,34.05,24.02,2.719999999999996,16.869999999999997,49.18,0,0
2018-08-16,slp,"Cd. Valles, SLP",21.9833,-99.0167,5,0.15,35.5,24.34,1.1999999999999964,15.559999999999999,48.06999999999999,0,0
2018-08-17,slp,"Cd. Valles, SLP",21.9833,-99.0167,5,1.0,34.02,24.14,1.5499999999999963,14.6,44.44,0,0
2018-08-18,slp,"Cd. Valles, SLP",21.9833,-99.0167,5,0.04,37.21,23.17,1.1899999999999964,12.209999999999999,38.529999999999994,0,0
2018-08-19,slp,"Cd. Valles, SLP",21.9833,-99.0167,5,0.05,34.93,24.87,1.0899999999999963,3.959999999999998,33.16,0,0
2018-08-20,slp,"Cd. Valles, SLP",21.9833,-99.0167,5,0.7,34.35,24.42,0.7899999999999963,2.989999999999998,23.77,0,0
2018-08-21,slp,"Cd. Valles, SLP",21.9833,-99.0167,5,2.77,30.5,24.54,3.519999999999996,5.109999999999998,23.47,0,0
2018-08-22,slp,"Cd. Valles, SLP",21.9833,-99.0167,5,3.93,34.46,23.76,7.399999999999997,8.639999999999997,25.509999999999998,0,0
2018-08-23,slp,"Cd. Valles, SLP",21.9833,-99.0167,5,0.92,35.36,23.26,7.6199999999999966,9.409999999999998,24.970000000000002,0,0
2018-08-24,slp,"Cd. Valles, SLP",21.9833,-99.0167,5,0.01,33.48,23.68,4.859999999999996,8.419999999999998,23.02,0,0
2018-08-25,slp,"Cd. Valles, SLP",21.9833,-99.0167,5,0.07,35.06,23.24,0.9999999999999964,8.45,20.66,0,0
2018-08-26,slp,"Cd. Valles, SLP",21.9833,-99.0167,5,0.46,33.18,24.78,0.5399999999999965,8.859999999999998,12.82,0,0
2018-08-27,slp,"Cd. Valles, SLP",21.9833,-99.0167,5,0.15,36.58,23.46,0.6799999999999965,8.309999999999999,11.3,0,0
2018-08-28,slp,"Cd. Valles, SLP",21.9833,-99.0167,5,1.2,37.01,23.87,1.8099999999999965,6.739999999999998,11.85,0,0
2018-08-29,slp,"Cd. Valles, SLP",21.9833,-99.0167,5,0.88,34.87,24.65,2.2299999999999964,3.6899999999999977,12.33,0,0
2018-08-30,slp,"Cd. Valles, SLP",21.9833,-99.0167,5,0.26,33.93,25.52,2.3399999999999967,3.029999999999998,12.440000000000001,0,0
2018-08-31,slp,"Cd. Valles, SLP",21.9833,-99.0167,5,0.1,35.95,24.35,1.2399999999999964,3.119999999999998,11.540000000000001,0,0
2018-09-01,slp,"Cd. Valles, SLP",21.9833,-99.0167,5,0.0,34.94,24.72,0.35999999999999643,3.049999999999998,11.5,0,0
2018-09-02,slp,"Cd. Valles, SLP",21.9833,-99.0167,5,0.03,35.17,25.35,0.12999999999999645,2.619999999999998,11.48,0,0
2018-09-03,slp,"Cd. Valles, SLP",21.9833,-99.0167,5,0.19,35.05,25.13,0.21999999999999645,2.659999999999998,10.97,0,0
2018-09-04,slp,"Cd. Valles, SLP",21.9833,-99.0167,5,0.45,36.19,24.69,0.6699999999999965,1.909999999999998,8.65,0,0
2018-09-05,slp,"Cd. Valles, SLP",21.9833,-99.0167,5,2.6,31.98,24.87,3.2399999999999967,3.629999999999998,7.32,0,0
2018-09-06,slp,"Cd. Valles, SLP",21.9833,-99.0167,5,11.52,31.67,24.13,14.569999999999997,14.889999999999997,17.919999999999998,1,0
2018-09-07,slp,"Cd. Valles, SLP",21.9833,-99.0167,5,4.12,32.76,23.39,18.24,18.909999999999997,22.03,0,0
2018-09-08,slp,"Cd. Valles, SLP",21.9833,-99.0167,5,0.01,35.28,23.65,15.649999999999997,18.919999999999998,21.97,0,0
2018-09-09,slp,"Cd. Valles, SLP",21.9833,-99.0167,5,2.09,36.7,23.57,6.219999999999996,20.979999999999997,23.599999999999998,0,0
2018-09-10,slp,"Cd. Valles, SLP",21.9833,-99.0167,5,17.6,32.97,25.0,19.699999999999996,38.39,41.05,1,0
2018-09-11,slp,"Cd. Valles, SLP",21.9833,-99.0167,5,28.21,31.0,24.91,47.89999999999999,66.15,68.06,2,1
2018-09-12,slp,"Cd. Valles, SLP",21.9833,-99.0167,5,14.47,33.75,24.18,60.28,78.02,81.64999999999999,3,0
2018-09-13,slp,"Cd. Valles, SLP",21.9833,-99.0167,5,9.93,32.62,23.73,52.61,76.43,91.32000000000001,4,0
2018-09-14,slp,"Cd. Valles, SLP",21.9833,-99.0167,5,2.0,31.45,23.01,26.4,74.31,93.22,0,0
2018-09-15,slp,"Cd. Valles, SLP",21.9833,-99.0167,5,2.9,31.28,22.86,14.829999999999997,77.2,96.11999999999999,0,0
2018-09-16,slp,"Cd. Valles, SLP",21.9833,-99.0167,5,3.47,28.63,23.8,8.369999999999997,78.58,99.56,0,0
2018-09-17,slp,"Cd. Valles, SLP",21.9833,-99.0167,5,3.97,29.91,22.06,10.339999999999996,64.95,103.33999999999999,0,0
2018-09-18,slp,"Cd. Valles, SLP",21.9833,-99.0167,5,3.83,31.12,23.72,11.269999999999996,40.57,106.72000000000001,0,0
2018-09-19,slp,"Cd. Valles, SLP",21.9833,-99.0167,5,2.84,33.39,22.87,10.639999999999997,28.94,106.96,0,0
2018-09-20,slp,"Cd. Valles, SLP",21.9833,-99.0167,5,2.31,34.25,23.14,8.979999999999997,21.32,97.75,0,0
2018-09-21,slp,"Cd. Valles, SLP",21.9833,-99.0167,5,1.52,34.88,23.07,6.669999999999996,20.84,95.14999999999999,0,0
2018-09-22,slp,"Cd. Valles, SLP",21.9833,-99.0167,5,6.44,31.5,24.51,10.269999999999996,24.380000000000003,101.58000000000001,1,0
2018-09-23,slp,"Cd. Valles, SLP",21.9833,-99.0167,5,4.36,30.52,24.24,12.319999999999997,25.270000000000003,103.85000000000001,0,0
2018-09-24,slp,"Cd. Valles, SLP",21.9833,-99.0167,5,1.88,32.23,23.52,12.679999999999996,23.18,88.13,0,0
2018-09-25,slp,"Cd. Valles, SLP",21.9833,-99.0167,5,3.08,33.35,23.65,9.319999999999997,22.43,63.0,0,0
2018-09-26,slp,"Cd. Valles, SLP",21.9833,-99.0167,5,1.76,31.65,23.03,6.719999999999995,21.35,50.29,0,0
2018-09-27,slp,"Cd. Valles, SLP",21.9833,-99.0167,5,14.92,29.24,24.27,19.759999999999994,33.96,55.279999999999994,1,0
2018-09-28,slp,"Cd. Valles, SLP",21.9833,-99.0167,5,6.75,28.36,23.1,23.429999999999993,39.190000000000005,60.029999999999994,2,0
2018-09-29,slp,"Cd. Valles, SLP",21.9833,-99.0167,5,3.28,30.64,22.28,24.949999999999996,36.03,60.41,0,0
2018-09-30,slp,"Cd. Valles, SLP",21.9833,-99.0167,5,4.59,28.74,22.35,14.619999999999996,36.26,61.53,0,0
2018-10-01,slp,"Cd. Valles, SLP",21.9833,-99.0167,5,4.85,29.01,22.76,12.719999999999995,39.23,62.41,0,0
2018-10-02,slp,"Cd. Valles, SLP",21.9833,-99.0167,5,5.62,30.1,22.69,15.059999999999995,41.769999999999996,64.19999999999999,1,0
2018-10-03,slp,"Cd. Valles, SLP",21.9833,-99.0167,5,9.44,29.6,23.31,19.909999999999997,49.45,70.8,2,0
2018-10-04,slp,"Cd. Valles, SLP",21.9833,-99.0167,5,0.75,31.68,22.71,15.809999999999997,35.28,69.24,0,0
2018-10-05,slp,"Cd. Valles, SLP",21.9833,-99.0167,5,0.29,32.79,22.74,10.479999999999997,28.819999999999997,68.01,0,0
2018-10-06,slp,"Cd. Valles, SLP",21.9833,-99.0167,5,0.05,32.75,22.82,1.0899999999999965,25.59,61.62,0,0
2018-10-07,slp,"Cd. Valles, SLP",21.9833,-99.0167,5,1.16,32.49,22.14,1.4999999999999964,22.16,58.419999999999995,0,0
2018-10-08,slp,"Cd. Valles, SLP",21.9833,-99.0167,5,0.8,32.71,23.16,2.0099999999999962,18.110000000000003,57.33999999999999,0,0
2018-10-09,slp,"Cd. Valles, SLP",21.9833,-99.0167,5,0.04,35.14,22.45,1.9999999999999964,12.530000000000001,54.3,0,0
2018-10-10,slp,"Cd. Valles, SLP",21.9833,-99.0167,5,8.82,33.82,24.31,9.659999999999997,11.91,61.36,1,0
2018-10-11,slp,"Cd. Valles, SLP",21.9833,-99.0167,5,3.67,32.18,23.66,12.529999999999996,14.83,50.10999999999999,0,0
2018-10-12,slp,"Cd. Valles, SLP",21.9833,-99.0167,5,2.48,31.47,24.4,14.969999999999997,17.02,45.839999999999996,0,0
2018-10-13,slp,"Cd. Valles, SLP",21.9833,-99.0167,5,0.03,32.21,24.42,6.179999999999996,17.0,42.589999999999996,0,0
2018-10-14,slp,"Cd. Valles, SLP",21.9833,-99.0167,5,0.62,33.61,24.3,3.1299999999999963,16.46,38.62,0,0
2018-10-15,slp,"Cd. Valles, SLP",21.9833,-99.0167,5,14.7,29.44,25.47,15.349999999999996,30.36,48.47,1,0
2018-10-16,slp,"Cd. Valles, SLP",21.9833,-99.0167,5,11.32,24.21,15.6,26.639999999999997,41.64,54.17,2,0
2018-10-17,slp,"Cd. Valles, SLP",21.9833,-99.0167,5,7.23,20.49,14.88,33.25,40.05,51.96,3,0
2018-10-18,slp,"Cd. Valles, SLP",21.9833,-99.0167,5,7.72,21.38,16.37,26.269999999999996,44.1,58.92999999999999,4,0
2018-10-19,slp,"Cd. Valles, SLP",21.9833,-99.0167,5,2.68,27.25,17.52,17.629999999999995,44.300000000000004,61.31999999999999,0,0
2018-10-20,slp,"Cd. Valles, SLP",21.9833,-99.0167,5,7.7,27.88,20.87,18.099999999999994,51.97,68.97,1,0
2018-10-21,slp,"Cd. Valles, SLP",21.9833,-99.0167,5,12.47,25.07,18.32,22.849999999999998,63.82000000000001,80.28,2,0
2018-10-22,slp,"Cd. Valles, SLP",21.9833,-99.0167,5,1.2,24.06,17.11,21.369999999999997,50.32,80.68,0,0
2018-10-23,slp,"Cd. Valles, SLP",21.9833,-99.0167,5,0.5,25.1,17.65,14.169999999999996,39.5,81.14,0,0
2018-10-24,slp,"Cd. Valles, SLP",21.9833,-99.0167,5,0.47,29.12,18.55,2.1699999999999964,32.739999999999995,72.78999999999999,0,0
2018-10-25,slp,"Cd. Valles, SLP",21.9833,-99.0167,5,0.16,30.39,21.53,1.1299999999999963,25.18,69.28,0,0
2018-10-26,slp,"Cd. Valles, SLP",21.9833,-99.0167,5,3.44,27.52,21.97,4.069999999999997,25.94,70.24,0,0
2018-10-27,slp,"Cd. Valles, SLP",21.9833,-99.0167,5,14.62,21.55,18.8,18.219999999999995,32.86,84.83,1,0
2018-10-28,slp,"Cd. Valles, SLP",21.9833,-99.0167,5,2.5,26.96,18.57,20.559999999999995,22.89,86.71,0,0
2018-10-29,slp,"Cd. Valles, SLP",21.9833,-99.0167,5,0.16,28.04,20.15,17.279999999999994,21.849999999999998,72.16999999999999,0,0
2018-10-30,slp,"Cd. Valles, SLP",21.9833,-99.0167,5,0.01,29.69,19.54,2.669999999999998,21.36,60.86,0,0
2018-10-31,slp,"Cd. Valles, SLP",21.9833,-99.0167,5,0.01,31.19,21.92,0.17999999999999822,20.900000000000002,53.63999999999999,0,0
2018-11-01,slp,"Cd. Valles, SLP",21.9833,-99.0167,5,0.29,29.54,20.19,0.30999999999999817,21.03,46.209999999999994,0,0
2018-11-02,slp,"Cd. Valles, SLP",21.9833,-99.0167,5,0.78,25.19,18.83,1.0799999999999983,18.369999999999997,44.309999999999995,0,0
2018-11-03,slp,"Cd. Valles, SLP",21.9833,-99.0167,5,0.01,24.8,17.59,1.079999999999998,3.76,36.62,0,0
2018-11-04,slp,"Cd. Valles, SLP",21.9833,-99.0167,5,0.22,28.01,19.47,1.0099999999999982,1.48,24.369999999999994,0,0
2018-11-05,slp,"Cd. Valles, SLP",21.9833,-99.0167,5,0.0,31.31,20.47,0.22999999999999812,1.32,23.169999999999995,0,0
2018-11-06,slp,"Cd. Valles, SLP",21.9833,-99.0167,5,0.01,32.22,20.58,0.22999999999999812,1.32,22.679999999999996,0,0
2018-11-07,slp,"Cd. Valles, SLP",21.9833,-99.0167,5,0.01,32.26,22.45,0.019999999999998113,1.32,22.219999999999995,0,0
2018-11-08,slp,"Cd. Valles, SLP",21.9833,-99.0167,5,0.01,31.49,22.14,0.03,1.04,22.069999999999997,0,0
2018-11-09,slp,"Cd. Valles, SLP",21.9833,-99.0167,5,0.29,31.08,16.76,0.3099999999999981,0.55,18.919999999999995,0,0
2018-11-10,slp,"Cd. Valles, SLP",21.9833,-99.0167,5,0.67,20.4,14.46,0.9699999999999982,1.21,4.969999999999996,0,0
2018-11-11,slp,"Cd. Valles, SLP",21.9833,-99.0167,5,0.01,28.23,15.99,0.9699999999999981,1.0,2.4799999999999964,0,0
2018-11-12,slp,"Cd. Valles, SLP",21.9833,-99.0167,5,5.19,28.13,14.79,5.869999999999998,6.19,7.509999999999996,1,0
2018-11-13,slp,"Cd. Valles, SLP",21.9833,-99.0167,5,3.78,14.02,10.01,8.979999999999999,9.96,11.279999999999998,0,0
2018-11-14,slp,"Cd. Valles, SLP",21.9833,-99.0167,5,0.04,15.1,6.39,9.009999999999998,9.99,11.309999999999997,0,0
2018-11-15,slp,"Cd. Valles, SLP",21.9833,-99.0167,5,0.12,20.06,5.72,3.939999999999998,10.100000000000001,11.139999999999997,0,0
2018-11-16,slp,"Cd. Valles, SLP",21.9833,-99.0167,5,0.1,21.74,7.94,0.25999999999999823,9.91,10.459999999999997,0,0
2018-11-17,slp,"Cd. Valles, SLP",21.9833,-99.0167,5,0.0,25.3,13.08,0.21999999999999822,9.24,10.449999999999998,0,0
2018-11-18,slp,"Cd. Valles, SLP",21.9833,-99.0167,5,0.0,26.34,17.07,0.09999999999999823,9.23,10.229999999999997,0,0
2018-11-19,slp,"Cd. Valles, SLP",21.9833,-99.0167,5,0.26,28.78,18.74,0.25999999999999823,4.3,10.489999999999997,0,0
2018-11-20,slp,"Cd. Valles, SLP",21.9833,-99.0167,5,0.71,21.61,15.72,0.9699999999999982,1.23,11.189999999999998,0,0
2018-11-21,slp,"Cd. Valles, SLP",21.9833,-99.0167,5,0.3,25.53,15.27,1.2699999999999982,1.49,11.479999999999997,0,0
2018-11-22,slp,"Cd. Valles, SLP",21.9833,-99.0167,5,0.21,25.61,15.76,1.2199999999999982,1.58,11.679999999999998,0,0
2018-11-23,slp,"Cd. Valles, SLP",21.9833,-99.0167,5,0.0,28.37,15.02,0.5099999999999982,1.48,11.389999999999997,0,0
2018-11-24,slp,"Cd. Valles, SLP",21.9833,-99.0167,5,0.0,29.91,16.99,0.20999999999999822,1.48,10.719999999999997,0,0
2018-11-25,slp,"Cd. Valles, SLP",21.9833,-99.0167,5,0.13,32.19,18.88,0.12999999999999823,1.6099999999999999,10.839999999999996,0,0
2018-11-26,slp,"Cd. Valles, SLP",21.9833,-99.0167,5,0.68,21.02,13.04,0.8099999999999983,2.0300000000000002,6.329999999999997,0,0
2018-11-27,slp,"Cd. Valles, SLP",21.9833,-99.0167,5,0.0,23.09,10.84,0.8099999999999983,1.32,2.549999999999997,0,0
2018-11-28,slp,"Cd. Valles, SLP",21.9833,-99.0167,5,0.93,20.76,13.82,1.6099999999999983,1.9500000000000002,3.4399999999999973,0,0
2018-11-29,slp,"Cd. Valles, SLP",21.9833,-99.0167,5,2.53,28.48,16.73,3.459999999999998,4.27,5.849999999999997,0,0
2018-11-30,slp,"Cd. Valles, SLP",21.9833,-99.0167,5,0.02,32.98,17.91,3.479999999999998,4.29,5.769999999999997,0,0
2018-12-01,slp,"Cd. Valles, SLP",21.9833,-99.0167,5,0.06,35.96,19.05,2.609999999999998,4.35,5.829999999999997,0,0
2018-12-02,slp,"Cd. Valles, SLP",21.9833,-99.0167,5,0.0,34.83,17.39,0.07999999999999823,4.22,5.829999999999997,0,0
2018-12-03,slp,"Cd. Valles, SLP",21.9833,-99.0167,5,0.76,29.34,16.93,0.8199999999999983,4.3,6.3299999999999965,0,0
2018-12-04,slp,"Cd. Valles, SLP",21.9833,-99.0167,5,0.42,27.03,16.04,1.1799999999999982,4.72,6.039999999999997,0,0
2018-12-05,slp,"Cd. Valles, SLP",21.9833,-99.0167,5,3.42,24.3,16.28,4.599999999999998,7.209999999999999,9.159999999999997,0,0
2018-12-06,slp,"Cd. Valles, SLP",21.9833,-99.0167,5,0.19,28.36,16.62,4.0299999999999985,4.87,9.139999999999997,0,0
2018-12-07,slp,"Cd. Valles, SLP",21.9833,-99.0167,5,0.17,29.17,19.08,3.7799999999999976,5.02,9.309999999999997,0,0
2018-12-08,slp,"Cd. Valles, SLP",21.9833,-99.0167,5,3.47,29.53,16.69,3.829999999999998,8.43,12.779999999999998,0,0
2018-12-09,slp,"Cd. Valles, SLP",21.9833,-99.0167,5,0.96,20.82,14.05,4.599999999999998,9.39,13.609999999999996,0,0
2018-12-10,slp,"Cd. Valles, SLP",21.9833,-99.0167,5,0.3,22.28,12.21,4.729999999999998,8.93,13.229999999999997,0,0
2018-12-11,slp,"Cd. Valles, SLP",21.9833,-99.0167,5,0.09,22.09,9.77,1.3499999999999976,8.6,13.319999999999997,0,0
2018-12-12,slp,"Cd. Valles, SLP",21.9833,-99.0167,5,0.0,26.64,12.96,0.3899999999999978,5.180000000000001,12.389999999999997,0,0
2018-12-13,slp,"Cd. Valles, SLP",21.9833,-99.0167,5,0.06,33.33,18.0,0.14999999999999777,5.05,9.919999999999996,0,0
2018-12-14,slp,"Cd. Valles, SLP",21.9833,-99.0167,5,0.05,25.43,11.5,0.10999999999999778,4.93,9.949999999999996,0,0
2018-12-15,slp,"Cd. Valles, SLP",21.9833,-99.0167,5,0.0,23.27,9.86,0.10999999999999778,1.46,9.889999999999997,0,0
2018-12-16,slp,"Cd. Valles, SLP",21.9833,-99.0167,5,0.0,23.7,8.28,0.04999999999999778,0.5,9.889999999999997,0,0
2018-12-17,slp,"Cd. Valles, SLP",21.9833,-99.0167,5,0.0,23.88,9.72,0.0,0.2,9.129999999999995,0,0
2018-12-18,slp,"Cd. Valles, SLP",21.9833,-99.0167,5,0.0,24.11,10.5,0.0,0.11,8.709999999999996,0,0
2018-12-19,slp,"Cd. Valles, SLP",21.9833,-99.0167,5,0.0,31.58,14.56,0.0,0.11,5.289999999999997,0,0
2018-12-20,slp,"Cd. Valles, SLP",21.9833,-99.0167,5,0.01,28.68,13.79,0.00999999999999778,0.060000000000000005,5.109999999999997,0,0
2018-12-21,slp,"Cd. Valles, SLP",21.9833,-99.0167,5,0.01,24.72,12.71,0.01999999999999778,0.02,4.949999999999997,0,0
2018-12-22,slp,"Cd. Valles, SLP",21.9833,-99.0167,5,0.0,27.35,11.99,0.01999999999999778,0.02,1.4799999999999973,0,0
2018-12-23,slp,"Cd. Valles, SLP",21.9833,-99.0167,5,0.0,26.17,13.9,0.00999999999999778,0.02,0.5199999999999974,0,0
2018-12-24,slp,"Cd. Valles, SLP",21.9833,-99.0167,5,0.0,24.82,15.31,0.0,0.02,0.21999999999999734,0,0
2018-12-25,slp,"Cd. Valles, SLP",21.9833,-99.0167,5,0.0,23.61,15.64,0.0,0.02,0.12999999999999734,0,0
2018-12-26,slp,"Cd. Valles, SLP",21.9833,-99.0167,5,0.0,26.04,16.83,0.0,0.02,0.12999999999999734,0,0
2018-12-27,slp,"Cd. Valles, SLP",21.9833,-99.0167,5,0.0,32.92,17.08,0.0,0.01,0.06999999999999734,0,0
2018-12-28,slp,"Cd. Valles, SLP",21.9833,-99.0167,5,0.0,30.95,18.13,0.0,0.0,0.019999999999997336,0,0
2018-12-29,slp,"Cd. Valles, SLP",21.9833,-99.0167,5,0.74,28.01,16.02,0.7399999999999978,0.74,0.7599999999999973,0,0
2018-12-30,slp,"Cd. Valles, SLP",21.9833,-99.0167,5,1.43,21.98,13.16,2.1699999999999977,2.17,2.1899999999999973,0,0
2018-12-31,slp,"Cd. Valles, SLP",21.9833,-99.0167,5,0.01,28.42,13.71,2.1799999999999975,2.1799999999999997,2.199999999999997,0,0
2019-01-01,slp,"Cd. Valles, SLP",21.9833,-99.0167,5,0.23,27.17,14.57,1.6699999999999977,2.41,2.4299999999999975,0,0
2019-01-02,slp,"Cd. Valles, SLP",21.9833,-99.0167,5,0.92,26.28,16.65,1.159999999999998,3.33,3.3499999999999974,0,0
2019-01-03,slp,"Cd. Valles, SLP",21.9833,-99.0167,5,0.39,26.07,14.93,1.5399999999999978,3.7199999999999998,3.7299999999999978,0,0
2019-01-04,slp,"Cd. Valles, SLP",21.9833,-99.0167,5,0.05,26.32,13.39,1.3599999999999979,3.77,3.7699999999999974,0,0
2019-01-05,slp,"Cd. Valles, SLP",21.9833,-99.0167,5,0.01,26.5,13.86,0.4499999999999978,3.04,3.779999999999997,0,0
2019-01-06,slp,"Cd. Valles, SLP",21.9833,-99.0167,5,0.0,26.95,15.32,0.059999999999997784,1.61,3.779999999999997,0,0
2019-01-07,slp,"Cd. Valles, SLP",21.9833,-99.0167,5,0.0,29.61,16.82,0.00999999999999778,1.6,3.779999999999997,0,0
2019-01-08,slp,"Cd. Valles, SLP",21.9833,-99.0167,5,0.01,28.63,17.65,0.00999999999999778,1.3800000000000001,3.7899999999999974,0,0
2019-01-09,slp,"Cd. Valles, SLP",21.9833,-99.0167,5,0.68,25.35,16.58,0.6899999999999978,1.1400000000000001,4.469999999999997,0,0
2019-01-10,slp,"Cd. Valles, SLP",21.9833,-99.0167,5,0.28,25.84,16.01,0.9699999999999979,1.03,4.749999999999997,0,0
2019-01-11,slp,"Cd. Valles, SLP",21.9833,-99.0167,5,0.12,28.28,15.28,1.0799999999999979,1.1,4.869999999999997,0,0
2019-01-12,slp,"Cd. Valles, SLP",21.9833,-99.0167,5,3.59,29.09,18.01,3.9899999999999975,4.68,7.719999999999997,0,0
2019-01-13,slp,"Cd. Valles, SLP",21.9833,-99.0167,5,22.51,25.09,18.26,26.22,27.19,28.799999999999997,1,1
2019-01-14,slp,"Cd. Valles, SLP",21.9833,-99.0167,5,13.53,24.85,17.93,39.629999999999995,40.72,42.32,2,0
2019-01-15,slp,"Cd. Valles, SLP",21.9833,-99.0167,5,1.06,24.5,16.76,37.1,41.77,43.15,0,0
2019-01-16,slp,"Cd. Valles, SLP",21.9833,-99.0167,5,1.23,24.15,16.39,15.819999999999997,42.32,43.46,0,0
2019-01-17,slp,"Cd. Valles, SLP",21.9833,-99.0167,5,0.25,26.77,17.28,2.5399999999999965,42.29,43.32,0,0
2019-01-18,slp,"Cd. Valles, SLP",21.9833,-99.0167,5,0.02,29.5,17.93,1.4999999999999964,42.19,43.29,0,0
2019-01-19,slp,"Cd. Valles, SLP",21.9833,-99.0167,5,0.01,27.14,16.18,0.2799999999999965,38.61,43.29,0,0
2019-01-20,slp,"Cd. Valles, SLP",21.9833,-99.0167,5,0.04,22.93,10.67,0.06999999999999645,16.14,43.33,0,0
2019-01-21,slp,"Cd. Valles, SLP",21.9833,-99.0167,5,0.0,23.63,9.15,0.04999999999999644,2.61,43.33,0,0
2019-01-22,slp,"Cd. Valles, SLP",21.9833,-99.0167,5,0.0,28.39,11.07,0.03999999999999645,1.55,43.32,0,0
2019-01-23,slp,"Cd. Valles, SLP",21.9833,-99.0167,5,0.02,23.72,12.67,0.019999999999996448,0.34,42.66,0,0
2019-01-24,slp,"Cd. Valles, SLP",21.9833,-99.0167,5,0.0,24.16,11.47,0.019999999999996448,0.09,42.379999999999995,0,0
2019-01-25,slp,"Cd. Valles, SLP",21.9833,-99.0167,5,5.35,22.57,13.71,5.369999999999996,5.42,47.61,1,0
2019-01-26,slp,"Cd. Valles, SLP",21.9833,-99.0167,5,3.12,25.38,14.98,8.469999999999995,8.530000000000001,47.14,0,0
2019-01-27,slp,"Cd. Valles, SLP",21.9833,-99.0167,5,1.08,24.66,13.35,9.549999999999997,9.57,25.71,0,0
2019-01-28,slp,"Cd. Valles, SLP",21.9833,-99.0167,5,0.01,28.01,11.8,4.209999999999996,9.58,12.19,0,0
2019-01-29,slp,"Cd. Valles, SLP",21.9833,-99.0167,5,0.12,22.53,11.36,1.2099999999999964,9.7,11.25,0,0
2019-01-30,slp,"Cd. Valles, SLP",21.9833,-99.0167,5,0.0,23.87,9.73,0.12999999999999645,9.68,10.02,0,0
2019-01-31,slp,"Cd. Valles, SLP",21.9833,-99.0167,5,0.0,28.59,13.56,0.11999999999999644,9.68,9.77,0,0
2019-02-01,slp,"Cd. Valles, SLP",21.9833,-99.0167,5,0.01,28.32,16.77,0.009999999999996447,4.34,9.76,0,0
2019-02-02,slp,"Cd. Valles, SLP",21.9833,-99.0167,5,0.0,29.14,17.54,0.009999999999996447,1.22,9.75,0,0
2019-02-03,slp,"Cd. Valles, SLP",21.9833,-99.0167,5,0.01,29.99,17.69,0.019999999999996448,0.15,9.72,0,0
2019-02-04,slp,"Cd. Valles, SLP",21.9833,-99.0167,5,0.05,31.07,18.97,0.05999999999999645,0.19,9.77,0,0
2019-02-05,slp,"Cd. Valles, SLP",21.9833,-99.0167,5,0.07,30.6,19.56,0.12999999999999645,0.14,9.84,0,0
2019-02-06,slp,"Cd. Valles, SLP",21.9833,-99.0167,5,0.05,31.86,19.67,0.16999999999999646,0.19,9.87,0,0
2019-02-07,slp,"Cd. Valles, SLP",21.9833,-99.0167,5,0.5,33.2,20.73,0.6199999999999964,0.69,10.37,0,0
2019-02-08,slp,"Cd. Valles, SLP",21.9833,-99.0167,5,4.14,22.07,10.99,4.689999999999996,4.819999999999999,9.16,0,0
2019-02-09,slp,"Cd. Valles, SLP",21.9833,-99.0167,5,1.35,18.34,9.47,5.989999999999997,6.17,7.390000000000001,0,0
2019-02-10,slp,"Cd. Valles, SLP",21.9833,-99.0167,5,0.09,25.91,12.05,5.5799999999999965,6.25,6.4,0,0
2019-02-11,slp,"Cd. Valles, SLP",21.9833,-99.0167,5,0.0,30.1,15.01,1.4399999999999966,6.2,6.390000000000001,0,0
2019-02-12,slp,"Cd. Valles, SLP",21.9833,-99.0167,5,0.94,26.01,16.01,1.0299999999999963,7.069999999999999,7.21,0,0
2019-02-13,slp,"Cd. Valles, SLP",21.9833,-99.0167,5,0.01,25.71,13.64,0.9499999999999964,7.029999999999999,7.22,0,0
2019-02-14,slp,"Cd. Valles, SLP",21.9833,-99.0167,5,0.02,30.05,14.18,0.9699999999999964,6.55,7.24,0,0
2019-02-15,slp,"Cd. Valles, SLP",21.9833,-99.0167,5,0.0,35.82,16.68,0.029999999999996446,2.41,7.23,0,0
2019-02-16,slp,"Cd. Valles, SLP",21.9833,-99.0167,5,0.0,36.73,19.13,0.019999999999996444,1.0599999999999998,7.23,0,0
2019-02-17,slp,"Cd. Valles, SLP",21.9833,-99.0167,5,0.0,41.47,20.06,0.0,0.97,7.22,0,0
2019-02-18,slp,"Cd. Valles, SLP",21.9833,-99.0167,5,0.46,29.58,17.32,0.45999999999999647,1.43,7.63,0,0
2019-02-19,slp,"Cd. Valles, SLP",21.9833,-99.0167,5,0.06,30.52,15.57,0.5199999999999965,0.55,7.62,0,0
2019-02-20,slp,"Cd. Valles, SLP",21.9833,-99.0167,5,0.09,27.96,15.64,0.6099999999999964,0.63,7.659999999999999,0,0
2019-02-21,slp,"Cd. Valles, SLP",21.9833,-99.0167,5,0.01,29.95,14.16,0.15999999999999645,0.62,7.17,0,0
2019-02-22,slp,"Cd. Valles, SLP",21.9833,-99.0167,5,0.0,34.95,18.17,0.09999999999999644,0.62,3.03,0,0
2019-02-23,slp,"Cd. Valles, SLP",21.9833,-99.0167,5,0.05,37.69,21.33,0.05999999999999645,0.6699999999999999,1.73,0,0
2019-02-24,slp,"Cd. Valles, SLP",21.9833,-99.0167,5,0.13,29.86,16.68,0.17999999999999644,0.7999999999999999,1.7699999999999998,0,0
2019-02-25,slp,"Cd. Valles, SLP",21.9833,-99.0167,5,0.43,27.04,15.26,0.6099999999999964,0.77,2.1999999999999997,0,0
2019-02-26,slp,"Cd. Valles, SLP",21.9833,-99.0167,5,0.0,30.96,16.63,0.5599999999999964,0.71,1.2599999999999998,0,0
2019-02-27,slp,"Cd. Valles, SLP",21.9833,-99.0167,5,0.0,32.74,19.59,0.42999999999999644,0.62,1.25,0,0
2019-02-28,slp,"Cd. Valles, SLP",21.9833,-99.0167,5,0.0,32.5,19.21,0.0,0.61,1.23,0,0
2019-03-01,slp,"Cd. Valles, SLP",21.9833,-99.0167,5,0.27,33.82,20.24,0.26999999999999647,0.88,1.5,0,0
2019-03-02,slp,"Cd. Valles, SLP",21.9833,-99.0167,5,0.27,33.95,20.57,0.5399999999999965,1.1,1.77,0,0
2019-03-03,slp,"Cd. Valles, SLP",21.9833,-99.0167,5,0.05,36.27,20.46,0.5899999999999965,1.02,1.82,0,0
2019-03-04,slp,"Cd. Valles, SLP",21.9833,-99.0167,5,5.13,24.13,11.72,5.449999999999997,5.72,6.49,1,0
2019-03-05,slp,"Cd. Valles, SLP",21.9833,-99.0167,5,1.6,15.86,9.74,6.779999999999996,7.32,8.03,0,0
2019-03-06,slp,"Cd. Valles, SLP",21.9833,-99.0167,5,0.32,21.02,10.44,7.049999999999996,7.64,8.26,0,0
2019-03-07,slp,"Cd. Valles, SLP",21.9833,-99.0167,5,0.03,29.58,13.16,1.9499999999999966,7.67,8.28,0,0
2019-03-08,slp,"Cd. Valles, SLP",21.9833,-99.0167,5,0.07,32.77,18.23,0.4199999999999965,7.470000000000001,8.35,0,0
2019-03-09,slp,"Cd. Valles, SLP",21.9833,-99.0167,5,0.0,37.24,19.47,0.09999999999999645,7.2,8.299999999999999,0,0
2019-03-10,slp,"Cd. Valles, SLP",21.9833,-99.0167,5,0.01,35.82,20.36,0.07999999999999645,7.16,8.179999999999998,0,0
2019-03-11,slp,"Cd. Valles, SLP",21.9833,-99.0167,5,0.01,34.81,21.27,0.019999999999996448,2.04,7.76,0,0
2019-03-12,slp,"Cd. Valles, SLP",21.9833,-99.0167,5,0.04,33.65,21.06,0.059999999999996445,0.48,7.8,0,0
2019-03-13,slp,"Cd. Valles, SLP",21.9833,-99.0167,5,0.02,39.62,20.71,0.06999999999999645,0.18,7.82,0,0
2019-03-14,slp,"Cd. Valles, SLP",21.9833,-99.0167,5,0.14,40.2,21.61,0.19999999999999646,0.29000000000000004,7.96,0,0
2019-03-15,slp,"Cd. Valles, SLP",21.9833,-99.0167,5,1.15,24.19,15.5,1.3099999999999963,1.3699999999999999,8.84,0,0
2019-03-16,slp,"Cd. Valles, SLP",21.9833,-99.0167,5,0.04,23.71,14.28,1.3299999999999963,1.41,8.61,0,0
2019-03-17,slp,"Cd. Valles, SLP",21.9833,-99.0167,5,0.7,20.53,15.17,1.8899999999999963,2.0999999999999996,9.26,0,0
2019-03-18,slp,"Cd. Valles, SLP",21.9833,-99.0167,5,4.01,21.52,14.72,4.7499999999999964,6.1,8.139999999999999,0,0
2019-03-19,slp,"Cd. Valles, SLP",21.9833,-99.0167,5,0.84,24.39,13.64,5.549999999999996,6.8999999999999995,7.379999999999999,0,0
2019-03-20,slp,"Cd. Valles, SLP",21.9833,-99.0167,5,0.35,27.94,15.12,5.199999999999996,7.229999999999999,7.409999999999998,0,0
2019-03-21,slp,"Cd. Valles, SLP",21.9833,-99.0167,5,7.24,27.08,18.15,8.429999999999996,14.329999999999998,14.619999999999997,1,0
2019-03-22,slp,"Cd. Valles, SLP",21.9833,-99.0167,5,0.61,29.69,17.4,8.199999999999996,13.79,15.159999999999998,0,0
2019-03-23,slp,"Cd. Valles, SLP",21.9833,-99.0167,5,0.23,32.63,17.85,8.079999999999997,13.98,15.389999999999999,0,0
2019-03-24,slp,"Cd. Valles, SLP",21.9833,-99.0167,5,0.05,33.37,19.28,0.8899999999999965,13.329999999999998,15.429999999999998,0,0
2019-03-25,slp,"Cd. Valles, SLP",21.9833,-99.0167,5,0.01,34.46,19.01,0.2899999999999965,9.33,15.429999999999998,0,0
2019-03-26,slp,"Cd. Valles, SLP",21.9833,-99.0167,5,0.01,32.12,19.02,0.06999999999999645,8.499999999999998,15.399999999999997,0,0
2019-03-27,slp,"Cd. Valles, SLP",21.9833,-99.0167,5,0.0,31.89,18.52,0.019999999999996448,8.149999999999999,15.379999999999997,0,0
2019-03-28,slp,"Cd. Valles, SLP",21.9833,-99.0167,5,0.0,32.52,17.88,0.009999999999996447,0.9099999999999991,15.239999999999998,0,0
2019-03-29,slp,"Cd. Valles, SLP",21.9833,-99.0167,5,0.0,33.06,16.13,0.0,0.2999999999999991,14.089999999999998,0,0
2019-03-30,slp,"Cd. Valles, SLP",21.9833,-99.0167,5,0.02,34.6,17.65,0.019999999999996448,0.08999999999999911,14.069999999999999,0,0
2019-03-31,slp,"Cd. Valles, SLP",21.9833,-99.0167,5,3.77,21.97,13.42,3.7899999999999965,3.809999999999999,17.14,0,0
2019-04-01,slp,"Cd. Valles, SLP",21.9833,-99.0167,5,0.35,26.8,11.14,4.139999999999996,4.1499999999999995,13.479999999999999,0,0
2019-04-02,slp,"Cd. Valles, SLP",21.9833,-99.0167,5,0.16,28.76,13.68,4.279999999999997,4.3,12.799999999999999,0,0
2019-04-03,slp,"Cd. Valles, SLP",21.9833,-99.0167,5,0.01,33.04,17.68,0.5199999999999965,4.31,12.459999999999999,0,0
2019-04-04,slp,"Cd. Valles, SLP",21.9833,-99.0167,5,0.01,38.68,19.69,0.17999999999999644,4.319999999999999,5.2299999999999995,0,0
2019-04-05,slp,"Cd. Valles, SLP",21.9833,-99.0167,5,0.02,36.34,21.35,0.03999999999999645,4.34,4.639999999999999,0,0
2019-04-06,slp,"Cd. Valles, SLP",21.9833,-99.0167,5,0.07,38.42,22.65,0.09999999999999645,4.389999999999999,4.4799999999999995,0,0
2019-04-07,slp,"Cd. Valles, SLP",21.9833,-99.0167,5,0.0,41.6,22.38,0.08999999999999646,0.6199999999999991,4.43,0,0
2019-04-08,slp,"Cd. Valles, SLP",21.9833,-99.0167,5,0.16,35.88,22.01,0.22999999999999646,0.42999999999999916,4.579999999999999,0,0
2019-04-09,slp,"Cd. Valles, SLP",21.9833,-99.0167,5,0.02,38.59,20.75,0.17999999999999644,0.2899999999999991,4.589999999999999,0,0
2019-04-10,slp,"Cd. Valles, SLP",21.9833,-99.0167,5,0.01,38.6,18.96,0.18999999999999645,0.28999999999999915,4.599999999999999,0,0
2019-04-11,slp,"Cd. Valles, SLP",21.9833,-99.0167,5,0.01,44.98,19.53,0.03999999999999645,0.28999999999999915,4.609999999999999,0,0
2019-04-12,slp,"Cd. Valles, SLP",21.9833,-99.0167,5,0.01,39.01,21.75,0.03,0.27999999999999914,4.619999999999999,0,0
2019-04-13,slp,"Cd. Valles, SLP",21.9833,-99.0167,5,0.0,44.88,21.42,0.019999999999996444,0.2099999999999991,4.6,0,0
2019-04-14,slp,"Cd. Valles, SLP",21.9833,-99.0167,5,0.01,31.66,17.9,0.019999999999996448,0.2199999999999991,0.8399999999999991,0,0
2019-04-15,slp,"Cd. Valles, SLP",21.9833,-99.0167,5,0.0,32.32,16.14,0.009999999999996447,0.05999999999999911,0.48999999999999916,0,0
2019-04-16,slp,"Cd. Valles, SLP",21.9833,-99.0167,5,0.02,35.27,18.9,0.029999999999996446,0.05999999999999911,0.34999999999999915,0,0
2019-04-17,slp,"Cd. Valles, SLP",21.9833,-99.0167,5,0.01,42.73,21.68,0.029999999999996446,0.05999999999999912,0.34999999999999915,0,0
2019-04-18,slp,"Cd. Valles, SLP",21.9833,-99.0167,5,0.0,40.77,22.29,0.029999999999996446,0.049999999999999115,0.33999999999999914,0,0
2019-04-19,slp,"Cd. Valles, SLP",21.9833,-99.0167,5,0.0,35.65,19.37,0.009999999999996451,0.03999999999999911,0.3199999999999991,0,0
2019-04-20,slp,"Cd. Valles, SLP",21.9833,-99.0167,5,0.0,34.79,16.49,0.0,0.03999999999999911,0.2499999999999991,0,0
2019-04-21,slp,"Cd. Valles, SLP",21.9833,-99.0167,5,0.0,36.33,17.59,0.0,0.02999999999999911,0.2499999999999991,0,0
2019-04-22,slp,"Cd. Valles, SLP",21.9833,-99.0167,5,0.0,35.9,19.57,0.0,0.02999999999999911,0.08999999999999911,0,0
2019-04-23,slp,"Cd. Valles, SLP",21.9833,-99.0167,5,0.02,36.02,21.56,0.01999999999999645,0.029999999999999114,0.08999999999999911,0,0
2019-04-24,slp,"Cd. Valles, SLP",21.9833,-99.0167,5,0.03,38.14,22.73,0.04999999999999645,0.049999999999999115,0.10999999999999911,0,0
2019-04-25,slp,"Cd. Valles, SLP",21.9833,-99.0167,5,0.0,36.06,22.95,0.04999999999999645,0.049999999999999115,0.09999999999999912,0,0
2019-04-26,slp,"Cd. Valles, SLP",21.9833,-99.0167,5,0.0,36.16,21.16,0.02999999999999645,0.049999999999999115,0.08999999999999911,0,0
2019-04-27,slp,"Cd. Valles, SLP",21.9833,-99.0167,5,0.0,36.53,19.25,0.0,0.049999999999999115,0.08999999999999911,0,0
2019-04-28,slp,"Cd. Valles, SLP",21.9833,-99.0167,5,0.0,37.0,20.49,0.0,0.049999999999999115,0.07999999999999911,0,0
2019-04-29,slp,"Cd. Valles, SLP",21.9833,-99.0167,5,0.0,37.36,22.75,0.0,0.049999999999999115,0.07999999999999911,0,0
2019-04-30,slp,"Cd. Valles, SLP",21.9833,-99.0167,5,0.03,39.53,23.63,0.02999999999999645,0.05999999999999911,0.08999999999999911,0,0
2019-05-01,slp,"Cd. Valles, SLP",21.9833,-99.0167,5,0.19,39.83,23.9,0.21999999999999645,0.2199999999999991,0.26999999999999913,0,0
2019-05-02,slp,"Cd. Valles, SLP",21.9833,-99.0167,5,0.03,39.59,24.05,0.24999999999999645,0.2499999999999991,0.29999999999999916,0,0
2019-05-03,slp,"Cd. Valles, SLP",21.9833,-99.0167,5,0.07,37.47,24.54,0.2899999999999965,0.3199999999999991,0.3699999999999991,0,0
2019-05-04,slp,"Cd. Valles, SLP",21.9833,-99.0167,5,5.92,38.5,25.02,6.019999999999996,6.239999999999999,6.289999999999999,1,0
2019-05-05,slp,"Cd. Valles, SLP",21.9833,-99.0167,5,6.55,34.8,23.82,12.539999999999996,12.79,12.84,2,0
2019-05-06,slp,"Cd. Valles, SLP",21.9833,-99.0167,5,1.95,35.43,23.6,14.419999999999995,14.739999999999998,14.79,0,0
2019-05-07,slp,"Cd. Valles, SLP",21.9833,-99.0167,5,0.1,38.42,24.43,8.599999999999998,14.81,14.87,0,0
2019-05-08,slp,"Cd. Valles, SLP",21.9833,-99.0167,5,0.04,43.38,24.74,2.0899999999999963,14.659999999999998,14.879999999999999,0,0
2019-05-09,slp,"Cd. Valles, SLP",21.9833,-99.0167,5,0.02,44.38,24.9,0.15999999999999645,14.649999999999999,14.899999999999999,0,0
2019-05-10,slp,"Cd. Valles, SLP",21.9833,-99.0167,5,0.5,38.17,25.87,0.5599999999999965,15.079999999999998,15.399999999999999,0,0
2019-05-11,slp,"Cd. Valles, SLP",21.9833,-99.0167,5,0.57,38.1,25.19,1.0899999999999963,9.729999999999999,15.969999999999999,0,0
2019-05-12,slp,"Cd. Valles, SLP",21.9833,-99.0167,5,0.44,37.58,24.99,1.5099999999999965,3.619999999999999,16.409999999999997,0,0
2019-05-13,slp,"Cd. Valles, SLP",21.9833,-99.0167,5,0.45,37.28,24.88,1.4599999999999964,2.119999999999999,16.86,0,0
2019-05-14,slp,"Cd. Valles, SLP",21.9833,-99.0167,5,0.96,37.4,24.9,1.8499999999999965,2.979999999999999,17.79,0,0
2019-05-15,slp,"Cd. Valles, SLP",21.9833,-99.0167,5,3.41,34.05,24.56,4.819999999999997,6.35,21.009999999999998,0,0
2019-05-16,slp,"Cd. Valles, SLP",21.9833,-99.0167,5,1.74,36.25,24.24,6.109999999999997,8.07,22.72,0,0
2019-05-17,slp,"Cd. Valles, SLP",21.9833,-99.0167,5,0.08,38.63,24.15,5.229999999999997,7.6499999999999995,22.729999999999997,0,0
2019-05-18,slp,"Cd. Valles, SLP",21.9833,-99.0167,5,0.01,43.04,25.53,1.8299999999999965,7.089999999999999,16.82,0,0
2019-05-19,slp,"Cd. Valles, SLP",21.9833,-99.0167,5,0.0,42.09,26.37,0.08999999999999644,6.649999999999999,10.27,0,0
2019-05-20,slp,"Cd. Valles, SLP",21.9833,-99.0167,5,0.0,40.45,25.97,0.009999999999996447,6.199999999999999,8.32,0,0
2019-05-21,slp,"Cd. Valles, SLP",21.9833,-99.0167,5,0.0,42.99,24.77,0.0,5.239999999999999,8.219999999999999,0,0
2019-05-22,slp,"Cd. Valles, SLP",21.9833,-99.0167,5,0.0,40.91,25.67,0.0,1.8299999999999992,8.18,0,0
2019-05-23,slp,"Cd. Valles, SLP",21.9833,-99.0167,5,0.03,39.28,26.27,0.029999999999996446,0.11999999999999911,8.19,0,0
2019-05-24,slp,"Cd. Valles, SLP",21.9833,-99.0167,5,0.37,38.24,26.04,0.39999999999999647,0.4099999999999991,8.059999999999999,0,0
2019-05-25,slp,"Cd. Valles, SLP",21.9833,-99.0167,5,0.16,38.09,25.1,0.5599999999999965,0.559999999999999,7.6499999999999995,0,0
2019-05-26,slp,"Cd. Valles, SLP",21.9833,-99.0167,5,0.22,37.99,24.82,0.7499999999999964,0.7799999999999991,7.429999999999999,0,0
2019-05-27,slp,"Cd. Valles, SLP",21.9833,-99.0167,5,0.03,38.06,23.45,0.4099999999999965,0.809999999999999,7.009999999999999,0,0
2019-05-28,slp,"Cd. Valles, SLP",21.9833,-99.0167,5,0.0,39.86,23.38,0.24999999999999645,0.809999999999999,6.049999999999999,0,0
2019-05-29,slp,"Cd. Valles, SLP",21.9833,-99.0167,5,0.0,39.85,25.56,0.029999999999996446,0.809999999999999,2.6399999999999992,0,0
2019-05-30,slp,"Cd. Valles, SLP",21.9833,-99.0167,5,0.13,39.34,26.06,0.12999999999999645,0.909999999999999,1.0299999999999991,0,0
2019-05-31,slp,"Cd. Valles, SLP",21.9833,-99.0167,5,2.02,39.67,26.61,2.1499999999999964,2.559999999999999,2.9699999999999993,0,0
2019-06-01,slp,"Cd. Valles, SLP",21.9833,-99.0167,5,3.29,38.1,26.01,5.439999999999996,5.6899999999999995,6.249999999999999,0,0
2019-06-02,slp,"Cd. Valles, SLP",21.9833,-99.0167,5,7.44,35.68,25.88,12.749999999999996,12.91,13.69,1,0
2019-06-03,slp,"Cd. Valles, SLP",21.9833,-99.0167,5,16.57,33.78,25.16,27.299999999999997,29.450000000000003,30.259999999999998,2,0
2019-06-04,slp,"Cd. Valles, SLP",21.9833,-99.0167,5,4.35,35.56,24.94,28.36,33.800000000000004,34.61,0,0
2019-06-05,slp,"Cd. Valles, SLP",21.9833,-99.0167,5,1.86,34.06,25.92,22.779999999999998,35.660000000000004,36.47,0,0
2019-06-06,slp,"Cd. Valles, SLP",21.9833,-99.0167,5,1.89,39.86,26.5,8.099999999999996,37.42,38.33,0,0
2019-06-07,slp,"Cd. Valles, SLP",21.9833,-99.0167,5,0.0,41.31,26.15,3.7499999999999964,35.400000000000006,37.96,0,0
2019-06-08,slp,"Cd. Valles, SLP",21.9833,-99.0167,5,0.0,41.75,26.39,1.8899999999999963,32.11000000000001,37.8,0,0
2019-06-09,slp,"Cd. Valles, SLP",21.9833,-99.0167,5,0.0,40.85,25.82,0.0,24.67,37.58,0,0
2019-06-10,slp,"Cd. Valles, SLP",21.9833,-99.0167,5,3.71,38.65,25.94,3.7099999999999964,11.809999999999999,41.26,0,0
2019-06-11,slp,"Cd. Valles, SLP",21.9833,-99.0167,5,0.87,37.58,24.94,4.5799999999999965,8.33,42.129999999999995,0,0
2019-06-12,slp,"Cd. Valles, SLP",21.9833,-99.0167,5,2.39,36.96,25.0,6.969999999999997,8.86,44.519999999999996,0,0
2019-06-13,slp,"Cd. Valles, SLP",21.9833,-99.0167,5,12.24,34.63,24.6,15.499999999999996,19.21,56.63,1,0
2019-06-14,slp,"Cd. Valles, SLP",21.9833,-99.0167,5,0.98,36.79,24.04,15.61,20.189999999999998,55.589999999999996,0,0
2019-06-15,slp,"Cd. Valles, SLP",21.9833,-99.0167,5,0.0,37.39,24.48,13.219999999999999,20.189999999999998,52.3,0,0
2019-06-16,slp,"Cd. Valles, SLP",21.9833,-99.0167,5,0.05,38.81,24.98,1.0299999999999983,20.24,44.910000000000004,0,0
2019-06-17,slp,"Cd. Valles, SLP",21.9833,-99.0167,5,0.41,37.65,26.09,0.4599999999999982,16.939999999999998,28.749999999999996,0,0
2019-06-18,slp,"Cd. Valles, SLP",21.9833,-99.0167,5,0.6,38.12,25.7,1.0599999999999983,16.67,25.0,0,0
2019-06-19,slp,"Cd. Valles, SLP",21.9833,-99.0167,5,0.0,38.49,26.16,1.009999999999998,14.279999999999998,23.139999999999997,0,0
2019-06-20,slp,"Cd. Valles, SLP",21.9833,-99.0167,5,0.07,37.33,27.15,0.6699999999999982,2.109999999999998,21.32,0,0
2019-06-21,slp,"Cd. Valles, SLP",21.9833,-99.0167,5,1.0,40.47,26.59,1.069999999999998,2.129999999999998,22.32,0,0
2019-06-22,slp,"Cd. Valles, SLP",21.9833,-99.0167,5,4.01,39.34,26.58,5.079999999999998,6.139999999999998,26.33,0,0
2019-06-23,slp,"Cd. Valles, SLP",21.9833,-99.0167,5,0.85,39.47,26.68,5.859999999999998,6.939999999999998,27.18,0,0
2019-06-24,slp,"Cd. Valles, SLP",21.9833,-99.0167,5,6.33,37.06,26.65,11.189999999999998,12.859999999999998,29.799999999999997,1,0
2019-06-25,slp,"Cd. Valles, SLP",21.9833,-99.0167,5,29.16,29.24,25.78,36.339999999999996,41.42,58.089999999999996,2,1
2019-06-26,slp,"Cd. Valles, SLP",21.9833,-99.0167,5,18.14,34.02,24.74,53.629999999999995,59.56,73.84,3,0
2019-06-27,slp,"Cd. Valles, SLP",21.9833,-99.0167,5,4.23,33.79,23.96,51.53,63.72,65.83,0,0
2019-06-28,slp,"Cd. Valles, SLP",21.9833,-99.0167,5,8.05,33.8,23.81,30.42,70.77,72.89999999999999,1,0
2019-06-29,slp,"Cd. Valles, SLP",21.9833,-99.0167,5,3.07,33.48,22.78,15.350000000000001,69.83,75.96999999999998,0,0
2019-06-30,slp,"Cd. Valles, SLP",21.9833,-99.0167,5,0.37,34.46,21.61,11.49,69.35,76.28999999999999,0,0
2019-07-01,slp,"Cd. Valles, SLP",21.9833,-99.0167,5,0.21,35.59,22.67,3.65,63.230000000000004,76.09,0,0
2019-07-02,slp,"Cd. Valles, SLP",21.9833,-99.0167,5,1.06,33.42,24.99,1.6400000000000001,35.129999999999995,76.55,0,0
2019-07-03,slp,"Cd. Valles, SLP",21.9833,-99.0167,5,2.34,35.49,24.3,3.61,19.33,78.89,0,0
2019-07-04,slp,"Cd. Valles, SLP",21.9833,-99.0167,5,0.22,36.61,24.57,3.62,15.319999999999997,79.03999999999999,0,0
2019-07-05,slp,"Cd. Valles, SLP",21.9833,-99.0167,5,0.01,37.01,24.26,2.57,7.279999999999997,78.05,0,0
2019-07-06,slp,"Cd. Valles, SLP",21.9833,-99.0167,5,0.0,36.46,24.07,0.23,4.209999999999997,74.03999999999999,0,0
2019-07-07,slp,"Cd. Valles, SLP",21.9833,-99.0167,5,0.0,33.56,24.13,0.01,3.8399999999999963,73.19,0,0
2019-07-08,slp,"Cd. Valles, SLP",21.9833,-99.0167,5,0.0,37.48,23.21,0.0,3.6299999999999963,66.86,0,0
2019-07-09,slp,"Cd. Valles, SLP",21.9833,-99.0167,5,0.0,37.98,24.38,0.0,2.5699999999999963,37.7,0,0
2019-07-10,slp,"Cd. Valles, SLP",21.9833,-99.0167,5,0.0,37.86,25.25,0.0,0.22999999999999646,19.56,0,0
2019-07-11,slp,"Cd. Valles, SLP",21.9833,-99.0167,5,0.6,38.44,23.9,0.6,0.6099999999999964,15.929999999999996,0,0
2019-07-12,slp,"Cd. Valles, SLP",21.9833,-99.0167,5,1.05,38.66,24.8,1.65,1.6499999999999964,8.929999999999996,0,0
2019-07-13,slp,"Cd. Valles, SLP",21.9833,-99.0167,5,0.36,39.02,24.98,2.0100000000000002,2.0099999999999967,6.219999999999996,0,0
2019-07-14,slp,"Cd. Valles, SLP",21.9833,-99.0167,5,0.0,37.43,25.6,1.4100000000000001,2.0099999999999967,5.849999999999997,0,0
2019-07-15,slp,"Cd. Valles, SLP",21.9833,-99.0167,5,0.02,35.63,25.77,0.3800000000000002,2.0299999999999967,5.659999999999997,0,0
2019-07-16,slp,"Cd. Valles, SLP",21.9833,-99.0167,5,0.05,36.88,25.95,0.07000000000000023,2.0799999999999965,4.649999999999996,0,0
2019-07-17,slp,"Cd. Valles, SLP",21.9833,-99.0167,5,2.06,33.7,24.94,2.1300000000000003,4.139999999999997,4.3699999999999966,0,0
2019-07-18,slp,"Cd. Valles, SLP",21.9833,-99.0167,5,1.24,34.5,23.7,3.3500000000000005,4.779999999999997,5.389999999999997,0,0
2019-07-19,slp,"Cd. Valles, SLP",21.9833,-99.0167,5,1.42,34.13,24.65,4.720000000000001,5.149999999999997,6.799999999999996,0,0
2019-07-20,slp,"Cd. Valles, SLP",21.9833,-99.0167,5,0.14,36.21,24.27,2.8000000000000003,4.929999999999996,6.939999999999996,0,0
2019-07-21,slp,"Cd. Valles, SLP",21.9833,-99.0167,5,0.12,36.78,24.89,1.6800000000000004,5.049999999999996,7.059999999999996,0,0
2019-07-22,slp,"Cd. Valles, SLP",21.9833,-99.0167,5,0.24,33.9,25.33,0.5000000000000004,5.269999999999997,7.299999999999996,0,0
2019-07-23,slp,"Cd. Valles, SLP",21.9833,-99.0167,5,0.64,32.75,25.31,1.0000000000000004,5.859999999999997,7.939999999999996,0,0
2019-07-24,slp,"Cd. Valles, SLP",21.9833,-99.0167,5,3.67,32.72,24.71,4.550000000000001,7.469999999999996,11.609999999999996,0,0
2019-07-25,slp,"Cd. Valles, SLP",21.9833,-99.0167,5,7.78,33.1,23.72,12.09,14.009999999999996,18.789999999999996,1,0
2019-07-26,slp,"Cd. Valles, SLP",21.9833,-99.0167,5,0.38,36.37,22.48,11.83,12.969999999999997,18.119999999999997,0,0
2019-07-27,slp,"Cd. Valles, SLP",21.9833,-99.0167,5,1.5,36.87,23.41,9.66,14.329999999999995,19.259999999999998,0,0
2019-07-28,slp,"Cd. Valles, SLP",21.9833,-99.0167,5,5.01,34.01,24.16,6.89,19.219999999999995,24.269999999999996,1,0
2019-07-29,slp,"Cd. Valles, SLP",21.9833,-99.0167,5,1.66,33.35,24.46,8.17,20.639999999999997,25.909999999999997,0,0
2019-07-30,slp,"Cd. Valles, SLP",21.9833,-99.0167,5,0.02,35.55,24.06,6.6899999999999995,20.019999999999996,25.879999999999995,0,0
2019-07-31,slp,"Cd. Valles, SLP",21.9833,-99.0167,5,0.64,36.23,23.67,2.32,16.989999999999995,24.459999999999997,0,0
2019-08-01,slp,"Cd. Valles, SLP",21.9833,-99.0167,5,0.06,37.91,23.35,0.72,9.269999999999996,23.279999999999994,0,0
2019-08-02,slp,"Cd. Valles, SLP",21.9833,-99.0167,5,0.0,38.21,23.42,0.7,8.889999999999995,21.859999999999996,0,0
2019-08-03,slp,"Cd. Valles, SLP",21.9833,-99.0167,5,0.02,39.07,23.84,0.08,7.409999999999997,21.739999999999995,0,0
2019-08-04,slp,"Cd. Valles, SLP",21.9833,-99.0167,5,0.09,38.91,24.8,0.11,2.489999999999996,21.709999999999994,0,0
2019-08-05,slp,"Cd. Valles, SLP",21.9833,-99.0167,5,0.04,38.81,26.36,0.15,0.8699999999999964,21.509999999999998,0,0
2019-08-06,slp,"Cd. Valles, SLP",21.9833,-99.0167,5,0.01,38.25,25.6,0.14,0.8599999999999964,20.879999999999995,0,0
2019-08-07,slp,"Cd. Valles, SLP",21.9833,-99.0167,5,0.19,36.86,25.25,0.24,0.4099999999999965,17.399999999999995,0,0
2019-08-08,slp,"Cd. Valles, SLP",21.9833,-99.0167,5,0.09,37.48,25.69,0.29,0.43999999999999645,9.709999999999997,0,0
2019-08-09,slp,"Cd. Valles, SLP",21.9833,-99.0167,5,0.15,38.88,26.1,0.42999999999999994,0.5899999999999964,9.479999999999997,0,0
2019-08-10,slp,"Cd. Valles, SLP",21.9833,-99.0167,5,0.04,38.59,26.46,0.27999999999999997,0.6099999999999964,8.019999999999996,0,0
2019-08-11,slp,"Cd. Valles, SLP",21.9833,-99.0167,5,0.19,39.79,26.4,0.38,0.7099999999999964,3.1999999999999966,0,0
2019-08-12,slp,"Cd. Valles, SLP",21.9833,-99.0167,5,0.24,40.44,25.99,0.47,0.9099999999999964,1.7799999999999965,0,0
2019-08-13,slp,"Cd. Valles, SLP",21.9833,-99.0167,5,0.0,40.21,26.54,0.43000000000000005,0.8999999999999964,1.7599999999999965,0,0
2019-08-14,slp,"Cd. Valles, SLP",21.9833,-99.0167,5,0.0,39.87,27.29,0.24,0.7099999999999964,1.1199999999999966,0,0
2019-08-15,slp,"Cd. Valles, SLP",21.9833,-99.0167,5,0.0,39.48,26.72,0.0,0.6199999999999963,1.0599999999999965,0,0
2019-08-16,slp,"Cd. Valles, SLP",21.9833,-99.0167,5,0.0,40.79,25.88,0.0,0.4699999999999965,1.0599999999999965,0,0
2019-08-17,slp,"Cd. Valles, SLP",21.9833,-99.0167,5,0.0,39.8,26.11,0.0,0.42999999999999644,1.0399999999999965,0,0
2019-08-18,slp,"Cd. Valles, SLP",21.9833,-99.0167,5,0.0,37.85,27.3,0.0,0.23999999999999644,0.9499999999999964,0,0
2019-08-19,slp,"Cd. Valles, SLP",21.9833,-99.0167,5,0.51,34.44,26.95,0.51,0.5099999999999965,1.4199999999999964,0,0
2019-08-20,slp,"Cd. Valles, SLP",21.9833,-99.0167,5,1.8,38.37,25.47,2.31,2.3099999999999965,3.2099999999999964,0,0
2019-08-21,slp,"Cd. Valles, SLP",21.9833,-99.0167,5,2.1,36.84,25.74,4.41,4.409999999999997,5.119999999999997,0,0
2019-08-22,slp,"Cd. Valles, SLP",21.9833,-99.0167,5,0.14,40.04,25.15,4.04,4.549999999999996,5.169999999999997,0,0
2019-08-23,slp,"Cd. Valles, SLP",21.9833,-99.0167,5,0.31,38.85,26.24,2.5500000000000003,4.859999999999997,5.3299999999999965,0,0
2019-08-24,slp,"Cd. Valles, SLP",21.9833,-99.0167,5,1.82,34.46,26.94,2.27,6.679999999999996,7.109999999999997,0,0
2019-08-25,slp,"Cd. Valles, SLP",21.9833,-99.0167,5,4.74,35.44,26.04,6.87,11.419999999999996,11.659999999999997,0,0
2019-08-26,slp,"Cd. Valles, SLP",21.9833,-99.0167,5,4.88,33.66,26.65,11.440000000000001,15.789999999999996,16.299999999999997,0,0
2019-08-27,slp,"Cd. Valles, SLP",21.9833,-99.0167,5,0.37,36.49,25.8,9.99,14.359999999999996,16.669999999999998,0,0
2019-08-28,slp,"Cd. Valles, SLP",21.9833,-99.0167,5,1.19,37.53,25.14,6.4399999999999995,13.449999999999996,17.859999999999996,0,0
2019-08-29,slp,"Cd. Valles, SLP",21.9833,-99.0167,5,1.46,34.82,24.8,3.02,14.769999999999996,19.319999999999997,0,0
2019-08-30,slp,"Cd. Valles, SLP",21.9833,-99.0167,5,0.0,36.89,23.53,2.65,14.459999999999997,19.319999999999997,0,0
2019-08-31,slp,"Cd. Valles, SLP",21.9833,-99.0167,5,0.0,37.11,24.09,1.46,12.639999999999997,19.319999999999997,0,0
2019-09-01,slp,"Cd. Valles, SLP",21.9833,-99.0167,5,0.32,35.7,25.22,0.32,8.219999999999997,19.639999999999997,0,0
2019-09-02,slp,"Cd. Valles, SLP",21.9833,-99.0167,5,0.51,39.26,24.3,0.8300000000000001,3.8499999999999965,19.639999999999997,0,0
2019-09-03,slp,"Cd. Valles, SLP",21.9833,-99.0167,5,0.48,36.9,25.8,1.31,3.9599999999999964,18.32,0,0
2019-09-04,slp,"Cd. Valles, SLP",21.9833,-99.0167,5,6.76,37.47,25.7,7.75,9.529999999999996,22.979999999999997,1,0
2019-09-05,slp,"Cd. Valles, SLP",21.9833,-99.0167,5,12.62,33.13,26.31,19.86,20.689999999999998,35.459999999999994,2,0
2019-09-06,slp,"Cd. Valles, SLP",21.9833,-99.0167,5,5.51,32.38,25.35,24.89,26.199999999999996,40.66,3,0
2019-09-07,slp,"Cd. Valles, SLP",21.9833,-99.0167,5,0.56,35.8,23.87,18.69,26.759999999999994,39.39999999999999,0,0
2019-09-08,slp,"Cd. Valles, SLP",21.9833,-99.0167,5,0.01,37.37,23.24,6.08,26.449999999999996,34.669999999999995,0,0
2019-09-09,slp,"Cd. Valles, SLP",21.9833,-99.0167,5,0.38,36.7,24.41,0.9500000000000001,26.319999999999993,30.169999999999995,0,0
2019-09-10,slp,"Cd. Valles, SLP",21.9833,-99.0167,5,7.97,35.08,25.08,8.36,33.809999999999995,37.769999999999996,1,0
2019-09-11,slp,"Cd. Valles, SLP",21.9833,-99.0167,5,12.66,29.74,24.92,21.009999999999998,39.709999999999994,49.239999999999995,2,0
2019-09-12,slp,"Cd. Valles, SLP",21.9833,-99.0167,5,20.58,29.23,24.36,41.209999999999994,47.669999999999995,68.36,3,1
2019-09-13,slp,"Cd. Valles, SLP",21.9833,-99.0167,5,18.1,31.02,23.32,51.34,60.26,86.46000000000001,4,0
2019-09-14,slp,"Cd. Valles, SLP",21.9833,-99.0167,5,11.48,31.65,23.47,50.16,71.17999999999999,97.94,5,0
2019-09-15,slp,"Cd. Valles, SLP",21.9833,-99.0167,5,0.11,33.78,22.95,29.689999999999998,71.27999999999999,97.72999999999999,0,0
2019-09-16,slp,"Cd. Valles, SLP",21.9833,-99.0167,5,0.27,34.63,23.42,11.859999999999998,71.17,97.49000000000001,0,0
2019-09-17,slp,"Cd. Valles, SLP",21.9833,-99.0167,5,0.02,35.26,23.42,0.39999999999999647,63.22,97.03,0,0
2019-09-18,slp,"Cd. Valles, SLP",21.9833,-99.0167,5,0.07,34.09,23.77,0.3599999999999965,50.629999999999995,90.33999999999999,0,0
2019-09-19,slp,"Cd. Valles, SLP",21.9833,-99.0167,5,0.6,30.38,25.28,0.6899999999999964,30.649999999999995,78.32000000000001,0,0
2019-09-20,slp,"Cd. Valles, SLP",21.9833,-99.0167,5,2.13,32.36,24.69,2.7999999999999963,14.679999999999993,74.94,0,0
2019-09-21,slp,"Cd. Valles, SLP",21.9833,-99.0167,5,3.24,33.62,23.67,5.969999999999997,6.439999999999992,77.61999999999999,0,0
2019-09-22,slp,"Cd. Valles, SLP",21.9833,-99.0167,5,0.3,34.6,22.91,5.669999999999997,6.629999999999993,77.91000000000001,0,0
2019-09-23,slp,"Cd. Valles, SLP",21.9833,-99.0167,5,0.25,33.82,22.04,3.7899999999999965,6.609999999999993,77.78,0,0
2019-09-24,slp,"Cd. Valles, SLP",21.9833,-99.0167,5,0.36,34.78,24.09,0.9099999999999964,6.949999999999992,70.17,0,0
2019-09-25,slp,"Cd. Valles, SLP",21.9833,-99.0167,5,0.02,36.3,23.89,0.6299999999999963,6.899999999999993,57.53,0,0
2019-09-26,slp,"Cd. Valles, SLP",21.9833,-99.0167,5,0.01,36.19,24.33,0.38999999999999646,6.3099999999999925,36.96,0,0
2019-09-27,slp,"Cd. Valles, SLP",21.9833,-99.0167,5,0.43,36.67,22.33,0.45999999999999647,4.609999999999992,19.29,0,0
2019-09-28,slp,"Cd. Valles, SLP",21.9833,-99.0167,5,9.66,34.08,23.63,10.099999999999996,11.029999999999992,17.47,1,0
2019-09-29,slp,"Cd. Valles, SLP",21.9833,-99.0167,5,15.32,31.32,25.22,25.409999999999997,26.04999999999999,32.68,2,0
2019-09-30,slp,"Cd. Valles, SLP",21.9833,-99.0167,5,10.37,31.85,25.05,35.349999999999994,36.16999999999999,42.78,3,0
2019-10-01,slp,"Cd. Valles, SLP",21.9833,-99.0167,5,6.27,32.49,24.01,31.959999999999994,42.07999999999999,49.03,4,0
2019-10-02,slp,"Cd. Valles, SLP",21.9833,-99.0167,5,3.52,33.27,23.13,20.159999999999997,45.57999999999999,52.480000000000004,0,0
2019-10-03,slp,"Cd. Valles, SLP",21.9833,-99.0167,5,3.67,31.98,23.22,13.459999999999996,49.23999999999999,55.55,0,0
2019-10-04,slp,"Cd. Valles, SLP",21.9833,-99.0167,5,0.17,33.49,22.29,7.359999999999997,48.97999999999999,53.589999999999996,0,0
2019-10-05,slp,"Cd. Valles, SLP",21.9833,-99.0167,5,0.02,34.67,22.8,3.8599999999999963,39.339999999999996,50.370000000000005,0,0
2019-10-06,slp,"Cd. Valles, SLP",21.9833,-99.0167,5,0.05,35.63,23.6,0.23999999999999647,24.069999999999993,50.12,0,0
2019-10-07,slp,"Cd. Valles, SLP",21.9833,-99.0167,5,2.38,34.45,23.43,2.449999999999996,16.07999999999999,52.25,0,0
2019-10-08,slp,"Cd. Valles, SLP",21.9833,-99.0167,5,6.74,31.47,23.14,9.169999999999996,16.549999999999994,58.629999999999995,1,0
2019-10-09,slp,"Cd. Valles, SLP",21.9833,-99.0167,5,0.35,34.89,22.65,9.469999999999995,13.379999999999994,58.96,0,0
2019-10-10,slp,"Cd. Valles, SLP",21.9833,-99.0167,5,0.04,35.2,22.75,7.129999999999996,9.749999999999995,58.989999999999995,0,0
2019-10-11,slp,"Cd. Valles, SLP",21.9833,-99.0167,5,2.64,35.11,23.6,3.0299999999999967,12.219999999999995,61.199999999999996,0,0
2019-10-12,slp,"Cd. Valles, SLP",21.9833,-99.0167,5,6.46,24.1,16.76,9.139999999999997,18.659999999999993,58.0,1,0
2019-10-13,slp,"Cd. Valles, SLP",21.9833,-99.0167,5,0.02,32.1,18.76,9.119999999999997,18.629999999999992,42.7,0,0
2019-10-14,slp,"Cd. Valles, SLP",21.9833,-99.0167,5,0.0,33.77,21.29,6.479999999999996,16.249999999999993,32.33,0,0
2019-10-15,slp,"Cd. Valles, SLP",21.9833,-99.0167,5,0.0,34.11,21.38,0.01999999999999556,9.509999999999993,26.060000000000002,0,0
2019-10-16,slp,"Cd. Valles, SLP",21.9833,-99.0167,5,10.63,32.2,22.39,10.629999999999995,19.789999999999992,33.17,1,0
2019-10-17,slp,"Cd. Valles, SLP",21.9833,-99.0167,5,9.7,28.51,20.15,20.33,29.449999999999996,39.2,2,0
2019-10-18,slp,"Cd. Valles, SLP",21.9833,-99.0167,5,0.0,32.82,21.46,20.33,26.809999999999995,39.03,0,0
2019-10-19,slp,"Cd. Valles, SLP",21.9833,-99.0167,5,1.66,33.25,22.86,11.359999999999996,22.00999999999999,40.67,0,0
2019-10-20,slp,"Cd. Valles, SLP",21.9833,-99.0167,5,3.65,29.17,25.36,5.309999999999996,25.639999999999993,44.269999999999996,0,0
2019-10-21,slp,"Cd. Valles, SLP",21.9833,-99.0167,5,19.76,36.48,24.37,25.069999999999997,45.39999999999999,61.650000000000006,1,0
2019-10-22,slp,"Cd. Valles, SLP",21.9833,-99.0167,5,51.18,24.22,22.05,74.59,96.58,106.09,2,1
2019-10-23,slp,"Cd. Valles, SLP",21.9833,-99.0167,5,4.1,28.03,20.69,75.03999999999999,90.05,109.84,0,0
2019-10-24,slp,"Cd. Valles, SLP",21.9833,-99.0167,5,2.78,29.69,21.32,58.06,83.13,112.58,0,0
2019-10-25,slp,"Cd. Valles, SLP",21.9833,-99.0167,5,1.27,23.14,17.43,8.149999999999991,84.4,111.21,0,0
2019-10-26,slp,"Cd. Valles, SLP",21.9833,-99.0167,5,0.01,24.49,16.39,4.0599999999999925,82.75,104.76,0,0
2019-10-27,slp,"Cd. Valles, SLP",21.9833,-99.0167,5,0.0,26.73,15.14,1.279999999999993,79.1,104.74,0,0
2019-10-28,slp,"Cd. Valles, SLP",21.9833,-99.0167,5,0.0,29.3,18.45,0.009999999999992895,59.33999999999999,104.74,0,0
2019-10-29,slp,"Cd. Valles, SLP",21.9833,-99.0167,5,0.06,31.28,21.45,0.05999999999999289,8.219999999999999,104.8,0,0
2019-10-30,slp,"Cd. Valles, SLP",21.9833,-99.0167,5,4.88,31.86,22.9,4.939999999999992,9.0,99.05,0,0
2019-10-31,slp,"Cd. Valles, SLP",21.9833,-99.0167,5,13.18,24.83,11.82,18.11999999999999,19.4,102.52999999999999,1,0
2019-11-01,slp,"Cd. Valles, SLP",21.9833,-99.0167,5,0.0,21.36,10.86,18.059999999999995,18.130000000000003,102.52999999999999,0,0
2019-11-02,slp,"Cd. Valles, SLP",21.9833,-99.0167,5,0.91,23.98,13.87,14.089999999999993,19.029999999999998,101.78,0,0
2019-11-03,slp,"Cd. Valles, SLP",21.9833,-99.0167,5,0.6,24.42,15.93,1.509999999999993,19.63,98.72999999999999,0,0
2019-11-04,slp,"Cd. Valles, SLP",21.9833,-99.0167,5,0.0,28.13,16.94,1.509999999999993,19.63,78.97,0,0
2019-11-05,slp,"Cd. Valles, SLP",21.9833,-99.0167,5,1.87,29.84,19.55,2.469999999999993,21.44,29.659999999999993,0,0
2019-11-06,slp,"Cd. Valles, SLP",21.9833,-99.0167,5,18.08,28.49,21.89,19.949999999999992,34.64,43.63999999999999,1,0
2019-11-07,slp,"Cd. Valles, SLP",21.9833,-99.0167,5,1.31,29.66,21.28,21.25999999999999,22.77,42.169999999999995,0,0
2019-11-08,slp,"Cd. Valles, SLP",21.9833,-99.0167,5,1.04,23.32,16.09,20.429999999999993,23.81,41.93999999999999,0,0
2019-11-09,slp,"Cd. Valles, SLP",21.9833,-99.0167,5,0.16,23.03,15.36,2.509999999999993,23.060000000000002,42.08999999999999,0,0
2019-11-10,slp,"Cd. Valles, SLP",21.9833,-99.0167,5,0.0,26.13,15.93,1.1999999999999929,22.46,42.08999999999999,0,0
2019-11-11,slp,"Cd. Valles, SLP",21.9833,-99.0167,5,0.79,29.56,18.5,0.949999999999993,23.25,42.87999999999999,0,0
2019-11-12,slp,"Cd. Valles, SLP",21.9833,-99.0167,5,6.27,21.74,9.15,7.0599999999999925,27.65,49.08999999999999,1,0
2019-11-13,slp,"Cd. Valles, SLP",21.9833,-99.0167,5,2.88,13.47,8.12,9.939999999999992,12.45,47.08999999999999,0,0
2019-11-14,slp,"Cd. Valles, SLP",21.9833,-99.0167,5,1.04,23.51,11.91,10.18999999999999,12.18,34.949999999999996,0,0
2019-11-15,slp,"Cd. Valles, SLP",21.9833,-99.0167,5,0.03,22.88,12.98,3.9499999999999926,11.17,34.97999999999999,0,0
2019-11-16,slp,"Cd. Valles, SLP",21.9833,-99.0167,5,0.0,23.43,11.73,1.069999999999993,11.01,34.069999999999986,0,0
2019-11-17,slp,"Cd. Valles, SLP",21.9833,-99.0167,5,0.0,26.25,14.22,0.029999999999992893,11.01,33.469999999999985,0,0
2019-11-18,slp,"Cd. Valles, SLP",21.9833,-99.0167,5,0.01,27.44,16.98,0.009999999999992895,10.229999999999999,33.47999999999999,0,0
2019-11-19,slp,"Cd. Valles, SLP",21.9833,-99.0167,5,0.0,28.35,17.76,0.009999999999992895,3.96,31.60999999999999,0,0
2019-11-20,slp,"Cd. Valles, SLP",21.9833,-99.0167,5,0.0,28.47,19.09,0.009999999999992895,1.08,13.529999999999992,0,0
2019-11-21,slp,"Cd. Valles, SLP",21.9833,-99.0167,5,0.0,29.33,19.51,0.0,0.04,12.219999999999992,0,0
2019-11-22,slp,"Cd. Valles, SLP",21.9833,-99.0167,5,0.01,30.12,19.21,0.009999999999992895,0.02,11.189999999999992,0,0
2019-11-23,slp,"Cd. Valles, SLP",21.9833,-99.0167,5,1.08,27.5,19.14,1.089999999999993,1.1,12.109999999999992,0,0
2019-11-24,slp,"Cd. Valles, SLP",21.9833,-99.0167,5,0.25,27.22,16.85,1.339999999999993,1.35,12.359999999999992,0,0
2019-11-25,slp,"Cd. Valles, SLP",21.9833,-99.0167,5,0.01,29.53,16.84,1.339999999999993,1.35,11.579999999999991,0,0
2019-11-26,slp,"Cd. Valles, SLP",21.9833,-99.0167,5,0.04,31.26,19.19,0.2999999999999929,1.3900000000000001,5.3499999999999925,0,0
2019-11-27,slp,"Cd. Valles, SLP",21.9833,-99.0167,5,0.19,31.23,21.91,0.23999999999999289,1.58,2.659999999999993,0,0
2019-11-28,slp,"Cd. Valles, SLP",21.9833,-99.0167,5,0.83,30.33,21.04,1.059999999999993,2.41,2.449999999999993,0,0
2019-11-29,slp,"Cd. Valles, SLP",21.9833,-99.0167,5,0.45,31.12,21.97,1.4699999999999929,2.85,2.869999999999993,0,0
2019-11-30,slp,"Cd. Valles, SLP",21.9833,-99.0167,5,0.0,32.26,20.85,1.279999999999993,1.77,2.869999999999993,0,0
2019-12-01,slp,"Cd. Valles, SLP",21.9833,-99.0167,5,0.92,29.53,17.66,1.369999999999993,2.44,3.789999999999993,0,0
2019-12-02,slp,"Cd. Valles, SLP",21.9833,-99.0167,5,0.16,24.45,15.34,1.079999999999993,2.5900000000000003,3.939999999999993,0,0
2019-12-03,slp,"Cd. Valles, SLP",21.9833,-99.0167,5,0.0,27.09,13.97,1.079999999999993,2.5500000000000003,3.939999999999993,0,0
2019-12-04,slp,"Cd. Valles, SLP",21.9833,-99.0167,5,0.01,29.13,16.22,0.1699999999999928,2.37,3.949999999999993,0,0
2019-12-05,slp,"Cd. Valles, SLP",21.9833,-99.0167,5,0.05,28.93,16.37,0.05999999999999279,1.59,3.999999999999993,0,0
2019-12-06,slp,"Cd. Valles, SLP",21.9833,-99.0167,5,0.23,29.68,17.33,0.2899999999999928,1.3699999999999999,4.2199999999999935,0,0
2019-12-07,slp,"Cd. Valles, SLP",21.9833,-99.0167,5,0.58,28.48,18.98,0.8599999999999928,1.95,3.719999999999993,0,0
2019-12-08,slp,"Cd. Valles, SLP",21.9833,-99.0167,5,0.0,28.91,17.54,0.8099999999999927,1.03,3.4699999999999926,0,0
2019-12-09,slp,"Cd. Valles, SLP",21.9833,-99.0167,5,0.0,29.94,16.65,0.5799999999999927,0.87,3.459999999999993,0,0
2019-12-10,slp,"Cd. Valles, SLP",21.9833,-99.0167,5,0.18,30.64,15.88,0.17999999999999278,1.05,3.599999999999993,0,0
2019-12-11,slp,"Cd. Valles, SLP",21.9833,-99.0167,5,0.17,18.74,13.85,0.34999999999999276,1.21,3.579999999999993,0,0
2019-12-12,slp,"Cd. Valles, SLP",21.9833,-99.0167,5,0.0,24.37,12.02,0.34999999999999276,1.16,2.749999999999993,0,0
2019-12-13,slp,"Cd. Valles, SLP",21.9833,-99.0167,5,0.01,30.46,13.83,0.1799999999999928,0.94,2.309999999999993,0,0
2019-12-14,slp,"Cd. Valles, SLP",21.9833,-99.0167,5,0.0,31.93,14.7,0.009999999999992784,0.3600000000000001,2.309999999999993,0,0
2019-12-15,slp,"Cd. Valles, SLP",21.9833,-99.0167,5,0.01,30.9,14.82,0.019999999999992784,0.3700000000000001,1.399999999999993,0,0
2019-12-16,slp,"Cd. Valles, SLP",21.9833,-99.0167,5,0.0,34.58,16.27,0.009999999999992784,0.3700000000000001,1.239999999999993,0,0
2019-12-17,slp,"Cd. Valles, SLP",21.9833,-99.0167,5,0.14,21.26,12.08,0.1499999999999928,0.3300000000000001,1.379999999999993,0,0
2019-12-18,slp,"Cd. Valles, SLP",21.9833,-99.0167,5,0.0,17.85,9.67,0.1399999999999928,0.16000000000000011,1.369999999999993,0,0
2019-12-19,slp,"Cd. Valles, SLP",21.9833,-99.0167,5,0.0,19.05,7.55,0.1399999999999928,0.16000000000000011,1.319999999999993,0,0
2019-12-20,slp,"Cd. Valles, SLP",21.9833,-99.0167,5,0.07,20.99,11.17,0.06999999999999279,0.2200000000000001,1.159999999999993,0,0
2019-12-21,slp,"Cd. Valles, SLP",21.9833,-99.0167,5,12.95,18.05,14.56,13.019999999999992,13.17,13.529999999999992,1,0
2019-12-22,slp,"Cd. Valles, SLP",21.9833,-99.0167,5,4.07,22.52,12.87,17.089999999999993,17.23,17.599999999999994,0,0
2019-12-23,slp,"Cd. Valles, SLP",21.9833,-99.0167,5,0.0,25.72,10.7,17.019999999999992,17.23,17.599999999999994,0,0
2019-12-24,slp,"Cd. Valles, SLP",21.9833,-99.0167,5,0.0,25.65,12.3,4.069999999999993,17.09,17.419999999999995,0,0
2019-12-25,slp,"Cd. Valles, SLP",21.9833,-99.0167,5,0.0,29.23,13.63,0.0,17.09,17.249999999999993,0,0
2019-12-26,slp,"Cd. Valles, SLP",21.9833,-99.0167,5,0.0,27.6,16.77,0.0,17.09,17.249999999999993,0,0
2019-12-27,slp,"Cd. Valles, SLP",21.9833,-99.0167,5,0.0,27.72,18.08,0.0,17.02,17.239999999999995,0,0
2019-12-28,slp,"Cd. Valles, SLP",21.9833,-99.0167,5,0.0,30.68,17.14,0.0,4.07,17.239999999999995,0,0
2019-12-29,slp,"Cd. Valles, SLP",21.9833,-99.0167,5,0.03,32.69,16.19,0.029999999999992893,0.03,17.25999999999999,0,0
2019-12-30,slp,"Cd. Valles, SLP",21.9833,-99.0167,5,1.0,25.93,14.65,1.029999999999993,1.03,18.25999999999999,0,0
2019-12-31,slp,"Cd. Valles, SLP",21.9833,-99.0167,5,1.36,23.95,15.3,2.389999999999993,2.39,19.47999999999999,0,0
2020-01-01,slp,"Cd. Valles, SLP",21.9833,-99.0167,5,0.71,28.12,16.37,3.069999999999993,3.1,20.18999999999999,0,0
2020-01-02,slp,"Cd. Valles, SLP",21.9833,-99.0167,5,0.14,32.66,18.83,2.2099999999999933,3.24,20.32999999999999,0,0
2020-01-03,slp,"Cd. Valles, SLP",21.9833,-99.0167,5,0.0,30.21,16.2,0.8499999999999929,3.24,20.259999999999994,0,0
2020-01-04,slp,"Cd. Valles, SLP",21.9833,-99.0167,5,0.0,24.69,11.67,0.1399999999999929,3.24,7.309999999999993,0,0
2020-01-05,slp,"Cd. Valles, SLP",21.9833,-99.0167,5,0.0,22.94,9.83,0.0,3.2100000000000004,3.239999999999993,0,0
2020-01-06,slp,"Cd. Valles, SLP",21.9833,-99.0167,5,0.0,25.62,9.9,0.0,2.21,3.239999999999993,0,0
2020-01-07,slp,"Cd. Valles, SLP",21.9833,-99.0167,5,0.01,22.72,12.68,0.009999999999992895,0.86,3.249999999999993,0,0
2020-01-08,slp,"Cd. Valles, SLP",21.9833,-99.0167,5,0.01,26.8,14.46,0.019999999999992895,0.16,3.259999999999993,0,0
2020-01-09,slp,"Cd. Valles, SLP",21.9833,-99.0167,5,0.0,28.26,14.39,0.019999999999992895,0.02,3.259999999999993,0,0
2020-01-10,slp,"Cd. Valles, SLP",21.9833,-99.0167,5,0.0,30.3,16.06,0.009999999999992895,0.02,3.259999999999993,0,0
2020-01-11,slp,"Cd. Valles, SLP",21.9833,-99.0167,5,0.0,24.97,15.31,0.0,0.02,3.259999999999993,0,0
2020-01-12,slp,"Cd. Valles, SLP",21.9833,-99.0167,5,0.0,26.25,12.64,0.0,0.02,3.2299999999999933,0,0
2020-01-13,slp,"Cd. Valles, SLP",21.9833,-99.0167,5,0.0,29.41,15.4,0.0,0.02,2.2299999999999933,0,0
2020-01-14,slp,"Cd. Valles, SLP",21.9833,-99.0167,5,0.01,29.19,16.44,0.009999999999992895,0.02,0.8799999999999929,0,0
2020-01-15,slp,"Cd. Valles, SLP",21.9833,-99.0167,5,3.77,28.9,19.38,3.7799999999999927,3.78,3.939999999999993,0,0
2020-01-16,slp,"Cd. Valles, SLP",21.9833,-99.0167,5,7.21,27.24,18.84,10.989999999999993,10.99,11.009999999999993,1,0
2020-01-17,slp,"Cd. Valles, SLP",21.9833,-99.0167,5,1.94,27.88,18.58,12.919999999999993,12.93,12.949999999999992,0,0
2020-01-18,slp,"Cd. Valles, SLP",21.9833,-99.0167,5,11.62,27.42,17.43,20.769999999999992,24.549999999999997,24.569999999999993,1,0
2020-01-19,slp,"Cd. Valles, SLP",21.9833,-99.0167,5,39.52,20.53,13.3,53.08,64.07,64.09,2,1
2020-01-20,slp,"Cd. Valles, SLP",21.9833,-99.0167,5,9.12,16.11,12.07,60.25999999999999,73.19,73.21,3,0
2020-01-21,slp,"Cd. Valles, SLP",21.9833,-99.0167,5,0.47,19.68,11.87,49.109999999999985,73.64999999999999,73.66999999999999,0,0
2020-01-22,slp,"Cd. Valles, SLP",21.9833,-99.0167,5,0.08,24.83,11.97,9.669999999999993,69.96,73.74,0,0
2020-01-23,slp,"Cd. Valles, SLP",21.9833,-99.0167,5,0.26,24.35,16.2,0.809999999999993,63.01,74.0,0,0
2020-01-24,slp,"Cd. Valles, SLP",21.9833,-99.0167,5,3.1,25.6,17.4,3.4399999999999933,64.17,77.1,0,0
2020-01-25,slp,"Cd. Valles, SLP",21.9833,-99.0167,5,0.31,26.17,16.57,3.669999999999993,52.86,77.41,0,0
2020-01-26,slp,"Cd. Valles, SLP",21.9833,-99.0167,5,0.21,26.57,18.48,3.619999999999993,13.549999999999999,77.62,0,0
2020-01-27,slp,"Cd. Valles, SLP",21.9833,-99.0167,5,0.01,29.46,16.65,0.5299999999999929,4.44,77.63,0,0
2020-01-28,slp,"Cd. Valles, SLP",21.9833,-99.0167,5,0.2,31.41,17.71,0.41999999999999293,4.170000000000001,77.82,0,0
2020-01-29,slp,"Cd. Valles, SLP",21.9833,-99.0167,5,0.82,24.07,13.26,1.029999999999993,4.91,74.87,0,0
2020-01-30,slp,"Cd. Valles, SLP",21.9833,-99.0167,5,0.01,25.26,13.37,1.029999999999993,4.66,67.66999999999999,0,0
2020-01-31,slp,"Cd. Valles, SLP",21.9833,-99.0167,5,0.34,21.84,15.86,1.169999999999993,1.9,66.07,0,0
2020-02-01,slp,"Cd. Valles, SLP",21.9833,-99.0167,5,0.56,23.68,13.45,0.909999999999993,2.15,55.01,0,0
2020-02-02,slp,"Cd. Valles, SLP",21.9833,-99.0167,5,0.0,23.7,13.16,0.899999999999993,1.94,15.489999999999991,0,0
2020-02-03,slp,"Cd. Valles, SLP",21.9833,-99.0167,5,0.0,27.98,15.95,0.559999999999993,1.93,6.369999999999993,0,0
2020-02-04,slp,"Cd. Valles, SLP",21.9833,-99.0167,5,0.01,30.45,19.27,0.009999999999992895,1.74,5.909999999999993,0,0
2020-02-05,slp,"Cd. Valles, SLP",21.9833,-99.0167,5,0.05,31.89,20.21,0.0599999999999929,0.9700000000000001,5.879999999999993,0,0
2020-02-06,slp,"Cd. Valles, SLP",21.9833,-99.0167,5,0.09,24.26,11.88,0.1499999999999929,1.05,5.709999999999994,0,0
2020-02-07,slp,"Cd. Valles, SLP",21.9833,-99.0167,5,0.08,24.63,11.69,0.21999999999999287,0.7899999999999999,2.689999999999993,0,0
2020-02-08,slp,"Cd. Valles, SLP",21.9833,-99.0167,5,0.94,28.15,16.3,1.1099999999999928,1.17,3.3199999999999927,0,0
2020-02-09,slp,"Cd. Valles, SLP",21.9833,-99.0167,5,0.02,30.41,18.11,1.0399999999999927,1.1899999999999997,3.129999999999993,0,0
2020-02-10,slp,"Cd. Valles, SLP",21.9833,-99.0167,5,0.0,31.62,20.14,0.9599999999999927,1.1899999999999997,3.119999999999993,0,0
2020-02-11,slp,"Cd. Valles, SLP",21.9833,-99.0167,5,0.11,32.75,19.83,0.1299999999999928,1.2899999999999998,3.0299999999999927,0,0
2020-02-12,slp,"Cd. Valles, SLP",21.9833,-99.0167,5,0.35,32.19,18.9,0.45999999999999275,1.5899999999999999,2.559999999999993,0,0
2020-02-13,slp,"Cd. Valles, SLP",21.9833,-99.0167,5,0.25,26.02,15.44,0.7099999999999927,1.75,2.7999999999999927,0,0
2020-02-14,slp,"Cd. Valles, SLP",21.9833,-99.0167,5,0.0,24.51,13.31,0.5999999999999928,1.67,2.459999999999993,0,0
2020-02-15,slp,"Cd. Valles, SLP",21.9833,-99.0167,5,0.0,27.72,14.92,0.24999999999999278,0.7299999999999999,1.8999999999999928,0,0
2020-02-16,slp,"Cd. Valles, SLP",21.9833,-99.0167,5,0.0,30.19,16.43,0.0,0.7099999999999999,1.8999999999999928,0,0
2020-02-17,slp,"Cd. Valles, SLP",21.9833,-99.0167,5,0.0,30.87,18.55,0.0,0.7099999999999999,1.8999999999999928,0,0
2020-02-18,slp,"Cd. Valles, SLP",21.9833,-99.0167,5,0.0,32.08,17.71,0.0,0.5999999999999999,1.8899999999999928,0,0
2020-02-19,slp,"Cd. Valles, SLP",21.9833,-99.0167,5,0.18,30.9,19.45,0.17999999999999278,0.4299999999999999,2.019999999999993,0,0
2020-02-20,slp,"Cd. Valles, SLP",21.9833,-99.0167,5,1.14,31.8,15.57,1.3199999999999927,1.3199999999999998,3.0699999999999927,0,0
2020-02-21,slp,"Cd. Valles, SLP",21.9833,-99.0167,5,0.71,16.5,12.58,2.0299999999999927,2.03,3.6999999999999926,0,0
2020-02-22,slp,"Cd. Valles, SLP",21.9833,-99.0167,5,0.0,24.1,10.83,1.8499999999999928,2.03,2.7599999999999927,0,0
2020-02-23,slp,"Cd. Valles, SLP",21.9833,-99.0167,5,0.0,28.85,12.55,0.7099999999999929,2.03,2.7399999999999927,0,0
2020-02-24,slp,"Cd. Valles, SLP",21.9833,-99.0167,5,0.0,35.71,17.39,0.0,2.03,2.7399999999999927,0,0
2020-02-25,slp,"Cd. Valles, SLP",21.9833,-99.0167,5,0.06,33.59,19.12,0.05999999999999289,2.09,2.689999999999993,0,0
2020-02-26,slp,"Cd. Valles, SLP",21.9833,-99.0167,5,3.54,20.96,11.78,3.599999999999993,5.45,5.879999999999993,0,0
2020-02-27,slp,"Cd. Valles, SLP",21.9833,-99.0167,5,0.0,21.3,7.88,3.599999999999993,4.3100000000000005,5.629999999999993,0,0
2020-02-28,slp,"Cd. Valles, SLP",21.9833,-99.0167,5,0.0,24.25,9.41,3.539999999999993,3.6000000000000005,5.629999999999993,0,0
2020-02-29,slp,"Cd. Valles, SLP",21.9833,-99.0167,5,0.03,25.76,13.27,0.029999999999992893,3.6300000000000003,5.659999999999993,0,0
2020-03-01,slp,"Cd. Valles, SLP",21.9833,-99.0167,5,0.0,32.21,14.12,0.029999999999992893,3.63,5.659999999999993,0,0
2020-03-02,slp,"Cd. Valles, SLP",21.9833,-99.0167,5,0.01,36.02,17.68,0.039999999999992895,3.64,5.669999999999993,0,0
2020-03-03,slp,"Cd. Valles, SLP",21.9833,-99.0167,5,0.04,38.34,19.5,0.0499999999999929,3.6200000000000006,5.709999999999993,0,0
2020-03-04,slp,"Cd. Valles, SLP",21.9833,-99.0167,5,0.01,41.09,19.46,0.0599999999999929,0.09000000000000044,5.539999999999993,0,0
2020-03-05,slp,"Cd. Valles, SLP",21.9833,-99.0167,5,0.02,26.98,15.7,0.0699999999999929,0.11000000000000044,4.419999999999994,0,0
2020-03-06,slp,"Cd. Valles, SLP",21.9833,-99.0167,5,0.0,25.47,14.95,0.029999999999992893,0.11000000000000044,3.709999999999993,0,0
2020-03-07,slp,"Cd. Valles, SLP",21.9833,-99.0167,5,0.0,25.32,15.38,0.01999999999999289,0.08000000000000045,3.709999999999993,0,0
2020-03-08,slp,"Cd. Valles, SLP",21.9833,-99.0167,5,0.1,28.31,15.9,0.0999999999999929,0.18000000000000044,3.809999999999993,0,0
2020-03-09,slp,"Cd. Valles, SLP",21.9833,-99.0167,5,0.17,30.14,16.46,0.2699999999999929,0.34000000000000047,3.979999999999993,0,0
2020-03-10,slp,"Cd. Valles, SLP",21.9833,-99.0167,5,1.77,29.95,18.85,2.039999999999993,2.0700000000000003,5.689999999999992,0,0
2020-03-11,slp,"Cd. Valles, SLP",21.9833,-99.0167,5,0.1,31.87,17.22,2.039999999999993,2.16,2.249999999999993,0,0
2020-03-12,slp,"Cd. Valles, SLP",21.9833,-99.0167,5,0.0,33.98,17.67,1.869999999999993,2.1400000000000006,2.249999999999993,0,0
2020-03-13,slp,"Cd. Valles, SLP",21.9833,-99.0167,5,0.0,34.39,19.54,0.0999999999999929,2.1400000000000006,2.249999999999993,0,0
2020-03-14,slp,"Cd. Valles, SLP",21.9833,-99.0167,5,0.01,34.39,20.57,0.009999999999992895,2.150000000000001,2.229999999999993,0,0
2020-03-15,slp,"Cd. Valles, SLP",21.9833,-99.0167,5,0.05,32.99,20.67,0.0599999999999929,2.1000000000000005,2.279999999999993,0,0
2020-03-16,slp,"Cd. Valles, SLP",21.9833,-99.0167,5,0.52,31.64,19.93,0.579999999999993,2.4500000000000006,2.789999999999993,0,0
2020-03-17,slp,"Cd. Valles, SLP",21.9833,-99.0167,5,0.12,32.92,20.13,0.689999999999993,0.8000000000000005,2.869999999999993,0,0
2020-03-18,slp,"Cd. Valles, SLP",21.9833,-99.0167,5,0.0,34.18,20.57,0.6399999999999929,0.7000000000000005,2.859999999999993,0,0
2020-03-19,slp,"Cd. Valles, SLP",21.9833,-99.0167,5,0.0,36.1,20.77,0.11999999999999289,0.7000000000000005,2.8399999999999928,0,0
2020-03-20,slp,"Cd. Valles, SLP",21.9833,-99.0167,5,0.09,35.9,21.82,0.08999999999999289,0.7900000000000005,2.929999999999993,0,0
2020-03-21,slp,"Cd. Valles, SLP",21.9833,-99.0167,5,0.78,32.91,22.04,0.8699999999999929,1.5600000000000005,3.709999999999993,0,0
2020-03-22,slp,"Cd. Valles, SLP",21.9833,-99.0167,5,0.04,35.37,21.08,0.9099999999999929,1.5500000000000005,3.649999999999993,0,0
2020-03-23,slp,"Cd. Valles, SLP",21.9833,-99.0167,5,0.0,36.03,19.53,0.819999999999993,1.0300000000000005,3.479999999999993,0,0
2020-03-24,slp,"Cd. Valles, SLP",21.9833,-99.0167,5,0.0,39.58,21.06,0.039999999999992895,0.9100000000000005,1.7099999999999929,0,0
2020-03-25,slp,"Cd. Valles, SLP",21.9833,-99.0167,5,0.0,39.98,22.04,0.0,0.9100000000000005,1.6099999999999928,0,0
2020-03-26,slp,"Cd. Valles, SLP",21.9833,-99.0167,5,0.0,39.17,21.54,0.0,0.9100000000000005,1.6099999999999928,0,0
2020-03-27,slp,"Cd. Valles, SLP",21.9833,-99.0167,5,0.0,39.5,21.61,0.0,0.8200000000000005,1.6099999999999928,0,0
2020-03-28,slp,"Cd. Valles, SLP",21.9833,-99.0167,5,0.0,40.3,23.37,0.0,0.040000000000000445,1.5999999999999928,0,0
2020-03-29,slp,"Cd. Valles, SLP",21.9833,-99.0167,5,1.13,33.7,24.01,1.1299999999999928,1.1300000000000003,2.6799999999999926,0,0
2020-03-30,slp,"Cd. Valles, SLP",21.9833,-99.0167,5,0.27,36.39,23.26,1.3999999999999928,1.4000000000000004,2.4299999999999926,0,0
2020-03-31,slp,"Cd. Valles, SLP",21.9833,-99.0167,5,0.35,35.46,21.87,1.749999999999993,1.7500000000000004,2.6599999999999926,0,0
2020-04-01,slp,"Cd. Valles, SLP",21.9833,-99.0167,5,0.0,35.79,22.71,0.6199999999999929,1.7500000000000004,2.6599999999999926,0,0
2020-04-02,slp,"Cd. Valles, SLP",21.9833,-99.0167,5,0.18,38.7,23.01,0.5299999999999929,1.9300000000000004,2.8399999999999928,0,0
2020-04-03,slp,"Cd. Valles, SLP",21.9833,-99.0167,5,0.15,38.81,24.3,0.32999999999999285,2.0800000000000005,2.899999999999993,0,0
2020-04-04,slp,"Cd. Valles, SLP",21.9833,-99.0167,5,0.23,38.53,24.71,0.559999999999993,2.3100000000000005,2.3499999999999925,0,0
2020-04-05,slp,"Cd. Valles, SLP",21.9833,-99.0167,5,0.82,35.11,24.21,1.1999999999999929,2.0000000000000004,3.129999999999993,0,0
2020-04-06,slp,"Cd. Valles, SLP",21.9833,-99.0167,5,0.1,37.69,23.41,1.149999999999993,1.8300000000000005,3.2299999999999924,0,0
2020-04-07,slp,"Cd. Valles, SLP",21.9833,-99.0167,5,0.07,38.82,24.54,0.9899999999999929,1.5500000000000003,3.2999999999999927,0,0
2020-04-08,slp,"Cd. Valles, SLP",21.9833,-99.0167,5,0.0,39.27,24.79,0.1699999999999929,1.5500000000000003,3.2999999999999927,0,0
2020-04-09,slp,"Cd. Valles, SLP",21.9833,-99.0167,5,0.0,39.93,25.35,0.0699999999999929,1.3700000000000003,3.2999999999999927,0,0
2020-04-10,slp,"Cd. Valles, SLP",21.9833,-99.0167,5,0.25,37.4,24.69,0.2499999999999929,1.4700000000000006,3.5499999999999927,0,0
2020-04-11,slp,"Cd. Valles, SLP",21.9833,-99.0167,5,0.16,39.44,23.48,0.4099999999999929,1.4000000000000006,3.7099999999999924,0,0
2020-04-12,slp,"Cd. Valles, SLP",21.9833,-99.0167,5,0.0,48.56,24.57,0.4099999999999929,0.5800000000000005,2.579999999999993,0,0
2020-04-13,slp,"Cd. Valles, SLP",21.9833,-99.0167,5,0.0,38.76,23.48,0.1599999999999929,0.48000000000000054,2.3099999999999925,0,0
2020-04-14,slp,"Cd. Valles, SLP",21.9833,-99.0167,5,0.46,36.94,21.71,0.4599999999999929,0.8700000000000004,2.419999999999993,0,0
2020-04-15,slp,"Cd. Valles, SLP",21.9833,-99.0167,5,3.43,30.95,20.28,3.889999999999993,4.300000000000001,5.849999999999993,0,0
2020-04-16,slp,"Cd. Valles, SLP",21.9833,-99.0167,5,2.56,32.71,19.1,6.449999999999993,6.860000000000001,8.229999999999993,0,0
2020-04-17,slp,"Cd. Valles, SLP",21.9833,-99.0167,5,1.01,37.83,23.44,6.999999999999993,7.620000000000001,9.089999999999993,0,0
2020-04-18,slp,"Cd. Valles, SLP",21.9833,-99.0167,5,0.02,36.85,25.05,3.5899999999999928,7.48,8.879999999999994,0,0
2020-04-19,slp,"Cd. Valles, SLP",21.9833,-99.0167,5,0.0,42.4,25.53,1.029999999999993,7.48,8.059999999999993,0,0
2020-04-20,slp,"Cd. Valles, SLP",21.9833,-99.0167,5,0.0,40.75,26.67,0.019999999999992895,7.48,7.959999999999993,0,0
2020-04-21,slp,"Cd. Valles, SLP",21.9833,-99.0167,5,0.0,39.55,26.05,0.0,7.0200000000000005,7.8899999999999935,0,0
2020-04-22,slp,"Cd. Valles, SLP",21.9833,-99.0167,5,0.0,41.37,25.4,0.0,3.5900000000000003,7.8899999999999935,0,0
2020-04-23,slp,"Cd. Valles, SLP",21.9833,-99.0167,5,0.13,42.69,27.23,0.1299999999999929,1.1600000000000004,8.019999999999994,0,0
2020-04-24,slp,"Cd. Valles, SLP",21.9833,-99.0167,5,0.01,40.9,26.3,0.1399999999999929,0.16000000000000045,7.779999999999994,0,0
2020-04-25,slp,"Cd. Valles, SLP",21.9833,-99.0167,5,2.86,39.29,25.24,2.999999999999993,3.0000000000000004,10.479999999999993,0,0
2020-04-26,slp,"Cd. Valles, SLP",21.9833,-99.0167,5,18.03,32.15,23.72,20.899999999999995,21.03,28.509999999999994,1,0
2020-04-27,slp,"Cd. Valles, SLP",21.9833,-99.0167,5,0.1,36.04,22.41,20.989999999999995,21.130000000000003,28.609999999999996,0,0
2020-04-28,slp,"Cd. Valles, SLP",21.9833,-99.0167,5,0.01,38.21,22.56,18.139999999999993,21.14,28.159999999999993,0,0
2020-04-29,slp,"Cd. Valles, SLP",21.9833,-99.0167,5,6.6,37.7,23.58,6.709999999999993,27.740000000000002,31.329999999999995,1,0
2020-04-30,slp,"Cd. Valles, SLP",21.9833,-99.0167,5,17.48,31.1,22.2,24.089999999999993,45.09,46.25,2,0
2020-05-01,slp,"Cd. Valles, SLP",21.9833,-99.0167,5,0.03,35.36,21.62,24.109999999999992,45.11000000000001,45.269999999999996,0,0
2020-05-02,slp,"Cd. Valles, SLP",21.9833,-99.0167,5,0.04,35.97,22.54,17.549999999999994,42.29,45.28999999999999,0,0
2020-05-03,slp,"Cd. Valles, SLP",21.9833,-99.0167,5,0.0,36.91,23.16,0.0699999999999929,24.26,45.28999999999999,0,0
2020-05-04,slp,"Cd. Valles, SLP",21.9833,-99.0167,5,0.01,37.25,23.41,0.0499999999999929,24.169999999999998,45.3,0,0
2020-05-05,slp,"Cd. Valles, SLP",21.9833,-99.0167,5,0.22,38.28,23.54,0.2299999999999929,24.380000000000003,45.519999999999996,0,0
2020-05-06,slp,"Cd. Valles, SLP",21.9833,-99.0167,5,3.71,33.83,24.16,3.939999999999993,21.490000000000002,49.23,0,0
2020-05-07,slp,"Cd. Valles, SLP",21.9833,-99.0167,5,3.9,33.17,22.62,7.829999999999993,7.91,52.99999999999999,0,0
2020-05-08,slp,"Cd. Valles, SLP",21.9833,-99.0167,5,1.92,35.97,22.52,9.529999999999992,9.799999999999999,54.91,0,0
2020-05-09,slp,"Cd. Valles, SLP",21.9833,-99.0167,5,11.28,27.14,21.37,17.099999999999994,21.04,63.33,1,0
2020-05-10,slp,"Cd. Valles, SLP",21.9833,-99.0167,5,0.05,34.48,19.58,13.249999999999993,21.09,45.349999999999994,0,0
2020-05-11,slp,"Cd. Valles, SLP",21.9833,-99.0167,5,4.79,32.71,21.84,16.11999999999999,25.869999999999997,50.03999999999999,0,0
2020-05-12,slp,"Cd. Valles, SLP",21.9833,-99.0167,5,0.77,35.05,21.92,5.609999999999992,26.419999999999998,50.8,0,0
2020-05-13,slp,"Cd. Valles, SLP",21.9833,-99.0167,5,0.64,36.1,23.88,6.199999999999993,23.349999999999998,44.83999999999999,0,0
2020-05-14,slp,"Cd. Valles, SLP",21.9833,-99.0167,5,0.35,37.0,24.78,1.759999999999993,19.8,27.709999999999994,0,0
2020-05-15,slp,"Cd. Valles, SLP",21.9833,-99.0167,5,0.01,38.77,25.39,0.9999999999999929,17.889999999999997,27.68999999999999,0,0
2020-05-16,slp,"Cd. Valles, SLP",21.9833,-99.0167,5,3.77,41.51,25.62,4.129999999999993,10.379999999999999,31.41999999999999,0,0
2020-05-17,slp,"Cd. Valles, SLP",21.9833,-99.0167,5,5.93,37.61,24.38,9.709999999999992,16.259999999999998,37.349999999999994,1,0
2020-05-18,slp,"Cd. Valles, SLP",21.9833,-99.0167,5,1.95,37.24,23.91,11.649999999999991,13.42,39.28999999999999,0,0
2020-05-19,slp,"Cd. Valles, SLP",21.9833,-99.0167,5,0.0,38.6,23.87,7.879999999999993,12.65,39.06999999999999,0,0
2020-05-20,slp,"Cd. Valles, SLP",21.9833,-99.0167,5,0.01,38.97,25.07,1.9599999999999929,12.02,35.36999999999999,0,0
2020-05-21,slp,"Cd. Valles, SLP",21.9833,-99.0167,5,21.97,34.99,26.2,21.979999999999993,33.64,53.43999999999999,1,1
2020-05-22,slp,"Cd. Valles, SLP",21.9833,-99.0167,5,15.96,35.51,25.89,37.94,49.59,67.47999999999999,2,0
2020-05-23,slp,"Cd. Valles, SLP",21.9833,-99.0167,5,1.39,35.75,25.43,39.31999999999999,47.21,57.58999999999999,0,0
2020-05-24,slp,"Cd. Valles, SLP",21.9833,-99.0167,5,0.32,36.57,25.34,17.669999999999995,41.6,57.85999999999999,0,0
2020-05-25,slp,"Cd. Valles, SLP",21.9833,-99.0167,5,0.12,38.2,25.9,1.8299999999999927,39.77,53.18999999999999,0,0
2020-05-26,slp,"Cd. Valles, SLP",21.9833,-99.0167,5,3.33,36.9,25.52,3.769999999999993,43.10000000000001,55.749999999999986,0,0
2020-05-27,slp,"Cd. Valles, SLP",21.9833,-99.0167,5,11.22,31.43,24.84,14.669999999999995,54.31,66.33,1,0
2020-05-28,slp,"Cd. Valles, SLP",21.9833,-99.0167,5,25.04,33.03,25.04,39.58999999999999,57.38,91.01999999999998,2,1
2020-05-29,slp,"Cd. Valles, SLP",21.9833,-99.0167,5,30.04,28.39,22.86,66.3,71.46000000000001,121.05,3,1
2020-05-30,slp,"Cd. Valles, SLP",21.9833,-99.0167,5,5.5,29.76,21.08,60.58,75.57,122.77999999999999,4,0
2020-05-31,slp,"Cd. Valles, SLP",21.9833,-99.0167,5,5.68,31.76,21.22,41.219999999999985,80.93,122.53,5,0
2020-06-01,slp,"Cd. Valles, SLP",21.9833,-99.0167,5,2.84,31.92,22.68,14.019999999999992,83.65,123.41999999999999,0,0
2020-06-02,slp,"Cd. Valles, SLP",21.9833,-99.0167,5,0.42,33.27,23.12,8.939999999999992,80.74000000000001,123.83999999999999,0,0
2020-06-03,slp,"Cd. Valles, SLP",21.9833,-99.0167,5,0.32,33.04,23.41,3.579999999999993,69.84,124.15,0,0
2020-06-04,slp,"Cd. Valles, SLP",21.9833,-99.0167,5,1.85,33.65,23.69,2.5899999999999928,46.650000000000006,104.03,0,0
2020-06-05,slp,"Cd. Valles, SLP",21.9833,-99.0167,5,1.43,33.71,24.34,3.599999999999993,18.040000000000006,89.5,0,0
2020-06-06,slp,"Cd. Valles, SLP",21.9833,-99.0167,5,0.22,35.41,23.01,3.4999999999999933,12.760000000000007,88.33,0,0
2020-06-07,slp,"Cd. Valles, SLP",21.9833,-99.0167,5,0.0,36.76,23.17,1.6499999999999928,7.080000000000007,88.01,0,0
2020-06-08,slp,"Cd. Valles, SLP",21.9833,-99.0167,5,0.01,38.04,24.31,0.2299999999999929,4.250000000000007,87.89999999999999,0,0
2020-06-09,slp,"Cd. Valles, SLP",21.9833,-99.0167,5,0.26,42.68,27.2,0.2699999999999929,4.090000000000007,84.83,0,0
2020-06-10,slp,"Cd. Valles, SLP",21.9833,-99.0167,5,6.78,32.53,26.48,7.049999999999994,10.550000000000008,80.39,1,0
2020-06-11,slp,"Cd. Valles, SLP",21.9833,-99.0167,5,26.15,29.69,25.15,33.18999999999999,34.85000000000001,81.49999999999999,2,1
2020-06-12,slp,"Cd. Valles, SLP",21.9833,-99.0167,5,13.3,30.62,23.02,46.22999999999999,46.72000000000001,64.75999999999999,3,0
2020-06-13,slp,"Cd. Valles, SLP",21.9833,-99.0167,5,0.15,31.74,21.36,39.599999999999994,46.65000000000001,59.40999999999999,0,0
2020-06-14,slp,"Cd. Valles, SLP",21.9833,-99.0167,5,0.0,31.78,20.58,13.449999999999994,46.65000000000001,53.72999999999999,0,0
2020-06-15,slp,"Cd. Valles, SLP",21.9833,-99.0167,5,0.04,32.53,20.34,0.1899999999999929,46.68000000000001,50.929999999999986,0,0
2020-06-16,slp,"Cd. Valles, SLP",21.9833,-99.0167,5,0.86,33.72,22.1,0.8999999999999929,47.28000000000001,51.36999999999999,0,0
2020-06-17,slp,"Cd. Valles, SLP",21.9833,-99.0167,5,0.24,34.54,23.41,1.139999999999993,40.74000000000001,51.28999999999999,0,0
2020-06-18,slp,"Cd. Valles, SLP",21.9833,-99.0167,5,0.39,34.74,23.72,1.4899999999999929,14.980000000000011,49.82999999999999,0,0
2020-06-19,slp,"Cd. Valles, SLP",21.9833,-99.0167,5,1.6,33.73,24.51,2.229999999999993,3.280000000000011,49.99999999999999,0,0
2020-06-20,slp,"Cd. Valles, SLP",21.9833,-99.0167,5,0.37,35.02,24.22,2.3599999999999928,3.5000000000000107,50.14999999999999,0,0
2020-06-21,slp,"Cd. Valles, SLP",21.9833,-99.0167,5,0.14,35.56,24.01,2.1099999999999928,3.640000000000011,50.28999999999999,0,0
2020-06-22,slp,"Cd. Valles, SLP",21.9833,-99.0167,5,0.8,32.99,25.02,1.3099999999999927,4.400000000000011,51.07999999999999,0,0
2020-06-23,slp,"Cd. Valles, SLP",21.9833,-99.0167,5,1.59,35.71,25.39,2.5299999999999927,5.130000000000011,52.40999999999999,0,0
2020-06-24,slp,"Cd. Valles, SLP",21.9833,-99.0167,5,3.92,31.61,24.72,6.3099999999999925,8.810000000000011,49.54999999999999,0,0
2020-06-25,slp,"Cd. Valles, SLP",21.9833,-99.0167,5,22.08,30.02,24.6,27.58999999999999,30.500000000000007,45.47999999999999,1,1
2020-06-26,slp,"Cd. Valles, SLP",21.9833,-99.0167,5,8.01,29.88,25.09,34.00999999999999,36.91000000000001,40.19,2,0
2020-06-27,slp,"Cd. Valles, SLP",21.9833,-99.0167,5,1.57,32.17,24.17,31.659999999999986,38.11000000000001,41.60999999999999,0,0
2020-06-28,slp,"Cd. Valles, SLP",21.9833,-99.0167,5,0.07,34.15,23.61,9.64999999999999,38.04000000000001,41.67999999999999,0,0
2020-06-29,slp,"Cd. Valles, SLP",21.9833,-99.0167,5,0.14,34.49,24.27,1.7799999999999894,37.38000000000001,41.779999999999994,0,0
2020-06-30,slp,"Cd. Valles, SLP",21.9833,-99.0167,5,0.06,31.32,25.24,0.26999999999998936,35.85000000000001,40.97999999999999,0,0
2020-07-01,slp,"Cd. Valles, SLP",21.9833,-99.0167,5,0.05,33.72,24.97,0.24999999999998934,31.980000000000008,40.78999999999999,0,0
2020-07-02,slp,"Cd. Valles, SLP",21.9833,-99.0167,5,0.04,34.99,24.65,0.14999999999998934,9.94000000000001,40.43999999999999,0,0
2020-07-03,slp,"Cd. Valles, SLP",21.9833,-99.0167,5,0.03,32.81,24.52,0.11999999999998934,1.9600000000000108,38.87,0,0
2020-07-04,slp,"Cd. Valles, SLP",21.9833,-99.0167,5,0.06,35.4,22.8,0.12999999999998935,0.45000000000001067,38.55999999999999,0,0
2020-07-05,slp,"Cd. Valles, SLP",21.9833,-99.0167,5,0.01,36.7,23.49,0.09999999999998933,0.39000000000001067,38.42999999999999,0,0
2020-07-06,slp,"Cd. Valles, SLP",21.9833,-99.0167,5,0.03,35.97,24.8,0.09999999999998935,0.2800000000000107,37.65999999999999,0,0
2020-07-07,slp,"Cd. Valles, SLP",21.9833,-99.0167,5,0.05,33.15,25.17,0.08999999999998934,0.2700000000000107,36.11999999999999,0,0
2020-07-08,slp,"Cd. Valles, SLP",21.9833,-99.0167,5,0.52,32.73,24.97,0.5999999999999893,0.7400000000000106,32.71999999999999,0,0
2020-07-09,slp,"Cd. Valles, SLP",21.9833,-99.0167,5,0.89,35.19,25.05,1.4599999999999893,1.5900000000000105,11.529999999999992,0,0
2020-07-10,slp,"Cd. Valles, SLP",21.9833,-99.0167,5,2.53,36.03,24.13,3.939999999999989,4.0900000000000105,6.049999999999993,0,0
2020-07-11,slp,"Cd. Valles, SLP",21.9833,-99.0167,5,0.58,36.34,24.07,3.9999999999999893,4.61000000000001,5.0599999999999925,0,0
2020-07-12,slp,"Cd. Valles, SLP",21.9833,-99.0167,5,0.25,35.3,24.49,3.3599999999999897,4.850000000000009,5.239999999999993,0,0
2020-07-13,slp,"Cd. Valles, SLP",21.9833,-99.0167,5,0.01,37.69,23.46,0.8399999999999893,4.830000000000011,5.109999999999992,0,0
2020-07-14,slp,"Cd. Valles, SLP",21.9833,-99.0167,5,0.01,37.31,23.88,0.26999999999998936,4.79000000000001,5.0599999999999925,0,0
2020-07-15,slp,"Cd. Valles, SLP",21.9833,-99.0167,5,0.03,36.67,24.93,0.049999999999989345,4.3000000000000105,5.039999999999993,0,0
2020-07-16,slp,"Cd. Valles, SLP",21.9833,-99.0167,5,0.07,34.29,25.12,0.10999999999998936,3.48000000000001,5.069999999999993,0,0
2020-07-17,slp,"Cd. Valles, SLP",21.9833,-99.0167,5,0.85,31.99,24.51,0.9499999999999893,1.80000000000001,5.889999999999993,0,0
2020-07-18,slp,"Cd. Valles, SLP",21.9833,-99.0167,5,0.72,31.55,24.24,1.6399999999999892,1.9400000000000102,6.549999999999992,0,0
2020-07-19,slp,"Cd. Valles, SLP",21.9833,-99.0167,5,0.03,35.79,23.67,1.5999999999999892,1.72000000000001,6.569999999999992,0,0
2020-07-20,slp,"Cd. Valles, SLP",21.9833,-99.0167,5,0.04,38.18,23.18,0.7899999999999893,1.7500000000000102,6.579999999999992,0,0
2020-07-21,slp,"Cd. Valles, SLP",21.9833,-99.0167,5,0.03,38.04,23.87,0.09999999999998935,1.7700000000000102,6.5599999999999925,0,0
2020-07-22,slp,"Cd. Valles, SLP",21.9833,-99.0167,5,0.1,38.2,25.26,0.16999999999998935,1.8400000000000103,6.139999999999993,0,0
2020-07-23,slp,"Cd. Valles, SLP",21.9833,-99.0167,5,0.22,37.69,25.29,0.3499999999999893,1.9900000000000102,5.469999999999992,0,0
2020-07-24,slp,"Cd. Valles, SLP",21.9833,-99.0167,5,0.35,39.6,25.77,0.6699999999999893,1.4900000000000104,3.289999999999993,0,0
2020-07-25,slp,"Cd. Valles, SLP",21.9833,-99.0167,5,0.28,37.19,25.66,0.8499999999999892,1.0500000000000103,2.9899999999999927,0,0
2020-07-26,slp,"Cd. Valles, SLP",21.9833,-99.0167,5,10.22,33.08,25.93,10.84999999999999,11.24000000000001,12.959999999999994,1,0
2020-07-27,slp,"Cd. Valles, SLP",21.9833,-99.0167,5,23.78,29.59,25.86,34.279999999999994,34.98000000000001,36.73,2,1
2020-07-28,slp,"Cd. Valles, SLP",21.9833,-99.0167,5,14.25,30.12,24.81,48.24999999999999,49.20000000000001,50.97,3,0
2020-07-29,slp,"Cd. Valles, SLP",21.9833,-99.0167,5,13.72,28.78,25.04,51.74999999999999,62.82000000000001,64.66,4,0
2020-07-30,slp,"Cd. Valles, SLP",21.9833,-99.0167,5,2.22,31.92,24.42,30.189999999999994,64.82000000000001,66.80999999999999,0,0
2020-07-31,slp,"Cd. Valles, SLP",21.9833,-99.0167,5,0.72,33.0,24.41,16.659999999999993,65.19000000000001,66.67999999999999,0,0
2020-08-01,slp,"Cd. Valles, SLP",21.9833,-99.0167,5,2.15,34.31,24.48,5.089999999999993,67.06000000000002,68.11,0,0
2020-08-02,slp,"Cd. Valles, SLP",21.9833,-99.0167,5,6.61,34.29,23.9,9.479999999999993,63.45000000000001,74.69,1,0
2020-08-03,slp,"Cd. Valles, SLP",21.9833,-99.0167,5,0.81,35.5,23.44,9.569999999999991,40.48000000000001,75.46,0,0
2020-08-04,slp,"Cd. Valles, SLP",21.9833,-99.0167,5,0.97,36.64,23.87,8.389999999999992,27.200000000000006,76.4,0,0
2020-08-05,slp,"Cd. Valles, SLP",21.9833,-99.0167,5,1.37,36.71,24.2,3.1499999999999924,14.850000000000007,77.67,0,0
2020-08-06,slp,"Cd. Valles, SLP",21.9833,-99.0167,5,1.7,35.66,24.4,4.039999999999992,14.330000000000007,79.14999999999999,0,0
2020-08-07,slp,"Cd. Valles, SLP",21.9833,-99.0167,5,9.23,33.99,24.76,12.299999999999994,22.84000000000001,88.03,1,0
2020-08-08,slp,"Cd. Valles, SLP",21.9833,-99.0167,5,20.6,31.99,24.92,31.529999999999994,41.29000000000001,108.35,2,1
2020-08-09,slp,"Cd. Valles, SLP",21.9833,-99.0167,5,18.68,28.66,23.7,48.50999999999999,53.360000000000014,116.81,3,0
2020-08-10,slp,"Cd. Valles, SLP",21.9833,-99.0167,5,3.21,31.96,23.91,42.48999999999999,55.76000000000001,96.24,0,0
2020-08-11,slp,"Cd. Valles, SLP",21.9833,-99.0167,5,1.52,31.53,23.93,23.409999999999993,56.31000000000001,83.50999999999999,0,0
2020-08-12,slp,"Cd. Valles, SLP",21.9833,-99.0167,5,7.2,33.12,23.7,11.929999999999993,62.14000000000001,76.98999999999998,1,0
2020-08-13,slp,"Cd. Valles, SLP",21.9833,-99.0167,5,2.16,33.33,21.74,10.879999999999992,62.60000000000001,76.92999999999999,0,0
2020-08-14,slp,"Cd. Valles, SLP",21.9833,-99.0167,5,0.34,33.18,24.21,9.699999999999992,53.71000000000001,76.55,0,0
2020-08-15,slp,"Cd. Valles, SLP",21.9833,-99.0167,5,0.24,33.14,23.0,2.739999999999993,33.35000000000001,74.64,0,0
2020-08-16,slp,"Cd. Valles, SLP",21.9833,-99.0167,5,3.02,33.16,22.82,3.599999999999993,17.69000000000001,71.05,0,0
2020-08-17,slp,"Cd. Valles, SLP",21.9833,-99.0167,5,1.92,32.9,23.46,5.179999999999993,16.400000000000006,72.16,0,0
2020-08-18,slp,"Cd. Valles, SLP",21.9833,-99.0167,5,0.16,34.28,23.46,5.0999999999999925,15.040000000000006,71.35,0,0
2020-08-19,slp,"Cd. Valles, SLP",21.9833,-99.0167,5,0.18,34.28,24.03,2.2599999999999927,8.020000000000007,70.16,0,0
2020-08-20,slp,"Cd. Valles, SLP",21.9833,-99.0167,5,0.03,36.48,23.7,0.3699999999999929,5.890000000000007,68.49,0,0
2020-08-21,slp,"Cd. Valles, SLP",21.9833,-99.0167,5,0.02,37.75,23.31,0.22999999999999288,5.570000000000007,59.279999999999994,0,0
2020-08-22,slp,"Cd. Valles, SLP",21.9833,-99.0167,5,0.4,36.85,24.83,0.4499999999999929,5.7300000000000075,39.07999999999999,0,0
2020-08-23,slp,"Cd. Valles, SLP",21.9833,-99.0167,5,1.39,35.85,24.67,1.809999999999993,4.100000000000007,21.789999999999992,0,0
2020-08-24,slp,"Cd. Valles, SLP",21.9833,-99.0167,5,5.71,33.58,24.31,7.499999999999993,7.890000000000007,24.289999999999992,1,0
2020-08-25,slp,"Cd. Valles, SLP",21.9833,-99.0167,5,40.98,31.57,24.06,48.07999999999999,48.71,63.749999999999986,2,1
2020-08-26,slp,"Cd. Valles, SLP",21.9833,-99.0167,5,5.05,32.38,23.99,51.73999999999999,53.58,61.59999999999999,3,0
2020-08-27,slp,"Cd. Valles, SLP",21.9833,-99.0167,5,2.57,32.47,24.53,48.59999999999999,56.12,62.00999999999999,0,0
2020-08-28,slp,"Cd. Valles, SLP",21.9833,-99.0167,5,0.51,33.35,25.06,8.129999999999992,56.61000000000001,62.17999999999999,0,0
2020-08-29,slp,"Cd. Valles, SLP",21.9833,-99.0167,5,0.2,32.53,24.95,3.2799999999999927,56.41,62.13999999999999,0,0
2020-08-30,slp,"Cd. Valles, SLP",21.9833,-99.0167,5,0.56,32.24,25.42,1.269999999999993,55.58,59.67999999999999,0,0
2020-08-31,slp,"Cd. Valles, SLP",21.9833,-99.0167,5,0.15,33.29,25.5,0.9099999999999929,50.02,57.90999999999999,0,0
2020-09-01,slp,"Cd. Valles, SLP",21.9833,-99.0167,5,0.0,35.02,25.56,0.7099999999999929,9.040000000000006,57.74999999999999,0,0
2020-09-02,slp,"Cd. Valles, SLP",21.9833,-99.0167,5,0.0,35.35,24.49,0.14999999999999278,3.990000000000007,57.56999999999999,0,0
2020-09-03,slp,"Cd. Valles, SLP",21.9833,-99.0167,5,0.13,33.07,25.09,0.1299999999999928,1.5500000000000071,57.669999999999995,0,0
2020-09-04,slp,"Cd. Valles, SLP",21.9833,-99.0167,5,6.76,29.82,24.85,6.889999999999993,7.800000000000007,64.41,1,0
2020-09-05,slp,"Cd. Valles, SLP",21.9833,-99.0167,5,20.95,29.39,23.76,27.839999999999993,28.550000000000004,84.96,2,1
2020-09-06,slp,"Cd. Valles, SLP",21.9833,-99.0167,5,17.99,27.7,23.58,45.69999999999999,45.980000000000004,101.55999999999999,3,0
2020-09-07,slp,"Cd. Valles, SLP",21.9833,-99.0167,5,2.86,30.23,22.17,41.8,48.69000000000001,98.71,0,0
2020-09-08,slp,"Cd. Valles, SLP",21.9833,-99.0167,5,0.19,32.72,23.53,21.039999999999992,48.88000000000001,57.91999999999999,0,0
2020-09-09,slp,"Cd. Valles, SLP",21.9833,-99.0167,5,6.97,32.89,23.97,10.019999999999992,55.85000000000001,59.83999999999999,1,0
2020-09-10,slp,"Cd. Valles, SLP",21.9833,-99.0167,5,19.86,29.53,24.67,27.019999999999992,75.58000000000001,77.13,2,0
2020-09-11,slp,"Cd. Valles, SLP",21.9833,-99.0167,5,19.62,28.0,23.45,46.44999999999999,88.44,96.23999999999998,3,0
2020-09-12,slp,"Cd. Valles, SLP",21.9833,-99.0167,5,2.43,30.57,21.98,41.91,69.92000000000002,98.46999999999998,0,0
2020-09-13,slp,"Cd. Valles, SLP",21.9833,-99.0167,5,2.68,32.38,22.67,24.729999999999993,54.61000000000001,100.59,0,0
2020-09-14,slp,"Cd. Valles, SLP",21.9833,-99.0167,5,9.4,28.47,24.11,14.509999999999994,61.150000000000006,109.83999999999999,1,0
2020-09-15,slp,"Cd. Valles, SLP",21.9833,-99.0167,5,7.17,30.77,23.3,19.249999999999993,68.13000000000001,117.00999999999999,2,0
2020-09-16,slp,"Cd. Valles, SLP",21.9833,-99.0167,5,2.57,28.87,23.7,19.139999999999993,63.73000000000001,119.58,0,0
2020-09-17,slp,"Cd. Valles, SLP",21.9833,-99.0167,5,9.02,30.19,23.68,18.75999999999999,52.89000000000001,128.47,1,0
2020-09-18,slp,"Cd. Valles, SLP",21.9833,-99.0167,5,3.23,30.4,23.1,14.819999999999993,36.500000000000014,124.94,0,0
2020-09-19,slp,"Cd. Valles, SLP",21.9833,-99.0167,5,0.15,30.68,22.24,12.399999999999993,34.220000000000006,104.13999999999999,0,0
2020-09-20,slp,"Cd. Valles, SLP",21.9833,-99.0167,5,0.05,30.59,21.29,3.429999999999993,31.59000000000001,86.19999999999999,0,0
2020-09-21,slp,"Cd. Valles, SLP",21.9833,-99.0167,5,0.04,30.89,20.27,0.23999999999999289,22.230000000000008,83.38,0,0
2020-09-22,slp,"Cd. Valles, SLP",21.9833,-99.0167,5,0.04,31.64,19.88,0.1299999999999929,15.100000000000007,83.23,0,0
2020-09-23,slp,"Cd. Valles, SLP",21.9833,-99.0167,5,0.03,33.4,20.26,0.1099999999999929,12.560000000000006,76.28999999999999,0,0
2020-09-24,slp,"Cd. Valles, SLP",21.9833,-99.0167,5,0.04,33.59,21.16,0.10999999999999291,3.580000000000007,56.47,0,0
2020-09-25,slp,"Cd. Valles, SLP",21.9833,-99.0167,5,0.02,32.89,21.71,0.08999999999999289,0.3700000000000071,36.87,0,0
2020-09-26,slp,"Cd. Valles, SLP",21.9833,-99.0167,5,0.03,33.74,21.78,0.08999999999999289,0.2500000000000071,34.46999999999999,0,0
2020-09-27,slp,"Cd. Valles, SLP",21.9833,-99.0167,5,0.01,34.61,22.26,0.05999999999999289,0.21000000000000713,31.799999999999994,0,0
2020-09-28,slp,"Cd. Valles, SLP",21.9833,-99.0167,5,8.75,34.44,22.62,8.789999999999992,8.920000000000007,31.14999999999999,1,0
2020-09-29,slp,"Cd. Valles, SLP",21.9833,-99.0167,5,8.39,27.54,19.06,17.14999999999999,17.27000000000001,32.36999999999999,2,0
2020-09-30,slp,"Cd. Valles, SLP",21.9833,-99.0167,5,0.0,29.13,16.84,17.139999999999993,17.24000000000001,29.799999999999997,0,0
2020-10-01,slp,"Cd. Valles, SLP",21.9833,-99.0167,5,0.03,28.42,14.7,8.419999999999993,17.230000000000008,20.80999999999999,0,0
2020-10-02,slp,"Cd. Valles, SLP",21.9833,-99.0167,5,0.11,29.0,16.87,0.1399999999999929,17.320000000000007,17.689999999999994,0,0
2020-10-03,slp,"Cd. Valles, SLP",21.9833,-99.0167,5,0.01,30.76,18.49,0.1499999999999929,17.300000000000008,17.549999999999994,0,0
2020-10-04,slp,"Cd. Valles, SLP",21.9833,-99.0167,5,0.0,30.83,18.1,0.11999999999999289,17.290000000000006,17.499999999999993,0,0
2020-10-05,slp,"Cd. Valles, SLP",21.9833,-99.0167,5,0.01,31.44,19.49,0.019999999999992895,8.550000000000008,17.46999999999999,0,0
2020-10-06,slp,"Cd. Valles, SLP",21.9833,-99.0167,5,0.0,31.77,18.39,0.009999999999992895,0.1600000000000071,17.429999999999993,0,0
2020-10-07,slp,"Cd. Valles, SLP",21.9833,-99.0167,5,0.02,32.9,18.81,0.029999999999992893,0.1800000000000071,17.419999999999995,0,0
2020-10-08,slp,"Cd. Valles, SLP",21.9833,-99.0167,5,0.01,34.55,21.06,0.029999999999992893,0.1600000000000071,17.389999999999993,0,0
2020-10-09,slp,"Cd. Valles, SLP",21.9833,-99.0167,5,0.0,36.53,23.88,0.029999999999992893,0.05000000000000711,17.369999999999994,0,0
2020-10-10,slp,"Cd. Valles, SLP",21.9833,-99.0167,5,0.0,36.62,22.59,0.009999999999992898,0.040000000000007106,17.339999999999993,0,0
2020-10-11,slp,"Cd. Valles, SLP",21.9833,-99.0167,5,0.05,35.27,21.54,0.0499999999999929,0.0900000000000071,17.379999999999995,0,0
2020-10-12,slp,"Cd. Valles, SLP",21.9833,-99.0167,5,4.94,33.97,22.64,4.989999999999993,5.020000000000008,13.569999999999993,0,0
2020-10-13,slp,"Cd. Valles, SLP",21.9833,-99.0167,5,21.84,29.0,24.68,26.82999999999999,26.860000000000007,27.019999999999992,1,1
2020-10-14,slp,"Cd. Valles, SLP",21.9833,-99.0167,5,5.72,30.08,23.73,32.49999999999999,32.56000000000001,32.739999999999995,2,0
2020-10-15,slp,"Cd. Valles, SLP",21.9833,-99.0167,5,0.42,33.76,22.5,27.979999999999997,32.970000000000006,33.12999999999999,0,0
2020-10-16,slp,"Cd. Valles, SLP",21.9833,-99.0167,5,11.83,30.62,22.53,17.96999999999999,44.80000000000001,44.849999999999994,1,0
2020-10-17,slp,"Cd. Valles, SLP",21.9833,-99.0167,5,6.16,29.06,19.58,18.409999999999997,50.96000000000001,50.99999999999999,2,0
2020-10-18,slp,"Cd. Valles, SLP",21.9833,-99.0167,5,0.02,31.79,20.14,18.009999999999994,50.93000000000001,51.019999999999996,0,0
2020-10-19,slp,"Cd. Valles, SLP",21.9833,-99.0167,5,0.97,32.33,22.13,7.149999999999993,46.96000000000001,51.98,0,0
2020-10-20,slp,"Cd. Valles, SLP",21.9833,-99.0167,5,1.42,32.63,21.83,2.409999999999993,26.540000000000006,53.4,0,0
2020-10-21,slp,"Cd. Valles, SLP",21.9833,-99.0167,5,0.34,32.0,20.49,2.729999999999993,21.160000000000007,53.71999999999999,0,0
2020-10-22,slp,"Cd. Valles, SLP",21.9833,-99.0167,5,0.01,33.77,20.64,1.769999999999993,20.750000000000007,53.72,0,0
2020-10-23,slp,"Cd. Valles, SLP",21.9833,-99.0167,5,0.0,35.19,20.93,0.34999999999999293,8.920000000000007,53.72,0,0
2020-10-24,slp,"Cd. Valles, SLP",21.9833,-99.0167,5,0.22,33.31,21.57,0.2299999999999929,2.980000000000007,53.94,0,0
2020-10-25,slp,"Cd. Valles, SLP",21.9833,-99.0167,5,0.0,34.31,21.62,0.2199999999999929,2.960000000000007,53.88999999999999,0,0
2020-10-26,slp,"Cd. Valles, SLP",21.9833,-99.0167,5,0.0,32.7,19.61,0.2199999999999929,1.990000000000007,48.949999999999996,0,0
2020-10-27,slp,"Cd. Valles, SLP",21.9833,-99.0167,5,0.03,32.39,20.8,0.029999999999992893,0.6000000000000072,27.139999999999993,0,0
2020-10-28,slp,"Cd. Valles, SLP",21.9833,-99.0167,5,0.37,28.74,17.94,0.3999999999999929,0.6300000000000071,21.789999999999996,0,0
2020-10-29,slp,"Cd. Valles, SLP",21.9833,-99.0167,5,0.15,29.07,16.51,0.5499999999999929,0.7700000000000071,21.519999999999992,0,0
2020-10-30,slp,"Cd. Valles, SLP",21.9833,-99.0167,5,0.0,27.04,15.81,0.5199999999999929,0.7700000000000071,9.689999999999992,0,0
2020-10-31,slp,"Cd. Valles, SLP",21.9833,-99.0167,5,0.0,28.51,14.05,0.1499999999999929,0.5500000000000071,3.5299999999999927,0,0
2020-11-01,slp,"Cd. Valles, SLP",21.9833,-99.0167,5,0.01,29.96,16.68,0.009999999999992895,0.5600000000000072,3.519999999999993,0,0
2020-11-02,slp,"Cd. Valles, SLP",21.9833,-99.0167,5,0.09,27.31,16.33,0.09999999999999289,0.6500000000000071,2.6399999999999926,0,0
2020-11-03,slp,"Cd. Valles, SLP",21.9833,-99.0167,5,0.02,27.73,15.37,0.11999999999999289,0.6400000000000071,1.2399999999999929,0,0
2020-11-04,slp,"Cd. Valles, SLP",21.9833,-99.0167,5,0.01,28.99,15.13,0.11999999999999289,0.2800000000000071,0.9099999999999928,0,0
2020-11-05,slp,"Cd. Valles, SLP",21.9833,-99.0167,5,0.1,29.34,16.18,0.1299999999999929,0.2300000000000071,0.9999999999999929,0,0
2020-11-06,slp,"Cd. Valles, SLP",21.9833,-99.0167,5,0.07,29.02,17.05,0.1799999999999929,0.3000000000000071,1.069999999999993,0,0
2020-11-07,slp,"Cd. Valles, SLP",21.9833,-99.0167,5,0.0,30.27,17.28,0.16999999999999288,0.3000000000000071,0.8499999999999929,0,0
2020-11-08,slp,"Cd. Valles, SLP",21.9833,-99.0167,5,0.0,31.31,17.17,0.0699999999999929,0.2900000000000071,0.8499999999999929,0,0
2020-11-09,slp,"Cd. Valles, SLP",21.9833,-99.0167,5,0.01,31.69,18.63,0.009999999999992895,0.21000000000000713,0.8599999999999929,0,0
2020-11-10,slp,"Cd. Valles, SLP",21.9833,-99.0167,5,0.04,33.48,19.0,0.0499999999999929,0.23000000000000712,0.869999999999993,0,0
2020-11-11,slp,"Cd. Valles, SLP",21.9833,-99.0167,5,0.0,31.32,20.17,0.0499999999999929,0.2200000000000071,0.4999999999999929,0,0
2020-11-12,slp,"Cd. Valles, SLP",21.9833,-99.0167,5,0.0,31.97,19.18,0.039999999999992895,0.12000000000000711,0.3499999999999929,0,0
2020-11-13,slp,"Cd. Valles, SLP",21.9833,-99.0167,5,0.0,31.24,19.56,0.0,0.05000000000000711,0.3499999999999929,0,0
2020-11-14,slp,"Cd. Valles, SLP",21.9833,-99.0167,5,0.01,32.34,18.82,0.009999999999992895,0.06000000000000711,0.3599999999999929,0,0
2020-11-15,slp,"Cd. Valles, SLP",21.9833,-99.0167,5,8.58,31.95,21.14,8.589999999999993,8.640000000000008,8.929999999999993,1,0
2020-11-16,slp,"Cd. Valles, SLP",21.9833,-99.0167,5,9.11,28.53,20.25,17.699999999999992,17.74000000000001,17.949999999999992,2,0
2020-11-17,slp,"Cd. Valles, SLP",21.9833,-99.0167,5,7.67,28.22,18.91,25.359999999999992,25.370000000000008,25.599999999999994,3,0
2020-11-18,slp,"Cd. Valles, SLP",21.9833,-99.0167,5,3.04,25.4,17.25,19.819999999999993,28.410000000000007,28.629999999999992,0,0
2020-11-19,slp,"Cd. Valles, SLP",21.9833,-99.0167,5,0.2,27.58,16.39,10.909999999999993,28.610000000000007,28.729999999999993,0,0
2020-11-20,slp,"Cd. Valles, SLP",21.9833,-99.0167,5,0.0,29.28,16.34,3.239999999999993,28.610000000000007,28.659999999999993,0,0
2020-11-21,slp,"Cd. Valles, SLP",21.9833,-99.0167,5,0.0,30.0,19.35,0.1999999999999929,28.600000000000005,28.659999999999993,0,0
2020-11-22,slp,"Cd. Valles, SLP",21.9833,-99.0167,5,0.0,29.54,18.87,0.0,20.020000000000003,28.659999999999993,0,0
2020-11-23,slp,"Cd. Valles, SLP",21.9833,-99.0167,5,0.01,28.66,17.79,0.009999999999992895,10.920000000000007,28.659999999999993,0,0
2020-11-24,slp,"Cd. Valles, SLP",21.9833,-99.0167,5,0.0,31.58,17.06,0.009999999999992895,3.250000000000007,28.619999999999994,0,0
2020-11-25,slp,"Cd. Valles, SLP",21.9833,-99.0167,5,0.0,32.16,17.94,0.009999999999992895,0.21000000000000713,28.619999999999994,0,0
2020-11-26,slp,"Cd. Valles, SLP",21.9833,-99.0167,5,0.0,31.95,19.93,0.0,0.010000000000007106,28.619999999999994,0,0
2020-11-27,slp,"Cd. Valles, SLP",21.9833,-99.0167,5,0.0,31.8,19.9,0.0,0.010000000000007106,28.619999999999994,0,0
2020-11-28,slp,"Cd. Valles, SLP",21.9833,-99.0167,5,0.03,32.16,20.74,0.029999999999992893,0.040000000000007106,28.63999999999999,0,0
2020-11-29,slp,"Cd. Valles, SLP",21.9833,-99.0167,5,1.43,27.17,18.91,1.4599999999999929,1.470000000000007,21.48999999999999,0,0
2020-11-30,slp,"Cd. Valles, SLP",21.9833,-99.0167,5,0.13,21.93,13.26,1.5899999999999928,1.590000000000007,12.509999999999993,0,0
2020-12-01,slp,"Cd. Valles, SLP",21.9833,-99.0167,5,0.03,23.51,9.88,1.5899999999999928,1.620000000000007,4.869999999999993,0,0
2020-12-02,slp,"Cd. Valles, SLP",21.9833,-99.0167,5,0.02,29.24,14.09,0.1799999999999929,1.640000000000007,1.8499999999999928,0,0
2020-12-03,slp,"Cd. Valles, SLP",21.9833,-99.0167,5,0.02,20.08,13.47,0.0699999999999929,1.660000000000007,1.6699999999999928,0,0
2020-12-04,slp,"Cd. Valles, SLP",21.9833,-99.0167,5,0.0,21.15,10.54,0.039999999999992895,1.660000000000007,1.6699999999999928,0,0
2020-12-05,slp,"Cd. Valles, SLP",21.9833,-99.0167,5,0.02,24.59,11.28,0.039999999999992895,1.650000000000007,1.6899999999999928,0,0
2020-12-06,slp,"Cd. Valles, SLP",21.9833,-99.0167,5,0.0,22.37,12.91,0.019999999999992895,0.2200000000000071,1.6899999999999928,0,0
2020-12-07,slp,"Cd. Valles, SLP",21.9833,-99.0167,5,0.0,26.0,12.37,0.019999999999992895,0.0900000000000071,1.6799999999999928,0,0
2020-12-08,slp,"Cd. Valles, SLP",21.9833,-99.0167,5,0.0,25.92,12.65,0.0,0.0600000000000071,1.6799999999999928,0,0
2020-12-09,slp,"Cd. Valles, SLP",21.9833,-99.0167,5,0.0,26.59,13.47,0.0,0.0400000000000071,1.6799999999999928,0,0
2020-12-10,slp,"Cd. Valles, SLP",21.9833,-99.0167,5,0.0,27.65,12.5,0.0,0.020000000000007106,1.6799999999999928,0,0
2020-12-11,slp,"Cd. Valles, SLP",21.9833,-99.0167,5,0.0,31.69,16.39,0.0,0.020000000000007106,1.6799999999999928,0,0
2020-12-12,slp,"Cd. Valles, SLP",21.9833,-99.0167,5,0.0,30.18,17.71,0.0,0.0,1.6499999999999928,0,0
2020-12-13,slp,"Cd. Valles, SLP",21.9833,-99.0167,5,0.13,32.59,19.02,0.1299999999999929,0.1300000000000071,0.3499999999999929,0,0
2020-12-14,slp,"Cd. Valles, SLP",21.9833,-99.0167,5,0.08,22.41,12.69,0.20999999999999291,0.21000000000000713,0.2999999999999929,0,0
2020-12-15,slp,"Cd. Valles, SLP",21.9833,-99.0167,5,0.0,30.79,11.72,0.20999999999999291,0.21000000000000713,0.2699999999999929,0,0
2020-12-16,slp,"Cd. Valles, SLP",21.9833,-99.0167,5,0.0,25.09,12.58,0.0799999999999929,0.21000000000000713,0.2499999999999929,0,0
2020-12-17,slp,"Cd. Valles, SLP",21.9833,-99.0167,5,0.06,23.96,10.79,0.05999999999999289,0.2700000000000071,0.2899999999999929,0,0
2020-12-18,slp,"Cd. Valles, SLP",21.9833,-99.0167,5,0.15,26.59,14.33,0.2099999999999929,0.4200000000000071,0.4399999999999929,0,0
2020-12-19,slp,"Cd. Valles, SLP",21.9833,-99.0167,5,0.0,31.51,17.4,0.2099999999999929,0.4200000000000071,0.4199999999999929,0,0
2020-12-20,slp,"Cd. Valles, SLP",21.9833,-99.0167,5,0.01,27.82,16.66,0.1599999999999929,0.3000000000000071,0.4299999999999929,0,0
2020-12-21,slp,"Cd. Valles, SLP",21.9833,-99.0167,5,0.08,28.06,16.59,0.08999999999999289,0.30000000000000704,0.5099999999999929,0,0
2020-12-22,slp,"Cd. Valles, SLP",21.9833,-99.0167,5,0.02,27.97,16.81,0.1099999999999929,0.32000000000000706,0.5299999999999929,0,0
2020-12-23,slp,"Cd. Valles, SLP",21.9833,-99.0167,5,0.03,32.89,17.76,0.1299999999999929,0.3500000000000071,0.5599999999999928,0,0
2020-12-24,slp,"Cd. Valles, SLP",21.9833,-99.0167,5,0.04,21.95,11.87,0.08999999999999289,0.33000000000000707,0.5999999999999929,0,0
2020-12-25,slp,"Cd. Valles, SLP",21.9833,-99.0167,5,0.0,22.37,8.91,0.06999999999999289,0.1800000000000071,0.5999999999999929,0,0
2020-12-26,slp,"Cd. Valles, SLP",21.9833,-99.0167,5,0.01,23.77,9.95,0.04999999999999289,0.1900000000000071,0.6099999999999929,0,0
2020-12-27,slp,"Cd. Valles, SLP",21.9833,-99.0167,5,0.01,28.06,14.03,0.019999999999992895,0.19000000000000708,0.4899999999999929,0,0
2020-12-28,slp,"Cd. Valles, SLP",21.9833,-99.0167,5,0.0,27.73,16.05,0.019999999999992895,0.1100000000000071,0.4099999999999929,0,0
2020-12-29,slp,"Cd. Valles, SLP",21.9833,-99.0167,5,0.0,28.69,16.41,0.009999999999992895,0.0900000000000071,0.4099999999999929,0,0
2020-12-30,slp,"Cd. Valles, SLP",21.9833,-99.0167,5,0.05,30.71,15.88,0.0499999999999929,0.1100000000000071,0.4599999999999929,0,0
2020-12-31,slp,"Cd. Valles, SLP",21.9833,-99.0167,5,0.08,33.76,15.96,0.1299999999999929,0.15000000000000713,0.47999999999999293,0,0
2021-01-01,slp,"Cd. Valles, SLP",21.9833,-99.0167,5,0.57,25.59,13.59,0.6999999999999929,0.7200000000000071,0.8999999999999928,0,0
2021-01-02,slp,"Cd. Valles, SLP",21.9833,-99.0167,5,0.32,23.57,12.44,0.9699999999999929,1.0300000000000071,1.2199999999999929,0,0
2021-01-03,slp,"Cd. Valles, SLP",21.9833,-99.0167,5,0.0,27.25,11.39,0.8899999999999928,1.0200000000000071,1.2099999999999929,0,0
2021-01-04,slp,"Cd. Valles, SLP",21.9833,-99.0167,5,0.0,29.85,14.38,0.3199999999999929,1.0200000000000071,1.1299999999999928,0,0
2021-01-05,slp,"Cd. Valles, SLP",21.9833,-99.0167,5,0.09,28.42,16.38,0.08999999999999289,1.110000000000007,1.1999999999999929,0,0
2021-01-06,slp,"Cd. Valles, SLP",21.9833,-99.0167,5,0.06,32.03,18.61,0.1499999999999929,1.120000000000007,1.229999999999993,0,0
2021-01-07,slp,"Cd. Valles, SLP",21.9833,-99.0167,5,0.01,22.31,15.05,0.1599999999999929,1.0500000000000071,1.199999999999993,0,0
2021-01-08,slp,"Cd. Valles, SLP",21.9833,-99.0167,5,0.0,24.21,13.74,0.06999999999999289,0.4800000000000071,1.199999999999993,0,0
2021-01-09,slp,"Cd. Valles, SLP",21.9833,-99.0167,5,3.44,23.79,13.77,3.4499999999999926,3.600000000000007,4.629999999999993,0,0
2021-01-10,slp,"Cd. Valles, SLP",21.9833,-99.0167,5,1.98,28.21,12.16,5.419999999999993,5.580000000000007,6.599999999999993,0,0
2021-01-11,slp,"Cd. Valles, SLP",21.9833,-99.0167,5,0.66,17.3,8.87,6.079999999999993,6.240000000000007,7.259999999999994,0,0
2021-01-12,slp,"Cd. Valles, SLP",21.9833,-99.0167,5,0.13,19.57,6.27,2.769999999999993,6.280000000000007,7.3899999999999935,0,0
2021-01-13,slp,"Cd. Valles, SLP",21.9833,-99.0167,5,0.3,22.42,7.57,1.089999999999993,6.520000000000007,7.639999999999993,0,0
2021-01-14,slp,"Cd. Valles, SLP",21.9833,-99.0167,5,0.0,28.28,10.26,0.4299999999999929,6.510000000000007,7.559999999999993,0,0
2021-01-15,slp,"Cd. Valles, SLP",21.9833,-99.0167,5,0.0,26.59,11.95,0.2999999999999929,6.510000000000007,6.989999999999993,0,0
2021-01-16,slp,"Cd. Valles, SLP",21.9833,-99.0167,5,0.0,25.27,9.96,0.0,3.070000000000007,6.669999999999993,0,0
2021-01-17,slp,"Cd. Valles, SLP",21.9833,-99.0167,5,0.55,28.41,14.6,0.5499999999999929,1.6400000000000072,7.2199999999999935,0,0
2021-01-18,slp,"Cd. Valles, SLP",21.9833,-99.0167,5,0.7,29.16,17.63,1.249999999999993,1.6800000000000073,7.919999999999993,0,0
2021-01-19,slp,"Cd. Valles, SLP",21.9833,-99.0167,5,0.82,29.76,17.44,2.0699999999999927,2.370000000000007,8.649999999999993,0,0
2021-01-20,slp,"Cd. Valles, SLP",21.9833,-99.0167,5,18.19,24.62,20.15,19.709999999999994,20.26000000000001,26.779999999999994,1,0
2021-01-21,slp,"Cd. Valles, SLP",21.9833,-99.0167,5,0.62,30.36,19.35,19.629999999999995,20.88000000000001,27.389999999999997,0,0
2021-01-22,slp,"Cd. Valles, SLP",21.9833,-99.0167,5,0.02,32.35,18.91,18.829999999999995,20.90000000000001,27.409999999999997,0,0
2021-01-23,slp,"Cd. Valles, SLP",21.9833,-99.0167,5,0.01,31.86,20.52,0.6499999999999929,20.910000000000007,23.979999999999993,0,0
2021-01-24,slp,"Cd. Valles, SLP",21.9833,-99.0167,5,0.0,30.77,20.7,0.029999999999992893,20.360000000000007,21.999999999999993,0,0
2021-01-25,slp,"Cd. Valles, SLP",21.9833,-99.0167,5,0.0,38.4,19.08,0.009999999999992895,19.660000000000007,21.339999999999993,0,0
2021-01-26,slp,"Cd. Valles, SLP",21.9833,-99.0167,5,0.0,33.92,17.61,0.0,18.840000000000007,21.209999999999994,0,0
2021-01-27,slp,"Cd. Valles, SLP",21.9833,-99.0167,5,0.32,28.28,18.17,0.3199999999999929,0.9700000000000071,21.229999999999993,0,0
2021-01-28,slp,"Cd. Valles, SLP",21.9833,-99.0167,5,0.19,22.49,15.34,0.5099999999999929,0.5400000000000071,21.419999999999995,0,0
2021-01-29,slp,"Cd. Valles, SLP",21.9833,-99.0167,5,0.32,25.95,15.21,0.829999999999993,0.8400000000000072,21.739999999999995,0,0
2021-01-30,slp,"Cd. Valles, SLP",21.9833,-99.0167,5,0.02,29.01,15.94,0.5299999999999928,0.8500000000000071,21.759999999999994,0,0
2021-01-31,slp,"Cd. Valles, SLP",21.9833,-99.0167,5,1.26,31.0,18.22,1.599999999999993,2.110000000000007,22.469999999999995,0,0
2021-02-01,slp,"Cd. Valles, SLP",21.9833,-99.0167,5,0.03,25.17,14.46,1.3099999999999927,2.1400000000000072,21.799999999999994,0,0
2021-02-02,slp,"Cd. Valles, SLP",21.9833,-99.0167,5,0.12,24.99,12.18,1.4099999999999926,2.2600000000000073,21.099999999999994,0,0
2021-02-03,slp,"Cd. Valles, SLP",21.9833,-99.0167,5,0.0,27.41,12.42,0.14999999999999267,1.940000000000007,2.909999999999993,0,0
2021-02-04,slp,"Cd. Valles, SLP",21.9833,-99.0167,5,0.0,33.04,14.27,0.11999999999999267,1.750000000000007,2.289999999999993,0,0
2021-02-05,slp,"Cd. Valles, SLP",21.9833,-99.0167,5,0.0,34.01,17.37,0.0,1.430000000000007,2.269999999999993,0,0
2021-02-06,slp,"Cd. Valles, SLP",21.9833,-99.0167,5,0.0,37.8,18.45,0.0,1.410000000000007,2.259999999999993,0,0
2021-02-07,slp,"Cd. Valles, SLP",21.9833,-99.0167,5,0.0,29.62,15.83,0.0,0.1500000000000071,2.259999999999993,0,0
2021-02-08,slp,"Cd. Valles, SLP",21.9833,-99.0167,5,0.05,32.58,16.17,0.049999999999992675,0.1700000000000071,2.309999999999993,0,0
2021-02-09,slp,"Cd. Valles, SLP",21.9833,-99.0167,5,0.0,32.6,18.98,0.049999999999992675,0.05000000000000711,2.309999999999993,0,0
2021-02-10,slp,"Cd. Valles, SLP",21.9833,-99.0167,5,0.0,31.83,20.7,0.049999999999992675,0.05000000000000711,1.9899999999999929,0,0
2021-02-11,slp,"Cd. Valles, SLP",21.9833,-99.0167,5,2.86,33.14,20.79,2.8599999999999923,2.910000000000007,4.659999999999993,0,0
2021-02-12,slp,"Cd. Valles, SLP",21.9833,-99.0167,5,11.32,20.59,11.52,14.179999999999993,14.230000000000008,15.659999999999993,1,0
2021-02-13,slp,"Cd. Valles, SLP",21.9833,-99.0167,5,0.82,22.11,8.75,14.999999999999993,15.050000000000008,16.459999999999994,0,0
2021-02-14,slp,"Cd. Valles, SLP",21.9833,-99.0167,5,0.79,22.37,7.69,12.929999999999993,15.840000000000007,15.989999999999993,0,0
2021-02-15,slp,"Cd. Valles, SLP",21.9833,-99.0167,5,0.61,16.83,5.2,2.2199999999999926,16.400000000000006,16.569999999999993,0,0
2021-02-16,slp,"Cd. Valles, SLP",21.9833,-99.0167,5,0.15,20.68,3.86,1.549999999999993,16.550000000000008,16.599999999999994,0,0
2021-02-17,slp,"Cd. Valles, SLP",21.9833,-99.0167,5,0.09,30.1,12.08,0.8499999999999929,16.640000000000008,16.689999999999994,0,0
2021-02-18,slp,"Cd. Valles, SLP",21.9833,-99.0167,5,0.42,22.86,8.55,0.6599999999999928,14.200000000000008,17.109999999999992,0,0
2021-02-19,slp,"Cd. Valles, SLP",21.9833,-99.0167,5,0.31,18.52,5.2,0.8199999999999928,3.190000000000007,17.419999999999995,0,0
2021-02-20,slp,"Cd. Valles, SLP",21.9833,-99.0167,5,0.0,22.19,7.14,0.7299999999999929,2.370000000000007,17.419999999999995,0,0
2021-02-21,slp,"Cd. Valles, SLP",21.9833,-99.0167,5,0.0,28.45,9.35,0.3099999999999929,1.5800000000000072,17.419999999999995,0,0
2021-02-22,slp,"Cd. Valles, SLP",21.9833,-99.0167,5,0.0,28.71,14.99,0.0,0.9700000000000071,17.369999999999994,0,0
2021-02-23,slp,"Cd. Valles, SLP",21.9833,-99.0167,5,0.01,29.59,16.39,0.009999999999992895,0.8300000000000071,17.379999999999992,0,0
2021-02-24,slp,"Cd. Valles, SLP",21.9833,-99.0167,5,0.0,32.59,17.27,0.009999999999992895,0.7400000000000071,17.379999999999992,0,0
2021-02-25,slp,"Cd. Valles, SLP",21.9833,-99.0167,5,0.0,32.53,18.19,0.009999999999992895,0.3200000000000071,14.519999999999992,0,0
2021-02-26,slp,"Cd. Valles, SLP",21.9833,-99.0167,5,0.0,34.08,19.31,0.0,0.010000000000007106,3.1999999999999926,0,0
2021-02-27,slp,"Cd. Valles, SLP",21.9833,-99.0167,5,0.0,34.46,20.89,0.0,0.010000000000007106,2.379999999999993,0,0
2021-02-28,slp,"Cd. Valles, SLP",21.9833,-99.0167,5,0.71,35.55,21.15,0.7099999999999929,0.7200000000000071,2.2999999999999927,0,0
2021-03-01,slp,"Cd. Valles, SLP",21.9833,-99.0167,5,1.38,36.22,18.99,2.0899999999999928,2.1000000000000068,3.0699999999999927,0,0
2021-03-02,slp,"Cd. Valles, SLP",21.9833,-99.0167,5,0.3,26.59,15.82,2.3899999999999926,2.3900000000000072,3.2199999999999926,0,0
2021-03-03,slp,"Cd. Valles, SLP",21.9833,-99.0167,5,0.0,29.12,14.44,1.6799999999999928,2.3900000000000072,3.129999999999993,0,0
2021-03-04,slp,"Cd. Valles, SLP",21.9833,-99.0167,5,0.51,31.4,15.68,0.809999999999993,2.9000000000000075,3.2199999999999926,0,0
2021-03-05,slp,"Cd. Valles, SLP",21.9833,-99.0167,5,0.0,33.65,16.77,0.5099999999999929,2.9000000000000075,2.909999999999993,0,0
2021-03-06,slp,"Cd. Valles, SLP",21.9833,-99.0167,5,0.01,30.07,17.15,0.5199999999999929,2.9100000000000072,2.919999999999993,0,0
2021-03-07,slp,"Cd. Valles, SLP",21.9833,-99.0167,5,1.18,28.53,16.26,1.1899999999999928,3.380000000000007,4.0999999999999925,0,0
2021-03-08,slp,"Cd. Valles, SLP",21.9833,-99.0167,5,0.48,28.11,16.68,1.6699999999999928,2.4800000000000075,4.579999999999993,0,0
2021-03-09,slp,"Cd. Valles, SLP",21.9833,-99.0167,5,0.04,30.44,16.99,1.6999999999999929,2.220000000000007,4.609999999999993,0,0
2021-03-10,slp,"Cd. Valles, SLP",21.9833,-99.0167,5,0.0,32.55,15.82,0.5199999999999929,2.220000000000007,4.609999999999993,0,0
2021-03-11,slp,"Cd. Valles, SLP",21.9833,-99.0167,5,2.69,33.34,16.67,2.729999999999993,4.400000000000007,7.299999999999994,0,0
2021-03-12,slp,"Cd. Valles, SLP",21.9833,-99.0167,5,5.43,32.63,20.08,8.119999999999992,9.830000000000005,12.729999999999993,1,0
2021-03-13,slp,"Cd. Valles, SLP",21.9833,-99.0167,5,0.01,33.3,20.65,8.129999999999992,9.830000000000007,12.739999999999993,0,0
2021-03-14,slp,"Cd. Valles, SLP",21.9833,-99.0167,5,0.05,36.12,20.71,5.489999999999992,8.700000000000006,12.079999999999993,0,0
2021-03-15,slp,"Cd. Valles, SLP",21.9833,-99.0167,5,0.04,35.78,21.39,0.0999999999999929,8.260000000000007,10.739999999999993,0,0
2021-03-16,slp,"Cd. Valles, SLP",21.9833,-99.0167,5,0.0,37.08,22.19,0.0899999999999929,8.220000000000008,10.439999999999992,0,0
2021-03-17,slp,"Cd. Valles, SLP",21.9833,-99.0167,5,0.0,39.95,20.82,0.039999999999992895,8.220000000000008,10.439999999999992,0,0
2021-03-18,slp,"Cd. Valles, SLP",21.9833,-99.0167,5,0.0,30.82,16.66,0.0,5.530000000000006,9.929999999999993,0,0
2021-03-19,slp,"Cd. Valles, SLP",21.9833,-99.0167,5,0.0,29.38,14.15,0.0,0.10000000000000622,9.929999999999993,0,0
2021-03-20,slp,"Cd. Valles, SLP",21.9833,-99.0167,5,0.05,28.76,15.33,0.0499999999999929,0.14000000000000623,9.969999999999994,0,0
2021-03-21,slp,"Cd. Valles, SLP",21.9833,-99.0167,5,0.05,30.96,16.63,0.0999999999999929,0.14000000000000623,8.839999999999993,0,0
2021-03-22,slp,"Cd. Valles, SLP",21.9833,-99.0167,5,0.0,36.55,17.09,0.0999999999999929,0.10000000000000622,8.359999999999992,0,0
2021-03-23,slp,"Cd. Valles, SLP",21.9833,-99.0167,5,0.0,40.53,18.84,0.0499999999999929,0.10000000000000622,8.319999999999993,0,0
2021-03-24,slp,"Cd. Valles, SLP",21.9833,-99.0167,5,0.0,43.39,19.85,0.0,0.10000000000000622,8.319999999999993,0,0
2021-03-25,slp,"Cd. Valles, SLP",21.9833,-99.0167,5,0.0,38.1,20.2,0.0,0.10000000000000622,5.629999999999993,0,0
2021-03-26,slp,"Cd. Valles, SLP",21.9833,-99.0167,5,0.0,37.21,18.69,0.0,0.10000000000000622,0.1999999999999929,0,0
2021-03-27,slp,"Cd. Valles, SLP",21.9833,-99.0167,5,0.0,38.92,20.24,0.0,0.05000000000000622,0.1899999999999929,0,0
2021-03-28,slp,"Cd. Valles, SLP",21.9833,-99.0167,5,8.9,35.81,17.4,8.899999999999993,8.900000000000006,9.039999999999994,1,0
2021-03-29,slp,"Cd. Valles, SLP",21.9833,-99.0167,5,1.84,27.33,16.55,10.739999999999993,10.740000000000007,10.839999999999995,0,0
2021-03-30,slp,"Cd. Valles, SLP",21.9833,-99.0167,5,0.0,34.91,18.73,10.739999999999993,10.740000000000007,10.839999999999995,0,0
2021-03-31,slp,"Cd. Valles, SLP",21.9833,-99.0167,5,0.88,34.66,20.63,2.719999999999993,11.620000000000008,11.719999999999995,0,0
2021-04-01,slp,"Cd. Valles, SLP",21.9833,-99.0167,5,14.53,24.88,15.99,15.409999999999993,26.150000000000006,26.249999999999993,1,0
2021-04-02,slp,"Cd. Valles, SLP",21.9833,-99.0167,5,2.79,26.76,14.97,18.199999999999992,28.94000000000001,29.039999999999996,0,0
2021-04-03,slp,"Cd. Valles, SLP",21.9833,-99.0167,5,0.15,29.69,17.77,17.469999999999995,29.090000000000007,29.139999999999993,0,0
2021-04-04,slp,"Cd. Valles, SLP",21.9833,-99.0167,5,0.0,30.61,16.89,2.939999999999993,20.190000000000005,29.089999999999993,0,0
2021-04-05,slp,"Cd. Valles, SLP",21.9833,-99.0167,5,0.0,31.61,17.36,0.1499999999999929,18.350000000000005,29.089999999999993,0,0
2021-04-06,slp,"Cd. Valles, SLP",21.9833,-99.0167,5,0.0,34.13,20.37,0.0,18.350000000000005,29.089999999999993,0,0
2021-04-07,slp,"Cd. Valles, SLP",21.9833,-99.0167,5,0.0,41.56,20.71,0.0,17.470000000000006,29.089999999999993,0,0
2021-04-08,slp,"Cd. Valles, SLP",21.9833,-99.0167,5,0.0,39.12,23.04,0.0,2.940000000000007,29.089999999999993,0,0
2021-04-09,slp,"Cd. Valles, SLP",21.9833,-99.0167,5,0.0,43.52,23.22,0.0,0.1500000000000071,29.089999999999993,0,0
2021-04-10,slp,"Cd. Valles, SLP",21.9833,-99.0167,5,0.0,42.86,24.26,0.0,0.0,29.089999999999993,0,0
2021-04-11,slp,"Cd. Valles, SLP",21.9833,-99.0167,5,0.0,38.93,23.82,0.0,0.0,20.18999999999999,0,0
2021-04-12,slp,"Cd. Valles, SLP",21.9833,-99.0167,5,0.0,38.24,22.68,0.0,0.0,18.34999999999999,0,0
2021-04-13,slp,"Cd. Valles, SLP",21.9833,-99.0167,5,0.01,39.5,23.22,0.009999999999992895,0.010000000000007106,18.359999999999992,0,0
2021-04-14,slp,"Cd. Valles, SLP",21.9833,-99.0167,5,0.02,39.05,24.42,0.029999999999992893,0.030000000000007104,17.499999999999993,0,0
2021-04-15,slp,"Cd. Valles, SLP",21.9833,-99.0167,5,0.0,39.63,24.72,0.029999999999992897,0.030000000000007108,2.969999999999993,0,0
2021-04-16,slp,"Cd. Valles, SLP",21.9833,-99.0167,5,0.0,41.2,25.2,0.0199999999999929,0.030000000000007108,0.1799999999999929,0,0
2021-04-17,slp,"Cd. Valles, SLP",21.9833,-99.0167,5,0.89,37.19,22.44,0.8899999999999929,0.9200000000000071,0.9199999999999929,0,0
2021-04-18,slp,"Cd. Valles, SLP",21.9833,-99.0167,5,0.74,31.94,19.34,1.6299999999999928,1.6600000000000072,1.659999999999993,0,0
2021-04-19,slp,"Cd. Valles, SLP",21.9833,-99.0167,5,0.28,32.76,17.44,1.909999999999993,1.940000000000007,1.9399999999999928,0,0
2021-04-20,slp,"Cd. Valles, SLP",21.9833,-99.0167,5,0.3,34.93,19.43,1.3199999999999927,2.230000000000007,2.239999999999993,0,0
2021-04-21,slp,"Cd. Valles, SLP",21.9833,-99.0167,5,0.39,30.77,21.81,0.9699999999999929,2.600000000000007,2.629999999999993,0,0
2021-04-22,slp,"Cd. Valles, SLP",21.9833,-99.0167,5,0.03,35.63,21.14,0.7199999999999929,2.630000000000007,2.659999999999993,0,0
2021-04-23,slp,"Cd. Valles, SLP",21.9833,-99.0167,5,0.0,37.79,23.21,0.41999999999999293,2.630000000000007,2.659999999999993,0,0
2021-04-24,slp,"Cd. Valles, SLP",21.9833,-99.0167,5,0.0,40.77,23.35,0.029999999999992893,1.740000000000007,2.659999999999993,0,0
2021-04-25,slp,"Cd. Valles, SLP",21.9833,-99.0167,5,0.0,37.52,22.75,0.0,1.000000000000007,2.659999999999993,0,0
2021-04-26,slp,"Cd. Valles, SLP",21.9833,-99.0167,5,0.01,38.16,22.95,0.009999999999992895,0.7300000000000071,2.669999999999993,0,0
2021-04-27,slp,"Cd. Valles, SLP",21.9833,-99.0167,5,0.0,38.59,23.49,0.009999999999992895,0.4300000000000071,2.659999999999993,0,0
2021-04-28,slp,"Cd. Valles, SLP",21.9833,-99.0167,5,0.0,42.65,24.65,0.009999999999992895,0.040000000000007106,2.639999999999993,0,0
2021-04-29,slp,"Cd. Valles, SLP",21.9833,-99.0167,5,2.65,41.77,25.6,2.649999999999993,2.660000000000007,5.289999999999993,0,0
2021-04-30,slp,"Cd. Valles, SLP",21.9833,-99.0167,5,3.78,34.48,24.54,6.429999999999993,6.440000000000007,9.069999999999993,0,0
2021-05-01,slp,"Cd. Valles, SLP",21.9833,-99.0167,5,0.83,34.7,23.75,7.259999999999993,7.270000000000007,9.009999999999993,0,0
2021-05-02,slp,"Cd. Valles, SLP",21.9833,-99.0167,5,0.01,42.19,24.47,4.619999999999992,7.2800000000000065,8.279999999999992,0,0
2021-05-03,slp,"Cd. Valles, SLP",21.9833,-99.0167,5,0.0,45.46,24.56,0.8399999999999929,7.270000000000007,7.999999999999993,0,0
2021-05-04,slp,"Cd. Valles, SLP",21.9833,-99.0167,5,0.13,44.61,23.03,0.1399999999999929,7.400000000000007,7.829999999999993,0,0
2021-05-05,slp,"Cd. Valles, SLP",21.9833,-99.0167,5,1.82,35.43,26.39,1.949999999999993,9.220000000000006,9.259999999999993,0,0
2021-05-06,slp,"Cd. Valles, SLP",21.9833,-99.0167,5,1.68,36.52,24.96,3.629999999999993,8.250000000000007,10.909999999999993,0,0
2021-05-07,slp,"Cd. Valles, SLP",21.9833,-99.0167,5,1.64,35.15,23.87,5.139999999999993,6.1100000000000065,12.549999999999994,0,0
2021-05-08,slp,"Cd. Valles, SLP",21.9833,-99.0167,5,0.06,37.36,23.18,3.3799999999999923,5.340000000000007,12.609999999999992,0,0
2021-05-09,slp,"Cd. Valles, SLP",21.9833,-99.0167,5,0.02,39.56,23.96,1.7199999999999926,5.350000000000007,12.629999999999992,0,0
2021-05-10,slp,"Cd. Valles, SLP",21.9833,-99.0167,5,3.71,37.92,25.93,3.789999999999993,9.060000000000008,16.32999999999999,0,0
2021-05-11,slp,"Cd. Valles, SLP",21.9833,-99.0167,5,2.58,34.04,25.07,6.309999999999993,11.510000000000007,18.909999999999993,0,0
2021-05-12,slp,"Cd. Valles, SLP",21.9833,-99.0167,5,13.38,29.17,23.47,19.669999999999995,23.070000000000007,32.28999999999999,1,0
2021-05-13,slp,"Cd. Valles, SLP",21.9833,-99.0167,5,8.69,32.28,22.15,24.64999999999999,30.08000000000001,38.33,2,0
2021-05-14,slp,"Cd. Valles, SLP",21.9833,-99.0167,5,1.38,32.84,21.53,23.449999999999996,29.820000000000007,35.92999999999999,0,0
2021-05-15,slp,"Cd. Valles, SLP",21.9833,-99.0167,5,1.32,35.31,22.83,11.389999999999992,31.08000000000001,36.419999999999995,0,0
2021-05-16,slp,"Cd. Valles, SLP",21.9833,-99.0167,5,3.37,35.81,24.06,6.069999999999993,34.43000000000001,39.77999999999999,0,0
2021-05-17,slp,"Cd. Valles, SLP",21.9833,-99.0167,5,0.09,38.93,23.46,4.779999999999993,30.81000000000001,39.86999999999999,0,0
2021-05-18,slp,"Cd. Valles, SLP",21.9833,-99.0167,5,0.05,39.08,25.23,3.509999999999993,28.28000000000001,39.78999999999999,0,0
2021-05-19,slp,"Cd. Valles, SLP",21.9833,-99.0167,5,10.2,39.49,25.01,10.339999999999993,25.10000000000001,48.169999999999995,1,0
2021-05-20,slp,"Cd. Valles, SLP",21.9833,-99.0167,5,13.09,33.46,23.72,23.339999999999993,29.500000000000007,59.58,2,0
2021-05-21,slp,"Cd. Valles, SLP",21.9833,-99.0167,5,0.02,35.79,22.67,23.30999999999999,28.140000000000008,57.959999999999994,0,0
2021-05-22,slp,"Cd. Valles, SLP",21.9833,-99.0167,5,1.29,35.44,23.39,14.399999999999993,28.110000000000007,59.18999999999999,0,0
2021-05-23,slp,"Cd. Valles, SLP",21.9833,-99.0167,5,1.09,35.02,23.54,2.3999999999999932,25.83000000000001,60.26,0,0
2021-05-24,slp,"Cd. Valles, SLP",21.9833,-99.0167,5,0.5,35.21,24.09,2.879999999999993,26.240000000000006,57.05,0,0
2021-05-25,slp,"Cd. Valles, SLP",21.9833,-99.0167,5,0.51,37.14,24.45,2.099999999999993,26.70000000000001,54.98,0,0
2021-05-26,slp,"Cd. Valles, SLP",21.9833,-99.0167,5,0.04,37.42,24.54,1.049999999999993,16.540000000000006,41.63999999999999,0,0
2021-05-27,slp,"Cd. Valles, SLP",21.9833,-99.0167,5,0.13,36.79,24.58,0.6799999999999929,3.580000000000007,33.07999999999999,0,0
2021-05-28,slp,"Cd. Valles, SLP",21.9833,-99.0167,5,0.09,37.67,24.71,0.2599999999999929,3.6500000000000075,31.789999999999996,0,0
2021-05-29,slp,"Cd. Valles, SLP",21.9833,-99.0167,5,1.73,36.34,25.16,1.9499999999999929,4.090000000000007,32.199999999999996,0,0
2021-05-30,slp,"Cd. Valles, SLP",21.9833,-99.0167,5,4.45,35.21,24.59,6.2699999999999925,7.450000000000007,33.279999999999994,0,0
2021-05-31,slp,"Cd. Valles, SLP",21.9833,-99.0167,5,1.35,35.82,24.8,7.529999999999994,8.300000000000008,34.53999999999999,0,0
2021-06-01,slp,"Cd. Valles, SLP",21.9833,-99.0167,5,4.22,34.02,24.82,10.019999999999992,12.010000000000007,38.709999999999994,0,0
2021-06-02,slp,"Cd. Valles, SLP",21.9833,-99.0167,5,4.91,33.03,23.82,10.479999999999993,16.880000000000006,33.419999999999995,0,0
2021-06-03,slp,"Cd. Valles, SLP",21.9833,-99.0167,5,11.95,32.24,23.91,21.07999999999999,28.700000000000006,32.279999999999994,1,0
2021-06-04,slp,"Cd. Valles, SLP",21.9833,-99.0167,5,10.05,31.56,23.09,26.909999999999997,38.66000000000001,42.30999999999999,2,0
2021-06-05,slp,"Cd. Valles, SLP",21.9833,-99.0167,5,0.19,37.64,22.99,22.18999999999999,37.120000000000005,41.209999999999994,0,0
2021-06-06,slp,"Cd. Valles, SLP",21.9833,-99.0167,5,0.03,39.7,23.76,10.269999999999994,32.70000000000001,40.14999999999999,0,0
2021-06-07,slp,"Cd. Valles, SLP",21.9833,-99.0167,5,0.0,40.49,24.97,0.2199999999999929,31.350000000000005,39.64999999999999,0,0
2021-06-08,slp,"Cd. Valles, SLP",21.9833,-99.0167,5,0.02,38.62,26.14,0.0499999999999929,27.150000000000006,39.15999999999999,0,0
2021-06-09,slp,"Cd. Valles, SLP",21.9833,-99.0167,5,0.04,36.92,25.96,0.05999999999999289,22.28000000000001,39.15999999999999,0,0
2021-06-10,slp,"Cd. Valles, SLP",21.9833,-99.0167,5,2.48,33.64,23.99,2.539999999999993,12.810000000000008,41.50999999999999,0,0
2021-06-11,slp,"Cd. Valles, SLP",21.9833,-99.0167,5,0.23,34.49,22.97,2.749999999999993,2.990000000000007,41.64999999999999,0,0
2021-06-12,slp,"Cd. Valles, SLP",21.9833,-99.0167,5,8.7,33.72,23.12,11.409999999999993,11.500000000000007,48.61999999999999,1,0
2021-06-13,slp,"Cd. Valles, SLP",21.9833,-99.0167,5,24.26,31.64,23.69,33.19,35.73000000000001,68.42999999999999,2,1
2021-06-14,slp,"Cd. Valles, SLP",21.9833,-99.0167,5,6.51,33.09,23.54,39.47,42.24000000000001,73.59,3,0
2021-06-15,slp,"Cd. Valles, SLP",21.9833,-99.0167,5,2.65,35.47,23.34,33.419999999999995,44.870000000000005,72.02,0,0
2021-06-16,slp,"Cd. Valles, SLP",21.9833,-99.0167,5,5.08,35.14,23.23,14.239999999999993,49.910000000000004,72.18999999999998,1,0
2021-06-17,slp,"Cd. Valles, SLP",21.9833,-99.0167,5,21.58,32.38,23.17,29.30999999999999,69.01,81.82,2,1
2021-06-18,slp,"Cd. Valles, SLP",21.9833,-99.0167,5,4.82,32.49,23.38,31.479999999999993,73.6,76.59,0,0
2021-06-19,slp,"Cd. Valles, SLP",21.9833,-99.0167,5,0.66,33.56,23.76,27.05999999999999,65.56,77.06,0,0
2021-06-20,slp,"Cd. Valles, SLP",21.9833,-99.0167,5,0.02,33.69,25.13,5.499999999999993,41.32,77.05,0,0
2021-06-21,slp,"Cd. Valles, SLP",21.9833,-99.0167,5,0.25,34.59,25.98,0.9299999999999929,35.06,77.3,0,0
2021-06-22,slp,"Cd. Valles, SLP",21.9833,-99.0167,5,20.11,34.1,26.03,20.379999999999992,52.52,97.39,1,1
2021-06-23,slp,"Cd. Valles, SLP",21.9833,-99.0167,5,7.52,30.92,25.05,27.879999999999992,54.959999999999994,104.86999999999999,2,0
2021-06-24,slp,"Cd. Valles, SLP",21.9833,-99.0167,5,1.96,30.13,24.68,29.589999999999993,35.339999999999996,104.35,0,0
2021-06-25,slp,"Cd. Valles, SLP",21.9833,-99.0167,5,0.58,31.75,23.87,10.059999999999992,31.099999999999998,104.7,0,0
2021-06-26,slp,"Cd. Valles, SLP",21.9833,-99.0167,5,0.54,32.86,22.8,3.079999999999993,30.979999999999997,96.53999999999999,0,0
2021-06-27,slp,"Cd. Valles, SLP",21.9833,-99.0167,5,6.82,27.91,23.74,7.939999999999993,37.78,79.1,1,0
2021-06-28,slp,"Cd. Valles, SLP",21.9833,-99.0167,5,6.59,29.82,23.0,13.949999999999992,44.12,79.17999999999999,2,0
2021-06-29,slp,"Cd. Valles, SLP",21.9833,-99.0167,5,13.03,30.84,23.08,26.439999999999994,37.04,89.56,3,0
2021-06-30,slp,"Cd. Valles, SLP",21.9833,-99.0167,5,17.16,30.18,23.38,36.779999999999994,46.68,101.64,4,0
2021-07-01,slp,"Cd. Valles, SLP",21.9833,-99.0167,5,10.39,31.48,23.06,40.58,55.11,90.45,5,0
2021-07-02,slp,"Cd. Valles, SLP",21.9833,-99.0167,5,5.42,30.25,23.49,32.96999999999999,59.95,91.05,6,0
2021-07-03,slp,"Cd. Valles, SLP",21.9833,-99.0167,5,0.3,30.49,24.92,16.109999999999992,59.71,90.69,0,0
2021-07-04,slp,"Cd. Valles, SLP",21.9833,-99.0167,5,0.05,32.0,24.31,5.7699999999999925,52.940000000000005,90.71999999999998,0,0
2021-07-05,slp,"Cd. Valles, SLP",21.9833,-99.0167,5,0.41,31.47,23.74,0.7599999999999929,46.76,90.87999999999998,0,0
2021-07-06,slp,"Cd. Valles, SLP",21.9833,-99.0167,5,10.91,29.1,24.7,11.369999999999994,44.64,81.67999999999998,1,0
2021-07-07,slp,"Cd. Valles, SLP",21.9833,-99.0167,5,18.43,28.51,25.26,29.749999999999993,45.91,92.58999999999999,2,0
2021-07-08,slp,"Cd. Valles, SLP",21.9833,-99.0167,5,4.94,28.8,25.7,34.279999999999994,40.46,95.57,0,0
2021-07-09,slp,"Cd. Valles, SLP",21.9833,-99.0167,5,7.45,29.41,24.99,30.819999999999993,42.489999999999995,102.44,1,0
2021-07-10,slp,"Cd. Valles, SLP",21.9833,-99.0167,5,1.77,30.57,24.64,14.159999999999993,43.96,103.66999999999999,0,0
2021-07-11,slp,"Cd. Valles, SLP",21.9833,-99.0167,5,1.28,29.86,23.95,10.499999999999993,45.19,98.13,0,0
2021-07-12,slp,"Cd. Valles, SLP",21.9833,-99.0167,5,2.11,30.5,23.09,5.159999999999993,46.89,93.64999999999999,0,0
2021-07-13,slp,"Cd. Valles, SLP",21.9833,-99.0167,5,7.8,30.02,23.1,11.189999999999992,43.78,88.41999999999999,1,0
2021-07-14,slp,"Cd. Valles, SLP",21.9833,-99.0167,5,3.64,31.3,22.99,13.549999999999994,28.990000000000002,74.89999999999999,0,0
2021-07-15,slp,"Cd. Valles, SLP",21.9833,-99.0167,5,7.71,29.58,22.74,19.149999999999995,31.759999999999998,72.22,1,0
2021-07-16,slp,"Cd. Valles, SLP",21.9833,-99.0167,5,1.2,31.51,23.11,12.549999999999994,25.51,68.0,0,0
2021-07-17,slp,"Cd. Valles, SLP",21.9833,-99.0167,5,2.32,31.43,24.28,11.229999999999993,26.060000000000002,70.02,0,0
2021-07-18,slp,"Cd. Valles, SLP",21.9833,-99.0167,5,1.54,29.95,23.24,5.059999999999994,26.32,71.50999999999999,0,0
2021-07-19,slp,"Cd. Valles, SLP",21.9833,-99.0167,5,0.02,33.1,23.46,3.879999999999994,24.23,71.11999999999999,0,0
2021-07-20,slp,"Cd. Valles, SLP",21.9833,-99.0167,5,0.0,33.47,21.97,1.5599999999999947,16.43,60.209999999999994,0,0
2021-07-21,slp,"Cd. Valles, SLP",21.9833,-99.0167,5,0.33,32.26,23.68,0.3499999999999947,13.120000000000001,42.10999999999999,0,0
2021-07-22,slp,"Cd. Valles, SLP",21.9833,-99.0167,5,4.42,29.5,24.38,4.749999999999995,9.829999999999998,41.589999999999996,0,0
2021-07-23,slp,"Cd. Valles, SLP",21.9833,-99.0167,5,0.37,32.89,23.78,5.119999999999995,9.0,34.50999999999999,0,0
2021-07-24,slp,"Cd. Valles, SLP",21.9833,-99.0167,5,0.01,33.43,22.73,4.7999999999999945,6.6899999999999995,32.74999999999999,0,0
2021-07-25,slp,"Cd. Valles, SLP",21.9833,-99.0167,5,0.0,34.1,22.45,0.3799999999999947,5.1499999999999995,31.46999999999999,0,0
2021-07-26,slp,"Cd. Valles, SLP",21.9833,-99.0167,5,0.01,34.32,22.39,0.01999999999999467,5.14,29.369999999999994,0,0
2021-07-27,slp,"Cd. Valles, SLP",21.9833,-99.0167,5,0.02,34.21,22.88,0.02999999999999467,5.16,21.589999999999993,0,0
2021-07-28,slp,"Cd. Valles, SLP",21.9833,-99.0167,5,0.66,35.74,23.93,0.6899999999999947,5.49,18.609999999999992,0,0
2021-07-29,slp,"Cd. Valles, SLP",21.9833,-99.0167,5,2.57,33.22,24.4,3.2499999999999947,3.6399999999999997,13.469999999999992,0,0
2021-07-30,slp,"Cd. Valles, SLP",21.9833,-99.0167,5,6.94,30.96,24.45,10.169999999999995,10.21,19.209999999999994,1,0
2021-07-31,slp,"Cd. Valles, SLP",21.9833,-99.0167,5,1.25,31.89,24.29,10.759999999999994,11.45,18.139999999999993,0,0
2021-08-01,slp,"Cd. Valles, SLP",21.9833,-99.0167,5,0.01,34.01,23.33,8.199999999999996,11.46,16.609999999999992,0,0
2021-08-02,slp,"Cd. Valles, SLP",21.9833,-99.0167,5,0.06,35.36,23.23,1.3199999999999956,11.51,16.649999999999995,0,0
2021-08-03,slp,"Cd. Valles, SLP",21.9833,-99.0167,5,0.49,33.77,25.18,0.5599999999999956,11.98,17.139999999999993,0,0
2021-08-04,slp,"Cd. Valles, SLP",21.9833,-99.0167,5,3.11,32.59,24.41,3.6599999999999957,14.43,19.91999999999999,0,0
2021-08-05,slp,"Cd. Valles, SLP",21.9833,-99.0167,5,3.12,32.89,24.25,6.719999999999995,14.98,18.619999999999994,0,0
2021-08-06,slp,"Cd. Valles, SLP",21.9833,-99.0167,5,0.26,32.35,24.8,6.489999999999995,8.299999999999999,18.509999999999994,0,0
2021-08-07,slp,"Cd. Valles, SLP",21.9833,-99.0167,5,0.06,31.81,24.8,3.4399999999999955,7.11,18.55999999999999,0,0
2021-08-08,slp,"Cd. Valles, SLP",21.9833,-99.0167,5,0.79,33.42,24.58,1.1099999999999957,7.890000000000001,19.34999999999999,0,0
2021-08-09,slp,"Cd. Valles, SLP",21.9833,-99.0167,5,2.73,33.56,24.62,3.5799999999999956,10.559999999999999,22.069999999999993,0,0
2021-08-10,slp,"Cd. Valles, SLP",21.9833,-99.0167,5,2.38,34.1,24.36,5.899999999999995,12.45,24.429999999999993,0,0
2021-08-11,slp,"Cd. Valles, SLP",21.9833,-99.0167,5,1.28,33.03,24.31,6.389999999999995,10.62,25.049999999999994,0,0
2021-08-12,slp,"Cd. Valles, SLP",21.9833,-99.0167,5,1.78,33.64,23.35,5.439999999999996,9.28,24.259999999999994,0,0
2021-08-13,slp,"Cd. Valles, SLP",21.9833,-99.0167,5,0.24,35.54,22.33,3.2999999999999954,9.26,17.55999999999999,0,0
2021-08-14,slp,"Cd. Valles, SLP",21.9833,-99.0167,5,0.15,36.28,23.4,2.1699999999999955,9.35,16.45999999999999,0,0
2021-08-15,slp,"Cd. Valles, SLP",21.9833,-99.0167,5,0.3,36.81,23.79,0.6899999999999955,8.86,16.749999999999993,0,0
2021-08-16,slp,"Cd. Valles, SLP",21.9833,-99.0167,5,0.03,37.31,24.05,0.47999999999999554,6.16,16.71999999999999,0,0
2021-08-17,slp,"Cd. Valles, SLP",21.9833,-99.0167,5,0.01,36.46,24.91,0.3399999999999955,3.79,16.23999999999999,0,0
2021-08-18,slp,"Cd. Valles, SLP",21.9833,-99.0167,5,0.11,35.62,25.13,0.14999999999999555,2.6199999999999997,13.239999999999993,0,0
2021-08-19,slp,"Cd. Valles, SLP",21.9833,-99.0167,5,0.73,36.84,25.54,0.8499999999999955,1.5699999999999998,10.849999999999993,0,0
2021-08-20,slp,"Cd. Valles, SLP",21.9833,-99.0167,5,47.92,32.74,24.61,48.76,49.25,58.50999999999999,1,1
2021-08-21,slp,"Cd. Valles, SLP",21.9833,-99.0167,5,75.26,28.17,25.67,123.91,124.36000000000001,133.70999999999998,2,1
2021-08-22,slp,"Cd. Valles, SLP",21.9833,-99.0167,5,24.3,30.22,24.39,147.48000000000002,148.36,157.22,3,1
2021-08-23,slp,"Cd. Valles, SLP",21.9833,-99.0167,5,3.34,29.28,23.84,102.9,151.67000000000002,157.82999999999998,0,0
2021-08-24,slp,"Cd. Valles, SLP",21.9833,-99.0167,5,1.92,31.04,22.19,29.560000000000002,153.58,157.36999999999998,0,0
2021-08-25,slp,"Cd. Valles, SLP",21.9833,-99.0167,5,4.58,30.63,23.12,9.84,158.05,160.67,0,0
2021-08-26,slp,"Cd. Valles, SLP",21.9833,-99.0167,5,2.71,30.2,23.48,9.21,160.03,161.6,0,0
2021-08-27,slp,"Cd. Valles, SLP",21.9833,-99.0167,5,0.09,30.95,22.37,7.38,112.19999999999999,161.45000000000002,0,0
2021-08-28,slp,"Cd. Valles, SLP",21.9833,-99.0167,5,0.04,31.45,22.34,2.84,36.980000000000004,161.34,0,0
2021-08-29,slp,"Cd. Valles, SLP",21.9833,-99.0167,5,2.39,30.42,23.96,2.52,15.07,163.42999999999998,0,0
2021-08-30,slp,"Cd. Valles, SLP",21.9833,-99.0167,5,5.23,31.53,23.7,7.66,16.96,168.63,1,0
2021-08-31,slp,"Cd. Valles, SLP",21.9833,-99.0167,5,0.85,31.21,24.12,8.47,15.89,169.47,0,0
2021-09-01,slp,"Cd. Valles, SLP",21.9833,-99.0167,5,1.82,31.31,24.57,7.8999999999999995,13.13,171.17999999999998,0,0
2021-09-02,slp,"Cd. Valles, SLP",21.9833,-99.0167,5,4.3,30.8,24.18,6.969999999999999,14.720000000000002,174.75,0,0
2021-09-03,slp,"Cd. Valles, SLP",21.9833,-99.0167,5,2.99,31.1,23.05,9.11,17.62,129.82,0,0
2021-09-04,slp,"Cd. Valles, SLP",21.9833,-99.0167,5,3.13,31.56,23.8,10.419999999999998,20.71,57.68999999999998,0,0
2021-09-05,slp,"Cd. Valles, SLP",21.9833,-99.0167,5,2.16,32.52,23.89,8.28,20.48,35.54999999999999,0,0
2021-09-06,slp,"Cd. Valles, SLP",21.9833,-99.0167,5,0.75,32.96,23.42,6.039999999999999,16.0,32.95999999999999,0,0
2021-09-07,slp,"Cd. Valles, SLP",21.9833,-99.0167,5,0.25,33.88,23.81,3.1599999999999993,15.4,31.289999999999985,0,0
2021-09-08,slp,"Cd. Valles, SLP",21.9833,-99.0167,5,0.79,32.59,23.16,1.7899999999999991,14.370000000000001,27.499999999999986,0,0
2021-09-09,slp,"Cd. Valles, SLP",21.9833,-99.0167,5,2.28,32.9,23.45,3.319999999999999,12.35,27.069999999999986,0,0
2021-09-10,slp,"Cd. Valles, SLP",21.9833,-99.0167,5,1.44,32.55,22.87,4.509999999999999,10.799999999999999,28.419999999999987,0,0
2021-09-11,slp,"Cd. Valles, SLP",21.9833,-99.0167,5,15.03,31.05,23.05,18.75,22.7,43.40999999999998,1,0
2021-09-12,slp,"Cd. Valles, SLP",21.9833,-99.0167,5,4.84,32.44,23.26,21.309999999999995,25.38,45.859999999999985,0,0
2021-09-13,slp,"Cd. Valles, SLP",21.9833,-99.0167,5,0.78,31.95,24.12,20.65,25.41,41.40999999999998,0,0
2021-09-14,slp,"Cd. Valles, SLP",21.9833,-99.0167,5,1.31,31.53,23.74,6.929999999999998,26.47,41.86999999999999,0,0
2021-09-15,slp,"Cd. Valles, SLP",21.9833,-99.0167,5,1.29,31.66,24.84,3.379999999999998,26.97,41.33999999999999,0,0
2021-09-16,slp,"Cd. Valles, SLP",21.9833,-99.0167,5,2.65,30.27,25.32,5.249999999999998,27.34,39.68999999999998,0,0
2021-09-17,slp,"Cd. Valles, SLP",21.9833,-99.0167,5,14.85,31.55,24.37,18.79,40.75,51.54999999999998,1,0
2021-09-18,slp,"Cd. Valles, SLP",21.9833,-99.0167,5,10.93,32.27,22.93,28.43,36.65,59.34999999999998,2,0
2021-09-19,slp,"Cd. Valles, SLP",21.9833,-99.0167,5,6.74,32.47,22.74,32.519999999999996,38.55,63.929999999999986,3,0
2021-09-20,slp,"Cd. Valles, SLP",21.9833,-99.0167,5,0.34,31.58,23.36,18.009999999999998,38.11,63.51999999999998,0,0
2021-09-21,slp,"Cd. Valles, SLP",21.9833,-99.0167,5,0.51,30.62,24.04,7.589999999999998,37.309999999999995,63.77999999999998,0,0
2021-09-22,slp,"Cd. Valles, SLP",21.9833,-99.0167,5,3.35,29.22,21.7,4.199999999999998,39.37,66.33999999999997,0,0
2021-09-23,slp,"Cd. Valles, SLP",21.9833,-99.0167,5,3.37,29.67,19.6,7.229999999999999,40.089999999999996,67.42999999999998,0,0
2021-09-24,slp,"Cd. Valles, SLP",21.9833,-99.0167,5,0.0,31.13,19.94,6.719999999999999,25.240000000000002,65.98999999999998,0,0
2021-09-25,slp,"Cd. Valles, SLP",21.9833,-99.0167,5,0.0,30.75,21.02,3.3699999999999983,14.31,50.95999999999998,0,0
2021-09-26,slp,"Cd. Valles, SLP",21.9833,-99.0167,5,0.0,31.89,20.91,0.0,7.57,46.11999999999998,0,0
2021-09-27,slp,"Cd. Valles, SLP",21.9833,-99.0167,5,0.0,32.91,20.86,0.0,7.23,45.33999999999998,0,0
2021-09-28,slp,"Cd. Valles, SLP",21.9833,-99.0167,5,0.04,32.94,22.19,0.039999999999998224,6.760000000000001,44.06999999999998,0,0
2021-09-29,slp,"Cd. Valles, SLP",21.9833,-99.0167,5,7.92,31.88,24.42,7.959999999999998,11.33,50.69999999999998,1,0
2021-09-30,slp,"Cd. Valles, SLP",21.9833,-99.0167,5,17.27,29.51,24.86,25.229999999999997,25.23,65.31999999999998,2,0
2021-10-01,slp,"Cd. Valles, SLP",21.9833,-99.0167,5,36.89,30.22,24.25,62.08,62.120000000000005,87.35999999999999,3,1
2021-10-02,slp,"Cd. Valles, SLP",21.9833,-99.0167,5,13.81,28.49,23.67,67.97,75.93,90.23999999999998,4,0
2021-10-03,slp,"Cd. Valles, SLP",21.9833,-99.0167,5,7.32,29.32,22.27,58.02,83.25,90.81999999999998,5,0
2021-10-04,slp,"Cd. Valles, SLP",21.9833,-99.0167,5,14.4,29.44,22.46,35.53,97.65,104.87999999999998,6,0
2021-10-05,slp,"Cd. Valles, SLP",21.9833,-99.0167,5,12.28,29.15,22.45,34.0,109.89,116.64999999999998,7,0
2021-10-06,slp,"Cd. Valles, SLP",21.9833,-99.0167,5,0.14,29.17,20.22,26.819999999999997,102.11000000000001,113.43999999999998,0,0
2021-10-07,slp,"Cd. Valles, SLP",21.9833,-99.0167,5,0.01,29.32,19.72,12.43,84.85,110.07999999999997,0,0
2021-10-08,slp,"Cd. Valles, SLP",21.9833,-99.0167,5,0.01,30.03,19.84,0.16,47.97,110.08999999999997,0,0
2021-10-09,slp,"Cd. Valles, SLP",21.9833,-99.0167,5,0.02,31.43,21.83,0.04,34.18,110.10999999999997,0,0
2021-10-10,slp,"Cd. Valles, SLP",21.9833,-99.0167,5,0.0,32.33,22.01,0.03,26.86,110.10999999999997,0,0
2021-10-11,slp,"Cd. Valles, SLP",21.9833,-99.0167,5,0.02,33.0,22.84,0.04,12.479999999999999,110.12999999999998,0,0
2021-10-12,slp,"Cd. Valles, SLP",21.9833,-99.0167,5,0.06,32.32,23.69,0.08,0.26,110.14999999999999,0,0
2021-10-13,slp,"Cd. Valles, SLP",21.9833,-99.0167,5,0.03,31.81,25.02,0.11,0.15,102.25999999999998,0,0
2021-10-14,slp,"Cd. Valles, SLP",21.9833,-99.0167,5,0.07,32.11,25.22,0.16,0.21,85.05999999999999,0,0
2021-10-15,slp,"Cd. Valles, SLP",21.9833,-99.0167,5,2.03,32.53,23.83,2.13,2.23,50.19999999999999,0,0
2021-10-16,slp,"Cd. Valles, SLP",21.9833,-99.0167,5,9.54,28.67,18.58,11.639999999999999,11.75,45.92999999999998,1,0
2021-10-17,slp,"Cd. Valles, SLP",21.9833,-99.0167,5,0.94,26.98,17.31,12.509999999999998,12.69,39.54999999999998,0,0
2021-10-18,slp,"Cd. Valles, SLP",21.9833,-99.0167,5,0.0,28.67,16.94,10.479999999999999,12.67,25.149999999999984,0,0
2021-10-19,slp,"Cd. Valles, SLP",21.9833,-99.0167,5,0.0,29.44,17.53,0.94,12.61,12.869999999999983,0,0
2021-10-20,slp,"Cd. Valles, SLP",21.9833,-99.0167,5,0.42,31.53,19.31,0.42,13.0,13.149999999999983,0,0
2021-10-21,slp,"Cd. Valles, SLP",21.9833,-99.0167,5,2.01,30.16,22.46,2.4299999999999997,14.94,15.149999999999983,0,0
2021-10-22,slp,"Cd. Valles, SLP",21.9833,-99.0167,5,4.49,31.13,21.76,6.92,17.4,19.62999999999998,0,0
2021-10-23,slp,"Cd. Valles, SLP",21.9833,-99.0167,5,0.67,30.58,21.3,7.17,8.530000000000001,20.279999999999983,0,0
2021-10-24,slp,"Cd. Valles, SLP",21.9833,-99.0167,5,0.0,32.88,20.69,5.16,7.590000000000002,20.279999999999983,0,0
2021-10-25,slp,"Cd. Valles, SLP",21.9833,-99.0167,5,0.37,31.01,23.05,1.04,7.960000000000002,20.629999999999985,0,0
2021-10-26,slp,"Cd. Valles, SLP",21.9833,-99.0167,5,0.03,34.14,23.37,0.4,7.990000000000001,20.59999999999998,0,0
2021-10-27,slp,"Cd. Valles, SLP",21.9833,-99.0167,5,0.0,38.24,23.35,0.4,7.570000000000001,20.569999999999983,0,0
2021-10-28,slp,"Cd. Valles, SLP",21.9833,-99.0167,5,0.34,31.53,19.83,0.37,5.900000000000002,20.839999999999982,0,0
2021-10-29,slp,"Cd. Valles, SLP",21.9833,-99.0167,5,0.01,30.65,16.71,0.35,1.4200000000000017,18.819999999999983,0,0
2021-10-30,slp,"Cd. Valles, SLP",21.9833,-99.0167,5,0.0,31.3,15.94,0.35,0.7500000000000018,9.279999999999983,0,0
2021-10-31,slp,"Cd. Valles, SLP",21.9833,-99.0167,5,0.0,30.09,17.5,0.01,0.7500000000000018,8.339999999999984,0,0
2021-11-01,slp,"Cd. Valles, SLP",21.9833,-99.0167,5,0.0,31.36,21.36,0.0,0.3800000000000018,8.339999999999984,0,0
2021-11-02,slp,"Cd. Valles, SLP",21.9833,-99.0167,5,0.0,30.38,19.55,0.0,0.35000000000000175,8.339999999999984,0,0
2021-11-03,slp,"Cd. Valles, SLP",21.9833,-99.0167,5,0.0,28.63,18.59,0.0,0.35000000000000175,7.919999999999983,0,0
2021-11-04,slp,"Cd. Valles, SLP",21.9833,-99.0167,5,0.54,28.74,16.96,0.54,0.5500000000000018,6.449999999999984,0,0
2021-11-05,slp,"Cd. Valles, SLP",21.9833,-99.0167,5,0.01,26.73,14.84,0.55,0.5500000000000018,1.969999999999984,0,0
2021-11-06,slp,"Cd. Valles, SLP",21.9833,-99.0167,5,0.0,28.54,15.43,0.55,0.5500000000000018,1.2999999999999838,0,0
2021-11-07,slp,"Cd. Valles, SLP",21.9833,-99.0167,5,0.0,29.43,16.94,0.01,0.5500000000000018,1.2999999999999838,0,0
2021-11-08,slp,"Cd. Valles, SLP",21.9833,-99.0167,5,0.01,29.27,17.55,0.01,0.5600000000000018,0.9399999999999841,0,0
2021-11-09,slp,"Cd. Valles, SLP",21.9833,-99.0167,5,0.0,29.63,17.2,0.01,0.5600000000000018,0.909999999999984,0,0
2021-11-10,slp,"Cd. Valles, SLP",21.9833,-99.0167,5,0.0,27.87,16.91,0.01,0.5600000000000018,0.909999999999984,0,0
2021-11-11,slp,"Cd. Valles, SLP",21.9833,-99.0167,5,0.01,31.12,17.0,0.01,0.030000000000001775,0.5799999999999841,0,0
2021-11-12,slp,"Cd. Valles, SLP",21.9833,-99.0167,5,0.05,30.58,19.51,0.060000000000000005,0.07000000000000178,0.619999999999984,0,0
2021-11-13,slp,"Cd. Valles, SLP",21.9833,-99.0167,5,9.77,27.35,18.84,9.83,9.840000000000002,10.389999999999983,1,0
2021-11-14,slp,"Cd. Valles, SLP",21.9833,-99.0167,5,1.32,29.94,18.32,11.14,11.160000000000002,11.709999999999983,0,0
2021-11-15,slp,"Cd. Valles, SLP",21.9833,-99.0167,5,0.0,30.15,17.15,11.09,11.150000000000002,11.709999999999983,0,0
2021-11-16,slp,"Cd. Valles, SLP",21.9833,-99.0167,5,0.0,28.74,15.17,1.32,11.150000000000002,11.709999999999983,0,0
2021-11-17,slp,"Cd. Valles, SLP",21.9833,-99.0167,5,0.0,29.82,15.49,0.0,11.150000000000002,11.709999999999983,0,0
2021-11-18,slp,"Cd. Valles, SLP",21.9833,-99.0167,5,9.47,29.04,16.88,9.47,20.610000000000003,20.639999999999986,1,0
2021-11-19,slp,"Cd. Valles, SLP",21.9833,-99.0167,5,2.77,24.87,15.21,12.24,23.330000000000002,23.399999999999984,0,0
2021-11-20,slp,"Cd. Valles, SLP",21.9833,-99.0167,5,0.03,29.13,16.96,12.270000000000001,13.590000000000003,23.429999999999982,0,0
2021-11-21,slp,"Cd. Valles, SLP",21.9833,-99.0167,5,0.03,31.35,18.58,2.83,12.300000000000002,23.459999999999983,0,0
2021-11-22,slp,"Cd. Valles, SLP",21.9833,-99.0167,5,1.35,29.05,18.14,1.4100000000000001,13.650000000000002,24.799999999999986,0,0
2021-11-23,slp,"Cd. Valles, SLP",21.9833,-99.0167,5,0.07,28.02,16.67,1.4500000000000002,13.720000000000002,24.869999999999987,0,0
2021-11-24,slp,"Cd. Valles, SLP",21.9833,-99.0167,5,0.01,30.19,17.32,1.4300000000000002,13.730000000000002,24.879999999999985,0,0
2021-11-25,slp,"Cd. Valles, SLP",21.9833,-99.0167,5,3.12,30.07,19.85,3.2,7.380000000000003,27.989999999999984,0,0
2021-11-26,slp,"Cd. Valles, SLP",21.9833,-99.0167,5,5.11,21.74,15.18,8.24,9.720000000000002,33.04999999999998,1,0
2021-11-27,slp,"Cd. Valles, SLP",21.9833,-99.0167,5,0.02,26.82,14.65,8.250000000000002,9.71,23.299999999999986,0,0
2021-11-28,slp,"Cd. Valles, SLP",21.9833,-99.0167,5,0.04,26.13,16.76,5.17,9.720000000000002,22.019999999999985,0,0
2021-11-29,slp,"Cd. Valles, SLP",21.9833,-99.0167,5,0.0,26.48,15.98,0.060000000000000886,8.370000000000003,22.019999999999985,0,0
2021-11-30,slp,"Cd. Valles, SLP",21.9833,-99.0167,5,0.0,27.26,14.92,0.04000000000000088,8.300000000000002,22.019999999999985,0,0
2021-12-01,slp,"Cd. Valles, SLP",21.9833,-99.0167,5,0.0,28.55,16.04,0.0,8.290000000000003,22.019999999999985,0,0
2021-12-02,slp,"Cd. Valles, SLP",21.9833,-99.0167,5,0.02,29.85,16.2,0.02000000000000089,5.190000000000001,12.569999999999984,0,0
2021-12-03,slp,"Cd. Valles, SLP",21.9833,-99.0167,5,0.0,29.61,16.34,0.02000000000000089,0.08000000000000178,9.799999999999985,0,0
2021-12-04,slp,"Cd. Valles, SLP",21.9833,-99.0167,5,0.0,30.89,16.78,0.02000000000000089,0.060000000000001774,9.769999999999984,0,0
2021-12-05,slp,"Cd. Valles, SLP",21.9833,-99.0167,5,0.0,30.17,18.35,0.0,0.020000000000001777,9.739999999999984,0,0
2021-12-06,slp,"Cd. Valles, SLP",21.9833,-99.0167,5,0.37,33.38,19.33,0.3700000000000009,0.3900000000000018,8.759999999999984,0,0
2021-12-07,slp,"Cd. Valles, SLP",21.9833,-99.0167,5,1.62,26.98,17.82,1.990000000000001,2.010000000000002,10.309999999999985,0,0
2021-12-08,slp,"Cd. Valles, SLP",21.9833,-99.0167,5,0.0,31.35,18.22,1.990000000000001,2.010000000000002,10.299999999999985,0,0
2021-12-09,slp,"Cd. Valles, SLP",21.9833,-99.0167,5,0.0,33.04,19.46,1.620000000000001,1.990000000000002,7.179999999999984,0,0
2021-12-10,slp,"Cd. Valles, SLP",21.9833,-99.0167,5,0.0,33.33,18.98,0.0,1.990000000000002,2.0699999999999843,0,0
2021-12-11,slp,"Cd. Valles, SLP",21.9833,-99.0167,5,0.33,31.8,17.13,0.3300000000000009,2.320000000000002,2.379999999999984,0,0
2021-12-12,slp,"Cd. Valles, SLP",21.9833,-99.0167,5,0.28,23.85,14.81,0.610000000000001,2.600000000000002,2.619999999999984,0,0
2021-12-13,slp,"Cd. Valles, SLP",21.9833,-99.0167,5,0.0,29.16,15.54,0.610000000000001,2.2300000000000018,2.619999999999984,0,0
2021-12-14,slp,"Cd. Valles, SLP",21.9833,-99.0167,5,0.0,29.4,17.28,0.2800000000000009,0.6100000000000019,2.619999999999984,0,0
2021-12-15,slp,"Cd. Valles, SLP",21.9833,-99.0167,5,0.0,30.17,17.84,0.0,0.6100000000000019,2.619999999999984,0,0
2021-12-16,slp,"Cd. Valles, SLP",21.9833,-99.0167,5,0.2,30.4,17.82,0.2000000000000009,0.8100000000000018,2.799999999999984,0,0
2021-12-17,slp,"Cd. Valles, SLP",21.9833,-99.0167,5,0.22,30.66,18.79,0.42000000000000093,1.0300000000000018,3.019999999999984,0,0
2021-12-18,slp,"Cd. Valles, SLP",21.9833,-99.0167,5,0.13,32.3,19.43,0.5500000000000009,0.8300000000000017,3.149999999999984,0,0
2021-12-19,slp,"Cd. Valles, SLP",21.9833,-99.0167,5,4.3,22.61,13.39,4.65,4.850000000000001,7.449999999999983,0,0
2021-12-20,slp,"Cd. Valles, SLP",21.9833,-99.0167,5,0.0,24.13,12.33,4.430000000000001,4.850000000000001,7.079999999999984,0,0
2021-12-21,slp,"Cd. Valles, SLP",21.9833,-99.0167,5,0.0,27.12,14.29,4.300000000000001,4.850000000000001,5.459999999999984,0,0
2021-12-22,slp,"Cd. Valles, SLP",21.9833,-99.0167,5,0.0,27.81,13.52,0.0,4.850000000000001,5.459999999999984,0,0
2021-12-23,slp,"Cd. Valles, SLP",21.9833,-99.0167,5,0.0,28.07,14.9,0.0,4.650000000000001,5.459999999999984,0,0
2021-12-24,slp,"Cd. Valles, SLP",21.9833,-99.0167,5,0.0,29.53,15.18,0.0,4.4300000000000015,5.459999999999984,0,0
2021-12-25,slp,"Cd. Valles, SLP",21.9833,-99.0167,5,0.0,30.81,16.13,0.0,4.300000000000002,5.129999999999984,0,0
2021-12-26,slp,"Cd. Valles, SLP",21.9833,-99.0167,5,0.0,30.17,16.66,0.0,0.0,4.8499999999999845,0,0
2021-12-27,slp,"Cd. Valles, SLP",21.9833,-99.0167,5,0.0,31.78,16.58,0.0,0.0,4.8499999999999845,0,0
2021-12-28,slp,"Cd. Valles, SLP",21.9833,-99.0167,5,0.0,38.38,17.58,0.0,0.0,4.8499999999999845,0,0
2021-12-29,slp,"Cd. Valles, SLP",21.9833,-99.0167,5,0.01,38.86,18.22,0.010000000000000888,0.010000000000001777,4.859999999999984,0,0
2021-12-30,slp,"Cd. Valles, SLP",21.9833,-99.0167,5,0.02,33.77,18.21,0.030000000000000887,0.030000000000001775,4.679999999999985,0,0
2021-12-31,slp,"Cd. Valles, SLP",21.9833,-99.0167,5,0.01,33.62,18.93,0.04000000000000089,0.04000000000000178,4.469999999999984,0,0
2022-01-01,slp,"Cd. Valles, SLP",21.9833,-99.0167,5,0.0,40.65,17.67,0.030000000000000887,0.04000000000000178,4.339999999999984,0,0
2022-01-02,slp,"Cd. Valles, SLP",21.9833,-99.0167,5,0.01,26.78,11.13,0.020000000000000892,0.05000000000000178,0.049999999999984016,0,0
2022-01-03,slp,"Cd. Valles, SLP",21.9833,-99.0167,5,0.0,19.98,8.11,0.010000000000000892,0.05000000000000178,0.049999999999984016,0,0
2022-01-04,slp,"Cd. Valles, SLP",21.9833,-99.0167,5,0.0,25.16,10.17,0.010000000000000892,0.05000000000000178,0.049999999999984016,0,0
2022-01-05,slp,"Cd. Valles, SLP",21.9833,-99.0167,5,0.0,29.66,13.65,0.0,0.04000000000000178,0.049999999999984016,0,0
2022-01-06,slp,"Cd. Valles, SLP",21.9833,-99.0167,5,0.01,31.0,17.37,0.010000000000000892,0.030000000000001782,0.05999999999998401,0,0
2022-01-07,slp,"Cd. Valles, SLP",21.9833,-99.0167,5,0.04,29.89,19.12,0.05000000000000089,0.06000000000000178,0.09999999999998402,0,0
2022-01-08,slp,"Cd. Valles, SLP",21.9833,-99.0167,5,0.0,32.1,19.29,0.05000000000000089,0.06000000000000178,0.09999999999998402,0,0
2022-01-09,slp,"Cd. Valles, SLP",21.9833,-99.0167,5,2.14,33.14,20.84,2.180000000000001,2.1900000000000017,2.2399999999999842,0,0
2022-01-10,slp,"Cd. Valles, SLP",21.9833,-99.0167,5,6.74,21.97,13.52,8.88,8.930000000000001,8.979999999999984,1,0
2022-01-11,slp,"Cd. Valles, SLP",21.9833,-99.0167,5,1.46,20.5,12.64,10.34,10.39,10.439999999999984,0,0
2022-01-12,slp,"Cd. Valles, SLP",21.9833,-99.0167,5,0.58,25.36,14.0,8.78,10.97,11.009999999999984,0,0
2022-01-13,slp,"Cd. Valles, SLP",21.9833,-99.0167,5,0.01,27.97,15.02,2.05,10.970000000000002,10.999999999999986,0,0
2022-01-14,slp,"Cd. Valles, SLP",21.9833,-99.0167,5,0.0,29.98,14.14,0.59,10.930000000000001,10.989999999999986,0,0
2022-01-15,slp,"Cd. Valles, SLP",21.9833,-99.0167,5,0.02,26.36,13.63,0.03,10.950000000000001,11.009999999999986,0,0
2022-01-16,slp,"Cd. Valles, SLP",21.9833,-99.0167,5,0.0,22.13,11.29,0.019999999999999997,8.810000000000002,10.999999999999984,0,0
2022-01-17,slp,"Cd. Valles, SLP",21.9833,-99.0167,5,0.01,24.82,11.39,0.03,2.080000000000002,11.009999999999984,0,0
2022-01-18,slp,"Cd. Valles, SLP",21.9833,-99.0167,5,0.02,28.1,13.34,0.03,0.6400000000000017,11.029999999999983,0,0
2022-01-19,slp,"Cd. Valles, SLP",21.9833,-99.0167,5,0.0,32.66,16.77,0.03,0.060000000000001774,11.029999999999983,0,0
2022-01-20,slp,"Cd. Valles, SLP",21.9833,-99.0167,5,1.21,26.75,11.38,1.23,1.2600000000000018,12.229999999999984,0,0
2022-01-21,slp,"Cd. Valles, SLP",21.9833,-99.0167,5,0.36,13.0,8.4,1.5699999999999998,1.6200000000000019,12.549999999999985,0,0
2022-01-22,slp,"Cd. Valles, SLP",21.9833,-99.0167,5,1.0,18.63,7.79,2.57,2.600000000000002,13.549999999999985,0,0
2022-01-23,slp,"Cd. Valles, SLP",21.9833,-99.0167,5,2.04,22.79,11.51,3.4,4.640000000000002,13.449999999999985,0,0
2022-01-24,slp,"Cd. Valles, SLP",21.9833,-99.0167,5,0.14,26.02,13.11,3.18,4.770000000000002,6.849999999999984,0,0
2022-01-25,slp,"Cd. Valles, SLP",21.9833,-99.0167,5,0.09,28.81,14.65,2.27,4.840000000000002,5.479999999999984,0,0
2022-01-26,slp,"Cd. Valles, SLP",21.9833,-99.0167,5,0.7,23.2,14.45,0.9299999999999999,5.540000000000002,5.599999999999984,0,0
2022-01-27,slp,"Cd. Valles, SLP",21.9833,-99.0167,5,0.16,26.48,13.94,0.95,4.490000000000002,5.749999999999984,0,0
2022-01-28,slp,"Cd. Valles, SLP",21.9833,-99.0167,5,3.59,24.91,11.26,4.45,7.720000000000002,9.339999999999984,0,0
2022-01-29,slp,"Cd. Valles, SLP",21.9833,-99.0167,5,0.28,20.64,10.56,4.029999999999999,7.000000000000002,9.599999999999984,0,0
2022-01-30,slp,"Cd. Valles, SLP",21.9833,-99.0167,5,0.04,24.86,9.92,3.9099999999999997,5.000000000000001,9.639999999999985,0,0
2022-01-31,slp,"Cd. Valles, SLP",21.9833,-99.0167,5,0.04,32.24,14.43,0.36000000000000004,4.900000000000001,9.669999999999984,0,0
2022-02-01,slp,"Cd. Valles, SLP",21.9833,-99.0167,5,0.0,32.11,16.25,0.08,4.810000000000001,9.649999999999983,0,0
2022-02-02,slp,"Cd. Valles, SLP",21.9833,-99.0167,5,0.01,33.37,16.7,0.05,4.120000000000001,9.659999999999982,0,0
2022-02-03,slp,"Cd. Valles, SLP",21.9833,-99.0167,5,0.65,29.1,11.04,0.66,4.610000000000001,9.099999999999984,0,0
2022-02-04,slp,"Cd. Valles, SLP",21.9833,-99.0167,5,0.57,17.75,8.18,1.23,1.5900000000000016,9.309999999999985,0,0
2022-02-05,slp,"Cd. Valles, SLP",21.9833,-99.0167,5,0.08,17.61,6.05,1.3,1.3900000000000017,8.389999999999985,0,0
2022-02-06,slp,"Cd. Valles, SLP",21.9833,-99.0167,5,0.0,23.25,7.43,0.6499999999999999,1.3500000000000016,6.349999999999984,0,0
2022-02-07,slp,"Cd. Valles, SLP",21.9833,-99.0167,5,4.22,23.88,12.07,4.3,5.530000000000001,10.429999999999984,0,0
2022-02-08,slp,"Cd. Valles, SLP",21.9833,-99.0167,5,2.57,22.11,10.94,6.789999999999999,8.100000000000001,12.909999999999984,0,0
2022-02-09,slp,"Cd. Valles, SLP",21.9833,-99.0167,5,0.0,24.64,9.08,6.789999999999999,8.090000000000002,12.209999999999983,0,0
2022-02-10,slp,"Cd. Valles, SLP",21.9833,-99.0167,5,0.31,25.26,13.04,2.88,7.750000000000001,12.359999999999982,0,0
2022-02-11,slp,"Cd. Valles, SLP",21.9833,-99.0167,5,0.32,27.72,16.75,0.63,7.500000000000002,9.089999999999982,0,0
2022-02-12,slp,"Cd. Valles, SLP",21.9833,-99.0167,5,7.21,29.72,15.17,7.84,14.630000000000003,16.019999999999982,1,0
2022-02-13,slp,"Cd. Valles, SLP",21.9833,-99.0167,5,0.96,20.93,10.86,8.49,15.590000000000002,16.939999999999984,0,0
2022-02-14,slp,"Cd. Valles, SLP",21.9833,-99.0167,5,0.0,22.19,9.39,8.17,11.370000000000001,16.899999999999984,0,0
2022-02-15,slp,"Cd. Valles, SLP",21.9833,-99.0167,5,0.01,26.48,10.03,0.97,8.810000000000002,16.909999999999986,0,0
2022-02-16,slp,"Cd. Valles, SLP",21.9833,-99.0167,5,0.0,30.85,12.81,0.01,8.810000000000002,16.899999999999984,0,0
2022-02-17,slp,"Cd. Valles, SLP",21.9833,-99.0167,5,0.0,39.4,16.55,0.01,8.500000000000002,16.249999999999986,0,0
2022-02-18,slp,"Cd. Valles, SLP",21.9833,-99.0167,5,0.04,25.69,12.86,0.04,8.220000000000002,15.719999999999983,0,0
2022-02-19,slp,"Cd. Valles, SLP",21.9833,-99.0167,5,0.0,25.13,11.3,0.04,1.0100000000000018,15.639999999999983,0,0
2022-02-20,slp,"Cd. Valles, SLP",21.9833,-99.0167,5,0.0,29.67,13.43,0.04,0.05000000000000178,15.639999999999983,0,0
2022-02-21,slp,"Cd. Valles, SLP",21.9833,-99.0167,5,0.0,32.4,15.56,0.0,0.05000000000000178,11.419999999999984,0,0
2022-02-22,slp,"Cd. Valles, SLP",21.9833,-99.0167,5,0.0,36.64,18.15,0.0,0.04000000000000178,8.849999999999984,0,0
2022-02-23,slp,"Cd. Valles, SLP",21.9833,-99.0167,5,0.06,34.9,19.24,0.06,0.10000000000000178,8.909999999999984,0,0
2022-02-24,slp,"Cd. Valles, SLP",21.9833,-99.0167,5,0.62,32.92,19.13,0.6799999999999999,0.7200000000000017,9.219999999999985,0,0
2022-02-25,slp,"Cd. Valles, SLP",21.9833,-99.0167,5,2.9,27.53,15.59,3.58,3.580000000000002,11.799999999999985,0,0
2022-02-26,slp,"Cd. Valles, SLP",21.9833,-99.0167,5,0.95,26.59,13.7,4.47,4.530000000000001,5.539999999999984,0,0
2022-02-27,slp,"Cd. Valles, SLP",21.9833,-99.0167,5,0.38,24.38,15.08,4.2299999999999995,4.910000000000001,4.959999999999984,0,0
2022-02-28,slp,"Cd. Valles, SLP",21.9833,-99.0167,5,0.02,25.21,13.37,1.3499999999999999,4.9300000000000015,4.9799999999999836,0,0
2022-03-01,slp,"Cd. Valles, SLP",21.9833,-99.0167,5,0.02,26.7,11.38,0.42,4.950000000000001,4.989999999999984,0,0
2022-03-02,slp,"Cd. Valles, SLP",21.9833,-99.0167,5,0.03,28.51,14.53,0.07,4.920000000000002,5.0199999999999845,0,0
2022-03-03,slp,"Cd. Valles, SLP",21.9833,-99.0167,5,0.02,31.0,17.22,0.06999999999999999,4.320000000000002,5.039999999999984,0,0
2022-03-04,slp,"Cd. Valles, SLP",21.9833,-99.0167,5,0.0,31.26,17.6,0.05,1.4200000000000013,4.999999999999984,0,0
2022-03-05,slp,"Cd. Valles, SLP",21.9833,-99.0167,5,0.0,34.04,18.06,0.02,0.47000000000000136,4.999999999999984,0,0
2022-03-06,slp,"Cd. Valles, SLP",21.9833,-99.0167,5,0.0,36.56,19.48,0.0,0.09000000000000133,4.999999999999984,0,0
2022-03-07,slp,"Cd. Valles, SLP",21.9833,-99.0167,5,0.23,36.05,19.99,0.23,0.3000000000000013,5.229999999999984,0,0
2022-03-08,slp,"Cd. Valles, SLP",21.9833,-99.0167,5,0.43,31.0,17.86,0.66,0.7100000000000013,5.659999999999984,0,0
2022-03-09,slp,"Cd. Valles, SLP",21.9833,-99.0167,5,0.53,27.97,16.23,1.19,1.2100000000000013,6.129999999999984,0,0
2022-03-10,slp,"Cd. Valles, SLP",21.9833,-99.0167,5,0.01,32.45,15.97,0.9700000000000001,1.2000000000000013,5.519999999999984,0,0
2022-03-11,slp,"Cd. Valles, SLP",21.9833,-99.0167,5,0.39,40.07,17.54,0.93,1.5900000000000012,3.009999999999984,0,0
2022-03-12,slp,"Cd. Valles, SLP",21.9833,-99.0167,5,0.48,22.86,10.31,0.88,2.070000000000001,2.539999999999984,0,0
2022-03-13,slp,"Cd. Valles, SLP",21.9833,-99.0167,5,0.01,25.13,8.05,0.88,2.0800000000000014,2.169999999999984,0,0
2022-03-14,slp,"Cd. Valles, SLP",21.9833,-99.0167,5,0.0,32.18,12.92,0.49,1.8500000000000012,2.149999999999984,0,0
2022-03-15,slp,"Cd. Valles, SLP",21.9833,-99.0167,5,0.0,33.37,17.61,0.01,1.4200000000000013,2.129999999999984,0,0
2022-03-16,slp,"Cd. Valles, SLP",21.9833,-99.0167,5,0.0,33.54,16.11,0.0,0.8900000000000013,2.099999999999984,0,0
2022-03-17,slp,"Cd. Valles, SLP",21.9833,-99.0167,5,0.0,41.61,18.65,0.0,0.8800000000000013,2.079999999999984,0,0
2022-03-18,slp,"Cd. Valles, SLP",21.9833,-99.0167,5,0.01,35.9,20.36,0.01,0.5000000000000013,2.089999999999984,0,0
2022-03-19,slp,"Cd. Valles, SLP",21.9833,-99.0167,5,0.06,31.07,18.29,0.06999999999999999,0.08000000000000133,2.149999999999984,0,0
2022-03-20,slp,"Cd. Valles, SLP",21.9833,-99.0167,5,0.0,32.05,16.48,0.07,0.07000000000000134,2.149999999999984,0,0
2022-03-21,slp,"Cd. Valles, SLP",21.9833,-99.0167,5,0.0,38.01,18.85,0.06,0.07000000000000134,1.9199999999999842,0,0
2022-03-22,slp,"Cd. Valles, SLP",21.9833,-99.0167,5,0.0,39.48,18.64,0.0,0.07000000000000134,1.4899999999999842,0,0
2022-03-23,slp,"Cd. Valles, SLP",21.9833,-99.0167,5,0.0,30.36,15.74,0.0,0.07000000000000134,0.959999999999984,0,0
2022-03-24,slp,"Cd. Valles, SLP",21.9833,-99.0167,5,0.05,29.97,13.69,0.05,0.12000000000000134,0.999999999999984,0,0
2022-03-25,slp,"Cd. Valles, SLP",21.9833,-99.0167,5,0.0,33.04,14.38,0.05,0.11000000000000133,0.609999999999984,0,0
2022-03-26,slp,"Cd. Valles, SLP",21.9833,-99.0167,5,0.0,32.52,14.03,0.05,0.050000000000001335,0.12999999999998402,0,0
2022-03-27,slp,"Cd. Valles, SLP",21.9833,-99.0167,5,0.0,32.28,13.57,0.0,0.050000000000001335,0.11999999999998402,0,0
2022-03-28,slp,"Cd. Valles, SLP",21.9833,-99.0167,5,0.0,34.02,15.41,0.0,0.050000000000001335,0.11999999999998402,0,0
2022-03-29,slp,"Cd. Valles, SLP",21.9833,-99.0167,5,0.0,38.35,18.21,0.0,0.050000000000001335,0.11999999999998402,0,0
2022-03-30,slp,"Cd. Valles, SLP",21.9833,-99.0167,5,0.0,45.96,19.99,0.0,0.050000000000001335,0.11999999999998402,0,0
2022-03-31,slp,"Cd. Valles, SLP",21.9833,-99.0167,5,0.0,37.72,20.03,0.0,0.0,0.11999999999998402,0,0
2022-04-01,slp,"Cd. Valles, SLP",21.9833,-99.0167,5,0.0,35.16,20.03,0.0,0.0,0.10999999999998401,0,0
2022-04-02,slp,"Cd. Valles, SLP",21.9833,-99.0167,5,0.0,36.76,21.01,0.0,0.0,0.049999999999984016,0,0
2022-04-03,slp,"Cd. Valles, SLP",21.9833,-99.0167,5,0.0,36.71,21.07,0.0,0.0,0.049999999999984016,0,0
2022-04-04,slp,"Cd. Valles, SLP",21.9833,-99.0167,5,0.03,39.18,21.22,0.03,0.03000000000000133,0.07999999999998401,0,0
2022-04-05,slp,"Cd. Valles, SLP",21.9833,-99.0167,5,0.02,45.07,22.33,0.05,0.050000000000001335,0.09999999999998402,0,0
2022-04-06,slp,"Cd. Valles, SLP",21.9833,-99.0167,5,0.0,44.93,22.96,0.05,0.050000000000001335,0.09999999999998402,0,0
2022-04-07,slp,"Cd. Valles, SLP",21.9833,-99.0167,5,0.0,32.99,19.33,0.02,0.050000000000001335,0.049999999999984016,0,0
2022-04-08,slp,"Cd. Valles, SLP",21.9833,-99.0167,5,0.0,29.95,16.95,0.0,0.050000000000001335,0.049999999999984016,0,0
2022-04-09,slp,"Cd. Valles, SLP",21.9833,-99.0167,5,0.03,32.53,17.03,0.03,0.08000000000000133,0.07999999999998401,0,0
2022-04-10,slp,"Cd. Valles, SLP",21.9833,-99.0167,5,0.07,36.98,18.43,0.1,0.15000000000000135,0.14999999999998403,0,0
2022-04-11,slp,"Cd. Valles, SLP",21.9833,-99.0167,5,0.21,45.29,21.56,0.31,0.3300000000000013,0.359999999999984,0,0
2022-04-12,slp,"Cd. Valles, SLP",21.9833,-99.0167,5,0.0,41.53,24.19,0.28,0.3100000000000013,0.359999999999984,0,0
2022-04-13,slp,"Cd. Valles, SLP",21.9833,-99.0167,5,0.0,45.99,25.07,0.21,0.3100000000000013,0.359999999999984,0,0
2022-04-14,slp,"Cd. Valles, SLP",21.9833,-99.0167,5,0.05,38.65,24.29,0.05,0.3600000000000013,0.409999999999984,0,0
2022-04-15,slp,"Cd. Valles, SLP",21.9833,-99.0167,5,0.08,39.41,24.59,0.13,0.4400000000000013,0.489999999999984,0,0
2022-04-16,slp,"Cd. Valles, SLP",21.9833,-99.0167,5,0.0,40.43,23.96,0.13,0.41000000000000136,0.489999999999984,0,0
2022-04-17,slp,"Cd. Valles, SLP",21.9833,-99.0167,5,0.0,40.18,24.43,0.08,0.3400000000000013,0.489999999999984,0,0
2022-04-18,slp,"Cd. Valles, SLP",21.9833,-99.0167,5,0.08,36.47,23.73,0.08,0.2100000000000013,0.5399999999999839,0,0
2022-04-19,slp,"Cd. Valles, SLP",21.9833,-99.0167,5,0.01,34.98,22.75,0.09,0.2200000000000013,0.5299999999999839,0,0
2022-04-20,slp,"Cd. Valles, SLP",21.9833,-99.0167,5,0.0,38.88,22.78,0.09,0.2200000000000013,0.5299999999999839,0,0
2022-04-21,slp,"Cd. Valles, SLP",21.9833,-99.0167,5,4.55,33.99,23.97,4.56,4.7200000000000015,5.079999999999984,0,0
2022-04-22,slp,"Cd. Valles, SLP",21.9833,-99.0167,5,0.75,35.76,22.74,5.3,5.3900000000000015,5.829999999999984,0,0
2022-04-23,slp,"Cd. Valles, SLP",21.9833,-99.0167,5,0.03,36.78,22.38,5.33,5.420000000000002,5.829999999999984,0,0
2022-04-24,slp,"Cd. Valles, SLP",21.9833,-99.0167,5,0.02,37.94,22.94,0.8,5.440000000000001,5.779999999999984,0,0
2022-04-25,slp,"Cd. Valles, SLP",21.9833,-99.0167,5,11.26,36.58,23.68,11.31,16.62,16.829999999999984,1,0
2022-04-26,slp,"Cd. Valles, SLP",21.9833,-99.0167,5,45.03,26.78,21.28,56.31,61.64,61.859999999999985,2,1
2022-04-27,slp,"Cd. Valles, SLP",21.9833,-99.0167,5,4.66,31.62,19.49,60.95,66.3,66.51999999999998,0,0
2022-04-28,slp,"Cd. Valles, SLP",21.9833,-99.0167,5,1.88,32.92,20.16,51.57,63.63,68.35,0,0
2022-04-29,slp,"Cd. Valles, SLP",21.9833,-99.0167,5,0.0,35.27,21.6,6.54,62.88,68.27,0,0
2022-04-30,slp,"Cd. Valles, SLP",21.9833,-99.0167,5,0.04,36.43,23.31,1.92,62.89,68.30999999999999,0,0
2022-05-01,slp,"Cd. Valles, SLP",21.9833,-99.0167,5,0.09,35.26,24.05,0.13,62.96,68.39999999999999,0,0
2022-05-02,slp,"Cd. Valles, SLP",21.9833,-99.0167,5,0.02,36.81,24.44,0.15,51.72,68.33999999999999,0,0
2022-05-03,slp,"Cd. Valles, SLP",21.9833,-99.0167,5,0.01,36.9,24.86,0.12,6.7,68.33999999999999,0,0
2022-05-04,slp,"Cd. Valles, SLP",21.9833,-99.0167,5,0.0,36.84,24.33,0.03,2.04,68.33999999999999,0,0
2022-05-05,slp,"Cd. Valles, SLP",21.9833,-99.0167,5,0.0,37.72,23.72,0.01,0.16,63.789999999999985,0,0
2022-05-06,slp,"Cd. Valles, SLP",21.9833,-99.0167,5,0.0,37.97,24.86,0.0,0.16,63.039999999999985,0,0
2022-05-07,slp,"Cd. Valles, SLP",21.9833,-99.0167,5,0.0,39.21,24.51,0.0,0.12,63.00999999999999,0,0
2022-05-08,slp,"Cd. Valles, SLP",21.9833,-99.0167,5,0.0,40.17,24.98,0.0,0.03,62.98999999999999,0,0
2022-05-09,slp,"Cd. Valles, SLP",21.9833,-99.0167,5,0.0,39.35,25.01,0.0,0.01,51.72999999999999,0,0
2022-05-10,slp,"Cd. Valles, SLP",21.9833,-99.0167,5,0.04,37.48,25.46,0.04,0.04,6.739999999999986,0,0
2022-05-11,slp,"Cd. Valles, SLP",21.9833,-99.0167,5,0.56,36.11,24.62,0.6000000000000001,0.6000000000000001,2.6399999999999855,0,0
2022-05-12,slp,"Cd. Valles, SLP",21.9833,-99.0167,5,0.09,36.13,23.47,0.6900000000000001,0.6900000000000001,0.8499999999999858,0,0
2022-05-13,slp,"Cd. Valles, SLP",21.9833,-99.0167,5,0.0,36.9,22.36,0.65,0.6900000000000001,0.8499999999999858,0,0
2022-05-14,slp,"Cd. Valles, SLP",21.9833,-99.0167,5,0.0,36.54,22.69,0.09,0.6900000000000001,0.8099999999999857,0,0
2022-05-15,slp,"Cd. Valles, SLP",21.9833,-99.0167,5,0.0,36.98,22.94,0.0,0.6900000000000001,0.7199999999999858,0,0
2022-05-16,slp,"Cd. Valles, SLP",21.9833,-99.0167,5,0.0,37.2,22.06,0.0,0.6900000000000001,0.6999999999999857,0,0
2022-05-17,slp,"Cd. Valles, SLP",21.9833,-99.0167,5,0.0,38.59,22.06,0.0,0.65,0.6899999999999857,0,0
2022-05-18,slp,"Cd. Valles, SLP",21.9833,-99.0167,5,0.0,38.04,22.38,0.0,0.09,0.6899999999999857,0,0
2022-05-19,slp,"Cd. Valles, SLP",21.9833,-99.0167,5,0.02,39.94,22.86,0.02,0.02,0.7099999999999858,0,0
2022-05-20,slp,"Cd. Valles, SLP",21.9833,-99.0167,5,0.06,42.76,25.63,0.08,0.08,0.7699999999999858,0,0
2022-05-21,slp,"Cd. Valles, SLP",21.9833,-99.0167,5,0.0,43.54,26.22,0.08,0.08,0.7699999999999858,0,0
2022-05-22,slp,"Cd. Valles, SLP",21.9833,-99.0167,5,0.84,38.5,25.98,0.8999999999999999,0.9199999999999999,1.6099999999999857,0,0
2022-05-23,slp,"Cd. Valles, SLP",21.9833,-99.0167,5,1.19,37.47,24.66,2.03,2.11,2.7999999999999856,0,0
2022-05-24,slp,"Cd. Valles, SLP",21.9833,-99.0167,5,0.15,39.19,25.31,2.1799999999999997,2.26,2.9099999999999855,0,0
2022-05-25,slp,"Cd. Valles, SLP",21.9833,-99.0167,5,1.36,39.32,25.35,2.7,3.62,3.7099999999999858,0,0
2022-05-26,slp,"Cd. Valles, SLP",21.9833,-99.0167,5,1.23,36.74,25.29,2.74,4.83,4.849999999999985,0,0
2022-05-27,slp,"Cd. Valles, SLP",21.9833,-99.0167,5,0.04,39.57,25.23,2.63,4.8100000000000005,4.8899999999999855,0,0
2022-05-28,slp,"Cd. Valles, SLP",21.9833,-99.0167,5,0.01,38.97,24.7,1.28,4.82,4.899999999999985,0,0
2022-05-29,slp,"Cd. Valles, SLP",21.9833,-99.0167,5,0.01,39.25,24.88,0.06,3.9899999999999998,4.909999999999986,0,0
2022-05-30,slp,"Cd. Valles, SLP",21.9833,-99.0167,5,0.04,39.52,25.55,0.060000000000000005,2.84,4.949999999999986,0,0
2022-05-31,slp,"Cd. Valles, SLP",21.9833,-99.0167,5,0.56,38.38,26.06,0.6100000000000001,3.25,5.509999999999986,0,0
2022-06-01,slp,"Cd. Valles, SLP",21.9833,-99.0167,5,2.74,34.93,25.66,3.3400000000000003,4.63,8.249999999999986,0,0
2022-06-02,slp,"Cd. Valles, SLP",21.9833,-99.0167,5,0.36,37.43,24.61,3.66,3.76,8.589999999999986,0,0
2022-06-03,slp,"Cd. Valles, SLP",21.9833,-99.0167,5,0.01,38.47,24.09,3.1100000000000003,3.73,8.539999999999985,0,0
2022-06-04,slp,"Cd. Valles, SLP",21.9833,-99.0167,5,0.0,39.34,23.41,0.37,3.72,8.539999999999985,0,0
2022-06-05,slp,"Cd. Valles, SLP",21.9833,-99.0167,5,0.0,41.91,24.14,0.01,3.71,7.699999999999986,0,0
2022-06-06,slp,"Cd. Valles, SLP",21.9833,-99.0167,5,0.0,41.73,24.02,0.0,3.67,6.509999999999986,0,0
2022-06-07,slp,"Cd. Valles, SLP",21.9833,-99.0167,5,0.01,40.86,24.08,0.01,3.1199999999999997,6.369999999999986,0,0
2022-06-08,slp,"Cd. Valles, SLP",21.9833,-99.0167,5,0.03,40.4,25.88,0.04,0.40999999999999953,5.039999999999986,0,0
2022-06-09,slp,"Cd. Valles, SLP",21.9833,-99.0167,5,13.44,32.87,25.23,13.479999999999999,13.489999999999998,17.249999999999986,1,0
2022-06-10,slp,"Cd. Valles, SLP",21.9833,-99.0167,5,1.5,37.83,24.19,14.969999999999999,14.979999999999999,18.709999999999987,0,0
2022-06-11,slp,"Cd. Valles, SLP",21.9833,-99.0167,5,0.0,37.99,25.21,14.94,14.979999999999999,18.699999999999985,0,0
2022-06-12,slp,"Cd. Valles, SLP",21.9833,-99.0167,5,0.0,36.74,25.44,1.5,14.979999999999999,18.689999999999987,0,0
2022-06-13,slp,"Cd. Valles, SLP",21.9833,-99.0167,5,11.26,32.89,24.61,11.26,26.24,29.909999999999982,1,0
2022-06-14,slp,"Cd. Valles, SLP",21.9833,-99.0167,5,27.53,30.76,24.01,38.79,53.76,56.87999999999998,2,1
2022-06-15,slp,"Cd. Valles, SLP",21.9833,-99.0167,5,13.1,32.97,23.97,51.89,66.83,67.23999999999998,3,0
2022-06-16,slp,"Cd. Valles, SLP",21.9833,-99.0167,5,7.9,33.6,23.63,48.53,61.29,74.77999999999999,4,0
2022-06-17,slp,"Cd. Valles, SLP",21.9833,-99.0167,5,6.76,32.85,23.56,27.759999999999998,66.55,81.52999999999997,5,0
2022-06-18,slp,"Cd. Valles, SLP",21.9833,-99.0167,5,2.2,34.22,22.76,16.86,68.75,83.72999999999998,0,0
2022-06-19,slp,"Cd. Valles, SLP",21.9833,-99.0167,5,4.55,33.58,23.34,13.51,73.3,88.27999999999997,0,0
2022-06-20,slp,"Cd. Valles, SLP",21.9833,-99.0167,5,8.13,33.53,23.32,14.88,70.17,96.40999999999998,1,0
2022-06-21,slp,"Cd. Valles, SLP",21.9833,-99.0167,5,46.24,31.69,23.74,58.92,88.88,142.64,2,1
2022-06-22,slp,"Cd. Valles, SLP",21.9833,-99.0167,5,19.49,27.38,23.63,73.86,95.27000000000001,162.1,3,0
2022-06-23,slp,"Cd. Valles, SLP",21.9833,-99.0167,5,0.94,31.48,22.65,66.66999999999999,88.31,149.6,0,0
2022-06-24,slp,"Cd. Valles, SLP",21.9833,-99.0167,5,0.14,32.99,21.71,20.569999999999997,81.69,148.23999999999998,0,0
2022-06-25,slp,"Cd. Valles, SLP",21.9833,-99.0167,5,0.02,33.35,22.7,1.0999999999999999,79.51,148.26,0,0
2022-06-26,slp,"Cd. Valles, SLP",21.9833,-99.0167,5,0.11,32.0,22.75,0.27,75.07,148.36999999999998,0,0
2022-06-27,slp,"Cd. Valles, SLP",21.9833,-99.0167,5,2.52,32.57,23.58,2.65,69.46,139.63,0,0
2022-06-28,slp,"Cd. Valles, SLP",21.9833,-99.0167,5,0.36,33.8,22.74,2.9899999999999998,23.58,112.45999999999998,0,0
2022-06-29,slp,"Cd. Valles, SLP",21.9833,-99.0167,5,0.26,34.34,23.44,3.14,4.35,99.61999999999999,0,0
2022-06-30,slp,"Cd. Valles, SLP",21.9833,-99.0167,5,0.05,34.79,23.8,0.67,3.46,91.76999999999998,0,0
2022-07-01,slp,"Cd. Valles, SLP",21.9833,-99.0167,5,0.01,35.41,22.68,0.32,3.33,85.01999999999997,0,0
2022-07-02,slp,"Cd. Valles, SLP",21.9833,-99.0167,5,0.24,35.06,24.49,0.3,3.55,83.05999999999999,0,0
2022-07-03,slp,"Cd. Valles, SLP",21.9833,-99.0167,5,0.51,34.78,24.98,0.76,3.95,79.01999999999997,0,0
2022-07-04,slp,"Cd. Valles, SLP",21.9833,-99.0167,5,1.21,34.39,24.6,1.96,2.6399999999999997,72.09999999999998,0,0
2022-07-05,slp,"Cd. Valles, SLP",21.9833,-99.0167,5,0.36,35.29,24.53,2.08,2.64,26.219999999999978,0,0
2022-07-06,slp,"Cd. Valles, SLP",21.9833,-99.0167,5,0.42,34.68,23.03,1.99,2.8,7.149999999999978,0,0
2022-07-07,slp,"Cd. Valles, SLP",21.9833,-99.0167,5,1.07,35.31,24.16,1.85,3.8200000000000003,7.279999999999978,0,0
2022-07-08,slp,"Cd. Valles, SLP",21.9833,-99.0167,5,0.13,35.74,24.77,1.62,3.94,7.269999999999978,0,0
2022-07-09,slp,"Cd. Valles, SLP",21.9833,-99.0167,5,0.06,34.8,24.62,1.26,3.7600000000000002,7.309999999999979,0,0
2022-07-10,slp,"Cd. Valles, SLP",21.9833,-99.0167,5,0.01,36.39,24.77,0.2,3.26,7.209999999999979,0,0
2022-07-11,slp,"Cd. Valles, SLP",21.9833,-99.0167,5,0.0,38.44,23.57,0.06999999999999999,2.05,4.689999999999978,0,0
2022-07-12,slp,"Cd. Valles, SLP",21.9833,-99.0167,5,0.0,35.07,25.23,0.01,1.69,4.329999999999979,0,0
2022-07-13,slp,"Cd. Valles, SLP",21.9833,-99.0167,5,2.31,33.11,25.65,2.31,3.58,6.3799999999999795,0,0
2022-07-14,slp,"Cd. Valles, SLP",21.9833,-99.0167,5,3.66,31.33,24.37,5.970000000000001,6.17,9.989999999999979,0,0
2022-07-15,slp,"Cd. Valles, SLP",21.9833,-99.0167,5,7.71,33.08,23.37,13.68,13.75,17.689999999999976,1,0
2022-07-16,slp,"Cd. Valles, SLP",21.9833,-99.0167,5,5.74,32.88,23.74,17.11,19.43,23.18999999999998,2,0
2022-07-17,slp,"Cd. Valles, SLP",21.9833,-99.0167,5,0.88,34.87,23.16,14.33,20.3,23.559999999999977,0,0
2022-07-18,slp,"Cd. Valles, SLP",21.9833,-99.0167,5,0.05,34.65,23.36,6.67,20.35,22.399999999999977,0,0
2022-07-19,slp,"Cd. Valles, SLP",21.9833,-99.0167,5,0.0,36.23,24.19,0.93,20.35,22.039999999999978,0,0
2022-07-20,slp,"Cd. Valles, SLP",21.9833,-99.0167,5,0.0,37.58,25.22,0.05,18.04,21.61999999999998,0,0
2022-07-21,slp,"Cd. Valles, SLP",21.9833,-99.0167,5,0.0,37.27,23.37,0.0,14.379999999999999,20.54999999999998,0,0
2022-07-22,slp,"Cd. Valles, SLP",21.9833,-99.0167,5,0.01,33.55,25.87,0.01,6.680000000000001,20.42999999999998,0,0
2022-07-23,slp,"Cd. Valles, SLP",21.9833,-99.0167,5,0.7,34.22,25.07,0.71,1.6400000000000001,21.06999999999998,0,0
2022-07-24,slp,"Cd. Valles, SLP",21.9833,-99.0167,5,3.21,35.73,24.47,3.92,3.97,24.26999999999998,0,0
2022-07-25,slp,"Cd. Valles, SLP",21.9833,-99.0167,5,2.07,35.52,23.73,5.98,5.99,26.339999999999975,0,0
2022-07-26,slp,"Cd. Valles, SLP",21.9833,-99.0167,5,0.86,36.43,24.38,6.14,6.8500000000000005,27.199999999999978,0,0
2022-07-27,slp,"Cd. Valles, SLP",21.9833,-99.0167,5,0.73,32.0,24.71,3.6599999999999997,7.58,25.61999999999998,0,0
2022-07-28,slp,"Cd. Valles, SLP",21.9833,-99.0167,5,3.06,34.6,24.05,4.65,10.64,25.01999999999998,0,0
2022-07-29,slp,"Cd. Valles, SLP",21.9833,-99.0167,5,4.2,33.96,24.05,7.99,14.83,21.50999999999998,0,0
2022-07-30,slp,"Cd. Valles, SLP",21.9833,-99.0167,5,2.06,33.91,24.03,9.32,16.189999999999998,17.829999999999977,0,0
2022-07-31,slp,"Cd. Valles, SLP",21.9833,-99.0167,5,1.98,31.56,23.8,8.24,14.96,18.92999999999998,0,0
2022-08-01,slp,"Cd. Valles, SLP",21.9833,-99.0167,5,3.41,34.16,23.0,7.45,16.3,22.289999999999978,0,0
2022-08-02,slp,"Cd. Valles, SLP",21.9833,-99.0167,5,2.83,33.88,23.9,8.22,18.27,25.11999999999998,0,0
2022-08-03,slp,"Cd. Valles, SLP",21.9833,-99.0167,5,0.23,35.01,23.97,6.470000000000001,17.77,25.34999999999998,0,0
2022-08-04,slp,"Cd. Valles, SLP",21.9833,-99.0167,5,0.0,35.55,23.97,3.06,14.71,25.34999999999998,0,0
2022-08-05,slp,"Cd. Valles, SLP",21.9833,-99.0167,5,0.01,31.82,24.84,0.24000000000000002,10.52,25.349999999999977,0,0
2022-08-06,slp,"Cd. Valles, SLP",21.9833,-99.0167,5,0.24,33.36,23.81,0.25,8.7,24.88999999999998,0,0
2022-08-07,slp,"Cd. Valles, SLP",21.9833,-99.0167,5,1.31,34.53,23.89,1.56,8.030000000000001,22.989999999999977,0,0
2022-08-08,slp,"Cd. Valles, SLP",21.9833,-99.0167,5,2.63,31.96,24.11,4.18,7.25,23.54999999999998,0,0
2022-08-09,slp,"Cd. Valles, SLP",21.9833,-99.0167,5,0.24,35.36,23.35,4.18,4.66,22.92999999999998,0,0
2022-08-10,slp,"Cd. Valles, SLP",21.9833,-99.0167,5,0.37,36.49,23.36,3.2399999999999998,4.8,22.569999999999975,0,0
2022-08-11,slp,"Cd. Valles, SLP",21.9833,-99.0167,5,0.14,38.09,23.5,0.75,4.9399999999999995,19.649999999999977,0,0
2022-08-12,slp,"Cd. Valles, SLP",21.9833,-99.0167,5,0.04,38.22,24.42,0.55,4.97,15.489999999999979,0,0
2022-08-13,slp,"Cd. Valles, SLP",21.9833,-99.0167,5,1.71,36.31,25.17,1.8900000000000001,6.4399999999999995,15.13999999999998,0,0
2022-08-14,slp,"Cd. Valles, SLP",21.9833,-99.0167,5,1.72,34.56,25.31,3.4699999999999998,6.85,14.879999999999978,0,0
2022-08-15,slp,"Cd. Valles, SLP",21.9833,-99.0167,5,17.27,31.21,25.21,20.7,21.49,28.739999999999977,1,0
2022-08-16,slp,"Cd. Valles, SLP",21.9833,-99.0167,5,8.3,32.32,24.93,27.29,29.55,34.20999999999998,2,0
2022-08-17,slp,"Cd. Valles, SLP",21.9833,-99.0167,5,3.59,33.65,24.23,29.16,32.769999999999996,37.56999999999998,0,0
2022-08-18,slp,"Cd. Valles, SLP",21.9833,-99.0167,5,0.36,33.92,24.11,12.25,32.99,37.92999999999998,0,0
2022-08-19,slp,"Cd. Valles, SLP",21.9833,-99.0167,5,0.0,36.39,23.36,3.9499999999999997,32.95,37.91999999999998,0,0
2022-08-20,slp,"Cd. Valles, SLP",21.9833,-99.0167,5,0.01,34.76,24.38,0.37,31.25,37.689999999999976,0,0
2022-08-21,slp,"Cd. Valles, SLP",21.9833,-99.0167,5,0.02,35.96,25.36,0.03,29.55,36.39999999999998,0,0
2022-08-22,slp,"Cd. Valles, SLP",21.9833,-99.0167,5,0.14,36.19,24.92,0.17,12.42,33.909999999999975,0,0
2022-08-23,slp,"Cd. Valles, SLP",21.9833,-99.0167,5,0.33,37.17,24.05,0.49,4.45,33.99999999999998,0,0
2022-08-24,slp,"Cd. Valles, SLP",21.9833,-99.0167,5,0.09,36.57,25.0,0.56,0.95,33.71999999999998,0,0
2022-08-25,slp,"Cd. Valles, SLP",21.9833,-99.0167,5,0.02,37.05,25.46,0.44,0.61,33.59999999999998,0,0
2022-08-26,slp,"Cd. Valles, SLP",21.9833,-99.0167,5,0.1,36.78,25.28,0.21000000000000008,0.71,33.659999999999975,0,0
2022-08-27,slp,"Cd. Valles, SLP",21.9833,-99.0167,5,0.26,38.42,24.34,0.3800000000000001,0.96,32.20999999999998,0,0
2022-08-28,slp,"Cd. Valles, SLP",21.9833,-99.0167,5,0.21,36.86,24.95,0.5700000000000001,1.15,30.699999999999978,0,0
2022-08-29,slp,"Cd. Valles, SLP",21.9833,-99.0167,5,1.3,35.45,25.89,1.77,2.31,14.729999999999979,0,0
2022-08-30,slp,"Cd. Valles, SLP",21.9833,-99.0167,5,1.39,35.02,25.41,2.9000000000000004,3.37,7.819999999999979,0,0
2022-08-31,slp,"Cd. Valles, SLP",21.9833,-99.0167,5,5.71,33.2,25.49,8.4,8.99,9.939999999999978,1,0
2022-09-01,slp,"Cd. Valles, SLP",21.9833,-99.0167,5,3.78,34.31,24.91,10.88,12.75,13.359999999999978,0,0
2022-09-02,slp,"Cd. Valles, SLP",21.9833,-99.0167,5,10.06,31.3,25.19,19.55,22.71,23.41999999999998,1,0
2022-09-03,slp,"Cd. Valles, SLP",21.9833,-99.0167,5,31.9,30.52,24.73,45.74,54.35,55.309999999999974,2,1
2022-09-04,slp,"Cd. Valles, SLP",21.9833,-99.0167,5,14.88,32.04,24.2,56.84,69.02,70.16999999999999,3,0
2022-09-05,slp,"Cd. Valles, SLP",21.9833,-99.0167,5,21.12,28.7,24.18,67.9,88.84,91.14999999999998,4,1
2022-09-06,slp,"Cd. Valles, SLP",21.9833,-99.0167,5,33.65,29.46,23.84,69.65,121.1,124.46999999999998,5,1
2022-09-07,slp,"Cd. Valles, SLP",21.9833,-99.0167,5,13.71,28.62,23.73,68.48,129.1,138.08999999999997,6,0
2022-09-08,slp,"Cd. Valles, SLP",21.9833,-99.0167,5,0.74,31.48,23.65,48.1,126.05999999999999,138.80999999999997,0,0
2022-09-09,slp,"Cd. Valles, SLP",21.9833,-99.0167,5,0.02,32.78,22.57,14.47,116.02000000000001,138.73,0,0
2022-09-10,slp,"Cd. Valles, SLP",21.9833,-99.0167,5,0.29,32.75,22.77,1.05,84.41,138.76,0,0
2022-09-11,slp,"Cd. Valles, SLP",21.9833,-99.0167,5,0.74,32.37,22.48,1.05,70.27000000000001,139.29,0,0
2022-09-12,slp,"Cd. Valles, SLP",21.9833,-99.0167,5,0.81,32.14,22.7,1.84,49.96,138.79999999999995,0,0
2022-09-13,slp,"Cd. Valles, SLP",21.9833,-99.0167,5,1.12,32.54,22.52,2.67,17.43,138.52999999999997,0,0
2022-09-14,slp,"Cd. Valles, SLP",21.9833,-99.0167,5,6.36,31.73,23.12,8.290000000000001,10.08,139.17999999999998,1,0
2022-09-15,slp,"Cd. Valles, SLP",21.9833,-99.0167,5,15.17,30.22,23.6,22.65,24.509999999999998,150.56999999999996,2,0
2022-09-16,slp,"Cd. Valles, SLP",21.9833,-99.0167,5,15.96,28.17,22.34,37.489999999999995,40.45,156.46999999999997,3,0
2022-09-17,slp,"Cd. Valles, SLP",21.9833,-99.0167,5,7.01,31.21,21.45,38.14,47.17,131.57999999999998,4,0
2022-09-18,slp,"Cd. Valles, SLP",21.9833,-99.0167,5,28.96,29.82,23.19,51.93,75.39,145.65999999999997,5,1
2022-09-19,slp,"Cd. Valles, SLP",21.9833,-99.0167,5,18.42,27.97,23.73,54.39,93.0,142.95999999999998,6,0
2022-09-20,slp,"Cd. Valles, SLP",21.9833,-99.0167,5,9.78,29.82,22.26,57.160000000000004,101.66000000000001,119.08999999999999,7,0
2022-09-21,slp,"Cd. Valles, SLP",21.9833,-99.0167,5,2.78,29.93,22.37,30.98,98.08000000000001,108.16,0,0
2022-09-22,slp,"Cd. Valles, SLP",21.9833,-99.0167,5,7.32,29.58,21.17,19.88,90.23,114.73999999999998,1,0
2022-09-23,slp,"Cd. Valles, SLP",21.9833,-99.0167,5,2.08,30.25,22.1,12.18,76.35,116.79999999999998,0,0
2022-09-24,slp,"Cd. Valles, SLP",21.9833,-99.0167,5,0.2,31.08,22.42,9.6,69.54,116.70999999999998,0,0
2022-09-25,slp,"Cd. Valles, SLP",21.9833,-99.0167,5,10.32,31.14,23.03,12.6,50.9,126.28999999999999,1,0
2022-09-26,slp,"Cd. Valles, SLP",21.9833,-99.0167,5,25.85,28.94,22.74,36.370000000000005,58.33,151.32999999999998,2,1
2022-09-27,slp,"Cd. Valles, SLP",21.9833,-99.0167,5,14.34,29.19,21.14,50.51,62.89,164.54999999999998,3,0
2022-09-28,slp,"Cd. Valles, SLP",21.9833,-99.0167,5,7.28,28.26,21.13,47.47,67.39,165.47,4,0
2022-09-29,slp,"Cd. Valles, SLP",21.9833,-99.0167,5,0.8,26.96,19.72,22.42,60.870000000000005,151.09999999999997,0,0
2022-09-30,slp,"Cd. Valles, SLP",21.9833,-99.0167,5,0.19,27.41,18.04,8.27,58.98,135.33,0,0
2022-10-01,slp,"Cd. Valles, SLP",21.9833,-99.0167,5,0.02,27.63,16.57,1.01,58.800000000000004,128.33999999999997,0,0
2022-10-02,slp,"Cd. Valles, SLP",21.9833,-99.0167,5,0.5,27.43,17.99,0.71,48.980000000000004,99.87999999999998,0,0
2022-10-03,slp,"Cd. Valles, SLP",21.9833,-99.0167,5,0.22,27.96,17.77,0.74,23.35,81.67999999999998,0,0
2022-10-04,slp,"Cd. Valles, SLP",21.9833,-99.0167,5,0.22,28.15,19.51,0.94,9.23,72.11999999999998,0,0
2022-10-05,slp,"Cd. Valles, SLP",21.9833,-99.0167,5,4.56,28.09,20.12,5.0,6.51,73.89999999999998,0,0
2022-10-06,slp,"Cd. Valles, SLP",21.9833,-99.0167,5,1.25,28.0,20.01,6.029999999999999,6.96,67.82999999999998,0,0
2022-10-07,slp,"Cd. Valles, SLP",21.9833,-99.0167,5,2.03,27.67,20.39,7.839999999999998,8.799999999999999,67.77999999999999,0,0
2022-10-08,slp,"Cd. Valles, SLP",21.9833,-99.0167,5,6.23,27.37,19.58,9.509999999999998,15.01,73.80999999999999,1,0
2022-10-09,slp,"Cd. Valles, SLP",21.9833,-99.0167,5,3.45,28.56,19.88,11.709999999999999,17.96,66.93999999999998,0,0
2022-10-10,slp,"Cd. Valles, SLP",21.9833,-99.0167,5,9.3,28.28,20.27,18.98,27.040000000000003,50.389999999999986,1,0
2022-10-11,slp,"Cd. Valles, SLP",21.9833,-99.0167,5,1.08,29.11,20.31,13.83,27.9,37.12999999999998,0,0
2022-10-12,slp,"Cd. Valles, SLP",21.9833,-99.0167,5,0.02,31.69,22.3,10.399999999999999,23.360000000000003,29.869999999999987,0,0
2022-10-13,slp,"Cd. Valles, SLP",21.9833,-99.0167,5,0.0,31.86,22.54,1.0999999999999983,22.110000000000003,29.069999999999986,0,0
2022-10-14,slp,"Cd. Valles, SLP",21.9833,-99.0167,5,0.0,31.55,21.81,0.019999999999998224,20.080000000000002,28.87999999999999,0,0
2022-10-15,slp,"Cd. Valles, SLP",21.9833,-99.0167,5,0.04,31.1,21.51,0.039999999999998224,13.890000000000002,28.899999999999988,0,0
2022-10-16,slp,"Cd. Valles, SLP",21.9833,-99.0167,5,0.03,31.26,21.33,0.06999999999999823,10.47,28.42999999999999,0,0
2022-10-17,slp,"Cd. Valles, SLP",21.9833,-99.0167,5,3.21,31.22,22.78,3.279999999999998,4.38,31.419999999999984,0,0
2022-10-18,slp,"Cd. Valles, SLP",21.9833,-99.0167,5,13.91,24.78,14.28,17.15,17.21,45.109999999999985,1,0
2022-10-19,slp,"Cd. Valles, SLP",21.9833,-99.0167,5,1.86,20.13,14.11,18.979999999999997,19.05,42.40999999999998,0,0
2022-10-20,slp,"Cd. Valles, SLP",21.9833,-99.0167,5,0.0,26.26,13.83,15.769999999999998,19.05,41.15999999999998,0,0
2022-10-21,slp,"Cd. Valles, SLP",21.9833,-99.0167,5,0.02,27.57,15.57,1.8799999999999983,19.07,39.14999999999999,0,0
2022-10-22,slp,"Cd. Valles, SLP",21.9833,-99.0167,5,0.0,28.73,18.14,0.019999999999998224,19.03,32.91999999999999,0,0
2022-10-23,slp,"Cd. Valles, SLP",21.9833,-99.0167,5,0.0,30.37,19.67,0.019999999999998224,19.0,29.469999999999985,0,0
2022-10-24,slp,"Cd. Valles, SLP",21.9833,-99.0167,5,0.0,32.57,21.67,0.0,15.790000000000001,20.169999999999984,0,0
2022-10-25,slp,"Cd. Valles, SLP",21.9833,-99.0167,5,1.62,27.54,19.89,1.6199999999999983,3.5,20.709999999999983,0,0
2022-10-26,slp,"Cd. Valles, SLP",21.9833,-99.0167,5,0.0,29.16,17.38,1.6199999999999983,1.6400000000000001,20.689999999999984,0,0
2022-10-27,slp,"Cd. Valles, SLP",21.9833,-99.0167,5,0.09,30.9,18.87,1.7099999999999984,1.7300000000000002,20.779999999999983,0,0
2022-10-28,slp,"Cd. Valles, SLP",21.9833,-99.0167,5,1.83,33.04,20.07,1.9199999999999984,3.54,22.609999999999985,0,0
2022-10-29,slp,"Cd. Valles, SLP",21.9833,-99.0167,5,0.75,27.91,17.5,2.669999999999998,4.29,23.319999999999986,0,0
2022-10-30,slp,"Cd. Valles, SLP",21.9833,-99.0167,5,0.04,28.99,16.74,2.6199999999999983,4.33,23.329999999999984,0,0
2022-10-31,slp,"Cd. Valles, SLP",21.9833,-99.0167,5,0.2,30.68,19.71,0.9899999999999982,4.53,20.319999999999986,0,0
2022-11-01,slp,"Cd. Valles, SLP",21.9833,-99.0167,5,1.54,30.45,21.63,1.7799999999999983,4.45,7.949999999999986,0,0
2022-11-02,slp,"Cd. Valles, SLP",21.9833,-99.0167,5,1.64,30.7,21.05,3.379999999999998,6.09,7.729999999999986,0,0
2022-11-03,slp,"Cd. Valles, SLP",21.9833,-99.0167,5,0.13,30.9,19.96,3.309999999999998,6.13,7.859999999999986,0,0
2022-11-04,slp,"Cd. Valles, SLP",21.9833,-99.0167,5,0.0,32.96,20.74,1.7699999999999982,4.3,7.8399999999999865,0,0
2022-11-05,slp,"Cd. Valles, SLP",21.9833,-99.0167,5,0.01,33.2,22.23,0.13999999999999824,3.56,7.849999999999986,0,0
2022-11-06,slp,"Cd. Valles, SLP",21.9833,-99.0167,5,0.0,32.67,20.42,0.009999999999998224,3.52,7.849999999999986,0,0
2022-11-07,slp,"Cd. Valles, SLP",21.9833,-99.0167,5,2.65,31.34,21.15,2.659999999999998,5.97,10.499999999999986,0,0
2022-11-08,slp,"Cd. Valles, SLP",21.9833,-99.0167,5,1.25,30.95,21.84,3.899999999999998,5.68,10.129999999999985,0,0
2022-11-09,slp,"Cd. Valles, SLP",21.9833,-99.0167,5,1.76,30.91,20.52,5.659999999999998,5.8,11.889999999999985,0,0
2022-11-10,slp,"Cd. Valles, SLP",21.9833,-99.0167,5,0.04,32.72,20.06,3.049999999999998,5.71,11.839999999999986,0,0
2022-11-11,slp,"Cd. Valles, SLP",21.9833,-99.0167,5,0.02,33.67,19.56,1.8199999999999983,5.73,10.029999999999985,0,0
2022-11-12,slp,"Cd. Valles, SLP",21.9833,-99.0167,5,1.9,23.04,15.24,1.9599999999999982,7.619999999999999,11.179999999999986,0,0
2022-11-13,slp,"Cd. Valles, SLP",21.9833,-99.0167,5,0.04,24.91,12.89,1.9599999999999982,7.659999999999999,11.179999999999986,0,0
2022-11-14,slp,"Cd. Valles, SLP",21.9833,-99.0167,5,0.03,31.67,15.75,1.9699999999999982,5.04,11.009999999999986,0,0
2022-11-15,slp,"Cd. Valles, SLP",21.9833,-99.0167,5,0.4,23.19,15.84,0.46999999999999825,4.19,9.869999999999987,0,0
2022-11-16,slp,"Cd. Valles, SLP",21.9833,-99.0167,5,1.37,22.43,13.95,1.7999999999999985,3.8000000000000003,9.599999999999985,0,0
2022-11-17,slp,"Cd. Valles, SLP",21.9833,-99.0167,5,5.24,20.6,12.19,7.009999999999999,9.0,14.709999999999987,1,0
2022-11-18,slp,"Cd. Valles, SLP",21.9833,-99.0167,5,2.29,26.44,13.37,8.899999999999999,11.27,16.999999999999986,0,0
2022-11-19,slp,"Cd. Valles, SLP",21.9833,-99.0167,5,0.54,26.64,12.64,8.07,9.91,17.529999999999987,0,0
2022-11-20,slp,"Cd. Valles, SLP",21.9833,-99.0167,5,4.19,16.1,12.24,7.02,14.059999999999999,21.719999999999985,0,0
2022-11-21,slp,"Cd. Valles, SLP",21.9833,-99.0167,5,1.7,18.27,12.68,6.43,15.73,20.769999999999985,0,0
2022-11-22,slp,"Cd. Valles, SLP",21.9833,-99.0167,5,1.41,23.06,12.05,7.299999999999999,16.74,20.929999999999986,0,0
2022-11-23,slp,"Cd. Valles, SLP",21.9833,-99.0167,5,0.01,27.63,14.18,3.1199999999999988,15.38,19.179999999999986,0,0
2022-11-24,slp,"Cd. Valles, SLP",21.9833,-99.0167,5,0.06,31.3,17.23,1.479999999999999,10.200000000000001,19.199999999999985,0,0
2022-11-25,slp,"Cd. Valles, SLP",21.9833,-99.0167,5,2.1,26.35,19.64,2.169999999999999,10.01,21.279999999999987,0,0
2022-11-26,slp,"Cd. Valles, SLP",21.9833,-99.0167,5,1.12,25.04,16.4,3.28,10.59,20.49999999999999,0,0
2022-11-27,slp,"Cd. Valles, SLP",21.9833,-99.0167,5,0.01,33.05,15.57,3.2299999999999995,6.41,20.469999999999985,0,0
2022-11-28,slp,"Cd. Valles, SLP",21.9833,-99.0167,5,0.03,30.57,18.58,1.1599999999999997,4.739999999999999,20.469999999999988,0,0
2022-11-29,slp,"Cd. Valles, SLP",21.9833,-99.0167,5,0.0,33.7,20.43,0.03999999999999956,3.33,20.069999999999986,0,0
2022-11-30,slp,"Cd. Valles, SLP",21.9833,-99.0167,5,24.88,29.94,16.7,24.91,28.2,43.579999999999984,1,1
2022-12-01,slp,"Cd. Valles, SLP",21.9833,-99.0167,5,9.28,24.67,15.75,34.16,37.42,47.61999999999998,2,0
2022-12-02,slp,"Cd. Valles, SLP",21.9833,-99.0167,5,0.11,28.28,17.79,34.269999999999996,35.43,45.43999999999998,0,0
2022-12-03,slp,"Cd. Valles, SLP",21.9833,-99.0167,5,3.0,28.11,18.2,12.389999999999999,37.31,47.899999999999984,0,0
2022-12-04,slp,"Cd. Valles, SLP",21.9833,-99.0167,5,3.92,28.13,19.45,7.029999999999999,41.22,47.62999999999998,0,0
2022-12-05,slp,"Cd. Valles, SLP",21.9833,-99.0167,5,0.06,28.66,17.18,6.9799999999999995,41.25,45.98999999999999,0,0
2022-12-06,slp,"Cd. Valles, SLP",21.9833,-99.0167,5,0.04,29.5,17.29,4.02,41.29,44.61999999999998,0,0
2022-12-07,slp,"Cd. Valles, SLP",21.9833,-99.0167,5,0.14,29.37,19.98,0.24000000000000002,16.55,44.749999999999986,0,0
2022-12-08,slp,"Cd. Valles, SLP",21.9833,-99.0167,5,0.29,28.54,18.89,0.47,7.56,44.97999999999998,0,0
2022-12-09,slp,"Cd. Valles, SLP",21.9833,-99.0167,5,0.0,27.91,16.96,0.43000000000000005,7.449999999999999,42.87999999999999,0,0
2022-12-10,slp,"Cd. Valles, SLP",21.9833,-99.0167,5,0.0,28.73,17.17,0.29000000000000004,4.449999999999999,41.759999999999984,0,0
2022-12-11,slp,"Cd. Valles, SLP",21.9833,-99.0167,5,0.0,29.09,17.07,0.0,0.53,41.749999999999986,0,0
2022-12-12,slp,"Cd. Valles, SLP",21.9833,-99.0167,5,0.0,29.26,17.63,0.0,0.47000000000000003,41.719999999999985,0,0
2022-12-13,slp,"Cd. Valles, SLP",21.9833,-99.0167,5,0.0,34.29,17.71,0.0,0.43000000000000005,41.719999999999985,0,0
2022-12-14,slp,"Cd. Valles, SLP",21.9833,-99.0167,5,0.0,32.18,15.47,0.0,0.29000000000000004,16.839999999999986,0,0
2022-12-15,slp,"Cd. Valles, SLP",21.9833,-99.0167,5,0.0,26.67,14.19,0.0,0.0,7.559999999999985,0,0
2022-12-16,slp,"Cd. Valles, SLP",21.9833,-99.0167,5,0.06,27.92,15.47,0.06,0.06,7.509999999999986,0,0
2022-12-17,slp,"Cd. Valles, SLP",21.9833,-99.0167,5,0.37,24.03,14.36,0.43,0.43,4.879999999999986,0,0
2022-12-18,slp,"Cd. Valles, SLP",21.9833,-99.0167,5,0.09,21.95,13.61,0.52,0.52,1.0499999999999858,0,0
2022-12-19,slp,"Cd. Valles, SLP",21.9833,-99.0167,5,0.0,28.98,15.93,0.45999999999999996,0.52,0.9899999999999858,0,0
2022-12-20,slp,"Cd. Valles, SLP",21.9833,-99.0167,5,0.32,25.29,14.15,0.41000000000000003,0.84,1.2699999999999858,0,0
2022-12-21,slp,"Cd. Valles, SLP",21.9833,-99.0167,5,0.0,21.67,12.73,0.32000000000000006,0.84,1.1299999999999857,0,0
2022-12-22,slp,"Cd. Valles, SLP",21.9833,-99.0167,5,0.0,28.2,13.02,0.32000000000000006,0.84,0.8399999999999858,0,0
2022-12-23,slp,"Cd. Valles, SLP",21.9833,-99.0167,5,1.85,16.05,6.09,1.85,2.63,2.6899999999999857,0,0
2022-12-24,slp,"Cd. Valles, SLP",21.9833,-99.0167,5,0.5,12.75,4.29,2.35,2.76,3.1899999999999857,0,0
2022-12-25,slp,"Cd. Valles, SLP",21.9833,-99.0167,5,6.61,12.81,4.15,8.96,9.280000000000001,9.799999999999986,1,0
2022-12-26,slp,"Cd. Valles, SLP",21.9833,-99.0167,5,0.08,23.49,8.45,7.19,9.36,9.879999999999985,0,0
2022-12-27,slp,"Cd. Valles, SLP",21.9833,-99.0167,5,0.18,22.31,13.67,6.869999999999999,9.22,10.059999999999986,0,0
2022-12-28,slp,"Cd. Valles, SLP",21.9833,-99.0167,5,0.0,27.91,11.58,0.26,9.22,10.059999999999986,0,0
2022-12-29,slp,"Cd. Valles, SLP",21.9833,-99.0167,5,0.01,33.08,14.27,0.19,9.23,10.069999999999986,0,0
2022-12-30,slp,"Cd. Valles, SLP",21.9833,-99.0167,5,0.0,32.51,15.06,0.01,7.38,10.009999999999986,0,0
2022-12-31,slp,"Cd. Valles, SLP",21.9833,-99.0167,5,0.0,29.42,17.97,0.01,6.88,9.639999999999986,0,0
2023-01-01,slp,"Cd. Valles, SLP",21.9833,-99.0167,5,0.03,30.94,17.81,0.03,0.3,9.579999999999986,0,0
2023-01-02,slp,"Cd. Valles, SLP",21.9833,-99.0167,5,0.01,34.48,18.24,0.04,0.22999999999999998,9.589999999999986,0,0
2023-01-03,slp,"Cd. Valles, SLP",21.9833,-99.0167,5,0.0,36.78,17.62,0.04,0.05,9.269999999999985,0,0
2023-01-04,slp,"Cd. Valles, SLP",21.9833,-99.0167,5,0.0,30.88,16.83,0.01,0.05,9.269999999999985,0,0
2023-01-05,slp,"Cd. Valles, SLP",21.9833,-99.0167,5,0.0,28.68,15.92,0.0,0.04,9.269999999999985,0,0
2023-01-06,slp,"Cd. Valles, SLP",21.9833,-99.0167,5,0.0,28.74,16.48,0.0,0.04,7.419999999999986,0,0
2023-01-07,slp,"Cd. Valles, SLP",21.9833,-99.0167,5,0.0,30.0,16.13,0.0,0.04,6.919999999999986,0,0
2023-01-08,slp,"Cd. Valles, SLP",21.9833,-99.0167,5,0.33,28.74,17.87,0.33,0.34,0.6399999999999849,0,0
2023-01-09,slp,"Cd. Valles, SLP",21.9833,-99.0167,5,0.3,28.67,17.72,0.63,0.63,0.859999999999985,0,0
2023-01-10,slp,"Cd. Valles, SLP",21.9833,-99.0167,5,0.03,29.32,17.43,0.66,0.66,0.7099999999999849,0,0
2023-01-11,slp,"Cd. Valles, SLP",21.9833,-99.0167,5,0.01,30.48,17.11,0.33999999999999997,0.67,0.7199999999999849,0,0
2023-01-12,slp,"Cd. Valles, SLP",21.9833,-99.0167,5,0.03,30.48,15.54,0.07,0.7,0.7399999999999849,0,0
2023-01-13,slp,"Cd. Valles, SLP",21.9833,-99.0167,5,0.06,24.42,11.15,0.1,0.76,0.7999999999999848,0,0
2023-01-14,slp,"Cd. Valles, SLP",21.9833,-99.0167,5,0.0,24.14,9.43,0.09,0.76,0.7999999999999848,0,0
2023-01-15,slp,"Cd. Valles, SLP",21.9833,-99.0167,5,0.0,27.39,11.45,0.06,0.43,0.7699999999999848,0,0
2023-01-16,slp,"Cd. Valles, SLP",21.9833,-99.0167,5,0.0,36.31,14.09,0.0,0.13,0.7599999999999848,0,0
2023-01-17,slp,"Cd. Valles, SLP",21.9833,-99.0167,5,0.08,31.79,15.35,0.08,0.18,0.8399999999999849,0,0
2023-01-18,slp,"Cd. Valles, SLP",21.9833,-99.0167,5,0.05,37.04,14.92,0.13,0.21999999999999997,0.8899999999999848,0,0
2023-01-19,slp,"Cd. Valles, SLP",21.9833,-99.0167,5,0.19,29.38,17.7,0.32,0.38,1.079999999999985,0,0
2023-01-20,slp,"Cd. Valles, SLP",21.9833,-99.0167,5,0.05,29.33,16.64,0.29,0.37,1.1299999999999848,0,0
2023-01-21,slp,"Cd. Valles, SLP",21.9833,-99.0167,5,0.0,31.11,18.44,0.24,0.37,1.1299999999999848,0,0
2023-01-22,slp,"Cd. Valles, SLP",21.9833,-99.0167,5,1.15,27.62,17.29,1.2,1.52,1.9499999999999846,0,0
2023-01-23,slp,"Cd. Valles, SLP",21.9833,-99.0167,5,4.13,23.48,15.52,5.279999999999999,5.65,5.779999999999984,0,0
2023-01-24,slp,"Cd. Valles, SLP",21.9833,-99.0167,5,0.64,32.61,16.73,5.92,6.209999999999999,6.389999999999984,0,0
2023-01-25,slp,"Cd. Valles, SLP",21.9833,-99.0167,5,0.0,25.31,12.78,4.77,6.159999999999999,6.379999999999984,0,0
2023-01-26,slp,"Cd. Valles, SLP",21.9833,-99.0167,5,0.34,21.53,10.73,0.9800000000000009,6.31,6.689999999999984,0,0
2023-01-27,slp,"Cd. Valles, SLP",21.9833,-99.0167,5,0.22,21.47,13.46,0.5600000000000009,6.4799999999999995,6.8499999999999845,0,0
2023-01-28,slp,"Cd. Valles, SLP",21.9833,-99.0167,5,0.01,27.63,13.23,0.570000000000001,6.489999999999999,6.859999999999984,0,0
2023-01-29,slp,"Cd. Valles, SLP",21.9833,-99.0167,5,0.0,31.34,17.93,0.2300000000000009,5.34,6.859999999999984,0,0
2023-01-30,slp,"Cd. Valles, SLP",21.9833,-99.0167,5,0.0,31.57,18.21,0.010000000000000888,1.209999999999999,6.859999999999984,0,0
2023-01-31,slp,"Cd. Valles, SLP",21.9833,-99.0167,5,0.46,30.21,18.25,0.4600000000000009,1.0299999999999991,7.239999999999984,0,0
2023-02-01,slp,"Cd. Valles, SLP",21.9833,-99.0167,5,2.17,19.97,12.52,2.630000000000001,3.1999999999999993,9.359999999999985,0,0
2023-02-02,slp,"Cd. Valles, SLP",21.9833,-99.0167,5,0.69,25.15,12.17,3.3200000000000007,3.5499999999999994,9.859999999999985,0,0
2023-02-03,slp,"Cd. Valles, SLP",21.9833,-99.0167,5,0.13,22.94,11.71,2.9900000000000007,3.459999999999999,9.939999999999984,0,0
2023-02-04,slp,"Cd. Valles, SLP",21.9833,-99.0167,5,0.0,24.4,9.81,0.8200000000000008,3.4499999999999993,9.939999999999984,0,0
2023-02-05,slp,"Cd. Valles, SLP",21.9833,-99.0167,5,0.0,28.47,12.66,0.1300000000000009,3.4499999999999993,8.789999999999983,0,0
2023-02-06,slp,"Cd. Valles, SLP",21.9833,-99.0167,5,0.12,29.71,15.35,0.12000000000000088,3.5699999999999994,4.779999999999985,0,0
2023-02-07,slp,"Cd. Valles, SLP",21.9833,-99.0167,5,0.07,32.49,18.3,0.1900000000000009,3.1799999999999993,4.209999999999985,0,0
2023-02-08,slp,"Cd. Valles, SLP",21.9833,-99.0167,5,2.54,32.1,18.56,2.730000000000001,3.5499999999999994,6.749999999999985,0,0
2023-02-09,slp,"Cd. Valles, SLP",21.9833,-99.0167,5,0.88,26.2,15.82,3.4900000000000007,3.7399999999999993,7.289999999999984,0,0
2023-02-10,slp,"Cd. Valles, SLP",21.9833,-99.0167,5,2.16,23.23,14.87,5.580000000000001,5.77,9.229999999999984,0,0
2023-02-11,slp,"Cd. Valles, SLP",21.9833,-99.0167,5,0.0,22.05,10.59,3.040000000000001,5.77,9.219999999999985,0,0
2023-02-12,slp,"Cd. Valles, SLP",21.9833,-99.0167,5,0.0,24.08,9.05,2.160000000000001,5.77,9.219999999999985,0,0
2023-02-13,slp,"Cd. Valles, SLP",21.9833,-99.0167,5,0.0,27.86,11.92,0.0,5.6499999999999995,9.219999999999985,0,0
2023-02-14,slp,"Cd. Valles, SLP",21.9833,-99.0167,5,0.0,36.78,15.98,0.0,5.579999999999999,8.759999999999984,0,0
2023-02-15,slp,"Cd. Valles, SLP",21.9833,-99.0167,5,0.0,38.49,18.53,0.0,3.0399999999999996,6.589999999999985,0,0
2023-02-16,slp,"Cd. Valles, SLP",21.9833,-99.0167,5,0.0,33.77,15.92,0.0,2.1599999999999997,5.899999999999984,0,0
2023-02-17,slp,"Cd. Valles, SLP",21.9833,-99.0167,5,0.0,21.98,11.06,0.0,0.0,5.7699999999999845,0,0
2023-02-18,slp,"Cd. Valles, SLP",21.9833,-99.0167,5,0.0,23.61,9.01,0.0,0.0,5.7699999999999845,0,0
2023-02-19,slp,"Cd. Valles, SLP",21.9833,-99.0167,5,0.0,28.49,10.92,0.0,0.0,5.7699999999999845,0,0
2023-02-20,slp,"Cd. Valles, SLP",21.9833,-99.0167,5,0.0,31.92,16.4,0.0,0.0,5.649999999999984,0,0
2023-02-21,slp,"Cd. Valles, SLP",21.9833,-99.0167,5,0.0,33.61,18.04,0.0,0.0,5.579999999999985,0,0
2023-02-22,slp,"Cd. Valles, SLP",21.9833,-99.0167,5,0.0,41.32,19.17,0.0,0.0,3.039999999999985,0,0
2023-02-23,slp,"Cd. Valles, SLP",21.9833,-99.0167,5,0.0,40.31,19.51,0.0,0.0,2.159999999999985,0,0
2023-02-24,slp,"Cd. Valles, SLP",21.9833,-99.0167,5,0.0,35.13,19.68,0.0,0.0,0.0,0,0
2023-02-25,slp,"Cd. Valles, SLP",21.9833,-99.0167,5,0.13,32.6,20.24,0.1300000000000009,0.12999999999999956,0.1299999999999849,0,0
2023-02-26,slp,"Cd. Valles, SLP",21.9833,-99.0167,5,0.06,34.76,20.35,0.1900000000000009,0.18999999999999956,0.1899999999999849,0,0
2023-02-27,slp,"Cd. Valles, SLP",21.9833,-99.0167,5,0.0,38.99,20.5,0.1900000000000009,0.18999999999999956,0.1899999999999849,0,0
2023-02-28,slp,"Cd. Valles, SLP",21.9833,-99.0167,5,0.03,38.23,21.25,0.09000000000000088,0.21999999999999956,0.2199999999999849,0,0
2023-03-01,slp,"Cd. Valles, SLP",21.9833,-99.0167,5,0.02,41.03,21.23,0.05000000000000089,0.23999999999999955,0.2399999999999849,0,0
2023-03-02,slp,"Cd. Valles, SLP",21.9833,-99.0167,5,0.0,46.35,21.53,0.05000000000000089,0.23999999999999955,0.2399999999999849,0,0
2023-03-03,slp,"Cd. Valles, SLP",21.9833,-99.0167,5,0.0,32.22,17.94,0.02000000000000089,0.23999999999999955,0.2399999999999849,0,0
2023-03-04,slp,"Cd. Valles, SLP",21.9833,-99.0167,5,0.0,32.82,16.27,0.0,0.10999999999999956,0.2399999999999849,0,0
2023-03-05,slp,"Cd. Valles, SLP",21.9833,-99.0167,5,0.0,32.23,19.14,0.0,0.04999999999999956,0.2399999999999849,0,0
2023-03-06,slp,"Cd. Valles, SLP",21.9833,-99.0167,5,0.0,35.88,19.66,0.0,0.04999999999999956,0.2399999999999849,0,0
2023-03-07,slp,"Cd. Valles, SLP",21.9833,-99.0167,5,0.0,35.6,21.45,0.0,0.019999999999999556,0.2399999999999849,0,0
2023-03-08,slp,"Cd. Valles, SLP",21.9833,-99.0167,5,0.0,34.88,21.04,0.0,0.0,0.2399999999999849,0,0
2023-03-09,slp,"Cd. Valles, SLP",21.9833,-99.0167,5,0.0,35.34,20.13,0.0,0.0,0.2399999999999849,0,0
2023-03-10,slp,"Cd. Valles, SLP",21.9833,-99.0167,5,0.0,35.19,21.42,0.0,0.0,0.2399999999999849,0,0
2023-03-11,slp,"Cd. Valles, SLP",21.9833,-99.0167,5,0.01,36.84,20.69,0.010000000000000888,0.009999999999999556,0.1199999999999849,0,0
2023-03-12,slp,"Cd. Valles, SLP",21.9833,-99.0167,5,0.04,41.7,21.14,0.05000000000000089,0.04999999999999956,0.0999999999999849,0,0
2023-03-13,slp,"Cd. Valles, SLP",21.9833,-99.0167,5,2.41,31.84,21.76,2.460000000000001,2.4599999999999995,2.509999999999985,0,0
2023-03-14,slp,"Cd. Valles, SLP",21.9833,-99.0167,5,5.42,33.0,20.27,7.870000000000001,7.879999999999999,7.899999999999985,1,0
2023-03-15,slp,"Cd. Valles, SLP",21.9833,-99.0167,5,4.34,30.13,21.25,12.170000000000002,12.219999999999999,12.219999999999985,0,0
2023-03-16,slp,"Cd. Valles, SLP",21.9833,-99.0167,5,0.04,36.31,20.95,9.8,12.259999999999998,12.259999999999984,0,0
2023-03-17,slp,"Cd. Valles, SLP",21.9833,-99.0167,5,0.01,32.19,17.73,4.390000000000001,12.27,12.269999999999985,0,0
2023-03-18,slp,"Cd. Valles, SLP",21.9833,-99.0167,5,0.36,27.43,14.62,0.41000000000000086,12.62,12.629999999999985,0,0
2023-03-19,slp,"Cd. Valles, SLP",21.9833,-99.0167,5,1.01,17.23,11.39,1.3800000000000008,13.589999999999998,13.639999999999985,0,0
2023-03-20,slp,"Cd. Valles, SLP",21.9833,-99.0167,5,0.07,26.02,12.46,1.440000000000001,11.25,13.709999999999985,0,0
2023-03-21,slp,"Cd. Valles, SLP",21.9833,-99.0167,5,0.01,33.71,15.83,1.090000000000001,5.839999999999999,13.719999999999985,0,0
2023-03-22,slp,"Cd. Valles, SLP",21.9833,-99.0167,5,0.1,34.93,20.66,0.1800000000000011,1.599999999999999,13.819999999999984,0,0
2023-03-23,slp,"Cd. Valles, SLP",21.9833,-99.0167,5,0.07,36.22,20.85,0.1800000000000011,1.629999999999999,13.889999999999985,0,0
2023-03-24,slp,"Cd. Valles, SLP",21.9833,-99.0167,5,0.0,45.07,21.0,0.1700000000000011,1.619999999999999,13.889999999999985,0,0
2023-03-25,slp,"Cd. Valles, SLP",21.9833,-99.0167,5,0.0,40.51,23.54,0.07000000000000112,1.2599999999999991,13.879999999999985,0,0
2023-03-26,slp,"Cd. Valles, SLP",21.9833,-99.0167,5,0.0,39.1,22.94,0.0,0.2499999999999991,13.839999999999986,0,0
2023-03-27,slp,"Cd. Valles, SLP",21.9833,-99.0167,5,0.0,36.69,22.88,0.0,0.1799999999999991,11.429999999999986,0,0
2023-03-28,slp,"Cd. Valles, SLP",21.9833,-99.0167,5,3.31,35.01,22.43,3.3100000000000014,3.479999999999999,9.319999999999984,0,0
2023-03-29,slp,"Cd. Valles, SLP",21.9833,-99.0167,5,2.93,30.87,18.98,6.240000000000001,6.309999999999999,7.909999999999985,0,0
2023-03-30,slp,"Cd. Valles, SLP",21.9833,-99.0167,5,0.08,34.35,19.99,6.320000000000001,6.3199999999999985,7.949999999999985,0,0
2023-03-31,slp,"Cd. Valles, SLP",21.9833,-99.0167,5,0.0,36.73,21.07,3.010000000000001,6.3199999999999985,7.939999999999985,0,0
2023-04-01,slp,"Cd. Valles, SLP",21.9833,-99.0167,5,0.41,34.4,23.21,0.4900000000000009,6.729999999999999,7.989999999999985,0,0
2023-04-02,slp,"Cd. Valles, SLP",21.9833,-99.0167,5,0.23,34.67,22.25,0.6400000000000009,6.959999999999999,7.209999999999985,0,0
2023-04-03,slp,"Cd. Valles, SLP",21.9833,-99.0167,5,0.0,39.25,22.22,0.6400000000000009,6.959999999999999,7.139999999999985,0,0
2023-04-04,slp,"Cd. Valles, SLP",21.9833,-99.0167,5,0.0,42.36,22.81,0.2300000000000009,3.6499999999999995,7.129999999999985,0,0
2023-04-05,slp,"Cd. Valles, SLP",21.9833,-99.0167,5,0.15,39.92,24.6,0.15000000000000088,0.8699999999999991,7.1799999999999855,0,0
2023-04-06,slp,"Cd. Valles, SLP",21.9833,-99.0167,5,17.17,31.92,20.33,17.320000000000004,17.96,24.279999999999987,1,0
2023-04-07,slp,"Cd. Valles, SLP",21.9833,-99.0167,5,3.67,28.02,17.92,20.990000000000002,21.630000000000003,27.94999999999999,0,0
2023-04-08,slp,"Cd. Valles, SLP",21.9833,-99.0167,5,2.89,28.45,18.51,23.730000000000004,24.11,30.839999999999986,0,0
2023-04-09,slp,"Cd. Valles, SLP",21.9833,-99.0167,5,0.39,31.34,19.52,6.950000000000004,24.27,31.229999999999986,0,0
2023-04-10,slp,"Cd. Valles, SLP",21.9833,-99.0167,5,16.73,29.78,20.58,20.010000000000005,41.0,47.95999999999999,1,0
2023-04-11,slp,"Cd. Valles, SLP",21.9833,-99.0167,5,11.66,30.12,19.88,28.780000000000005,52.66,56.30999999999999,2,0
2023-04-12,slp,"Cd. Valles, SLP",21.9833,-99.0167,5,1.43,30.92,18.23,29.820000000000004,53.940000000000005,54.80999999999999,0,0
2023-04-13,slp,"Cd. Valles, SLP",21.9833,-99.0167,5,0.0,32.84,19.13,13.090000000000003,36.77,54.72999999999999,0,0
2023-04-14,slp,"Cd. Valles, SLP",21.9833,-99.0167,5,0.0,39.24,19.94,1.4300000000000035,33.1,54.72999999999999,0,0
2023-04-15,slp,"Cd. Valles, SLP",21.9833,-99.0167,5,0.0,39.67,23.07,0.0,30.21,54.31999999999999,0,0
2023-04-16,slp,"Cd. Valles, SLP",21.9833,-99.0167,5,0.0,33.47,22.27,0.0,29.82,54.08999999999999,0,0
2023-04-17,slp,"Cd. Valles, SLP",21.9833,-99.0167,5,0.0,32.68,20.65,0.0,13.09,54.08999999999999,0,0
2023-04-18,slp,"Cd. Valles, SLP",21.9833,-99.0167,5,0.0,36.9,22.05,0.0,1.43,54.08999999999999,0,0
2023-04-19,slp,"Cd. Valles, SLP",21.9833,-99.0167,5,0.0,36.74,23.17,0.0,0.0,53.93999999999999,0,0
2023-04-20,slp,"Cd. Valles, SLP",21.9833,-99.0167,5,0.0,37.14,24.39,0.0,0.0,36.76999999999999,0,0
2023-04-21,slp,"Cd. Valles, SLP",21.9833,-99.0167,5,0.04,38.67,24.25,0.040000000000003554,0.04,33.139999999999986,0,0
2023-04-22,slp,"Cd. Valles, SLP",21.9833,-99.0167,5,0.01,34.63,24.78,0.050000000000003555,0.05,30.259999999999987,0,0
2023-04-23,slp,"Cd. Valles, SLP",21.9833,-99.0167,5,11.78,37.98,23.82,11.830000000000004,11.83,41.649999999999984,1,0
2023-04-24,slp,"Cd. Valles, SLP",21.9833,-99.0167,5,7.6,31.31,21.82,19.390000000000004,19.43,32.51999999999998,2,0
2023-04-25,slp,"Cd. Valles, SLP",21.9833,-99.0167,5,1.42,36.55,21.29,20.800000000000004,20.85,22.279999999999987,0,0
2023-04-26,slp,"Cd. Valles, SLP",21.9833,-99.0167,5,0.1,36.53,22.03,9.120000000000003,20.95,20.949999999999985,0,0
2023-04-27,slp,"Cd. Valles, SLP",21.9833,-99.0167,5,3.67,38.38,23.79,5.190000000000003,24.62,24.619999999999987,0,0
2023-04-28,slp,"Cd. Valles, SLP",21.9833,-99.0167,5,4.34,38.39,23.72,8.110000000000003,28.92,28.959999999999987,0,0
2023-04-29,slp,"Cd. Valles, SLP",21.9833,-99.0167,5,8.81,32.34,18.56,16.820000000000004,37.72,37.76999999999998,1,0
2023-04-30,slp,"Cd. Valles, SLP",21.9833,-99.0167,5,0.0,34.26,17.32,13.150000000000004,25.939999999999998,37.76999999999998,0,0
2023-05-01,slp,"Cd. Valles, SLP",21.9833,-99.0167,5,0.0,36.16,18.48,8.810000000000004,18.34,37.76999999999998,0,0
2023-05-02,slp,"Cd. Valles, SLP",21.9833,-99.0167,5,0.0,40.84,21.65,0.0,16.92,37.76999999999998,0,0
2023-05-03,slp,"Cd. Valles, SLP",21.9833,-99.0167,5,0.0,35.22,24.13,0.0,16.82,37.76999999999998,0,0
2023-05-04,slp,"Cd. Valles, SLP",21.9833,-99.0167,5,0.0,36.16,24.23,0.0,13.15,37.76999999999998,0,0
2023-05-05,slp,"Cd. Valles, SLP",21.9833,-99.0167,5,0.0,37.38,24.78,0.0,8.81,37.72999999999999,0,0
2023-05-06,slp,"Cd. Valles, SLP",21.9833,-99.0167,5,0.0,39.12,24.97,0.0,0.0,37.719999999999985,0,0
2023-05-07,slp,"Cd. Valles, SLP",21.9833,-99.0167,5,0.0,36.22,24.87,0.0,0.0,25.939999999999987,0,0
2023-05-08,slp,"Cd. Valles, SLP",21.9833,-99.0167,5,8.13,37.52,24.69,8.130000000000004,8.13,26.469999999999985,1,0
2023-05-09,slp,"Cd. Valles, SLP",21.9833,-99.0167,5,7.38,37.38,24.28,15.510000000000005,15.510000000000002,32.429999999999986,2,0
2023-05-10,slp,"Cd. Valles, SLP",21.9833,-99.0167,5,0.45,39.1,25.55,15.960000000000004,15.96,32.77999999999998,0,0
2023-05-11,slp,"Cd. Valles, SLP",21.9833,-99.0167,5,0.0,42.84,25.7,7.830000000000004,15.96,29.109999999999985,0,0
2023-05-12,slp,"Cd. Valles, SLP",21.9833,-99.0167,5,5.17,38.17,26.3,5.620000000000004,21.130000000000003,29.93999999999999,1,0
2023-05-13,slp,"Cd. Valles, SLP",21.9833,-99.0167,5,16.49,33.7,25.87,21.660000000000004,37.62,37.61999999999998,2,0
2023-05-14,slp,"Cd. Valles, SLP",21.9833,-99.0167,5,1.51,33.17,24.08,23.17,39.129999999999995,39.12999999999998,0,0
2023-05-15,slp,"Cd. Valles, SLP",21.9833,-99.0167,5,1.08,35.19,22.96,19.08,32.08,40.20999999999999,0,0
2023-05-16,slp,"Cd. Valles, SLP",21.9833,-99.0167,5,0.63,34.15,22.98,3.2200000000000037,25.329999999999995,40.83999999999998,0,0
2023-05-17,slp,"Cd. Valles, SLP",21.9833,-99.0167,5,2.63,35.83,23.43,4.340000000000003,27.509999999999998,43.469999999999985,0,0
2023-05-18,slp,"Cd. Valles, SLP",21.9833,-99.0167,5,0.58,36.4,24.08,3.8400000000000034,28.089999999999996,44.04999999999998,0,0
2023-05-19,slp,"Cd. Valles, SLP",21.9833,-99.0167,5,0.0,34.63,25.29,3.2100000000000035,22.919999999999995,44.04999999999998,0,0
2023-05-20,slp,"Cd. Valles, SLP",21.9833,-99.0167,5,0.0,31.39,25.06,0.5800000000000035,6.43,44.04999999999998,0,0
2023-05-21,slp,"Cd. Valles, SLP",21.9833,-99.0167,5,1.49,35.07,23.16,1.4900000000000035,6.41,45.539999999999985,0,0
2023-05-22,slp,"Cd. Valles, SLP",21.9833,-99.0167,5,0.32,37.4,23.33,1.8100000000000036,5.65,37.72999999999998,0,0
2023-05-23,slp,"Cd. Valles, SLP",21.9833,-99.0167,5,0.0,36.88,23.19,1.8100000000000036,5.0200000000000005,30.34999999999998,0,0
2023-05-24,slp,"Cd. Valles, SLP",21.9833,-99.0167,5,0.0,37.17,23.69,0.32000000000000356,2.3899999999999997,29.89999999999998,0,0
2023-05-25,slp,"Cd. Valles, SLP",21.9833,-99.0167,5,0.0,36.91,24.21,0.0,1.8099999999999998,29.89999999999998,0,0
2023-05-26,slp,"Cd. Valles, SLP",21.9833,-99.0167,5,0.0,36.78,23.34,0.0,1.81,24.729999999999983,0,0
2023-05-27,slp,"Cd. Valles, SLP",21.9833,-99.0167,5,0.0,36.64,23.28,0.0,1.81,8.239999999999982,0,0
2023-05-28,slp,"Cd. Valles, SLP",21.9833,-99.0167,5,0.31,37.41,23.22,0.31000000000000355,0.6299999999999998,7.039999999999982,0,0
2023-05-29,slp,"Cd. Valles, SLP",21.9833,-99.0167,5,1.01,40.14,24.53,1.3200000000000036,1.3199999999999998,6.969999999999983,0,0
2023-05-30,slp,"Cd. Valles, SLP",21.9833,-99.0167,5,4.64,37.98,25.24,5.9600000000000035,5.959999999999999,10.979999999999983,0,0
2023-05-31,slp,"Cd. Valles, SLP",21.9833,-99.0167,5,0.74,36.82,24.52,6.390000000000004,6.7,9.08999999999998,0,0
2023-06-01,slp,"Cd. Valles, SLP",21.9833,-99.0167,5,0.03,37.52,24.57,5.410000000000003,6.7299999999999995,8.539999999999981,0,0
2023-06-02,slp,"Cd. Valles, SLP",21.9833,-99.0167,5,0.1,36.93,25.96,0.8700000000000035,6.83,8.639999999999981,0,0
2023-06-03,slp,"Cd. Valles, SLP",21.9833,-99.0167,5,0.23,37.66,25.47,0.36000000000000354,7.06,8.869999999999981,0,0
2023-06-04,slp,"Cd. Valles, SLP",21.9833,-99.0167,5,1.35,37.5,24.4,1.6800000000000037,8.100000000000001,8.729999999999983,0,0
2023-06-05,slp,"Cd. Valles, SLP",21.9833,-99.0167,5,5.3,36.64,23.83,6.8800000000000034,12.39,13.709999999999981,1,0
2023-06-06,slp,"Cd. Valles, SLP",21.9833,-99.0167,5,3.77,37.06,23.73,10.420000000000003,11.52,17.479999999999983,0,0
2023-06-07,slp,"Cd. Valles, SLP",21.9833,-99.0167,5,0.76,38.12,23.46,9.830000000000004,11.54,18.23999999999998,0,0
2023-06-08,slp,"Cd. Valles, SLP",21.9833,-99.0167,5,0.7,37.5,25.1,5.230000000000004,12.21,18.93999999999998,0,0
2023-06-09,slp,"Cd. Valles, SLP",21.9833,-99.0167,5,0.39,39.85,26.52,1.8500000000000036,12.5,19.32999999999998,0,0
2023-06-10,slp,"Cd. Valles, SLP",21.9833,-99.0167,5,0.0,39.74,26.58,1.0900000000000034,12.27,19.32999999999998,0,0
2023-06-11,slp,"Cd. Valles, SLP",21.9833,-99.0167,5,0.0,40.34,27.06,0.39000000000000357,10.919999999999998,19.019999999999982,0,0
2023-06-12,slp,"Cd. Valles, SLP",21.9833,-99.0167,5,0.0,41.3,27.09,0.0,5.62,18.00999999999998,0,0
2023-06-13,slp,"Cd. Valles, SLP",21.9833,-99.0167,5,0.0,42.7,26.71,0.0,1.85,13.369999999999981,0,0
2023-06-14,slp,"Cd. Valles, SLP",21.9833,-99.0167,5,0.0,44.34,27.52,0.0,1.0899999999999999,12.629999999999981,0,0
2023-06-15,slp,"Cd. Valles, SLP",21.9833,-99.0167,5,0.0,43.94,27.16,0.0,0.39,12.599999999999982,0,0
2023-06-16,slp,"Cd. Valles, SLP",21.9833,-99.0167,5,0.0,43.73,28.28,0.0,0.0,12.499999999999982,0,0
2023-06-17,slp,"Cd. Valles, SLP",21.9833,-99.0167,5,0.0,43.27,28.55,0.0,0.0,12.269999999999982,0,0
2023-06-18,slp,"Cd. Valles, SLP",21.9833,-99.0167,5,0.0,44.73,28.28,0.0,0.0,10.91999999999998,0,0
2023-06-19,slp,"Cd. Valles, SLP",21.9833,-99.0167,5,0.0,45.32,27.43,0.0,0.0,5.619999999999982,0,0
2023-06-20,slp,"Cd. Valles, SLP",21.9833,-99.0167,5,0.0,44.89,26.47,0.0,0.0,1.8499999999999823,0,0
2023-06-21,slp,"Cd. Valles, SLP",21.9833,-99.0167,5,0.0,45.69,26.94,0.0,0.0,1.089999999999982,0,0
2023-06-22,slp,"Cd. Valles, SLP",21.9833,-99.0167,5,0.0,43.62,27.2,0.0,0.0,0.38999999999998225,0,0
2023-06-23,slp,"Cd. Valles, SLP",21.9833,-99.0167,5,0.0,42.45,27.57,0.0,0.0,0.0,0,0
2023-06-24,slp,"Cd. Valles, SLP",21.9833,-99.0167,5,0.0,40.85,28.02,0.0,0.0,0.0,0,0
2023-06-25,slp,"Cd. Valles, SLP",21.9833,-99.0167,5,0.0,38.28,27.7,0.0,0.0,0.0,0,0
2023-06-26,slp,"Cd. Valles, SLP",21.9833,-99.0167,5,0.0,38.95,26.31,0.0,0.0,0.0,0,0
2023-06-27,slp,"Cd. Valles, SLP",21.9833,-99.0167,5,0.0,40.35,26.62,0.0,0.0,0.0,0,0
2023-06-28,slp,"Cd. Valles, SLP",21.9833,-99.0167,5,0.0,38.72,26.06,0.0,0.0,0.0,0,0
2023-06-29,slp,"Cd. Valles, SLP",21.9833,-99.0167,5,0.0,38.13,27.17,0.0,0.0,0.0,0,0
2023-06-30,slp,"Cd. Valles, SLP",21.9833,-99.0167,5,0.0,36.67,27.56,0.0,0.0,0.0,0,0
2023-07-01,slp,"Cd. Valles, SLP",21.9833,-99.0167,5,0.0,39.23,27.21,0.0,0.0,0.0,0,0
2023-07-02,slp,"Cd. Valles, SLP",21.9833,-99.0167,5,0.0,39.96,26.73,0.0,0.0,0.0,0,0
2023-07-03,slp,"Cd. Valles, SLP",21.9833,-99.0167,5,0.0,40.61,26.3,0.0,0.0,0.0,0,0
2023-07-04,slp,"Cd. Valles, SLP",21.9833,-99.0167,5,0.0,40.16,26.84,0.0,0.0,0.0,0,0
2023-07-05,slp,"Cd. Valles, SLP",21.9833,-99.0167,5,0.03,40.39,27.31,0.03000000000000355,0.03,0.029999999999982235,0,0
2023-07-06,slp,"Cd. Valles, SLP",21.9833,-99.0167,5,12.14,32.22,26.46,12.170000000000003,12.17,12.169999999999982,1,0
2023-07-07,slp,"Cd. Valles, SLP",21.9833,-99.0167,5,11.67,31.9,25.71,23.840000000000003,23.84,23.839999999999982,2,0
2023-07-08,slp,"Cd. Valles, SLP",21.9833,-99.0167,5,5.87,34.37,25.53,29.680000000000003,29.71,29.709999999999983,3,0
2023-07-09,slp,"Cd. Valles, SLP",21.9833,-99.0167,5,0.41,37.66,25.83,17.950000000000006,30.12,30.119999999999983,0,0
2023-07-10,slp,"Cd. Valles, SLP",21.9833,-99.0167,5,0.3,34.65,26.73,6.580000000000004,30.42,30.41999999999998,0,0
2023-07-11,slp,"Cd. Valles, SLP",21.9833,-99.0167,5,0.08,34.92,26.04,0.7900000000000035,30.5,30.499999999999982,0,0
2023-07-12,slp,"Cd. Valles, SLP",21.9833,-99.0167,5,0.0,35.66,25.94,0.38000000000000356,30.47,30.499999999999982,0,0
2023-07-13,slp,"Cd. Valles, SLP",21.9833,-99.0167,5,0.0,37.43,26.25,0.08000000000000355,18.33,30.499999999999982,0,0
2023-07-14,slp,"Cd. Valles, SLP",21.9833,-99.0167,5,0.0,35.73,26.12,0.0,6.66,30.499999999999982,0,0
2023-07-15,slp,"Cd. Valles, SLP",21.9833,-99.0167,5,0.0,36.04,25.85,0.0,0.7899999999999999,30.499999999999982,0,0
2023-07-16,slp,"Cd. Valles, SLP",21.9833,-99.0167,5,0.07,36.73,25.98,0.07000000000000356,0.45,30.569999999999983,0,0
2023-07-17,slp,"Cd. Valles, SLP",21.9833,-99.0167,5,0.2,37.33,26.44,0.27000000000000357,0.35000000000000003,30.769999999999982,0,0
2023-07-18,slp,"Cd. Valles, SLP",21.9833,-99.0167,5,0.24,34.72,25.78,0.5100000000000036,0.51,31.009999999999984,0,0
2023-07-19,slp,"Cd. Valles, SLP",21.9833,-99.0167,5,0.45,37.59,25.99,0.8900000000000036,0.96,31.429999999999982,0,0
2023-07-20,slp,"Cd. Valles, SLP",21.9833,-99.0167,5,0.18,37.66,25.79,0.8700000000000034,1.1400000000000001,19.469999999999985,0,0
2023-07-21,slp,"Cd. Valles, SLP",21.9833,-99.0167,5,0.17,35.56,26.23,0.8000000000000035,1.31,7.969999999999982,0,0
2023-07-22,slp,"Cd. Valles, SLP",21.9833,-99.0167,5,0.1,38.95,26.29,0.45000000000000356,1.4100000000000001,2.1999999999999824,0,0
2023-07-23,slp,"Cd. Valles, SLP",21.9833,-99.0167,5,0.55,38.21,26.4,0.8200000000000036,1.8900000000000001,2.339999999999982,0,0
2023-07-24,slp,"Cd. Valles, SLP",21.9833,-99.0167,5,12.65,32.44,26.06,13.300000000000004,14.34,14.689999999999984,1,0
2023-07-25,slp,"Cd. Valles, SLP",21.9833,-99.0167,5,3.3,32.18,25.26,16.500000000000004,17.4,17.909999999999982,0,0
2023-07-26,slp,"Cd. Valles, SLP",21.9833,-99.0167,5,1.84,35.55,24.43,17.790000000000003,18.79,19.749999999999982,0,0
2023-07-27,slp,"Cd. Valles, SLP",21.9833,-99.0167,5,0.66,35.35,24.6,5.800000000000003,19.27,20.409999999999982,0,0
2023-07-28,slp,"Cd. Valles, SLP",21.9833,-99.0167,5,1.64,35.19,23.5,4.140000000000004,20.74,22.049999999999983,0,0
2023-07-29,slp,"Cd. Valles, SLP",21.9833,-99.0167,5,0.58,36.72,24.97,2.880000000000004,21.220000000000002,22.62999999999998,0,0
2023-07-30,slp,"Cd. Valles, SLP",21.9833,-99.0167,5,6.27,32.74,25.65,8.490000000000004,26.939999999999998,28.82999999999998,1,0
2023-07-31,slp,"Cd. Valles, SLP",21.9833,-99.0167,5,0.06,37.81,24.6,6.910000000000003,14.35,28.68999999999998,0,0
2023-08-01,slp,"Cd. Valles, SLP",21.9833,-99.0167,5,0.6,38.62,25.29,6.930000000000004,11.65,29.04999999999998,0,0
2023-08-02,slp,"Cd. Valles, SLP",21.9833,-99.0167,5,1.36,34.08,26.32,2.0200000000000045,11.169999999999998,29.95999999999998,0,0
2023-08-03,slp,"Cd. Valles, SLP",21.9833,-99.0167,5,0.33,37.69,25.47,2.2900000000000045,10.839999999999998,30.10999999999998,0,0
2023-08-04,slp,"Cd. Valles, SLP",21.9833,-99.0167,5,0.22,38.71,25.27,1.9100000000000046,9.42,30.159999999999982,0,0
2023-08-05,slp,"Cd. Valles, SLP",21.9833,-99.0167,5,0.17,37.64,26.31,0.7200000000000044,9.01,30.22999999999998,0,0
2023-08-06,slp,"Cd. Valles, SLP",21.9833,-99.0167,5,0.01,39.13,26.11,0.40000000000000446,2.75,29.68999999999998,0,0
2023-08-07,slp,"Cd. Valles, SLP",21.9833,-99.0167,5,0.0,38.87,26.35,0.18000000000000446,2.69,17.039999999999978,0,0
2023-08-08,slp,"Cd. Valles, SLP",21.9833,-99.0167,5,0.0,39.51,26.57,0.010000000000004441,2.09,13.73999999999998,0,0
2023-08-09,slp,"Cd. Valles, SLP",21.9833,-99.0167,5,0.01,41.11,26.94,0.010000000000004441,0.74,11.909999999999979,0,0
2023-08-10,slp,"Cd. Valles, SLP",21.9833,-99.0167,5,0.0,40.33,26.95,0.010000000000004441,0.41000000000000003,11.249999999999979,0,0
2023-08-11,slp,"Cd. Valles, SLP",21.9833,-99.0167,5,0.0,35.7,28.09,0.010000000000004441,0.19,9.60999999999998,0,0
2023-08-12,slp,"Cd. Valles, SLP",21.9833,-99.0167,5,0.18,36.43,27.52,0.18000000000000443,0.19999999999999998,9.20999999999998,0,0
2023-08-13,slp,"Cd. Valles, SLP",21.9833,-99.0167,5,4.22,36.84,26.02,4.400000000000004,4.41,7.159999999999981,0,0
2023-08-14,slp,"Cd. Valles, SLP",21.9833,-99.0167,5,3.61,36.42,25.98,8.010000000000003,8.02,10.709999999999981,0,0
2023-08-15,slp,"Cd. Valles, SLP",21.9833,-99.0167,5,3.36,33.21,25.82,11.190000000000005,11.379999999999999,13.469999999999981,0,0
2023-08-16,slp,"Cd. Valles, SLP",21.9833,-99.0167,5,1.39,36.99,24.55,8.360000000000005,12.76,13.49999999999998,0,0
2023-08-17,slp,"Cd. Valles, SLP",21.9833,-99.0167,5,1.54,38.22,24.52,6.2900000000000045,14.3,14.70999999999998,0,0
2023-08-18,slp,"Cd. Valles, SLP",21.9833,-99.0167,5,3.61,36.67,25.37,6.5400000000000045,17.91,18.09999999999998,0,0
2023-08-19,slp,"Cd. Valles, SLP",21.9833,-99.0167,5,0.95,33.3,25.94,6.100000000000005,18.68,18.879999999999978,0,0
2023-08-20,slp,"Cd. Valles, SLP",21.9833,-99.0167,5,3.69,38.69,25.21,8.250000000000004,18.15,22.55999999999998,0,0
2023-08-21,slp,"Cd. Valles, SLP",21.9833,-99.0167,5,4.72,36.63,24.9,9.360000000000003,19.259999999999998,27.27999999999998,0,0
2023-08-22,slp,"Cd. Valles, SLP",21.9833,-99.0167,5,0.34,38.9,25.38,8.750000000000005,16.240000000000002,27.61999999999998,0,0
2023-08-23,slp,"Cd. Valles, SLP",21.9833,-99.0167,5,12.64,33.75,26.06,17.700000000000006,27.490000000000002,40.24999999999998,1,0
2023-08-24,slp,"Cd. Valles, SLP",21.9833,-99.0167,5,7.02,35.42,25.15,20.000000000000007,32.97,47.26999999999998,2,0
2023-08-25,slp,"Cd. Valles, SLP",21.9833,-99.0167,5,5.63,33.97,24.18,25.290000000000006,34.99,52.89999999999998,3,0
2023-08-26,slp,"Cd. Valles, SLP",21.9833,-99.0167,5,6.04,35.38,23.76,18.690000000000005,40.08,58.75999999999998,4,0
2023-08-27,slp,"Cd. Valles, SLP",21.9833,-99.0167,5,3.3,36.26,24.7,14.970000000000006,39.69,57.83999999999998,0,0
2023-08-28,slp,"Cd. Valles, SLP",21.9833,-99.0167,5,0.29,39.1,24.9,9.630000000000006,35.26,54.51999999999998,0,0
2023-08-29,slp,"Cd. Valles, SLP",21.9833,-99.0167,5,0.02,40.72,25.23,3.610000000000005,34.94,51.179999999999986,0,0
2023-08-30,slp,"Cd. Valles, SLP",21.9833,-99.0167,5,0.93,38.94,25.98,1.2400000000000053,23.229999999999997,50.719999999999985,0,0
2023-08-31,slp,"Cd. Valles, SLP",21.9833,-99.0167,5,1.05,39.6,25.69,2.0000000000000053,17.26,50.22999999999998,0,0
2023-09-01,slp,"Cd. Valles, SLP",21.9833,-99.0167,5,0.0,39.54,25.01,1.9800000000000053,11.629999999999999,46.61999999999998,0,0
2023-09-02,slp,"Cd. Valles, SLP",21.9833,-99.0167,5,0.03,38.51,26.22,1.0800000000000054,5.62,45.69999999999998,0,0
2023-09-03,slp,"Cd. Valles, SLP",21.9833,-99.0167,5,0.01,39.1,25.06,0.04000000000000533,2.33,42.01999999999998,0,0
2023-09-04,slp,"Cd. Valles, SLP",21.9833,-99.0167,5,0.0,37.33,26.0,0.04000000000000533,2.04,37.29999999999998,0,0
2023-09-05,slp,"Cd. Valles, SLP",21.9833,-99.0167,5,0.21,38.92,25.61,0.22000000000000533,2.23,37.16999999999998,0,0
2023-09-06,slp,"Cd. Valles, SLP",21.9833,-99.0167,5,0.45,35.57,27.02,0.6600000000000054,1.75,24.97999999999998,0,0
2023-09-07,slp,"Cd. Valles, SLP",21.9833,-99.0167,5,0.22,38.04,25.39,0.8800000000000053,0.92,18.179999999999982,0,0
2023-09-08,slp,"Cd. Valles, SLP",21.9833,-99.0167,5,0.14,37.1,26.15,0.8100000000000054,1.06,12.689999999999982,0,0
2023-09-09,slp,"Cd. Valles, SLP",21.9833,-99.0167,5,0.13,39.0,25.72,0.4900000000000053,1.16,6.779999999999981,0,0
2023-09-10,slp,"Cd. Valles, SLP",21.9833,-99.0167,5,0.0,40.04,26.22,0.27000000000000535,1.15,3.4799999999999804,0,0
2023-09-11,slp,"Cd. Valles, SLP",21.9833,-99.0167,5,0.0,40.15,25.82,0.13000000000000528,1.15,3.1899999999999804,0,0
2023-09-12,slp,"Cd. Valles, SLP",21.9833,-99.0167,5,0.0,39.65,25.5,0.0,0.9400000000000001,3.1699999999999804,0,0
2023-09-13,slp,"Cd. Valles, SLP",21.9833,-99.0167,5,0.0,39.88,25.57,0.0,0.49,2.2399999999999807,0,0
2023-09-14,slp,"Cd. Valles, SLP",21.9833,-99.0167,5,0.0,39.51,26.3,0.0,0.27,1.1899999999999804,0,0
2023-09-15,slp,"Cd. Valles, SLP",21.9833,-99.0167,5,0.0,39.68,27.34,0.0,0.13,1.1899999999999804,0,0
2023-09-16,slp,"Cd. Valles, SLP",21.9833,-99.0167,5,0.99,39.06,26.48,0.9900000000000053,0.99,2.1499999999999804,0,0
2023-09-17,slp,"Cd. Valles, SLP",21.9833,-99.0167,5,6.44,36.82,26.23,7.430000000000006,7.430000000000001,8.57999999999998,1,0
2023-09-18,slp,"Cd. Valles, SLP",21.9833,-99.0167,5,3.22,36.1,25.23,10.650000000000006,10.65,11.799999999999981,0,0
2023-09-19,slp,"Cd. Valles, SLP",21.9833,-99.0167,5,0.08,38.5,25.06,9.740000000000006,10.73,11.66999999999998,0,0
2023-09-20,slp,"Cd. Valles, SLP",21.9833,-99.0167,5,0.0,39.41,25.38,3.3000000000000056,10.73,11.219999999999981,0,0
2023-09-21,slp,"Cd. Valles, SLP",21.9833,-99.0167,5,0.0,39.21,25.51,0.08000000000000533,10.73,10.99999999999998,0,0
2023-09-22,slp,"Cd. Valles, SLP",21.9833,-99.0167,5,0.01,39.6,26.57,0.01000000000000533,10.74,10.869999999999981,0,0
2023-09-23,slp,"Cd. Valles, SLP",21.9833,-99.0167,5,0.0,40.12,25.83,0.01000000000000533,9.75,10.73999999999998,0,0
2023-09-24,slp,"Cd. Valles, SLP",21.9833,-99.0167,5,0.0,40.32,26.21,0.01000000000000533,3.31,10.73999999999998,0,0
2023-09-25,slp,"Cd. Valles, SLP",21.9833,-99.0167,5,0.02,40.28,26.12,0.02000000000000533,0.11,10.759999999999982,0,0
2023-09-26,slp,"Cd. Valles, SLP",21.9833,-99.0167,5,0.1,38.88,24.75,0.12000000000000534,0.13,10.859999999999982,0,0
2023-09-27,slp,"Cd. Valles, SLP",21.9833,-99.0167,5,2.7,39.89,25.75,2.8200000000000056,2.83,13.559999999999981,0,0
2023-09-28,slp,"Cd. Valles, SLP",21.9833,-99.0167,5,4.05,37.95,25.34,6.850000000000005,6.88,17.60999999999998,0,0
2023-09-29,slp,"Cd. Valles, SLP",21.9833,-99.0167,5,0.11,38.17,25.02,6.8600000000000065,6.98,17.71999999999998,0,0
2023-09-30,slp,"Cd. Valles, SLP",21.9833,-99.0167,5,0.11,37.89,25.16,4.270000000000005,7.09,16.839999999999982,0,0
2023-10-01,slp,"Cd. Valles, SLP",21.9833,-99.0167,5,0.06,38.59,25.51,0.28000000000000624,7.15,10.459999999999981,0,0
2023-10-02,slp,"Cd. Valles, SLP",21.9833,-99.0167,5,0.35,38.18,26.41,0.5200000000000062,7.4799999999999995,7.589999999999981,0,0
2023-10-03,slp,"Cd. Valles, SLP",21.9833,-99.0167,5,0.16,36.73,27.02,0.5700000000000063,7.54,7.669999999999981,0,0
2023-10-04,slp,"Cd. Valles, SLP",21.9833,-99.0167,5,0.02,38.56,26.5,0.5300000000000062,4.859999999999999,7.689999999999981,0,0
2023-10-05,slp,"Cd. Valles, SLP",21.9833,-99.0167,5,2.63,39.4,25.94,2.8100000000000063,3.44,10.31999999999998,0,0
2023-10-06,slp,"Cd. Valles, SLP",21.9833,-99.0167,5,22.81,33.8,24.16,25.460000000000004,26.14,33.119999999999976,1,1
2023-10-07,slp,"Cd. Valles, SLP",21.9833,-99.0167,5,4.73,31.43,22.73,30.170000000000005,30.759999999999998,37.84999999999998,0,0
2023-10-08,slp,"Cd. Valles, SLP",21.9833,-99.0167,5,5.37,29.85,22.2,32.910000000000004,36.06999999999999,43.21999999999998,1,0
2023-10-09,slp,"Cd. Valles, SLP",21.9833,-99.0167,5,0.21,31.59,20.81,10.310000000000008,35.92999999999999,43.409999999999975,0,0
2023-10-10,slp,"Cd. Valles, SLP",21.9833,-99.0167,5,0.13,34.8,22.6,5.710000000000007,35.9,43.43999999999998,0,0
2023-10-11,slp,"Cd. Valles, SLP",21.9833,-99.0167,5,0.01,34.29,23.64,0.3500000000000071,35.88999999999999,40.74999999999998,0,0
2023-10-12,slp,"Cd. Valles, SLP",21.9833,-99.0167,5,0.0,37.99,23.77,0.14000000000000712,33.26,36.699999999999974,0,0
2023-10-13,slp,"Cd. Valles, SLP",21.9833,-99.0167,5,0.72,38.52,25.34,0.7300000000000071,11.169999999999996,37.309999999999974,0,0
2023-10-14,slp,"Cd. Valles, SLP",21.9833,-99.0167,5,21.91,32.28,24.92,22.630000000000006,28.349999999999994,59.10999999999998,1,1
2023-10-15,slp,"Cd. Valles, SLP",21.9833,-99.0167,5,4.47,30.7,21.5,27.100000000000005,27.449999999999996,63.51999999999998,0,0
2023-10-16,slp,"Cd. Valles, SLP",21.9833,-99.0167,5,0.06,31.05,19.6,26.44000000000001,27.299999999999997,63.22999999999998,0,0
2023-10-17,slp,"Cd. Valles, SLP",21.9833,-99.0167,5,0.01,29.44,16.37,4.540000000000007,27.179999999999996,63.07999999999998,0,0
2023-10-18,slp,"Cd. Valles, SLP",21.9833,-99.0167,5,0.0,30.62,15.5,0.0700000000000071,27.169999999999998,63.05999999999998,0,0
2023-10-19,slp,"Cd. Valles, SLP",21.9833,-99.0167,5,0.0,33.57,20.53,0.010000000000007106,27.169999999999998,60.42999999999998,0,0
2023-10-20,slp,"Cd. Valles, SLP",21.9833,-99.0167,5,0.0,34.6,22.01,0.0,26.449999999999996,37.619999999999976,0,0
2023-10-21,slp,"Cd. Valles, SLP",21.9833,-99.0167,5,0.0,34.58,21.92,0.0,4.5399999999999965,32.88999999999998,0,0
2023-10-22,slp,"Cd. Valles, SLP",21.9833,-99.0167,5,0.0,35.12,21.74,0.0,0.06999999999999644,27.51999999999998,0,0
2023-10-23,slp,"Cd. Valles, SLP",21.9833,-99.0167,5,0.16,31.05,24.08,0.1600000000000071,0.16999999999999643,27.469999999999978,0,0
2023-10-24,slp,"Cd. Valles, SLP",21.9833,-99.0167,5,1.37,34.84,24.97,1.5300000000000071,1.5299999999999965,28.70999999999998,0,0
2023-10-25,slp,"Cd. Valles, SLP",21.9833,-99.0167,5,63.42,29.08,25.4,64.95,64.95,92.11999999999998,1,1
2023-10-26,slp,"Cd. Valles, SLP",21.9833,-99.0167,5,32.86,28.8,25.12,97.65,97.81,124.97999999999999,2,1
2023-10-27,slp,"Cd. Valles, SLP",21.9833,-99.0167,5,4.49,30.93,23.87,100.77000000000001,102.3,128.74999999999997,0,0
2023-10-28,slp,"Cd. Valles, SLP",21.9833,-99.0167,5,2.61,30.11,22.87,39.96000000000001,104.91,109.44999999999999,0,0
2023-10-29,slp,"Cd. Valles, SLP",21.9833,-99.0167,5,0.14,30.01,21.33,7.240000000000007,105.05,105.11999999999998,0,0
2023-10-30,slp,"Cd. Valles, SLP",21.9833,-99.0167,5,0.76,27.22,13.43,3.510000000000007,105.65,105.82,0,0
2023-10-31,slp,"Cd. Valles, SLP",21.9833,-99.0167,5,0.05,19.19,11.5,0.9500000000000072,104.33,105.85999999999999,0,0
2023-11-01,slp,"Cd. Valles, SLP",21.9833,-99.0167,5,0.0,20.77,11.65,0.8100000000000072,40.90999999999999,105.85999999999999,0,0
2023-11-02,slp,"Cd. Valles, SLP",21.9833,-99.0167,5,0.07,25.11,12.18,0.12000000000000711,8.119999999999994,105.92999999999998,0,0
2023-11-03,slp,"Cd. Valles, SLP",21.9833,-99.0167,5,0.01,27.72,15.32,0.08000000000000711,3.639999999999993,105.93999999999998,0,0
2023-11-04,slp,"Cd. Valles, SLP",21.9833,-99.0167,5,0.0,29.24,18.7,0.08000000000000711,1.029999999999993,105.93999999999998,0,0
2023-11-05,slp,"Cd. Valles, SLP",21.9833,-99.0167,5,0.0,29.1,18.56,0.010000000000007106,0.8899999999999929,105.93999999999998,0,0
2023-11-06,slp,"Cd. Valles, SLP",21.9833,-99.0167,5,0.0,28.93,17.53,0.0,0.1299999999999929,105.77999999999999,0,0
2023-11-07,slp,"Cd. Valles, SLP",21.9833,-99.0167,5,0.0,30.3,18.61,0.0,0.0799999999999929,104.40999999999998,0,0
2023-11-08,slp,"Cd. Valles, SLP",21.9833,-99.0167,5,0.0,31.97,20.37,0.0,0.0799999999999929,40.98999999999998,0,0
2023-11-09,slp,"Cd. Valles, SLP",21.9833,-99.0167,5,0.11,32.43,22.34,0.1100000000000071,0.11999999999999289,8.239999999999979,0,0
2023-11-10,slp,"Cd. Valles, SLP",21.9833,-99.0167,5,5.51,28.46,21.05,5.620000000000007,5.619999999999993,9.259999999999978,1,0
2023-11-11,slp,"Cd. Valles, SLP",21.9833,-99.0167,5,4.19,23.78,18.19,9.810000000000008,9.809999999999993,10.839999999999979,0,0
2023-11-12,slp,"Cd. Valles, SLP",21.9833,-99.0167,5,7.29,23.41,17.45,16.99000000000001,17.099999999999994,17.98999999999998,1,0
2023-11-13,slp,"Cd. Valles, SLP",21.9833,-99.0167,5,4.73,24.67,18.73,16.210000000000008,21.829999999999995,21.95999999999998,0,0
2023-11-14,slp,"Cd. Valles, SLP",21.9833,-99.0167,5,1.79,24.57,17.94,13.810000000000008,23.619999999999994,23.69999999999998,0,0
2023-11-15,slp,"Cd. Valles, SLP",21.9833,-99.0167,5,0.52,25.7,16.87,7.040000000000008,24.139999999999993,24.21999999999998,0,0
2023-11-16,slp,"Cd. Valles, SLP",21.9833,-99.0167,5,0.06,28.17,17.34,2.370000000000007,24.089999999999993,24.20999999999998,0,0
2023-11-17,slp,"Cd. Valles, SLP",21.9833,-99.0167,5,0.0,29.41,17.02,0.5800000000000072,18.57999999999999,24.199999999999978,0,0
2023-11-18,slp,"Cd. Valles, SLP",21.9833,-99.0167,5,0.0,30.74,17.96,0.0600000000000071,14.389999999999993,24.199999999999978,0,0
2023-11-19,slp,"Cd. Valles, SLP",21.9833,-99.0167,5,0.0,29.99,18.16,0.0,7.099999999999993,24.199999999999978,0,0
2023-11-20,slp,"Cd. Valles, SLP",21.9833,-99.0167,5,0.0,37.34,19.02,0.0,2.369999999999993,24.199999999999978,0,0
2023-11-21,slp,"Cd. Valles, SLP",21.9833,-99.0167,5,0.61,26.67,16.43,0.6100000000000071,1.1899999999999928,24.809999999999977,0,0
2023-11-22,slp,"Cd. Valles, SLP",21.9833,-99.0167,5,2.1,17.43,12.79,2.710000000000007,2.769999999999993,26.90999999999998,0,0
2023-11-23,slp,"Cd. Valles, SLP",21.9833,-99.0167,5,0.01,20.74,12.42,2.720000000000007,2.7199999999999926,26.80999999999998,0,0
2023-11-24,slp,"Cd. Valles, SLP",21.9833,-99.0167,5,0.0,27.59,13.82,2.110000000000007,2.7199999999999926,21.299999999999983,0,0
2023-11-25,slp,"Cd. Valles, SLP",21.9833,-99.0167,5,0.0,29.07,17.44,0.010000000000007106,2.7199999999999926,17.10999999999998,0,0
2023-11-26,slp,"Cd. Valles, SLP",21.9833,-99.0167,5,0.97,29.53,16.99,0.9700000000000071,3.689999999999993,10.78999999999998,0,0
2023-11-27,slp,"Cd. Valles, SLP",21.9833,-99.0167,5,7.4,20.48,13.44,8.370000000000008,11.089999999999993,13.45999999999998,1,0
2023-11-28,slp,"Cd. Valles, SLP",21.9833,-99.0167,5,12.2,19.73,13.14,20.570000000000007,22.679999999999993,23.86999999999998,2,0
2023-11-29,slp,"Cd. Valles, SLP",21.9833,-99.0167,5,1.19,24.88,14.47,20.79000000000001,21.769999999999992,24.53999999999998,0,0
2023-11-30,slp,"Cd. Valles, SLP",21.9833,-99.0167,5,0.01,29.53,17.65,13.400000000000006,21.769999999999992,24.489999999999977,0,0
2023-12-01,slp,"Cd. Valles, SLP",21.9833,-99.0167,5,0.0,33.6,20.31,1.200000000000007,21.769999999999992,24.489999999999977,0,0
2023-12-02,slp,"Cd. Valles, SLP",21.9833,-99.0167,5,0.67,29.06,19.48,0.6800000000000072,22.439999999999994,25.15999999999998,0,0
2023-12-03,slp,"Cd. Valles, SLP",21.9833,-99.0167,5,1.96,25.04,17.59,2.630000000000007,23.429999999999993,27.119999999999976,0,0
2023-12-04,slp,"Cd. Valles, SLP",21.9833,-99.0167,5,0.13,27.89,17.7,2.760000000000007,16.159999999999993,27.24999999999998,0,0
2023-12-05,slp,"Cd. Valles, SLP",21.9833,-99.0167,5,1.41,25.99,18.57,3.500000000000007,5.369999999999993,28.04999999999998,0,0
2023-12-06,slp,"Cd. Valles, SLP",21.9833,-99.0167,5,8.97,24.06,18.31,10.510000000000009,13.149999999999993,34.91999999999998,1,0
2023-12-07,slp,"Cd. Valles, SLP",21.9833,-99.0167,5,5.37,22.52,17.85,15.750000000000007,18.509999999999994,40.27999999999997,2,0
2023-12-08,slp,"Cd. Valles, SLP",21.9833,-99.0167,5,0.03,29.66,16.79,14.370000000000006,18.539999999999992,40.309999999999974,0,0
2023-12-09,slp,"Cd. Valles, SLP",21.9833,-99.0167,5,1.81,30.48,18.8,7.210000000000007,19.679999999999996,42.119999999999976,0,0
2023-12-10,slp,"Cd. Valles, SLP",21.9833,-99.0167,5,3.83,21.78,13.74,5.670000000000007,21.549999999999994,44.979999999999976,0,0
2023-12-11,slp,"Cd. Valles, SLP",21.9833,-99.0167,5,0.01,19.76,11.71,5.650000000000007,21.429999999999993,37.589999999999975,0,0
2023-12-12,slp,"Cd. Valles, SLP",21.9833,-99.0167,5,1.61,21.03,10.63,5.450000000000007,21.629999999999995,26.99999999999998,0,0
2023-12-13,slp,"Cd. Valles, SLP",21.9833,-99.0167,5,1.96,22.86,14.65,3.580000000000007,14.619999999999994,27.76999999999998,0,0
2023-12-14,slp,"Cd. Valles, SLP",21.9833,-99.0167,5,5.51,21.34,17.82,9.080000000000007,14.759999999999991,33.26999999999998,1,0
2023-12-15,slp,"Cd. Valles, SLP",21.9833,-99.0167,5,3.12,26.79,17.69,10.590000000000007,17.849999999999994,36.38999999999998,0,0
2023-12-16,slp,"Cd. Valles, SLP",21.9833,-99.0167,5,1.65,24.8,15.2,10.280000000000006,17.689999999999994,37.369999999999976,0,0
2023-12-17,slp,"Cd. Valles, SLP",21.9833,-99.0167,5,0.0,25.38,14.06,4.770000000000007,13.859999999999992,35.409999999999975,0,0
2023-12-18,slp,"Cd. Valles, SLP",21.9833,-99.0167,5,0.0,25.21,13.23,1.650000000000007,13.849999999999993,35.27999999999998,0,0
2023-12-19,slp,"Cd. Valles, SLP",21.9833,-99.0167,5,0.0,23.29,12.07,0.0,12.239999999999993,33.869999999999976,0,0
2023-12-20,slp,"Cd. Valles, SLP",21.9833,-99.0167,5,0.01,23.71,11.49,0.010000000000007106,10.289999999999994,24.90999999999998,0,0
2023-12-21,slp,"Cd. Valles, SLP",21.9833,-99.0167,5,0.0,24.96,15.16,0.010000000000007106,4.779999999999993,19.539999999999978,0,0
2023-12-22,slp,"Cd. Valles, SLP",21.9833,-99.0167,5,0.01,24.47,16.08,0.020000000000007106,1.6699999999999928,19.51999999999998,0,0
2023-12-23,slp,"Cd. Valles, SLP",21.9833,-99.0167,5,0.02,26.48,16.09,0.030000000000007104,0.039999999999992895,17.72999999999998,0,0
2023-12-24,slp,"Cd. Valles, SLP",21.9833,-99.0167,5,0.0,33.1,16.89,0.030000000000007108,0.039999999999992895,13.899999999999979,0,0
2023-12-25,slp,"Cd. Valles, SLP",21.9833,-99.0167,5,0.43,26.5,17.02,0.4500000000000071,0.46999999999999287,14.319999999999977,0,0
2023-12-26,slp,"Cd. Valles, SLP",21.9833,-99.0167,5,3.32,22.57,16.27,3.750000000000007,3.789999999999993,16.02999999999998,0,0
2023-12-27,slp,"Cd. Valles, SLP",21.9833,-99.0167,5,2.78,24.68,15.85,6.5300000000000065,6.5599999999999925,16.849999999999977,0,0
2023-12-28,slp,"Cd. Valles, SLP",21.9833,-99.0167,5,1.07,23.84,14.1,7.170000000000007,7.629999999999993,12.409999999999979,0,0
2023-12-29,slp,"Cd. Valles, SLP",21.9833,-99.0167,5,3.62,18.08,12.72,7.470000000000007,11.239999999999993,12.909999999999979,0,0
2023-12-30,slp,"Cd. Valles, SLP",21.9833,-99.0167,5,0.07,23.25,10.85,4.760000000000007,11.289999999999994,11.329999999999977,0,0
2023-12-31,slp,"Cd. Valles, SLP",21.9833,-99.0167,5,0.07,24.74,12.26,3.7600000000000073,11.359999999999994,11.399999999999977,0,0
2024-01-01,slp,"Cd. Valles, SLP",21.9833,-99.0167,5,0.04,26.76,16.24,0.18000000000000713,10.969999999999992,11.439999999999978,0,0
2024-01-02,slp,"Cd. Valles, SLP",21.9833,-99.0167,5,0.0,25.79,17.34,0.11000000000000712,7.649999999999992,11.439999999999978,0,0
2024-01-03,slp,"Cd. Valles, SLP",21.9833,-99.0167,5,0.03,25.85,14.01,0.07000000000000711,4.899999999999992,11.459999999999978,0,0
2024-01-04,slp,"Cd. Valles, SLP",21.9833,-99.0167,5,0.0,24.34,12.33,0.030000000000007104,3.829999999999993,11.459999999999978,0,0
2024-01-05,slp,"Cd. Valles, SLP",21.9833,-99.0167,5,0.03,30.08,15.37,0.0600000000000071,0.2399999999999929,11.479999999999977,0,0
2024-01-06,slp,"Cd. Valles, SLP",21.9833,-99.0167,5,0.22,28.21,15.47,0.2500000000000071,0.3899999999999929,11.679999999999978,0,0
2024-01-07,slp,"Cd. Valles, SLP",21.9833,-99.0167,5,3.48,23.89,15.06,3.730000000000007,3.7999999999999927,15.159999999999979,0,0
2024-01-08,slp,"Cd. Valles, SLP",21.9833,-99.0167,5,0.56,33.19,15.56,4.260000000000007,4.319999999999993,15.289999999999978,0,0
2024-01-09,slp,"Cd. Valles, SLP",21.9833,-99.0167,5,0.0,23.37,12.39,4.040000000000006,4.319999999999993,11.969999999999978,0,0
2024-01-10,slp,"Cd. Valles, SLP",21.9833,-99.0167,5,0.0,25.6,11.06,0.5600000000000072,4.289999999999992,9.18999999999998,0,0
2024-01-11,slp,"Cd. Valles, SLP",21.9833,-99.0167,5,0.0,31.0,15.6,0.0,4.289999999999992,8.11999999999998,0,0
2024-01-12,slp,"Cd. Valles, SLP",21.9833,-99.0167,5,0.0,28.65,15.36,0.0,4.259999999999993,4.499999999999979,0,0
2024-01-13,slp,"Cd. Valles, SLP",21.9833,-99.0167,5,0.0,24.43,12.33,0.0,4.039999999999992,4.429999999999978,0,0
2024-01-14,slp,"Cd. Valles, SLP",21.9833,-99.0167,5,0.0,25.83,13.28,0.0,0.559999999999993,4.359999999999979,0,0
2024-01-15,slp,"Cd. Valles, SLP",21.9833,-99.0167,5,0.15,29.24,14.41,0.1500000000000071,0.1499999999999929,4.469999999999979,0,0
2024-01-16,slp,"Cd. Valles, SLP",21.9833,-99.0167,5,0.95,13.83,7.19,1.100000000000007,1.0999999999999928,5.419999999999979,0,0
2024-01-17,slp,"Cd. Valles, SLP",21.9833,-99.0167,5,0.0,13.43,5.04,1.1000000000000072,1.099999999999993,5.389999999999978,0,0
2024-01-18,slp,"Cd. Valles, SLP",21.9833,-99.0167,5,0.0,26.4,9.69,0.9500000000000071,1.099999999999993,5.389999999999978,0,0
2024-01-19,slp,"Cd. Valles, SLP",21.9833,-99.0167,5,1.11,26.92,16.44,1.1100000000000072,2.209999999999993,6.469999999999978,0,0
2024-01-20,slp,"Cd. Valles, SLP",21.9833,-99.0167,5,5.49,15.7,11.76,6.600000000000008,7.699999999999993,11.739999999999979,1,0
2024-01-21,slp,"Cd. Valles, SLP",21.9833,-99.0167,5,2.0,20.24,11.82,8.600000000000009,9.699999999999992,10.259999999999978,0,0
2024-01-22,slp,"Cd. Valles, SLP",21.9833,-99.0167,5,0.25,25.6,14.67,7.740000000000007,9.799999999999994,9.949999999999978,0,0
2024-01-23,slp,"Cd. Valles, SLP",21.9833,-99.0167,5,0.01,30.65,16.81,2.260000000000007,8.859999999999994,9.959999999999978,0,0
2024-01-24,slp,"Cd. Valles, SLP",21.9833,-99.0167,5,0.06,31.64,18.99,0.3200000000000071,8.919999999999993,10.01999999999998,0,0
2024-01-25,slp,"Cd. Valles, SLP",21.9833,-99.0167,5,0.25,27.46,18.84,0.3200000000000071,9.169999999999993,10.269999999999978,0,0
2024-01-26,slp,"Cd. Valles, SLP",21.9833,-99.0167,5,0.01,31.62,18.35,0.3200000000000071,8.069999999999991,10.279999999999978,0,0
2024-01-27,slp,"Cd. Valles, SLP",21.9833,-99.0167,5,0.52,26.47,16.93,0.7800000000000071,3.099999999999993,10.79999999999998,0,0
2024-01-28,slp,"Cd. Valles, SLP",21.9833,-99.0167,5,0.0,25.23,14.55,0.5300000000000071,1.099999999999993,10.79999999999998,0,0
2024-01-29,slp,"Cd. Valles, SLP",21.9833,-99.0167,5,0.0,22.47,13.26,0.5200000000000071,0.8499999999999929,10.649999999999979,0,0
2024-01-30,slp,"Cd. Valles, SLP",21.9833,-99.0167,5,0.0,23.11,14.25,0.0,0.8399999999999929,9.699999999999978,0,0
2024-01-31,slp,"Cd. Valles, SLP",21.9833,-99.0167,5,0.0,24.71,14.23,0.0,0.7799999999999929,9.699999999999978,0,0
2024-02-01,slp,"Cd. Valles, SLP",21.9833,-99.0167,5,0.0,27.19,16.2,0.0,0.5299999999999929,9.699999999999978,0,0
2024-02-02,slp,"Cd. Valles, SLP",21.9833,-99.0167,5,0.0,32.69,15.54,0.0,0.5199999999999929,8.589999999999979,0,0
2024-02-03,slp,"Cd. Valles, SLP",21.9833,-99.0167,5,0.0,36.29,17.73,0.0,0.0,3.0999999999999788,0,0
2024-02-04,slp,"Cd. Valles, SLP",21.9833,-99.0167,5,0.0,31.66,15.64,0.0,0.0,1.0999999999999788,0,0
2024-02-05,slp,"Cd. Valles, SLP",21.9833,-99.0167,5,0.0,28.98,13.57,0.0,0.0,0.8499999999999787,0,0
2024-02-06,slp,"Cd. Valles, SLP",21.9833,-99.0167,5,0.0,26.08,12.97,0.0,0.0,0.8399999999999787,0,0
2024-02-07,slp,"Cd. Valles, SLP",21.9833,-99.0167,5,0.0,27.87,12.05,0.0,0.0,0.7799999999999787,0,0
2024-02-08,slp,"Cd. Valles, SLP",21.9833,-99.0167,5,0.0,31.21,16.63,0.0,0.0,0.5299999999999787,0,0
2024-02-09,slp,"Cd. Valles, SLP",21.9833,-99.0167,5,0.0,31.54,18.46,0.0,0.0,0.5199999999999787,0,0
2024-02-10,slp,"Cd. Valles, SLP",21.9833,-99.0167,5,0.0,35.43,19.61,0.0,0.0,0.0,0,0
2024-02-11,slp,"Cd. Valles, SLP",21.9833,-99.0167,5,0.0,38.35,19.16,0.0,0.0,0.0,0,0
2024-02-12,slp,"Cd. Valles, SLP",21.9833,-99.0167,5,0.0,25.09,14.67,0.0,0.0,0.0,0,0
2024-02-13,slp,"Cd. Valles, SLP",21.9833,-99.0167,5,0.0,26.32,13.18,0.0,0.0,0.0,0,0
2024-02-14,slp,"Cd. Valles, SLP",21.9833,-99.0167,5,0.0,27.84,15.75,0.0,0.0,0.0,0,0
2024-02-15,slp,"Cd. Valles, SLP",21.9833,-99.0167,5,0.28,27.42,18.32,0.28000000000000713,0.2799999999999929,0.2799999999999787,0,0
2024-02-16,slp,"Cd. Valles, SLP",21.9833,-99.0167,5,3.62,30.32,18.64,3.9000000000000075,3.8999999999999932,3.899999999999979,0,0
2024-02-17,slp,"Cd. Valles, SLP",21.9833,-99.0167,5,8.39,23.93,13.5,12.290000000000008,12.289999999999994,12.28999999999998,1,0
2024-02-18,slp,"Cd. Valles, SLP",21.9833,-99.0167,5,0.02,20.9,10.27,12.030000000000008,12.309999999999993,12.30999999999998,0,0
2024-02-19,slp,"Cd. Valles, SLP",21.9833,-99.0167,5,0.0,25.6,9.15,8.410000000000007,12.309999999999993,12.30999999999998,0,0
2024-02-20,slp,"Cd. Valles, SLP",21.9833,-99.0167,5,0.0,29.09,12.65,0.020000000000007106,12.309999999999993,12.30999999999998,0,0
2024-02-21,slp,"Cd. Valles, SLP",21.9833,-99.0167,5,0.0,31.87,14.8,0.0,12.309999999999993,12.30999999999998,0,0
2024-02-22,slp,"Cd. Valles, SLP",21.9833,-99.0167,5,0.0,37.18,15.74,0.0,12.029999999999994,12.30999999999998,0,0
2024-02-23,slp,"Cd. Valles, SLP",21.9833,-99.0167,5,0.0,32.5,17.79,0.0,8.409999999999993,12.30999999999998,0,0
2024-02-24,slp,"Cd. Valles, SLP",21.9833,-99.0167,5,0.0,29.27,15.57,0.0,0.019999999999992895,12.30999999999998,0,0
2024-02-25,slp,"Cd. Valles, SLP",21.9833,-99.0167,5,0.0,32.02,16.67,0.0,0.0,12.30999999999998,0,0
2024-02-26,slp,"Cd. Valles, SLP",21.9833,-99.0167,5,0.0,35.12,16.86,0.0,0.0,12.30999999999998,0,0
2024-02-27,slp,"Cd. Valles, SLP",21.9833,-99.0167,5,0.0,37.25,18.53,0.0,0.0,12.30999999999998,0,0
2024-02-28,slp,"Cd. Valles, SLP",21.9833,-99.0167,5,0.11,36.51,19.59,0.1100000000000071,0.1099999999999929,12.41999999999998,0,0
2024-02-29,slp,"Cd. Valles, SLP",21.9833,-99.0167,5,0.74,27.12,17.25,0.8500000000000071,0.8499999999999929,12.87999999999998,0,0
2024-03-01,slp,"Cd. Valles, SLP",21.9833,-99.0167,5,0.41,31.97,17.82,1.2600000000000071,1.259999999999993,9.669999999999979,0,0
2024-03-02,slp,"Cd. Valles, SLP",21.9833,-99.0167,5,0.1,33.86,18.71,1.2500000000000069,1.3599999999999928,1.3799999999999786,0,0
2024-03-03,slp,"Cd. Valles, SLP",21.9833,-99.0167,5,0.0,39.12,19.83,0.5100000000000071,1.3599999999999928,1.3599999999999786,0,0
2024-03-04,slp,"Cd. Valles, SLP",21.9833,-99.0167,5,0.0,37.41,21.73,0.10000000000000711,1.3599999999999928,1.3599999999999786,0,0
2024-03-05,slp,"Cd. Valles, SLP",21.9833,-99.0167,5,0.0,39.2,21.38,0.0,1.3599999999999928,1.3599999999999786,0,0
2024-03-06,slp,"Cd. Valles, SLP",21.9833,-99.0167,5,0.01,36.5,21.29,0.010000000000007106,1.2599999999999927,1.3699999999999786,0,0
2024-03-07,slp,"Cd. Valles, SLP",21.9833,-99.0167,5,0.0,37.89,21.22,0.010000000000007106,0.5199999999999929,1.3699999999999786,0,0
2024-03-08,slp,"Cd. Valles, SLP",21.9833,-99.0167,5,0.0,43.69,19.86,0.010000000000007106,0.1099999999999929,1.3699999999999786,0,0
2024-03-09,slp,"Cd. Valles, SLP",21.9833,-99.0167,5,0.01,31.59,18.91,0.010000000000007106,0.019999999999992895,1.3799999999999786,0,0
2024-03-10,slp,"Cd. Valles, SLP",21.9833,-99.0167,5,0.09,28.38,15.76,0.1000000000000071,0.1099999999999929,1.4699999999999787,0,0
2024-03-11,slp,"Cd. Valles, SLP",21.9833,-99.0167,5,0.52,31.53,15.53,0.6200000000000071,0.6299999999999929,1.9899999999999787,0,0
2024-03-12,slp,"Cd. Valles, SLP",21.9833,-99.0167,5,0.16,34.1,18.54,0.7700000000000071,0.7899999999999929,2.1499999999999786,0,0
2024-03-13,slp,"Cd. Valles, SLP",21.9833,-99.0167,5,0.06,37.99,20.73,0.7400000000000071,0.8399999999999929,2.0999999999999788,0,0
2024-03-14,slp,"Cd. Valles, SLP",21.9833,-99.0167,5,0.0,39.61,22.3,0.2200000000000071,0.8399999999999929,1.3599999999999786,0,0
2024-03-15,slp,"Cd. Valles, SLP",21.9833,-99.0167,5,0.0,38.37,23.23,0.0600000000000071,0.8399999999999929,0.9499999999999786,0,0
2024-03-16,slp,"Cd. Valles, SLP",21.9833,-99.0167,5,0.14,37.89,23.18,0.14000000000000712,0.9699999999999929,0.9899999999999787,0,0
2024-03-17,slp,"Cd. Valles, SLP",21.9833,-99.0167,5,0.08,38.75,22.5,0.22000000000000713,0.959999999999993,1.0699999999999787,0,0
2024-03-18,slp,"Cd. Valles, SLP",21.9833,-99.0167,5,1.7,33.36,19.57,1.920000000000007,2.139999999999993,2.7699999999999787,0,0
2024-03-19,slp,"Cd. Valles, SLP",21.9833,-99.0167,5,2.1,28.05,17.37,3.880000000000007,4.079999999999993,4.869999999999979,0,0
2024-03-20,slp,"Cd. Valles, SLP",21.9833,-99.0167,5,0.03,33.36,19.61,3.8300000000000067,4.049999999999993,4.889999999999979,0,0
2024-03-21,slp,"Cd. Valles, SLP",21.9833,-99.0167,5,0.0,39.0,21.28,2.130000000000007,4.049999999999993,4.889999999999979,0,0
2024-03-22,slp,"Cd. Valles, SLP",21.9833,-99.0167,5,0.0,39.01,21.83,0.030000000000007104,4.049999999999993,4.889999999999979,0,0
2024-03-23,slp,"Cd. Valles, SLP",21.9833,-99.0167,5,0.0,34.99,20.59,0.0,3.9099999999999926,4.8799999999999795,0,0
2024-03-24,slp,"Cd. Valles, SLP",21.9833,-99.0167,5,0.0,39.34,19.43,0.0,3.8299999999999925,4.789999999999979,0,0
2024-03-25,slp,"Cd. Valles, SLP",21.9833,-99.0167,5,0.0,46.21,18.64,0.0,2.129999999999993,4.269999999999979,0,0
2024-03-26,slp,"Cd. Valles, SLP",21.9833,-99.0167,5,0.0,36.38,19.73,0.0,0.029999999999992893,4.109999999999979,0,0
2024-03-27,slp,"Cd. Valles, SLP",21.9833,-99.0167,5,0.15,35.9,18.01,0.1500000000000071,0.1499999999999929,4.199999999999979,0,0
2024-03-28,slp,"Cd. Valles, SLP",21.9833,-99.0167,5,1.57,30.76,18.74,1.720000000000007,1.7199999999999929,5.769999999999979,0,0
2024-03-29,slp,"Cd. Valles, SLP",21.9833,-99.0167,5,0.0,34.44,17.1,1.720000000000007,1.7199999999999929,5.769999999999979,0,0
2024-03-30,slp,"Cd. Valles, SLP",21.9833,-99.0167,5,0.0,39.59,19.81,1.5700000000000072,1.7199999999999929,5.629999999999979,0,0
2024-03-31,slp,"Cd. Valles, SLP",21.9833,-99.0167,5,0.0,40.72,21.99,0.0,1.7199999999999929,5.5499999999999785,0,0
2024-04-01,slp,"Cd. Valles, SLP",21.9833,-99.0167,5,0.0,42.69,22.98,0.0,1.7199999999999929,3.8499999999999788,0,0
2024-04-02,slp,"Cd. Valles, SLP",21.9833,-99.0167,5,0.0,43.49,25.43,0.0,1.7199999999999929,1.7499999999999787,0,0
2024-04-03,slp,"Cd. Valles, SLP",21.9833,-99.0167,5,0.0,32.33,18.97,0.0,1.569999999999993,1.7199999999999787,0,0
2024-04-04,slp,"Cd. Valles, SLP",21.9833,-99.0167,5,0.0,32.58,16.65,0.0,0.0,1.7199999999999787,0,0
2024-04-05,slp,"Cd. Valles, SLP",21.9833,-99.0167,5,0.0,34.93,18.07,0.0,0.0,1.7199999999999787,0,0
2024-04-06,slp,"Cd. Valles, SLP",21.9833,-99.0167,5,0.0,39.89,21.16,0.0,0.0,1.7199999999999787,0,0
2024-04-07,slp,"Cd. Valles, SLP",21.9833,-99.0167,5,0.0,43.0,22.48,0.0,0.0,1.7199999999999787,0,0
2024-04-08,slp,"Cd. Valles, SLP",21.9833,-99.0167,5,0.0,39.7,24.25,0.0,0.0,1.7199999999999787,0,0
2024-04-09,slp,"Cd. Valles, SLP",21.9833,-99.0167,5,0.0,46.52,23.52,0.0,0.0,1.7199999999999787,0,0
2024-04-10,slp,"Cd. Valles, SLP",21.9833,-99.0167,5,0.0,41.88,23.01,0.0,0.0,1.5699999999999787,0,0
2024-04-11,slp,"Cd. Valles, SLP",21.9833,-99.0167,5,0.0,33.46,20.08,0.0,0.0,0.0,0,0
2024-04-12,slp,"Cd. Valles, SLP",21.9833,-99.0167,5,0.0,32.52,18.04,0.0,0.0,0.0,0,0
2024-04-13,slp,"Cd. Valles, SLP",21.9833,-99.0167,5,0.0,35.51,19.19,0.0,0.0,0.0,0,0
2024-04-14,slp,"Cd. Valles, SLP",21.9833,-99.0167,5,0.0,37.15,20.01,0.0,0.0,0.0,0,0
2024-04-15,slp,"Cd. Valles, SLP",21.9833,-99.0167,5,0.0,39.65,22.46,0.0,0.0,0.0,0,0
2024-04-16,slp,"Cd. Valles, SLP",21.9833,-99.0167,5,0.0,41.32,23.95,0.0,0.0,0.0,0,0
2024-04-17,slp,"Cd. Valles, SLP",21.9833,-99.0167,5,0.01,40.56,25.04,0.010000000000007106,0.009999999999992895,0.009999999999978684,0,0
2024-04-18,slp,"Cd. Valles, SLP",21.9833,-99.0167,5,0.04,39.7,25.3,0.05000000000000711,0.0499999999999929,0.049999999999978686,0,0
2024-04-19,slp,"Cd. Valles, SLP",21.9833,-99.0167,5,0.03,39.72,25.3,0.08000000000000711,0.0799999999999929,0.07999999999997869,0,0
2024-04-20,slp,"Cd. Valles, SLP",21.9833,-99.0167,5,0.01,39.63,24.89,0.08000000000000711,0.08999999999999289,0.08999999999997868,0,0
2024-04-21,slp,"Cd. Valles, SLP",21.9833,-99.0167,5,9.03,34.45,20.72,9.070000000000006,9.119999999999992,9.119999999999978,1,0
2024-04-22,slp,"Cd. Valles, SLP",21.9833,-99.0167,5,7.44,29.51,19.49,16.480000000000008,16.55999999999999,16.559999999999977,2,0
2024-04-23,slp,"Cd. Valles, SLP",21.9833,-99.0167,5,0.81,35.7,21.48,17.280000000000005,17.369999999999994,17.36999999999998,0,0
2024-04-24,slp,"Cd. Valles, SLP",21.9833,-99.0167,5,0.0,36.89,22.97,8.250000000000007,17.359999999999992,17.36999999999998,0,0
2024-04-25,slp,"Cd. Valles, SLP",21.9833,-99.0167,5,0.0,38.05,24.22,0.8100000000000072,17.319999999999993,17.36999999999998,0,0
2024-04-26,slp,"Cd. Valles, SLP",21.9833,-99.0167,5,0.01,35.98,25.04,0.010000000000007106,17.299999999999994,17.379999999999978,0,0
2024-04-27,slp,"Cd. Valles, SLP",21.9833,-99.0167,5,0.0,44.01,24.06,0.010000000000007106,17.289999999999992,17.379999999999978,0,0
2024-04-28,slp,"Cd. Valles, SLP",21.9833,-99.0167,5,0.0,45.58,24.86,0.010000000000007106,8.259999999999993,17.379999999999978,0,0
2024-04-29,slp,"Cd. Valles, SLP",21.9833,-99.0167,5,0.0,41.84,25.52,0.0,0.819999999999993,17.379999999999978,0,0
2024-04-30,slp,"Cd. Valles, SLP",21.9833,-99.0167,5,0.01,39.62,24.96,0.010000000000007106,0.019999999999992895,17.38999999999998,0,0
2024-05-01,slp,"Cd. Valles, SLP",21.9833,-99.0167,5,0.03,40.88,26.06,0.040000000000007106,0.0499999999999929,17.409999999999975,0,0
2024-05-02,slp,"Cd. Valles, SLP",21.9833,-99.0167,5,0.0,44.18,26.74,0.040000000000007106,0.0499999999999929,17.369999999999976,0,0
2024-05-03,slp,"Cd. Valles, SLP",21.9833,-99.0167,5,0.0,42.14,27.13,0.030000000000007104,0.03999999999999289,17.33999999999998,0,0
2024-05-04,slp,"Cd. Valles, SLP",21.9833,-99.0167,5,0.0,41.76,26.83,0.0,0.03999999999999289,17.329999999999977,0,0
2024-05-05,slp,"Cd. Valles, SLP",21.9833,-99.0167,5,0.0,41.44,26.75,0.0,0.03999999999999289,8.29999999999998,0,0
2024-05-06,slp,"Cd. Valles, SLP",21.9833,-99.0167,5,0.0,42.84,26.98,0.0,0.03999999999999289,0.8599999999999788,0,0
2024-05-07,slp,"Cd. Valles, SLP",21.9833,-99.0167,5,0.0,45.83,27.14,0.0,0.029999999999992893,0.049999999999978686,0,0
2024-05-08,slp,"Cd. Valles, SLP",21.9833,-99.0167,5,0.0,47.28,28.26,0.0,0.0,0.049999999999978686,0,0
2024-05-09,slp,"Cd. Valles, SLP",21.9833,-99.0167,5,0.0,48.48,28.58,0.0,0.0,0.049999999999978686,0,0
2024-05-10,slp,"Cd. Valles, SLP",21.9833,-99.0167,5,0.0,44.92,28.06,0.0,0.0,0.03999999999997868,0,0
2024-05-11,slp,"Cd. Valles, SLP",21.9833,-99.0167,5,0.0,40.73,26.74,0.0,0.0,0.03999999999997868,0,0
2024-05-12,slp,"Cd. Valles, SLP",21.9833,-99.0167,5,0.0,42.05,25.72,0.0,0.0,0.03999999999997868,0,0
2024-05-13,slp,"Cd. Valles, SLP",21.9833,-99.0167,5,0.0,48.32,26.74,0.0,0.0,0.03999999999997868,0,0
2024-05-14,slp,"Cd. Valles, SLP",21.9833,-99.0167,5,0.0,40.71,27.72,0.0,0.0,0.029999999999978683,0,0
2024-05-15,slp,"Cd. Valles, SLP",21.9833,-99.0167,5,0.0,42.49,26.83,0.0,0.0,0.0,0,0
2024-05-16,slp,"Cd. Valles, SLP",21.9833,-99.0167,5,0.0,48.77,27.63,0.0,0.0,0.0,0,0
2024-05-17,slp,"Cd. Valles, SLP",21.9833,-99.0167,5,0.01,45.04,29.41,0.010000000000007106,0.009999999999992895,0.009999999999978684,0,0
2024-05-18,slp,"Cd. Valles, SLP",21.9833,-99.0167,5,0.06,41.9,28.52,0.0700000000000071,0.06999999999999289,0.06999999999997868,0,0
2024-05-19,slp,"Cd. Valles, SLP",21.9833,-99.0167,5,0.03,42.45,28.03,0.10000000000000711,0.0999999999999929,0.09999999999997869,0,0
2024-05-20,slp,"Cd. Valles, SLP",21.9833,-99.0167,5,0.0,43.63,27.28,0.0900000000000071,0.0999999999999929,0.09999999999997869,0,0
2024-05-21,slp,"Cd. Valles, SLP",21.9833,-99.0167,5,0.0,43.36,28.2,0.030000000000007104,0.0999999999999929,0.09999999999997869,0,0
2024-05-22,slp,"Cd. Valles, SLP",21.9833,-99.0167,5,0.0,43.5,28.17,0.0,0.0999999999999929,0.09999999999997869,0,0
2024-05-23,slp,"Cd. Valles, SLP",21.9833,-99.0167,5,0.02,43.1,27.91,0.020000000000007106,0.11999999999999289,0.11999999999997868,0,0
2024-05-24,slp,"Cd. Valles, SLP",21.9833,-99.0167,5,0.02,44.56,29.01,0.040000000000007106,0.1299999999999929,0.1399999999999787,0,0
2024-05-25,slp,"Cd. Valles, SLP",21.9833,-99.0167,5,0.01,43.77,29.05,0.05000000000000711,0.0799999999999929,0.14999999999997868,0,0
2024-05-26,slp,"Cd. Valles, SLP",21.9833,-99.0167,5,0.0,46.45,28.96,0.030000000000007104,0.0499999999999929,0.14999999999997868,0,0
2024-05-27,slp,"Cd. Valles, SLP",21.9833,-99.0167,5,0.0,44.61,29.19,0.010000000000007106,0.0499999999999929,0.14999999999997868,0,0
2024-05-28,slp,"Cd. Valles, SLP",21.9833,-99.0167,5,0.19,44.07,28.36,0.1900000000000071,0.23999999999999289,0.33999999999997865,0,0
2024-05-29,slp,"Cd. Valles, SLP",21.9833,-99.0167,5,2.41,40.66,26.64,2.600000000000007,2.6499999999999932,2.7499999999999787,0,0
2024-05-30,slp,"Cd. Valles, SLP",21.9833,-99.0167,5,0.02,41.5,26.83,2.620000000000007,2.6499999999999932,2.7699999999999787,0,0
2024-05-31,slp,"Cd. Valles, SLP",21.9833,-99.0167,5,0.0,42.24,27.88,2.4300000000000073,2.6299999999999932,2.759999999999979,0,0
2024-06-01,slp,"Cd. Valles, SLP",21.9833,-99.0167,5,0.0,42.04,27.79,0.020000000000007106,2.6199999999999934,2.699999999999979,0,0
2024-06-02,slp,"Cd. Valles, SLP",21.9833,-99.0167,5,0.27,43.36,27.19,0.2700000000000071,2.8899999999999935,2.9399999999999786,0,0
2024-06-03,slp,"Cd. Valles, SLP",21.9833,-99.0167,5,0.26,45.54,27.98,0.5300000000000071,3.1499999999999932,3.199999999999979,0,0
2024-06-04,slp,"Cd. Valles, SLP",21.9833,-99.0167,5,0.32,44.55,28.21,0.8500000000000072,3.279999999999993,3.5199999999999787,0,0
2024-06-05,slp,"Cd. Valles, SLP",21.9833,-99.0167,5,1.22,44.98,27.88,1.8000000000000071,2.0899999999999928,4.739999999999979,0,0
2024-06-06,slp,"Cd. Valles, SLP",21.9833,-99.0167,5,0.02,42.89,27.89,1.5600000000000072,2.0899999999999928,4.739999999999979,0,0
2024-06-07,slp,"Cd. Valles, SLP",21.9833,-99.0167,5,0.03,42.12,27.23,1.2700000000000071,2.119999999999993,4.749999999999979,0,0
2024-06-08,slp,"Cd. Valles, SLP",21.9833,-99.0167,5,0.0,42.85,26.29,0.05000000000000711,2.119999999999993,4.739999999999979,0,0
2024-06-09,slp,"Cd. Valles, SLP",21.9833,-99.0167,5,0.07,42.66,27.41,0.10000000000000711,1.919999999999993,4.809999999999979,0,0
2024-06-10,slp,"Cd. Valles, SLP",21.9833,-99.0167,5,0.4,40.58,28.2,0.47000000000000713,2.059999999999993,5.209999999999979,0,0
2024-06-11,slp,"Cd. Valles, SLP",21.9833,-99.0167,5,0.0,41.95,27.87,0.47000000000000713,1.7399999999999929,5.019999999999978,0,0
2024-06-12,slp,"Cd. Valles, SLP",21.9833,-99.0167,5,0.0,40.59,27.0,0.4000000000000071,0.5199999999999929,2.609999999999979,0,0
2024-06-13,slp,"Cd. Valles, SLP",21.9833,-99.0167,5,0.0,40.51,27.76,0.0,0.4999999999999929,2.5899999999999785,0,0
2024-06-14,slp,"Cd. Valles, SLP",21.9833,-99.0167,5,0.0,40.86,28.16,0.0,0.4699999999999929,2.5899999999999785,0,0
2024-06-15,slp,"Cd. Valles, SLP",21.9833,-99.0167,5,0.0,40.53,27.46,0.0,0.4699999999999929,2.5899999999999785,0,0
2024-06-16,slp,"Cd. Valles, SLP",21.9833,-99.0167,5,0.01,40.67,26.43,0.010000000000007106,0.4099999999999929,2.3299999999999788,0,0
2024-06-17,slp,"Cd. Valles, SLP",21.9833,-99.0167,5,0.03,41.89,27.83,0.040000000000007106,0.039999999999992895,2.0999999999999788,0,0
2024-06-18,slp,"Cd. Valles, SLP",21.9833,-99.0167,5,7.88,42.05,28.68,7.920000000000007,7.919999999999993,9.659999999999979,1,0
2024-06-19,slp,"Cd. Valles, SLP",21.9833,-99.0167,5,27.37,35.38,26.61,35.28000000000001,35.28999999999999,35.80999999999998,2,1
2024-06-20,slp,"Cd. Valles, SLP",21.9833,-99.0167,5,48.82,31.11,26.78,84.07000000000001,84.11,84.60999999999999,3,1
2024-06-21,slp,"Cd. Valles, SLP",21.9833,-99.0167,5,44.62,31.28,25.07,120.81,128.73,129.2,4,1
2024-06-22,slp,"Cd. Valles, SLP",21.9833,-99.0167,5,29.08,28.23,24.34,122.52000000000001,157.81,158.27999999999997,5,1
2024-06-23,slp,"Cd. Valles, SLP",21.9833,-99.0167,5,6.43,30.37,25.23,80.13000000000001,164.23000000000002,164.64,6,0
2024-06-24,slp,"Cd. Valles, SLP",21.9833,-99.0167,5,27.22,29.31,25.68,62.730000000000004,191.42000000000002,191.45999999999998,7,1
2024-06-25,slp,"Cd. Valles, SLP",21.9833,-99.0167,5,2.83,31.42,24.53,36.480000000000004,186.37,194.28999999999996,0,0
2024-06-26,slp,"Cd. Valles, SLP",21.9833,-99.0167,5,0.11,32.23,24.69,30.160000000000007,159.11,194.39999999999998,0,0
2024-06-27,slp,"Cd. Valles, SLP",21.9833,-99.0167,5,0.0,31.84,24.95,2.940000000000007,110.28999999999999,194.39999999999998,0,0
2024-06-28,slp,"Cd. Valles, SLP",21.9833,-99.0167,5,0.0,30.13,25.03,0.1100000000000071,65.66999999999999,194.39999999999998,0,0
2024-06-29,slp,"Cd. Valles, SLP",21.9833,-99.0167,5,3.4,31.19,24.9,3.400000000000007,39.989999999999995,197.79999999999998,0,0
2024-06-30,slp,"Cd. Valles, SLP",21.9833,-99.0167,5,20.27,29.2,25.01,23.670000000000005,53.83,218.05999999999997,1,1
2024-07-01,slp,"Cd. Valles, SLP",21.9833,-99.0167,5,0.0,30.4,24.97,23.670000000000005,26.61,218.02999999999997,0,0
2024-07-02,slp,"Cd. Valles, SLP",21.9833,-99.0167,5,6.52,31.26,24.45,26.790000000000006,30.3,216.66999999999996,1,0
2024-07-03,slp,"Cd. Valles, SLP",21.9833,-99.0167,5,3.43,30.92,23.87,9.950000000000006,33.62,192.72999999999996,0,0
2024-07-04,slp,"Cd. Valles, SLP",21.9833,-99.0167,5,0.09,32.15,24.28,10.040000000000006,33.71,143.99999999999997,0,0
2024-07-05,slp,"Cd. Valles, SLP",21.9833,-99.0167,5,0.0,32.69,24.81,3.520000000000007,33.71,99.37999999999997,0,0
2024-07-06,slp,"Cd. Valles, SLP",21.9833,-99.0167,5,0.0,33.89,23.6,0.0900000000000071,30.31,70.29999999999997,0,0
2024-07-07,slp,"Cd. Valles, SLP",21.9833,-99.0167,5,0.0,35.7,24.31,0.0,10.04,63.86999999999997,0,0
2024-07-08,slp,"Cd. Valles, SLP",21.9833,-99.0167,5,0.96,36.0,24.68,0.9600000000000071,11.0,37.60999999999997,0,0
2024-07-09,slp,"Cd. Valles, SLP",21.9833,-99.0167,5,10.43,34.2,24.79,11.390000000000008,14.91,45.20999999999997,1,0
2024-07-10,slp,"Cd. Valles, SLP",21.9833,-99.0167,5,33.82,29.84,24.25,45.21000000000001,45.3,78.91999999999997,2,1
2024-07-11,slp,"Cd. Valles, SLP",21.9833,-99.0167,5,57.28,29.28,24.01,101.53,102.49000000000001,136.2,3,1
2024-07-12,slp,"Cd. Valles, SLP",21.9833,-99.0167,5,16.95,29.79,24.16,108.05,119.44,153.14999999999998,4,0
2024-07-13,slp,"Cd. Valles, SLP",21.9833,-99.0167,5,16.96,30.32,24.14,91.19000000000001,136.4,166.70999999999998,5,0
2024-07-14,slp,"Cd. Valles, SLP",21.9833,-99.0167,5,10.5,30.49,24.3,44.41000000000001,146.9,156.94,6,0
2024-07-15,slp,"Cd. Valles, SLP",21.9833,-99.0167,5,0.39,30.8,22.88,27.85000000000001,146.32999999999998,157.32999999999998,0,0
2024-07-16,slp,"Cd. Valles, SLP",21.9833,-99.0167,5,0.5,32.24,23.28,11.390000000000008,136.4,151.30999999999997,0,0
2024-07-17,slp,"Cd. Valles, SLP",21.9833,-99.0167,5,7.09,30.55,24.21,7.980000000000007,109.67,154.96999999999997,1,0
2024-07-18,slp,"Cd. Valles, SLP",21.9833,-99.0167,5,11.72,30.86,24.72,19.31000000000001,64.11000000000001,166.59999999999997,2,0
2024-07-19,slp,"Cd. Valles, SLP",21.9833,-99.0167,5,2.15,31.52,23.85,20.960000000000008,49.31,168.74999999999997,0,0
2024-07-20,slp,"Cd. Valles, SLP",21.9833,-99.0167,5,2.95,32.37,23.08,16.820000000000007,35.30000000000001,171.69999999999996,0,0
2024-07-21,slp,"Cd. Valles, SLP",21.9833,-99.0167,5,6.62,30.46,23.85,11.720000000000008,31.42000000000001,178.31999999999996,1,0
2024-07-22,slp,"Cd. Valles, SLP",21.9833,-99.0167,5,10.81,30.18,23.55,20.38000000000001,41.84,188.17,2,0
2024-07-23,slp,"Cd. Valles, SLP",21.9833,-99.0167,5,6.45,30.36,24.07,23.88000000000001,47.790000000000006,184.18999999999997,3,0
2024-07-24,slp,"Cd. Valles, SLP",21.9833,-99.0167,5,10.62,30.23,24.86,27.880000000000006,51.32000000000001,160.98999999999995,4,0
2024-07-25,slp,"Cd. Valles, SLP",21.9833,-99.0167,5,18.23,30.85,24.69,35.30000000000001,57.83000000000001,121.93999999999997,5,0
2024-07-26,slp,"Cd. Valles, SLP",21.9833,-99.0167,5,19.69,29.83,23.76,48.540000000000006,75.37,124.67999999999998,6,0
2024-07-27,slp,"Cd. Valles, SLP",21.9833,-99.0167,5,20.59,29.97,24.53,58.510000000000005,93.01,128.30999999999997,7,1
2024-07-28,slp,"Cd. Valles, SLP",21.9833,-99.0167,5,13.32,29.59,24.86,53.60000000000001,99.71000000000001,131.12999999999997,8,0
2024-07-29,slp,"Cd. Valles, SLP",21.9833,-99.0167,5,3.94,31.61,25.19,37.85000000000001,92.84000000000002,134.67999999999995,0,0
2024-07-30,slp,"Cd. Valles, SLP",21.9833,-99.0167,5,2.07,31.31,24.46,19.330000000000005,88.46000000000001,136.24999999999997,0,0
2024-07-31,slp,"Cd. Valles, SLP",21.9833,-99.0167,5,1.84,30.57,24.26,7.850000000000007,79.68,131.0,0,0
2024-08-01,slp,"Cd. Valles, SLP",21.9833,-99.0167,5,1.4,30.94,23.93,5.310000000000007,62.85000000000001,120.67999999999998,0,0
2024-08-02,slp,"Cd. Valles, SLP",21.9833,-99.0167,5,3.11,30.31,23.22,6.350000000000007,46.27000000000001,121.63999999999997,0,0
2024-08-03,slp,"Cd. Valles, SLP",21.9833,-99.0167,5,0.19,31.79,23.31,4.700000000000007,25.870000000000008,118.87999999999998,0,0
2024-08-04,slp,"Cd. Valles, SLP",21.9833,-99.0167,5,0.03,32.2,22.54,3.330000000000007,12.580000000000007,112.28999999999998,0,0
2024-08-05,slp,"Cd. Valles, SLP",21.9833,-99.0167,5,0.03,32.19,22.45,0.25000000000000755,8.670000000000007,101.50999999999998,0,0
2024-08-06,slp,"Cd. Valles, SLP",21.9833,-99.0167,5,0.02,32.41,24.25,0.08000000000000755,6.620000000000006,95.07999999999997,0,0
2024-08-07,slp,"Cd. Valles, SLP",21.9833,-99.0167,5,0.03,32.56,24.51,0.08000000000000755,4.810000000000007,84.48999999999998,0,0
2024-08-08,slp,"Cd. Valles, SLP",21.9833,-99.0167,5,0.05,32.18,24.55,0.10000000000000756,3.4600000000000066,66.30999999999997,0,0
2024-08-09,slp,"Cd. Valles, SLP",21.9833,-99.0167,5,4.79,31.29,25.57,4.870000000000007,5.140000000000008,51.40999999999997,0,0
2024-08-10,slp,"Cd. Valles, SLP",21.9833,-99.0167,5,1.9,31.75,24.96,6.740000000000007,6.850000000000007,32.71999999999997,0,0
2024-08-11,slp,"Cd. Valles, SLP",21.9833,-99.0167,5,7.72,32.5,23.6,14.410000000000007,14.540000000000006,27.11999999999997,1,0
2024-08-12,slp,"Cd. Valles, SLP",21.9833,-99.0167,5,7.1,30.53,25.05,16.720000000000006,21.610000000000007,30.27999999999997,2,0
2024-08-13,slp,"Cd. Valles, SLP",21.9833,-99.0167,5,5.92,31.05,24.46,20.740000000000006,27.510000000000005,34.129999999999974,3,0
2024-08-14,slp,"Cd. Valles, SLP",21.9833,-99.0167,5,2.09,32.15,24.66,15.110000000000007,29.570000000000004,34.37999999999997,0,0
2024-08-15,slp,"Cd. Valles, SLP",21.9833,-99.0167,5,1.79,33.14,23.92,9.800000000000006,31.310000000000006,34.76999999999997,0,0
2024-08-16,slp,"Cd. Valles, SLP",21.9833,-99.0167,5,2.22,31.31,24.59,6.100000000000007,28.740000000000006,33.879999999999974,0,0
2024-08-17,slp,"Cd. Valles, SLP",21.9833,-99.0167,5,0.24,32.17,24.71,4.250000000000006,27.080000000000005,33.92999999999997,0,0
2024-08-18,slp,"Cd. Valles, SLP",21.9833,-99.0167,5,0.88,32.91,24.93,3.3400000000000065,20.240000000000006,34.77999999999997,0,0
2024-08-19,slp,"Cd. Valles, SLP",21.9833,-99.0167,5,6.4,32.95,24.57,7.520000000000007,19.540000000000006,41.14999999999997,1,0
2024-08-20,slp,"Cd. Valles, SLP",21.9833,-99.0167,5,12.91,31.0,24.69,20.190000000000005,26.53000000000001,54.039999999999964,2,0
2024-08-21,slp,"Cd. Valles, SLP",21.9833,-99.0167,5,4.51,30.95,24.74,23.820000000000007,28.950000000000006,58.519999999999975,0,0
2024-08-22,slp,"Cd. Valles, SLP",21.9833,-99.0167,5,0.58,33.13,24.01,18.000000000000004,27.740000000000006,59.04999999999997,0,0
2024-08-23,slp,"Cd. Valles, SLP",21.9833,-99.0167,5,0.31,33.34,23.26,5.400000000000005,25.830000000000005,54.56999999999997,0,0
2024-08-24,slp,"Cd. Valles, SLP",21.9833,-99.0167,5,3.23,32.86,23.8,4.120000000000005,28.820000000000007,55.89999999999997,0,0
2024-08-25,slp,"Cd. Valles, SLP",21.9833,-99.0167,5,3.97,32.93,23.71,7.510000000000005,31.910000000000007,52.14999999999997,0,0
2024-08-26,slp,"Cd. Valles, SLP",21.9833,-99.0167,5,0.26,33.31,23.9,7.460000000000006,25.770000000000007,45.309999999999974,0,0
2024-08-27,slp,"Cd. Valles, SLP",21.9833,-99.0167,5,1.1,33.46,23.81,5.330000000000005,13.960000000000006,40.48999999999997,0,0
2024-08-28,slp,"Cd. Valles, SLP",21.9833,-99.0167,5,0.3,33.96,23.94,1.6600000000000055,9.750000000000005,38.699999999999974,0,0
2024-08-29,slp,"Cd. Valles, SLP",21.9833,-99.0167,5,0.12,35.05,24.0,1.5200000000000053,9.290000000000006,37.02999999999997,0,0
2024-08-30,slp,"Cd. Valles, SLP",21.9833,-99.0167,5,0.04,34.26,24.68,0.4600000000000053,9.020000000000005,34.849999999999966,0,0
2024-08-31,slp,"Cd. Valles, SLP",21.9833,-99.0167,5,3.0,33.08,25.39,3.1600000000000055,8.790000000000006,37.60999999999997,0,0
2024-09-01,slp,"Cd. Valles, SLP",21.9833,-99.0167,5,4.75,35.24,24.8,7.790000000000005,9.570000000000006,41.47999999999997,0,0
2024-09-02,slp,"Cd. Valles, SLP",21.9833,-99.0167,5,3.16,33.95,25.26,10.910000000000005,12.470000000000006,38.239999999999974,0,0
2024-09-03,slp,"Cd. Valles, SLP",21.9833,-99.0167,5,3.12,33.43,25.82,11.030000000000005,14.490000000000006,28.44999999999997,0,0
2024-09-04,slp,"Cd. Valles, SLP",21.9833,-99.0167,5,4.38,32.56,25.49,10.660000000000005,18.570000000000007,28.319999999999972,0,0
2024-09-05,slp,"Cd. Valles, SLP",21.9833,-99.0167,5,7.33,33.21,25.33,14.830000000000005,25.780000000000005,35.06999999999997,1,0
2024-09-06,slp,"Cd. Valles, SLP",21.9833,-99.0167,5,16.1,30.55,25.56,27.810000000000006,41.84,50.85999999999997,2,0
2024-09-07,slp,"Cd. Valles, SLP",21.9833,-99.0167,5,1.55,32.93,24.6,24.980000000000008,40.39000000000001,49.17999999999997,0,0
2024-09-08,slp,"Cd. Valles, SLP",21.9833,-99.0167,5,0.54,32.9,23.15,18.190000000000005,36.18000000000001,45.74999999999998,0,0
2024-09-09,slp,"Cd. Valles, SLP",21.9833,-99.0167,5,0.57,25.99,23.54,2.6600000000000037,33.59000000000001,46.05999999999997,0,0
2024-09-10,slp,"Cd. Valles, SLP",21.9833,-99.0167,5,0.01,34.74,23.18,1.1200000000000034,30.480000000000008,44.96999999999998,0,0
2024-09-11,slp,"Cd. Valles, SLP",21.9833,-99.0167,5,0.07,34.83,24.5,0.6500000000000035,26.170000000000005,44.739999999999974,0,0
2024-09-12,slp,"Cd. Valles, SLP",21.9833,-99.0167,5,0.57,31.98,25.17,0.6500000000000035,19.410000000000004,45.189999999999976,0,0
2024-09-13,slp,"Cd. Valles, SLP",21.9833,-99.0167,5,4.66,31.79,25.4,5.300000000000003,7.970000000000003,49.809999999999974,0,0
2024-09-14,slp,"Cd. Valles, SLP",21.9833,-99.0167,5,7.75,32.31,26.12,12.980000000000004,14.170000000000003,54.559999999999974,1,0
2024-09-15,slp,"Cd. Valles, SLP",21.9833,-99.0167,5,40.67,31.03,26.04,53.080000000000005,54.300000000000004,90.47999999999998,2,1
2024-09-16,slp,"Cd. Valles, SLP",21.9833,-99.0167,5,18.4,28.79,24.72,66.82000000000001,72.13,105.71999999999997,3,0
2024-09-17,slp,"Cd. Valles, SLP",21.9833,-99.0167,5,3.96,32.0,22.78,63.03000000000001,76.08,106.55999999999997,0,0
2024-09-18,slp,"Cd. Valles, SLP",21.9833,-99.0167,5,0.13,33.39,24.06,22.490000000000006,76.14,102.30999999999997,0,0
2024-09-19,slp,"Cd. Valles, SLP",21.9833,-99.0167,5,0.07,33.19,25.74,4.160000000000007,75.64,95.04999999999997,0,0
2024-09-20,slp,"Cd. Valles, SLP",21.9833,-99.0167,5,1.13,33.15,25.63,1.330000000000007,72.11,80.07999999999997,0,0
2024-09-21,slp,"Cd. Valles, SLP",21.9833,-99.0167,5,2.63,33.41,25.49,3.8300000000000067,66.99,81.15999999999997,0,0
2024-09-22,slp,"Cd. Valles, SLP",21.9833,-99.0167,5,2.08,33.26,25.12,5.840000000000007,28.4,82.69999999999996,0,0
2024-09-23,slp,"Cd. Valles, SLP",21.9833,-99.0167,5,0.93,32.82,23.84,5.640000000000007,10.93,83.05999999999997,0,0
2024-09-24,slp,"Cd. Valles, SLP",21.9833,-99.0167,5,0.52,32.86,24.05,3.5300000000000074,7.49,83.56999999999996,0,0
2024-09-25,slp,"Cd. Valles, SLP",21.9833,-99.0167,5,2.15,33.2,24.08,3.600000000000007,9.51,85.64999999999998,0,0
2024-09-26,slp,"Cd. Valles, SLP",21.9833,-99.0167,5,3.75,33.71,24.23,6.420000000000007,13.19,88.82999999999997,0,0
2024-09-27,slp,"Cd. Valles, SLP",21.9833,-99.0167,5,6.19,30.94,24.66,12.090000000000007,18.25,90.35999999999997,1,0
2024-09-28,slp,"Cd. Valles, SLP",21.9833,-99.0167,5,0.54,32.73,23.94,10.480000000000008,16.16,83.14999999999998,0,0
2024-09-29,slp,"Cd. Valles, SLP",21.9833,-99.0167,5,0.04,32.59,21.94,6.770000000000008,14.120000000000001,42.51999999999997,0,0
2024-09-30,slp,"Cd. Valles, SLP",21.9833,-99.0167,5,0.0,32.87,22.43,0.5800000000000072,13.190000000000001,24.119999999999973,0,0
2024-10-01,slp,"Cd. Valles, SLP",21.9833,-99.0167,5,1.26,33.45,22.42,1.3000000000000071,13.930000000000001,21.419999999999973,0,0
2024-10-02,slp,"Cd. Valles, SLP",21.9833,-99.0167,5,1.68,32.44,21.58,2.940000000000007,13.46,22.969999999999974,0,0
2024-10-03,slp,"Cd. Valles, SLP",21.9833,-99.0167,5,0.01,33.53,21.51,2.950000000000007,9.72,22.90999999999997,0,0
2024-10-04,slp,"Cd. Valles, SLP",21.9833,-99.0167,5,8.48,32.68,23.27,10.170000000000007,12.01,30.259999999999973,1,0
2024-10-05,slp,"Cd. Valles, SLP",21.9833,-99.0167,5,6.72,32.1,23.03,15.210000000000008,18.189999999999998,34.34999999999997,2,0
2024-10-06,slp,"Cd. Valles, SLP",21.9833,-99.0167,5,1.39,33.51,23.3,16.590000000000007,19.54,33.65999999999997,0,0
2024-10-07,slp,"Cd. Valles, SLP",21.9833,-99.0167,5,0.39,32.45,23.49,8.500000000000007,19.93,33.11999999999997,0,0
2024-10-08,slp,"Cd. Valles, SLP",21.9833,-99.0167,5,0.01,33.18,22.32,1.790000000000007,18.679999999999996,32.60999999999997,0,0
2024-10-09,slp,"Cd. Valles, SLP",21.9833,-99.0167,5,0.0,33.35,20.31,0.4000000000000071,16.999999999999996,30.45999999999997,0,0
2024-10-10,slp,"Cd. Valles, SLP",21.9833,-99.0167,5,0.0,33.36,20.66,0.010000000000007106,16.99,26.70999999999997,0,0
2024-10-11,slp,"Cd. Valles, SLP",21.9833,-99.0167,5,0.0,32.47,19.71,0.0,8.51,20.519999999999968,0,0
2024-10-12,slp,"Cd. Valles, SLP",21.9833,-99.0167,5,0.02,31.08,20.07,0.020000000000007106,1.8099999999999998,19.99999999999997,0,0
2024-10-13,slp,"Cd. Valles, SLP",21.9833,-99.0167,5,0.07,32.0,20.08,0.09000000000000712,0.49,20.029999999999973,0,0
2024-10-14,slp,"Cd. Valles, SLP",21.9833,-99.0167,5,0.0,33.13,19.75,0.09000000000000712,0.1,20.029999999999973,0,0
2024-10-15,slp,"Cd. Valles, SLP",21.9833,-99.0167,5,0.0,33.89,19.37,0.07000000000000711,0.09000000000000001,18.76999999999997,0,0
2024-10-16,slp,"Cd. Valles, SLP",21.9833,-99.0167,5,4.46,32.65,19.9,4.460000000000007,4.55,21.54999999999997,0,0
2024-10-17,slp,"Cd. Valles, SLP",21.9833,-99.0167,5,8.57,29.96,21.23,13.030000000000008,13.120000000000001,30.10999999999997,1,0
2024-10-18,slp,"Cd. Valles, SLP",21.9833,-99.0167,5,3.47,30.64,21.07,16.500000000000007,16.59,25.09999999999997,0,0
2024-10-19,slp,"Cd. Valles, SLP",21.9833,-99.0167,5,0.99,31.59,21.85,13.030000000000008,17.560000000000002,19.369999999999973,0,0
2024-10-20,slp,"Cd. Valles, SLP",21.9833,-99.0167,5,44.01,28.67,21.07,48.470000000000006,61.5,61.98999999999997,1,1
2024-10-21,slp,"Cd. Valles, SLP",21.9833,-99.0167,5,28.74,26.59,23.15,73.74000000000001,90.24,90.33999999999997,2,1
2024-10-22,slp,"Cd. Valles, SLP",21.9833,-99.0167,5,0.41,29.43,21.97,73.16000000000001,90.64999999999999,90.73999999999997,0,0
2024-10-23,slp,"Cd. Valles, SLP",21.9833,-99.0167,5,0.22,29.13,19.88,29.370000000000005,86.41000000000001,90.95999999999997,0,0
2024-10-24,slp,"Cd. Valles, SLP",21.9833,-99.0167,5,0.01,29.25,20.56,0.6400000000000071,77.85,90.96999999999997,0,0
2024-10-25,slp,"Cd. Valles, SLP",21.9833,-99.0167,5,0.0,29.08,19.78,0.23000000000000712,74.38,90.96999999999997,0,0
2024-10-26,slp,"Cd. Valles, SLP",21.9833,-99.0167,5,0.0,28.65,19.5,0.010000000000007106,73.39,90.94999999999997,0,0
2024-10-27,slp,"Cd. Valles, SLP",21.9833,-99.0167,5,1.08,29.87,18.99,1.0800000000000072,30.459999999999997,91.95999999999998,0,0
2024-10-28,slp,"Cd. Valles, SLP",21.9833,-99.0167,5,0.03,29.7,19.86,1.1100000000000072,1.75,91.98999999999998,0,0
2024-10-29,slp,"Cd. Valles, SLP",21.9833,-99.0167,5,0.0,28.38,20.52,1.1100000000000072,1.34,91.98999999999998,0,0
2024-10-30,slp,"Cd. Valles, SLP",21.9833,-99.0167,5,0.0,31.53,20.65,0.030000000000007104,1.12,87.52999999999997,0,0
2024-10-31,slp,"Cd. Valles, SLP",21.9833,-99.0167,5,0.0,32.77,22.96,0.0,1.11,78.95999999999998,0,0
2024-11-01,slp,"Cd. Valles, SLP",21.9833,-99.0167,5,0.45,31.64,23.28,0.4500000000000071,1.56,75.93999999999998,0,0
2024-11-02,slp,"Cd. Valles, SLP",21.9833,-99.0167,5,0.23,31.57,22.94,0.6800000000000072,1.79,75.17999999999996,0,0
2024-11-03,slp,"Cd. Valles, SLP",21.9833,-99.0167,5,0.02,32.49,22.41,0.7000000000000072,0.73,31.189999999999976,0,0
2024-11-04,slp,"Cd. Valles, SLP",21.9833,-99.0167,5,0.0,34.28,23.45,0.2500000000000071,0.7,2.449999999999979,0,0
2024-11-05,slp,"Cd. Valles, SLP",21.9833,-99.0167,5,0.11,32.63,21.96,0.1300000000000071,0.8099999999999999,2.1499999999999786,0,0
2024-11-06,slp,"Cd. Valles, SLP",21.9833,-99.0167,5,0.14,31.87,19.49,0.2500000000000071,0.95,2.069999999999979,0,0
2024-11-07,slp,"Cd. Valles, SLP",21.9833,-99.0167,5,3.61,32.33,22.19,3.860000000000007,4.56,5.669999999999979,0,0
2024-11-08,slp,"Cd. Valles, SLP",21.9833,-99.0167,5,0.0,33.46,23.79,3.750000000000007,4.109999999999999,5.669999999999979,0,0
2024-11-09,slp,"Cd. Valles, SLP",21.9833,-99.0167,5,0.01,32.79,22.96,3.6200000000000068,3.8899999999999997,5.679999999999978,0,0
2024-11-10,slp,"Cd. Valles, SLP",21.9833,-99.0167,5,0.06,33.28,21.88,0.07000000000000711,3.9299999999999997,4.659999999999979,0,0
2024-11-11,slp,"Cd. Valles, SLP",21.9833,-99.0167,5,0.01,32.98,21.53,0.08000000000000711,3.94,4.639999999999979,0,0
2024-11-12,slp,"Cd. Valles, SLP",21.9833,-99.0167,5,0.04,32.87,21.62,0.11000000000000712,3.87,4.679999999999979,0,0
2024-11-13,slp,"Cd. Valles, SLP",21.9833,-99.0167,5,0.14,32.94,20.76,0.19000000000000714,3.87,4.819999999999979,0,0
2024-11-14,slp,"Cd. Valles, SLP",21.9833,-99.0167,5,7.8,29.5,21.41,7.980000000000007,8.06,12.61999999999998,1,0
2024-11-15,slp,"Cd. Valles, SLP",21.9833,-99.0167,5,0.82,29.86,20.28,8.760000000000007,8.879999999999999,12.989999999999977,0,0
2024-11-16,slp,"Cd. Valles, SLP",21.9833,-99.0167,5,0.0,31.39,18.89,8.620000000000006,8.87,12.759999999999978,0,0
2024-11-17,slp,"Cd. Valles, SLP",21.9833,-99.0167,5,0.02,32.14,20.5,0.8400000000000071,8.83,12.759999999999978,0,0
2024-11-18,slp,"Cd. Valles, SLP",21.9833,-99.0167,5,0.02,35.63,22.68,0.040000000000007106,8.84,12.779999999999978,0,0
2024-11-19,slp,"Cd. Valles, SLP",21.9833,-99.0167,5,0.71,33.61,22.48,0.7500000000000071,9.51,13.379999999999978,0,0
2024-11-20,slp,"Cd. Valles, SLP",21.9833,-99.0167,5,3.17,30.65,20.1,3.900000000000007,12.54,16.40999999999998,0,0
2024-11-21,slp,"Cd. Valles, SLP",21.9833,-99.0167,5,0.06,27.55,17.28,3.940000000000007,4.8,12.859999999999978,0,0
2024-11-22,slp,"Cd. Valles, SLP",21.9833,-99.0167,5,0.01,28.48,15.79,3.240000000000007,3.9899999999999998,12.869999999999978,0,0
2024-11-23,slp,"Cd. Valles, SLP",21.9833,-99.0167,5,0.0,28.15,16.5,0.0700000000000071,3.9899999999999998,12.859999999999978,0,0
2024-11-24,slp,"Cd. Valles, SLP",21.9833,-99.0167,5,0.0,29.16,15.96,0.010000000000007106,3.9699999999999998,12.799999999999978,0,0
2024-11-25,slp,"Cd. Valles, SLP",21.9833,-99.0167,5,0.0,30.21,16.76,0.0,3.9499999999999997,12.789999999999978,0,0
2024-11-26,slp,"Cd. Valles, SLP",21.9833,-99.0167,5,0.0,29.13,17.77,0.0,3.2399999999999998,12.749999999999979,0,0
2024-11-27,slp,"Cd. Valles, SLP",21.9833,-99.0167,5,0.0,31.2,16.23,0.0,0.06999999999999999,12.609999999999978,0,0
2024-11-28,slp,"Cd. Valles, SLP",21.9833,-99.0167,5,0.0,31.3,17.39,0.0,0.01,4.809999999999978,0,0
2024-11-29,slp,"Cd. Valles, SLP",21.9833,-99.0167,5,0.02,25.41,14.57,0.020000000000007106,0.02,4.0099999999999785,0,0
2024-11-30,slp,"Cd. Valles, SLP",21.9833,-99.0167,5,0.14,26.48,12.61,0.1600000000000071,0.16,4.149999999999979,0,0
2024-12-01,slp,"Cd. Valles, SLP",21.9833,-99.0167,5,0.48,29.7,15.77,0.6400000000000071,0.64,4.609999999999978,0,0
2024-12-02,slp,"Cd. Valles, SLP",21.9833,-99.0167,5,0.91,30.32,19.73,1.5300000000000071,1.55,5.499999999999979,0,0
2024-12-03,slp,"Cd. Valles, SLP",21.9833,-99.0167,5,0.3,30.27,19.88,1.6900000000000073,1.85,5.0899999999999785,0,0
2024-12-04,slp,"Cd. Valles, SLP",21.9833,-99.0167,5,0.18,29.42,18.32,1.390000000000007,2.0300000000000002,2.0999999999999788,0,0
2024-12-05,slp,"Cd. Valles, SLP",21.9833,-99.0167,5,1.42,29.57,20.54,1.900000000000007,3.45,3.4599999999999786,0,0
2024-12-06,slp,"Cd. Valles, SLP",21.9833,-99.0167,5,5.9,27.24,19.55,7.500000000000007,9.33,9.34999999999998,1,0
2024-12-07,slp,"Cd. Valles, SLP",21.9833,-99.0167,5,1.19,28.72,18.59,8.510000000000007,10.379999999999999,10.53999999999998,0,0
2024-12-08,slp,"Cd. Valles, SLP",21.9833,-99.0167,5,0.32,29.71,19.96,7.410000000000007,10.22,10.85999999999998,0,0
2024-12-09,slp,"Cd. Valles, SLP",21.9833,-99.0167,5,0.0,33.91,19.69,1.5100000000000071,9.31,10.85999999999998,0,0
2024-12-10,slp,"Cd. Valles, SLP",21.9833,-99.0167,5,1.7,33.69,18.61,2.020000000000007,10.71,12.55999999999998,0,0
2024-12-11,slp,"Cd. Valles, SLP",21.9833,-99.0167,5,0.35,21.57,12.91,2.050000000000007,10.88,12.909999999999979,0,0
2024-12-12,slp,"Cd. Valles, SLP",21.9833,-99.0167,5,0.0,24.1,9.67,2.050000000000007,9.46,12.909999999999979,0,0
2024-12-13,slp,"Cd. Valles, SLP",21.9833,-99.0167,5,0.0,28.14,14.82,0.3500000000000071,3.56,12.88999999999998,0,0
2024-12-14,slp,"Cd. Valles, SLP",21.9833,-99.0167,5,0.02,30.33,18.37,0.020000000000007106,2.39,12.769999999999978,0,0
2024-12-15,slp,"Cd. Valles, SLP",21.9833,-99.0167,5,0.12,30.55,19.48,0.1400000000000071,2.19,12.409999999999979,0,0
2024-12-16,slp,"Cd. Valles, SLP",21.9833,-99.0167,5,0.07,30.46,18.75,0.21000000000000713,2.2600000000000002,11.569999999999979,0,0
2024-12-17,slp,"Cd. Valles, SLP",21.9833,-99.0167,5,0.1,27.68,19.9,0.29000000000000714,0.66,11.36999999999998,0,0
2024-12-18,slp,"Cd. Valles, SLP",21.9833,-99.0167,5,4.32,28.89,18.53,4.490000000000007,4.630000000000001,15.50999999999998,0,0
2024-12-19,slp,"Cd. Valles, SLP",21.9833,-99.0167,5,11.75,26.57,19.68,16.17000000000001,16.380000000000003,25.83999999999998,1,0
2024-12-20,slp,"Cd. Valles, SLP",21.9833,-99.0167,5,22.36,26.36,19.32,38.43000000000001,38.74,42.29999999999998,2,1
2024-12-21,slp,"Cd. Valles, SLP",21.9833,-99.0167,5,21.86,22.08,17.92,55.970000000000006,60.58,62.969999999999985,3,1
2024-12-22,slp,"Cd. Valles, SLP",21.9833,-99.0167,5,0.9,24.95,16.94,45.120000000000005,61.36,63.54999999999998,0,0
2024-12-23,slp,"Cd. Valles, SLP",21.9833,-99.0167,5,0.11,26.61,17.44,22.870000000000008,61.4,63.65999999999998,0,0
2024-12-24,slp,"Cd. Valles, SLP",21.9833,-99.0167,5,0.01,26.73,18.24,1.0200000000000071,61.31,61.96999999999998,0,0
2024-12-25,slp,"Cd. Valles, SLP",21.9833,-99.0167,5,0.0,29.69,18.38,0.1200000000000071,56.99,61.619999999999976,0,0
2024-12-26,slp,"Cd. Valles, SLP",21.9833,-99.0167,5,0.0,31.92,19.35,0.010000000000007106,45.24000000000001,61.619999999999976,0,0
2024-12-27,slp,"Cd. Valles, SLP",21.9833,-99.0167,5,0.0,30.8,18.64,0.0,22.880000000000003,61.619999999999976,0,0
2024-12-28,slp,"Cd. Valles, SLP",21.9833,-99.0167,5,0.0,34.44,18.94,0.0,1.0200000000000036,61.59999999999998,0,0
2024-12-29,slp,"Cd. Valles, SLP",21.9833,-99.0167,5,0.0,31.02,16.75,0.0,0.12000000000000355,61.479999999999976,0,0
2024-12-30,slp,"Cd. Valles, SLP",21.9833,-99.0167,5,0.0,32.15,14.89,0.0,0.010000000000003553,61.409999999999975,0,0
2024-12-31,slp,"Cd. Valles, SLP",21.9833,-99.0167,5,0.0,31.89,16.12,0.0,0.0,61.30999999999998,0,0
2025-01-01,slp,"Cd. Valles, SLP",21.9833,-99.0167,5,4.48,28.21,18.14,4.4800000000000075,4.480000000000004,61.469999999999985,0,0
2025-01-02,slp,"Cd. Valles, SLP",21.9833,-99.0167,5,2.75,27.24,19.85,7.2300000000000075,7.230000000000004,52.469999999999985,0,0
2025-01-03,slp,"Cd. Valles, SLP",21.9833,-99.0167,5,2.02,27.35,19.42,9.250000000000007,9.250000000000004,32.12999999999998,0,0
2025-01-04,slp,"Cd. Valles, SLP",21.9833,-99.0167,5,0.48,27.69,17.37,5.250000000000007,9.730000000000004,10.749999999999979,0,0
2025-01-05,slp,"Cd. Valles, SLP",21.9833,-99.0167,5,0.0,30.87,18.78,2.500000000000007,9.730000000000004,9.84999999999998,0,0
2025-01-06,slp,"Cd. Valles, SLP",21.9833,-99.0167,5,0.06,21.46,12.78,0.5400000000000071,9.790000000000004,9.79999999999998,0,0
2025-01-07,slp,"Cd. Valles, SLP",21.9833,-99.0167,5,0.04,17.37,10.6,0.10000000000000711,9.830000000000004,9.82999999999998,0,0
2025-01-08,slp,"Cd. Valles, SLP",21.9833,-99.0167,5,2.36,13.85,9.18,2.460000000000007,7.7100000000000035,12.18999999999998,0,0
2025-01-09,slp,"Cd. Valles, SLP",21.9833,-99.0167,5,0.19,17.83,9.13,2.590000000000007,5.150000000000004,12.37999999999998,0,0
2025-01-10,slp,"Cd. Valles, SLP",21.9833,-99.0167,5,2.69,15.48,9.77,5.240000000000007,5.820000000000004,15.069999999999979,0,0
2025-01-11,slp,"Cd. Valles, SLP",21.9833,-99.0167,5,0.05,19.21,8.06,2.930000000000007,5.390000000000003,15.11999999999998,0,0
2025-01-12,slp,"Cd. Valles, SLP",21.9833,-99.0167,5,0.0,27.82,11.98,2.740000000000007,5.390000000000004,15.11999999999998,0,0
2025-01-13,slp,"Cd. Valles, SLP",21.9833,-99.0167,5,0.0,23.32,12.35,0.05000000000000711,5.330000000000004,15.11999999999998,0,0
2025-01-14,slp,"Cd. Valles, SLP",21.9833,-99.0167,5,0.0,24.42,11.29,0.0,5.290000000000004,15.11999999999998,0,0
2025-01-15,slp,"Cd. Valles, SLP",21.9833,-99.0167,5,0.01,25.7,13.22,0.010000000000007106,2.9400000000000035,10.649999999999979,0,0
2025-01-16,slp,"Cd. Valles, SLP",21.9833,-99.0167,5,0.07,23.97,14.15,0.08000000000000711,2.8200000000000034,7.969999999999978,0,0
2025-01-17,slp,"Cd. Valles, SLP",21.9833,-99.0167,5,0.0,30.43,13.45,0.08000000000000711,0.13000000000000356,5.949999999999978,0,0
2025-01-18,slp,"Cd. Valles, SLP",21.9833,-99.0167,5,0.0,36.52,16.99,0.07000000000000711,0.08000000000000355,5.469999999999978,0,0
2025-01-19,slp,"Cd. Valles, SLP",21.9833,-99.0167,5,0.34,19.78,9.26,0.34000000000000713,0.4200000000000036,5.809999999999978,0,0
2025-01-20,slp,"Cd. Valles, SLP",21.9833,-99.0167,5,0.11,18.77,7.28,0.4500000000000071,0.5300000000000036,5.859999999999979,0,0
2025-01-21,slp,"Cd. Valles, SLP",21.9833,-99.0167,5,1.12,12.59,4.26,1.5700000000000072,1.6500000000000037,6.939999999999979,0,0
2025-01-22,slp,"Cd. Valles, SLP",21.9833,-99.0167,5,0.0,16.13,2.11,1.230000000000007,1.6400000000000037,4.579999999999979,0,0
2025-01-23,slp,"Cd. Valles, SLP",21.9833,-99.0167,5,2.08,20.32,6.85,3.2000000000000073,3.650000000000004,6.469999999999978,0,0
2025-01-24,slp,"Cd. Valles, SLP",21.9833,-99.0167,5,0.81,19.64,10.38,2.8900000000000072,4.460000000000004,4.5899999999999785,0,0
2025-01-25,slp,"Cd. Valles, SLP",21.9833,-99.0167,5,0.14,25.01,10.49,3.0300000000000074,4.600000000000004,4.679999999999979,0,0
2025-01-26,slp,"Cd. Valles, SLP",21.9833,-99.0167,5,0.0,29.08,14.83,0.9500000000000072,4.260000000000004,4.679999999999979,0,0
2025-01-27,slp,"Cd. Valles, SLP",21.9833,-99.0167,5,0.0,29.37,17.09,0.14000000000000712,4.150000000000004,4.679999999999979,0,0
2025-01-28,slp,"Cd. Valles, SLP",21.9833,-99.0167,5,0.0,28.97,17.61,0.0,3.030000000000004,4.679999999999979,0,0
2025-01-29,slp,"Cd. Valles, SLP",21.9833,-99.0167,5,0.0,30.98,18.38,0.0,3.030000000000004,4.6699999999999795,0,0
2025-01-30,slp,"Cd. Valles, SLP",21.9833,-99.0167,5,0.09,37.27,19.65,0.0900000000000071,1.0400000000000036,4.689999999999979,0,0
2025-01-31,slp,"Cd. Valles, SLP",21.9833,-99.0167,5,0.09,30.95,18.0,0.1800000000000071,0.32000000000000356,4.779999999999979,0,0
2025-02-01,slp,"Cd. Valles, SLP",21.9833,-99.0167,5,0.0,28.58,16.69,0.1800000000000071,0.18000000000000355,4.779999999999979,0,0
2025-02-02,slp,"Cd. Valles, SLP",21.9833,-99.0167,5,1.62,29.95,16.98,1.7100000000000073,1.8000000000000036,6.059999999999979,0,0
2025-02-03,slp,"Cd. Valles, SLP",21.9833,-99.0167,5,0.58,30.45,17.35,2.2000000000000073,2.3800000000000034,6.529999999999979,0,0
2025-02-04,slp,"Cd. Valles, SLP",21.9833,-99.0167,5,0.33,30.41,19.71,2.5300000000000074,2.7100000000000035,5.739999999999979,0,0
2025-02-05,slp,"Cd. Valles, SLP",21.9833,-99.0167,5,0.15,31.62,20.01,1.0600000000000072,2.8600000000000034,5.889999999999979,0,0
2025-02-06,slp,"Cd. Valles, SLP",21.9833,-99.0167,5,0.01,32.81,18.58,0.4900000000000071,2.780000000000004,3.819999999999979,0,0
2025-02-07,slp,"Cd. Valles, SLP",21.9833,-99.0167,5,0.0,33.13,21.06,0.1600000000000071,2.6900000000000035,3.009999999999979,0,0
2025-02-08,slp,"Cd. Valles, SLP",21.9833,-99.0167,5,0.0,33.04,19.64,0.010000000000007106,2.6900000000000035,2.869999999999979,0,0
2025-02-09,slp,"Cd. Valles, SLP",21.9833,-99.0167,5,0.0,32.99,18.9,0.0,1.0700000000000036,2.869999999999979,0,0
2025-02-10,slp,"Cd. Valles, SLP",21.9833,-99.0167,5,0.0,32.83,21.18,0.0,0.49000000000000354,2.869999999999979,0,0
2025-02-11,slp,"Cd. Valles, SLP",21.9833,-99.0167,5,0.0,34.53,20.45,0.0,0.16000000000000356,2.869999999999979,0,0
2025-02-12,slp,"Cd. Valles, SLP",21.9833,-99.0167,5,0.0,41.56,20.67,0.0,0.010000000000003553,2.869999999999979,0,0
2025-02-13,slp,"Cd. Valles, SLP",21.9833,-99.0167,5,1.24,30.53,16.2,1.240000000000007,1.2400000000000035,4.019999999999979,0,0
2025-02-14,slp,"Cd. Valles, SLP",21.9833,-99.0167,5,0.24,27.12,14.51,1.480000000000007,1.4800000000000035,4.169999999999979,0,0
2025-02-15,slp,"Cd. Valles, SLP",21.9833,-99.0167,5,0.0,35.23,17.95,1.480000000000007,1.4800000000000035,4.169999999999979,0,0
2025-02-16,slp,"Cd. Valles, SLP",21.9833,-99.0167,5,0.05,31.64,16.59,0.2900000000000071,1.5300000000000036,2.5999999999999788,0,0
2025-02-17,slp,"Cd. Valles, SLP",21.9833,-99.0167,5,0.04,27.73,14.68,0.0900000000000071,1.5700000000000036,2.0599999999999787,0,0
2025-02-18,slp,"Cd. Valles, SLP",21.9833,-99.0167,5,0.0,35.09,17.56,0.0900000000000071,1.5700000000000036,1.7299999999999789,0,0
2025-02-19,slp,"Cd. Valles, SLP",21.9833,-99.0167,5,1.76,26.03,12.17,1.8000000000000071,3.3300000000000036,3.3399999999999785,0,0
2025-02-20,slp,"Cd. Valles, SLP",21.9833,-99.0167,5,1.09,18.54,9.97,2.850000000000007,3.1800000000000033,4.419999999999979,0,0
2025-02-21,slp,"Cd. Valles, SLP",21.9833,-99.0167,5,3.9,19.38,9.1,6.750000000000007,6.840000000000003,8.319999999999979,0,0
2025-02-22,slp,"Cd. Valles, SLP",21.9833,-99.0167,5,0.25,23.59,10.14,5.240000000000007,7.090000000000003,8.569999999999979,0,0
2025-02-23,slp,"Cd. Valles, SLP",21.9833,-99.0167,5,0.12,27.73,13.31,4.270000000000008,7.160000000000004,8.689999999999978,0,0
2025-02-24,slp,"Cd. Valles, SLP",21.9833,-99.0167,5,0.0,32.34,14.4,0.3700000000000071,7.120000000000004,8.689999999999978,0,0
2025-02-25,slp,"Cd. Valles, SLP",21.9833,-99.0167,5,0.01,31.87,14.0,0.1300000000000071,7.130000000000004,8.69999999999998,0,0
2025-02-26,slp,"Cd. Valles, SLP",21.9833,-99.0167,5,0.0,33.96,14.27,0.010000000000007106,5.3700000000000045,8.69999999999998,0,0
2025-02-27,slp,"Cd. Valles, SLP",21.9833,-99.0167,5,0.34,31.69,17.4,0.35000000000000714,4.620000000000004,7.7999999999999785,0,0
2025-02-28,slp,"Cd. Valles, SLP",21.9833,-99.0167,5,0.07,31.0,16.66,0.41000000000000714,0.790000000000004,7.629999999999979,0,0
2025-03-01,slp,"Cd. Valles, SLP",21.9833,-99.0167,5,0.0,33.14,17.88,0.41000000000000714,0.540000000000004,7.629999999999979,0,0
2025-03-02,slp,"Cd. Valles, SLP",21.9833,-99.0167,5,0.01,34.17,19.64,0.08000000000000711,0.43000000000000405,7.5899999999999785,0,0
2025-03-03,slp,"Cd. Valles, SLP",21.9833,-99.0167,5,0.0,37.27,20.19,0.010000000000007106,0.43000000000000405,7.5499999999999785,0,0
2025-03-04,slp,"Cd. Valles, SLP",21.9833,-99.0167,5,0.0,47.11,20.22,0.010000000000007106,0.42000000000000404,7.5499999999999785,0,0
2025-03-05,slp,"Cd. Valles, SLP",21.9833,-99.0167,5,0.0,33.13,18.42,0.0,0.42000000000000404,5.789999999999979,0,0
2025-03-06,slp,"Cd. Valles, SLP",21.9833,-99.0167,5,0.0,32.92,15.76,0.0,0.080000000000004,4.699999999999978,0,0
2025-03-07,slp,"Cd. Valles, SLP",21.9833,-99.0167,5,0.0,41.06,18.34,0.0,0.010000000000003997,0.7999999999999787,0,0
2025-03-08,slp,"Cd. Valles, SLP",21.9833,-99.0167,5,0.0,44.88,19.72,0.0,0.010000000000003997,0.5499999999999787,0,0
2025-03-09,slp,"Cd. Valles, SLP",21.9833,-99.0167,5,0.0,31.24,17.6,0.0,0.0,0.42999999999997873,0,0
2025-03-10,slp,"Cd. Valles, SLP",21.9833,-99.0167,5,0.0,31.12,15.24,0.0,0.0,0.42999999999997873,0,0
2025-03-11,slp,"Cd. Valles, SLP",21.9833,-99.0167,5,0.0,35.03,15.23,0.0,0.0,0.4199999999999787,0,0
2025-03-12,slp,"Cd. Valles, SLP",21.9833,-99.0167,5,0.0,43.53,17.91,0.0,0.0,0.4199999999999787,0,0
2025-03-13,slp,"Cd. Valles, SLP",21.9833,-99.0167,5,0.0,38.98,20.91,0.0,0.0,0.07999999999997869,0,0
2025-03-14,slp,"Cd. Valles, SLP",21.9833,-99.0167,5,0.0,45.83,20.8,0.0,0.0,0.009999999999978684,0,0
2025-03-15,slp,"Cd. Valles, SLP",21.9833,-99.0167,5,0.0,42.93,20.87,0.0,0.0,0.009999999999978684,0,0
2025-03-16,slp,"Cd. Valles, SLP",21.9833,-99.0167,5,0.0,33.57,18.53,0.0,0.0,0.0,0,0
2025-03-17,slp,"Cd. Valles, SLP",21.9833,-99.0167,5,0.0,31.87,16.56,0.0,0.0,0.0,0,0
2025-03-18,slp,"Cd. Valles, SLP",21.9833,-99.0167,5,0.0,34.8,16.16,0.0,0.0,0.0,0,0
2025-03-19,slp,"Cd. Valles, SLP",21.9833,-99.0167,5,0.0,38.73,18.83,0.0,0.0,0.0,0,0
2025-03-20,slp,"Cd. Valles, SLP",21.9833,-99.0167,5,0.07,29.35,16.95,0.07000000000000711,0.070000000000004,0.06999999999997869,0,0
2025-03-21,slp,"Cd. Valles, SLP",21.9833,-99.0167,5,0.02,32.52,15.18,0.09000000000000712,0.09000000000000401,0.0899999999999787,0,0
2025-03-22,slp,"Cd. Valles, SLP",21.9833,-99.0167,5,0.03,33.52,19.88,0.12000000000000711,0.120000000000004,0.1199999999999787,0,0
2025-03-23,slp,"Cd. Valles, SLP",21.9833,-99.0167,5,0.17,38.73,21.18,0.22000000000000713,0.29000000000000403,0.2899999999999787,0,0
2025-03-24,slp,"Cd. Valles, SLP",21.9833,-99.0167,5,0.04,37.38,22.02,0.24000000000000712,0.330000000000004,0.3299999999999787,0,0
2025-03-25,slp,"Cd. Valles, SLP",21.9833,-99.0167,5,0.36,35.25,21.77,0.5700000000000072,0.6900000000000039,0.6899999999999786,0,0
2025-03-26,slp,"Cd. Valles, SLP",21.9833,-99.0167,5,0.95,32.47,22.45,1.3500000000000072,1.640000000000004,1.6399999999999786,0,0
2025-03-27,slp,"Cd. Valles, SLP",21.9833,-99.0167,5,1.65,35.66,23.16,2.960000000000007,3.2200000000000037,3.2899999999999787,0,0
2025-03-28,slp,"Cd. Valles, SLP",21.9833,-99.0167,5,0.69,38.4,22.63,3.290000000000007,3.8900000000000037,3.979999999999978,0,0
2025-03-29,slp,"Cd. Valles, SLP",21.9833,-99.0167,5,0.12,40.75,23.18,2.460000000000007,3.980000000000004,4.099999999999978,0,0
2025-03-30,slp,"Cd. Valles, SLP",21.9833,-99.0167,5,0.0,43.92,24.24,0.8100000000000073,3.810000000000004,4.099999999999978,0,0
2025-03-31,slp,"Cd. Valles, SLP",21.9833,-99.0167,5,0.0,40.48,23.83,0.12000000000000732,3.770000000000004,4.099999999999978,0,0
2025-04-01,slp,"Cd. Valles, SLP",21.9833,-99.0167,5,0.0,40.72,24.59,0.0,3.4100000000000037,4.099999999999978,0,0
2025-04-02,slp,"Cd. Valles, SLP",21.9833,-99.0167,5,0.0,47.04,23.81,0.0,2.460000000000004,4.099999999999978,0,0
2025-04-03,slp,"Cd. Valles, SLP",21.9833,-99.0167,5,0.0,46.29,25.01,0.0,0.8100000000000039,4.029999999999978,0,0
2025-04-04,slp,"Cd. Valles, SLP",21.9833,-99.0167,5,0.0,45.83,23.86,0.0,0.12000000000000399,4.0099999999999785,0,0
2025-04-05,slp,"Cd. Valles, SLP",21.9833,-99.0167,5,0.0,46.34,24.52,0.0,0.0,3.979999999999978,0,0
2025-04-06,slp,"Cd. Valles, SLP",21.9833,-99.0167,5,0.12,30.62,18.98,0.12000000000000732,0.12000000000000399,3.9299999999999784,0,0
2025-04-07,slp,"Cd. Valles, SLP",21.9833,-99.0167,5,0.0,30.53,15.69,0.12000000000000732,0.12000000000000399,3.8899999999999784,0,0
2025-04-08,slp,"Cd. Valles, SLP",21.9833,-99.0167,5,0.0,31.13,15.54,0.12000000000000732,0.12000000000000399,3.5299999999999785,0,0
2025-04-09,slp,"Cd. Valles, SLP",21.9833,-99.0167,5,0.0,33.53,16.28,0.0,0.12000000000000399,2.5799999999999788,0,0
2025-04-10,slp,"Cd. Valles, SLP",21.9833,-99.0167,5,0.0,35.68,16.2,0.0,0.12000000000000399,0.9299999999999786,0,0
2025-04-11,slp,"Cd. Valles, SLP",21.9833,-99.0167,5,0.0,35.44,17.04,0.0,0.12000000000000399,0.23999999999997867,0,0
2025-04-12,slp,"Cd. Valles, SLP",21.9833,-99.0167,5,0.0,35.32,17.59,0.0,0.12000000000000399,0.11999999999997868,0,0
2025-04-13,slp,"Cd. Valles, SLP",21.9833,-99.0167,5,0.0,35.74,17.53,0.0,0.0,0.11999999999997868,0,0
2025-04-14,slp,"Cd. Valles, SLP",21.9833,-99.0167,5,0.0,36.13,17.95,0.0,0.0,0.11999999999997868,0,0
2025-04-15,slp,"Cd. Valles, SLP",21.9833,-99.0167,5,0.0,36.0,19.64,0.0,0.0,0.11999999999997868,0,0
2025-04-16,slp,"Cd. Valles, SLP",21.9833,-99.0167,5,0.0,35.37,21.69,0.0,0.0,0.11999999999997868,0,0
2025-04-17,slp,"Cd. Valles, SLP",21.9833,-99.0167,5,0.0,36.81,20.38,0.0,0.0,0.11999999999997868,0,0
2025-04-18,slp,"Cd. Valles, SLP",21.9833,-99.0167,5,0.01,35.71,22.51,0.010000000000007328,0.010000000000003997,0.1299999999999787,0,0
2025-04-19,slp,"Cd. Valles, SLP",21.9833,-99.0167,5,0.01,38.95,23.4,0.020000000000007328,0.020000000000003997,0.13999999999997867,0,0
2025-04-20,slp,"Cd. Valles, SLP",21.9833,-99.0167,5,0.47,38.64,23.43,0.4900000000000073,0.490000000000004,0.4899999999999787,0,0
2025-04-21,slp,"Cd. Valles, SLP",21.9833,-99.0167,5,0.15,37.25,24.87,0.6300000000000073,0.640000000000004,0.6399999999999787,0,0
2025-04-22,slp,"Cd. Valles, SLP",21.9833,-99.0167,5,0.06,36.61,23.29,0.6800000000000073,0.700000000000004,0.6999999999999786,0,0
2025-04-23,slp,"Cd. Valles, SLP",21.9833,-99.0167,5,0.01,39.44,23.93,0.22000000000000733,0.710000000000004,0.7099999999999786,0,0
2025-04-24,slp,"Cd. Valles, SLP",21.9833,-99.0167,5,0.05,38.68,24.42,0.12000000000000732,0.760000000000004,0.7599999999999787,0,0
2025-04-25,slp,"Cd. Valles, SLP",21.9833,-99.0167,5,0.33,36.3,24.85,0.39000000000000734,1.080000000000004,1.0899999999999788,0,0
2025-04-26,slp,"Cd. Valles, SLP",21.9833,-99.0167,5,0.08,37.6,23.8,0.46000000000000735,1.150000000000004,1.1699999999999786,0,0
2025-04-27,slp,"Cd. Valles, SLP",21.9833,-99.0167,5,0.0,39.44,21.95,0.41000000000000736,0.680000000000004,1.1699999999999786,0,0
2025-04-28,slp,"Cd. Valles, SLP",21.9833,-99.0167,5,0.0,38.54,23.4,0.08000000000000733,0.530000000000004,1.1699999999999786,0,0
2025-04-29,slp,"Cd. Valles, SLP",21.9833,-99.0167,5,0.69,37.96,23.82,0.6900000000000073,1.1600000000000041,1.8599999999999786,0,0
2025-04-30,slp,"Cd. Valles, SLP",21.9833,-99.0167,5,0.31,39.63,24.2,1.0000000000000073,1.460000000000004,2.1699999999999786,0,0
2025-05-01,slp,"Cd. Valles, SLP",21.9833,-99.0167,5,0.0,38.39,25.27,1.0000000000000073,1.410000000000004,2.1699999999999786,0,0
2025-05-02,slp,"Cd. Valles, SLP",21.9833,-99.0167,5,0.03,38.7,25.34,0.3400000000000073,1.1100000000000039,2.189999999999979,0,0
2025-05-03,slp,"Cd. Valles, SLP",21.9833,-99.0167,5,1.11,38.05,25.33,1.1400000000000075,2.140000000000004,3.2899999999999787,0,0
2025-05-04,slp,"Cd. Valles, SLP",21.9833,-99.0167,5,0.06,37.35,24.44,1.2000000000000075,2.200000000000004,2.879999999999979,0,0
2025-05-05,slp,"Cd. Valles, SLP",21.9833,-99.0167,5,0.01,39.79,24.47,1.1800000000000075,2.210000000000004,2.7399999999999785,0,0
2025-05-06,slp,"Cd. Valles, SLP",21.9833,-99.0167,5,0.0,45.8,25.93,0.07000000000000732,1.5200000000000042,2.6799999999999784,0,0
2025-05-07,slp,"Cd. Valles, SLP",21.9833,-99.0167,5,0.01,42.66,27.32,0.020000000000007328,1.2200000000000042,2.679999999999979,0,0
2025-05-08,slp,"Cd. Valles, SLP",21.9833,-99.0167,5,0.23,40.65,27.05,0.24000000000000735,1.4500000000000042,2.859999999999979,0,0
2025-05-09,slp,"Cd. Valles, SLP",21.9833,-99.0167,5,2.23,32.46,23.65,2.4700000000000073,3.650000000000004,4.7599999999999785,0,0
2025-05-10,slp,"Cd. Valles, SLP",21.9833,-99.0167,5,0.23,35.7,22.78,2.6900000000000075,2.770000000000004,4.909999999999979,0,0
2025-05-11,slp,"Cd. Valles, SLP",21.9833,-99.0167,5,0.05,36.19,22.88,2.510000000000007,2.7600000000000042,4.959999999999979,0,0
2025-05-12,slp,"Cd. Valles, SLP",21.9833,-99.0167,5,0.0,39.22,22.25,0.28000000000000713,2.750000000000004,4.959999999999979,0,0
2025-05-13,slp,"Cd. Valles, SLP",21.9833,-99.0167,5,0.0,41.96,23.12,0.05000000000000711,2.750000000000004,4.269999999999978,0,0
2025-05-14,slp,"Cd. Valles, SLP",21.9833,-99.0167,5,0.0,42.9,24.14,0.0,2.740000000000004,3.9599999999999786,0,0
2025-05-15,slp,"Cd. Valles, SLP",21.9833,-99.0167,5,0.0,42.8,24.12,0.0,2.5100000000000042,3.9599999999999786,0,0
2025-05-16,slp,"Cd. Valles, SLP",21.9833,-99.0167,5,0.0,43.51,26.05,0.0,0.28000000000000447,3.9299999999999784,0,0
2025-05-17,slp,"Cd. Valles, SLP",21.9833,-99.0167,5,0.0,41.29,27.14,0.0,0.050000000000004444,2.8199999999999785,0,0
2025-05-18,slp,"Cd. Valles, SLP",21.9833,-99.0167,5,0.05,41.01,26.98,0.05000000000000711,0.050000000000004444,2.8099999999999787,0,0
2025-05-19,slp,"Cd. Valles, SLP",21.9833,-99.0167,5,0.01,44.81,27.22,0.06000000000000711,0.060000000000004446,2.8099999999999787,0,0
2025-05-20,slp,"Cd. Valles, SLP",21.9833,-99.0167,5,0.06,44.49,28.14,0.1200000000000071,0.12000000000000444,2.869999999999979,0,0
2025-05-21,slp,"Cd. Valles, SLP",21.9833,-99.0167,5,1.46,41.01,27.64,1.5300000000000071,1.5800000000000045,4.319999999999979,0,0
2025-05-22,slp,"Cd. Valles, SLP",21.9833,-99.0167,5,2.07,41.08,25.8,3.590000000000007,3.6500000000000044,6.159999999999979,0,0
2025-05-23,slp,"Cd. Valles, SLP",21.9833,-99.0167,5,0.01,39.26,25.44,3.5400000000000067,3.660000000000004,3.939999999999978,0,0
2025-05-24,slp,"Cd. Valles, SLP",21.9833,-99.0167,5,0.03,38.07,25.38,2.110000000000007,3.6900000000000044,3.7399999999999785,0,0
2025-05-25,slp,"Cd. Valles, SLP",21.9833,-99.0167,5,3.43,36.76,26.81,3.4700000000000073,7.070000000000005,7.119999999999979,0,0
2025-05-26,slp,"Cd. Valles, SLP",21.9833,-99.0167,5,1.71,36.69,26.32,5.170000000000007,8.770000000000005,8.829999999999979,0,0
2025-05-27,slp,"Cd. Valles, SLP",21.9833,-99.0167,5,1.1,36.39,26.2,6.240000000000007,9.810000000000004,9.929999999999978,0,0
2025-05-28,slp,"Cd. Valles, SLP",21.9833,-99.0167,5,6.04,32.33,25.59,8.850000000000007,14.390000000000006,15.96999999999998,1,0
2025-05-29,slp,"Cd. Valles, SLP",21.9833,-99.0167,5,4.58,32.47,24.66,11.720000000000008,16.900000000000006,20.54999999999998,0,0
2025-05-30,slp,"Cd. Valles, SLP",21.9833,-99.0167,5,5.56,35.45,25.24,16.180000000000007,22.450000000000003,26.109999999999978,1,0
2025-05-31,slp,"Cd. Valles, SLP",21.9833,-99.0167,5,10.01,36.04,25.24,20.150000000000006,32.43000000000001,36.119999999999976,2,0
2025-06-01,slp,"Cd. Valles, SLP",21.9833,-99.0167,5,2.81,37.62,24.42,18.380000000000006,31.810000000000006,38.87999999999998,0,0
2025-06-02,slp,"Cd. Valles, SLP",21.9833,-99.0167,5,1.13,38.72,25.35,13.950000000000008,31.230000000000008,39.99999999999998,0,0
2025-06-03,slp,"Cd. Valles, SLP",21.9833,-99.0167,5,3.01,36.6,26.4,6.950000000000006,33.14000000000001,42.94999999999998,0,0
2025-06-04,slp,"Cd. Valles, SLP",21.9833,-99.0167,5,4.3,35.38,26.59,8.440000000000007,31.400000000000006,45.78999999999998,0,0
2025-06-05,slp,"Cd. Valles, SLP",21.9833,-99.0167,5,0.92,37.77,26.0,8.230000000000008,27.74000000000001,44.63999999999998,0,0
2025-06-06,slp,"Cd. Valles, SLP",21.9833,-99.0167,5,0.87,38.17,25.97,6.090000000000008,23.050000000000004,45.499999999999986,0,0
2025-06-07,slp,"Cd. Valles, SLP",21.9833,-99.0167,5,0.48,38.54,25.99,2.270000000000007,13.520000000000007,45.94999999999998,0,0
2025-06-08,slp,"Cd. Valles, SLP",21.9833,-99.0167,5,0.18,38.71,26.51,1.5300000000000071,10.890000000000006,42.69999999999998,0,0
2025-06-09,slp,"Cd. Valles, SLP",21.9833,-99.0167,5,0.04,39.65,25.94,0.7000000000000071,9.800000000000008,41.02999999999998,0,0
2025-06-10,slp,"Cd. Valles, SLP",21.9833,-99.0167,5,0.07,36.28,27.54,0.29000000000000714,6.860000000000007,39.99999999999998,0,0
2025-06-11,slp,"Cd. Valles, SLP",21.9833,-99.0167,5,3.18,37.1,26.42,3.290000000000007,5.740000000000007,37.13999999999998,0,0
2025-06-12,slp,"Cd. Valles, SLP",21.9833,-99.0167,5,9.66,35.22,26.2,12.910000000000007,14.480000000000008,42.21999999999998,1,0
2025-06-13,slp,"Cd. Valles, SLP",21.9833,-99.0167,5,12.56,32.17,25.19,25.400000000000006,26.17000000000001,49.219999999999985,2,0
2025-06-14,slp,"Cd. Valles, SLP",21.9833,-99.0167,5,16.75,31.73,25.88,38.970000000000006,42.44000000000001,55.95999999999998,3,0
2025-06-15,slp,"Cd. Valles, SLP",21.9833,-99.0167,5,10.08,32.2,25.42,39.39000000000001,52.34000000000001,63.22999999999998,4,0
2025-06-16,slp,"Cd. Valles, SLP",21.9833,-99.0167,5,7.47,32.75,24.74,34.300000000000004,59.77000000000001,69.56999999999998,5,0
2025-06-17,slp,"Cd. Valles, SLP",21.9833,-99.0167,5,17.01,31.61,23.62,34.56,76.71000000000001,83.56999999999998,6,0
2025-06-18,slp,"Cd. Valles, SLP",21.9833,-99.0167,5,19.16,30.86,24.31,43.64000000000001,92.69,98.42999999999998,7,0
2025-06-19,slp,"Cd. Valles, SLP",21.9833,-99.0167,5,68.7,28.46,24.36,104.87,151.73000000000002,166.20999999999998,8,1
2025-06-20,slp,"Cd. Valles, SLP",21.9833,-99.0167,5,100.27,26.92,24.11,188.13,239.44,265.60999999999996,9,1
2025-06-21,slp,"Cd. Valles, SLP",21.9833,-99.0167,5,73.05,28.48,24.4,242.02,295.74,338.17999999999995,10,1
2025-06-22,slp,"Cd. Valles, SLP",21.9833,-99.0167,5,36.86,27.95,24.16,210.18,322.52000000000004,374.86,11,1
2025-06-23,slp,"Cd. Valles, SLP",21.9833,-99.0167,5,27.58,28.78,24.02,137.49,342.63,402.4,12,1
2025-06-24,slp,"Cd. Valles, SLP",21.9833,-99.0167,5,12.78,27.44,23.38,77.22000000000001,338.4,415.10999999999996,13,0
2025-06-25,slp,"Cd. Valles, SLP",21.9833,-99.0167,5,8.13,29.97,22.51,48.49000000000001,327.37000000000006,420.06,14,0
2025-06-26,slp,"Cd. Valles, SLP",21.9833,-99.0167,5,4.31,28.97,22.17,25.220000000000013,262.98,414.71,0,0
2025-06-27,slp,"Cd. Valles, SLP",21.9833,-99.0167,5,1.27,30.29,22.82,13.710000000000015,163.98000000000002,403.41999999999996,0,0
2025-06-28,slp,"Cd. Valles, SLP",21.9833,-99.0167,5,1.81,31.12,23.39,7.390000000000014,92.74000000000001,388.47999999999996,0,0
2025-06-29,slp,"Cd. Valles, SLP",21.9833,-99.0167,5,24.15,29.48,24.25,27.23000000000001,80.03000000000002,402.54999999999995,1,1
2025-06-30,slp,"Cd. Valles, SLP",21.9833,-99.0167,5,36.21,28.51,24.79,62.170000000000016,88.66000000000001,431.28999999999996,2,1
2025-07-01,slp,"Cd. Valles, SLP",21.9833,-99.0167,5,20.97,27.26,24.59,81.33000000000001,96.85000000000001,435.24999999999994,3,1
2025-07-02,slp,"Cd. Valles, SLP",21.9833,-99.0167,5,11.32,29.1,24.09,68.5,100.04000000000002,427.40999999999997,4,0
2025-07-03,slp,"Cd. Valles, SLP",21.9833,-99.0167,5,3.15,30.3,24.12,35.440000000000005,98.88000000000001,361.85999999999996,0,0
2025-07-04,slp,"Cd. Valles, SLP",21.9833,-99.0167,5,0.02,30.39,23.18,14.490000000000007,97.63000000000001,261.60999999999996,0,0
2025-07-05,slp,"Cd. Valles, SLP",21.9833,-99.0167,5,0.0,30.24,24.17,3.170000000000007,95.82000000000001,188.55999999999997,0,0
2025-07-06,slp,"Cd. Valles, SLP",21.9833,-99.0167,5,0.11,29.87,24.19,0.1300000000000071,71.78,151.80999999999997,0,0
2025-07-07,slp,"Cd. Valles, SLP",21.9833,-99.0167,5,3.57,29.82,23.5,3.680000000000007,39.140000000000015,127.79999999999997,0,0
2025-07-08,slp,"Cd. Valles, SLP",21.9833,-99.0167,5,11.35,29.13,23.37,15.030000000000006,29.520000000000014,126.36999999999996,1,0
2025-07-09,slp,"Cd. Valles, SLP",21.9833,-99.0167,5,11.23,27.74,23.21,26.150000000000006,29.430000000000014,129.46999999999997,2,0
2025-07-10,slp,"Cd. Valles, SLP",21.9833,-99.0167,5,4.22,28.85,22.73,26.800000000000008,30.500000000000014,129.37999999999997,0,0
2025-07-11,slp,"Cd. Valles, SLP",21.9833,-99.0167,5,1.01,29.33,23.66,16.460000000000008,31.490000000000016,129.11999999999995,0,0
2025-07-12,slp,"Cd. Valles, SLP",21.9833,-99.0167,5,1.58,30.37,23.91,6.810000000000007,33.070000000000014,128.88999999999996,0,0
2025-07-13,slp,"Cd. Valles, SLP",21.9833,-99.0167,5,0.63,30.28,23.83,3.2200000000000073,33.59000000000002,105.36999999999996,0,0
2025-07-14,slp,"Cd. Valles, SLP",21.9833,-99.0167,5,2.65,30.35,24.09,4.8600000000000065,32.670000000000016,71.80999999999997,0,0
2025-07-15,slp,"Cd. Valles, SLP",21.9833,-99.0167,5,2.49,29.52,24.16,5.770000000000007,23.810000000000016,53.32999999999997,0,0
2025-07-16,slp,"Cd. Valles, SLP",21.9833,-99.0167,5,0.21,29.82,22.97,5.350000000000008,12.790000000000015,42.21999999999997,0,0
2025-07-17,slp,"Cd. Valles, SLP",21.9833,-99.0167,5,5.71,28.57,23.85,8.410000000000007,14.280000000000014,44.77999999999997,1,0
2025-07-18,slp,"Cd. Valles, SLP",21.9833,-99.0167,5,4.33,29.86,23.47,10.250000000000007,17.600000000000016,49.08999999999997,0,0
2025-07-19,slp,"Cd. Valles, SLP",21.9833,-99.0167,5,3.67,28.74,23.58,13.710000000000008,19.690000000000015,52.75999999999997,0,0
2025-07-20,slp,"Cd. Valles, SLP",21.9833,-99.0167,5,2.34,30.6,22.74,10.340000000000007,21.400000000000013,54.98999999999997,0,0
2025-07-21,slp,"Cd. Valles, SLP",21.9833,-99.0167,5,0.44,30.56,23.95,6.450000000000008,19.190000000000015,51.85999999999997,0,0
2025-07-22,slp,"Cd. Valles, SLP",21.9833,-99.0167,5,0.07,31.54,23.76,2.8500000000000076,16.770000000000017,40.57999999999998,0,0
2025-07-23,slp,"Cd. Valles, SLP",21.9833,-99.0167,5,0.07,31.82,23.29,0.5800000000000081,16.630000000000013,29.41999999999997,0,0
2025-07-24,slp,"Cd. Valles, SLP",21.9833,-99.0167,5,0.02,31.11,24.05,0.160000000000008,10.940000000000014,25.219999999999974,0,0
2025-07-25,slp,"Cd. Valles, SLP",21.9833,-99.0167,5,0.03,31.11,23.62,0.120000000000008,6.640000000000014,24.23999999999997,0,0
2025-07-26,slp,"Cd. Valles, SLP",21.9833,-99.0167,5,10.36,27.99,24.2,10.410000000000007,13.330000000000013,33.019999999999975,1,0
2025-07-27,slp,"Cd. Valles, SLP",21.9833,-99.0167,5,11.67,29.54,23.68,22.06000000000001,22.66000000000001,44.059999999999974,2,0
2025-07-28,slp,"Cd. Valles, SLP",21.9833,-99.0167,5,6.88,28.58,23.0,28.910000000000007,29.100000000000012,48.28999999999997,3,0
2025-07-29,slp,"Cd. Valles, SLP",21.9833,-99.0167,5,2.01,30.58,22.77,20.560000000000006,31.04000000000001,47.80999999999997,0,0
2025-07-30,slp,"Cd. Valles, SLP",21.9833,-99.0167,5,1.35,30.17,22.48,10.240000000000007,32.320000000000014,48.94999999999997,0,0
2025-07-31,slp,"Cd. Valles, SLP",21.9833,-99.0167,5,0.72,31.47,22.44,4.080000000000007,33.02000000000001,43.959999999999965,0,0
2025-08-01,slp,"Cd. Valles, SLP",21.9833,-99.0167,5,1.95,30.45,22.91,4.020000000000007,34.94000000000001,41.57999999999997,0,0
2025-08-02,slp,"Cd. Valles, SLP",21.9833,-99.0167,5,0.36,30.44,23.16,3.030000000000007,24.940000000000012,38.26999999999997,0,0
2025-08-03,slp,"Cd. Valles, SLP",21.9833,-99.0167,5,0.01,31.85,22.63,2.320000000000007,13.280000000000012,35.93999999999997,0,0
2025-08-04,slp,"Cd. Valles, SLP",21.9833,-99.0167,5,0.01,31.21,22.65,0.3800000000000071,6.410000000000013,35.50999999999998,0,0
2025-08-05,slp,"Cd. Valles, SLP",21.9833,-99.0167,5,1.77,30.88,23.58,1.7900000000000071,6.170000000000012,37.20999999999997,0,0
2025-08-06,slp,"Cd. Valles, SLP",21.9833,-99.0167,5,3.84,30.55,23.67,5.620000000000007,8.660000000000013,40.979999999999976,0,0
2025-08-07,slp,"Cd. Valles, SLP",21.9833,-99.0167,5,2.62,28.98,24.05,8.230000000000008,10.560000000000013,43.57999999999997,0,0
2025-08-08,slp,"Cd. Valles, SLP",21.9833,-99.0167,5,0.14,31.34,22.94,6.600000000000007,8.750000000000012,43.68999999999997,0,0
2025-08-09,slp,"Cd. Valles, SLP",21.9833,-99.0167,5,0.0,30.97,22.69,2.7600000000000073,8.390000000000011,33.32999999999997,0,0
2025-08-10,slp,"Cd. Valles, SLP",21.9833,-99.0167,5,0.01,31.44,23.15,0.15000000000000713,8.390000000000011,21.66999999999997,0,0
2025-08-11,slp,"Cd. Valles, SLP",21.9833,-99.0167,5,0.05,31.92,23.07,0.06000000000000711,8.430000000000012,14.839999999999971,0,0
2025-08-12,slp,"Cd. Valles, SLP",21.9833,-99.0167,5,0.05,31.13,24.2,0.11000000000000712,6.710000000000012,12.87999999999997,0,0
2025-08-13,slp,"Cd. Valles, SLP",21.9833,-99.0167,5,0.02,30.66,24.54,0.12000000000000711,2.8900000000000126,11.54999999999997,0,0
2025-08-14,slp,"Cd. Valles, SLP",21.9833,-99.0167,5,0.01,30.13,23.45,0.08000000000000712,0.28000000000001246,10.839999999999971,0,0
2025-08-15,slp,"Cd. Valles, SLP",21.9833,-99.0167,5,0.64,31.41,23.5,0.6700000000000071,0.7800000000000125,9.529999999999971,0,0
2025-08-16,slp,"Cd. Valles, SLP",21.9833,-99.0167,5,1.2,31.28,24.5,1.8500000000000072,1.9800000000000124,10.369999999999973,0,0
2025-08-17,slp,"Cd. Valles, SLP",21.9833,-99.0167,5,0.13,30.84,23.8,1.9700000000000069,2.1000000000000125,10.489999999999972,0,0
2025-08-18,slp,"Cd. Valles, SLP",21.9833,-99.0167,5,0.0,32.3,22.96,1.3300000000000067,2.0500000000000127,10.479999999999972,0,0
2025-08-19,slp,"Cd. Valles, SLP",21.9833,-99.0167,5,0.05,33.17,23.46,0.1800000000000071,2.0500000000000123,8.759999999999973,0,0
2025-08-20,slp,"Cd. Valles, SLP",21.9833,-99.0167,5,0.28,33.58,23.3,0.3300000000000071,2.3100000000000125,5.199999999999972,0,0
2025-08-21,slp,"Cd. Valles, SLP",21.9833,-99.0167,5,2.66,33.5,22.97,2.9900000000000073,4.960000000000013,5.239999999999972,0,0
2025-08-22,slp,"Cd. Valles, SLP",21.9833,-99.0167,5,6.96,32.64,24.3,9.900000000000007,11.280000000000012,12.059999999999972,1,0
2025-08-23,slp,"Cd. Valles, SLP",21.9833,-99.0167,5,9.54,31.82,23.95,19.160000000000007,19.62000000000001,21.599999999999973,2,0
2025-08-24,slp,"Cd. Valles, SLP",21.9833,-99.0167,5,13.46,29.47,22.82,29.960000000000008,32.95000000000002,35.04999999999997,3,0
2025-08-25,slp,"Cd. Valles, SLP",21.9833,-99.0167,5,3.76,30.56,22.25,26.760000000000005,36.710000000000015,38.75999999999998,0,0
2025-08-26,slp,"Cd. Valles, SLP",21.9833,-99.0167,5,4.42,31.86,23.23,21.640000000000008,41.08000000000001,43.12999999999997,0,0
2025-08-27,slp,"Cd. Valles, SLP",21.9833,-99.0167,5,6.62,28.91,23.88,14.800000000000008,47.420000000000016,49.729999999999976,1,0
2025-08-28,slp,"Cd. Valles, SLP",21.9833,-99.0167,5,0.98,32.23,23.42,12.020000000000007,45.74000000000001,50.699999999999974,0,0
2025-08-29,slp,"Cd. Valles, SLP",21.9833,-99.0167,5,0.07,32.91,23.74,7.670000000000007,38.85000000000001,50.129999999999974,0,0
2025-08-30,slp,"Cd. Valles, SLP",21.9833,-99.0167,5,0.0,33.07,23.46,1.0500000000000071,29.310000000000013,48.92999999999997,0,0
2025-08-31,slp,"Cd. Valles, SLP",21.9833,-99.0167,5,0.5,32.78,24.02,0.5700000000000072,16.350000000000012,49.29999999999997,0,0
2025-09-01,slp,"Cd. Valles, SLP",21.9833,-99.0167,5,3.33,31.73,24.65,3.830000000000007,15.920000000000012,52.62999999999997,0,0
2025-09-02,slp,"Cd. Valles, SLP",21.9833,-99.0167,5,4.99,31.95,24.81,8.820000000000007,16.490000000000013,57.56999999999997,0,0
2025-09-03,slp,"Cd. Valles, SLP",21.9833,-99.0167,5,1.99,32.79,23.6,10.310000000000008,11.860000000000012,59.27999999999997,0,0
2025-09-04,slp,"Cd. Valles, SLP",21.9833,-99.0167,5,0.3,35.14,23.88,7.280000000000007,11.180000000000012,56.91999999999997,0,0
2025-09-05,slp,"Cd. Valles, SLP",21.9833,-99.0167,5,0.11,34.01,23.68,2.400000000000007,11.220000000000013,50.06999999999997,0,0
2025-09-06,slp,"Cd. Valles, SLP",21.9833,-99.0167,5,1.89,33.88,25.78,2.300000000000007,13.110000000000012,42.41999999999997,0,0
2025-09-07,slp,"Cd. Valles, SLP",21.9833,-99.0167,5,8.66,30.84,25.79,10.660000000000007,21.27000000000001,37.619999999999976,1,0
2025-09-08,slp,"Cd. Valles, SLP",21.9833,-99.0167,5,7.49,29.95,24.86,18.040000000000006,25.430000000000014,41.349999999999966,2,0
2025-09-09,slp,"Cd. Valles, SLP",21.9833,-99.0167,5,19.63,30.97,24.02,35.78000000000001,40.07000000000001,56.559999999999974,3,0
2025-09-10,slp,"Cd. Valles, SLP",21.9833,-99.0167,5,19.52,31.14,23.48,46.64000000000001,57.60000000000001,69.45999999999997,4,0
2025-09-11,slp,"Cd. Valles, SLP",21.9833,-99.0167,5,19.94,30.35,23.56,59.09,77.24000000000001,88.41999999999996,5,0
2025-09-12,slp,"Cd. Valles, SLP",21.9833,-99.0167,5,23.37,30.41,23.38,62.83000000000001,100.50000000000001,111.71999999999997,6,1
2025-09-13,slp,"Cd. Valles, SLP",21.9833,-99.0167,5,1.36,31.05,23.5,44.670000000000016,99.97000000000001,113.07999999999997,0,0
2025-09-14,slp,"Cd. Valles, SLP",21.9833,-99.0167,5,9.2,31.21,23.38,33.93000000000001,100.51000000000002,121.77999999999997,1,0
2025-09-15,slp,"Cd. Valles, SLP",21.9833,-99.0167,5,20.32,29.61,23.37,30.88000000000001,113.34,138.76999999999998,2,1
2025-09-16,slp,"Cd. Valles, SLP",21.9833,-99.0167,5,9.35,29.46,22.01,38.87000000000001,103.06000000000002,143.12999999999997,3,0
2025-09-17,slp,"Cd. Valles, SLP",21.9833,-99.0167,5,8.08,30.02,21.71,37.750000000000014,91.62000000000002,149.21999999999997,4,0
2025-09-18,slp,"Cd. Valles, SLP",21.9833,-99.0167,5,7.23,30.37,23.12,24.66000000000001,78.91,156.14999999999998,5,0
2025-09-19,slp,"Cd. Valles, SLP",21.9833,-99.0167,5,4.97,30.32,23.46,20.280000000000012,60.51000000000001,161.00999999999996,0,0
2025-09-20,slp,"Cd. Valles, SLP",21.9833,-99.0167,5,1.47,30.56,23.55,13.67000000000001,60.620000000000005,160.58999999999997,0,0
2025-09-21,slp,"Cd. Valles, SLP",21.9833,-99.0167,5,0.26,31.48,23.08,6.70000000000001,51.680000000000014,152.18999999999997,0,0
2025-09-22,slp,"Cd. Valles, SLP",21.9833,-99.0167,5,0.3,31.22,23.47,2.0300000000000105,31.66000000000001,144.99999999999997,0,0
2025-09-23,slp,"Cd. Valles, SLP",21.9833,-99.0167,5,1.56,31.73,23.8,2.1200000000000108,23.870000000000008,126.92999999999998,0,0
2025-09-24,slp,"Cd. Valles, SLP",21.9833,-99.0167,5,0.41,31.8,24.73,2.2700000000000107,16.20000000000001,107.81999999999998,0,0
2025-09-25,slp,"Cd. Valles, SLP",21.9833,-99.0167,5,4.79,31.71,23.91,6.7600000000000104,13.76000000000001,92.66999999999996,0,0
2025-09-26,slp,"Cd. Valles, SLP",21.9833,-99.0167,5,10.67,31.78,23.67,15.87000000000001,19.460000000000008,79.96999999999997,1,0
2025-09-27,slp,"Cd. Valles, SLP",21.9833,-99.0167,5,7.66,30.64,23.42,23.12000000000001,25.650000000000013,86.26999999999998,2,0
2025-09-28,slp,"Cd. Valles, SLP",21.9833,-99.0167,5,2.57,29.62,22.64,20.90000000000001,27.960000000000008,79.63999999999997,0,0
2025-09-29,slp,"Cd. Valles, SLP",21.9833,-99.0167,5,0.77,29.84,20.27,11.00000000000001,28.430000000000014,60.089999999999975,0,0
2025-09-30,slp,"Cd. Valles, SLP",21.9833,-99.0167,5,0.01,31.37,20.67,3.3500000000000103,26.88000000000001,50.74999999999997,0,0
2025-10-01,slp,"Cd. Valles, SLP",21.9833,-99.0167,5,0.0,31.35,21.65,0.7800000000000107,26.47000000000001,42.66999999999997,0,0
2025-10-02,slp,"Cd. Valles, SLP",21.9833,-99.0167,5,0.12,30.72,21.83,0.13000000000001066,21.80000000000001,35.55999999999997,0,0
2025-10-03,slp,"Cd. Valles, SLP",21.9833,-99.0167,5,0.11,31.07,21.92,0.23000000000001064,11.24000000000001,30.69999999999997,0,0
2025-10-04,slp,"Cd. Valles, SLP",21.9833,-99.0167,5,0.15,31.43,20.42,0.38000000000001066,3.7300000000000106,29.37999999999997,0,0
2025-10-05,slp,"Cd. Valles, SLP",21.9833,-99.0167,5,0.03,32.35,21.24,0.2900000000000107,1.1900000000000106,29.149999999999974,0,0
2025-10-06,slp,"Cd. Valles, SLP",21.9833,-99.0167,5,0.01,32.42,22.35,0.1900000000000107,0.43000000000001065,28.85999999999997,0,0
2025-10-07,slp,"Cd. Valles, SLP",21.9833,-99.0167,5,19.83,29.53,23.92,19.870000000000008,20.25000000000001,47.12999999999997,1,0
2025-10-08,slp,"Cd. Valles, SLP",21.9833,-99.0167,5,28.31,27.9,23.68,48.150000000000006,48.56000000000001,75.02999999999997,2,1
2025-10-09,slp,"Cd. Valles, SLP",21.9833,-99.0167,5,42.0,26.79,23.58,90.14000000000001,90.44000000000001,112.23999999999998,3,1
2025-10-10,slp,"Cd. Valles, SLP",21.9833,-99.0167,5,28.37,29.12,23.4,98.68,118.70000000000002,129.93999999999997,4,1
2025-10-11,slp,"Cd. Valles, SLP",21.9833,-99.0167,5,5.77,28.66,22.01,76.14000000000001,124.32000000000001,128.04999999999998,5,0
2025-10-12,slp,"Cd. Valles, SLP",21.9833,-99.0167,5,0.0,29.15,19.73,34.14000000000001,124.29,125.47999999999996,0,0
2025-10-13,slp,"Cd. Valles, SLP",21.9833,-99.0167,5,0.01,29.19,22.06,5.7800000000000065,124.29000000000002,124.71999999999997,0,0
2025-10-14,slp,"Cd. Valles, SLP",21.9833,-99.0167,5,0.11,28.64,20.14,0.1200000000000071,104.57000000000001,124.81999999999996,0,0
2025-10-15,slp,"Cd. Valles, SLP",21.9833,-99.0167,5,0.28,29.16,19.36,0.4000000000000071,76.54000000000002,125.09999999999997,0,0
2025-10-16,slp,"Cd. Valles, SLP",21.9833,-99.0167,5,0.01,29.91,21.09,0.4000000000000071,34.55000000000001,124.98999999999997,0,0
2025-10-17,slp,"Cd. Valles, SLP",21.9833,-99.0167,5,0.0,29.82,20.72,0.29000000000000714,6.180000000000014,124.87999999999997,0,0
2025-10-18,slp,"Cd. Valles, SLP",21.9833,-99.0167,5,0.01,30.65,22.01,0.020000000000007106,0.42000000000001425,124.73999999999997,0,0
2025-10-19,slp,"Cd. Valles, SLP",21.9833,-99.0167,5,0.59,31.34,23.33,0.6000000000000071,1.0100000000000142,125.29999999999997,0,0
2025-10-20,slp,"Cd. Valles, SLP",21.9833,-99.0167,5,0.16,30.91,22.99,0.7600000000000071,1.1600000000000141,125.44999999999996,0,0
2025-10-21,slp,"Cd. Valles, SLP",21.9833,-99.0167,5,0.1,30.93,20.99,0.8500000000000071,1.1500000000000141,105.71999999999997,0,0
2025-10-22,slp,"Cd. Valles, SLP",21.9833,-99.0167,5,5.14,29.7,21.59,5.400000000000007,6.010000000000014,82.54999999999997,1,0
2025-10-23,slp,"Cd. Valles, SLP",21.9833,-99.0167,5,2.34,30.37,21.22,7.580000000000006,8.340000000000014,42.88999999999997,0,0
2025-10-24,slp,"Cd. Valles, SLP",21.9833,-99.0167,5,0.0,29.12,19.82,7.480000000000007,8.340000000000014,14.519999999999971,0,0
2025-10-25,slp,"Cd. Valles, SLP",21.9833,-99.0167,5,0.0,30.32,19.64,2.340000000000007,8.330000000000014,8.749999999999972,0,0
2025-10-26,slp,"Cd. Valles, SLP",21.9833,-99.0167,5,0.0,31.14,22.89,0.0,7.7400000000000135,8.749999999999972,0,0
2025-10-27,slp,"Cd. Valles, SLP",21.9833,-99.0167,5,0.0,31.73,22.39,0.0,7.580000000000014,8.739999999999972,0,0
2025-10-28,slp,"Cd. Valles, SLP",21.9833,-99.0167,5,0.01,31.24,21.22,0.010000000000007106,7.4900000000000135,8.639999999999972,0,0
2025-10-29,slp,"Cd. Valles, SLP",21.9833,-99.0167,5,5.49,23.46,15.14,5.500000000000007,7.840000000000014,13.849999999999971,1,0
2025-10-30,slp,"Cd. Valles, SLP",21.9833,-99.0167,5,0.0,25.59,13.3,5.500000000000007,5.500000000000014,13.839999999999971,0,0
2025-10-31,slp,"Cd. Valles, SLP",21.9833,-99.0167,5,0.0,25.91,14.06,5.490000000000007,5.500000000000014,13.839999999999971,0,0
2025-11-01,slp,"Cd. Valles, SLP",21.9833,-99.0167,5,0.0,28.87,16.55,0.0,5.500000000000014,13.829999999999972,0,0
2025-11-02,slp,"Cd. Valles, SLP",21.9833,-99.0167,5,0.19,26.99,19.03,0.1900000000000071,5.690000000000015,13.429999999999971,0,0
2025-11-03,slp,"Cd. Valles, SLP",21.9833,-99.0167,5,0.0,26.49,16.63,0.1900000000000071,5.690000000000015,13.269999999999971,0,0
2025-11-04,slp,"Cd. Valles, SLP",21.9833,-99.0167,5,0.0,27.17,15.69,0.1900000000000071,5.680000000000015,13.169999999999972,0,0
2025-11-05,slp,"Cd. Valles, SLP",21.9833,-99.0167,5,0.0,29.24,15.16,0.0,0.1900000000000142,8.029999999999971,0,0
2025-11-06,slp,"Cd. Valles, SLP",21.9833,-99.0167,5,0.0,30.2,15.8,0.0,0.1900000000000142,5.689999999999972,0,0
2025-11-07,slp,"Cd. Valles, SLP",21.9833,-99.0167,5,0.0,32.61,15.43,0.0,0.1900000000000142,5.689999999999972,0,0
2025-11-08,slp,"Cd. Valles, SLP",21.9833,-99.0167,5,0.0,32.58,16.28,0.0,0.1900000000000142,5.689999999999972,0,0
2025-11-09,slp,"Cd. Valles, SLP",21.9833,-99.0167,5,0.61,30.73,17.68,0.6100000000000071,0.6100000000000142,6.299999999999971,0,0
2025-11-10,slp,"Cd. Valles, SLP",21.9833,-99.0167,5,0.62,24.64,15.27,1.230000000000007,1.2300000000000142,6.9199999999999715,0,0
2025-11-11,slp,"Cd. Valles, SLP",21.9833,-99.0167,5,0.0,23.45,12.47,1.230000000000007,1.2300000000000142,6.909999999999972,0,0
2025-11-12,slp,"Cd. Valles, SLP",21.9833,-99.0167,5,0.0,27.36,13.59,0.6200000000000071,1.2300000000000142,1.4199999999999715,0,0
2025-11-13,slp,"Cd. Valles, SLP",21.9833,-99.0167,5,0.0,28.54,16.53,0.0,1.2300000000000142,1.4199999999999715,0,0
2025-11-14,slp,"Cd. Valles, SLP",21.9833,-99.0167,5,0.04,29.2,17.92,0.040000000000007106,1.2700000000000142,1.4599999999999715,0,0
2025-11-15,slp,"Cd. Valles, SLP",21.9833,-99.0167,5,0.02,29.54,17.93,0.0600000000000071,1.2900000000000142,1.4799999999999716,0,0
2025-11-16,slp,"Cd. Valles, SLP",21.9833,-99.0167,5,0.0,31.39,17.97,0.0600000000000071,0.6800000000000143,1.2899999999999716,0,0
2025-11-17,slp,"Cd. Valles, SLP",21.9833,-99.0167,5,0.0,31.45,20.18,0.020000000000007106,0.06000000000001421,1.2899999999999716,0,0
2025-11-18,slp,"Cd. Valles, SLP",21.9833,-99.0167,5,0.0,32.22,20.54,0.0,0.06000000000001421,1.2899999999999716,0,0
2025-11-19,slp,"Cd. Valles, SLP",21.9833,-99.0167,5,0.04,31.34,22.61,0.040000000000007106,0.10000000000001422,1.3299999999999716,0,0
2025-11-20,slp,"Cd. Valles, SLP",21.9833,-99.0167,5,0.02,31.57,21.15,0.0600000000000071,0.12000000000001422,1.3499999999999717,0,0
2025-11-21,slp,"Cd. Valles, SLP",21.9833,-99.0167,5,0.02,31.9,21.98,0.08000000000000711,0.10000000000001422,1.3699999999999717,0,0
2025-11-22,slp,"Cd. Valles, SLP",21.9833,-99.0167,5,0.22,31.59,22.26,0.2600000000000071,0.3000000000000142,1.5899999999999717,0,0
2025-11-23,slp,"Cd. Valles, SLP",21.9833,-99.0167,5,0.64,30.91,21.32,0.8800000000000071,0.9400000000000142,1.6199999999999717,0,0
2025-11-24,slp,"Cd. Valles, SLP",21.9833,-99.0167,5,0.11,32.46,20.11,0.9700000000000071,1.0500000000000143,1.1099999999999717,0,0
2025-11-25,slp,"Cd. Valles, SLP",21.9833,-99.0167,5,0.0,30.75,21.01,0.7500000000000071,1.0500000000000143,1.1099999999999717,0,0
2025-11-26,slp,"Cd. Valles, SLP",21.9833,-99.0167,5,2.31,30.69,20.57,2.420000000000007,3.3200000000000145,3.4199999999999715,0,0
2025-11-27,slp,"Cd. Valles, SLP",21.9833,-99.0167,5,21.68,27.18,19.92,23.990000000000006,24.980000000000015,25.099999999999973,1,1
2025-11-28,slp,"Cd. Valles, SLP",21.9833,-99.0167,5,11.61,26.23,19.35,35.60000000000001,36.570000000000014,36.66999999999997,2,0
2025-11-29,slp,"Cd. Valles, SLP",21.9833,-99.0167,5,0.07,28.79,18.08,33.36,36.420000000000016,36.71999999999997,0,0
2025-11-30,slp,"Cd. Valles, SLP",21.9833,-99.0167,5,0.73,29.52,20.74,12.410000000000007,36.51000000000001,37.44999999999997,0,0
2025-12-01,slp,"Cd. Valles, SLP",21.9833,-99.0167,5,1.07,23.87,16.28,1.8700000000000072,37.47000000000001,38.51999999999997,0,0
2025-12-02,slp,"Cd. Valles, SLP",21.9833,-99.0167,5,1.08,21.53,17.03,2.880000000000007,38.55000000000002,39.59999999999997,0,0
2025-12-03,slp,"Cd. Valles, SLP",21.9833,-99.0167,5,0.01,28.47,16.57,2.1600000000000072,36.250000000000014,39.56999999999997,0,0
2025-12-04,slp,"Cd. Valles, SLP",21.9833,-99.0167,5,0.83,31.67,19.83,1.920000000000007,15.400000000000015,40.379999999999974,0,0
2025-12-05,slp,"Cd. Valles, SLP",21.9833,-99.0167,5,0.5,23.92,16.76,1.340000000000007,4.290000000000014,40.85999999999997,0,0
2025-12-06,slp,"Cd. Valles, SLP",21.9833,-99.0167,5,0.04,28.39,18.05,1.370000000000007,4.260000000000014,40.67999999999997,0,0
2025-12-07,slp,"Cd. Valles, SLP",21.9833,-99.0167,5,0.86,34.13,19.88,1.400000000000007,4.390000000000015,40.89999999999997,0,0
2025-12-08,slp,"Cd. Valles, SLP",21.9833,-99.0167,5,0.83,25.59,17.0,1.730000000000007,4.150000000000015,41.619999999999976,0,0
2025-12-09,slp,"Cd. Valles, SLP",21.9833,-99.0167,5,0.07,26.41,14.82,1.7600000000000071,3.1400000000000143,41.689999999999976,0,0
2025-12-10,slp,"Cd. Valles, SLP",21.9833,-99.0167,5,0.0,29.55,15.28,0.900000000000007,3.1300000000000145,39.379999999999974,0,0
2025-12-11,slp,"Cd. Valles, SLP",21.9833,-99.0167,5,0.0,28.52,18.5,0.07000000000000711,2.3000000000000145,17.69999999999997,0,0
2025-12-12,slp,"Cd. Valles, SLP",21.9833,-99.0167,5,0.0,30.25,17.65,0.0,1.8000000000000143,6.089999999999971,0,0
2025-12-13,slp,"Cd. Valles, SLP",21.9833,-99.0167,5,0.0,30.62,20.74,0.0,1.7600000000000142,6.019999999999971,0,0
2025-12-14,slp,"Cd. Valles, SLP",21.9833,-99.0167,5,8.38,29.48,21.05,8.380000000000008,9.280000000000015,13.669999999999973,1,0
2025-12-15,slp,"Cd. Valles, SLP",21.9833,-99.0167,5,11.07,21.52,14.97,19.45000000000001,19.520000000000017,23.669999999999973,2,0
2025-12-16,slp,"Cd. Valles, SLP",21.9833,-99.0167,5,0.06,26.15,14.43,19.51000000000001,19.510000000000016,22.649999999999974,0,0
2025-12-17,slp,"Cd. Valles, SLP",21.9833,-99.0167,5,0.18,30.03,17.74,11.310000000000008,19.690000000000015,22.819999999999972,0,0
2025-12-18,slp,"Cd. Valles, SLP",21.9833,-99.0167,5,0.02,32.13,18.77,0.2600000000000071,19.710000000000015,22.00999999999997,0,0
2025-12-19,slp,"Cd. Valles, SLP",21.9833,-99.0167,5,0.0,28.74,18.85,0.2000000000000071,19.710000000000015,21.50999999999997,0,0
2025-12-20,slp,"Cd. Valles, SLP",21.9833,-99.0167,5,0.0,29.14,17.14,0.020000000000007106,19.710000000000015,21.46999999999997,0,0
2025-12-21,slp,"Cd. Valles, SLP",21.9833,-99.0167,5,5.06,30.02,17.94,5.060000000000007,16.390000000000015,25.66999999999997,1,0
2025-12-22,slp,"Cd. Valles, SLP",21.9833,-99.0167,5,21.87,26.91,20.94,26.930000000000007,27.190000000000015,46.70999999999997,2,1
2025-12-23,slp,"Cd. Valles, SLP",21.9833,-99.0167,5,3.55,27.43,19.49,30.480000000000008,30.680000000000017,50.18999999999997,0,0
2025-12-24,slp,"Cd. Valles, SLP",21.9833,-99.0167,5,0.12,28.32,19.26,25.540000000000006,30.620000000000015,50.309999999999974,0,0
2025-12-25,slp,"Cd. Valles, SLP",21.9833,-99.0167,5,0.04,28.81,19.89,3.710000000000007,30.640000000000015,50.34999999999997,0,0
2025-12-26,slp,"Cd. Valles, SLP",21.9833,-99.0167,5,0.0,29.4,18.15,0.1600000000000071,30.640000000000015,50.34999999999997,0,0
2025-12-27,slp,"Cd. Valles, SLP",21.9833,-99.0167,5,0.0,28.11,17.72,0.040000000000007106,30.640000000000015,50.34999999999997,0,0
2025-12-28,slp,"Cd. Valles, SLP",21.9833,-99.0167,5,0.01,29.18,17.31,0.010000000000007106,25.590000000000014,41.97999999999997,0,0
2025-12-29,slp,"Cd. Valles, SLP",21.9833,-99.0167,5,6.48,28.14,11.39,6.490000000000007,10.200000000000014,37.38999999999997,1,0
2025-12-30,slp,"Cd. Valles, SLP",21.9833,-99.0167,5,0.32,17.86,10.45,6.810000000000008,6.970000000000015,37.64999999999997,0,0
2025-12-31,slp,"Cd. Valles, SLP",21.9833,-99.0167,5,0.0,22.79,9.79,6.800000000000008,6.850000000000015,37.46999999999997,0,0
2026-01-01,slp,"Cd. Valles, SLP",21.9833,-99.0167,5,0.0,25.72,13.53,0.3200000000000071,6.810000000000015,37.449999999999974,0,0
2026-01-02,slp,"Cd. Valles, SLP",21.9833,-99.0167,5,0.0,29.3,15.97,0.0,6.810000000000015,37.449999999999974,0,0
2026-01-03,slp,"Cd. Valles, SLP",21.9833,-99.0167,5,0.0,29.94,17.35,0.0,6.810000000000015,37.449999999999974,0,0
2026-01-04,slp,"Cd. Valles, SLP",21.9833,-99.0167,5,0.0,29.71,17.42,0.0,6.800000000000015,32.38999999999997,0,0
2026-01-05,slp,"Cd. Valles, SLP",21.9833,-99.0167,5,0.0,31.02,16.48,0.0,0.3200000000000142,10.519999999999968,0,0
2026-01-06,slp,"Cd. Valles, SLP",21.9833,-99.0167,5,0.0,29.85,17.73,0.0,0.0,6.969999999999969,0,0
2026-01-07,slp,"Cd. Valles, SLP",21.9833,-99.0167,5,0.0,28.73,18.01,0.0,0.0,6.849999999999969,0,0
2026-01-08,slp,"Cd. Valles, SLP",21.9833,-99.0167,5,0.0,31.03,16.84,0.0,0.0,6.8099999999999685,0,0
2026-01-09,slp,"Cd. Valles, SLP",21.9833,-99.0167,5,0.0,32.18,18.68,0.0,0.0,6.8099999999999685,0,0
2026-01-10,slp,"Cd. Valles, SLP",21.9833,-99.0167,5,0.54,23.79,14.81,0.5400000000000071,0.5400000000000142,7.349999999999969,0,0
2026-01-11,slp,"Cd. Valles, SLP",21.9833,-99.0167,5,0.07,20.0,11.1,0.6100000000000072,0.6100000000000143,7.409999999999968,0,0
2026-01-12,slp,"Cd. Valles, SLP",21.9833,-99.0167,5,0.0,20.2,9.81,0.6100000000000072,0.6100000000000143,0.9299999999999682,0,0
2026-01-13,slp,"Cd. Valles, SLP",21.9833,-99.0167,5,0.0,24.02,12.84,0.07000000000000711,0.6100000000000143,0.6099999999999681,0,0
2026-01-14,slp,"Cd. Valles, SLP",21.9833,-99.0167,5,0.0,27.89,15.34,0.0,0.6100000000000143,0.6099999999999681,0,0
2026-01-15,slp,"Cd. Valles, SLP",21.9833,-99.0167,5,0.0,25.24,13.31,0.0,0.6100000000000143,0.6099999999999681,0,0
2026-01-16,slp,"Cd. Valles, SLP",21.9833,-99.0167,5,0.04,26.63,12.22,0.040000000000007106,0.6500000000000142,0.649999999999968,0,0
2026-01-17,slp,"Cd. Valles, SLP",21.9833,-99.0167,5,0.05,26.06,16.4,0.0900000000000071,0.16000000000001421,0.6999999999999682,0,0
2026-01-18,slp,"Cd. Valles, SLP",21.9833,-99.0167,5,0.01,21.45,11.72,0.10000000000000711,0.10000000000001422,0.7099999999999682,0,0
2026-01-19,slp,"Cd. Valles, SLP",21.9833,-99.0167,5,0.16,23.06,9.59,0.2200000000000071,0.2600000000000142,0.8699999999999681,0,0
2026-01-20,slp,"Cd. Valles, SLP",21.9833,-99.0167,5,5.21,23.01,15.21,5.380000000000007,5.470000000000014,6.079999999999968,1,0
2026-01-21,slp,"Cd. Valles, SLP",21.9833,-99.0167,5,1.04,25.33,16.11,6.410000000000007,6.510000000000014,7.119999999999968,0,0
2026-01-22,slp,"Cd. Valles, SLP",21.9833,-99.0167,5,0.0,29.58,16.09,6.250000000000007,6.510000000000014,7.119999999999968,0,0
2026-01-23,slp,"Cd. Valles, SLP",21.9833,-99.0167,5,0.0,29.65,18.2,1.0400000000000071,6.470000000000014,7.119999999999968,0,0
2026-01-24,slp,"Cd. Valles, SLP",21.9833,-99.0167,5,0.0,32.44,19.61,0.0,6.420000000000014,6.579999999999968,0,0
2026-01-25,slp,"Cd. Valles, SLP",21.9833,-99.0167,5,2.1,30.73,13.24,2.100000000000007,8.510000000000014,8.609999999999967,0,0
2026-01-26,slp,"Cd. Valles, SLP",21.9833,-99.0167,5,0.34,15.46,7.76,2.440000000000007,8.690000000000014,8.949999999999967,0,0
2026-01-27,slp,"Cd. Valles, SLP",21.9833,-99.0167,5,0.0,19.56,5.0,2.440000000000007,3.480000000000014,8.949999999999967,0,0
2026-01-28,slp,"Cd. Valles, SLP",21.9833,-99.0167,5,0.05,24.39,10.79,0.3900000000000071,2.4900000000000144,8.999999999999968,0,0
2026-01-29,slp,"Cd. Valles, SLP",21.9833,-99.0167,5,0.0,27.92,13.9,0.05000000000000711,2.4900000000000144,8.999999999999968,0,0
2026-01-30,slp,"Cd. Valles, SLP",21.9833,-99.0167,5,0.04,27.19,13.22,0.0900000000000071,2.5300000000000145,8.999999999999968,0,0
2026-01-31,slp,"Cd. Valles, SLP",21.9833,-99.0167,5,0.02,21.63,11.34,0.0600000000000071,2.5500000000000145,8.969999999999969,0,0
2026-02-01,slp,"Cd. Valles, SLP",21.9833,-99.0167,5,2.99,20.58,9.97,3.0500000000000074,3.4400000000000146,11.949999999999969,0,0
2026-02-02,slp,"Cd. Valles, SLP",21.9833,-99.0167,5,0.93,22.57,14.33,3.9400000000000075,4.0300000000000145,12.719999999999969,0,0
2026-02-03,slp,"Cd. Valles, SLP",21.9833,-99.0167,5,0.0,27.76,13.72,3.9200000000000075,4.0300000000000145,7.509999999999969,0,0
2026-02-04,slp,"Cd. Valles, SLP",21.9833,-99.0167,5,0.17,26.47,15.24,1.1000000000000072,4.150000000000015,6.639999999999969,0,0
2026-02-05,slp,"Cd. Valles, SLP",21.9833,-99.0167,5,0.01,25.14,12.77,0.18000000000000713,4.160000000000014,6.649999999999968,0,0
2026-02-06,slp,"Cd. Valles, SLP",21.9833,-99.0167,5,0.0,26.72,12.61,0.18000000000000713,4.120000000000014,6.649999999999968,0,0
2026-02-07,slp,"Cd. Valles, SLP",21.9833,-99.0167,5,0.0,27.25,13.89,0.010000000000007106,4.100000000000015,6.649999999999968,0,0
2026-02-08,slp,"Cd. Valles, SLP",21.9833,-99.0167,5,0.0,27.26,13.54,0.0,1.1100000000000143,4.549999999999969,0,0
2026-02-09,slp,"Cd. Valles, SLP",21.9833,-99.0167,5,0.0,27.56,12.86,0.0,0.18000000000001423,4.209999999999968,0,0
2026-02-10,slp,"Cd. Valles, SLP",21.9833,-99.0167,5,0.0,29.65,14.19,0.0,0.18000000000001423,4.209999999999968,0,0
2026-02-11,slp,"Cd. Valles, SLP",21.9833,-99.0167,5,0.0,30.37,17.68,0.0,0.010000000000014211,4.159999999999968,0,0
2026-02-12,slp,"Cd. Valles, SLP",21.9833,-99.0167,5,0.0,30.39,17.96,0.0,0.0,4.159999999999968,0,0
2026-02-13,slp,"Cd. Valles, SLP",21.9833,-99.0167,5,0.0,31.16,18.18,0.0,0.0,4.119999999999968,0,0
2026-02-14,slp,"Cd. Valles, SLP",21.9833,-99.0167,5,0.0,33.99,18.63,0.0,0.0,4.099999999999969,0,0
2026-02-15,slp,"Cd. Valles, SLP",21.9833,-99.0167,5,0.0,32.41,19.19,0.0,0.0,1.1099999999999681,0,0
2026-02-16,slp,"Cd. Valles, SLP",21.9833,-99.0167,5,0.0,31.99,16.42,0.0,0.0,0.17999999999996805,0,0
2026-02-17,slp,"Cd. Valles, SLP",21.9833,-99.0167,5,0.0,32.64,16.41,0.0,0.0,0.17999999999996805,0,0
2026-02-18,slp,"Cd. Valles, SLP",21.9833,-99.0167,5,0.0,34.89,17.65,0.0,0.0,0.009999999999968026,0,0
2026-02-19,slp,"Cd. Valles, SLP",21.9833,-99.0167,5,0.0,38.91,19.11,0.0,0.0,0.0,0,0
2026-02-20,slp,"Cd. Valles, SLP",21.9833,-99.0167,5,0.0,38.09,19.76,0.0,0.0,0.0,0,0
2026-02-21,slp,"Cd. Valles, SLP",21.9833,-99.0167,5,0.0,35.55,20.86,0.0,0.0,0.0,0,0
2026-02-22,slp,"Cd. Valles, SLP",21.9833,-99.0167,5,0.06,27.84,14.63,0.0600000000000071,0.06000000000001421,0.05999999999996802,0,0
2026-02-23,slp,"Cd. Valles, SLP",21.9833,-99.0167,5,0.05,23.99,12.55,0.1100000000000071,0.11000000000001421,0.10999999999996803,0,0
2026-02-24,slp,"Cd. Valles, SLP",21.9833,-99.0167,5,0.0,27.86,12.78,0.1100000000000071,0.11000000000001421,0.10999999999996803,0,0
2026-02-25,slp,"Cd. Valles, SLP",21.9833,-99.0167,5,0.0,33.44,14.18,0.05000000000000711,0.11000000000001421,0.10999999999996803,0,0
2026-02-26,slp,"Cd. Valles, SLP",21.9833,-99.0167,5,0.0,37.3,17.05,0.0,0.11000000000001421,0.10999999999996803,0,0
2026-02-27,slp,"Cd. Valles, SLP",21.9833,-99.0167,5,0.0,36.37,18.71,0.0,0.11000000000001421,0.10999999999996803,0,0
2026-02-28,slp,"Cd. Valles, SLP",21.9833,-99.0167,5,0.0,34.95,20.57,0.0,0.11000000000001421,0.10999999999996803,0,0
2026-03-01,slp,"Cd. Valles, SLP",21.9833,-99.0167,5,0.91,28.71,19.89,0.9100000000000071,0.9600000000000143,1.019999999999968,0,0
2026-03-02,slp,"Cd. Valles, SLP",21.9833,-99.0167,5,0.36,29.52,19.79,1.2700000000000071,1.2700000000000142,1.379999999999968,0,0
2026-03-03,slp,"Cd. Valles, SLP",21.9833,-99.0167,5,0.23,29.53,18.65,1.500000000000007,1.5000000000000142,1.6099999999999681,0,0
2026-03-04,slp,"Cd. Valles, SLP",21.9833,-99.0167,5,1.43,31.05,20.22,2.020000000000007,2.930000000000014,3.039999999999968,0,0
2026-03-05,slp,"Cd. Valles, SLP",21.9833,-99.0167,5,2.82,31.07,20.51,4.480000000000007,5.750000000000014,5.8599999999999675,0,0
2026-03-06,slp,"Cd. Valles, SLP",21.9833,-99.0167,5,1.99,32.54,21.26,6.240000000000006,7.740000000000014,7.849999999999968,0,0
2026-03-07,slp,"Cd. Valles, SLP",21.9833,-99.0167,5,1.46,32.79,22.13,6.270000000000007,9.200000000000014,9.309999999999969,0,0
2026-03-08,slp,"Cd. Valles, SLP",21.9833,-99.0167,5,2.74,30.08,22.78,6.190000000000007,11.030000000000015,11.989999999999966,0,0
2026-03-09,slp,"Cd. Valles, SLP",21.9833,-99.0167,5,1.71,32.03,22.61,5.910000000000007,12.380000000000015,13.649999999999968,0,0
2026-03-10,slp,"Cd. Valles, SLP",21.9833,-99.0167,5,0.72,30.82,21.72,5.170000000000007,12.870000000000015,14.369999999999969,0,0
2026-03-11,slp,"Cd. Valles, SLP",21.9833,-99.0167,5,0.06,36.59,21.29,2.4900000000000064,11.500000000000014,14.429999999999968,0,0
2026-03-12,slp,"Cd. Valles, SLP",21.9833,-99.0167,5,0.05,29.17,19.28,0.8300000000000066,8.730000000000015,14.479999999999968,0,0
2026-03-13,slp,"Cd. Valles, SLP",21.9833,-99.0167,5,0.06,31.14,17.06,0.17000000000000665,6.800000000000014,14.539999999999969,0,0
2026-03-14,slp,"Cd. Valles, SLP",21.9833,-99.0167,5,0.68,34.21,17.66,0.7900000000000067,6.020000000000015,15.219999999999969,0,0
2026-03-15,slp,"Cd. Valles, SLP",21.9833,-99.0167,5,0.39,38.66,19.81,1.1300000000000066,3.670000000000014,14.699999999999969,0,0
2026-03-16,slp,"Cd. Valles, SLP",21.9833,-99.0167,5,1.86,23.47,15.69,2.930000000000007,3.8200000000000145,16.199999999999967,0,0
2026-03-17,slp,"Cd. Valles, SLP",21.9833,-99.0167,5,0.0,24.64,14.14,2.250000000000007,3.1000000000000147,15.969999999999969,0,0
2026-03-18,slp,"Cd. Valles, SLP",21.9833,-99.0167,5,0.14,27.83,13.42,2.000000000000007,3.180000000000015,14.679999999999968,0,0
2026-03-19,slp,"Cd. Valles, SLP",21.9833,-99.0167,5,0.11,28.39,17.45,0.25000000000000666,3.2400000000000144,11.969999999999969,0,0
2026-03-20,slp,"Cd. Valles, SLP",21.9833,-99.0167,5,0.11,30.59,17.7,0.36000000000000665,3.2900000000000142,10.089999999999968,0,0
2026-03-21,slp,"Cd. Valles, SLP",21.9833,-99.0167,5,0.02,31.34,17.09,0.24000000000000665,2.6300000000000145,8.649999999999968,0,0
2026-03-22,slp,"Cd. Valles, SLP",21.9833,-99.0167,5,0.0,31.5,17.33,0.13000000000000667,2.2400000000000144,5.909999999999968,0,0
2026-03-23,slp,"Cd. Valles, SLP",21.9833,-99.0167,5,0.31,31.26,18.6,0.3300000000000066,0.6900000000000142,4.509999999999969,0,0
2026-03-24,slp,"Cd. Valles, SLP",21.9833,-99.0167,5,0.0,-999.0,-999.0,0.31000000000000666,0.6900000000000142,3.7899999999999685,0,0
2026-03-25,slp,"Cd. Valles, SLP",21.9833,-99.0167,5,0.0,-999.0,-999.0,0.31000000000000666,0.5500000000000143,3.7299999999999685,0,0
2026-03-26,slp,"Cd. Valles, SLP",21.9833,-99.0167,5,0.0,-999.0,-999.0,0.0,0.4400000000000142,3.679999999999968,0,0
2026-03-27,slp,"Cd. Valles, SLP",21.9833,-99.0167,5,0.13,33.17,18.62,0.13000000000000667,0.4600000000000142,3.749999999999968,0,0
2026-03-28,slp,"Cd. Valles, SLP",21.9833,-99.0167,5,4.87,30.52,20.08,5.000000000000007,5.310000000000015,7.939999999999968,0,0
2026-03-29,slp,"Cd. Valles, SLP",21.9833,-99.0167,5,0.77,29.96,19.62,5.770000000000007,6.080000000000014,8.319999999999968,0,0
2026-03-30,slp,"Cd. Valles, SLP",21.9833,-99.0167,5,0.71,32.73,18.84,6.350000000000007,6.480000000000015,7.169999999999968,0,0
2026-03-31,slp,"Cd. Valles, SLP",21.9833,-99.0167,5,3.14,32.25,19.35,4.620000000000007,9.620000000000015,10.309999999999969,0,0
2026-04-01,slp,"Cd. Valles, SLP",21.9833,-99.0167,5,0.8,32.79,19.54,4.6500000000000075,10.420000000000016,10.969999999999969,0,0
2026-04-02,slp,"Cd. Valles, SLP",21.9833,-99.0167,5,1.65,34.42,20.71,5.590000000000007,12.070000000000014,12.509999999999968,0,0
2026-04-03,slp,"Cd. Valles, SLP",21.9833,-99.0167,5,2.07,34.16,23.04,4.520000000000007,14.010000000000014,14.469999999999967,0,0
2026-04-04,slp,"Cd. Valles, SLP",21.9833,-99.0167,5,0.0,-999.0,-999.0,3.7200000000000073,9.140000000000015,14.449999999999967,0,0
2026-04-05,slp,"Cd. Valles, SLP",21.9833,-99.0167,5,0.0,-999.0,-999.0,2.0700000000000074,8.370000000000013,14.449999999999967,0,0
2026-04-06,slp,"Cd. Valles, SLP",21.9833,-99.0167,5,0.0,-999.0,-999.0,0.0,7.660000000000014,14.139999999999967,0,0
2026-04-07,slp,"Cd. Valles, SLP",21.9833,-99.0167,5,0.0,-999.0,-999.0,0.0,4.520000000000014,14.139999999999967,0,0
2026-04-08,slp,"Cd. Valles, SLP",21.9833,-99.0167,5,0.0,-999.0,-999.0,0.0,3.720000000000014,14.139999999999967,0,0
2026-04-09,slp,"Cd. Valles, SLP",21.9833,-99.0167,5,0.0,-999.0,-999.0,0.0,2.0700000000000136,14.139999999999967,0,0
2026-04-10,slp,"Cd. Valles, SLP",21.9833,-99.0167,5,0.0,-999.0,-999.0,0.0,0.0,14.009999999999968,0,0
2026-04-11,slp,"Cd. Valles, SLP",21.9833,-99.0167,5,0.0,-999.0,-999.0,0.0,0.0,9.139999999999969,0,0
2026-04-12,slp,"Cd. Valles, SLP",21.9833,-99.0167,5,0.0,-999.0,-999.0,0.0,0.0,8.369999999999967,0,0
2026-04-13,slp,"Cd. Valles, SLP",21.9833,-99.0167,5,0.0,-999.0,-999.0,0.0,0.0,7.659999999999968,0,0
2026-04-14,slp,"Cd. Valles, SLP",21.9833,-99.0167,5,0.0,-999.0,-999.0,0.0,0.0,4.519999999999968,0,0
2026-04-15,slp,"Cd. Valles, SLP",21.9833,-99.0167,5,0.0,-999.0,-999.0,0.0,0.0,3.7199999999999678,0,0
2026-04-16,slp,"Cd. Valles, SLP",21.9833,-99.0167,5,0.0,-999.0,-999.0,0.0,0.0,2.0699999999999674,0,0
2026-04-17,slp,"Cd. Valles, SLP",21.9833,-99.0167,5,0.0,-999.0,-999.0,0.0,0.0,0.0,0,0
2026-04-18,slp,"Cd. Valles, SLP",21.9833,-99.0167,5,0.0,-999.0,-999.0,0.0,0.0,0.0,0,0
2026-04-19,slp,"Cd. Valles, SLP",21.9833,-99.0167,5,0.0,-999.0,-999.0,0.0,0.0,0.0,0,0
2026-04-20,slp,"Cd. Valles, SLP",21.9833,-99.0167,5,0.0,-999.0,-999.0,0.0,0.0,0.0,0,0
2026-04-21,slp,"Cd. Valles, SLP",21.9833,-99.0167,5,0.0,-999.0,-999.0,0.0,0.0,0.0,0,0
2026-04-22,slp,"Cd. Valles, SLP",21.9833,-99.0167,5,0.0,-999.0,-999.0,0.0,0.0,0.0,0,0
2026-04-23,slp,"Cd. Valles, SLP",21.9833,-99.0167,5,0.0,-999.0,-999.0,0.0,0.0,0.0,0,0
2026-04-24,slp,"Cd. Valles, SLP",21.9833,-99.0167,5,0.0,-999.0,-999.0,0.0,0.0,0.0,0,0
2026-04-25,slp,"Cd. Valles, SLP",21.9833,-99.0167,5,0.0,-999.0,-999.0,0.0,0.0,0.0,0,0
2026-04-26,slp,"Cd. Valles, SLP",21.9833,-99.0167,5,0.0,-999.0,-999.0,0.0,0.0,0.0,0,0
2026-04-27,slp,"Cd. Valles, SLP",21.9833,-99.0167,5,0.0,-999.0,-999.0,0.0,0.0,0.0,0,0
2026-04-28,slp,"Cd. Valles, SLP",21.9833,-99.0167,5,0.0,-999.0,-999.0,0.0,0.0,0.0,0,0
2026-04-29,slp,"Cd. Valles, SLP",21.9833,-99.0167,5,0.0,-999.0,-999.0,0.0,0.0,0.0,0,0
2026-04-30,slp,"Cd. Valles, SLP",21.9833,-99.0167,5,0.0,-999.0,-999.0,0.0,0.0,0.0,0,0
2026-05-01,slp,"Cd. Valles, SLP",21.9833,-99.0167,5,0.0,-999.0,-999.0,0.0,0.0,0.0,0,0
2026-05-02,slp,"Cd. Valles, SLP",21.9833,-99.0167,5,0.0,-999.0,-999.0,0.0,0.0,0.0,0,0
2026-05-03,slp,"Cd. Valles, SLP",21.9833,-99.0167,5,0.0,-999.0,-999.0,0.0,0.0,0.0,0,0
2026-05-04,slp,"Cd. Valles, SLP",21.9833,-99.0167,5,0.0,-999.0,-999.0,0.0,0.0,0.0,0,0
2026-05-05,slp,"Cd. Valles, SLP",21.9833,-99.0167,5,0.0,-999.0,-999.0,0.0,0.0,0.0,0,0
2026-05-06,slp,"Cd. Valles, SLP",21.9833,-99.0167,5,0.0,-999.0,-999.0,0.0,0.0,0.0,0,0
2026-05-07,slp,"Cd. Valles, SLP",21.9833,-99.0167,5,0.0,-999.0,-999.0,0.0,0.0,0.0,0,0
2026-05-08,slp,"Cd. Valles, SLP",21.9833,-99.0167,5,0.0,-999.0,-999.0,0.0,0.0,0.0,0,0
2026-05-09,slp,"Cd. Valles, SLP",21.9833,-99.0167,5,0.0,-999.0,-999.0,0.0,0.0,0.0,0,0
2026-05-10,slp,"Cd. Valles, SLP",21.9833,-99.0167,5,0.0,-999.0,-999.0,0.0,0.0,0.0,0,0
2026-05-11,slp,"Cd. Valles, SLP",21.9833,-99.0167,5,0.0,-999.0,-999.0,0.0,0.0,0.0,0,0
2026-05-12,slp,"Cd. Valles, SLP",21.9833,-99.0167,5,0.0,-999.0,-999.0,0.0,0.0,0.0,0,0
2026-05-13,slp,"Cd. Valles, SLP",21.9833,-99.0167,5,0.0,-999.0,-999.0,0.0,0.0,0.0,0,0
2026-05-14,slp,"Cd. Valles, SLP",21.9833,-99.0167,5,0.0,-999.0,-999.0,0.0,0.0,0.0,0,0
2026-05-15,slp,"Cd. Valles, SLP",21.9833,-99.0167,5,0.0,-999.0,-999.0,0.0,0.0,0.0,0,0
2026-05-16,slp,"Cd. Valles, SLP",21.9833,-99.0167,5,0.0,-999.0,-999.0,0.0,0.0,0.0,0,0
2026-05-17,slp,"Cd. Valles, SLP",21.9833,-99.0167,5,0.0,-999.0,-999.0,0.0,0.0,0.0,0,0
2026-05-18,slp,"Cd. Valles, SLP",21.9833,-99.0167,5,0.0,-999.0,-999.0,0.0,0.0,0.0,0,0
2026-05-19,slp,"Cd. Valles, SLP",21.9833,-99.0167,5,0.0,-999.0,-999.0,0.0,0.0,0.0,0,0
2026-05-20,slp,"Cd. Valles, SLP",21.9833,-99.0167,5,0.0,-999.0,-999.0,0.0,0.0,0.0,0,0
2026-05-21,slp,"Cd. Valles, SLP",21.9833,-99.0167,5,0.0,-999.0,-999.0,0.0,0.0,0.0,0,0
2026-05-22,slp,"Cd. Valles, SLP",21.9833,-99.0167,5,0.0,-999.0,-999.0,0.0,0.0,0.0,0,0
2026-05-23,slp,"Cd. Valles, SLP",21.9833,-99.0167,5,0.0,-999.0,-999.0,0.0,0.0,0.0,0,0
2026-05-24,slp,"Cd. Valles, SLP",21.9833,-99.0167,5,0.0,-999.0,-999.0,0.0,0.0,0.0,0,0
2026-05-25,slp,"Cd. Valles, SLP",21.9833,-99.0167,5,0.0,-999.0,-999.0,0.0,0.0,0.0,0,0
2026-05-26,slp,"Cd. Valles, SLP",21.9833,-99.0167,5,0.0,-999.0,-999.0,0.0,0.0,0.0,0,0
2026-05-27,slp,"Cd. Valles, SLP",21.9833,-99.0167,5,0.0,-999.0,-999.0,0.0,0.0,0.0,0,0
2026-05-28,slp,"Cd. Valles, SLP",21.9833,-99.0167,5,0.0,-999.0,-999.0,0.0,0.0,0.0,0,0
2026-05-29,slp,"Cd. Valles, SLP",21.9833,-99.0167,5,0.0,-999.0,-999.0,0.0,0.0,0.0,0,0
2026-05-30,slp,"Cd. Valles, SLP",21.9833,-99.0167,5,0.0,-999.0,-999.0,0.0,0.0,0.0,0,0
2026-05-31,slp,"Cd. Valles, SLP",21.9833,-99.0167,5,0.0,-999.0,-999.0,0.0,0.0,0.0,0,0
2026-06-01,slp,"Cd. Valles, SLP",21.9833,-99.0167,5,0.0,-999.0,-999.0,0.0,0.0,0.0,0,0
2026-06-02,slp,"Cd. Valles, SLP",21.9833,-99.0167,5,0.0,-999.0,-999.0,0.0,0.0,0.0,0,0
2026-06-03,slp,"Cd. Valles, SLP",21.9833,-99.0167,5,0.0,-999.0,-999.0,0.0,0.0,0.0,0,0
2026-06-04,slp,"Cd. Valles, SLP",21.9833,-99.0167,5,0.0,-999.0,-999.0,0.0,0.0,0.0,0,0
2026-06-05,slp,"Cd. Valles, SLP",21.9833,-99.0167,5,0.0,-999.0,-999.0,0.0,0.0,0.0,0,0
2026-06-06,slp,"Cd. Valles, SLP",21.9833,-99.0167,5,0.0,-999.0,-999.0,0.0,0.0,0.0,0,0
2026-06-07,slp,"Cd. Valles, SLP",21.9833,-99.0167,5,0.0,-999.0,-999.0,0.0,0.0,0.0,0,0
2026-06-08,slp,"Cd. Valles, SLP",21.9833,-99.0167,5,0.0,-999.0,-999.0,0.0,0.0,0.0,0,0
2026-06-09,slp,"Cd. Valles, SLP",21.9833,-99.0167,5,0.0,-999.0,-999.0,0.0,0.0,0.0,0,0
2026-06-10,slp,"Cd. Valles, SLP",21.9833,-99.0167,5,0.0,-999.0,-999.0,0.0,0.0,0.0,0,0
2026-06-11,slp,"Cd. Valles, SLP",21.9833,-99.0167,5,0.0,-999.0,-999.0,0.0,0.0,0.0,0,0
2026-06-12,slp,"Cd. Valles, SLP",21.9833,-99.0167,5,0.0,-999.0,-999.0,0.0,0.0,0.0,0,0
2026-06-13,slp,"Cd. Valles, SLP",21.9833,-99.0167,5,0.0,-999.0,-999.0,0.0,0.0,0.0,0,0
2026-06-14,slp,"Cd. Valles, SLP",21.9833,-99.0167,5,0.0,-999.0,-999.0,0.0,0.0,0.0,0,0
2026-06-15,slp,"Cd. Valles, SLP",21.9833,-99.0167,5,0.0,-999.0,-999.0,0.0,0.0,0.0,0,0
2026-06-16,slp,"Cd. Valles, SLP",21.9833,-99.0167,5,0.0,-999.0,-999.0,0.0,0.0,0.0,0,0
2026-06-17,slp,"Cd. Valles, SLP",21.9833,-99.0167,5,0.0,-999.0,-999.0,0.0,0.0,0.0,0,0
2026-06-18,slp,"Cd. Valles, SLP",21.9833,-99.0167,5,0.0,-999.0,-999.0,0.0,0.0,0.0,0,0
2026-06-19,slp,"Cd. Valles, SLP",21.9833,-99.0167,5,0.0,-999.0,-999.0,0.0,0.0,0.0,0,0
2026-06-20,slp,"Cd. Valles, SLP",21.9833,-99.0167,5,0.0,-999.0,-999.0,0.0,0.0,0.0,0,0
2026-06-21,slp,"Cd. Valles, SLP",21.9833,-99.0167,5,0.0,-999.0,-999.0,0.0,0.0,0.0,0,0
2026-06-22,slp,"Cd. Valles, SLP",21.9833,-99.0167,5,0.0,-999.0,-999.0,0.0,0.0,0.0,0,0
2026-06-23,slp,"Cd. Valles, SLP",21.9833,-99.0167,5,0.0,-999.0,-999.0,0.0,0.0,0.0,0,0
2026-06-24,slp,"Cd. Valles, SLP",21.9833,-99.0167,5,0.0,-999.0,-999.0,0.0,0.0,0.0,0,0
2026-06-25,slp,"Cd. Valles, SLP",21.9833,-99.0167,5,0.0,-999.0,-999.0,0.0,0.0,0.0,0,0
2026-06-26,slp,"Cd. Valles, SLP",21.9833,-99.0167,5,0.0,-999.0,-999.0,0.0,0.0,0.0,0,0
2026-06-27,slp,"Cd. Valles, SLP",21.9833,-99.0167,5,0.0,-999.0,-999.0,0.0,0.0,0.0,0,0
2026-06-28,slp,"Cd. Valles, SLP",21.9833,-99.0167,5,0.0,-999.0,-999.0,0.0,0.0,0.0,0,0
2026-06-29,slp,"Cd. Valles, SLP",21.9833,-99.0167,5,0.0,-999.0,-999.0,0.0,0.0,0.0,0,0
2026-06-30,slp,"Cd. Valles, SLP",21.9833,-99.0167,5,0.0,-999.0,-999.0,0.0,0.0,0.0,0,0
2026-07-01,slp,"Cd. Valles, SLP",21.9833,-99.0167,5,0.0,-999.0,-999.0,0.0,0.0,0.0,0,0
2026-07-02,slp,"Cd. Valles, SLP",21.9833,-99.0167,5,0.0,-999.0,-999.0,0.0,0.0,0.0,0,0
2026-07-03,slp,"Cd. Valles, SLP",21.9833,-99.0167,5,0.0,-999.0,-999.0,0.0,0.0,0.0,0,0
2026-07-04,slp,"Cd. Valles, SLP",21.9833,-99.0167,5,0.0,-999.0,-999.0,0.0,0.0,0.0,0,0
2026-07-05,slp,"Cd. Valles, SLP",21.9833,-99.0167,5,0.0,-999.0,-999.0,0.0,0.0,0.0,0,0
2026-07-06,slp,"Cd. Valles, SLP",21.9833,-99.0167,5,0.0,-999.0,-999.0,0.0,0.0,0.0,0,0
2026-07-07,slp,"Cd. Valles, SLP",21.9833,-99.0167,5,0.0,-999.0,-999.0,0.0,0.0,0.0,0,0
2026-07-08,slp,"Cd. Valles, SLP",21.9833,-99.0167,5,0.0,-999.0,-999.0,0.0,0.0,0.0,0,0
2026-07-09,slp,"Cd. Valles, SLP",21.9833,-99.0167,5,0.0,-999.0,-999.0,0.0,0.0,0.0,0,0
2026-07-10,slp,"Cd. Valles, SLP",21.9833,-99.0167,5,0.0,-999.0,-999.0,0.0,0.0,0.0,0,0
2026-07-11,slp,"Cd. Valles, SLP",21.9833,-99.0167,5,0.0,-999.0,-999.0,0.0,0.0,0.0,0,0
2026-07-12,slp,"Cd. Valles, SLP",21.9833,-99.0167,5,0.0,-999.0,-999.0,0.0,0.0,0.0,0,0
2026-07-13,slp,"Cd. Valles, SLP",21.9833,-99.0167,5,0.0,-999.0,-999.0,0.0,0.0,0.0,0,0
2026-07-14,slp,"Cd. Valles, SLP",21.9833,-99.0167,5,0.0,-999.0,-999.0,0.0,0.0,0.0,0,0
2026-07-15,slp,"Cd. Valles, SLP",21.9833,-99.0167,5,0.0,-999.0,-999.0,0.0,0.0,0.0,0,0
2026-07-16,slp,"Cd. Valles, SLP",21.9833,-99.0167,5,0.0,-999.0,-999.0,0.0,0.0,0.0,0,0
2026-07-17,slp,"Cd. Valles, SLP",21.9833,-99.0167,5,0.0,-999.0,-999.0,0.0,0.0,0.0,0,0
2026-07-18,slp,"Cd. Valles, SLP",21.9833,-99.0167,5,0.0,-999.0,-999.0,0.0,0.0,0.0,0,0
2026-07-19,slp,"Cd. Valles, SLP",21.9833,-99.0167,5,0.0,-999.0,-999.0,0.0,0.0,0.0,0,0
2026-07-20,slp,"Cd. Valles, SLP",21.9833,-99.0167,5,0.0,-999.0,-999.0,0.0,0.0,0.0,0,0
2026-07-21,slp,"Cd. Valles, SLP",21.9833,-99.0167,5,0.0,-999.0,-999.0,0.0,0.0,0.0,0,0
2026-07-22,slp,"Cd. Valles, SLP",21.9833,-99.0167,5,0.0,-999.0,-999.0,0.0,0.0,0.0,0,0
2026-07-23,slp,"Cd. Valles, SLP",21.9833,-99.0167,5,0.0,-999.0,-999.0,0.0,0.0,0.0,0,0
2026-07-24,slp,"Cd. Valles, SLP",21.9833,-99.0167,5,0.0,-999.0,-999.0,0.0,0.0,0.0,0,0
2026-07-25,slp,"Cd. Valles, SLP",21.9833,-99.0167,5,0.0,-999.0,-999.0,0.0,0.0,0.0,0,0
2026-07-26,slp,"Cd. Valles, SLP",21.9833,-99.0167,5,0.0,-999.0,-999.0,0.0,0.0,0.0,0,0
2026-07-27,slp,"Cd. Valles, SLP",21.9833,-99.0167,5,0.0,-999.0,-999.0,0.0,0.0,0.0,0,0
2026-07-28,slp,"Cd. Valles, SLP",21.9833,-99.0167,5,0.0,-999.0,-999.0,0.0,0.0,0.0,0,0
2026-07-29,slp,"Cd. Valles, SLP",21.9833,-99.0167,5,0.0,-999.0,-999.0,0.0,0.0,0.0,0,0
2026-07-30,slp,"Cd. Valles, SLP",21.9833,-99.0167,5,0.0,-999.0,-999.0,0.0,0.0,0.0,0,0
2026-07-31,slp,"Cd. Valles, SLP",21.9833,-99.0167,5,0.0,-999.0,-999.0,0.0,0.0,0.0,0,0
2026-08-01,slp,"Cd. Valles, SLP",21.9833,-99.0167,5,0.0,-999.0,-999.0,0.0,0.0,0.0,0,0
2026-08-02,slp,"Cd. Valles, SLP",21.9833,-99.0167,5,0.0,-999.0,-999.0,0.0,0.0,0.0,0,0
2026-08-03,slp,"Cd. Valles, SLP",21.9833,-99.0167,5,0.0,-999.0,-999.0,0.0,0.0,0.0,0,0
2026-08-04,slp,"Cd. Valles, SLP",21.9833,-99.0167,5,0.0,-999.0,-999.0,0.0,0.0,0.0,0,0
2026-08-05,slp,"Cd. Valles, SLP",21.9833,-99.0167,5,0.0,-999.0,-999.0,0.0,0.0,0.0,0,0
2026-08-06,slp,"Cd. Valles, SLP",21.9833,-99.0167,5,0.0,-999.0,-999.0,0.0,0.0,0.0,0,0
2026-08-07,slp,"Cd. Valles, SLP",21.9833,-99.0167,5,0.0,-999.0,-999.0,0.0,0.0,0.0,0,0
2026-08-08,slp,"Cd. Valles, SLP",21.9833,-99.0167,5,0.0,-999.0,-999.0,0.0,0.0,0.0,0,0
2026-08-09,slp,"Cd. Valles, SLP",21.9833,-99.0167,5,0.0,-999.0,-999.0,0.0,0.0,0.0,0,0
2026-08-10,slp,"Cd. Valles, SLP",21.9833,-99.0167,5,0.0,-999.0,-999.0,0.0,0.0,0.0,0,0
2026-08-11,slp,"Cd. Valles, SLP",21.9833,-99.0167,5,0.0,-999.0,-999.0,0.0,0.0,0.0,0,0
2026-08-12,slp,"Cd. Valles, SLP",21.9833,-99.0167,5,0.0,-999.0,-999.0,0.0,0.0,0.0,0,0
2026-08-13,slp,"Cd. Valles, SLP",21.9833,-99.0167,5,0.0,-999.0,-999.0,0.0,0.0,0.0,0,0
2026-08-14,slp,"Cd. Valles, SLP",21.9833,-99.0167,5,0.0,-999.0,-999.0,0.0,0.0,0.0,0,0
2026-08-15,slp,"Cd. Valles, SLP",21.9833,-99.0167,5,0.0,-999.0,-999.0,0.0,0.0,0.0,0,0
2026-08-16,slp,"Cd. Valles, SLP",21.9833,-99.0167,5,0.0,-999.0,-999.0,0.0,0.0,0.0,0,0
2026-08-17,slp,"Cd. Valles, SLP",21.9833,-99.0167,5,0.0,-999.0,-999.0,0.0,0.0,0.0,0,0
2026-08-18,slp,"Cd. Valles, SLP",21.9833,-99.0167,5,0.0,-999.0,-999.0,0.0,0.0,0.0,0,0
2026-08-19,slp,"Cd. Valles, SLP",21.9833,-99.0167,5,0.0,-999.0,-999.0,0.0,0.0,0.0,0,0
2026-08-20,slp,"Cd. Valles, SLP",21.9833,-99.0167,5,0.0,-999.0,-999.0,0.0,0.0,0.0,0,0
