date,zona_key,zona,lat,lon,pct_prod,lluvia_mm,tmax,tmin,lluvia_3d,lluvia_7d,lluvia_14d,dias_lluvia_consec,evento_lluvia
2018-01-01,tabasco,"Huimanguillo, Tabasco",17.8333,-93.3833,7,4.53,25.85,20.37,4.53,4.53,4.53,0,0
2018-01-02,tabasco,"Huimanguillo, Tabasco",17.8333,-93.3833,7,3.12,23.95,18.96,7.65,7.65,7.65,0,0
2018-01-03,tabasco,"Huimanguillo, Tabasco",17.8333,-93.3833,7,1.62,24.63,18.75,9.27,9.27,9.27,0,0
2018-01-04,tabasco,"Huimanguillo, Tabasco",17.8333,-93.3833,7,20.5,21.8,16.48,25.24,29.77,29.77,1,1
2018-01-05,tabasco,"Huimanguillo, Tabasco",17.8333,-93.3833,7,1.0,22.6,15.71,23.119999999999997,30.77,30.77,0,0
2018-01-06,tabasco,"Huimanguillo, Tabasco",17.8333,-93.3833,7,0.02,24.09,14.79,21.52,30.79,30.79,0,0
2018-01-07,tabasco,"Huimanguillo, Tabasco",17.8333,-93.3833,7,0.0,24.6,14.38,1.02,30.79,30.79,0,0
2018-01-08,tabasco,"Huimanguillo, Tabasco",17.8333,-93.3833,7,0.0,25.63,14.4,0.02,26.259999999999998,30.79,0,0
2018-01-09,tabasco,"Huimanguillo, Tabasco",17.8333,-93.3833,7,0.02,24.71,16.83,0.02,23.16,30.81,0,0
2018-01-10,tabasco,"Huimanguillo, Tabasco",17.8333,-93.3833,7,0.0,24.73,15.28,0.02,21.54,30.81,0,0
2018-01-11,tabasco,"Huimanguillo, Tabasco",17.8333,-93.3833,7,0.02,29.66,14.64,0.04,1.06,30.83,0,0
2018-01-12,tabasco,"Huimanguillo, Tabasco",17.8333,-93.3833,7,4.1,25.01,16.55,4.119999999999999,4.16,34.93,0,0
2018-01-13,tabasco,"Huimanguillo, Tabasco",17.8333,-93.3833,7,0.88,22.02,16.12,4.999999999999999,5.0200000000000005,35.81,0,0
2018-01-14,tabasco,"Huimanguillo, Tabasco",17.8333,-93.3833,7,1.17,20.37,16.05,6.1499999999999995,6.19,36.98,0,0
2018-01-15,tabasco,"Huimanguillo, Tabasco",17.8333,-93.3833,7,0.05,22.49,14.87,2.0999999999999996,6.24,32.5,0,0
2018-01-16,tabasco,"Huimanguillo, Tabasco",17.8333,-93.3833,7,0.0,23.11,13.84,1.22,6.22,29.38,0,0
2018-01-17,tabasco,"Huimanguillo, Tabasco",17.8333,-93.3833,7,0.68,23.22,16.5,0.7300000000000001,6.9,28.439999999999998,0,0
2018-01-18,tabasco,"Huimanguillo, Tabasco",17.8333,-93.3833,7,1.49,22.77,15.99,2.17,8.370000000000001,9.43,0,0
2018-01-19,tabasco,"Huimanguillo, Tabasco",17.8333,-93.3833,7,0.16,23.94,17.11,2.33,4.430000000000001,8.59,0,0
2018-01-20,tabasco,"Huimanguillo, Tabasco",17.8333,-93.3833,7,0.09,25.86,16.66,1.74,3.640000000000001,8.66,0,0
2018-01-21,tabasco,"Huimanguillo, Tabasco",17.8333,-93.3833,7,0.05,27.91,17.49,0.3000000000000002,2.520000000000001,8.709999999999999,0,0
2018-01-22,tabasco,"Huimanguillo, Tabasco",17.8333,-93.3833,7,0.42,29.04,19.12,0.5600000000000002,2.8900000000000015,9.129999999999999,0,0
2018-01-23,tabasco,"Huimanguillo, Tabasco",17.8333,-93.3833,7,14.75,27.56,21.53,15.22,17.64,23.86,1,0
2018-01-24,tabasco,"Huimanguillo, Tabasco",17.8333,-93.3833,7,24.64,27.24,21.12,39.81,41.6,48.5,2,1
2018-01-25,tabasco,"Huimanguillo, Tabasco",17.8333,-93.3833,7,58.56,25.29,20.69,97.95,98.67,107.03999999999999,3,1
2018-01-26,tabasco,"Huimanguillo, Tabasco",17.8333,-93.3833,7,3.26,26.62,19.95,86.46000000000001,101.77000000000001,106.2,0,0
2018-01-27,tabasco,"Huimanguillo, Tabasco",17.8333,-93.3833,7,4.33,26.57,17.92,66.15,106.01,109.64999999999999,0,0
2018-01-28,tabasco,"Huimanguillo, Tabasco",17.8333,-93.3833,7,33.59,26.48,21.58,41.18000000000001,139.55,142.07,1,1
2018-01-29,tabasco,"Huimanguillo, Tabasco",17.8333,-93.3833,7,86.36,24.09,19.76,124.28,225.49,228.38,2,1
2018-01-30,tabasco,"Huimanguillo, Tabasco",17.8333,-93.3833,7,32.48,21.15,18.38,152.43,243.22000000000003,260.86,3,1
2018-01-31,tabasco,"Huimanguillo, Tabasco",17.8333,-93.3833,7,2.53,23.29,16.84,121.37,221.11,262.71,0,0
2018-02-01,tabasco,"Huimanguillo, Tabasco",17.8333,-93.3833,7,0.01,25.49,15.64,35.02000000000001,162.56,261.22999999999996,0,0
2018-02-02,tabasco,"Huimanguillo, Tabasco",17.8333,-93.3833,7,0.82,27.13,18.88,3.360000000000014,160.12,261.89,0,0
2018-02-03,tabasco,"Huimanguillo, Tabasco",17.8333,-93.3833,7,0.83,26.49,19.1,1.6600000000000141,156.62,262.63,0,0
2018-02-04,tabasco,"Huimanguillo, Tabasco",17.8333,-93.3833,7,0.0,27.96,17.81,1.6500000000000141,123.03,262.58000000000004,0,0
2018-02-05,tabasco,"Huimanguillo, Tabasco",17.8333,-93.3833,7,0.0,27.85,18.84,0.8300000000000142,36.669999999999995,262.16,0,0
2018-02-06,tabasco,"Huimanguillo, Tabasco",17.8333,-93.3833,7,0.0,28.63,19.29,0.0,4.1899999999999995,247.41,0,0
2018-02-07,tabasco,"Huimanguillo, Tabasco",17.8333,-93.3833,7,0.43,28.75,19.78,0.4300000000000142,2.09,223.2,0,0
2018-02-08,tabasco,"Huimanguillo, Tabasco",17.8333,-93.3833,7,8.02,27.08,21.93,8.450000000000014,10.1,172.66,1,0
2018-02-09,tabasco,"Huimanguillo, Tabasco",17.8333,-93.3833,7,1.35,27.77,20.26,9.800000000000013,10.629999999999999,170.75,0,0
2018-02-10,tabasco,"Huimanguillo, Tabasco",17.8333,-93.3833,7,2.33,28.27,20.09,11.700000000000014,12.129999999999999,168.74999999999997,0,0
2018-02-11,tabasco,"Huimanguillo, Tabasco",17.8333,-93.3833,7,0.0,31.28,20.51,3.6800000000000144,12.129999999999999,135.15999999999997,0,0
2018-02-12,tabasco,"Huimanguillo, Tabasco",17.8333,-93.3833,7,17.38,28.51,20.79,19.710000000000015,29.509999999999998,66.17999999999999,1,0
2018-02-13,tabasco,"Huimanguillo, Tabasco",17.8333,-93.3833,7,6.02,28.13,21.87,23.400000000000013,35.53,39.72,2,0
2018-02-14,tabasco,"Huimanguillo, Tabasco",17.8333,-93.3833,7,6.66,27.48,21.05,30.060000000000013,41.76,43.849999999999994,3,0
2018-02-15,tabasco,"Huimanguillo, Tabasco",17.8333,-93.3833,7,2.82,27.79,20.18,15.50000000000001,36.559999999999995,46.66,0,0
2018-02-16,tabasco,"Huimanguillo, Tabasco",17.8333,-93.3833,7,1.23,28.24,20.06,10.710000000000012,36.44,47.07,0,0
2018-02-17,tabasco,"Huimanguillo, Tabasco",17.8333,-93.3833,7,0.04,28.59,19.19,4.0900000000000105,34.14999999999999,46.28,0,0
2018-02-18,tabasco,"Huimanguillo, Tabasco",17.8333,-93.3833,7,0.84,28.35,19.12,2.1100000000000105,34.989999999999995,47.120000000000005,0,0
2018-02-19,tabasco,"Huimanguillo, Tabasco",17.8333,-93.3833,7,0.05,28.96,20.09,0.9300000000000107,17.66,47.17,0,0
2018-02-20,tabasco,"Huimanguillo, Tabasco",17.8333,-93.3833,7,0.05,30.18,19.41,0.9400000000000106,11.69,47.22,0,0
2018-02-21,tabasco,"Huimanguillo, Tabasco",17.8333,-93.3833,7,0.05,30.1,19.76,0.15000000000000002,5.08,46.84,0,0
2018-02-22,tabasco,"Huimanguillo, Tabasco",17.8333,-93.3833,7,0.0,29.26,20.21,0.10000000000001066,2.26,38.82,0,0
2018-02-23,tabasco,"Huimanguillo, Tabasco",17.8333,-93.3833,7,1.39,29.13,20.23,1.4400000000000106,2.42,38.86,0,0
2018-02-24,tabasco,"Huimanguillo, Tabasco",17.8333,-93.3833,7,0.32,30.14,19.61,1.7100000000000106,2.6999999999999997,36.85,0,0
2018-02-25,tabasco,"Huimanguillo, Tabasco",17.8333,-93.3833,7,0.0,31.33,20.17,1.7100000000000106,1.86,36.85,0,0
2018-02-26,tabasco,"Huimanguillo, Tabasco",17.8333,-93.3833,7,0.0,29.97,20.41,0.32000000000001066,1.81,19.47,0,0
2018-02-27,tabasco,"Huimanguillo, Tabasco",17.8333,-93.3833,7,0.02,28.86,18.63,0.02000000000001066,1.78,13.47,0,0
2018-02-28,tabasco,"Huimanguillo, Tabasco",17.8333,-93.3833,7,0.0,29.73,18.7,0.02000000000001066,1.73,6.81,0,0
2018-03-01,tabasco,"Huimanguillo, Tabasco",17.8333,-93.3833,7,0.0,31.99,20.11,0.02000000000001066,1.73,3.9899999999999998,0,0
2018-03-02,tabasco,"Huimanguillo, Tabasco",17.8333,-93.3833,7,4.06,29.26,21.21,4.06000000000001,4.3999999999999995,6.819999999999999,0,0
2018-03-03,tabasco,"Huimanguillo, Tabasco",17.8333,-93.3833,7,6.22,28.49,21.19,10.28000000000001,10.299999999999999,13.0,1,0
2018-03-04,tabasco,"Huimanguillo, Tabasco",17.8333,-93.3833,7,1.27,29.64,20.99,11.55000000000001,11.569999999999999,13.43,0,0
2018-03-05,tabasco,"Huimanguillo, Tabasco",17.8333,-93.3833,7,0.0,29.8,19.12,7.490000000000011,11.569999999999999,13.379999999999999,0,0
2018-03-06,tabasco,"Huimanguillo, Tabasco",17.8333,-93.3833,7,0.0,30.18,18.57,1.2700000000000107,11.549999999999999,13.33,0,0
2018-03-07,tabasco,"Huimanguillo, Tabasco",17.8333,-93.3833,7,0.08,28.87,18.92,0.08000000000001066,11.629999999999999,13.36,0,0
2018-03-08,tabasco,"Huimanguillo, Tabasco",17.8333,-93.3833,7,0.96,28.36,20.3,1.0400000000000107,12.59,14.319999999999999,0,0
2018-03-09,tabasco,"Huimanguillo, Tabasco",17.8333,-93.3833,7,0.05,29.46,19.72,1.0900000000000105,8.58,12.98,0,0
2018-03-10,tabasco,"Huimanguillo, Tabasco",17.8333,-93.3833,7,0.0,30.91,19.54,1.0100000000000104,2.36,12.66,0,0
2018-03-11,tabasco,"Huimanguillo, Tabasco",17.8333,-93.3833,7,0.0,31.34,21.56,0.05000000000001066,1.0899999999999999,12.66,0,0
2018-03-12,tabasco,"Huimanguillo, Tabasco",17.8333,-93.3833,7,1.4,29.34,21.94,1.4000000000000106,2.4899999999999998,14.059999999999999,0,0
2018-03-13,tabasco,"Huimanguillo, Tabasco",17.8333,-93.3833,7,2.91,28.37,21.04,4.310000000000011,5.4,16.95,0,0
2018-03-14,tabasco,"Huimanguillo, Tabasco",17.8333,-93.3833,7,4.8,27.16,20.02,9.11000000000001,10.12,21.75,0,0
2018-03-15,tabasco,"Huimanguillo, Tabasco",17.8333,-93.3833,7,0.09,29.95,19.74,7.80000000000001,9.25,21.84,0,0
2018-03-16,tabasco,"Huimanguillo, Tabasco",17.8333,-93.3833,7,0.02,31.44,20.44,4.91000000000001,9.219999999999999,17.8,0,0
2018-03-17,tabasco,"Huimanguillo, Tabasco",17.8333,-93.3833,7,0.0,32.35,22.05,0.11000000000001066,9.219999999999999,11.58,0,0
2018-03-18,tabasco,"Huimanguillo, Tabasco",17.8333,-93.3833,7,0.0,32.26,22.85,0.02000000000001066,9.219999999999999,10.309999999999999,0,0
2018-03-19,tabasco,"Huimanguillo, Tabasco",17.8333,-93.3833,7,0.0,32.13,22.24,0.0,7.819999999999999,10.309999999999999,0,0
2018-03-20,tabasco,"Huimanguillo, Tabasco",17.8333,-93.3833,7,0.25,30.91,21.96,0.25000000000001066,5.16,10.559999999999999,0,0
2018-03-21,tabasco,"Huimanguillo, Tabasco",17.8333,-93.3833,7,0.7,29.95,21.65,0.9500000000000106,1.0599999999999992,11.18,0,0
2018-03-22,tabasco,"Huimanguillo, Tabasco",17.8333,-93.3833,7,0.61,30.43,21.17,1.5600000000000107,1.5799999999999992,10.83,0,0
2018-03-23,tabasco,"Huimanguillo, Tabasco",17.8333,-93.3833,7,2.62,29.9,19.82,3.930000000000011,4.18,13.399999999999999,0,0
2018-03-24,tabasco,"Huimanguillo, Tabasco",17.8333,-93.3833,7,0.0,30.83,18.55,3.230000000000011,4.18,13.399999999999999,0,0
2018-03-25,tabasco,"Huimanguillo, Tabasco",17.8333,-93.3833,7,0.0,31.89,18.86,2.6200000000000108,4.18,13.399999999999999,0,0
2018-03-26,tabasco,"Huimanguillo, Tabasco",17.8333,-93.3833,7,0.0,32.96,19.67,0.0,4.18,12.0,0,0
2018-03-27,tabasco,"Huimanguillo, Tabasco",17.8333,-93.3833,7,0.0,33.56,21.26,0.0,3.9299999999999993,9.09,0,0
2018-03-28,tabasco,"Huimanguillo, Tabasco",17.8333,-93.3833,7,0.0,34.21,22.05,0.0,3.2299999999999995,4.29,0,0
2018-03-29,tabasco,"Huimanguillo, Tabasco",17.8333,-93.3833,7,1.41,35.72,21.45,1.4100000000000106,4.029999999999999,5.61,0,0
2018-03-30,tabasco,"Huimanguillo, Tabasco",17.8333,-93.3833,7,12.68,31.29,23.3,14.09000000000001,14.09,18.27,1,0
2018-03-31,tabasco,"Huimanguillo, Tabasco",17.8333,-93.3833,7,13.39,29.02,22.23,27.48000000000001,27.48,31.66,2,0
2018-04-01,tabasco,"Huimanguillo, Tabasco",17.8333,-93.3833,7,0.52,30.83,21.01,26.59000000000001,28.0,32.18,0,0
2018-04-02,tabasco,"Huimanguillo, Tabasco",17.8333,-93.3833,7,0.02,32.93,21.28,13.93000000000001,28.02,32.2,0,0
2018-04-03,tabasco,"Huimanguillo, Tabasco",17.8333,-93.3833,7,0.0,34.6,21.81,0.5400000000000107,28.02,31.95,0,0
2018-04-04,tabasco,"Huimanguillo, Tabasco",17.8333,-93.3833,7,1.48,32.64,22.0,1.5000000000000107,29.5,32.730000000000004,0,0
2018-04-05,tabasco,"Huimanguillo, Tabasco",17.8333,-93.3833,7,2.93,33.2,22.79,4.410000000000011,31.02,35.050000000000004,0,0
2018-04-06,tabasco,"Huimanguillo, Tabasco",17.8333,-93.3833,7,0.39,34.07,21.63,4.8000000000000105,18.73,32.82000000000001,0,0
2018-04-07,tabasco,"Huimanguillo, Tabasco",17.8333,-93.3833,7,0.09,36.42,23.62,3.410000000000011,5.430000000000001,32.910000000000004,0,0
2018-04-08,tabasco,"Huimanguillo, Tabasco",17.8333,-93.3833,7,0.04,35.42,23.07,0.5200000000000107,4.949999999999999,32.949999999999996,0,0
2018-04-09,tabasco,"Huimanguillo, Tabasco",17.8333,-93.3833,7,0.02,36.74,23.63,0.15000000000001065,4.95,32.970000000000006,0,0
2018-04-10,tabasco,"Huimanguillo, Tabasco",17.8333,-93.3833,7,4.13,33.52,23.73,4.19000000000001,9.08,37.099999999999994,0,0
2018-04-11,tabasco,"Huimanguillo, Tabasco",17.8333,-93.3833,7,18.05,31.27,23.36,22.20000000000001,25.65,55.15,1,0
2018-04-12,tabasco,"Huimanguillo, Tabasco",17.8333,-93.3833,7,24.64,32.03,23.33,46.82000000000001,47.36,78.38,2,1
2018-04-13,tabasco,"Huimanguillo, Tabasco",17.8333,-93.3833,7,0.98,33.99,22.59,43.67000000000001,47.95,66.67999999999999,0,0
2018-04-14,tabasco,"Huimanguillo, Tabasco",17.8333,-93.3833,7,0.78,35.3,22.99,26.400000000000013,48.64000000000001,54.07,0,0
2018-04-15,tabasco,"Huimanguillo, Tabasco",17.8333,-93.3833,7,11.88,26.09,19.56,13.640000000000011,60.480000000000004,65.43,1,0
2018-04-16,tabasco,"Huimanguillo, Tabasco",17.8333,-93.3833,7,0.01,28.57,18.68,12.67000000000001,60.470000000000006,65.42,0,0
2018-04-17,tabasco,"Huimanguillo, Tabasco",17.8333,-93.3833,7,0.0,30.91,17.77,11.890000000000011,56.34,65.42,0,0
2018-04-18,tabasco,"Huimanguillo, Tabasco",17.8333,-93.3833,7,0.0,34.1,19.27,0.010000000000010658,38.290000000000006,63.94,0,0
2018-04-19,tabasco,"Huimanguillo, Tabasco",17.8333,-93.3833,7,5.16,33.95,22.94,5.160000000000011,18.810000000000002,66.17,1,0
2018-04-20,tabasco,"Huimanguillo, Tabasco",17.8333,-93.3833,7,12.48,31.86,23.08,17.64000000000001,30.310000000000002,78.26,2,0
2018-04-21,tabasco,"Huimanguillo, Tabasco",17.8333,-93.3833,7,0.03,34.69,22.17,17.670000000000012,29.560000000000002,78.2,0,0
2018-04-22,tabasco,"Huimanguillo, Tabasco",17.8333,-93.3833,7,0.09,34.71,23.42,12.60000000000001,17.770000000000003,78.25,0,0
2018-04-23,tabasco,"Huimanguillo, Tabasco",17.8333,-93.3833,7,3.76,32.79,23.85,3.8800000000000106,21.520000000000003,81.99000000000001,0,0
2018-04-24,tabasco,"Huimanguillo, Tabasco",17.8333,-93.3833,7,0.81,34.98,23.74,4.660000000000011,22.330000000000002,78.67,0,0
2018-04-25,tabasco,"Huimanguillo, Tabasco",17.8333,-93.3833,7,0.46,33.74,23.89,5.030000000000011,22.790000000000003,61.08,0,0
2018-04-26,tabasco,"Huimanguillo, Tabasco",17.8333,-93.3833,7,8.58,32.75,24.21,9.85000000000001,26.21,45.02,1,0
2018-04-27,tabasco,"Huimanguillo, Tabasco",17.8333,-93.3833,7,1.45,32.01,23.09,10.490000000000009,15.180000000000003,45.49,0,0
2018-04-28,tabasco,"Huimanguillo, Tabasco",17.8333,-93.3833,7,0.2,32.9,22.01,10.230000000000011,15.350000000000005,44.910000000000004,0,0
2018-04-29,tabasco,"Huimanguillo, Tabasco",17.8333,-93.3833,7,0.11,33.29,21.99,1.7600000000000107,15.370000000000005,33.14,0,0
2018-04-30,tabasco,"Huimanguillo, Tabasco",17.8333,-93.3833,7,0.32,33.8,23.78,0.6300000000000107,11.930000000000003,33.45,0,0
2018-05-01,tabasco,"Huimanguillo, Tabasco",17.8333,-93.3833,7,0.04,35.58,24.24,0.47000000000001063,11.160000000000004,33.49,0,0
2018-05-02,tabasco,"Huimanguillo, Tabasco",17.8333,-93.3833,7,0.01,36.66,24.85,0.37000000000001065,10.710000000000004,33.5,0,0
2018-05-03,tabasco,"Huimanguillo, Tabasco",17.8333,-93.3833,7,0.0,36.56,24.9,0.05000000000001066,2.1300000000000034,28.34,0,0
2018-05-04,tabasco,"Huimanguillo, Tabasco",17.8333,-93.3833,7,0.01,37.12,24.85,0.02000000000001066,0.6900000000000036,15.870000000000001,0,0
2018-05-05,tabasco,"Huimanguillo, Tabasco",17.8333,-93.3833,7,20.86,35.42,24.6,20.87000000000001,21.35,36.7,1,1
2018-05-06,tabasco,"Huimanguillo, Tabasco",17.8333,-93.3833,7,12.1,31.42,21.62,32.97000000000001,33.34,48.71,2,0
2018-05-07,tabasco,"Huimanguillo, Tabasco",17.8333,-93.3833,7,0.7,30.83,21.23,33.66000000000001,33.72,45.65,0,0
2018-05-08,tabasco,"Huimanguillo, Tabasco",17.8333,-93.3833,7,1.71,31.12,21.32,14.51000000000001,35.39,46.55,0,0
2018-05-09,tabasco,"Huimanguillo, Tabasco",17.8333,-93.3833,7,0.03,30.58,21.7,2.4400000000000106,35.410000000000004,46.120000000000005,0,0
2018-05-10,tabasco,"Huimanguillo, Tabasco",17.8333,-93.3833,7,0.62,30.47,22.28,2.3600000000000105,36.03,38.16,0,0
2018-05-11,tabasco,"Huimanguillo, Tabasco",17.8333,-93.3833,7,0.51,33.65,22.57,1.1600000000000108,36.53,37.220000000000006,0,0
2018-05-12,tabasco,"Huimanguillo, Tabasco",17.8333,-93.3833,7,0.16,36.26,24.57,1.2900000000000107,15.830000000000004,37.18,0,0
2018-05-13,tabasco,"Huimanguillo, Tabasco",17.8333,-93.3833,7,0.85,35.57,24.84,1.5200000000000107,4.580000000000004,37.92,0,0
2018-05-14,tabasco,"Huimanguillo, Tabasco",17.8333,-93.3833,7,1.53,36.12,23.46,2.5400000000000107,5.410000000000004,39.13,0,0
2018-05-15,tabasco,"Huimanguillo, Tabasco",17.8333,-93.3833,7,1.21,35.97,23.96,3.5900000000000105,4.910000000000004,40.300000000000004,0,0
2018-05-16,tabasco,"Huimanguillo, Tabasco",17.8333,-93.3833,7,0.01,34.69,23.68,2.7500000000000107,4.890000000000004,40.300000000000004,0,0
2018-05-17,tabasco,"Huimanguillo, Tabasco",17.8333,-93.3833,7,0.01,34.29,23.22,1.2300000000000106,4.280000000000004,40.31,0,0
2018-05-18,tabasco,"Huimanguillo, Tabasco",17.8333,-93.3833,7,0.11,36.59,23.99,0.13000000000001066,3.8800000000000034,40.41,0,0
2018-05-19,tabasco,"Huimanguillo, Tabasco",17.8333,-93.3833,7,2.28,37.51,25.14,2.4000000000000106,6.0000000000000036,21.830000000000002,0,0
2018-05-20,tabasco,"Huimanguillo, Tabasco",17.8333,-93.3833,7,0.34,37.76,25.58,2.7300000000000106,5.490000000000004,10.070000000000004,0,0
2018-05-21,tabasco,"Huimanguillo, Tabasco",17.8333,-93.3833,7,2.0,37.21,25.54,4.62000000000001,5.9600000000000035,11.370000000000005,0,0
2018-05-22,tabasco,"Huimanguillo, Tabasco",17.8333,-93.3833,7,0.9,36.67,24.32,3.2400000000000104,5.650000000000003,10.560000000000002,0,0
2018-05-23,tabasco,"Huimanguillo, Tabasco",17.8333,-93.3833,7,0.18,35.77,23.22,3.0800000000000107,5.820000000000004,10.710000000000004,0,0
2018-05-24,tabasco,"Huimanguillo, Tabasco",17.8333,-93.3833,7,1.87,34.47,24.8,2.950000000000011,7.680000000000004,11.960000000000003,0,0
2018-05-25,tabasco,"Huimanguillo, Tabasco",17.8333,-93.3833,7,4.45,34.03,24.48,6.500000000000011,12.020000000000003,15.900000000000002,0,0
2018-05-26,tabasco,"Huimanguillo, Tabasco",17.8333,-93.3833,7,1.3,34.2,24.33,7.620000000000012,11.040000000000004,17.040000000000003,0,0
2018-05-27,tabasco,"Huimanguillo, Tabasco",17.8333,-93.3833,7,0.02,36.1,22.65,5.770000000000011,10.720000000000004,16.210000000000004,0,0
2018-05-28,tabasco,"Huimanguillo, Tabasco",17.8333,-93.3833,7,0.0,37.71,23.06,1.3200000000000116,8.720000000000004,14.680000000000003,0,0
2018-05-29,tabasco,"Huimanguillo, Tabasco",17.8333,-93.3833,7,0.84,39.72,24.34,0.8600000000000115,8.660000000000004,14.310000000000002,0,0
2018-05-30,tabasco,"Huimanguillo, Tabasco",17.8333,-93.3833,7,0.45,39.84,25.2,1.2900000000000116,8.930000000000005,14.750000000000004,0,0
2018-05-31,tabasco,"Huimanguillo, Tabasco",17.8333,-93.3833,7,4.24,39.01,27.26,5.530000000000012,11.300000000000004,18.980000000000004,0,0
2018-06-01,tabasco,"Huimanguillo, Tabasco",17.8333,-93.3833,7,3.46,36.4,25.79,8.150000000000013,10.310000000000006,22.330000000000005,0,0
2018-06-02,tabasco,"Huimanguillo, Tabasco",17.8333,-93.3833,7,2.55,36.97,24.28,10.25000000000001,11.560000000000004,22.6,0,0
2018-06-03,tabasco,"Huimanguillo, Tabasco",17.8333,-93.3833,7,3.71,36.93,23.15,9.720000000000011,15.250000000000004,25.970000000000002,0,0
2018-06-04,tabasco,"Huimanguillo, Tabasco",17.8333,-93.3833,7,9.8,35.52,23.9,16.060000000000013,25.050000000000004,33.77,1,0
2018-06-05,tabasco,"Huimanguillo, Tabasco",17.8333,-93.3833,7,1.22,38.5,24.3,14.730000000000013,25.430000000000003,34.09,0,0
2018-06-06,tabasco,"Huimanguillo, Tabasco",17.8333,-93.3833,7,1.55,36.71,25.67,12.570000000000013,26.530000000000005,35.46000000000001,0,0
2018-06-07,tabasco,"Huimanguillo, Tabasco",17.8333,-93.3833,7,1.89,33.91,25.12,4.660000000000013,24.180000000000003,35.48,0,0
2018-06-08,tabasco,"Huimanguillo, Tabasco",17.8333,-93.3833,7,3.08,35.61,25.68,6.520000000000013,23.800000000000004,34.11000000000001,0,0
2018-06-09,tabasco,"Huimanguillo, Tabasco",17.8333,-93.3833,7,1.65,35.1,24.19,6.620000000000013,22.900000000000006,34.46,0,0
2018-06-10,tabasco,"Huimanguillo, Tabasco",17.8333,-93.3833,7,0.52,38.22,23.85,5.250000000000012,19.710000000000004,34.96000000000001,0,0
2018-06-11,tabasco,"Huimanguillo, Tabasco",17.8333,-93.3833,7,0.26,37.27,25.83,2.430000000000012,10.170000000000003,35.220000000000006,0,0
2018-06-12,tabasco,"Huimanguillo, Tabasco",17.8333,-93.3833,7,0.77,35.92,25.92,1.5500000000000125,9.720000000000002,35.15,0,0
2018-06-13,tabasco,"Huimanguillo, Tabasco",17.8333,-93.3833,7,4.22,30.88,25.14,5.250000000000012,12.390000000000004,38.92,0,0
2018-06-14,tabasco,"Huimanguillo, Tabasco",17.8333,-93.3833,7,20.46,32.23,24.46,25.450000000000014,30.960000000000004,55.14,1,1
2018-06-15,tabasco,"Huimanguillo, Tabasco",17.8333,-93.3833,7,15.02,31.83,24.08,39.70000000000002,42.900000000000006,66.7,2,0
2018-06-16,tabasco,"Huimanguillo, Tabasco",17.8333,-93.3833,7,14.31,33.93,24.45,49.79000000000001,55.56,78.46000000000001,3,0
2018-06-17,tabasco,"Huimanguillo, Tabasco",17.8333,-93.3833,7,7.2,32.81,24.79,36.530000000000015,62.24000000000001,81.95,4,0
2018-06-18,tabasco,"Huimanguillo, Tabasco",17.8333,-93.3833,7,1.85,36.47,24.27,23.360000000000014,63.830000000000005,74.0,0,0
2018-06-19,tabasco,"Huimanguillo, Tabasco",17.8333,-93.3833,7,3.72,37.35,25.09,12.770000000000014,66.78,76.5,0,0
2018-06-20,tabasco,"Huimanguillo, Tabasco",17.8333,-93.3833,7,0.06,35.55,26.21,5.630000000000014,62.62000000000001,75.01,0,0
2018-06-21,tabasco,"Huimanguillo, Tabasco",17.8333,-93.3833,7,1.06,36.22,25.62,4.840000000000014,43.220000000000006,74.18,0,0
2018-06-22,tabasco,"Huimanguillo, Tabasco",17.8333,-93.3833,7,13.76,33.91,25.05,14.880000000000013,41.96000000000001,84.86000000000001,1,0
2018-06-23,tabasco,"Huimanguillo, Tabasco",17.8333,-93.3833,7,3.27,34.87,24.77,18.090000000000014,30.92,86.48,0,0
2018-06-24,tabasco,"Huimanguillo, Tabasco",17.8333,-93.3833,7,0.39,34.97,24.6,17.420000000000012,24.110000000000003,86.35000000000001,0,0
2018-06-25,tabasco,"Huimanguillo, Tabasco",17.8333,-93.3833,7,0.2,36.62,24.91,3.8600000000000123,22.460000000000004,86.29,0,0
2018-06-26,tabasco,"Huimanguillo, Tabasco",17.8333,-93.3833,7,11.47,34.4,24.94,12.060000000000013,30.21,96.99000000000001,1,0
2018-06-27,tabasco,"Huimanguillo, Tabasco",17.8333,-93.3833,7,14.78,34.52,24.3,26.45000000000001,44.93000000000001,107.55000000000001,2,0
2018-06-28,tabasco,"Huimanguillo, Tabasco",17.8333,-93.3833,7,1.09,34.84,23.42,27.340000000000014,44.96,88.17999999999999,0,0
2018-06-29,tabasco,"Huimanguillo, Tabasco",17.8333,-93.3833,7,0.14,36.57,24.34,16.010000000000012,31.340000000000003,73.3,0,0
2018-06-30,tabasco,"Huimanguillo, Tabasco",17.8333,-93.3833,7,0.1,36.75,23.95,1.3300000000000125,28.170000000000005,59.09,0,0
2018-07-01,tabasco,"Huimanguillo, Tabasco",17.8333,-93.3833,7,0.15,37.64,24.93,0.39000000000001245,27.930000000000003,52.04,0,0
2018-07-02,tabasco,"Huimanguillo, Tabasco",17.8333,-93.3833,7,4.15,35.22,24.73,4.400000000000013,31.880000000000003,54.34,0,0
2018-07-03,tabasco,"Huimanguillo, Tabasco",17.8333,-93.3833,7,0.89,37.08,24.65,5.190000000000013,21.300000000000004,51.510000000000005,0,0
2018-07-04,tabasco,"Huimanguillo, Tabasco",17.8333,-93.3833,7,0.28,35.63,24.97,5.320000000000013,6.800000000000004,51.730000000000004,0,0
2018-07-05,tabasco,"Huimanguillo, Tabasco",17.8333,-93.3833,7,1.86,35.24,24.91,3.0300000000000127,7.570000000000005,52.53000000000001,0,0
2018-07-06,tabasco,"Huimanguillo, Tabasco",17.8333,-93.3833,7,14.98,31.87,23.92,17.12000000000001,22.410000000000004,53.75000000000001,1,0
2018-07-07,tabasco,"Huimanguillo, Tabasco",17.8333,-93.3833,7,0.96,34.1,24.2,17.80000000000001,23.270000000000003,51.440000000000005,0,0
2018-07-08,tabasco,"Huimanguillo, Tabasco",17.8333,-93.3833,7,1.42,34.59,23.79,17.360000000000014,24.540000000000003,52.470000000000006,0,0
2018-07-09,tabasco,"Huimanguillo, Tabasco",17.8333,-93.3833,7,12.2,32.47,24.2,14.580000000000013,32.59,64.47,1,0
2018-07-10,tabasco,"Huimanguillo, Tabasco",17.8333,-93.3833,7,7.9,32.15,23.67,21.52000000000001,39.6,60.9,2,0
2018-07-11,tabasco,"Huimanguillo, Tabasco",17.8333,-93.3833,7,5.56,32.67,24.28,25.660000000000014,44.88,51.68000000000001,3,0
2018-07-12,tabasco,"Huimanguillo, Tabasco",17.8333,-93.3833,7,5.18,32.57,24.12,18.640000000000015,48.2,55.77,4,0
2018-07-13,tabasco,"Huimanguillo, Tabasco",17.8333,-93.3833,7,4.26,33.43,24.39,15.000000000000014,37.48,59.89,0,0
2018-07-14,tabasco,"Huimanguillo, Tabasco",17.8333,-93.3833,7,1.61,34.71,23.43,11.050000000000015,38.13,61.4,0,0
2018-07-15,tabasco,"Huimanguillo, Tabasco",17.8333,-93.3833,7,1.59,34.19,23.48,7.460000000000014,38.300000000000004,62.84,0,0
2018-07-16,tabasco,"Huimanguillo, Tabasco",17.8333,-93.3833,7,3.5,35.12,24.09,6.700000000000014,29.6,62.190000000000005,0,0
2018-07-17,tabasco,"Huimanguillo, Tabasco",17.8333,-93.3833,7,1.24,35.36,23.44,6.330000000000014,22.940000000000005,62.54,0,0
2018-07-18,tabasco,"Huimanguillo, Tabasco",17.8333,-93.3833,7,0.25,35.85,24.06,4.990000000000014,17.630000000000003,62.51,0,0
2018-07-19,tabasco,"Huimanguillo, Tabasco",17.8333,-93.3833,7,0.25,36.79,24.31,1.7400000000000142,12.700000000000003,60.9,0,0
2018-07-20,tabasco,"Huimanguillo, Tabasco",17.8333,-93.3833,7,1.51,37.15,24.59,2.010000000000014,9.950000000000005,47.43000000000001,0,0
2018-07-21,tabasco,"Huimanguillo, Tabasco",17.8333,-93.3833,7,0.56,36.1,23.76,2.3200000000000145,8.900000000000004,47.03,0,0
2018-07-22,tabasco,"Huimanguillo, Tabasco",17.8333,-93.3833,7,0.08,36.69,25.1,2.150000000000014,7.390000000000003,45.690000000000005,0,0
2018-07-23,tabasco,"Huimanguillo, Tabasco",17.8333,-93.3833,7,0.06,39.12,24.49,0.7000000000000143,3.9500000000000037,33.550000000000004,0,0
2018-07-24,tabasco,"Huimanguillo, Tabasco",17.8333,-93.3833,7,0.0,40.15,23.72,0.14000000000001422,2.7100000000000035,25.650000000000002,0,0
2018-07-25,tabasco,"Huimanguillo, Tabasco",17.8333,-93.3833,7,0.0,38.97,25.2,0.06000000000001421,2.4600000000000035,20.090000000000003,0,0
2018-07-26,tabasco,"Huimanguillo, Tabasco",17.8333,-93.3833,7,0.01,36.26,25.93,0.010000000000014211,2.2200000000000033,14.920000000000003,0,0
2018-07-27,tabasco,"Huimanguillo, Tabasco",17.8333,-93.3833,7,0.01,38.5,25.83,0.02000000000001421,0.7200000000000036,10.670000000000003,0,0
2018-07-28,tabasco,"Huimanguillo, Tabasco",17.8333,-93.3833,7,2.36,39.04,25.24,2.380000000000014,2.5200000000000036,11.420000000000003,0,0
2018-07-29,tabasco,"Huimanguillo, Tabasco",17.8333,-93.3833,7,7.66,36.25,25.65,10.030000000000015,10.100000000000003,17.490000000000002,1,0
2018-07-30,tabasco,"Huimanguillo, Tabasco",17.8333,-93.3833,7,7.44,33.28,25.35,17.460000000000015,17.480000000000004,21.430000000000003,2,0
2018-07-31,tabasco,"Huimanguillo, Tabasco",17.8333,-93.3833,7,13.2,34.25,24.85,28.300000000000015,30.680000000000003,33.39,3,0
2018-08-01,tabasco,"Huimanguillo, Tabasco",17.8333,-93.3833,7,17.16,31.85,25.35,37.80000000000001,47.84,50.300000000000004,4,0
2018-08-02,tabasco,"Huimanguillo, Tabasco",17.8333,-93.3833,7,8.84,29.6,24.89,39.20000000000002,56.67,58.89,5,0
2018-08-03,tabasco,"Huimanguillo, Tabasco",17.8333,-93.3833,7,1.45,33.36,24.41,27.450000000000014,58.11000000000001,58.83,0,0
2018-08-04,tabasco,"Huimanguillo, Tabasco",17.8333,-93.3833,7,0.9,34.38,24.99,11.190000000000014,56.65,59.17,0,0
2018-08-05,tabasco,"Huimanguillo, Tabasco",17.8333,-93.3833,7,11.25,32.65,24.27,13.600000000000014,60.24,70.34,1,0
2018-08-06,tabasco,"Huimanguillo, Tabasco",17.8333,-93.3833,7,4.84,33.03,24.01,16.990000000000016,57.64000000000001,75.12,0,0
2018-08-07,tabasco,"Huimanguillo, Tabasco",17.8333,-93.3833,7,6.27,33.4,24.42,22.360000000000014,50.71,81.39,1,0
2018-08-08,tabasco,"Huimanguillo, Tabasco",17.8333,-93.3833,7,2.33,32.97,23.96,13.440000000000014,35.879999999999995,83.72,0,0
2018-08-09,tabasco,"Huimanguillo, Tabasco",17.8333,-93.3833,7,3.02,32.42,23.46,11.620000000000013,30.060000000000002,86.73,0,0
2018-08-10,tabasco,"Huimanguillo, Tabasco",17.8333,-93.3833,7,1.53,33.68,24.57,6.880000000000014,30.140000000000004,88.25,0,0
2018-08-11,tabasco,"Huimanguillo, Tabasco",17.8333,-93.3833,7,0.09,36.4,24.36,4.640000000000014,29.330000000000002,85.98,0,0
2018-08-12,tabasco,"Huimanguillo, Tabasco",17.8333,-93.3833,7,0.15,33.91,24.2,1.7700000000000142,18.230000000000004,78.47,0,0
2018-08-13,tabasco,"Huimanguillo, Tabasco",17.8333,-93.3833,7,3.81,32.88,23.92,4.050000000000014,17.200000000000003,74.84,0,0
2018-08-14,tabasco,"Huimanguillo, Tabasco",17.8333,-93.3833,7,4.59,31.84,24.44,8.550000000000015,15.520000000000003,66.23,0,0
2018-08-15,tabasco,"Huimanguillo, Tabasco",17.8333,-93.3833,7,0.28,35.87,24.22,8.680000000000014,13.470000000000002,49.35000000000001,0,0
2018-08-16,tabasco,"Huimanguillo, Tabasco",17.8333,-93.3833,7,0.39,35.64,24.45,5.260000000000014,10.840000000000003,40.900000000000006,0,0
2018-08-17,tabasco,"Huimanguillo, Tabasco",17.8333,-93.3833,7,8.44,34.85,24.5,9.110000000000014,17.75,47.89,1,0
2018-08-18,tabasco,"Huimanguillo, Tabasco",17.8333,-93.3833,7,26.91,31.44,24.04,35.740000000000016,44.57000000000001,73.9,2,1
2018-08-19,tabasco,"Huimanguillo, Tabasco",17.8333,-93.3833,7,9.86,32.47,24.08,45.21000000000001,54.28,72.50999999999999,3,0
2018-08-20,tabasco,"Huimanguillo, Tabasco",17.8333,-93.3833,7,1.82,32.49,23.81,38.59000000000001,52.29,69.49,0,0
2018-08-21,tabasco,"Huimanguillo, Tabasco",17.8333,-93.3833,7,32.98,32.37,24.68,44.660000000000004,80.68,96.19999999999999,1,1
2018-08-22,tabasco,"Huimanguillo, Tabasco",17.8333,-93.3833,7,9.38,29.99,24.59,44.18000000000001,89.78,103.25,2,0
2018-08-23,tabasco,"Huimanguillo, Tabasco",17.8333,-93.3833,7,6.91,29.39,23.79,49.27,96.3,107.14,3,0
2018-08-24,tabasco,"Huimanguillo, Tabasco",17.8333,-93.3833,7,3.85,30.91,23.74,20.140000000000008,91.71000000000001,109.46000000000001,0,0
2018-08-25,tabasco,"Huimanguillo, Tabasco",17.8333,-93.3833,7,1.18,31.88,24.05,11.940000000000007,65.98,110.55,0,0
2018-08-26,tabasco,"Huimanguillo, Tabasco",17.8333,-93.3833,7,5.57,29.11,23.29,10.600000000000009,61.69,115.97,1,0
2018-08-27,tabasco,"Huimanguillo, Tabasco",17.8333,-93.3833,7,7.89,32.37,22.99,14.640000000000008,67.75999999999999,120.05000000000001,2,0
2018-08-28,tabasco,"Huimanguillo, Tabasco",17.8333,-93.3833,7,7.46,32.75,24.17,20.92000000000001,42.24,122.92,3,0
2018-08-29,tabasco,"Huimanguillo, Tabasco",17.8333,-93.3833,7,2.04,32.07,24.4,17.390000000000008,34.9,124.68,0,0
2018-08-30,tabasco,"Huimanguillo, Tabasco",17.8333,-93.3833,7,3.27,32.31,24.84,12.770000000000007,31.26,127.56,0,0
2018-08-31,tabasco,"Huimanguillo, Tabasco",17.8333,-93.3833,7,3.07,32.73,23.96,8.380000000000006,30.48,122.19,0,0
2018-09-01,tabasco,"Huimanguillo, Tabasco",17.8333,-93.3833,7,1.87,34.11,24.56,8.210000000000008,31.17,97.15,0,0
2018-09-02,tabasco,"Huimanguillo, Tabasco",17.8333,-93.3833,7,0.96,32.18,24.85,5.9000000000000075,26.560000000000002,88.24999999999999,0,0
2018-09-03,tabasco,"Huimanguillo, Tabasco",17.8333,-93.3833,7,8.35,32.07,24.58,11.180000000000007,27.02,94.78,1,0
2018-09-04,tabasco,"Huimanguillo, Tabasco",17.8333,-93.3833,7,17.2,30.92,24.69,26.510000000000005,36.76,79.0,2,0
2018-09-05,tabasco,"Huimanguillo, Tabasco",17.8333,-93.3833,7,9.18,31.1,24.26,34.730000000000004,43.9,78.80000000000001,3,0
2018-09-06,tabasco,"Huimanguillo, Tabasco",17.8333,-93.3833,7,17.17,31.61,24.75,43.55000000000001,57.8,89.06,4,0
2018-09-07,tabasco,"Huimanguillo, Tabasco",17.8333,-93.3833,7,11.3,30.4,24.2,37.650000000000006,66.03,96.51,5,0
2018-09-08,tabasco,"Huimanguillo, Tabasco",17.8333,-93.3833,7,4.07,30.42,24.07,32.540000000000006,68.23,99.39999999999999,0,0
2018-09-09,tabasco,"Huimanguillo, Tabasco",17.8333,-93.3833,7,1.67,31.65,23.73,17.040000000000006,68.94000000000001,95.5,0,0
2018-09-10,tabasco,"Huimanguillo, Tabasco",17.8333,-93.3833,7,2.27,32.61,24.03,8.010000000000007,62.86,89.88,0,0
2018-09-11,tabasco,"Huimanguillo, Tabasco",17.8333,-93.3833,7,2.94,32.06,24.43,6.880000000000007,48.6,85.36000000000001,0,0
2018-09-12,tabasco,"Huimanguillo, Tabasco",17.8333,-93.3833,7,7.14,30.14,24.64,12.350000000000007,46.56,90.46000000000001,1,0
2018-09-13,tabasco,"Huimanguillo, Tabasco",17.8333,-93.3833,7,16.13,28.86,23.56,26.210000000000008,45.519999999999996,103.32000000000001,2,0
2018-09-14,tabasco,"Huimanguillo, Tabasco",17.8333,-93.3833,7,5.94,31.51,24.72,29.210000000000004,40.160000000000004,106.19,3,0
2018-09-15,tabasco,"Huimanguillo, Tabasco",17.8333,-93.3833,7,0.8,31.62,24.81,22.870000000000008,36.89,105.12,0,0
2018-09-16,tabasco,"Huimanguillo, Tabasco",17.8333,-93.3833,7,0.36,31.5,23.71,7.100000000000004,35.58,104.52,0,0
2018-09-17,tabasco,"Huimanguillo, Tabasco",17.8333,-93.3833,7,3.85,31.77,24.62,5.010000000000003,37.16,100.02000000000001,0,0
2018-09-18,tabasco,"Huimanguillo, Tabasco",17.8333,-93.3833,7,9.82,29.67,24.57,14.030000000000005,44.04,92.64,1,0
2018-09-19,tabasco,"Huimanguillo, Tabasco",17.8333,-93.3833,7,13.65,29.11,24.15,27.320000000000007,50.55,97.11000000000001,2,0
2018-09-20,tabasco,"Huimanguillo, Tabasco",17.8333,-93.3833,7,15.9,30.5,24.14,39.370000000000005,50.32000000000001,95.83999999999999,3,0
2018-09-21,tabasco,"Huimanguillo, Tabasco",17.8333,-93.3833,7,0.25,30.13,24.4,29.800000000000004,44.63,84.78999999999999,0,0
2018-09-22,tabasco,"Huimanguillo, Tabasco",17.8333,-93.3833,7,3.34,29.75,24.26,19.490000000000006,47.17,84.06,0,0
2018-09-23,tabasco,"Huimanguillo, Tabasco",17.8333,-93.3833,7,20.23,30.63,23.68,23.820000000000004,67.04,102.62,1,1
2018-09-24,tabasco,"Huimanguillo, Tabasco",17.8333,-93.3833,7,15.84,31.01,22.74,39.410000000000004,79.03,116.19000000000001,2,0
2018-09-25,tabasco,"Huimanguillo, Tabasco",17.8333,-93.3833,7,1.48,30.7,22.91,37.550000000000004,70.69,114.72999999999999,0,0
2018-09-26,tabasco,"Huimanguillo, Tabasco",17.8333,-93.3833,7,2.51,28.93,23.79,19.830000000000002,59.550000000000004,110.10000000000001,0,0
2018-09-27,tabasco,"Huimanguillo, Tabasco",17.8333,-93.3833,7,1.3,29.95,23.49,5.290000000000004,44.95,95.27,0,0
2018-09-28,tabasco,"Huimanguillo, Tabasco",17.8333,-93.3833,7,9.54,29.55,23.74,13.350000000000003,54.239999999999995,98.87,1,0
2018-09-29,tabasco,"Huimanguillo, Tabasco",17.8333,-93.3833,7,3.62,30.02,24.12,14.460000000000004,54.52,101.69,0,0
2018-09-30,tabasco,"Huimanguillo, Tabasco",17.8333,-93.3833,7,1.76,29.6,23.65,14.920000000000003,36.05,103.09,0,0
2018-10-01,tabasco,"Huimanguillo, Tabasco",17.8333,-93.3833,7,3.01,29.45,23.68,8.390000000000004,23.22,102.25,0,0
2018-10-02,tabasco,"Huimanguillo, Tabasco",17.8333,-93.3833,7,8.07,29.25,23.41,12.840000000000003,29.81,100.5,1,0
2018-10-03,tabasco,"Huimanguillo, Tabasco",17.8333,-93.3833,7,7.39,29.84,22.56,18.470000000000002,34.69,94.24,2,0
2018-10-04,tabasco,"Huimanguillo, Tabasco",17.8333,-93.3833,7,13.25,29.54,23.83,28.71,46.64,91.59,3,0
2018-10-05,tabasco,"Huimanguillo, Tabasco",17.8333,-93.3833,7,9.21,30.06,23.93,29.85,46.31,100.55000000000001,4,0
2018-10-06,tabasco,"Huimanguillo, Tabasco",17.8333,-93.3833,7,2.78,30.93,23.45,25.240000000000002,45.47,99.99000000000001,0,0
2018-10-07,tabasco,"Huimanguillo, Tabasco",17.8333,-93.3833,7,3.15,30.88,23.66,15.140000000000002,46.86,82.91,0,0
2018-10-08,tabasco,"Huimanguillo, Tabasco",17.8333,-93.3833,7,0.82,31.7,23.07,6.750000000000002,44.67,67.89,0,0
2018-10-09,tabasco,"Huimanguillo, Tabasco",17.8333,-93.3833,7,0.12,33.28,24.0,4.090000000000002,36.72,66.53,0,0
2018-10-10,tabasco,"Huimanguillo, Tabasco",17.8333,-93.3833,7,11.04,31.63,22.52,11.98,40.37,75.06,1,0
2018-10-11,tabasco,"Huimanguillo, Tabasco",17.8333,-93.3833,7,20.6,31.71,23.1,31.76,47.72,94.36000000000001,2,1
2018-10-12,tabasco,"Huimanguillo, Tabasco",17.8333,-93.3833,7,26.02,30.0,23.67,57.66,64.53,110.84,3,1
2018-10-13,tabasco,"Huimanguillo, Tabasco",17.8333,-93.3833,7,2.13,31.34,23.66,48.75,63.879999999999995,109.35000000000001,0,0
2018-10-14,tabasco,"Huimanguillo, Tabasco",17.8333,-93.3833,7,0.87,32.45,24.82,29.02,61.599999999999994,108.46000000000001,0,0
2018-10-15,tabasco,"Huimanguillo, Tabasco",17.8333,-93.3833,7,0.55,31.84,24.21,3.55,61.33,106.0,0,0
2018-10-16,tabasco,"Huimanguillo, Tabasco",17.8333,-93.3833,7,6.49,29.3,24.62,7.91,67.7,104.42,1,0
2018-10-17,tabasco,"Huimanguillo, Tabasco",17.8333,-93.3833,7,6.11,28.81,25.14,13.15,62.77,103.14,2,0
2018-10-18,tabasco,"Huimanguillo, Tabasco",17.8333,-93.3833,7,17.82,30.12,24.83,30.42,59.99,107.71000000000001,3,0
2018-10-19,tabasco,"Huimanguillo, Tabasco",17.8333,-93.3833,7,7.82,30.15,23.53,31.750000000000004,41.79,106.32,4,0
2018-10-20,tabasco,"Huimanguillo, Tabasco",17.8333,-93.3833,7,10.05,28.39,24.15,35.69,49.71000000000001,113.59,5,0
2018-10-21,tabasco,"Huimanguillo, Tabasco",17.8333,-93.3833,7,4.71,29.65,23.68,22.580000000000002,53.550000000000004,115.15,0,0
2018-10-22,tabasco,"Huimanguillo, Tabasco",17.8333,-93.3833,7,0.58,30.31,22.76,15.34,53.580000000000005,114.91,0,0
2018-10-23,tabasco,"Huimanguillo, Tabasco",17.8333,-93.3833,7,1.49,30.1,22.93,6.779999999999999,48.58,116.28000000000002,0,0
2018-10-24,tabasco,"Huimanguillo, Tabasco",17.8333,-93.3833,7,1.02,30.11,21.5,3.09,43.49,106.26,0,0
2018-10-25,tabasco,"Huimanguillo, Tabasco",17.8333,-93.3833,7,0.0,31.3,20.48,2.51,25.67,85.66,0,0
2018-10-26,tabasco,"Huimanguillo, Tabasco",17.8333,-93.3833,7,1.68,30.73,21.86,2.7,19.53,61.32,0,0
2018-10-27,tabasco,"Huimanguillo, Tabasco",17.8333,-93.3833,7,18.87,29.17,23.63,20.55,28.35,78.06,1,0
2018-10-28,tabasco,"Huimanguillo, Tabasco",17.8333,-93.3833,7,15.36,28.31,23.27,35.91,39.0,92.55,2,0
2018-10-29,tabasco,"Huimanguillo, Tabasco",17.8333,-93.3833,7,3.15,29.1,23.03,37.38,41.57,95.15,0,0
2018-10-30,tabasco,"Huimanguillo, Tabasco",17.8333,-93.3833,7,0.35,29.98,22.46,18.86,40.43,89.01,0,0
2018-10-31,tabasco,"Huimanguillo, Tabasco",17.8333,-93.3833,7,0.01,30.49,23.03,3.51,39.42,82.91000000000001,0,0
2018-11-01,tabasco,"Huimanguillo, Tabasco",17.8333,-93.3833,7,1.29,32.73,23.13,1.65,40.71,66.38,0,0
2018-11-02,tabasco,"Huimanguillo, Tabasco",17.8333,-93.3833,7,30.97,28.56,22.08,32.269999999999996,70.0,89.53,1,1
2018-11-03,tabasco,"Huimanguillo, Tabasco",17.8333,-93.3833,7,52.08,27.44,23.51,84.34,103.21,131.56,2,1
2018-11-04,tabasco,"Huimanguillo, Tabasco",17.8333,-93.3833,7,3.73,29.15,23.38,86.77999999999999,91.58,130.57999999999998,0,0
2018-11-05,tabasco,"Huimanguillo, Tabasco",17.8333,-93.3833,7,1.79,29.45,23.68,57.599999999999994,90.21999999999998,131.79000000000002,0,0
2018-11-06,tabasco,"Huimanguillo, Tabasco",17.8333,-93.3833,7,0.03,30.35,23.7,5.549999999999993,89.89999999999999,130.33,0,0
2018-11-07,tabasco,"Huimanguillo, Tabasco",17.8333,-93.3833,7,0.0,30.07,22.4,1.819999999999993,89.88999999999999,129.31,0,0
2018-11-08,tabasco,"Huimanguillo, Tabasco",17.8333,-93.3833,7,0.02,29.91,22.32,0.0499999999999929,88.61999999999999,129.32999999999998,0,0
2018-11-09,tabasco,"Huimanguillo, Tabasco",17.8333,-93.3833,7,0.0,30.05,21.73,0.019999999999992895,57.65,127.64999999999999,0,0
2018-11-10,tabasco,"Huimanguillo, Tabasco",17.8333,-93.3833,7,3.68,29.52,22.91,3.699999999999993,9.25,112.46,0,0
2018-11-11,tabasco,"Huimanguillo, Tabasco",17.8333,-93.3833,7,3.62,28.67,22.77,7.299999999999994,9.14,100.72,0,0
2018-11-12,tabasco,"Huimanguillo, Tabasco",17.8333,-93.3833,7,0.1,30.55,21.54,7.399999999999993,7.45,97.67,0,0
2018-11-13,tabasco,"Huimanguillo, Tabasco",17.8333,-93.3833,7,2.07,28.29,21.28,5.789999999999993,9.49,99.39,0,0
2018-11-14,tabasco,"Huimanguillo, Tabasco",17.8333,-93.3833,7,25.77,20.98,19.09,27.93999999999999,35.26,125.15,1,1
2018-11-15,tabasco,"Huimanguillo, Tabasco",17.8333,-93.3833,7,12.83,23.01,18.92,40.669999999999995,48.07,136.69,2,0
2018-11-16,tabasco,"Huimanguillo, Tabasco",17.8333,-93.3833,7,1.17,24.91,18.88,39.769999999999996,49.239999999999995,106.89,0,0
2018-11-17,tabasco,"Huimanguillo, Tabasco",17.8333,-93.3833,7,0.02,26.38,18.11,14.019999999999996,45.58,54.83,0,0
2018-11-18,tabasco,"Huimanguillo, Tabasco",17.8333,-93.3833,7,0.0,27.69,19.53,1.1899999999999964,41.96,51.1,0,0
2018-11-19,tabasco,"Huimanguillo, Tabasco",17.8333,-93.3833,7,0.01,28.58,20.44,0.029999999999996446,41.87,49.31999999999999,0,0
2018-11-20,tabasco,"Huimanguillo, Tabasco",17.8333,-93.3833,7,12.32,29.13,22.19,12.329999999999997,52.12,61.61,1,0
2018-11-21,tabasco,"Huimanguillo, Tabasco",17.8333,-93.3833,7,13.0,28.66,22.34,25.33,39.35,74.61,2,0
2018-11-22,tabasco,"Huimanguillo, Tabasco",17.8333,-93.3833,7,2.61,29.07,22.03,27.929999999999996,29.130000000000006,77.2,0,0
2018-11-23,tabasco,"Huimanguillo, Tabasco",17.8333,-93.3833,7,0.09,29.34,21.46,15.699999999999996,28.050000000000004,77.29,0,0
2018-11-24,tabasco,"Huimanguillo, Tabasco",17.8333,-93.3833,7,0.0,30.63,21.39,2.699999999999996,28.030000000000005,73.61,0,0
2018-11-25,tabasco,"Huimanguillo, Tabasco",17.8333,-93.3833,7,0.0,32.51,22.01,0.08999999999999644,28.030000000000005,69.99,0,0
2018-11-26,tabasco,"Huimanguillo, Tabasco",17.8333,-93.3833,7,19.03,28.94,22.24,19.029999999999998,47.050000000000004,88.92,1,0
2018-11-27,tabasco,"Huimanguillo, Tabasco",17.8333,-93.3833,7,60.16,24.46,20.94,79.19,94.89,147.01,2,1
2018-11-28,tabasco,"Huimanguillo, Tabasco",17.8333,-93.3833,7,1.61,24.81,19.8,80.8,83.5,122.85,0,0
2018-11-29,tabasco,"Huimanguillo, Tabasco",17.8333,-93.3833,7,0.01,29.65,18.86,61.779999999999994,80.9,110.03,0,0
2018-11-30,tabasco,"Huimanguillo, Tabasco",17.8333,-93.3833,7,0.0,31.56,22.14,1.62,80.81,108.86,0,0
2018-12-01,tabasco,"Huimanguillo, Tabasco",17.8333,-93.3833,7,0.0,31.36,22.78,0.01,80.81,108.84,0,0
2018-12-02,tabasco,"Huimanguillo, Tabasco",17.8333,-93.3833,7,0.0,32.93,21.07,0.0,80.81,108.84,0,0
2018-12-03,tabasco,"Huimanguillo, Tabasco",17.8333,-93.3833,7,0.18,31.43,23.24,0.18,61.959999999999994,109.00999999999999,0,0
2018-12-04,tabasco,"Huimanguillo, Tabasco",17.8333,-93.3833,7,1.81,29.04,23.19,1.99,3.6100000000000003,98.5,0,0
2018-12-05,tabasco,"Huimanguillo, Tabasco",17.8333,-93.3833,7,5.47,28.19,22.08,7.46,7.47,90.97,1,0
2018-12-06,tabasco,"Huimanguillo, Tabasco",17.8333,-93.3833,7,2.84,27.82,21.55,10.120000000000001,10.3,91.2,0,0
2018-12-07,tabasco,"Huimanguillo, Tabasco",17.8333,-93.3833,7,0.28,28.22,20.27,8.59,10.58,91.39,0,0
2018-12-08,tabasco,"Huimanguillo, Tabasco",17.8333,-93.3833,7,0.0,29.52,19.53,3.12,10.58,91.39,0,0
2018-12-09,tabasco,"Huimanguillo, Tabasco",17.8333,-93.3833,7,32.7,27.88,21.23,32.980000000000004,43.28,124.09,1,1
2018-12-10,tabasco,"Huimanguillo, Tabasco",17.8333,-93.3833,7,45.76,22.98,19.8,78.46000000000001,88.86,150.82,2,1
2018-12-11,tabasco,"Huimanguillo, Tabasco",17.8333,-93.3833,7,13.47,22.46,16.99,91.93,100.52,104.13000000000001,3,0
2018-12-12,tabasco,"Huimanguillo, Tabasco",17.8333,-93.3833,7,0.05,24.6,15.35,59.28,95.1,102.57000000000001,0,0
2018-12-13,tabasco,"Huimanguillo, Tabasco",17.8333,-93.3833,7,0.0,32.47,17.5,13.520000000000001,92.25999999999999,102.56,0,0
2018-12-14,tabasco,"Huimanguillo, Tabasco",17.8333,-93.3833,7,10.71,26.34,18.86,10.760000000000002,102.69,113.27,1,0
2018-12-15,tabasco,"Huimanguillo, Tabasco",17.8333,-93.3833,7,0.53,23.49,16.93,11.24,103.22,113.8,0,0
2018-12-16,tabasco,"Huimanguillo, Tabasco",17.8333,-93.3833,7,0.11,23.42,16.24,11.350000000000001,70.63000000000001,113.91,0,0
2018-12-17,tabasco,"Huimanguillo, Tabasco",17.8333,-93.3833,7,0.18,23.28,17.29,0.8200000000000001,25.05,113.91000000000001,0,0
2018-12-18,tabasco,"Huimanguillo, Tabasco",17.8333,-93.3833,7,0.0,25.31,15.44,0.29,11.580000000000002,112.10000000000001,0,0
2018-12-19,tabasco,"Huimanguillo, Tabasco",17.8333,-93.3833,7,0.0,29.99,18.16,0.18,11.530000000000001,106.63000000000001,0,0
2018-12-20,tabasco,"Huimanguillo, Tabasco",17.8333,-93.3833,7,2.91,26.85,18.13,2.91,14.440000000000001,106.7,0,0
2018-12-21,tabasco,"Huimanguillo, Tabasco",17.8333,-93.3833,7,0.01,23.89,15.26,2.92,3.7399999999999998,106.43,0,0
2018-12-22,tabasco,"Huimanguillo, Tabasco",17.8333,-93.3833,7,0.0,22.61,12.61,2.92,3.21,106.43,0,0
2018-12-23,tabasco,"Huimanguillo, Tabasco",17.8333,-93.3833,7,0.76,25.13,13.84,0.77,3.86,74.49,0,0
2018-12-24,tabasco,"Huimanguillo, Tabasco",17.8333,-93.3833,7,0.42,24.92,18.93,1.18,4.1000000000000005,29.150000000000002,0,0
2018-12-25,tabasco,"Huimanguillo, Tabasco",17.8333,-93.3833,7,0.2,25.99,19.05,1.38,4.3,15.88,0,0
2018-12-26,tabasco,"Huimanguillo, Tabasco",17.8333,-93.3833,7,0.09,28.18,19.37,0.71,4.390000000000001,15.920000000000002,0,0
2018-12-27,tabasco,"Huimanguillo, Tabasco",17.8333,-93.3833,7,0.0,30.13,19.27,0.29000000000000004,1.48,15.920000000000002,0,0
2018-12-28,tabasco,"Huimanguillo, Tabasco",17.8333,-93.3833,7,0.0,29.51,20.1,0.09,1.47,5.21,0,0
2018-12-29,tabasco,"Huimanguillo, Tabasco",17.8333,-93.3833,7,0.0,28.83,20.38,0.0,1.47,4.68,0,0
2018-12-30,tabasco,"Huimanguillo, Tabasco",17.8333,-93.3833,7,0.0,28.7,20.41,0.0,0.71,4.57,0,0
2018-12-31,tabasco,"Huimanguillo, Tabasco",17.8333,-93.3833,7,0.0,29.02,19.63,0.0,0.29000000000000004,4.39,0,0
2019-01-01,tabasco,"Huimanguillo, Tabasco",17.8333,-93.3833,7,0.09,28.8,19.06,0.09,0.18,4.4799999999999995,0,0
2019-01-02,tabasco,"Huimanguillo, Tabasco",17.8333,-93.3833,7,0.04,28.37,19.45,0.13,0.13,4.52,0,0
2019-01-03,tabasco,"Huimanguillo, Tabasco",17.8333,-93.3833,7,0.0,28.92,19.66,0.13,0.13,1.61,0,0
2019-01-04,tabasco,"Huimanguillo, Tabasco",17.8333,-93.3833,7,1.49,26.76,21.82,1.53,1.62,3.09,0,0
2019-01-05,tabasco,"Huimanguillo, Tabasco",17.8333,-93.3833,7,4.0,26.97,21.28,5.49,5.62,7.09,0,0
2019-01-06,tabasco,"Huimanguillo, Tabasco",17.8333,-93.3833,7,0.43,26.61,20.09,5.92,6.05,6.76,0,0
2019-01-07,tabasco,"Huimanguillo, Tabasco",17.8333,-93.3833,7,0.07,27.32,18.91,4.5,6.12,6.41,0,0
2019-01-08,tabasco,"Huimanguillo, Tabasco",17.8333,-93.3833,7,1.11,27.1,19.46,1.61,7.140000000000001,7.32,0,0
2019-01-09,tabasco,"Huimanguillo, Tabasco",17.8333,-93.3833,7,72.57,25.28,20.51,73.75,79.66999999999999,79.8,1,1
2019-01-10,tabasco,"Huimanguillo, Tabasco",17.8333,-93.3833,7,17.05,24.77,18.01,90.73,96.71999999999998,96.85,2,0
2019-01-11,tabasco,"Huimanguillo, Tabasco",17.8333,-93.3833,7,0.45,25.03,16.73,90.07,95.67999999999999,97.3,0,0
2019-01-12,tabasco,"Huimanguillo, Tabasco",17.8333,-93.3833,7,0.03,27.14,16.78,17.53,91.71,97.33,0,0
2019-01-13,tabasco,"Huimanguillo, Tabasco",17.8333,-93.3833,7,1.97,26.31,18.39,2.45,93.24999999999999,99.3,0,0
2019-01-14,tabasco,"Huimanguillo, Tabasco",17.8333,-93.3833,7,3.68,25.88,17.91,5.68,96.86,102.98,0,0
2019-01-15,tabasco,"Huimanguillo, Tabasco",17.8333,-93.3833,7,14.15,23.81,19.99,19.8,109.89999999999999,117.03999999999999,1,0
2019-01-16,tabasco,"Huimanguillo, Tabasco",17.8333,-93.3833,7,1.13,26.47,19.15,18.96,38.46,118.13000000000001,0,0
2019-01-17,tabasco,"Huimanguillo, Tabasco",17.8333,-93.3833,7,0.01,26.11,17.87,15.290000000000001,21.42,118.14,0,0
2019-01-18,tabasco,"Huimanguillo, Tabasco",17.8333,-93.3833,7,0.0,25.97,17.91,1.1399999999999981,20.970000000000002,116.64999999999999,0,0
2019-01-19,tabasco,"Huimanguillo, Tabasco",17.8333,-93.3833,7,5.16,28.57,17.51,5.169999999999998,26.1,117.80999999999999,1,0
2019-01-20,tabasco,"Huimanguillo, Tabasco",17.8333,-93.3833,7,4.06,21.91,17.11,9.219999999999999,28.19,121.44,0,0
2019-01-21,tabasco,"Huimanguillo, Tabasco",17.8333,-93.3833,7,0.01,23.1,15.65,9.229999999999999,24.520000000000003,121.38,0,0
2019-01-22,tabasco,"Huimanguillo, Tabasco",17.8333,-93.3833,7,0.0,26.47,13.78,4.069999999999998,10.37,120.27,0,0
2019-01-23,tabasco,"Huimanguillo, Tabasco",17.8333,-93.3833,7,3.29,30.34,17.61,3.299999999999998,12.529999999999998,50.99,0,0
2019-01-24,tabasco,"Huimanguillo, Tabasco",17.8333,-93.3833,7,7.7,23.59,18.37,10.989999999999998,20.22,41.64,1,0
2019-01-25,tabasco,"Huimanguillo, Tabasco",17.8333,-93.3833,7,7.59,23.7,18.38,18.58,27.81,48.78,2,0
2019-01-26,tabasco,"Huimanguillo, Tabasco",17.8333,-93.3833,7,0.94,26.62,18.21,16.23,23.59,49.69,0,0
2019-01-27,tabasco,"Huimanguillo, Tabasco",17.8333,-93.3833,7,12.84,26.0,17.93,21.369999999999997,32.37,60.56,1,0
2019-01-28,tabasco,"Huimanguillo, Tabasco",17.8333,-93.3833,7,0.5,24.41,15.67,14.279999999999998,32.86,57.38,0,0
2019-01-29,tabasco,"Huimanguillo, Tabasco",17.8333,-93.3833,7,0.06,26.59,16.0,13.399999999999999,32.92,43.29,0,0
2019-01-30,tabasco,"Huimanguillo, Tabasco",17.8333,-93.3833,7,0.01,25.37,16.56,0.5699999999999982,29.639999999999997,42.17,0,0
2019-01-31,tabasco,"Huimanguillo, Tabasco",17.8333,-93.3833,7,0.0,27.78,16.65,0.06999999999999822,21.939999999999998,42.160000000000004,0,0
2019-02-01,tabasco,"Huimanguillo, Tabasco",17.8333,-93.3833,7,0.0,29.19,18.14,0.009999999999998224,14.35,42.160000000000004,0,0
2019-02-02,tabasco,"Huimanguillo, Tabasco",17.8333,-93.3833,7,0.04,28.48,19.79,0.039999999999998224,13.45,37.04,0,0
2019-02-03,tabasco,"Huimanguillo, Tabasco",17.8333,-93.3833,7,0.02,28.92,20.01,0.05999999999999822,0.63,33.0,0,0
2019-02-04,tabasco,"Huimanguillo, Tabasco",17.8333,-93.3833,7,0.0,30.29,19.16,0.05999999999999822,0.13,32.989999999999995,0,0
2019-02-05,tabasco,"Huimanguillo, Tabasco",17.8333,-93.3833,7,0.0,29.8,20.21,0.019999999999998224,0.07,32.989999999999995,0,0
2019-02-06,tabasco,"Huimanguillo, Tabasco",17.8333,-93.3833,7,0.0,29.55,20.04,0.0,0.06,29.7,0,0
2019-02-07,tabasco,"Huimanguillo, Tabasco",17.8333,-93.3833,7,0.0,29.64,18.86,0.0,0.06,22.0,0,0
2019-02-08,tabasco,"Huimanguillo, Tabasco",17.8333,-93.3833,7,1.5,28.19,19.94,1.4999999999999982,1.56,15.91,0,0
2019-02-09,tabasco,"Huimanguillo, Tabasco",17.8333,-93.3833,7,12.55,27.54,20.74,14.049999999999999,14.07,27.520000000000003,1,0
2019-02-10,tabasco,"Huimanguillo, Tabasco",17.8333,-93.3833,7,9.99,27.17,20.02,24.04,24.04,24.67,2,0
2019-02-11,tabasco,"Huimanguillo, Tabasco",17.8333,-93.3833,7,0.33,28.63,18.93,22.869999999999997,24.37,24.5,0,0
2019-02-12,tabasco,"Huimanguillo, Tabasco",17.8333,-93.3833,7,2.78,29.47,19.76,13.099999999999998,27.150000000000002,27.220000000000002,0,0
2019-02-13,tabasco,"Huimanguillo, Tabasco",17.8333,-93.3833,7,50.7,24.75,19.53,53.81,77.85000000000001,77.91,1,1
2019-02-14,tabasco,"Huimanguillo, Tabasco",17.8333,-93.3833,7,2.96,27.37,18.44,56.440000000000005,80.81,80.87,0,0
2019-02-15,tabasco,"Huimanguillo, Tabasco",17.8333,-93.3833,7,0.0,30.56,18.2,53.660000000000004,79.31,80.87,0,0
2019-02-16,tabasco,"Huimanguillo, Tabasco",17.8333,-93.3833,7,0.0,32.76,20.34,2.96,66.76,80.83,0,0
2019-02-17,tabasco,"Huimanguillo, Tabasco",17.8333,-93.3833,7,0.0,32.47,19.33,0.0,56.77000000000001,80.81,0,0
2019-02-18,tabasco,"Huimanguillo, Tabasco",17.8333,-93.3833,7,0.0,30.33,18.55,0.0,56.44000000000001,80.81,0,0
2019-02-19,tabasco,"Huimanguillo, Tabasco",17.8333,-93.3833,7,0.01,31.07,21.77,0.01,53.67000000000001,80.82000000000001,0,0
2019-02-20,tabasco,"Huimanguillo, Tabasco",17.8333,-93.3833,7,0.01,33.03,22.05,0.02,2.980000000000007,80.83,0,0
2019-02-21,tabasco,"Huimanguillo, Tabasco",17.8333,-93.3833,7,0.0,29.74,20.35,0.02,0.020000000000007106,80.83,0,0
2019-02-22,tabasco,"Huimanguillo, Tabasco",17.8333,-93.3833,7,0.0,31.7,21.96,0.01,0.020000000000007106,79.33,0,0
2019-02-23,tabasco,"Huimanguillo, Tabasco",17.8333,-93.3833,7,0.0,32.72,21.97,0.0,0.020000000000007106,66.78,0,0
2019-02-24,tabasco,"Huimanguillo, Tabasco",17.8333,-93.3833,7,5.58,30.69,22.52,5.58,5.600000000000007,62.370000000000005,1,0
2019-02-25,tabasco,"Huimanguillo, Tabasco",17.8333,-93.3833,7,40.44,29.03,22.11,46.019999999999996,46.040000000000006,102.48,2,1
2019-02-26,tabasco,"Huimanguillo, Tabasco",17.8333,-93.3833,7,0.44,30.15,19.89,46.459999999999994,46.470000000000006,100.14,0,0
2019-02-27,tabasco,"Huimanguillo, Tabasco",17.8333,-93.3833,7,0.0,30.06,18.96,40.879999999999995,46.46,49.44,0,0
2019-02-28,tabasco,"Huimanguillo, Tabasco",17.8333,-93.3833,7,0.0,30.75,19.57,0.44,46.46,46.48,0,0
2019-03-01,tabasco,"Huimanguillo, Tabasco",17.8333,-93.3833,7,0.0,30.35,21.48,0.0,46.46,46.48,0,0
2019-03-02,tabasco,"Huimanguillo, Tabasco",17.8333,-93.3833,7,0.0,31.4,21.47,0.0,46.46,46.48,0,0
2019-03-03,tabasco,"Huimanguillo, Tabasco",17.8333,-93.3833,7,0.0,31.83,20.06,0.0,40.88,46.48,0,0
2019-03-04,tabasco,"Huimanguillo, Tabasco",17.8333,-93.3833,7,0.23,30.5,21.84,0.23,0.6700000000000071,46.71,0,0
2019-03-05,tabasco,"Huimanguillo, Tabasco",17.8333,-93.3833,7,23.25,28.49,22.68,23.48,23.480000000000008,69.95,1,1
2019-03-06,tabasco,"Huimanguillo, Tabasco",17.8333,-93.3833,7,11.6,27.54,22.35,35.08,35.080000000000005,81.53999999999999,2,0
2019-03-07,tabasco,"Huimanguillo, Tabasco",17.8333,-93.3833,7,0.12,30.17,21.58,34.970000000000006,35.20000000000001,81.66,0,0
2019-03-08,tabasco,"Huimanguillo, Tabasco",17.8333,-93.3833,7,0.0,31.58,20.43,11.719999999999999,35.20000000000001,81.66,0,0
2019-03-09,tabasco,"Huimanguillo, Tabasco",17.8333,-93.3833,7,0.0,32.49,20.7,0.12,35.20000000000001,81.66,0,0
2019-03-10,tabasco,"Huimanguillo, Tabasco",17.8333,-93.3833,7,0.0,32.61,20.9,0.0,35.20000000000001,76.08,0,0
2019-03-11,tabasco,"Huimanguillo, Tabasco",17.8333,-93.3833,7,0.0,32.03,20.45,0.0,34.97000000000001,35.64,0,0
2019-03-12,tabasco,"Huimanguillo, Tabasco",17.8333,-93.3833,7,0.0,32.35,21.83,0.0,11.720000000000006,35.2,0,0
2019-03-13,tabasco,"Huimanguillo, Tabasco",17.8333,-93.3833,7,0.0,33.71,21.06,0.0,0.1200000000000071,35.2,0,0
2019-03-14,tabasco,"Huimanguillo, Tabasco",17.8333,-93.3833,7,0.0,34.1,21.4,0.0,0.0,35.2,0,0
2019-03-15,tabasco,"Huimanguillo, Tabasco",17.8333,-93.3833,7,2.91,31.96,22.92,2.91,2.9100000000000072,38.11000000000001,0,0
2019-03-16,tabasco,"Huimanguillo, Tabasco",17.8333,-93.3833,7,22.24,27.39,21.83,25.15,25.150000000000006,60.35,1,1
2019-03-17,tabasco,"Huimanguillo, Tabasco",17.8333,-93.3833,7,14.41,28.43,21.31,39.56,39.56,74.76,2,0
2019-03-18,tabasco,"Huimanguillo, Tabasco",17.8333,-93.3833,7,5.51,27.31,20.73,42.160000000000004,45.07000000000001,80.03999999999999,3,0
2019-03-19,tabasco,"Huimanguillo, Tabasco",17.8333,-93.3833,7,14.58,25.86,20.39,34.5,59.650000000000006,71.37,4,0
2019-03-20,tabasco,"Huimanguillo, Tabasco",17.8333,-93.3833,7,11.56,27.72,19.94,31.65,71.21000000000001,71.33,5,0
2019-03-21,tabasco,"Huimanguillo, Tabasco",17.8333,-93.3833,7,4.85,27.78,19.85,30.990000000000002,76.06,76.05999999999999,0,0
2019-03-22,tabasco,"Huimanguillo, Tabasco",17.8333,-93.3833,7,0.05,28.96,19.15,16.46,73.2,76.10999999999999,0,0
2019-03-23,tabasco,"Huimanguillo, Tabasco",17.8333,-93.3833,7,0.0,30.92,19.54,4.8999999999999995,50.96000000000001,76.10999999999999,0,0
2019-03-24,tabasco,"Huimanguillo, Tabasco",17.8333,-93.3833,7,0.0,31.39,19.72,0.05,36.55000000000001,76.10999999999999,0,0
2019-03-25,tabasco,"Huimanguillo, Tabasco",17.8333,-93.3833,7,0.02,30.98,19.42,0.02,31.060000000000006,76.13,0,0
2019-03-26,tabasco,"Huimanguillo, Tabasco",17.8333,-93.3833,7,4.12,29.78,20.83,4.14,20.60000000000001,80.24999999999999,0,0
2019-03-27,tabasco,"Huimanguillo, Tabasco",17.8333,-93.3833,7,4.99,28.59,19.93,9.129999999999999,14.030000000000008,85.24,0,0
2019-03-28,tabasco,"Huimanguillo, Tabasco",17.8333,-93.3833,7,0.23,27.92,18.4,9.34,9.410000000000007,85.47,0,0
2019-03-29,tabasco,"Huimanguillo, Tabasco",17.8333,-93.3833,7,0.0,30.31,18.63,5.220000000000001,9.360000000000007,82.56,0,0
2019-03-30,tabasco,"Huimanguillo, Tabasco",17.8333,-93.3833,7,0.0,32.84,20.01,0.23,9.360000000000007,60.32,0,0
2019-03-31,tabasco,"Huimanguillo, Tabasco",17.8333,-93.3833,7,0.42,31.09,19.41,0.42,9.780000000000006,46.33,0,0
2019-04-01,tabasco,"Huimanguillo, Tabasco",17.8333,-93.3833,7,5.79,28.08,20.96,6.21,15.550000000000008,46.61,1,0
2019-04-02,tabasco,"Huimanguillo, Tabasco",17.8333,-93.3833,7,2.46,28.06,20.88,8.67,13.890000000000008,34.49,0,0
2019-04-03,tabasco,"Huimanguillo, Tabasco",17.8333,-93.3833,7,0.04,32.48,20.22,8.29,8.940000000000008,22.97,0,0
2019-04-04,tabasco,"Huimanguillo, Tabasco",17.8333,-93.3833,7,0.01,34.23,21.43,2.51,8.720000000000008,18.130000000000003,0,0
2019-04-05,tabasco,"Huimanguillo, Tabasco",17.8333,-93.3833,7,0.0,34.67,22.18,0.05,8.720000000000008,18.080000000000002,0,0
2019-04-06,tabasco,"Huimanguillo, Tabasco",17.8333,-93.3833,7,0.01,34.24,22.37,0.02,8.730000000000008,18.09,0,0
2019-04-07,tabasco,"Huimanguillo, Tabasco",17.8333,-93.3833,7,0.0,35.79,22.97,0.01,8.310000000000008,18.09,0,0
2019-04-08,tabasco,"Huimanguillo, Tabasco",17.8333,-93.3833,7,1.22,32.76,23.66,1.23,3.7400000000000073,19.29,0,0
2019-04-09,tabasco,"Huimanguillo, Tabasco",17.8333,-93.3833,7,10.24,29.74,20.77,11.46,11.520000000000007,25.41,1,0
2019-04-10,tabasco,"Huimanguillo, Tabasco",17.8333,-93.3833,7,0.04,32.1,18.6,11.5,11.520000000000008,20.46,0,0
2019-04-11,tabasco,"Huimanguillo, Tabasco",17.8333,-93.3833,7,0.0,36.86,17.98,10.28,11.510000000000007,20.23,0,0
2019-04-12,tabasco,"Huimanguillo, Tabasco",17.8333,-93.3833,7,0.0,36.95,20.07,0.04,11.510000000000007,20.23,0,0
2019-04-13,tabasco,"Huimanguillo, Tabasco",17.8333,-93.3833,7,0.0,36.93,20.43,0.0,11.500000000000007,20.23,0,0
2019-04-14,tabasco,"Huimanguillo, Tabasco",17.8333,-93.3833,7,1.47,33.3,19.09,1.47,12.970000000000008,21.28,0,0
2019-04-15,tabasco,"Huimanguillo, Tabasco",17.8333,-93.3833,7,0.55,31.72,20.47,2.02,12.30000000000001,16.04,0,0
2019-04-16,tabasco,"Huimanguillo, Tabasco",17.8333,-93.3833,7,0.11,35.41,22.05,2.13,2.170000000000009,13.69,0,0
2019-04-17,tabasco,"Huimanguillo, Tabasco",17.8333,-93.3833,7,0.0,36.79,22.62,0.66,2.1300000000000088,13.65,0,0
2019-04-18,tabasco,"Huimanguillo, Tabasco",17.8333,-93.3833,7,0.0,38.8,23.37,0.11,2.1300000000000088,13.64,0,0
2019-04-19,tabasco,"Huimanguillo, Tabasco",17.8333,-93.3833,7,1.32,29.75,20.54,1.32,3.450000000000009,14.96,0,0
2019-04-20,tabasco,"Huimanguillo, Tabasco",17.8333,-93.3833,7,0.0,32.49,18.57,1.32,3.450000000000009,14.950000000000001,0,0
2019-04-21,tabasco,"Huimanguillo, Tabasco",17.8333,-93.3833,7,0.0,34.72,17.13,1.32,1.980000000000009,14.950000000000001,0,0
2019-04-22,tabasco,"Huimanguillo, Tabasco",17.8333,-93.3833,7,0.0,36.34,19.98,0.0,1.430000000000009,13.73,0,0
2019-04-23,tabasco,"Huimanguillo, Tabasco",17.8333,-93.3833,7,0.0,36.97,22.45,0.0,1.320000000000009,3.49,0,0
2019-04-24,tabasco,"Huimanguillo, Tabasco",17.8333,-93.3833,7,0.0,37.85,23.26,0.0,1.320000000000009,3.45,0,0
2019-04-25,tabasco,"Huimanguillo, Tabasco",17.8333,-93.3833,7,0.0,39.33,23.25,0.0,1.320000000000009,3.45,0,0
2019-04-26,tabasco,"Huimanguillo, Tabasco",17.8333,-93.3833,7,1.2,33.46,23.87,1.2,1.2000000000000088,4.65,0,0
2019-04-27,tabasco,"Huimanguillo, Tabasco",17.8333,-93.3833,7,2.43,33.47,23.13,3.63,3.6300000000000088,7.08,0,0
2019-04-28,tabasco,"Huimanguillo, Tabasco",17.8333,-93.3833,7,0.0,36.95,22.85,3.6300000000000003,3.630000000000009,5.61,0,0
2019-04-29,tabasco,"Huimanguillo, Tabasco",17.8333,-93.3833,7,0.0,39.19,23.71,2.4300000000000006,3.630000000000009,5.0600000000000005,0,0
2019-04-30,tabasco,"Huimanguillo, Tabasco",17.8333,-93.3833,7,0.0,38.76,25.36,0.0,3.630000000000009,4.95,0,0
2019-05-01,tabasco,"Huimanguillo, Tabasco",17.8333,-93.3833,7,0.0,39.57,26.09,0.0,3.630000000000009,4.95,0,0
2019-05-02,tabasco,"Huimanguillo, Tabasco",17.8333,-93.3833,7,0.07,37.86,25.64,0.07,3.700000000000009,5.0200000000000005,0,0
2019-05-03,tabasco,"Huimanguillo, Tabasco",17.8333,-93.3833,7,0.02,39.63,25.46,0.09000000000000001,2.520000000000009,3.7199999999999998,0,0
2019-05-04,tabasco,"Huimanguillo, Tabasco",17.8333,-93.3833,7,0.03,40.58,25.14,0.12000000000000001,0.12000000000000934,3.75,0,0
2019-05-05,tabasco,"Huimanguillo, Tabasco",17.8333,-93.3833,7,2.44,37.58,25.52,2.4899999999999998,2.5600000000000094,6.1899999999999995,0,0
2019-05-06,tabasco,"Huimanguillo, Tabasco",17.8333,-93.3833,7,1.51,39.29,26.11,3.9799999999999995,4.070000000000009,7.7,0,0
2019-05-07,tabasco,"Huimanguillo, Tabasco",17.8333,-93.3833,7,0.09,40.78,26.6,4.04,4.160000000000009,7.79,0,0
2019-05-08,tabasco,"Huimanguillo, Tabasco",17.8333,-93.3833,7,0.0,42.73,27.25,1.6,4.160000000000009,7.79,0,0
2019-05-09,tabasco,"Huimanguillo, Tabasco",17.8333,-93.3833,7,0.0,43.02,26.9,0.09,4.090000000000009,7.79,0,0
2019-05-10,tabasco,"Huimanguillo, Tabasco",17.8333,-93.3833,7,0.09,41.39,27.34,0.09,4.16000000000001,6.68,0,0
2019-05-11,tabasco,"Huimanguillo, Tabasco",17.8333,-93.3833,7,0.18,40.32,27.06,0.27,4.310000000000009,4.43,0,0
2019-05-12,tabasco,"Huimanguillo, Tabasco",17.8333,-93.3833,7,0.04,41.03,27.24,0.31,1.9100000000000092,4.47,0,0
2019-05-13,tabasco,"Huimanguillo, Tabasco",17.8333,-93.3833,7,0.01,40.5,27.16,0.22999999999999998,0.4100000000000093,4.48,0,0
2019-05-14,tabasco,"Huimanguillo, Tabasco",17.8333,-93.3833,7,0.96,39.43,27.46,1.01,1.2800000000000091,5.44,0,0
2019-05-15,tabasco,"Huimanguillo, Tabasco",17.8333,-93.3833,7,1.07,38.41,27.48,2.04,2.3500000000000094,6.51,0,0
2019-05-16,tabasco,"Huimanguillo, Tabasco",17.8333,-93.3833,7,1.7,34.14,27.38,3.7300000000000004,4.05000000000001,8.14,0,0
2019-05-17,tabasco,"Huimanguillo, Tabasco",17.8333,-93.3833,7,5.15,35.08,26.12,7.920000000000001,9.11000000000001,13.27,1,0
2019-05-18,tabasco,"Huimanguillo, Tabasco",17.8333,-93.3833,7,0.7,41.42,25.84,7.550000000000001,9.63000000000001,13.940000000000001,0,0
2019-05-19,tabasco,"Huimanguillo, Tabasco",17.8333,-93.3833,7,0.03,41.67,26.18,5.88,9.62000000000001,11.53,0,0
2019-05-20,tabasco,"Huimanguillo, Tabasco",17.8333,-93.3833,7,0.87,38.58,27.35,1.6,10.48000000000001,10.89,0,0
2019-05-21,tabasco,"Huimanguillo, Tabasco",17.8333,-93.3833,7,0.1,41.76,26.85,1.0,9.62000000000001,10.9,0,0
2019-05-22,tabasco,"Huimanguillo, Tabasco",17.8333,-93.3833,7,0.25,41.87,27.23,1.22,8.80000000000001,11.15,0,0
2019-05-23,tabasco,"Huimanguillo, Tabasco",17.8333,-93.3833,7,0.46,41.31,28.09,0.81,7.56000000000001,11.61,0,0
2019-05-24,tabasco,"Huimanguillo, Tabasco",17.8333,-93.3833,7,0.5,40.07,27.15,1.21,2.91000000000001,12.02,0,0
2019-05-25,tabasco,"Huimanguillo, Tabasco",17.8333,-93.3833,7,0.18,39.4,26.86,1.1400000000000001,2.3900000000000095,12.020000000000001,0,0
2019-05-26,tabasco,"Huimanguillo, Tabasco",17.8333,-93.3833,7,0.79,38.8,25.94,1.4700000000000002,3.1500000000000097,12.77,0,0
2019-05-27,tabasco,"Huimanguillo, Tabasco",17.8333,-93.3833,7,1.69,38.48,25.88,2.66,3.9700000000000095,14.45,0,0
2019-05-28,tabasco,"Huimanguillo, Tabasco",17.8333,-93.3833,7,1.48,40.57,26.72,3.96,5.350000000000009,14.97,0,0
2019-05-29,tabasco,"Huimanguillo, Tabasco",17.8333,-93.3833,7,5.11,40.62,27.07,8.280000000000001,10.21000000000001,19.01,1,0
2019-05-30,tabasco,"Huimanguillo, Tabasco",17.8333,-93.3833,7,4.97,37.25,25.81,11.56,14.72000000000001,22.28,0,0
2019-05-31,tabasco,"Huimanguillo, Tabasco",17.8333,-93.3833,7,20.48,32.53,26.15,30.560000000000002,34.70000000000001,37.61,1,1
2019-06-01,tabasco,"Huimanguillo, Tabasco",17.8333,-93.3833,7,19.57,30.46,25.6,45.019999999999996,54.09000000000001,56.480000000000004,2,0
2019-06-02,tabasco,"Huimanguillo, Tabasco",17.8333,-93.3833,7,22.69,29.68,24.97,62.74,75.99000000000001,79.14,3,1
2019-06-03,tabasco,"Huimanguillo, Tabasco",17.8333,-93.3833,7,4.14,33.91,24.8,46.4,78.44000000000001,82.41,0,0
2019-06-04,tabasco,"Huimanguillo, Tabasco",17.8333,-93.3833,7,1.22,33.73,25.64,28.049999999999997,78.18,83.53,0,0
2019-06-05,tabasco,"Huimanguillo, Tabasco",17.8333,-93.3833,7,0.37,35.75,25.98,5.729999999999996,73.44000000000001,83.65,0,0
2019-06-06,tabasco,"Huimanguillo, Tabasco",17.8333,-93.3833,7,0.5,38.25,26.26,2.0899999999999963,68.97000000000001,83.69,0,0
2019-06-07,tabasco,"Huimanguillo, Tabasco",17.8333,-93.3833,7,0.02,38.61,26.79,0.8899999999999965,48.510000000000005,83.21,0,0
2019-06-08,tabasco,"Huimanguillo, Tabasco",17.8333,-93.3833,7,0.4,36.57,27.24,0.9199999999999965,29.340000000000007,83.43,0,0
2019-06-09,tabasco,"Huimanguillo, Tabasco",17.8333,-93.3833,7,2.42,37.0,27.49,2.8399999999999963,9.070000000000007,85.06,0,0
2019-06-10,tabasco,"Huimanguillo, Tabasco",17.8333,-93.3833,7,10.05,33.02,26.97,12.869999999999997,14.980000000000008,93.42,1,0
2019-06-11,tabasco,"Huimanguillo, Tabasco",17.8333,-93.3833,7,32.97,30.02,25.44,45.44,46.730000000000004,124.91,2,1
2019-06-12,tabasco,"Huimanguillo, Tabasco",17.8333,-93.3833,7,11.99,32.76,24.7,55.01,58.35000000000001,131.79,3,0
2019-06-13,tabasco,"Huimanguillo, Tabasco",17.8333,-93.3833,7,30.59,31.33,25.66,75.55,88.44,157.41,4,1
2019-06-14,tabasco,"Huimanguillo, Tabasco",17.8333,-93.3833,7,33.26,27.26,24.63,75.84,121.68,170.19,5,1
2019-06-15,tabasco,"Huimanguillo, Tabasco",17.8333,-93.3833,7,8.73,30.93,24.53,72.58,130.01,159.35000000000002,6,0
2019-06-16,tabasco,"Huimanguillo, Tabasco",17.8333,-93.3833,7,7.05,31.14,24.92,49.04,134.64,143.70999999999998,7,0
2019-06-17,tabasco,"Huimanguillo, Tabasco",17.8333,-93.3833,7,5.23,32.29,25.23,21.01,129.82,144.8,8,0
2019-06-18,tabasco,"Huimanguillo, Tabasco",17.8333,-93.3833,7,1.19,32.01,25.45,13.47,98.04,144.77,0,0
2019-06-19,tabasco,"Huimanguillo, Tabasco",17.8333,-93.3833,7,0.05,34.59,25.94,6.470000000000001,86.10000000000001,144.45,0,0
2019-06-20,tabasco,"Huimanguillo, Tabasco",17.8333,-93.3833,7,0.51,34.39,25.93,1.75,56.02,144.46,0,0
2019-06-21,tabasco,"Huimanguillo, Tabasco",17.8333,-93.3833,7,0.16,33.36,25.56,0.7200000000000001,22.92000000000001,144.6,0,0
2019-06-22,tabasco,"Huimanguillo, Tabasco",17.8333,-93.3833,7,5.79,33.05,26.0,6.46,19.980000000000008,149.99,1,0
2019-06-23,tabasco,"Huimanguillo, Tabasco",17.8333,-93.3833,7,2.18,33.03,25.54,8.13,15.110000000000007,149.75,0,0
2019-06-24,tabasco,"Huimanguillo, Tabasco",17.8333,-93.3833,7,2.03,34.19,25.62,10.0,11.910000000000007,141.73,0,0
2019-06-25,tabasco,"Huimanguillo, Tabasco",17.8333,-93.3833,7,1.0,35.03,24.03,5.21,11.720000000000006,109.75999999999999,0,0
2019-06-26,tabasco,"Huimanguillo, Tabasco",17.8333,-93.3833,7,2.7,32.74,23.7,5.73,14.370000000000008,100.47,0,0
2019-06-27,tabasco,"Huimanguillo, Tabasco",17.8333,-93.3833,7,5.0,30.71,24.86,8.700000000000001,18.860000000000007,74.88,0,0
2019-06-28,tabasco,"Huimanguillo, Tabasco",17.8333,-93.3833,7,9.35,31.55,24.5,17.05,28.050000000000004,50.97,1,0
2019-06-29,tabasco,"Huimanguillo, Tabasco",17.8333,-93.3833,7,17.67,29.07,23.85,32.02,39.93000000000001,59.91,2,0
2019-06-30,tabasco,"Huimanguillo, Tabasco",17.8333,-93.3833,7,14.99,29.63,23.83,42.010000000000005,52.74000000000001,67.85,3,0
2019-07-01,tabasco,"Huimanguillo, Tabasco",17.8333,-93.3833,7,8.29,30.37,24.17,40.95,59.00000000000001,70.91,4,0
2019-07-02,tabasco,"Huimanguillo, Tabasco",17.8333,-93.3833,7,0.85,32.34,24.55,24.13,58.85000000000001,70.57000000000001,0,0
2019-07-03,tabasco,"Huimanguillo, Tabasco",17.8333,-93.3833,7,0.05,32.99,24.14,9.19,56.2,70.57,0,0
2019-07-04,tabasco,"Huimanguillo, Tabasco",17.8333,-93.3833,7,0.0,33.1,23.87,0.9,51.2,70.06,0,0
2019-07-05,tabasco,"Huimanguillo, Tabasco",17.8333,-93.3833,7,0.18,33.96,24.36,0.22999999999999998,42.03000000000001,70.08,0,0
2019-07-06,tabasco,"Huimanguillo, Tabasco",17.8333,-93.3833,7,0.26,33.97,23.97,0.44,24.620000000000008,64.55,0,0
2019-07-07,tabasco,"Huimanguillo, Tabasco",17.8333,-93.3833,7,1.09,33.33,23.56,1.53,10.720000000000006,63.46,0,0
2019-07-08,tabasco,"Huimanguillo, Tabasco",17.8333,-93.3833,7,4.01,31.75,24.76,5.359999999999999,6.440000000000007,65.44,0,0
2019-07-09,tabasco,"Huimanguillo, Tabasco",17.8333,-93.3833,7,0.93,32.63,24.68,6.029999999999999,6.520000000000007,65.37,0,0
2019-07-10,tabasco,"Huimanguillo, Tabasco",17.8333,-93.3833,7,18.51,32.79,25.34,23.450000000000003,24.980000000000008,81.17999999999999,1,0
2019-07-11,tabasco,"Huimanguillo, Tabasco",17.8333,-93.3833,7,4.27,32.73,25.25,23.71,29.250000000000007,80.44999999999999,0,0
2019-07-12,tabasco,"Huimanguillo, Tabasco",17.8333,-93.3833,7,1.01,34.19,24.33,23.79,30.08000000000001,72.11,0,0
2019-07-13,tabasco,"Huimanguillo, Tabasco",17.8333,-93.3833,7,3.25,31.85,24.76,8.529999999999996,33.07000000000001,57.69,0,0
2019-07-14,tabasco,"Huimanguillo, Tabasco",17.8333,-93.3833,7,0.57,33.93,25.43,4.8299999999999965,32.550000000000004,43.269999999999996,0,0
2019-07-15,tabasco,"Huimanguillo, Tabasco",17.8333,-93.3833,7,0.02,34.56,24.79,3.8399999999999963,28.56000000000001,35.0,0,0
2019-07-16,tabasco,"Huimanguillo, Tabasco",17.8333,-93.3833,7,1.55,32.53,24.91,2.139999999999996,29.180000000000007,35.699999999999996,0,0
2019-07-17,tabasco,"Huimanguillo, Tabasco",17.8333,-93.3833,7,0.78,31.96,24.46,2.3499999999999965,11.450000000000006,36.43,0,0
2019-07-18,tabasco,"Huimanguillo, Tabasco",17.8333,-93.3833,7,0.81,31.38,24.93,3.1399999999999966,7.990000000000007,37.24,0,0
2019-07-19,tabasco,"Huimanguillo, Tabasco",17.8333,-93.3833,7,0.06,34.2,23.9,1.6499999999999966,7.040000000000007,37.12,0,0
2019-07-20,tabasco,"Huimanguillo, Tabasco",17.8333,-93.3833,7,1.83,32.18,24.96,2.6999999999999966,5.620000000000007,38.690000000000005,0,0
2019-07-21,tabasco,"Huimanguillo, Tabasco",17.8333,-93.3833,7,5.98,32.07,24.35,7.869999999999997,11.030000000000008,43.58,1,0
2019-07-22,tabasco,"Huimanguillo, Tabasco",17.8333,-93.3833,7,3.77,32.51,23.97,11.579999999999998,14.780000000000008,43.34,0,0
2019-07-23,tabasco,"Huimanguillo, Tabasco",17.8333,-93.3833,7,3.65,30.72,25.07,13.399999999999999,16.880000000000006,46.06,0,0
2019-07-24,tabasco,"Huimanguillo, Tabasco",17.8333,-93.3833,7,1.31,31.43,24.0,8.729999999999997,17.41000000000001,28.86,0,0
2019-07-25,tabasco,"Huimanguillo, Tabasco",17.8333,-93.3833,7,7.35,31.56,23.48,12.309999999999997,23.950000000000006,31.939999999999998,1,0
2019-07-26,tabasco,"Huimanguillo, Tabasco",17.8333,-93.3833,7,28.66,30.8,24.94,37.31999999999999,52.55000000000001,59.59,2,1
2019-07-27,tabasco,"Huimanguillo, Tabasco",17.8333,-93.3833,7,2.91,32.31,24.44,38.919999999999995,53.63000000000001,59.25,0,0
2019-07-28,tabasco,"Huimanguillo, Tabasco",17.8333,-93.3833,7,2.0,31.73,24.58,33.56999999999999,49.650000000000006,60.68,0,0
2019-07-29,tabasco,"Huimanguillo, Tabasco",17.8333,-93.3833,7,0.16,32.93,24.02,5.069999999999997,46.040000000000006,60.82,0,0
2019-07-30,tabasco,"Huimanguillo, Tabasco",17.8333,-93.3833,7,2.18,32.84,23.83,4.339999999999996,44.57000000000001,61.45,0,0
2019-07-31,tabasco,"Huimanguillo, Tabasco",17.8333,-93.3833,7,9.8,29.73,23.96,12.139999999999997,53.06000000000001,70.47,1,0
2019-08-01,tabasco,"Huimanguillo, Tabasco",17.8333,-93.3833,7,11.45,30.84,24.38,23.429999999999996,57.16000000000001,81.11,2,0
2019-08-02,tabasco,"Huimanguillo, Tabasco",17.8333,-93.3833,7,3.7,31.05,23.69,24.949999999999996,32.20000000000001,84.75000000000001,0,0
2019-08-03,tabasco,"Huimanguillo, Tabasco",17.8333,-93.3833,7,3.6,30.79,24.2,18.749999999999996,32.89000000000001,86.52,0,0
2019-08-04,tabasco,"Huimanguillo, Tabasco",17.8333,-93.3833,7,6.15,31.26,24.71,13.449999999999998,37.040000000000006,86.69000000000001,1,0
2019-08-05,tabasco,"Huimanguillo, Tabasco",17.8333,-93.3833,7,2.49,32.04,25.4,12.239999999999997,39.37000000000001,85.41,0,0
2019-08-06,tabasco,"Huimanguillo, Tabasco",17.8333,-93.3833,7,0.68,32.88,25.1,9.319999999999997,37.870000000000005,82.44000000000001,0,0
2019-08-07,tabasco,"Huimanguillo, Tabasco",17.8333,-93.3833,7,0.47,33.34,25.11,3.6399999999999966,28.540000000000006,81.60000000000001,0,0
2019-08-08,tabasco,"Huimanguillo, Tabasco",17.8333,-93.3833,7,0.5,33.28,25.25,1.6499999999999964,17.590000000000007,74.75000000000001,0,0
2019-08-09,tabasco,"Huimanguillo, Tabasco",17.8333,-93.3833,7,13.03,31.25,25.33,13.999999999999996,26.92000000000001,59.120000000000005,1,0
2019-08-10,tabasco,"Huimanguillo, Tabasco",17.8333,-93.3833,7,7.01,32.66,25.16,20.539999999999996,30.330000000000005,63.220000000000006,2,0
2019-08-11,tabasco,"Huimanguillo, Tabasco",17.8333,-93.3833,7,1.45,34.6,25.14,21.489999999999995,25.63000000000001,62.67,0,0
2019-08-12,tabasco,"Huimanguillo, Tabasco",17.8333,-93.3833,7,0.56,34.91,25.19,9.019999999999996,23.700000000000006,63.07000000000001,0,0
2019-08-13,tabasco,"Huimanguillo, Tabasco",17.8333,-93.3833,7,0.49,35.46,25.1,2.4999999999999964,23.510000000000005,61.38,0,0
2019-08-14,tabasco,"Huimanguillo, Tabasco",17.8333,-93.3833,7,1.24,35.88,25.05,2.2899999999999965,24.28000000000001,52.82,0,0
2019-08-15,tabasco,"Huimanguillo, Tabasco",17.8333,-93.3833,7,1.03,33.49,24.97,2.7599999999999962,24.81000000000001,42.400000000000006,0,0
2019-08-16,tabasco,"Huimanguillo, Tabasco",17.8333,-93.3833,7,0.33,35.86,25.43,2.599999999999996,12.110000000000007,39.03,0,0
2019-08-17,tabasco,"Huimanguillo, Tabasco",17.8333,-93.3833,7,0.19,36.24,25.79,1.5499999999999965,5.290000000000007,35.620000000000005,0,0
2019-08-18,tabasco,"Huimanguillo, Tabasco",17.8333,-93.3833,7,2.73,35.1,24.98,3.2499999999999964,6.570000000000007,32.2,0,0
2019-08-19,tabasco,"Huimanguillo, Tabasco",17.8333,-93.3833,7,3.02,34.9,23.93,5.939999999999996,9.030000000000008,32.730000000000004,0,0
2019-08-20,tabasco,"Huimanguillo, Tabasco",17.8333,-93.3833,7,4.05,34.96,24.23,9.799999999999997,12.590000000000007,36.1,0,0
2019-08-21,tabasco,"Huimanguillo, Tabasco",17.8333,-93.3833,7,8.36,30.73,24.89,15.429999999999996,19.710000000000008,43.99,1,0
2019-08-22,tabasco,"Huimanguillo, Tabasco",17.8333,-93.3833,7,3.2,34.79,24.48,15.609999999999996,21.880000000000006,46.690000000000005,0,0
2019-08-23,tabasco,"Huimanguillo, Tabasco",17.8333,-93.3833,7,0.44,35.16,25.9,11.999999999999996,21.990000000000006,34.1,0,0
2019-08-24,tabasco,"Huimanguillo, Tabasco",17.8333,-93.3833,7,0.25,37.59,26.63,3.8899999999999966,22.050000000000004,27.340000000000003,0,0
2019-08-25,tabasco,"Huimanguillo, Tabasco",17.8333,-93.3833,7,0.0,38.7,26.05,0.6899999999999964,19.320000000000004,25.89,0,0
2019-08-26,tabasco,"Huimanguillo, Tabasco",17.8333,-93.3833,7,2.32,38.22,25.52,2.5699999999999963,18.620000000000005,27.650000000000002,0,0
2019-08-27,tabasco,"Huimanguillo, Tabasco",17.8333,-93.3833,7,1.59,37.56,25.38,3.9099999999999966,16.160000000000007,28.750000000000004,0,0
2019-08-28,tabasco,"Huimanguillo, Tabasco",17.8333,-93.3833,7,0.88,36.41,25.69,4.7899999999999965,8.680000000000007,28.390000000000004,0,0
2019-08-29,tabasco,"Huimanguillo, Tabasco",17.8333,-93.3833,7,1.92,37.14,24.92,4.389999999999997,7.4000000000000075,29.28,0,0
2019-08-30,tabasco,"Huimanguillo, Tabasco",17.8333,-93.3833,7,2.3,35.03,24.61,5.099999999999996,9.260000000000007,31.250000000000004,0,0
2019-08-31,tabasco,"Huimanguillo, Tabasco",17.8333,-93.3833,7,4.66,33.67,25.34,8.879999999999995,13.670000000000007,35.72,0,0
2019-09-01,tabasco,"Huimanguillo, Tabasco",17.8333,-93.3833,7,1.73,34.65,24.25,8.689999999999996,15.400000000000007,34.720000000000006,0,0
2019-09-02,tabasco,"Huimanguillo, Tabasco",17.8333,-93.3833,7,0.98,34.96,23.92,7.369999999999996,14.06000000000001,32.68,0,0
2019-09-03,tabasco,"Huimanguillo, Tabasco",17.8333,-93.3833,7,0.42,35.13,23.32,3.1299999999999955,12.890000000000008,29.050000000000004,0,0
2019-09-04,tabasco,"Huimanguillo, Tabasco",17.8333,-93.3833,7,0.71,37.12,25.54,2.1099999999999954,12.720000000000008,21.400000000000006,0,0
2019-09-05,tabasco,"Huimanguillo, Tabasco",17.8333,-93.3833,7,0.14,38.38,25.86,1.2699999999999956,10.940000000000008,18.340000000000003,0,0
2019-09-06,tabasco,"Huimanguillo, Tabasco",17.8333,-93.3833,7,2.49,36.45,25.77,3.339999999999996,11.130000000000008,20.390000000000004,0,0
2019-09-07,tabasco,"Huimanguillo, Tabasco",17.8333,-93.3833,7,15.28,34.6,24.77,17.909999999999997,21.750000000000007,35.42,1,0
2019-09-08,tabasco,"Huimanguillo, Tabasco",17.8333,-93.3833,7,15.23,33.64,23.79,32.99999999999999,35.25000000000001,50.650000000000006,2,0
2019-09-09,tabasco,"Huimanguillo, Tabasco",17.8333,-93.3833,7,10.75,34.62,24.93,41.26,45.02000000000001,59.080000000000005,3,0
2019-09-10,tabasco,"Huimanguillo, Tabasco",17.8333,-93.3833,7,3.75,32.15,25.63,29.729999999999997,48.35000000000001,61.24,0,0
2019-09-11,tabasco,"Huimanguillo, Tabasco",17.8333,-93.3833,7,5.31,34.18,24.73,19.809999999999995,52.95000000000001,65.67,1,0
2019-09-12,tabasco,"Huimanguillo, Tabasco",17.8333,-93.3833,7,18.37,30.31,25.07,27.429999999999996,71.18,82.12,2,0
2019-09-13,tabasco,"Huimanguillo, Tabasco",17.8333,-93.3833,7,16.74,29.88,24.65,40.419999999999995,85.43,96.56,3,0
2019-09-14,tabasco,"Huimanguillo, Tabasco",17.8333,-93.3833,7,16.7,30.12,23.64,51.80999999999999,86.85000000000001,108.60000000000001,4,0
2019-09-15,tabasco,"Huimanguillo, Tabasco",17.8333,-93.3833,7,21.95,28.9,23.98,55.38999999999999,93.57000000000001,128.82,5,1
2019-09-16,tabasco,"Huimanguillo, Tabasco",17.8333,-93.3833,7,22.82,31.51,24.63,61.46999999999999,105.64,150.66,6,1
2019-09-17,tabasco,"Huimanguillo, Tabasco",17.8333,-93.3833,7,20.28,31.63,25.0,65.05,122.17,170.52,7,1
2019-09-18,tabasco,"Huimanguillo, Tabasco",17.8333,-93.3833,7,3.32,30.78,24.14,46.419999999999995,120.18,173.13,0,0
2019-09-19,tabasco,"Huimanguillo, Tabasco",17.8333,-93.3833,7,1.18,31.89,24.67,24.779999999999998,102.99,174.17,0,0
2019-09-20,tabasco,"Huimanguillo, Tabasco",17.8333,-93.3833,7,1.82,32.4,23.8,6.319999999999997,88.07000000000001,173.5,0,0
2019-09-21,tabasco,"Huimanguillo, Tabasco",17.8333,-93.3833,7,3.41,30.81,23.91,6.409999999999997,74.78,161.63,0,0
2019-09-22,tabasco,"Huimanguillo, Tabasco",17.8333,-93.3833,7,2.1,31.7,24.12,7.3299999999999965,54.930000000000014,148.5,0,0
2019-09-23,tabasco,"Huimanguillo, Tabasco",17.8333,-93.3833,7,18.77,29.75,25.04,24.279999999999994,50.88000000000001,156.51999999999998,1,0
2019-09-24,tabasco,"Huimanguillo, Tabasco",17.8333,-93.3833,7,7.13,30.25,25.08,27.999999999999996,37.730000000000004,159.89999999999998,2,0
2019-09-25,tabasco,"Huimanguillo, Tabasco",17.8333,-93.3833,7,1.68,31.67,24.28,27.579999999999995,36.09,156.26999999999998,0,0
2019-09-26,tabasco,"Huimanguillo, Tabasco",17.8333,-93.3833,7,4.05,31.14,25.13,12.859999999999996,38.96000000000001,141.95000000000002,0,0
2019-09-27,tabasco,"Huimanguillo, Tabasco",17.8333,-93.3833,7,8.53,29.34,24.51,14.259999999999994,45.67,133.74,1,0
2019-09-28,tabasco,"Huimanguillo, Tabasco",17.8333,-93.3833,7,16.26,31.91,24.87,28.84,58.52000000000001,133.3,2,0
2019-09-29,tabasco,"Huimanguillo, Tabasco",17.8333,-93.3833,7,8.77,31.16,24.22,33.56,65.19000000000001,120.12,3,0
2019-09-30,tabasco,"Huimanguillo, Tabasco",17.8333,-93.3833,7,2.45,31.7,24.24,27.48,48.870000000000005,99.75,0,0
2019-10-01,tabasco,"Huimanguillo, Tabasco",17.8333,-93.3833,7,3.19,29.62,24.53,14.41,44.93,82.66,0,0
2019-10-02,tabasco,"Huimanguillo, Tabasco",17.8333,-93.3833,7,3.16,30.47,23.86,8.8,46.410000000000004,82.5,0,0
2019-10-03,tabasco,"Huimanguillo, Tabasco",17.8333,-93.3833,7,4.77,31.1,23.77,11.120000000000001,47.13000000000001,86.09,0,0
2019-10-04,tabasco,"Huimanguillo, Tabasco",17.8333,-93.3833,7,20.93,30.49,24.16,28.86,59.53,105.2,1,1
2019-10-05,tabasco,"Huimanguillo, Tabasco",17.8333,-93.3833,7,3.74,30.68,23.57,29.439999999999998,47.010000000000005,105.53,0,0
2019-10-06,tabasco,"Huimanguillo, Tabasco",17.8333,-93.3833,7,13.52,29.24,24.23,38.19,51.76000000000001,116.95,1,0
2019-10-07,tabasco,"Huimanguillo, Tabasco",17.8333,-93.3833,7,7.87,28.43,24.93,25.13,57.18000000000001,106.05000000000001,2,0
2019-10-08,tabasco,"Huimanguillo, Tabasco",17.8333,-93.3833,7,17.37,29.7,23.76,38.760000000000005,71.36000000000001,116.28999999999999,3,0
2019-10-09,tabasco,"Huimanguillo, Tabasco",17.8333,-93.3833,7,9.25,30.46,24.5,34.489999999999995,77.45000000000002,123.86,4,0
2019-10-10,tabasco,"Huimanguillo, Tabasco",17.8333,-93.3833,7,4.79,30.15,24.36,31.41,77.47,124.60000000000001,0,0
2019-10-11,tabasco,"Huimanguillo, Tabasco",17.8333,-93.3833,7,0.52,30.66,24.49,14.56,57.06000000000001,116.59,0,0
2019-10-12,tabasco,"Huimanguillo, Tabasco",17.8333,-93.3833,7,7.71,30.74,24.06,13.02,61.03000000000001,108.03999999999999,1,0
2019-10-13,tabasco,"Huimanguillo, Tabasco",17.8333,-93.3833,7,18.9,30.69,24.16,27.13,66.41,118.17,2,0
2019-10-14,tabasco,"Huimanguillo, Tabasco",17.8333,-93.3833,7,5.19,30.6,24.16,31.8,63.730000000000004,120.91,3,0
2019-10-15,tabasco,"Huimanguillo, Tabasco",17.8333,-93.3833,7,19.26,29.17,24.11,43.35,65.62,136.98000000000002,4,0
2019-10-16,tabasco,"Huimanguillo, Tabasco",17.8333,-93.3833,7,13.87,31.0,24.11,38.32,70.24000000000001,147.69,5,0
2019-10-17,tabasco,"Huimanguillo, Tabasco",17.8333,-93.3833,7,8.45,30.1,25.12,41.580000000000005,73.9,151.37,6,0
2019-10-18,tabasco,"Huimanguillo, Tabasco",17.8333,-93.3833,7,0.83,31.56,23.43,23.15,74.21,131.26999999999998,0,0
2019-10-19,tabasco,"Huimanguillo, Tabasco",17.8333,-93.3833,7,2.15,33.22,24.48,11.43,68.65,129.68,0,0
2019-10-20,tabasco,"Huimanguillo, Tabasco",17.8333,-93.3833,7,0.39,33.39,25.61,3.37,50.14000000000001,116.55,0,0
2019-10-21,tabasco,"Huimanguillo, Tabasco",17.8333,-93.3833,7,0.02,33.92,24.83,2.56,44.97000000000001,108.69999999999999,0,0
2019-10-22,tabasco,"Huimanguillo, Tabasco",17.8333,-93.3833,7,5.47,31.13,25.04,5.88,31.180000000000007,96.8,1,0
2019-10-23,tabasco,"Huimanguillo, Tabasco",17.8333,-93.3833,7,36.78,28.62,23.58,42.27,54.09000000000001,124.33000000000001,2,1
2019-10-24,tabasco,"Huimanguillo, Tabasco",17.8333,-93.3833,7,13.36,28.18,23.45,55.61,59.00000000000001,132.9,3,0
2019-10-25,tabasco,"Huimanguillo, Tabasco",17.8333,-93.3833,7,28.58,29.4,23.31,78.72,86.75,160.95999999999998,4,1
2019-10-26,tabasco,"Huimanguillo, Tabasco",17.8333,-93.3833,7,103.74,25.58,23.28,145.68,188.34,256.99,5,1
2019-10-27,tabasco,"Huimanguillo, Tabasco",17.8333,-93.3833,7,9.85,27.78,23.13,142.17,197.8,247.94,6,0
2019-10-28,tabasco,"Huimanguillo, Tabasco",17.8333,-93.3833,7,0.11,29.21,23.33,113.69999999999999,197.89000000000001,242.86,0,0
2019-10-29,tabasco,"Huimanguillo, Tabasco",17.8333,-93.3833,7,3.53,30.61,23.17,13.489999999999998,195.95000000000002,227.13000000000002,0,0
2019-10-30,tabasco,"Huimanguillo, Tabasco",17.8333,-93.3833,7,1.82,30.58,23.24,5.46,160.99,215.08,0,0
2019-10-31,tabasco,"Huimanguillo, Tabasco",17.8333,-93.3833,7,31.35,29.59,24.23,36.7,178.98,237.98,1,1
2019-11-01,tabasco,"Huimanguillo, Tabasco",17.8333,-93.3833,7,19.14,28.5,24.07,52.31,169.54000000000002,256.29,2,0
2019-11-02,tabasco,"Huimanguillo, Tabasco",17.8333,-93.3833,7,9.04,29.12,24.25,59.53,74.84000000000002,263.18,3,0
2019-11-03,tabasco,"Huimanguillo, Tabasco",17.8333,-93.3833,7,22.57,29.17,24.28,50.75,87.56000000000002,285.36,4,1
2019-11-04,tabasco,"Huimanguillo, Tabasco",17.8333,-93.3833,7,9.45,29.02,23.76,41.06,96.90000000000002,294.78999999999996,5,0
2019-11-05,tabasco,"Huimanguillo, Tabasco",17.8333,-93.3833,7,9.95,29.36,23.96,41.97,103.32000000000002,299.27,6,0
2019-11-06,tabasco,"Huimanguillo, Tabasco",17.8333,-93.3833,7,1.73,29.26,23.49,21.130000000000003,103.23,264.21999999999997,0,0
2019-11-07,tabasco,"Huimanguillo, Tabasco",17.8333,-93.3833,7,1.52,29.46,22.96,13.200000000000003,73.40000000000002,252.38,0,0
2019-11-08,tabasco,"Huimanguillo, Tabasco",17.8333,-93.3833,7,12.86,29.47,24.03,16.110000000000003,67.12000000000002,236.66,1,0
2019-11-09,tabasco,"Huimanguillo, Tabasco",17.8333,-93.3833,7,20.73,28.35,23.42,35.11,78.81,153.65,2,1
2019-11-10,tabasco,"Huimanguillo, Tabasco",17.8333,-93.3833,7,9.78,28.62,22.75,43.370000000000005,66.02000000000001,153.58,3,0
2019-11-11,tabasco,"Huimanguillo, Tabasco",17.8333,-93.3833,7,0.22,29.28,22.03,30.730000000000004,56.79000000000001,153.69,0,0
2019-11-12,tabasco,"Huimanguillo, Tabasco",17.8333,-93.3833,7,21.61,27.99,22.23,31.610000000000003,68.45000000000002,171.76999999999998,1,1
2019-11-13,tabasco,"Huimanguillo, Tabasco",17.8333,-93.3833,7,60.38,25.84,23.06,82.21000000000001,127.10000000000002,230.32999999999998,2,1
2019-11-14,tabasco,"Huimanguillo, Tabasco",17.8333,-93.3833,7,22.31,27.81,22.39,104.30000000000001,147.89000000000001,221.29,3,1
2019-11-15,tabasco,"Huimanguillo, Tabasco",17.8333,-93.3833,7,59.03,26.31,22.4,141.72000000000003,194.06,261.18,4,1
2019-11-16,tabasco,"Huimanguillo, Tabasco",17.8333,-93.3833,7,28.13,26.11,20.39,109.47,201.46,280.27,5,1
2019-11-17,tabasco,"Huimanguillo, Tabasco",17.8333,-93.3833,7,0.35,25.44,18.99,87.51,192.03,258.05,0,0
2019-11-18,tabasco,"Huimanguillo, Tabasco",17.8333,-93.3833,7,0.05,25.82,17.98,28.529999999999998,191.86,248.65,0,0
2019-11-19,tabasco,"Huimanguillo, Tabasco",17.8333,-93.3833,7,0.01,25.51,16.87,0.41,170.26,238.71,0,0
2019-11-20,tabasco,"Huimanguillo, Tabasco",17.8333,-93.3833,7,0.01,25.87,16.32,0.07,109.89,236.99,0,0
2019-11-21,tabasco,"Huimanguillo, Tabasco",17.8333,-93.3833,7,0.07,27.48,17.58,0.09000000000000001,87.65000000000002,235.54,0,0
2019-11-22,tabasco,"Huimanguillo, Tabasco",17.8333,-93.3833,7,0.0,29.95,20.02,0.08000000000000002,28.62000000000001,222.68,0,0
2019-11-23,tabasco,"Huimanguillo, Tabasco",17.8333,-93.3833,7,2.69,29.56,21.88,2.76,3.180000000000014,204.64,0,0
2019-11-24,tabasco,"Huimanguillo, Tabasco",17.8333,-93.3833,7,7.07,28.08,21.76,9.76,9.900000000000015,201.93,1,0
2019-11-25,tabasco,"Huimanguillo, Tabasco",17.8333,-93.3833,7,0.79,28.72,20.46,10.55,10.640000000000015,202.5,0,0
2019-11-26,tabasco,"Huimanguillo, Tabasco",17.8333,-93.3833,7,0.0,31.57,21.0,7.86,10.630000000000013,180.89000000000001,0,0
2019-11-27,tabasco,"Huimanguillo, Tabasco",17.8333,-93.3833,7,0.0,30.23,21.08,0.79,10.620000000000015,120.51,0,0
2019-11-28,tabasco,"Huimanguillo, Tabasco",17.8333,-93.3833,7,1.42,29.31,23.9,1.42,11.970000000000013,99.62,0,0
2019-11-29,tabasco,"Huimanguillo, Tabasco",17.8333,-93.3833,7,0.02,28.96,22.8,1.44,11.990000000000014,40.61,0,0
2019-11-30,tabasco,"Huimanguillo, Tabasco",17.8333,-93.3833,7,0.0,28.14,20.37,1.44,9.300000000000015,12.48,0,0
2019-12-01,tabasco,"Huimanguillo, Tabasco",17.8333,-93.3833,7,0.42,29.71,20.37,0.44,2.650000000000014,12.55,0,0
2019-12-02,tabasco,"Huimanguillo, Tabasco",17.8333,-93.3833,7,4.52,27.84,21.36,4.9399999999999995,6.380000000000013,17.02,0,0
2019-12-03,tabasco,"Huimanguillo, Tabasco",17.8333,-93.3833,7,0.39,27.5,20.33,5.329999999999999,6.770000000000013,17.400000000000002,0,0
2019-12-04,tabasco,"Huimanguillo, Tabasco",17.8333,-93.3833,7,0.09,28.15,19.56,5.0,6.860000000000014,17.48,0,0
2019-12-05,tabasco,"Huimanguillo, Tabasco",17.8333,-93.3833,7,0.02,28.24,19.65,0.5,5.460000000000013,17.43,0,0
2019-12-06,tabasco,"Huimanguillo, Tabasco",17.8333,-93.3833,7,0.26,28.46,20.08,0.37,5.7000000000000135,17.69,0,0
2019-12-07,tabasco,"Huimanguillo, Tabasco",17.8333,-93.3833,7,6.91,27.39,20.19,7.19,12.610000000000014,21.91,1,0
2019-12-08,tabasco,"Huimanguillo, Tabasco",17.8333,-93.3833,7,0.16,26.7,18.58,7.33,12.350000000000014,15.0,0,0
2019-12-09,tabasco,"Huimanguillo, Tabasco",17.8333,-93.3833,7,0.0,27.77,18.4,7.07,7.830000000000013,14.21,0,0
2019-12-10,tabasco,"Huimanguillo, Tabasco",17.8333,-93.3833,7,0.01,31.32,19.06,0.17,7.4500000000000135,14.22,0,0
2019-12-11,tabasco,"Huimanguillo, Tabasco",17.8333,-93.3833,7,22.72,27.92,22.51,22.73,30.080000000000013,36.94,1,1
2019-12-12,tabasco,"Huimanguillo, Tabasco",17.8333,-93.3833,7,8.52,27.96,21.86,31.25,38.58000000000001,44.03999999999999,2,0
2019-12-13,tabasco,"Huimanguillo, Tabasco",17.8333,-93.3833,7,0.09,27.97,20.79,31.33,38.41000000000002,44.11,0,0
2019-12-14,tabasco,"Huimanguillo, Tabasco",17.8333,-93.3833,7,0.01,28.02,20.95,8.62,31.510000000000012,44.12,0,0
2019-12-15,tabasco,"Huimanguillo, Tabasco",17.8333,-93.3833,7,0.0,29.6,20.18,0.09999999999999999,31.350000000000016,43.699999999999996,0,0
2019-12-16,tabasco,"Huimanguillo, Tabasco",17.8333,-93.3833,7,0.01,30.31,20.7,0.02,31.360000000000014,39.19,0,0
2019-12-17,tabasco,"Huimanguillo, Tabasco",17.8333,-93.3833,7,14.35,28.44,21.68,14.36,45.70000000000001,53.15,1,0
2019-12-18,tabasco,"Huimanguillo, Tabasco",17.8333,-93.3833,7,34.44,21.59,18.92,48.8,57.42000000000001,87.5,2,1
2019-12-19,tabasco,"Huimanguillo, Tabasco",17.8333,-93.3833,7,4.14,22.16,18.26,52.93,53.040000000000006,91.61999999999999,0,0
2019-12-20,tabasco,"Huimanguillo, Tabasco",17.8333,-93.3833,7,0.86,24.68,18.37,39.44,53.81000000000001,92.21999999999998,0,0
2019-12-21,tabasco,"Huimanguillo, Tabasco",17.8333,-93.3833,7,3.51,25.83,18.77,8.51,57.31000000000001,88.82,0,0
2019-12-22,tabasco,"Huimanguillo, Tabasco",17.8333,-93.3833,7,31.59,25.09,20.51,35.96,88.9,120.25,1,1
2019-12-23,tabasco,"Huimanguillo, Tabasco",17.8333,-93.3833,7,2.82,24.4,17.25,37.92,91.71000000000001,123.07,0,0
2019-12-24,tabasco,"Huimanguillo, Tabasco",17.8333,-93.3833,7,0.02,24.07,16.47,34.43,77.38000000000001,123.07999999999998,0,0
2019-12-25,tabasco,"Huimanguillo, Tabasco",17.8333,-93.3833,7,0.0,24.01,13.91,2.84,42.94000000000001,100.35999999999999,0,0
2019-12-26,tabasco,"Huimanguillo, Tabasco",17.8333,-93.3833,7,0.0,24.86,13.95,0.02,38.80000000000001,91.83999999999999,0,0
2019-12-27,tabasco,"Huimanguillo, Tabasco",17.8333,-93.3833,7,0.0,25.19,15.89,0.0,37.94000000000001,91.74999999999999,0,0
2019-12-28,tabasco,"Huimanguillo, Tabasco",17.8333,-93.3833,7,0.0,27.7,15.41,0.0,34.430000000000014,91.73999999999998,0,0
2019-12-29,tabasco,"Huimanguillo, Tabasco",17.8333,-93.3833,7,0.0,29.19,18.67,0.0,2.840000000000014,91.73999999999998,0,0
2019-12-30,tabasco,"Huimanguillo, Tabasco",17.8333,-93.3833,7,0.86,28.62,19.2,0.86,0.8800000000000142,92.59,0,0
2019-12-31,tabasco,"Huimanguillo, Tabasco",17.8333,-93.3833,7,3.93,28.08,22.46,4.79,4.790000000000014,82.16999999999999,0,0
2020-01-01,tabasco,"Huimanguillo, Tabasco",17.8333,-93.3833,7,0.64,28.79,21.15,5.43,5.430000000000014,48.37,0,0
2020-01-02,tabasco,"Huimanguillo, Tabasco",17.8333,-93.3833,7,0.01,30.62,20.45,4.58,5.440000000000015,44.239999999999995,0,0
2020-01-03,tabasco,"Huimanguillo, Tabasco",17.8333,-93.3833,7,2.07,30.04,20.74,2.7199999999999998,7.510000000000014,45.449999999999996,0,0
2020-01-04,tabasco,"Huimanguillo, Tabasco",17.8333,-93.3833,7,9.81,24.55,19.52,11.89,17.320000000000014,51.75,1,0
2020-01-05,tabasco,"Huimanguillo, Tabasco",17.8333,-93.3833,7,3.41,22.69,17.78,15.290000000000001,20.730000000000015,23.57,0,0
2020-01-06,tabasco,"Huimanguillo, Tabasco",17.8333,-93.3833,7,0.15,25.19,16.51,13.370000000000001,20.020000000000014,20.9,0,0
2020-01-07,tabasco,"Huimanguillo, Tabasco",17.8333,-93.3833,7,2.62,24.55,17.98,6.18,18.710000000000015,23.5,0,0
2020-01-08,tabasco,"Huimanguillo, Tabasco",17.8333,-93.3833,7,0.24,23.9,17.86,3.01,18.310000000000016,23.740000000000002,0,0
2020-01-09,tabasco,"Huimanguillo, Tabasco",17.8333,-93.3833,7,0.0,27.04,16.7,2.8600000000000003,18.300000000000015,23.740000000000002,0,0
2020-01-10,tabasco,"Huimanguillo, Tabasco",17.8333,-93.3833,7,0.0,29.76,19.99,0.24,16.230000000000018,23.740000000000002,0,0
2020-01-11,tabasco,"Huimanguillo, Tabasco",17.8333,-93.3833,7,2.1,30.11,19.68,2.1,8.520000000000014,25.84,0,0
2020-01-12,tabasco,"Huimanguillo, Tabasco",17.8333,-93.3833,7,4.38,28.62,21.21,6.48,9.490000000000014,30.22,0,0
2020-01-13,tabasco,"Huimanguillo, Tabasco",17.8333,-93.3833,7,3.93,28.8,21.81,10.41,13.270000000000014,33.29,0,0
2020-01-14,tabasco,"Huimanguillo, Tabasco",17.8333,-93.3833,7,0.17,28.49,20.86,8.48,10.820000000000014,29.53,0,0
2020-01-15,tabasco,"Huimanguillo, Tabasco",17.8333,-93.3833,7,1.17,28.22,20.45,5.27,11.750000000000014,30.060000000000002,0,0
2020-01-16,tabasco,"Huimanguillo, Tabasco",17.8333,-93.3833,7,0.24,26.59,20.53,1.579999999999999,11.990000000000014,30.29,0,0
2020-01-17,tabasco,"Huimanguillo, Tabasco",17.8333,-93.3833,7,7.6,28.02,20.6,9.009999999999998,19.590000000000014,35.82,1,0
2020-01-18,tabasco,"Huimanguillo, Tabasco",17.8333,-93.3833,7,2.97,28.24,21.36,10.809999999999999,20.46000000000001,28.98,0,0
2020-01-19,tabasco,"Huimanguillo, Tabasco",17.8333,-93.3833,7,3.51,27.3,21.52,14.079999999999998,19.590000000000014,29.08,0,0
2020-01-20,tabasco,"Huimanguillo, Tabasco",17.8333,-93.3833,7,24.87,26.32,20.46,31.35,40.530000000000015,53.8,1,1
2020-01-21,tabasco,"Huimanguillo, Tabasco",17.8333,-93.3833,7,9.84,23.1,17.23,38.22,50.20000000000002,61.019999999999996,2,0
2020-01-22,tabasco,"Huimanguillo, Tabasco",17.8333,-93.3833,7,0.06,24.32,15.87,34.77,49.09000000000001,60.84,0,0
2020-01-23,tabasco,"Huimanguillo, Tabasco",17.8333,-93.3833,7,0.0,28.5,15.7,9.899999999999997,48.850000000000016,60.84,0,0
2020-01-24,tabasco,"Huimanguillo, Tabasco",17.8333,-93.3833,7,2.12,24.63,20.02,2.1799999999999966,43.37000000000002,62.96,0,0
2020-01-25,tabasco,"Huimanguillo, Tabasco",17.8333,-93.3833,7,0.06,27.48,19.97,2.1799999999999966,40.460000000000015,60.92,0,0
2020-01-26,tabasco,"Huimanguillo, Tabasco",17.8333,-93.3833,7,0.0,29.68,19.2,2.1799999999999966,36.95000000000002,56.54,0,0
2020-01-27,tabasco,"Huimanguillo, Tabasco",17.8333,-93.3833,7,0.02,28.32,20.36,0.07999999999999645,12.100000000000014,52.629999999999995,0,0
2020-01-28,tabasco,"Huimanguillo, Tabasco",17.8333,-93.3833,7,0.0,30.46,20.53,0.019999999999996448,2.2600000000000144,52.459999999999994,0,0
2020-01-29,tabasco,"Huimanguillo, Tabasco",17.8333,-93.3833,7,1.97,27.85,21.21,1.9899999999999964,4.170000000000014,53.26,0,0
2020-01-30,tabasco,"Huimanguillo, Tabasco",17.8333,-93.3833,7,0.95,28.77,20.78,2.9199999999999964,5.120000000000014,53.97,0,0
2020-01-31,tabasco,"Huimanguillo, Tabasco",17.8333,-93.3833,7,0.65,28.87,20.25,3.5699999999999963,3.650000000000014,47.019999999999996,0,0
2020-02-01,tabasco,"Huimanguillo, Tabasco",17.8333,-93.3833,7,25.07,25.44,19.82,26.669999999999998,28.660000000000014,69.12,1,1
2020-02-02,tabasco,"Huimanguillo, Tabasco",17.8333,-93.3833,7,2.29,24.92,17.46,28.009999999999998,30.950000000000014,67.89999999999999,0,0
2020-02-03,tabasco,"Huimanguillo, Tabasco",17.8333,-93.3833,7,0.0,27.43,15.62,27.359999999999996,30.930000000000014,43.03000000000001,0,0
2020-02-04,tabasco,"Huimanguillo, Tabasco",17.8333,-93.3833,7,0.0,31.34,20.17,2.2899999999999965,30.930000000000014,33.190000000000005,0,0
2020-02-05,tabasco,"Huimanguillo, Tabasco",17.8333,-93.3833,7,0.0,32.61,20.31,0.0,28.960000000000015,33.13,0,0
2020-02-06,tabasco,"Huimanguillo, Tabasco",17.8333,-93.3833,7,1.27,31.43,19.39,1.2699999999999965,29.280000000000012,34.4,0,0
2020-02-07,tabasco,"Huimanguillo, Tabasco",17.8333,-93.3833,7,2.76,26.16,19.97,4.029999999999996,31.390000000000015,35.04,0,0
2020-02-08,tabasco,"Huimanguillo, Tabasco",17.8333,-93.3833,7,0.18,28.53,19.21,4.209999999999996,6.500000000000014,35.16,0,0
2020-02-09,tabasco,"Huimanguillo, Tabasco",17.8333,-93.3833,7,0.01,27.88,20.99,2.949999999999996,4.220000000000014,35.17,0,0
2020-02-10,tabasco,"Huimanguillo, Tabasco",17.8333,-93.3833,7,0.0,29.94,17.99,0.18999999999999645,4.220000000000014,35.150000000000006,0,0
2020-02-11,tabasco,"Huimanguillo, Tabasco",17.8333,-93.3833,7,0.0,31.31,19.72,0.009999999999996447,4.220000000000014,35.150000000000006,0,0
2020-02-12,tabasco,"Huimanguillo, Tabasco",17.8333,-93.3833,7,0.0,31.66,21.14,0.0,4.220000000000014,33.18000000000001,0,0
2020-02-13,tabasco,"Huimanguillo, Tabasco",17.8333,-93.3833,7,2.31,29.79,21.61,2.3099999999999965,5.260000000000014,34.54,0,0
2020-02-14,tabasco,"Huimanguillo, Tabasco",17.8333,-93.3833,7,27.52,27.49,22.07,29.829999999999995,30.020000000000014,61.410000000000004,1,1
2020-02-15,tabasco,"Huimanguillo, Tabasco",17.8333,-93.3833,7,6.1,28.91,21.91,35.92999999999999,35.94000000000001,42.440000000000005,2,0
2020-02-16,tabasco,"Huimanguillo, Tabasco",17.8333,-93.3833,7,1.43,28.31,20.84,35.04999999999999,37.360000000000014,41.58,0,0
2020-02-17,tabasco,"Huimanguillo, Tabasco",17.8333,-93.3833,7,0.02,28.66,20.18,7.549999999999996,37.38000000000002,41.599999999999994,0,0
2020-02-18,tabasco,"Huimanguillo, Tabasco",17.8333,-93.3833,7,0.0,30.44,18.71,1.4499999999999964,37.38000000000002,41.599999999999994,0,0
2020-02-19,tabasco,"Huimanguillo, Tabasco",17.8333,-93.3833,7,0.03,30.33,20.0,0.04999999999999645,37.41000000000002,41.629999999999995,0,0
2020-02-20,tabasco,"Huimanguillo, Tabasco",17.8333,-93.3833,7,0.38,30.5,21.04,0.4099999999999965,35.48000000000001,40.74,0,0
2020-02-21,tabasco,"Huimanguillo, Tabasco",17.8333,-93.3833,7,26.72,28.03,21.8,27.129999999999995,34.680000000000014,64.7,1,1
2020-02-22,tabasco,"Huimanguillo, Tabasco",17.8333,-93.3833,7,24.46,25.8,19.28,51.559999999999995,53.04000000000001,88.97999999999999,2,1
2020-02-23,tabasco,"Huimanguillo, Tabasco",17.8333,-93.3833,7,0.11,26.6,18.41,51.29,51.72000000000001,89.08000000000001,0,0
2020-02-24,tabasco,"Huimanguillo, Tabasco",17.8333,-93.3833,7,0.0,31.02,17.21,24.569999999999997,51.70000000000002,89.08000000000001,0,0
2020-02-25,tabasco,"Huimanguillo, Tabasco",17.8333,-93.3833,7,0.01,31.53,19.79,0.11999999999999644,51.710000000000015,89.09,0,0
2020-02-26,tabasco,"Huimanguillo, Tabasco",17.8333,-93.3833,7,17.75,29.47,18.75,17.759999999999998,69.43000000000002,106.84,1,0
2020-02-27,tabasco,"Huimanguillo, Tabasco",17.8333,-93.3833,7,12.78,20.34,17.64,30.54,81.83000000000003,117.31,2,0
2020-02-28,tabasco,"Huimanguillo, Tabasco",17.8333,-93.3833,7,1.91,23.81,17.01,32.44,57.02000000000002,91.69999999999999,0,0
2020-02-29,tabasco,"Huimanguillo, Tabasco",17.8333,-93.3833,7,0.16,24.55,15.94,14.849999999999996,32.72000000000001,85.76,0,0
2020-03-01,tabasco,"Huimanguillo, Tabasco",17.8333,-93.3833,7,0.0,28.44,14.86,2.0699999999999963,32.610000000000014,84.33000000000001,0,0
2020-03-02,tabasco,"Huimanguillo, Tabasco",17.8333,-93.3833,7,0.0,31.85,18.34,0.15999999999999645,32.610000000000014,84.31,0,0
2020-03-03,tabasco,"Huimanguillo, Tabasco",17.8333,-93.3833,7,0.0,34.23,21.58,0.0,32.600000000000016,84.31,0,0
2020-03-04,tabasco,"Huimanguillo, Tabasco",17.8333,-93.3833,7,0.0,33.15,21.34,0.0,14.850000000000014,84.28,0,0
2020-03-05,tabasco,"Huimanguillo, Tabasco",17.8333,-93.3833,7,9.03,28.79,20.66,9.029999999999996,11.100000000000014,92.93,1,0
2020-03-06,tabasco,"Huimanguillo, Tabasco",17.8333,-93.3833,7,6.12,24.28,19.64,15.149999999999995,15.310000000000013,72.33,2,0
2020-03-07,tabasco,"Huimanguillo, Tabasco",17.8333,-93.3833,7,2.48,24.7,18.72,17.629999999999995,17.630000000000013,50.35,0,0
2020-03-08,tabasco,"Huimanguillo, Tabasco",17.8333,-93.3833,7,0.13,26.85,18.31,8.729999999999997,17.760000000000012,50.37,0,0
2020-03-09,tabasco,"Huimanguillo, Tabasco",17.8333,-93.3833,7,0.0,28.36,18.65,2.6099999999999963,17.760000000000012,50.37,0,0
2020-03-10,tabasco,"Huimanguillo, Tabasco",17.8333,-93.3833,7,0.05,28.79,18.83,0.17999999999999644,17.810000000000013,50.410000000000004,0,0
2020-03-11,tabasco,"Huimanguillo, Tabasco",17.8333,-93.3833,7,0.08,27.99,19.2,0.12999999999999645,17.890000000000015,32.739999999999995,0,0
2020-03-12,tabasco,"Huimanguillo, Tabasco",17.8333,-93.3833,7,0.0,30.06,19.22,0.12999999999999645,8.860000000000014,19.96,0,0
2020-03-13,tabasco,"Huimanguillo, Tabasco",17.8333,-93.3833,7,0.0,31.51,19.92,0.07999999999999645,2.7400000000000144,18.05,0,0
2020-03-14,tabasco,"Huimanguillo, Tabasco",17.8333,-93.3833,7,0.0,31.67,20.89,0.0,0.2600000000000142,17.89,0,0
2020-03-15,tabasco,"Huimanguillo, Tabasco",17.8333,-93.3833,7,0.0,31.02,20.59,0.0,0.13000000000001422,17.89,0,0
2020-03-16,tabasco,"Huimanguillo, Tabasco",17.8333,-93.3833,7,0.0,31.06,21.22,0.0,0.13000000000001422,17.89,0,0
2020-03-17,tabasco,"Huimanguillo, Tabasco",17.8333,-93.3833,7,0.29,31.39,20.71,0.2899999999999964,0.3700000000000142,18.18,0,0
2020-03-18,tabasco,"Huimanguillo, Tabasco",17.8333,-93.3833,7,0.0,32.18,20.71,0.2899999999999964,0.2900000000000142,18.18,0,0
2020-03-19,tabasco,"Huimanguillo, Tabasco",17.8333,-93.3833,7,0.0,32.88,21.37,0.2899999999999964,0.2900000000000142,9.15,0,0
2020-03-20,tabasco,"Huimanguillo, Tabasco",17.8333,-93.3833,7,0.0,33.32,22.15,0.0,0.2900000000000142,3.03,0,0
2020-03-21,tabasco,"Huimanguillo, Tabasco",17.8333,-93.3833,7,0.0,31.94,21.58,0.0,0.2900000000000142,0.55,0,0
2020-03-22,tabasco,"Huimanguillo, Tabasco",17.8333,-93.3833,7,0.03,31.92,21.58,0.029999999999996446,0.32000000000001416,0.44999999999999996,0,0
2020-03-23,tabasco,"Huimanguillo, Tabasco",17.8333,-93.3833,7,0.0,33.25,21.19,0.029999999999996446,0.32000000000001416,0.44999999999999996,0,0
2020-03-24,tabasco,"Huimanguillo, Tabasco",17.8333,-93.3833,7,0.0,33.75,20.05,0.029999999999996446,0.03000000000001421,0.4,0,0
2020-03-25,tabasco,"Huimanguillo, Tabasco",17.8333,-93.3833,7,0.0,33.28,22.4,0.0,0.03000000000001421,0.31999999999999995,0,0
2020-03-26,tabasco,"Huimanguillo, Tabasco",17.8333,-93.3833,7,0.0,34.56,21.46,0.0,0.03000000000001421,0.31999999999999995,0,0
2020-03-27,tabasco,"Huimanguillo, Tabasco",17.8333,-93.3833,7,0.0,35.07,21.69,0.0,0.03000000000001421,0.31999999999999995,0,0
2020-03-28,tabasco,"Huimanguillo, Tabasco",17.8333,-93.3833,7,0.0,35.29,22.87,0.0,0.03000000000001421,0.31999999999999995,0,0
2020-03-29,tabasco,"Huimanguillo, Tabasco",17.8333,-93.3833,7,0.01,35.27,23.25,0.009999999999996447,0.010000000000014211,0.32999999999999996,0,0
2020-03-30,tabasco,"Huimanguillo, Tabasco",17.8333,-93.3833,7,0.01,34.54,22.41,0.019999999999996448,0.02000000000001421,0.33999999999999997,0,0
2020-03-31,tabasco,"Huimanguillo, Tabasco",17.8333,-93.3833,7,2.11,33.38,22.84,2.1299999999999963,2.130000000000014,2.1599999999999997,0,0
2020-04-01,tabasco,"Huimanguillo, Tabasco",17.8333,-93.3833,7,0.44,32.42,22.85,2.5599999999999965,2.570000000000014,2.5999999999999996,0,0
2020-04-02,tabasco,"Huimanguillo, Tabasco",17.8333,-93.3833,7,0.07,35.2,22.76,2.6199999999999966,2.640000000000014,2.67,0,0
2020-04-03,tabasco,"Huimanguillo, Tabasco",17.8333,-93.3833,7,0.91,36.6,24.3,1.4199999999999964,3.550000000000014,3.5799999999999996,0,0
2020-04-04,tabasco,"Huimanguillo, Tabasco",17.8333,-93.3833,7,0.02,37.17,23.85,0.9999999999999966,3.570000000000014,3.5999999999999996,0,0
2020-04-05,tabasco,"Huimanguillo, Tabasco",17.8333,-93.3833,7,0.0,37.44,24.12,0.9299999999999965,3.5600000000000143,3.57,0,0
2020-04-06,tabasco,"Huimanguillo, Tabasco",17.8333,-93.3833,7,0.01,37.1,23.88,0.029999999999996446,3.5600000000000143,3.58,0,0
2020-04-07,tabasco,"Huimanguillo, Tabasco",17.8333,-93.3833,7,0.0,37.88,23.65,0.009999999999996447,1.4500000000000142,3.58,0,0
2020-04-08,tabasco,"Huimanguillo, Tabasco",17.8333,-93.3833,7,0.0,39.75,24.01,0.009999999999996447,1.0100000000000142,3.58,0,0
2020-04-09,tabasco,"Huimanguillo, Tabasco",17.8333,-93.3833,7,0.0,38.38,24.76,0.0,0.9400000000000143,3.58,0,0
2020-04-10,tabasco,"Huimanguillo, Tabasco",17.8333,-93.3833,7,0.03,38.96,25.16,0.029999999999996446,0.06000000000001421,3.61,0,0
2020-04-11,tabasco,"Huimanguillo, Tabasco",17.8333,-93.3833,7,0.01,38.19,25.81,0.03999999999999645,0.05000000000001421,3.62,0,0
2020-04-12,tabasco,"Huimanguillo, Tabasco",17.8333,-93.3833,7,0.0,40.93,24.13,0.03999999999999645,0.050000000000014214,3.61,0,0
2020-04-13,tabasco,"Huimanguillo, Tabasco",17.8333,-93.3833,7,0.0,39.96,25.17,0.009999999999996447,0.04000000000001421,3.6,0,0
2020-04-14,tabasco,"Huimanguillo, Tabasco",17.8333,-93.3833,7,0.75,38.17,25.38,0.7499999999999964,0.7900000000000142,2.24,0,0
2020-04-15,tabasco,"Huimanguillo, Tabasco",17.8333,-93.3833,7,2.26,34.55,26.2,3.0099999999999962,3.050000000000014,4.0600000000000005,0,0
2020-04-16,tabasco,"Huimanguillo, Tabasco",17.8333,-93.3833,7,1.53,35.72,25.6,4.5399999999999965,4.580000000000014,5.52,0,0
2020-04-17,tabasco,"Huimanguillo, Tabasco",17.8333,-93.3833,7,0.02,38.47,24.89,3.809999999999996,4.570000000000014,4.63,0,0
2020-04-18,tabasco,"Huimanguillo, Tabasco",17.8333,-93.3833,7,0.0,37.9,25.5,1.5499999999999965,4.560000000000014,4.61,0,0
2020-04-19,tabasco,"Huimanguillo, Tabasco",17.8333,-93.3833,7,0.01,39.93,25.59,0.029999999999996446,4.570000000000014,4.62,0,0
2020-04-20,tabasco,"Huimanguillo, Tabasco",17.8333,-93.3833,7,0.01,40.72,25.87,0.019999999999996448,4.580000000000014,4.62,0,0
2020-04-21,tabasco,"Huimanguillo, Tabasco",17.8333,-93.3833,7,0.0,39.35,25.58,0.019999999999996448,3.830000000000014,4.62,0,0
2020-04-22,tabasco,"Huimanguillo, Tabasco",17.8333,-93.3833,7,0.01,40.12,26.24,0.019999999999996448,1.5800000000000143,4.63,0,0
2020-04-23,tabasco,"Huimanguillo, Tabasco",17.8333,-93.3833,7,0.0,41.73,25.8,0.009999999999996447,0.050000000000014214,4.63,0,0
2020-04-24,tabasco,"Huimanguillo, Tabasco",17.8333,-93.3833,7,0.02,41.14,26.33,0.029999999999996446,0.050000000000014214,4.62,0,0
2020-04-25,tabasco,"Huimanguillo, Tabasco",17.8333,-93.3833,7,0.08,40.28,26.21,0.09999999999999645,0.13000000000001422,4.69,0,0
2020-04-26,tabasco,"Huimanguillo, Tabasco",17.8333,-93.3833,7,20.6,34.9,26.34,20.7,20.720000000000017,25.290000000000003,1,1
2020-04-27,tabasco,"Huimanguillo, Tabasco",17.8333,-93.3833,7,4.74,36.45,25.17,25.42,25.450000000000017,30.03,0,0
2020-04-28,tabasco,"Huimanguillo, Tabasco",17.8333,-93.3833,7,0.12,37.94,24.07,25.459999999999997,25.570000000000014,29.400000000000002,0,0
2020-04-29,tabasco,"Huimanguillo, Tabasco",17.8333,-93.3833,7,0.03,38.64,25.01,4.889999999999997,25.590000000000018,27.17,0,0
2020-04-30,tabasco,"Huimanguillo, Tabasco",17.8333,-93.3833,7,3.63,31.9,25.08,3.7799999999999963,29.220000000000017,29.270000000000003,0,0
2020-05-01,tabasco,"Huimanguillo, Tabasco",17.8333,-93.3833,7,2.42,34.02,23.69,6.0799999999999965,31.62000000000002,31.670000000000005,0,0
2020-05-02,tabasco,"Huimanguillo, Tabasco",17.8333,-93.3833,7,0.06,33.77,23.35,6.109999999999996,31.600000000000016,31.730000000000004,0,0
2020-05-03,tabasco,"Huimanguillo, Tabasco",17.8333,-93.3833,7,0.05,37.54,25.36,2.5299999999999963,11.050000000000015,31.770000000000003,0,0
2020-05-04,tabasco,"Huimanguillo, Tabasco",17.8333,-93.3833,7,0.02,38.74,24.96,0.12999999999999645,6.330000000000014,31.780000000000005,0,0
2020-05-05,tabasco,"Huimanguillo, Tabasco",17.8333,-93.3833,7,0.16,35.36,26.08,0.22999999999999646,6.370000000000013,31.940000000000005,0,0
2020-05-06,tabasco,"Huimanguillo, Tabasco",17.8333,-93.3833,7,9.6,32.78,25.28,9.779999999999996,15.940000000000012,41.53,1,0
2020-05-07,tabasco,"Huimanguillo, Tabasco",17.8333,-93.3833,7,30.19,30.0,24.61,39.949999999999996,42.500000000000014,71.72,2,1
2020-05-08,tabasco,"Huimanguillo, Tabasco",17.8333,-93.3833,7,1.07,36.33,23.86,40.85999999999999,41.15000000000001,72.77000000000001,0,0
2020-05-09,tabasco,"Huimanguillo, Tabasco",17.8333,-93.3833,7,8.2,32.64,25.85,39.46,49.29000000000002,80.89000000000001,1,0
2020-05-10,tabasco,"Huimanguillo, Tabasco",17.8333,-93.3833,7,14.16,31.21,24.45,23.429999999999996,63.40000000000002,74.45,2,0
2020-05-11,tabasco,"Huimanguillo, Tabasco",17.8333,-93.3833,7,2.98,31.9,23.4,25.339999999999996,66.36000000000001,72.69000000000001,0,0
2020-05-12,tabasco,"Huimanguillo, Tabasco",17.8333,-93.3833,7,1.18,34.47,23.52,18.319999999999997,67.38000000000002,73.75,0,0
2020-05-13,tabasco,"Huimanguillo, Tabasco",17.8333,-93.3833,7,0.36,37.16,24.22,4.519999999999996,58.140000000000015,74.08,0,0
2020-05-14,tabasco,"Huimanguillo, Tabasco",17.8333,-93.3833,7,0.84,37.02,25.97,2.3799999999999963,28.790000000000017,71.29,0,0
2020-05-15,tabasco,"Huimanguillo, Tabasco",17.8333,-93.3833,7,0.26,38.53,26.09,1.4599999999999964,27.980000000000018,69.13000000000001,0,0
2020-05-16,tabasco,"Huimanguillo, Tabasco",17.8333,-93.3833,7,0.77,40.3,25.95,1.8699999999999966,20.55000000000002,69.84,0,0
2020-05-17,tabasco,"Huimanguillo, Tabasco",17.8333,-93.3833,7,2.76,39.46,25.63,3.7899999999999965,9.150000000000016,72.55000000000001,0,0
2020-05-18,tabasco,"Huimanguillo, Tabasco",17.8333,-93.3833,7,5.08,34.79,26.01,8.609999999999996,11.250000000000018,77.61000000000001,1,0
2020-05-19,tabasco,"Huimanguillo, Tabasco",17.8333,-93.3833,7,0.59,37.72,25.73,8.429999999999996,10.660000000000018,78.03999999999999,0,0
2020-05-20,tabasco,"Huimanguillo, Tabasco",17.8333,-93.3833,7,0.02,39.81,25.71,5.689999999999997,10.320000000000018,68.46000000000001,0,0
2020-05-21,tabasco,"Huimanguillo, Tabasco",17.8333,-93.3833,7,0.02,39.5,26.45,0.6299999999999965,9.500000000000018,38.29,0,0
2020-05-22,tabasco,"Huimanguillo, Tabasco",17.8333,-93.3833,7,0.9,36.01,26.9,0.9399999999999965,10.140000000000018,38.12,0,0
2020-05-23,tabasco,"Huimanguillo, Tabasco",17.8333,-93.3833,7,1.1,38.14,25.6,2.0199999999999965,10.470000000000017,31.02,0,0
2020-05-24,tabasco,"Huimanguillo, Tabasco",17.8333,-93.3833,7,0.32,39.85,26.58,2.3199999999999963,8.030000000000017,17.18,0,0
2020-05-25,tabasco,"Huimanguillo, Tabasco",17.8333,-93.3833,7,0.05,41.73,26.82,1.4699999999999966,3.0000000000000178,14.25,0,0
2020-05-26,tabasco,"Huimanguillo, Tabasco",17.8333,-93.3833,7,0.42,42.0,26.49,0.7899999999999965,2.830000000000018,13.49,0,0
2020-05-27,tabasco,"Huimanguillo, Tabasco",17.8333,-93.3833,7,1.72,36.81,27.63,2.1899999999999964,4.530000000000018,14.85,0,0
2020-05-28,tabasco,"Huimanguillo, Tabasco",17.8333,-93.3833,7,7.39,37.78,26.55,9.529999999999996,11.900000000000016,21.4,1,0
2020-05-29,tabasco,"Huimanguillo, Tabasco",17.8333,-93.3833,7,40.94,30.63,25.35,50.05,51.94000000000001,62.08,2,1
2020-05-30,tabasco,"Huimanguillo, Tabasco",17.8333,-93.3833,7,93.24,27.36,24.06,141.57,144.08,154.55,3,1
2020-05-31,tabasco,"Huimanguillo, Tabasco",17.8333,-93.3833,7,68.84,28.68,23.99,203.02,212.60000000000002,220.63,4,1
2020-06-01,tabasco,"Huimanguillo, Tabasco",17.8333,-93.3833,7,32.93,28.74,24.31,195.01,245.48,248.48,5,1
2020-06-02,tabasco,"Huimanguillo, Tabasco",17.8333,-93.3833,7,66.63,29.52,23.97,168.4,311.69,314.52,6,1
2020-06-03,tabasco,"Huimanguillo, Tabasco",17.8333,-93.3833,7,80.9,27.21,25.46,180.46,390.87,395.4,7,1
2020-06-04,tabasco,"Huimanguillo, Tabasco",17.8333,-93.3833,7,26.31,30.04,25.74,173.84,409.78999999999996,421.68999999999994,8,1
2020-06-05,tabasco,"Huimanguillo, Tabasco",17.8333,-93.3833,7,16.25,29.48,24.58,123.46000000000001,385.09999999999997,437.03999999999996,9,0
2020-06-06,tabasco,"Huimanguillo, Tabasco",17.8333,-93.3833,7,1.07,30.82,23.57,43.629999999999995,292.93000000000006,437.01,0,0
2020-06-07,tabasco,"Huimanguillo, Tabasco",17.8333,-93.3833,7,0.37,32.62,24.05,17.69,224.46,437.05999999999995,0,0
2020-06-08,tabasco,"Huimanguillo, Tabasco",17.8333,-93.3833,7,0.12,34.6,25.5,1.56,191.65,437.13,0,0
2020-06-09,tabasco,"Huimanguillo, Tabasco",17.8333,-93.3833,7,0.04,35.57,24.22,0.53,125.06,436.75,0,0
2020-06-10,tabasco,"Huimanguillo, Tabasco",17.8333,-93.3833,7,7.78,30.83,25.78,7.94,51.94,442.81,1,0
2020-06-11,tabasco,"Huimanguillo, Tabasco",17.8333,-93.3833,7,4.15,30.89,25.15,11.97,29.78,439.57,0,0
2020-06-12,tabasco,"Huimanguillo, Tabasco",17.8333,-93.3833,7,11.22,30.59,24.29,23.150000000000002,24.75,409.84999999999997,1,0
2020-06-13,tabasco,"Huimanguillo, Tabasco",17.8333,-93.3833,7,9.24,29.66,23.34,24.61,32.92,325.84999999999997,2,0
2020-06-14,tabasco,"Huimanguillo, Tabasco",17.8333,-93.3833,7,1.98,29.57,23.23,22.44,34.53,258.99,0,0
2020-06-15,tabasco,"Huimanguillo, Tabasco",17.8333,-93.3833,7,11.53,30.01,23.45,22.75,45.94,237.59,1,0
2020-06-16,tabasco,"Huimanguillo, Tabasco",17.8333,-93.3833,7,9.96,30.58,24.8,23.47,55.86,180.92000000000002,2,0
2020-06-17,tabasco,"Huimanguillo, Tabasco",17.8333,-93.3833,7,7.48,30.75,24.71,28.97,55.56,107.5,3,0
2020-06-18,tabasco,"Huimanguillo, Tabasco",17.8333,-93.3833,7,4.38,30.62,23.61,21.82,55.79,85.57,0,0
2020-06-19,tabasco,"Huimanguillo, Tabasco",17.8333,-93.3833,7,6.04,30.1,24.19,17.9,50.61,75.36,1,0
2020-06-20,tabasco,"Huimanguillo, Tabasco",17.8333,-93.3833,7,0.4,31.71,24.23,10.82,41.769999999999996,74.69,0,0
2020-06-21,tabasco,"Huimanguillo, Tabasco",17.8333,-93.3833,7,0.31,32.26,25.01,6.75,40.1,74.63,0,0
2020-06-22,tabasco,"Huimanguillo, Tabasco",17.8333,-93.3833,7,1.02,32.77,24.45,1.73,29.59,75.53,0,0
2020-06-23,tabasco,"Huimanguillo, Tabasco",17.8333,-93.3833,7,4.08,28.53,24.65,5.41,23.71,79.57000000000001,0,0
2020-06-24,tabasco,"Huimanguillo, Tabasco",17.8333,-93.3833,7,13.0,30.67,24.64,18.1,29.23,84.79,1,0
2020-06-25,tabasco,"Huimanguillo, Tabasco",17.8333,-93.3833,7,3.89,30.61,25.2,20.97,28.740000000000002,84.53,0,0
2020-06-26,tabasco,"Huimanguillo, Tabasco",17.8333,-93.3833,7,0.07,31.61,24.2,16.96,22.770000000000003,73.38,0,0
2020-06-27,tabasco,"Huimanguillo, Tabasco",17.8333,-93.3833,7,0.06,31.83,24.4,4.0200000000000005,22.43,64.2,0,0
2020-06-28,tabasco,"Huimanguillo, Tabasco",17.8333,-93.3833,7,0.86,32.38,23.26,0.99,22.98,63.08,0,0
2020-06-29,tabasco,"Huimanguillo, Tabasco",17.8333,-93.3833,7,2.32,32.14,23.88,3.2399999999999998,24.28,53.87,0,0
2020-06-30,tabasco,"Huimanguillo, Tabasco",17.8333,-93.3833,7,0.74,31.57,24.02,3.92,20.94,44.65,0,0
2020-07-01,tabasco,"Huimanguillo, Tabasco",17.8333,-93.3833,7,0.2,32.14,23.57,3.26,8.14,37.37,0,0
2020-07-02,tabasco,"Huimanguillo, Tabasco",17.8333,-93.3833,7,2.19,30.39,24.13,3.13,6.4399999999999995,35.18,0,0
2020-07-03,tabasco,"Huimanguillo, Tabasco",17.8333,-93.3833,7,4.82,30.21,23.94,7.21,11.190000000000001,33.96,0,0
2020-07-04,tabasco,"Huimanguillo, Tabasco",17.8333,-93.3833,7,14.94,29.57,24.22,21.95,26.07,48.5,1,0
2020-07-05,tabasco,"Huimanguillo, Tabasco",17.8333,-93.3833,7,0.85,31.26,23.39,20.61,26.06,49.04,0,0
2020-07-06,tabasco,"Huimanguillo, Tabasco",17.8333,-93.3833,7,0.48,31.16,24.89,16.27,24.22,48.5,0,0
2020-07-07,tabasco,"Huimanguillo, Tabasco",17.8333,-93.3833,7,0.67,30.43,24.76,2.0,24.15,45.09,0,0
2020-07-08,tabasco,"Huimanguillo, Tabasco",17.8333,-93.3833,7,0.17,30.48,24.69,1.3199999999999998,24.119999999999997,32.260000000000005,0,0
2020-07-09,tabasco,"Huimanguillo, Tabasco",17.8333,-93.3833,7,1.32,32.19,24.77,2.16,23.25,29.689999999999998,0,0
2020-07-10,tabasco,"Huimanguillo, Tabasco",17.8333,-93.3833,7,16.1,30.19,24.8,17.590000000000003,34.53,45.72,1,0
2020-07-11,tabasco,"Huimanguillo, Tabasco",17.8333,-93.3833,7,2.95,31.3,25.2,20.37,22.54,48.61,0,0
2020-07-12,tabasco,"Huimanguillo, Tabasco",17.8333,-93.3833,7,1.51,31.34,24.37,20.560000000000006,23.2,49.26,0,0
2020-07-13,tabasco,"Huimanguillo, Tabasco",17.8333,-93.3833,7,0.28,32.31,24.19,4.740000000000004,23.0,47.22,0,0
2020-07-14,tabasco,"Huimanguillo, Tabasco",17.8333,-93.3833,7,0.07,32.25,24.19,1.8600000000000037,22.4,46.550000000000004,0,0
2020-07-15,tabasco,"Huimanguillo, Tabasco",17.8333,-93.3833,7,0.1,31.96,24.9,0.4500000000000036,22.33,46.45,0,0
2020-07-16,tabasco,"Huimanguillo, Tabasco",17.8333,-93.3833,7,0.31,31.13,24.09,0.48000000000000353,21.32,44.57,0,0
2020-07-17,tabasco,"Huimanguillo, Tabasco",17.8333,-93.3833,7,0.92,31.29,23.18,1.3300000000000036,6.140000000000001,40.67,0,0
2020-07-18,tabasco,"Huimanguillo, Tabasco",17.8333,-93.3833,7,2.52,30.99,23.64,3.7500000000000036,5.71,28.25,0,0
2020-07-19,tabasco,"Huimanguillo, Tabasco",17.8333,-93.3833,7,5.69,30.57,24.33,9.130000000000004,9.89,33.089999999999996,1,0
2020-07-20,tabasco,"Huimanguillo, Tabasco",17.8333,-93.3833,7,4.18,30.46,24.18,12.390000000000004,13.79,36.79,0,0
2020-07-21,tabasco,"Huimanguillo, Tabasco",17.8333,-93.3833,7,10.56,29.76,24.18,20.430000000000003,24.28,46.68,1,0
2020-07-22,tabasco,"Huimanguillo, Tabasco",17.8333,-93.3833,7,9.16,30.63,24.04,23.900000000000002,33.34,55.67,2,0
2020-07-23,tabasco,"Huimanguillo, Tabasco",17.8333,-93.3833,7,9.48,30.53,24.58,29.200000000000003,42.51,63.83,3,0
2020-07-24,tabasco,"Huimanguillo, Tabasco",17.8333,-93.3833,7,1.76,31.23,24.55,20.400000000000002,43.35,49.49,0,0
2020-07-25,tabasco,"Huimanguillo, Tabasco",17.8333,-93.3833,7,0.86,31.34,25.2,12.100000000000001,41.69,47.4,0,0
2020-07-26,tabasco,"Huimanguillo, Tabasco",17.8333,-93.3833,7,0.69,33.67,24.76,3.310000000000002,36.690000000000005,46.580000000000005,0,0
2020-07-27,tabasco,"Huimanguillo, Tabasco",17.8333,-93.3833,7,5.76,32.25,25.17,7.310000000000001,38.27,52.06,1,0
2020-07-28,tabasco,"Huimanguillo, Tabasco",17.8333,-93.3833,7,3.21,30.57,25.09,9.66,30.92,55.2,0,0
2020-07-29,tabasco,"Huimanguillo, Tabasco",17.8333,-93.3833,7,0.26,31.8,24.46,9.230000000000002,22.02,55.36,0,0
2020-07-30,tabasco,"Huimanguillo, Tabasco",17.8333,-93.3833,7,2.66,30.88,24.6,6.130000000000002,15.2,57.709999999999994,0,0
2020-07-31,tabasco,"Huimanguillo, Tabasco",17.8333,-93.3833,7,0.54,32.11,24.94,3.4600000000000017,13.98,57.330000000000005,0,0
2020-08-01,tabasco,"Huimanguillo, Tabasco",17.8333,-93.3833,7,6.68,31.86,24.37,9.880000000000003,19.8,61.49,1,0
2020-08-02,tabasco,"Huimanguillo, Tabasco",17.8333,-93.3833,7,6.53,31.54,24.24,13.750000000000002,25.64,62.33,2,0
2020-08-03,tabasco,"Huimanguillo, Tabasco",17.8333,-93.3833,7,24.58,30.21,25.02,37.79,44.46,82.73,3,1
2020-08-04,tabasco,"Huimanguillo, Tabasco",17.8333,-93.3833,7,10.24,30.14,24.17,41.35,51.49,82.41,4,0
2020-08-05,tabasco,"Huimanguillo, Tabasco",17.8333,-93.3833,7,18.17,30.01,25.06,52.99,69.4,91.42,5,0
2020-08-06,tabasco,"Huimanguillo, Tabasco",17.8333,-93.3833,7,14.76,30.14,24.34,43.17,81.50000000000001,96.7,6,0
2020-08-07,tabasco,"Huimanguillo, Tabasco",17.8333,-93.3833,7,22.1,27.95,24.06,55.03,103.06,117.03999999999999,7,1
2020-08-08,tabasco,"Huimanguillo, Tabasco",17.8333,-93.3833,7,20.94,30.2,24.16,57.8,117.32000000000001,137.12,8,1
2020-08-09,tabasco,"Huimanguillo, Tabasco",17.8333,-93.3833,7,13.98,30.56,24.92,57.02,124.77000000000001,150.41,9,0
2020-08-10,tabasco,"Huimanguillo, Tabasco",17.8333,-93.3833,7,11.19,30.51,25.21,46.11,111.38,155.84,10,0
2020-08-11,tabasco,"Huimanguillo, Tabasco",17.8333,-93.3833,7,2.04,29.05,25.05,27.21,103.18,154.67,0,0
2020-08-12,tabasco,"Huimanguillo, Tabasco",17.8333,-93.3833,7,0.05,29.14,24.76,13.28,85.06,154.46,0,0
2020-08-13,tabasco,"Huimanguillo, Tabasco",17.8333,-93.3833,7,0.43,30.44,24.77,2.52,70.72999999999999,152.23000000000002,0,0
2020-08-14,tabasco,"Huimanguillo, Tabasco",17.8333,-93.3833,7,1.8,29.29,23.97,2.2800000000000002,50.43,153.48999999999998,0,0
2020-08-15,tabasco,"Huimanguillo, Tabasco",17.8333,-93.3833,7,1.41,29.97,24.64,3.64,30.9,148.22,0,0
2020-08-16,tabasco,"Huimanguillo, Tabasco",17.8333,-93.3833,7,2.82,29.97,24.36,6.029999999999999,19.74,144.51000000000002,0,0
2020-08-17,tabasco,"Huimanguillo, Tabasco",17.8333,-93.3833,7,4.41,29.48,24.1,8.64,12.96,124.34,0,0
2020-08-18,tabasco,"Huimanguillo, Tabasco",17.8333,-93.3833,7,7.58,29.7,23.67,14.809999999999999,18.5,121.68,1,0
2020-08-19,tabasco,"Huimanguillo, Tabasco",17.8333,-93.3833,7,7.76,30.63,23.67,19.75,26.21,111.27,2,0
2020-08-20,tabasco,"Huimanguillo, Tabasco",17.8333,-93.3833,7,12.84,30.45,23.84,28.18,38.620000000000005,109.35,3,0
2020-08-21,tabasco,"Huimanguillo, Tabasco",17.8333,-93.3833,7,6.35,30.94,24.26,26.950000000000003,43.17,93.6,4,0
2020-08-22,tabasco,"Huimanguillo, Tabasco",17.8333,-93.3833,7,9.2,30.77,24.31,28.39,50.96,81.86,5,0
2020-08-23,tabasco,"Huimanguillo, Tabasco",17.8333,-93.3833,7,16.29,28.7,24.9,31.84,64.43,84.16999999999999,6,0
2020-08-24,tabasco,"Huimanguillo, Tabasco",17.8333,-93.3833,7,14.7,27.34,24.59,40.19,74.72,87.67999999999999,7,0
2020-08-25,tabasco,"Huimanguillo, Tabasco",17.8333,-93.3833,7,9.23,31.93,24.23,40.22,76.37,94.86999999999999,8,0
2020-08-26,tabasco,"Huimanguillo, Tabasco",17.8333,-93.3833,7,23.13,30.34,24.41,47.06,91.74,117.94999999999999,9,1
2020-08-27,tabasco,"Huimanguillo, Tabasco",17.8333,-93.3833,7,7.63,32.16,25.01,39.989999999999995,86.53,125.15,10,0
2020-08-28,tabasco,"Huimanguillo, Tabasco",17.8333,-93.3833,7,17.21,29.16,24.61,47.97,97.39,140.56,11,0
2020-08-29,tabasco,"Huimanguillo, Tabasco",17.8333,-93.3833,7,4.47,32.71,24.59,29.31,92.66,143.62,0,0
2020-08-30,tabasco,"Huimanguillo, Tabasco",17.8333,-93.3833,7,2.83,33.48,25.37,24.51,79.2,143.63,0,0
2020-08-31,tabasco,"Huimanguillo, Tabasco",17.8333,-93.3833,7,0.89,32.86,24.54,8.19,65.39,140.11,0,0
2020-09-01,tabasco,"Huimanguillo, Tabasco",17.8333,-93.3833,7,0.04,33.55,23.84,3.7600000000000002,56.199999999999996,132.57,0,0
2020-09-02,tabasco,"Huimanguillo, Tabasco",17.8333,-93.3833,7,1.19,33.13,23.66,2.12,34.26,126.0,0,0
2020-09-03,tabasco,"Huimanguillo, Tabasco",17.8333,-93.3833,7,21.71,30.49,25.32,22.94,48.34,134.87,1,1
2020-09-04,tabasco,"Huimanguillo, Tabasco",17.8333,-93.3833,7,16.26,29.93,24.99,39.160000000000004,47.39,144.78,2,0
2020-09-05,tabasco,"Huimanguillo, Tabasco",17.8333,-93.3833,7,22.17,29.45,24.59,60.14000000000001,65.09,157.75,3,1
2020-09-06,tabasco,"Huimanguillo, Tabasco",17.8333,-93.3833,7,25.74,29.11,25.04,64.17,88.0,167.2,4,1
2020-09-07,tabasco,"Huimanguillo, Tabasco",17.8333,-93.3833,7,14.66,29.94,24.51,62.57,101.77000000000001,167.16,5,0
2020-09-08,tabasco,"Huimanguillo, Tabasco",17.8333,-93.3833,7,9.76,30.43,23.77,50.16,111.49,167.69000000000003,6,0
2020-09-09,tabasco,"Huimanguillo, Tabasco",17.8333,-93.3833,7,7.86,31.01,24.31,32.28,118.16,152.42,7,0
2020-09-10,tabasco,"Huimanguillo, Tabasco",17.8333,-93.3833,7,16.09,31.56,24.65,33.71,112.54,160.88,8,0
2020-09-11,tabasco,"Huimanguillo, Tabasco",17.8333,-93.3833,7,5.71,30.03,24.93,29.660000000000004,101.99,149.38000000000002,9,0
2020-09-12,tabasco,"Huimanguillo, Tabasco",17.8333,-93.3833,7,3.65,29.66,24.73,25.45,83.47,148.56,0,0
2020-09-13,tabasco,"Huimanguillo, Tabasco",17.8333,-93.3833,7,13.42,29.9,23.69,22.78,71.15,159.15,1,0
2020-09-14,tabasco,"Huimanguillo, Tabasco",17.8333,-93.3833,7,13.26,29.17,24.43,30.33,69.75,171.51999999999998,2,0
2020-09-15,tabasco,"Huimanguillo, Tabasco",17.8333,-93.3833,7,10.3,29.17,23.61,36.980000000000004,70.29,181.78,3,0
2020-09-16,tabasco,"Huimanguillo, Tabasco",17.8333,-93.3833,7,14.81,33.15,24.44,38.37,77.24000000000001,195.4,4,0
2020-09-17,tabasco,"Huimanguillo, Tabasco",17.8333,-93.3833,7,23.88,32.22,24.13,48.99,85.03,197.57,5,1
2020-09-18,tabasco,"Huimanguillo, Tabasco",17.8333,-93.3833,7,15.19,29.51,24.49,53.879999999999995,94.51,196.5,6,0
2020-09-19,tabasco,"Huimanguillo, Tabasco",17.8333,-93.3833,7,17.59,29.28,24.14,56.660000000000004,108.45,191.92,7,0
2020-09-20,tabasco,"Huimanguillo, Tabasco",17.8333,-93.3833,7,27.8,27.61,25.13,60.58,122.83,193.98000000000002,8,1
2020-09-21,tabasco,"Huimanguillo, Tabasco",17.8333,-93.3833,7,9.25,27.82,24.49,54.64,118.82,188.57000000000002,9,0
2020-09-22,tabasco,"Huimanguillo, Tabasco",17.8333,-93.3833,7,3.64,30.37,24.15,40.69,112.16,182.45,0,0
2020-09-23,tabasco,"Huimanguillo, Tabasco",17.8333,-93.3833,7,4.66,31.21,24.52,17.55,102.00999999999999,179.25,0,0
2020-09-24,tabasco,"Huimanguillo, Tabasco",17.8333,-93.3833,7,22.33,30.13,25.16,30.63,100.46000000000001,185.49,1,1
2020-09-25,tabasco,"Huimanguillo, Tabasco",17.8333,-93.3833,7,15.86,28.96,25.02,42.849999999999994,101.13,195.64,2,0
2020-09-26,tabasco,"Huimanguillo, Tabasco",17.8333,-93.3833,7,13.33,28.74,24.99,51.52,96.87,205.32,3,0
2020-09-27,tabasco,"Huimanguillo, Tabasco",17.8333,-93.3833,7,2.65,28.14,25.04,31.84,71.72,194.55,0,0
2020-09-28,tabasco,"Huimanguillo, Tabasco",17.8333,-93.3833,7,16.57,31.81,24.17,32.55,79.04,197.86,1,0
2020-09-29,tabasco,"Huimanguillo, Tabasco",17.8333,-93.3833,7,20.22,29.64,24.83,39.44,95.62,207.78,2,1
2020-09-30,tabasco,"Huimanguillo, Tabasco",17.8333,-93.3833,7,61.71,27.09,24.38,98.5,152.67000000000002,254.68,3,1
2020-10-01,tabasco,"Huimanguillo, Tabasco",17.8333,-93.3833,7,72.83,26.59,24.48,154.76,203.17,303.63,4,1
2020-10-02,tabasco,"Huimanguillo, Tabasco",17.8333,-93.3833,7,150.72,25.55,23.77,285.26,338.03,439.15999999999997,5,1
2020-10-03,tabasco,"Huimanguillo, Tabasco",17.8333,-93.3833,7,15.2,27.93,22.79,238.75000000000003,339.90000000000003,436.77,6,0
2020-10-04,tabasco,"Huimanguillo, Tabasco",17.8333,-93.3833,7,1.04,26.87,21.82,166.96000000000004,338.28999999999996,410.01,0,0
2020-10-05,tabasco,"Huimanguillo, Tabasco",17.8333,-93.3833,7,1.21,27.34,22.75,17.450000000000028,322.93,401.97,0,0
2020-10-06,tabasco,"Huimanguillo, Tabasco",17.8333,-93.3833,7,0.23,27.83,21.94,2.4800000000000284,302.94,398.55999999999995,0,0
2020-10-07,tabasco,"Huimanguillo, Tabasco",17.8333,-93.3833,7,8.54,27.2,22.44,9.980000000000027,249.76999999999998,402.44,1,0
2020-10-08,tabasco,"Huimanguillo, Tabasco",17.8333,-93.3833,7,3.16,28.14,22.55,11.930000000000028,180.1,383.27000000000004,0,0
2020-10-09,tabasco,"Huimanguillo, Tabasco",17.8333,-93.3833,7,0.1,29.94,23.39,11.800000000000027,29.48,367.51,0,0
2020-10-10,tabasco,"Huimanguillo, Tabasco",17.8333,-93.3833,7,1.85,30.13,24.13,5.110000000000029,16.13,356.03000000000003,0,0
2020-10-11,tabasco,"Huimanguillo, Tabasco",17.8333,-93.3833,7,6.63,30.91,24.09,8.580000000000028,21.72,360.01,1,0
2020-10-12,tabasco,"Huimanguillo, Tabasco",17.8333,-93.3833,7,2.42,31.55,24.91,10.900000000000029,22.93,345.86,0,0
2020-10-13,tabasco,"Huimanguillo, Tabasco",17.8333,-93.3833,7,4.31,30.36,24.57,13.360000000000028,27.009999999999998,329.95000000000005,0,0
2020-10-14,tabasco,"Huimanguillo, Tabasco",17.8333,-93.3833,7,8.7,28.64,24.16,15.430000000000026,27.169999999999998,276.94,1,0
2020-10-15,tabasco,"Huimanguillo, Tabasco",17.8333,-93.3833,7,3.91,30.42,23.21,16.920000000000027,27.919999999999998,208.01999999999998,0,0
2020-10-16,tabasco,"Huimanguillo, Tabasco",17.8333,-93.3833,7,11.13,29.41,24.67,23.74000000000003,38.949999999999996,68.42999999999999,1,0
2020-10-17,tabasco,"Huimanguillo, Tabasco",17.8333,-93.3833,7,19.37,29.21,24.09,34.410000000000025,56.47,72.6,2,0
2020-10-18,tabasco,"Huimanguillo, Tabasco",17.8333,-93.3833,7,3.63,29.68,22.69,34.13000000000003,53.470000000000006,75.19,0,0
2020-10-19,tabasco,"Huimanguillo, Tabasco",17.8333,-93.3833,7,2.73,29.25,23.29,25.730000000000025,53.78,76.71,0,0
2020-10-20,tabasco,"Huimanguillo, Tabasco",17.8333,-93.3833,7,1.56,29.2,23.37,7.920000000000028,51.03,78.04,0,0
2020-10-21,tabasco,"Huimanguillo, Tabasco",17.8333,-93.3833,7,7.92,29.05,22.95,12.21000000000003,50.25,77.42,1,0
2020-10-22,tabasco,"Huimanguillo, Tabasco",17.8333,-93.3833,7,6.28,29.45,24.07,15.760000000000028,52.620000000000005,80.54,2,0
2020-10-23,tabasco,"Huimanguillo, Tabasco",17.8333,-93.3833,7,22.31,29.41,24.32,36.510000000000026,63.800000000000004,102.75,3,1
2020-10-24,tabasco,"Huimanguillo, Tabasco",17.8333,-93.3833,7,40.09,29.27,24.73,68.68000000000004,84.52000000000001,140.99,4,1
2020-10-25,tabasco,"Huimanguillo, Tabasco",17.8333,-93.3833,7,7.74,29.19,23.13,70.14000000000003,88.63000000000001,142.1,5,0
2020-10-26,tabasco,"Huimanguillo, Tabasco",17.8333,-93.3833,7,0.09,29.06,21.82,47.92000000000003,85.99000000000001,139.76999999999998,0,0
2020-10-27,tabasco,"Huimanguillo, Tabasco",17.8333,-93.3833,7,0.01,28.68,20.73,7.840000000000028,84.44,135.47,0,0
2020-10-28,tabasco,"Huimanguillo, Tabasco",17.8333,-93.3833,7,2.4,30.57,22.64,2.5000000000000284,78.92,129.17,0,0
2020-10-29,tabasco,"Huimanguillo, Tabasco",17.8333,-93.3833,7,83.33,28.89,23.85,85.74000000000002,155.97,208.59,1,1
2020-10-30,tabasco,"Huimanguillo, Tabasco",17.8333,-93.3833,7,299.93,25.23,22.61,385.66,433.59000000000003,497.39,2,1
2020-10-31,tabasco,"Huimanguillo, Tabasco",17.8333,-93.3833,7,21.5,26.74,22.62,404.76000000000005,415.0,499.52000000000004,3,1
2020-11-01,tabasco,"Huimanguillo, Tabasco",17.8333,-93.3833,7,42.04,27.1,22.88,363.4700000000001,449.3,537.9300000000001,4,1
2020-11-02,tabasco,"Huimanguillo, Tabasco",17.8333,-93.3833,7,55.65,26.76,22.84,119.19,504.85999999999996,590.85,5,1
2020-11-03,tabasco,"Huimanguillo, Tabasco",17.8333,-93.3833,7,7.9,25.59,21.54,105.59,512.75,597.19,6,0
2020-11-04,tabasco,"Huimanguillo, Tabasco",17.8333,-93.3833,7,14.9,26.29,21.6,78.45,525.25,604.17,7,0
2020-11-05,tabasco,"Huimanguillo, Tabasco",17.8333,-93.3833,7,66.0,25.88,22.48,88.80000000000001,507.91999999999996,663.89,8,1
2020-11-06,tabasco,"Huimanguillo, Tabasco",17.8333,-93.3833,7,62.29,27.96,24.38,143.19,270.28,703.8700000000001,9,1
2020-11-07,tabasco,"Huimanguillo, Tabasco",17.8333,-93.3833,7,8.05,27.83,22.88,136.34,256.83,671.83,10,0
2020-11-08,tabasco,"Huimanguillo, Tabasco",17.8333,-93.3833,7,0.15,28.4,21.64,70.49000000000001,214.94,664.24,0,0
2020-11-09,tabasco,"Huimanguillo, Tabasco",17.8333,-93.3833,7,0.01,27.95,20.89,8.210000000000015,159.29999999999998,664.16,0,0
2020-11-10,tabasco,"Huimanguillo, Tabasco",17.8333,-93.3833,7,0.08,29.62,18.02,0.2400000000000142,151.48,664.23,0,0
2020-11-11,tabasco,"Huimanguillo, Tabasco",17.8333,-93.3833,7,5.02,30.35,21.45,5.110000000000014,141.6,666.85,1,0
2020-11-12,tabasco,"Huimanguillo, Tabasco",17.8333,-93.3833,7,0.0,28.65,20.91,5.100000000000014,75.6,583.52,0,0
2020-11-13,tabasco,"Huimanguillo, Tabasco",17.8333,-93.3833,7,7.47,29.07,20.72,12.490000000000013,20.78,291.06000000000006,1,0
2020-11-14,tabasco,"Huimanguillo, Tabasco",17.8333,-93.3833,7,10.94,29.05,22.89,18.410000000000014,23.669999999999998,280.50000000000006,2,0
2020-11-15,tabasco,"Huimanguillo, Tabasco",17.8333,-93.3833,7,26.54,28.84,22.16,44.95000000000002,50.06,265.00000000000006,3,1
2020-11-16,tabasco,"Huimanguillo, Tabasco",17.8333,-93.3833,7,38.53,28.33,23.47,76.01000000000002,88.58000000000001,247.88000000000005,4,1
2020-11-17,tabasco,"Huimanguillo, Tabasco",17.8333,-93.3833,7,15.52,27.26,22.68,80.59000000000002,104.02000000000001,255.50000000000006,5,0
2020-11-18,tabasco,"Huimanguillo, Tabasco",17.8333,-93.3833,7,25.02,26.66,23.0,79.07000000000002,124.02,265.62000000000006,6,1
2020-11-19,tabasco,"Huimanguillo, Tabasco",17.8333,-93.3833,7,83.88,27.06,22.55,124.42000000000002,207.89999999999998,283.5,7,1
2020-11-20,tabasco,"Huimanguillo, Tabasco",17.8333,-93.3833,7,27.2,26.36,23.83,136.10000000000002,227.63,248.41000000000003,8,1
2020-11-21,tabasco,"Huimanguillo, Tabasco",17.8333,-93.3833,7,7.72,27.22,23.28,118.80000000000001,224.41,248.08000000000004,9,0
2020-11-22,tabasco,"Huimanguillo, Tabasco",17.8333,-93.3833,7,3.77,27.31,22.13,38.69000000000001,201.64000000000001,251.70000000000005,0,0
2020-11-23,tabasco,"Huimanguillo, Tabasco",17.8333,-93.3833,7,12.06,26.49,20.98,23.550000000000015,175.17000000000002,263.75000000000006,1,0
2020-11-24,tabasco,"Huimanguillo, Tabasco",17.8333,-93.3833,7,1.35,27.97,21.01,17.180000000000017,161.0,265.02000000000004,0,0
2020-11-25,tabasco,"Huimanguillo, Tabasco",17.8333,-93.3833,7,0.02,29.0,20.83,13.430000000000014,136.0,260.02000000000004,0,0
2020-11-26,tabasco,"Huimanguillo, Tabasco",17.8333,-93.3833,7,0.18,28.54,21.51,1.5500000000000143,52.30000000000001,260.20000000000005,0,0
2020-11-27,tabasco,"Huimanguillo, Tabasco",17.8333,-93.3833,7,0.02,28.29,21.96,0.22000000000001418,25.120000000000015,252.75000000000003,0,0
2020-11-28,tabasco,"Huimanguillo, Tabasco",17.8333,-93.3833,7,0.03,28.6,21.8,0.2300000000000142,17.430000000000017,241.84000000000003,0,0
2020-11-29,tabasco,"Huimanguillo, Tabasco",17.8333,-93.3833,7,1.55,28.89,22.5,1.6000000000000143,15.210000000000015,216.85000000000005,0,0
2020-11-30,tabasco,"Huimanguillo, Tabasco",17.8333,-93.3833,7,35.24,27.37,20.56,36.820000000000014,38.390000000000015,213.56000000000006,1,1
2020-12-01,tabasco,"Huimanguillo, Tabasco",17.8333,-93.3833,7,15.81,23.88,18.42,52.600000000000016,52.850000000000016,213.85000000000002,2,0
2020-12-02,tabasco,"Huimanguillo, Tabasco",17.8333,-93.3833,7,0.05,26.02,17.08,51.100000000000016,52.88000000000002,188.88000000000005,0,0
2020-12-03,tabasco,"Huimanguillo, Tabasco",17.8333,-93.3833,7,3.31,27.77,20.41,19.170000000000016,56.01000000000002,108.31000000000006,0,0
2020-12-04,tabasco,"Huimanguillo, Tabasco",17.8333,-93.3833,7,31.6,27.22,21.9,34.960000000000015,87.59000000000002,112.71000000000006,1,1
2020-12-05,tabasco,"Huimanguillo, Tabasco",17.8333,-93.3833,7,11.62,27.82,21.73,46.530000000000015,99.18000000000002,116.61000000000006,2,0
2020-12-06,tabasco,"Huimanguillo, Tabasco",17.8333,-93.3833,7,12.85,25.67,21.36,56.070000000000014,110.48000000000002,125.69000000000005,3,0
2020-12-07,tabasco,"Huimanguillo, Tabasco",17.8333,-93.3833,7,7.3,23.69,19.26,31.770000000000014,82.54,120.93000000000006,4,0
2020-12-08,tabasco,"Huimanguillo, Tabasco",17.8333,-93.3833,7,2.1,23.85,18.49,22.25000000000001,68.83000000000003,121.68000000000006,0,0
2020-12-09,tabasco,"Huimanguillo, Tabasco",17.8333,-93.3833,7,0.12,24.34,17.08,9.520000000000014,68.9,121.78000000000006,0,0
2020-12-10,tabasco,"Huimanguillo, Tabasco",17.8333,-93.3833,7,0.0,24.23,14.94,2.2200000000000144,65.59000000000002,121.60000000000007,0,0
2020-12-11,tabasco,"Huimanguillo, Tabasco",17.8333,-93.3833,7,0.01,27.33,16.7,0.13000000000001422,34.000000000000014,121.59000000000006,0,0
2020-12-12,tabasco,"Huimanguillo, Tabasco",17.8333,-93.3833,7,0.01,28.19,19.41,0.02000000000001421,22.390000000000015,121.57000000000006,0,0
2020-12-13,tabasco,"Huimanguillo, Tabasco",17.8333,-93.3833,7,0.02,29.07,19.82,0.04000000000001421,9.560000000000015,120.04000000000005,0,0
2020-12-14,tabasco,"Huimanguillo, Tabasco",17.8333,-93.3833,7,23.05,28.64,21.98,23.080000000000016,25.310000000000016,107.85000000000005,1,1
2020-12-15,tabasco,"Huimanguillo, Tabasco",17.8333,-93.3833,7,7.41,28.56,21.69,30.480000000000015,30.620000000000015,99.45000000000006,2,0
2020-12-16,tabasco,"Huimanguillo, Tabasco",17.8333,-93.3833,7,0.77,27.36,21.23,31.230000000000015,31.270000000000017,100.17000000000006,0,0
2020-12-17,tabasco,"Huimanguillo, Tabasco",17.8333,-93.3833,7,20.92,26.59,21.65,29.100000000000016,52.19000000000002,117.78000000000006,1,1
2020-12-18,tabasco,"Huimanguillo, Tabasco",17.8333,-93.3833,7,10.06,26.15,21.07,31.750000000000014,62.24000000000002,96.24000000000007,2,0
2020-12-19,tabasco,"Huimanguillo, Tabasco",17.8333,-93.3833,7,0.26,28.07,21.38,31.240000000000016,62.490000000000016,84.88000000000007,0,0
2020-12-20,tabasco,"Huimanguillo, Tabasco",17.8333,-93.3833,7,0.47,26.99,19.78,10.790000000000015,62.94000000000002,72.50000000000006,0,0
2020-12-21,tabasco,"Huimanguillo, Tabasco",17.8333,-93.3833,7,3.92,27.0,19.47,4.650000000000015,43.81000000000002,69.12000000000005,0,0
2020-12-22,tabasco,"Huimanguillo, Tabasco",17.8333,-93.3833,7,2.14,27.14,21.09,6.5300000000000145,38.54000000000002,69.16000000000005,0,0
2020-12-23,tabasco,"Huimanguillo, Tabasco",17.8333,-93.3833,7,0.01,28.14,20.08,6.0700000000000145,37.780000000000015,69.05000000000005,0,0
2020-12-24,tabasco,"Huimanguillo, Tabasco",17.8333,-93.3833,7,10.79,29.07,19.77,12.940000000000014,27.650000000000013,79.84000000000006,1,0
2020-12-25,tabasco,"Huimanguillo, Tabasco",17.8333,-93.3833,7,11.91,21.51,16.35,22.710000000000015,29.500000000000014,91.74000000000007,2,0
2020-12-26,tabasco,"Huimanguillo, Tabasco",17.8333,-93.3833,7,0.69,21.18,14.88,23.390000000000015,29.930000000000014,92.42000000000006,0,0
2020-12-27,tabasco,"Huimanguillo, Tabasco",17.8333,-93.3833,7,0.0,23.42,13.15,12.600000000000014,29.460000000000015,92.40000000000006,0,0
2020-12-28,tabasco,"Huimanguillo, Tabasco",17.8333,-93.3833,7,0.01,24.55,15.4,0.7000000000000142,25.550000000000015,69.36000000000006,0,0
2020-12-29,tabasco,"Huimanguillo, Tabasco",17.8333,-93.3833,7,0.02,25.52,18.48,0.03000000000001421,23.430000000000014,61.970000000000056,0,0
2020-12-30,tabasco,"Huimanguillo, Tabasco",17.8333,-93.3833,7,0.01,28.67,16.72,0.04000000000001421,23.430000000000014,61.21000000000006,0,0
2020-12-31,tabasco,"Huimanguillo, Tabasco",17.8333,-93.3833,7,0.06,30.03,16.49,0.09000000000001421,12.700000000000014,40.35000000000006,0,0
2021-01-01,tabasco,"Huimanguillo, Tabasco",17.8333,-93.3833,7,0.0,27.67,18.65,0.07000000000001422,0.7900000000000141,30.290000000000056,0,0
2021-01-02,tabasco,"Huimanguillo, Tabasco",17.8333,-93.3833,7,0.73,27.84,21.1,0.7900000000000142,0.8300000000000142,30.76000000000006,0,0
2021-01-03,tabasco,"Huimanguillo, Tabasco",17.8333,-93.3833,7,5.35,28.34,22.02,6.080000000000014,6.180000000000014,35.64000000000006,1,0
2021-01-04,tabasco,"Huimanguillo, Tabasco",17.8333,-93.3833,7,15.5,27.78,20.94,21.580000000000013,21.670000000000016,47.220000000000056,2,0
2021-01-05,tabasco,"Huimanguillo, Tabasco",17.8333,-93.3833,7,2.76,26.5,21.33,23.610000000000014,24.410000000000014,47.84000000000005,0,0
2021-01-06,tabasco,"Huimanguillo, Tabasco",17.8333,-93.3833,7,0.08,28.06,20.79,18.34000000000001,24.48000000000001,47.91000000000005,0,0
2021-01-07,tabasco,"Huimanguillo, Tabasco",17.8333,-93.3833,7,13.74,26.91,20.71,16.580000000000013,38.16000000000001,50.860000000000056,1,0
2021-01-08,tabasco,"Huimanguillo, Tabasco",17.8333,-93.3833,7,2.95,23.75,17.96,16.770000000000014,41.110000000000014,41.900000000000055,0,0
2021-01-09,tabasco,"Huimanguillo, Tabasco",17.8333,-93.3833,7,0.15,23.75,16.72,16.840000000000018,40.530000000000015,41.360000000000056,0,0
2021-01-10,tabasco,"Huimanguillo, Tabasco",17.8333,-93.3833,7,0.0,24.29,15.35,3.1000000000000143,35.180000000000014,41.360000000000056,0,0
2021-01-11,tabasco,"Huimanguillo, Tabasco",17.8333,-93.3833,7,13.43,24.79,17.82,13.580000000000014,33.110000000000014,54.78000000000006,1,0
2021-01-12,tabasco,"Huimanguillo, Tabasco",17.8333,-93.3833,7,23.84,23.96,20.12,37.27000000000001,54.19000000000001,78.60000000000005,2,1
2021-01-13,tabasco,"Huimanguillo, Tabasco",17.8333,-93.3833,7,21.13,24.84,19.91,58.40000000000001,75.24000000000001,99.72000000000006,3,1
2021-01-14,tabasco,"Huimanguillo, Tabasco",17.8333,-93.3833,7,2.93,24.97,19.13,47.90000000000001,64.43000000000002,102.59000000000006,0,0
2021-01-15,tabasco,"Huimanguillo, Tabasco",17.8333,-93.3833,7,2.9,24.51,18.89,26.960000000000015,64.38000000000001,105.49000000000007,0,0
2021-01-16,tabasco,"Huimanguillo, Tabasco",17.8333,-93.3833,7,6.93,24.37,16.95,12.760000000000014,71.16000000000003,111.69000000000005,1,0
2021-01-17,tabasco,"Huimanguillo, Tabasco",17.8333,-93.3833,7,0.02,24.46,15.76,9.850000000000014,71.18000000000002,106.36000000000006,0,0
2021-01-18,tabasco,"Huimanguillo, Tabasco",17.8333,-93.3833,7,0.01,24.08,17.48,6.960000000000014,57.76000000000001,90.87000000000005,0,0
2021-01-19,tabasco,"Huimanguillo, Tabasco",17.8333,-93.3833,7,0.31,27.03,17.41,0.34000000000001424,34.23000000000002,88.42000000000006,0,0
2021-01-20,tabasco,"Huimanguillo, Tabasco",17.8333,-93.3833,7,0.31,27.61,21.56,0.6300000000000142,13.410000000000018,88.65000000000006,0,0
2021-01-21,tabasco,"Huimanguillo, Tabasco",17.8333,-93.3833,7,0.0,27.23,20.19,0.6200000000000142,10.480000000000018,74.91000000000005,0,0
2021-01-22,tabasco,"Huimanguillo, Tabasco",17.8333,-93.3833,7,0.0,29.24,18.76,0.3100000000000142,7.580000000000018,71.96000000000006,0,0
2021-01-23,tabasco,"Huimanguillo, Tabasco",17.8333,-93.3833,7,0.0,29.45,19.97,0.0,0.6500000000000178,71.81000000000006,0,0
2021-01-24,tabasco,"Huimanguillo, Tabasco",17.8333,-93.3833,7,0.0,29.05,21.24,0.0,0.6300000000000178,71.81000000000006,0,0
2021-01-25,tabasco,"Huimanguillo, Tabasco",17.8333,-93.3833,7,0.0,31.1,21.45,0.0,0.6200000000000178,58.38000000000005,0,0
2021-01-26,tabasco,"Huimanguillo, Tabasco",17.8333,-93.3833,7,0.0,32.07,20.18,0.0,0.31000000000001776,34.54000000000005,0,0
2021-01-27,tabasco,"Huimanguillo, Tabasco",17.8333,-93.3833,7,5.43,29.68,21.51,5.430000000000014,5.4300000000000175,18.840000000000057,1,0
2021-01-28,tabasco,"Huimanguillo, Tabasco",17.8333,-93.3833,7,26.04,28.01,22.39,31.470000000000013,31.470000000000017,41.95000000000006,2,1
2021-01-29,tabasco,"Huimanguillo, Tabasco",17.8333,-93.3833,7,18.17,26.38,20.48,49.640000000000015,49.640000000000015,57.220000000000056,3,0
2021-01-30,tabasco,"Huimanguillo, Tabasco",17.8333,-93.3833,7,0.17,26.65,18.97,44.38000000000002,49.81000000000002,50.46000000000006,0,0
2021-01-31,tabasco,"Huimanguillo, Tabasco",17.8333,-93.3833,7,2.38,28.16,18.5,20.720000000000017,52.19000000000002,52.82000000000006,0,0
2021-02-01,tabasco,"Huimanguillo, Tabasco",17.8333,-93.3833,7,9.37,25.32,18.35,11.920000000000012,61.56000000000002,62.18000000000006,1,0
2021-02-02,tabasco,"Huimanguillo, Tabasco",17.8333,-93.3833,7,0.66,22.23,15.34,12.410000000000013,62.22000000000001,62.53000000000005,0,0
2021-02-03,tabasco,"Huimanguillo, Tabasco",17.8333,-93.3833,7,0.0,23.38,12.69,10.030000000000012,56.79000000000001,62.220000000000056,0,0
2021-02-04,tabasco,"Huimanguillo, Tabasco",17.8333,-93.3833,7,0.0,26.2,12.9,0.6600000000000142,30.750000000000018,62.220000000000056,0,0
2021-02-05,tabasco,"Huimanguillo, Tabasco",17.8333,-93.3833,7,0.0,31.63,16.68,0.0,12.580000000000016,62.220000000000056,0,0
2021-02-06,tabasco,"Huimanguillo, Tabasco",17.8333,-93.3833,7,0.0,30.95,17.3,0.0,12.410000000000016,62.220000000000056,0,0
2021-02-07,tabasco,"Huimanguillo, Tabasco",17.8333,-93.3833,7,0.08,28.17,19.24,0.08000000000001421,10.110000000000015,62.30000000000006,0,0
2021-02-08,tabasco,"Huimanguillo, Tabasco",17.8333,-93.3833,7,0.01,30.04,19.79,0.09000000000001421,0.7500000000000178,62.31000000000006,0,0
2021-02-09,tabasco,"Huimanguillo, Tabasco",17.8333,-93.3833,7,0.13,29.73,20.77,0.2200000000000142,0.22000000000001776,62.44000000000006,0,0
2021-02-10,tabasco,"Huimanguillo, Tabasco",17.8333,-93.3833,7,0.18,29.44,20.52,0.3200000000000142,0.4000000000000178,57.19000000000006,0,0
2021-02-11,tabasco,"Huimanguillo, Tabasco",17.8333,-93.3833,7,0.03,30.8,20.11,0.3400000000000142,0.43000000000001776,31.180000000000057,0,0
2021-02-12,tabasco,"Huimanguillo, Tabasco",17.8333,-93.3833,7,0.02,30.13,20.79,0.2300000000000142,0.4500000000000178,13.030000000000054,0,0
2021-02-13,tabasco,"Huimanguillo, Tabasco",17.8333,-93.3833,7,0.09,27.14,20.35,0.14000000000001422,0.5400000000000178,12.950000000000054,0,0
2021-02-14,tabasco,"Huimanguillo, Tabasco",17.8333,-93.3833,7,0.0,29.44,18.44,0.11000000000001421,0.46000000000001773,10.570000000000054,0,0
2021-02-15,tabasco,"Huimanguillo, Tabasco",17.8333,-93.3833,7,1.03,27.49,16.86,1.1200000000000143,1.4800000000000177,2.230000000000057,0,0
2021-02-16,tabasco,"Huimanguillo, Tabasco",17.8333,-93.3833,7,1.11,26.38,19.17,2.1400000000000143,2.4600000000000177,2.6800000000000566,0,0
2021-02-17,tabasco,"Huimanguillo, Tabasco",17.8333,-93.3833,7,0.0,32.59,18.8,2.1400000000000143,2.280000000000018,2.6800000000000566,0,0
2021-02-18,tabasco,"Huimanguillo, Tabasco",17.8333,-93.3833,7,0.84,28.41,19.38,1.9500000000000144,3.090000000000018,3.520000000000057,0,0
2021-02-19,tabasco,"Huimanguillo, Tabasco",17.8333,-93.3833,7,23.19,22.77,18.21,24.030000000000015,26.26000000000002,26.710000000000058,1,1
2021-02-20,tabasco,"Huimanguillo, Tabasco",17.8333,-93.3833,7,4.01,21.57,15.85,28.040000000000013,30.18000000000002,30.720000000000056,0,0
2021-02-21,tabasco,"Huimanguillo, Tabasco",17.8333,-93.3833,7,0.03,26.04,14.63,27.230000000000015,30.21000000000002,30.67000000000006,0,0
2021-02-22,tabasco,"Huimanguillo, Tabasco",17.8333,-93.3833,7,0.18,27.87,18.57,4.220000000000014,29.360000000000017,30.840000000000057,0,0
2021-02-23,tabasco,"Huimanguillo, Tabasco",17.8333,-93.3833,7,2.66,27.71,20.79,2.8700000000000143,30.910000000000018,33.37000000000006,0,0
2021-02-24,tabasco,"Huimanguillo, Tabasco",17.8333,-93.3833,7,0.97,28.63,20.27,3.8100000000000147,31.88000000000002,34.16000000000006,0,0
2021-02-25,tabasco,"Huimanguillo, Tabasco",17.8333,-93.3833,7,0.0,29.26,20.05,3.630000000000014,31.04000000000002,34.13000000000006,0,0
2021-02-26,tabasco,"Huimanguillo, Tabasco",17.8333,-93.3833,7,0.0,29.75,19.69,0.9700000000000142,7.850000000000017,34.110000000000056,0,0
2021-02-27,tabasco,"Huimanguillo, Tabasco",17.8333,-93.3833,7,0.0,30.57,20.31,0.0,3.8400000000000176,34.02000000000006,0,0
2021-02-28,tabasco,"Huimanguillo, Tabasco",17.8333,-93.3833,7,0.0,31.22,21.59,0.0,3.8100000000000183,34.02000000000006,0,0
2021-03-01,tabasco,"Huimanguillo, Tabasco",17.8333,-93.3833,7,0.0,31.27,21.86,0.0,3.6300000000000177,32.99000000000006,0,0
2021-03-02,tabasco,"Huimanguillo, Tabasco",17.8333,-93.3833,7,6.9,29.51,20.25,6.900000000000015,7.870000000000018,38.78000000000006,1,0
2021-03-03,tabasco,"Huimanguillo, Tabasco",17.8333,-93.3833,7,22.6,26.62,21.73,29.500000000000014,29.50000000000002,61.38000000000006,2,1
2021-03-04,tabasco,"Huimanguillo, Tabasco",17.8333,-93.3833,7,2.55,29.11,21.72,32.05000000000001,32.05000000000002,63.09000000000005,0,0
2021-03-05,tabasco,"Huimanguillo, Tabasco",17.8333,-93.3833,7,0.08,30.15,20.18,25.230000000000015,32.130000000000024,39.98000000000006,0,0
2021-03-06,tabasco,"Huimanguillo, Tabasco",17.8333,-93.3833,7,4.95,28.78,21.11,7.580000000000014,37.08000000000002,40.92000000000006,0,0
2021-03-07,tabasco,"Huimanguillo, Tabasco",17.8333,-93.3833,7,5.08,26.54,18.52,10.110000000000014,42.160000000000025,45.970000000000056,1,0
2021-03-08,tabasco,"Huimanguillo, Tabasco",17.8333,-93.3833,7,2.1,26.06,18.31,12.130000000000015,44.26000000000002,47.89000000000006,0,0
2021-03-09,tabasco,"Huimanguillo, Tabasco",17.8333,-93.3833,7,0.13,26.84,18.99,7.310000000000015,37.49000000000002,45.360000000000056,0,0
2021-03-10,tabasco,"Huimanguillo, Tabasco",17.8333,-93.3833,7,0.02,28.13,18.57,2.250000000000014,14.910000000000021,44.41000000000006,0,0
2021-03-11,tabasco,"Huimanguillo, Tabasco",17.8333,-93.3833,7,2.47,29.62,20.62,2.6200000000000143,14.830000000000021,46.88000000000006,0,0
2021-03-12,tabasco,"Huimanguillo, Tabasco",17.8333,-93.3833,7,0.47,29.89,20.23,2.960000000000014,15.220000000000022,47.35000000000006,0,0
2021-03-13,tabasco,"Huimanguillo, Tabasco",17.8333,-93.3833,7,0.0,30.42,21.52,2.9400000000000146,10.270000000000021,47.35000000000006,0,0
2021-03-14,tabasco,"Huimanguillo, Tabasco",17.8333,-93.3833,7,0.0,31.74,20.11,0.4700000000000142,5.190000000000022,47.35000000000006,0,0
2021-03-15,tabasco,"Huimanguillo, Tabasco",17.8333,-93.3833,7,0.0,33.12,22.76,0.0,3.090000000000021,47.35000000000006,0,0
2021-03-16,tabasco,"Huimanguillo, Tabasco",17.8333,-93.3833,7,0.0,32.69,21.67,0.0,2.9600000000000213,40.45000000000006,0,0
2021-03-17,tabasco,"Huimanguillo, Tabasco",17.8333,-93.3833,7,0.03,33.36,22.39,0.03000000000001421,2.9700000000000215,17.880000000000056,0,0
2021-03-18,tabasco,"Huimanguillo, Tabasco",17.8333,-93.3833,7,13.73,29.84,22.26,13.760000000000014,14.230000000000022,29.06000000000006,1,0
2021-03-19,tabasco,"Huimanguillo, Tabasco",17.8333,-93.3833,7,13.55,26.72,19.12,27.310000000000016,27.310000000000024,42.53000000000006,2,0
2021-03-20,tabasco,"Huimanguillo, Tabasco",17.8333,-93.3833,7,0.19,26.11,17.87,27.470000000000013,27.50000000000002,37.77000000000006,0,0
2021-03-21,tabasco,"Huimanguillo, Tabasco",17.8333,-93.3833,7,0.01,26.5,17.7,13.750000000000014,27.510000000000023,32.70000000000006,0,0
2021-03-22,tabasco,"Huimanguillo, Tabasco",17.8333,-93.3833,7,0.0,30.69,17.11,0.20000000000001422,27.510000000000023,30.60000000000006,0,0
2021-03-23,tabasco,"Huimanguillo, Tabasco",17.8333,-93.3833,7,0.0,32.98,20.07,0.010000000000014211,27.510000000000023,30.47000000000006,0,0
2021-03-24,tabasco,"Huimanguillo, Tabasco",17.8333,-93.3833,7,0.0,33.86,20.0,0.0,27.480000000000025,30.45000000000006,0,0
2021-03-25,tabasco,"Huimanguillo, Tabasco",17.8333,-93.3833,7,0.0,34.08,20.54,0.0,13.750000000000021,27.98000000000006,0,0
2021-03-26,tabasco,"Huimanguillo, Tabasco",17.8333,-93.3833,7,0.0,31.88,20.5,0.0,0.20000000000002133,27.51000000000006,0,0
2021-03-27,tabasco,"Huimanguillo, Tabasco",17.8333,-93.3833,7,0.0,33.43,21.84,0.0,0.010000000000021316,27.51000000000006,0,0
2021-03-28,tabasco,"Huimanguillo, Tabasco",17.8333,-93.3833,7,0.03,32.95,21.42,0.03000000000001421,0.030000000000021315,27.540000000000056,0,0
2021-03-29,tabasco,"Huimanguillo, Tabasco",17.8333,-93.3833,7,1.21,31.66,22.85,1.2400000000000142,1.2400000000000213,28.750000000000057,0,0
2021-03-30,tabasco,"Huimanguillo, Tabasco",17.8333,-93.3833,7,0.44,32.81,22.3,1.6800000000000141,1.6800000000000213,29.190000000000058,0,0
2021-03-31,tabasco,"Huimanguillo, Tabasco",17.8333,-93.3833,7,0.0,33.64,21.67,1.6500000000000141,1.6800000000000213,29.16000000000006,0,0
2021-04-01,tabasco,"Huimanguillo, Tabasco",17.8333,-93.3833,7,4.4,32.06,23.65,4.840000000000014,6.080000000000021,19.83000000000006,0,0
2021-04-02,tabasco,"Huimanguillo, Tabasco",17.8333,-93.3833,7,14.06,28.05,20.7,18.460000000000015,20.140000000000022,20.340000000000057,1,0
2021-04-03,tabasco,"Huimanguillo, Tabasco",17.8333,-93.3833,7,1.18,27.08,19.37,19.640000000000015,21.32000000000002,21.330000000000055,0,0
2021-04-04,tabasco,"Huimanguillo, Tabasco",17.8333,-93.3833,7,0.17,28.7,18.54,15.410000000000013,21.460000000000022,21.49000000000006,0,0
2021-04-05,tabasco,"Huimanguillo, Tabasco",17.8333,-93.3833,7,0.07,30.4,19.78,1.4200000000000124,20.320000000000025,21.56000000000006,0,0
2021-04-06,tabasco,"Huimanguillo, Tabasco",17.8333,-93.3833,7,0.0,30.2,21.3,0.24000000000001245,19.880000000000024,21.56000000000006,0,0
2021-04-07,tabasco,"Huimanguillo, Tabasco",17.8333,-93.3833,7,0.0,31.86,22.46,0.07000000000001244,19.880000000000024,21.56000000000006,0,0
2021-04-08,tabasco,"Huimanguillo, Tabasco",17.8333,-93.3833,7,0.0,35.38,23.56,0.0,15.480000000000022,21.56000000000006,0,0
2021-04-09,tabasco,"Huimanguillo, Tabasco",17.8333,-93.3833,7,0.0,36.36,22.4,0.0,1.4200000000000212,21.56000000000006,0,0
2021-04-10,tabasco,"Huimanguillo, Tabasco",17.8333,-93.3833,7,0.0,36.89,22.53,0.0,0.24000000000002134,21.56000000000006,0,0
2021-04-11,tabasco,"Huimanguillo, Tabasco",17.8333,-93.3833,7,0.0,37.31,22.14,0.0,0.07000000000002132,21.530000000000058,0,0
2021-04-12,tabasco,"Huimanguillo, Tabasco",17.8333,-93.3833,7,0.38,36.49,22.49,0.38000000000001244,0.3800000000000213,20.700000000000056,0,0
2021-04-13,tabasco,"Huimanguillo, Tabasco",17.8333,-93.3833,7,0.32,37.54,23.71,0.7000000000000124,0.7000000000000213,20.58000000000006,0,0
2021-04-14,tabasco,"Huimanguillo, Tabasco",17.8333,-93.3833,7,0.08,37.8,25.01,0.7800000000000125,0.7800000000000213,20.660000000000057,0,0
2021-04-15,tabasco,"Huimanguillo, Tabasco",17.8333,-93.3833,7,0.0,36.79,24.89,0.40000000000001246,0.7800000000000213,16.260000000000055,0,0
2021-04-16,tabasco,"Huimanguillo, Tabasco",17.8333,-93.3833,7,0.0,39.0,23.78,0.08000000000001244,0.7800000000000213,2.2000000000000566,0,0
2021-04-17,tabasco,"Huimanguillo, Tabasco",17.8333,-93.3833,7,0.0,38.71,24.14,0.0,0.7800000000000213,1.0200000000000569,0,0
2021-04-18,tabasco,"Huimanguillo, Tabasco",17.8333,-93.3833,7,0.24,36.62,24.65,0.24000000000001243,1.0200000000000213,1.0900000000000567,0,0
2021-04-19,tabasco,"Huimanguillo, Tabasco",17.8333,-93.3833,7,0.46,33.37,23.79,0.7000000000000124,1.1000000000000214,1.4800000000000568,0,0
2021-04-20,tabasco,"Huimanguillo, Tabasco",17.8333,-93.3833,7,0.54,33.87,24.68,1.2400000000000124,1.3200000000000214,2.020000000000057,0,0
2021-04-21,tabasco,"Huimanguillo, Tabasco",17.8333,-93.3833,7,1.54,33.29,23.78,2.5400000000000125,2.7800000000000216,3.560000000000057,0,0
2021-04-22,tabasco,"Huimanguillo, Tabasco",17.8333,-93.3833,7,0.58,36.58,24.54,2.6600000000000126,3.3600000000000216,4.1400000000000565,0,0
2021-04-23,tabasco,"Huimanguillo, Tabasco",17.8333,-93.3833,7,0.0,37.62,23.48,2.1200000000000125,3.3600000000000216,4.1400000000000565,0,0
2021-04-24,tabasco,"Huimanguillo, Tabasco",17.8333,-93.3833,7,0.0,39.25,24.21,0.5800000000000124,3.3600000000000216,4.1400000000000565,0,0
2021-04-25,tabasco,"Huimanguillo, Tabasco",17.8333,-93.3833,7,0.0,35.85,25.11,0.0,3.1200000000000214,4.1400000000000565,0,0
2021-04-26,tabasco,"Huimanguillo, Tabasco",17.8333,-93.3833,7,0.0,36.69,24.74,0.0,2.6600000000000215,3.760000000000057,0,0
2021-04-27,tabasco,"Huimanguillo, Tabasco",17.8333,-93.3833,7,0.0,38.84,23.82,0.0,2.1200000000000214,3.4400000000000572,0,0
2021-04-28,tabasco,"Huimanguillo, Tabasco",17.8333,-93.3833,7,0.0,39.69,24.99,0.0,0.5800000000000213,3.360000000000057,0,0
2021-04-29,tabasco,"Huimanguillo, Tabasco",17.8333,-93.3833,7,0.0,40.58,25.9,0.0,0.0,3.360000000000057,0,0
2021-04-30,tabasco,"Huimanguillo, Tabasco",17.8333,-93.3833,7,2.52,35.65,25.56,2.5200000000000125,2.5200000000000213,5.880000000000058,0,0
2021-05-01,tabasco,"Huimanguillo, Tabasco",17.8333,-93.3833,7,6.35,36.38,26.08,8.870000000000012,8.87000000000002,12.230000000000057,1,0
2021-05-02,tabasco,"Huimanguillo, Tabasco",17.8333,-93.3833,7,1.15,34.86,25.36,10.020000000000012,10.020000000000021,13.140000000000057,0,0
2021-05-03,tabasco,"Huimanguillo, Tabasco",17.8333,-93.3833,7,0.0,38.8,24.21,7.500000000000012,10.020000000000021,12.680000000000058,0,0
2021-05-04,tabasco,"Huimanguillo, Tabasco",17.8333,-93.3833,7,0.21,38.41,25.96,1.3600000000000123,10.23000000000002,12.350000000000056,0,0
2021-05-05,tabasco,"Huimanguillo, Tabasco",17.8333,-93.3833,7,8.86,34.96,25.66,9.070000000000011,19.090000000000018,19.670000000000055,1,0
2021-05-06,tabasco,"Huimanguillo, Tabasco",17.8333,-93.3833,7,18.28,32.84,25.44,27.350000000000012,37.37000000000002,37.37000000000006,2,0
2021-05-07,tabasco,"Huimanguillo, Tabasco",17.8333,-93.3833,7,15.86,32.74,24.37,43.000000000000014,50.710000000000015,53.23000000000006,3,0
2021-05-08,tabasco,"Huimanguillo, Tabasco",17.8333,-93.3833,7,3.82,35.33,23.98,37.96000000000001,48.18000000000002,57.050000000000054,0,0
2021-05-09,tabasco,"Huimanguillo, Tabasco",17.8333,-93.3833,7,0.23,36.37,24.32,19.91000000000001,47.26000000000002,57.28000000000006,0,0
2021-05-10,tabasco,"Huimanguillo, Tabasco",17.8333,-93.3833,7,0.28,36.53,24.68,4.330000000000011,47.54000000000002,57.56000000000006,0,0
2021-05-11,tabasco,"Huimanguillo, Tabasco",17.8333,-93.3833,7,0.27,36.69,24.49,0.7800000000000107,47.60000000000002,57.830000000000055,0,0
2021-05-12,tabasco,"Huimanguillo, Tabasco",17.8333,-93.3833,7,1.02,37.75,25.48,1.5700000000000107,39.76000000000002,58.85000000000006,0,0
2021-05-13,tabasco,"Huimanguillo, Tabasco",17.8333,-93.3833,7,21.01,33.36,24.75,22.30000000000001,42.49000000000002,79.86000000000006,1,1
2021-05-14,tabasco,"Huimanguillo, Tabasco",17.8333,-93.3833,7,16.83,31.34,24.07,38.860000000000014,43.46000000000002,94.17000000000006,2,0
2021-05-15,tabasco,"Huimanguillo, Tabasco",17.8333,-93.3833,7,5.49,33.56,23.64,43.330000000000005,45.130000000000024,93.31000000000006,3,0
2021-05-16,tabasco,"Huimanguillo, Tabasco",17.8333,-93.3833,7,1.5,34.14,24.38,23.820000000000007,46.40000000000003,93.66000000000007,0,0
2021-05-17,tabasco,"Huimanguillo, Tabasco",17.8333,-93.3833,7,0.76,34.85,24.8,7.750000000000011,46.880000000000024,94.42000000000006,0,0
2021-05-18,tabasco,"Huimanguillo, Tabasco",17.8333,-93.3833,7,1.02,36.54,25.83,3.280000000000011,47.630000000000024,95.23000000000006,0,0
2021-05-19,tabasco,"Huimanguillo, Tabasco",17.8333,-93.3833,7,0.27,37.53,24.27,2.0500000000000105,46.880000000000024,86.64000000000006,0,0
2021-05-20,tabasco,"Huimanguillo, Tabasco",17.8333,-93.3833,7,6.15,36.43,25.04,7.440000000000011,32.02000000000002,74.51000000000005,1,0
2021-05-21,tabasco,"Huimanguillo, Tabasco",17.8333,-93.3833,7,9.02,34.06,24.73,15.44000000000001,24.210000000000022,67.67000000000006,2,0
2021-05-22,tabasco,"Huimanguillo, Tabasco",17.8333,-93.3833,7,12.2,34.34,24.25,27.37000000000001,30.92000000000002,76.05000000000007,3,0
2021-05-23,tabasco,"Huimanguillo, Tabasco",17.8333,-93.3833,7,12.78,33.82,24.73,34.000000000000014,42.200000000000024,88.60000000000005,4,0
2021-05-24,tabasco,"Huimanguillo, Tabasco",17.8333,-93.3833,7,17.28,30.9,24.81,42.260000000000005,58.72000000000002,105.60000000000005,5,0
2021-05-25,tabasco,"Huimanguillo, Tabasco",17.8333,-93.3833,7,1.7,33.15,24.47,31.760000000000012,59.40000000000003,107.03000000000006,0,0
2021-05-26,tabasco,"Huimanguillo, Tabasco",17.8333,-93.3833,7,2.14,33.39,24.84,21.12000000000001,61.270000000000024,108.15000000000006,0,0
2021-05-27,tabasco,"Huimanguillo, Tabasco",17.8333,-93.3833,7,0.72,33.88,25.38,4.56000000000001,55.840000000000025,87.86000000000006,0,0
2021-05-28,tabasco,"Huimanguillo, Tabasco",17.8333,-93.3833,7,0.22,34.09,25.01,3.0800000000000103,47.04000000000002,71.25000000000006,0,0
2021-05-29,tabasco,"Huimanguillo, Tabasco",17.8333,-93.3833,7,3.07,34.68,26.27,4.0100000000000104,37.910000000000025,68.83000000000006,0,0
2021-05-30,tabasco,"Huimanguillo, Tabasco",17.8333,-93.3833,7,2.72,33.52,24.9,6.0100000000000104,27.850000000000023,70.05000000000005,0,0
2021-05-31,tabasco,"Huimanguillo, Tabasco",17.8333,-93.3833,7,1.81,35.62,24.73,7.60000000000001,12.38000000000002,71.10000000000007,0,0
2021-06-01,tabasco,"Huimanguillo, Tabasco",17.8333,-93.3833,7,0.07,36.24,24.38,4.600000000000011,10.750000000000021,70.15000000000005,0,0
2021-06-02,tabasco,"Huimanguillo, Tabasco",17.8333,-93.3833,7,0.61,35.76,24.22,2.490000000000011,9.220000000000022,70.49000000000005,0,0
2021-06-03,tabasco,"Huimanguillo, Tabasco",17.8333,-93.3833,7,0.75,36.52,24.04,1.4300000000000106,9.250000000000021,65.09000000000006,0,0
2021-06-04,tabasco,"Huimanguillo, Tabasco",17.8333,-93.3833,7,2.45,36.43,24.76,3.8100000000000107,11.480000000000022,58.52000000000005,0,0
2021-06-05,tabasco,"Huimanguillo, Tabasco",17.8333,-93.3833,7,3.11,29.89,25.77,6.310000000000011,11.520000000000021,49.43000000000006,0,0
2021-06-06,tabasco,"Huimanguillo, Tabasco",17.8333,-93.3833,7,0.84,34.11,24.92,6.400000000000011,9.64000000000002,37.49000000000006,0,0
2021-06-07,tabasco,"Huimanguillo, Tabasco",17.8333,-93.3833,7,0.35,35.14,26.14,4.3000000000000105,8.180000000000021,20.560000000000056,0,0
2021-06-08,tabasco,"Huimanguillo, Tabasco",17.8333,-93.3833,7,0.85,36.77,25.68,2.0400000000000107,8.96000000000002,19.710000000000058,0,0
2021-06-09,tabasco,"Huimanguillo, Tabasco",17.8333,-93.3833,7,5.9,33.34,26.27,7.100000000000011,14.250000000000021,23.470000000000056,1,0
2021-06-10,tabasco,"Huimanguillo, Tabasco",17.8333,-93.3833,7,21.42,29.94,24.8,28.170000000000012,34.92000000000002,44.17000000000006,2,1
2021-06-11,tabasco,"Huimanguillo, Tabasco",17.8333,-93.3833,7,23.88,31.33,24.6,51.20000000000002,56.35000000000002,67.83000000000006,3,1
2021-06-12,tabasco,"Huimanguillo, Tabasco",17.8333,-93.3833,7,9.43,31.7,24.05,54.730000000000004,62.670000000000016,74.19000000000005,4,0
2021-06-13,tabasco,"Huimanguillo, Tabasco",17.8333,-93.3833,7,26.63,31.4,24.51,59.940000000000005,88.46000000000002,98.10000000000005,5,1
2021-06-14,tabasco,"Huimanguillo, Tabasco",17.8333,-93.3833,7,23.36,30.8,24.81,59.42000000000001,111.47000000000001,119.65000000000005,6,1
2021-06-15,tabasco,"Huimanguillo, Tabasco",17.8333,-93.3833,7,16.99,28.35,24.53,66.98,127.61000000000001,136.57000000000005,7,0
2021-06-16,tabasco,"Huimanguillo, Tabasco",17.8333,-93.3833,7,19.27,29.23,24.58,59.62000000000001,140.98000000000002,155.23000000000005,8,0
2021-06-17,tabasco,"Huimanguillo, Tabasco",17.8333,-93.3833,7,34.73,29.78,24.05,70.99000000000001,154.29000000000002,189.21000000000004,9,1
2021-06-18,tabasco,"Huimanguillo, Tabasco",17.8333,-93.3833,7,7.74,31.41,23.88,61.74000000000001,138.15000000000003,194.50000000000006,10,0
2021-06-19,tabasco,"Huimanguillo, Tabasco",17.8333,-93.3833,7,1.82,32.79,24.31,44.29000000000001,130.54000000000002,193.21000000000006,0,0
2021-06-20,tabasco,"Huimanguillo, Tabasco",17.8333,-93.3833,7,1.84,32.67,24.85,11.400000000000007,105.75000000000003,194.21000000000006,0,0
2021-06-21,tabasco,"Huimanguillo, Tabasco",17.8333,-93.3833,7,1.45,34.02,25.86,5.110000000000007,83.84,195.31000000000003,0,0
2021-06-22,tabasco,"Huimanguillo, Tabasco",17.8333,-93.3833,7,1.12,33.35,25.85,4.410000000000007,67.97000000000001,195.58000000000004,0,0
2021-06-23,tabasco,"Huimanguillo, Tabasco",17.8333,-93.3833,7,15.19,30.36,25.3,17.760000000000005,63.890000000000015,204.87000000000003,1,0
2021-06-24,tabasco,"Huimanguillo, Tabasco",17.8333,-93.3833,7,8.94,31.64,25.05,25.250000000000007,38.10000000000002,192.39000000000004,2,0
2021-06-25,tabasco,"Huimanguillo, Tabasco",17.8333,-93.3833,7,3.44,30.54,24.13,27.570000000000007,33.80000000000002,171.95000000000005,0,0
2021-06-26,tabasco,"Huimanguillo, Tabasco",17.8333,-93.3833,7,1.26,31.72,24.41,13.640000000000006,33.24000000000002,163.78000000000006,0,0
2021-06-27,tabasco,"Huimanguillo, Tabasco",17.8333,-93.3833,7,6.36,32.02,24.07,11.060000000000008,37.76000000000002,143.51000000000005,1,0
2021-06-28,tabasco,"Huimanguillo, Tabasco",17.8333,-93.3833,7,12.93,32.49,24.17,20.550000000000008,49.24000000000002,133.08000000000004,2,0
2021-06-29,tabasco,"Huimanguillo, Tabasco",17.8333,-93.3833,7,4.15,29.93,24.45,23.440000000000005,52.27000000000002,120.24000000000005,0,0
2021-06-30,tabasco,"Huimanguillo, Tabasco",17.8333,-93.3833,7,10.85,29.34,24.72,27.930000000000007,47.93000000000002,111.82000000000006,1,0
2021-07-01,tabasco,"Huimanguillo, Tabasco",17.8333,-93.3833,7,2.68,27.0,24.06,17.680000000000007,41.67000000000002,79.77000000000005,0,0
2021-07-02,tabasco,"Huimanguillo, Tabasco",17.8333,-93.3833,7,4.19,29.03,22.58,17.720000000000006,42.420000000000016,76.22000000000006,0,0
2021-07-03,tabasco,"Huimanguillo, Tabasco",17.8333,-93.3833,7,0.96,32.4,24.28,7.830000000000008,42.12000000000002,75.36000000000006,0,0
2021-07-04,tabasco,"Huimanguillo, Tabasco",17.8333,-93.3833,7,0.25,31.81,24.86,5.4000000000000075,36.01000000000002,73.77000000000005,0,0
2021-07-05,tabasco,"Huimanguillo, Tabasco",17.8333,-93.3833,7,2.01,31.27,24.94,3.2200000000000077,25.09000000000002,74.33000000000007,0,0
2021-07-06,tabasco,"Huimanguillo, Tabasco",17.8333,-93.3833,7,0.85,32.05,24.27,3.110000000000008,21.79000000000002,74.06000000000006,0,0
2021-07-07,tabasco,"Huimanguillo, Tabasco",17.8333,-93.3833,7,3.75,31.04,25.48,6.610000000000008,14.690000000000023,62.62000000000006,0,0
2021-07-08,tabasco,"Huimanguillo, Tabasco",17.8333,-93.3833,7,0.34,33.58,24.53,4.940000000000008,12.350000000000023,54.02000000000005,0,0
2021-07-09,tabasco,"Huimanguillo, Tabasco",17.8333,-93.3833,7,0.43,32.45,24.54,4.5200000000000085,8.590000000000021,51.01000000000006,0,0
2021-07-10,tabasco,"Huimanguillo, Tabasco",17.8333,-93.3833,7,0.27,32.32,24.17,1.040000000000008,7.900000000000022,50.02000000000006,0,0
2021-07-11,tabasco,"Huimanguillo, Tabasco",17.8333,-93.3833,7,2.2,31.99,22.92,2.9000000000000083,9.850000000000021,45.860000000000056,0,0
2021-07-12,tabasco,"Huimanguillo, Tabasco",17.8333,-93.3833,7,2.2,30.8,23.67,4.670000000000009,10.040000000000022,35.13000000000006,0,0
2021-07-13,tabasco,"Huimanguillo, Tabasco",17.8333,-93.3833,7,6.65,30.7,23.91,11.050000000000008,15.840000000000023,37.63000000000005,1,0
2021-07-14,tabasco,"Huimanguillo, Tabasco",17.8333,-93.3833,7,7.68,29.08,24.1,16.53000000000001,19.770000000000024,34.46000000000006,2,0
2021-07-15,tabasco,"Huimanguillo, Tabasco",17.8333,-93.3833,7,1.39,31.66,24.05,15.720000000000008,20.82000000000002,33.17000000000006,0,0
2021-07-16,tabasco,"Huimanguillo, Tabasco",17.8333,-93.3833,7,0.54,31.16,24.38,9.610000000000008,20.930000000000025,29.520000000000056,0,0
2021-07-17,tabasco,"Huimanguillo, Tabasco",17.8333,-93.3833,7,7.87,30.24,24.53,9.800000000000008,28.530000000000022,36.43000000000006,1,0
2021-07-18,tabasco,"Huimanguillo, Tabasco",17.8333,-93.3833,7,18.53,31.16,24.22,26.94000000000001,44.86000000000002,54.71000000000006,2,0
2021-07-19,tabasco,"Huimanguillo, Tabasco",17.8333,-93.3833,7,3.11,30.65,24.71,29.51000000000001,45.770000000000024,55.81000000000006,0,0
2021-07-20,tabasco,"Huimanguillo, Tabasco",17.8333,-93.3833,7,4.26,30.62,24.6,25.900000000000006,43.38000000000002,59.220000000000056,0,0
2021-07-21,tabasco,"Huimanguillo, Tabasco",17.8333,-93.3833,7,2.78,31.65,24.47,10.150000000000006,38.48000000000002,58.25000000000006,0,0
2021-07-22,tabasco,"Huimanguillo, Tabasco",17.8333,-93.3833,7,0.44,31.21,24.29,7.480000000000007,37.530000000000015,58.35000000000006,0,0
2021-07-23,tabasco,"Huimanguillo, Tabasco",17.8333,-93.3833,7,0.19,31.53,23.46,3.410000000000007,37.18000000000002,58.11000000000006,0,0
2021-07-24,tabasco,"Huimanguillo, Tabasco",17.8333,-93.3833,7,1.46,30.34,24.12,2.090000000000007,30.77000000000002,59.30000000000006,0,0
2021-07-25,tabasco,"Huimanguillo, Tabasco",17.8333,-93.3833,7,0.08,30.9,24.35,1.730000000000007,12.32000000000002,57.18000000000006,0,0
2021-07-26,tabasco,"Huimanguillo, Tabasco",17.8333,-93.3833,7,3.46,30.55,24.46,5.000000000000007,12.670000000000021,58.44000000000006,0,0
2021-07-27,tabasco,"Huimanguillo, Tabasco",17.8333,-93.3833,7,13.05,30.32,24.35,16.590000000000007,21.460000000000022,64.84000000000006,1,0
2021-07-28,tabasco,"Huimanguillo, Tabasco",17.8333,-93.3833,7,3.94,31.7,24.59,20.45000000000001,22.620000000000022,61.10000000000006,0,0
2021-07-29,tabasco,"Huimanguillo, Tabasco",17.8333,-93.3833,7,11.99,29.87,24.93,28.980000000000008,34.17000000000002,71.70000000000006,1,0
2021-07-30,tabasco,"Huimanguillo, Tabasco",17.8333,-93.3833,7,3.73,31.44,23.98,19.660000000000007,37.71000000000002,74.89000000000006,0,0
2021-07-31,tabasco,"Huimanguillo, Tabasco",17.8333,-93.3833,7,4.57,30.46,25.05,20.290000000000006,40.82000000000002,71.59000000000006,0,0
2021-08-01,tabasco,"Huimanguillo, Tabasco",17.8333,-93.3833,7,2.81,31.12,24.67,11.110000000000008,43.55000000000002,55.870000000000054,0,0
2021-08-02,tabasco,"Huimanguillo, Tabasco",17.8333,-93.3833,7,0.42,31.51,24.52,7.800000000000008,40.510000000000026,53.18000000000006,0,0
2021-08-03,tabasco,"Huimanguillo, Tabasco",17.8333,-93.3833,7,2.86,30.97,24.77,6.090000000000007,30.32000000000002,51.78000000000006,0,0
2021-08-04,tabasco,"Huimanguillo, Tabasco",17.8333,-93.3833,7,15.08,31.25,24.23,18.360000000000007,41.46000000000002,64.08000000000006,1,0
2021-08-05,tabasco,"Huimanguillo, Tabasco",17.8333,-93.3833,7,5.06,30.25,24.67,23.000000000000004,34.53000000000002,68.70000000000006,2,0
2021-08-06,tabasco,"Huimanguillo, Tabasco",17.8333,-93.3833,7,2.87,30.83,25.36,23.010000000000005,33.67000000000002,71.38000000000007,0,0
2021-08-07,tabasco,"Huimanguillo, Tabasco",17.8333,-93.3833,7,7.21,30.84,24.39,15.140000000000008,36.310000000000024,77.13000000000005,1,0
2021-08-08,tabasco,"Huimanguillo, Tabasco",17.8333,-93.3833,7,3.29,32.04,23.85,13.370000000000008,36.79000000000002,80.34000000000006,0,0
2021-08-09,tabasco,"Huimanguillo, Tabasco",17.8333,-93.3833,7,1.61,32.71,23.52,12.110000000000007,37.980000000000025,78.49000000000007,0,0
2021-08-10,tabasco,"Huimanguillo, Tabasco",17.8333,-93.3833,7,1.99,31.53,23.85,6.890000000000008,37.11000000000002,67.43000000000005,0,0
2021-08-11,tabasco,"Huimanguillo, Tabasco",17.8333,-93.3833,7,6.73,31.34,24.32,10.330000000000009,28.76000000000002,70.22000000000006,1,0
2021-08-12,tabasco,"Huimanguillo, Tabasco",17.8333,-93.3833,7,4.25,31.44,23.97,12.97000000000001,27.95000000000002,62.48000000000006,0,0
2021-08-13,tabasco,"Huimanguillo, Tabasco",17.8333,-93.3833,7,10.67,30.91,24.47,21.650000000000006,35.75000000000002,69.42000000000006,1,0
2021-08-14,tabasco,"Huimanguillo, Tabasco",17.8333,-93.3833,7,3.65,30.67,24.48,18.570000000000007,32.19000000000002,68.50000000000006,0,0
2021-08-15,tabasco,"Huimanguillo, Tabasco",17.8333,-93.3833,7,4.69,31.25,24.95,19.010000000000005,33.590000000000025,70.38000000000005,0,0
2021-08-16,tabasco,"Huimanguillo, Tabasco",17.8333,-93.3833,7,1.38,30.23,24.48,9.720000000000006,33.36000000000002,71.34000000000006,0,0
2021-08-17,tabasco,"Huimanguillo, Tabasco",17.8333,-93.3833,7,1.44,31.73,24.19,7.510000000000007,32.810000000000024,69.92000000000006,0,0
2021-08-18,tabasco,"Huimanguillo, Tabasco",17.8333,-93.3833,7,0.39,33.53,24.67,3.210000000000007,26.47000000000002,55.23000000000006,0,0
2021-08-19,tabasco,"Huimanguillo, Tabasco",17.8333,-93.3833,7,3.78,31.21,25.62,5.6100000000000065,26.00000000000002,53.95000000000006,0,0
2021-08-20,tabasco,"Huimanguillo, Tabasco",17.8333,-93.3833,7,1.48,31.05,24.78,5.6500000000000075,16.81000000000002,52.56000000000005,0,0
2021-08-21,tabasco,"Huimanguillo, Tabasco",17.8333,-93.3833,7,5.58,29.93,24.08,10.840000000000007,18.74000000000002,50.93000000000006,1,0
2021-08-22,tabasco,"Huimanguillo, Tabasco",17.8333,-93.3833,7,6.38,31.76,24.05,13.440000000000008,20.43000000000002,54.02000000000006,2,0
2021-08-23,tabasco,"Huimanguillo, Tabasco",17.8333,-93.3833,7,18.99,30.32,24.36,30.950000000000006,38.04000000000002,71.40000000000005,3,0
2021-08-24,tabasco,"Huimanguillo, Tabasco",17.8333,-93.3833,7,1.61,30.72,24.33,26.980000000000004,38.21000000000002,71.02000000000005,0,0
2021-08-25,tabasco,"Huimanguillo, Tabasco",17.8333,-93.3833,7,0.26,31.37,24.37,20.860000000000007,38.08000000000002,64.55000000000005,0,0
2021-08-26,tabasco,"Huimanguillo, Tabasco",17.8333,-93.3833,7,0.1,31.41,24.1,1.9700000000000073,34.40000000000002,60.400000000000055,0,0
2021-08-27,tabasco,"Huimanguillo, Tabasco",17.8333,-93.3833,7,0.4,31.99,23.84,0.7600000000000071,33.320000000000014,50.13000000000006,0,0
2021-08-28,tabasco,"Huimanguillo, Tabasco",17.8333,-93.3833,7,0.23,32.62,22.31,0.7300000000000071,27.97000000000002,46.71000000000005,0,0
2021-08-29,tabasco,"Huimanguillo, Tabasco",17.8333,-93.3833,7,9.85,31.9,24.51,10.480000000000008,31.44000000000002,51.870000000000054,1,0
2021-08-30,tabasco,"Huimanguillo, Tabasco",17.8333,-93.3833,7,3.48,33.1,24.76,13.560000000000008,15.930000000000021,53.97000000000005,0,0
2021-08-31,tabasco,"Huimanguillo, Tabasco",17.8333,-93.3833,7,1.4,32.05,25.01,14.730000000000008,15.72000000000002,53.93000000000006,0,0
2021-09-01,tabasco,"Huimanguillo, Tabasco",17.8333,-93.3833,7,9.12,32.55,24.51,14.000000000000005,24.58000000000002,62.66000000000005,1,0
2021-09-02,tabasco,"Huimanguillo, Tabasco",17.8333,-93.3833,7,1.79,33.13,24.85,12.310000000000006,26.27000000000002,60.67000000000005,0,0
2021-09-03,tabasco,"Huimanguillo, Tabasco",17.8333,-93.3833,7,2.08,32.89,24.06,12.990000000000006,27.95000000000002,61.27000000000005,0,0
2021-09-04,tabasco,"Huimanguillo, Tabasco",17.8333,-93.3833,7,20.53,30.79,24.32,24.400000000000006,48.25000000000002,76.22000000000006,1,1
2021-09-05,tabasco,"Huimanguillo, Tabasco",17.8333,-93.3833,7,13.08,30.27,23.39,35.690000000000005,51.48000000000002,82.92000000000006,2,0
2021-09-06,tabasco,"Huimanguillo, Tabasco",17.8333,-93.3833,7,8.92,29.59,23.72,42.53000000000001,56.92000000000002,72.85000000000005,3,0
2021-09-07,tabasco,"Huimanguillo, Tabasco",17.8333,-93.3833,7,7.96,28.58,23.91,29.960000000000004,63.480000000000025,79.20000000000006,4,0
2021-09-08,tabasco,"Huimanguillo, Tabasco",17.8333,-93.3833,7,14.27,30.59,23.77,31.150000000000002,68.63000000000002,93.21000000000006,5,0
2021-09-09,tabasco,"Huimanguillo, Tabasco",17.8333,-93.3833,7,15.52,30.15,24.91,37.75,82.36000000000001,108.63000000000005,6,0
2021-09-10,tabasco,"Huimanguillo, Tabasco",17.8333,-93.3833,7,61.56,29.03,24.07,91.35,141.84000000000003,169.79000000000008,7,1
2021-09-11,tabasco,"Huimanguillo, Tabasco",17.8333,-93.3833,7,45.6,28.64,24.51,122.68,166.91000000000003,215.16000000000005,8,1
2021-09-12,tabasco,"Huimanguillo, Tabasco",17.8333,-93.3833,7,29.85,30.74,24.46,137.01,183.68,235.16000000000005,9,1
2021-09-13,tabasco,"Huimanguillo, Tabasco",17.8333,-93.3833,7,11.96,31.9,24.88,87.41,186.72000000000003,243.64000000000007,10,0
2021-09-14,tabasco,"Huimanguillo, Tabasco",17.8333,-93.3833,7,0.05,33.18,24.19,41.86,178.81000000000003,242.29000000000005,0,0
2021-09-15,tabasco,"Huimanguillo, Tabasco",17.8333,-93.3833,7,0.05,33.85,24.22,12.06,164.59000000000003,233.22000000000006,0,0
2021-09-16,tabasco,"Huimanguillo, Tabasco",17.8333,-93.3833,7,16.27,32.69,25.53,16.369999999999997,165.34000000000003,247.70000000000007,1,0
2021-09-17,tabasco,"Huimanguillo, Tabasco",17.8333,-93.3833,7,11.35,31.09,25.08,27.67,115.13000000000002,256.97,2,0
2021-09-18,tabasco,"Huimanguillo, Tabasco",17.8333,-93.3833,7,11.98,30.91,24.85,39.6,81.51000000000003,248.42000000000004,3,0
2021-09-19,tabasco,"Huimanguillo, Tabasco",17.8333,-93.3833,7,3.81,31.52,24.38,27.14,55.47000000000002,239.15000000000006,0,0
2021-09-20,tabasco,"Huimanguillo, Tabasco",17.8333,-93.3833,7,0.08,30.75,24.79,15.870000000000001,43.590000000000025,230.31000000000006,0,0
2021-09-21,tabasco,"Huimanguillo, Tabasco",17.8333,-93.3833,7,1.86,31.29,24.65,5.75,45.40000000000003,224.21000000000006,0,0
2021-09-22,tabasco,"Huimanguillo, Tabasco",17.8333,-93.3833,7,13.56,29.89,25.04,15.5,58.910000000000025,223.50000000000006,1,0
2021-09-23,tabasco,"Huimanguillo, Tabasco",17.8333,-93.3833,7,4.28,30.19,23.96,19.7,46.92000000000002,212.26000000000005,0,0
2021-09-24,tabasco,"Huimanguillo, Tabasco",17.8333,-93.3833,7,0.9,30.68,23.78,18.740000000000002,36.47000000000003,151.60000000000005,0,0
2021-09-25,tabasco,"Huimanguillo, Tabasco",17.8333,-93.3833,7,0.49,29.8,23.93,5.67,24.98000000000002,106.49000000000005,0,0
2021-09-26,tabasco,"Huimanguillo, Tabasco",17.8333,-93.3833,7,0.37,29.3,23.96,1.76,21.54000000000002,77.01000000000006,0,0
2021-09-27,tabasco,"Huimanguillo, Tabasco",17.8333,-93.3833,7,0.15,30.66,23.61,1.01,21.610000000000024,65.20000000000006,0,0
2021-09-28,tabasco,"Huimanguillo, Tabasco",17.8333,-93.3833,7,0.69,31.84,23.74,1.21,20.44000000000002,65.84000000000006,0,0
2021-09-29,tabasco,"Huimanguillo, Tabasco",17.8333,-93.3833,7,1.68,32.57,24.39,2.52,8.560000000000022,67.47000000000006,0,0
2021-09-30,tabasco,"Huimanguillo, Tabasco",17.8333,-93.3833,7,0.6,31.8,24.38,2.9699999999999998,4.880000000000021,51.80000000000006,0,0
2021-10-01,tabasco,"Huimanguillo, Tabasco",17.8333,-93.3833,7,0.29,32.22,23.82,2.57,4.270000000000021,40.74000000000006,0,0
2021-10-02,tabasco,"Huimanguillo, Tabasco",17.8333,-93.3833,7,1.02,31.77,24.2,1.9099999999999997,4.800000000000021,29.780000000000054,0,0
2021-10-03,tabasco,"Huimanguillo, Tabasco",17.8333,-93.3833,7,4.83,30.98,24.12,6.14,9.260000000000021,30.800000000000058,0,0
2021-10-04,tabasco,"Huimanguillo, Tabasco",17.8333,-93.3833,7,13.57,28.92,23.79,19.42,22.68000000000002,44.29000000000006,1,0
2021-10-05,tabasco,"Huimanguillo, Tabasco",17.8333,-93.3833,7,9.63,29.92,23.88,28.03,31.620000000000026,52.06000000000006,2,0
2021-10-06,tabasco,"Huimanguillo, Tabasco",17.8333,-93.3833,7,16.58,29.6,24.18,39.78,46.520000000000024,55.080000000000055,3,0
2021-10-07,tabasco,"Huimanguillo, Tabasco",17.8333,-93.3833,7,31.73,29.6,24.27,57.94,77.65000000000002,82.53000000000006,4,1
2021-10-08,tabasco,"Huimanguillo, Tabasco",17.8333,-93.3833,7,31.12,30.16,24.11,79.43,108.48000000000002,112.75000000000006,5,1
2021-10-09,tabasco,"Huimanguillo, Tabasco",17.8333,-93.3833,7,26.05,29.12,24.37,88.9,133.51000000000002,138.31000000000006,6,1
2021-10-10,tabasco,"Huimanguillo, Tabasco",17.8333,-93.3833,7,1.27,31.82,22.78,58.44,129.95000000000002,139.21000000000006,0,0
2021-10-11,tabasco,"Huimanguillo, Tabasco",17.8333,-93.3833,7,0.03,33.27,24.0,27.35,116.41000000000001,139.09000000000003,0,0
2021-10-12,tabasco,"Huimanguillo, Tabasco",17.8333,-93.3833,7,0.05,32.81,25.0,1.35,106.83000000000003,138.45000000000005,0,0
2021-10-13,tabasco,"Huimanguillo, Tabasco",17.8333,-93.3833,7,0.01,32.83,24.31,0.09,90.26000000000002,136.78000000000006,0,0
2021-10-14,tabasco,"Huimanguillo, Tabasco",17.8333,-93.3833,7,0.0,32.26,24.19,0.060000000000000005,58.53000000000002,136.18000000000004,0,0
2021-10-15,tabasco,"Huimanguillo, Tabasco",17.8333,-93.3833,7,0.85,31.61,22.8,0.86,28.260000000000023,136.74000000000007,0,0
2021-10-16,tabasco,"Huimanguillo, Tabasco",17.8333,-93.3833,7,11.83,28.38,23.85,12.68,14.04000000000002,147.55000000000004,1,0
2021-10-17,tabasco,"Huimanguillo, Tabasco",17.8333,-93.3833,7,34.59,28.32,24.24,47.27,47.36000000000003,177.31000000000006,2,1
2021-10-18,tabasco,"Huimanguillo, Tabasco",17.8333,-93.3833,7,17.19,28.46,23.71,63.61,64.52000000000002,180.93000000000006,3,0
2021-10-19,tabasco,"Huimanguillo, Tabasco",17.8333,-93.3833,7,21.72,27.35,23.77,73.5,86.19000000000003,193.02000000000004,4,1
2021-10-20,tabasco,"Huimanguillo, Tabasco",17.8333,-93.3833,7,12.51,28.96,22.97,51.42,98.69000000000003,188.95000000000005,5,0
2021-10-21,tabasco,"Huimanguillo, Tabasco",17.8333,-93.3833,7,28.86,28.77,23.82,63.09,127.55000000000003,186.08000000000007,6,1
2021-10-22,tabasco,"Huimanguillo, Tabasco",17.8333,-93.3833,7,24.51,28.29,23.26,65.88000000000001,151.21000000000004,179.47000000000006,7,1
2021-10-23,tabasco,"Huimanguillo, Tabasco",17.8333,-93.3833,7,1.06,30.57,22.9,54.43,140.44000000000003,154.48000000000005,0,0
2021-10-24,tabasco,"Huimanguillo, Tabasco",17.8333,-93.3833,7,0.13,32.68,24.09,25.700000000000003,105.98000000000003,153.34000000000003,0,0
2021-10-25,tabasco,"Huimanguillo, Tabasco",17.8333,-93.3833,7,0.27,30.94,24.78,1.46,89.06000000000003,153.58000000000007,0,0
2021-10-26,tabasco,"Huimanguillo, Tabasco",17.8333,-93.3833,7,0.18,31.29,25.45,0.5800000000000001,67.52000000000004,153.71000000000006,0,0
2021-10-27,tabasco,"Huimanguillo, Tabasco",17.8333,-93.3833,7,0.02,34.72,25.04,0.47000000000000003,55.03000000000003,153.72000000000006,0,0
2021-10-28,tabasco,"Huimanguillo, Tabasco",17.8333,-93.3833,7,14.33,31.1,23.2,14.53,40.50000000000003,168.05000000000007,1,0
2021-10-29,tabasco,"Huimanguillo, Tabasco",17.8333,-93.3833,7,2.23,28.11,21.52,16.58,18.220000000000027,169.43000000000004,0,0
2021-10-30,tabasco,"Huimanguillo, Tabasco",17.8333,-93.3833,7,0.0,28.14,19.71,16.56,17.16000000000003,157.60000000000005,0,0
2021-10-31,tabasco,"Huimanguillo, Tabasco",17.8333,-93.3833,7,0.0,27.53,17.72,2.23,17.030000000000026,123.01000000000006,0,0
2021-11-01,tabasco,"Huimanguillo, Tabasco",17.8333,-93.3833,7,0.47,27.67,18.79,0.47,17.23000000000003,106.29000000000006,0,0
2021-11-02,tabasco,"Huimanguillo, Tabasco",17.8333,-93.3833,7,0.76,27.99,20.11,1.23,17.810000000000027,85.33000000000007,0,0
2021-11-03,tabasco,"Huimanguillo, Tabasco",17.8333,-93.3833,7,0.84,28.16,20.88,2.07,18.630000000000027,73.66000000000005,0,0
2021-11-04,tabasco,"Huimanguillo, Tabasco",17.8333,-93.3833,7,5.71,27.96,20.81,7.31,10.010000000000028,50.51000000000006,1,0
2021-11-05,tabasco,"Huimanguillo, Tabasco",17.8333,-93.3833,7,4.71,27.48,21.67,11.26,12.490000000000027,30.710000000000058,0,0
2021-11-06,tabasco,"Huimanguillo, Tabasco",17.8333,-93.3833,7,0.75,27.32,20.28,11.17,13.240000000000027,30.40000000000006,0,0
2021-11-07,tabasco,"Huimanguillo, Tabasco",17.8333,-93.3833,7,0.06,26.85,19.26,5.52,13.300000000000027,30.330000000000055,0,0
2021-11-08,tabasco,"Huimanguillo, Tabasco",17.8333,-93.3833,7,0.15,27.36,19.33,0.96,12.980000000000029,30.210000000000058,0,0
2021-11-09,tabasco,"Huimanguillo, Tabasco",17.8333,-93.3833,7,0.02,26.96,18.14,0.22999999999999998,12.240000000000027,30.050000000000058,0,0
2021-11-10,tabasco,"Huimanguillo, Tabasco",17.8333,-93.3833,7,0.0,26.65,16.9,0.16999999999999998,11.400000000000027,30.030000000000058,0,0
2021-11-11,tabasco,"Huimanguillo, Tabasco",17.8333,-93.3833,7,0.0,28.79,17.34,0.02,5.690000000000029,15.700000000000056,0,0
2021-11-12,tabasco,"Huimanguillo, Tabasco",17.8333,-93.3833,7,11.63,27.83,20.41,11.63,12.61000000000003,25.10000000000006,1,0
2021-11-13,tabasco,"Huimanguillo, Tabasco",17.8333,-93.3833,7,14.84,26.89,21.78,26.47,26.70000000000003,39.940000000000055,2,0
2021-11-14,tabasco,"Huimanguillo, Tabasco",17.8333,-93.3833,7,11.41,26.85,20.38,37.88,38.05000000000003,51.35000000000006,3,0
2021-11-15,tabasco,"Huimanguillo, Tabasco",17.8333,-93.3833,7,3.87,25.81,20.17,30.119999999999997,41.77000000000003,54.75000000000006,0,0
2021-11-16,tabasco,"Huimanguillo, Tabasco",17.8333,-93.3833,7,2.22,27.2,20.48,17.5,43.97000000000003,56.21000000000006,0,0
2021-11-17,tabasco,"Huimanguillo, Tabasco",17.8333,-93.3833,7,0.01,28.59,19.63,6.1000000000000005,43.98000000000003,55.38000000000006,0,0
2021-11-18,tabasco,"Huimanguillo, Tabasco",17.8333,-93.3833,7,5.49,28.61,21.98,7.720000000000001,49.47000000000003,55.16000000000005,1,0
2021-11-19,tabasco,"Huimanguillo, Tabasco",17.8333,-93.3833,7,18.89,28.28,22.01,24.39,56.73000000000003,69.34000000000006,2,0
2021-11-20,tabasco,"Huimanguillo, Tabasco",17.8333,-93.3833,7,14.49,27.57,22.79,38.870000000000005,56.38000000000003,83.08000000000006,3,0
2021-11-21,tabasco,"Huimanguillo, Tabasco",17.8333,-93.3833,7,3.86,28.6,21.68,37.24,48.83000000000003,86.88000000000005,0,0
2021-11-22,tabasco,"Huimanguillo, Tabasco",17.8333,-93.3833,7,20.44,27.41,21.9,38.790000000000006,65.40000000000003,107.17000000000007,1,1
2021-11-23,tabasco,"Huimanguillo, Tabasco",17.8333,-93.3833,7,2.1,27.18,19.77,26.400000000000002,65.28000000000003,109.25000000000006,0,0
2021-11-24,tabasco,"Huimanguillo, Tabasco",17.8333,-93.3833,7,0.04,27.29,19.5,22.580000000000002,65.31000000000003,109.29000000000005,0,0
2021-11-25,tabasco,"Huimanguillo, Tabasco",17.8333,-93.3833,7,1.45,27.69,18.96,3.59,61.27000000000004,110.74000000000005,0,0
2021-11-26,tabasco,"Huimanguillo, Tabasco",17.8333,-93.3833,7,6.26,27.13,20.07,7.75,48.640000000000036,105.37000000000006,1,0
2021-11-27,tabasco,"Huimanguillo, Tabasco",17.8333,-93.3833,7,0.27,26.9,19.02,7.98,34.42000000000003,90.80000000000005,0,0
2021-11-28,tabasco,"Huimanguillo, Tabasco",17.8333,-93.3833,7,0.44,27.43,18.51,6.97,31.00000000000003,79.83000000000006,0,0
2021-11-29,tabasco,"Huimanguillo, Tabasco",17.8333,-93.3833,7,12.37,26.83,20.92,13.079999999999998,22.930000000000028,88.33000000000006,1,0
2021-11-30,tabasco,"Huimanguillo, Tabasco",17.8333,-93.3833,7,3.04,26.76,20.71,15.850000000000001,23.870000000000026,89.15000000000006,0,0
2021-12-01,tabasco,"Huimanguillo, Tabasco",17.8333,-93.3833,7,2.0,27.42,20.73,17.41,25.830000000000027,91.14000000000007,0,0
2021-12-02,tabasco,"Huimanguillo, Tabasco",17.8333,-93.3833,7,1.03,27.06,20.23,6.07,25.41000000000003,86.68000000000005,0,0
2021-12-03,tabasco,"Huimanguillo, Tabasco",17.8333,-93.3833,7,0.01,28.18,20.95,3.04,19.160000000000025,67.80000000000005,0,0
2021-12-04,tabasco,"Huimanguillo, Tabasco",17.8333,-93.3833,7,0.24,28.15,20.53,1.28,19.130000000000027,53.55000000000006,0,0
2021-12-05,tabasco,"Huimanguillo, Tabasco",17.8333,-93.3833,7,0.15,28.41,20.71,0.4,18.84000000000003,49.84000000000006,0,0
2021-12-06,tabasco,"Huimanguillo, Tabasco",17.8333,-93.3833,7,0.0,29.45,19.5,0.39,6.470000000000028,29.400000000000055,0,0
2021-12-07,tabasco,"Huimanguillo, Tabasco",17.8333,-93.3833,7,0.0,29.45,22.12,0.15,3.4300000000000286,27.300000000000054,0,0
2021-12-08,tabasco,"Huimanguillo, Tabasco",17.8333,-93.3833,7,0.0,29.95,21.77,0.0,1.4300000000000284,27.260000000000055,0,0
2021-12-09,tabasco,"Huimanguillo, Tabasco",17.8333,-93.3833,7,0.0,30.11,21.84,0.0,0.40000000000002844,25.810000000000056,0,0
2021-12-10,tabasco,"Huimanguillo, Tabasco",17.8333,-93.3833,7,0.0,29.31,21.53,0.0,0.39000000000002844,19.550000000000054,0,0
2021-12-11,tabasco,"Huimanguillo, Tabasco",17.8333,-93.3833,7,0.01,30.25,20.59,0.01,0.16000000000002843,19.290000000000056,0,0
2021-12-12,tabasco,"Huimanguillo, Tabasco",17.8333,-93.3833,7,9.69,28.79,21.23,9.7,9.700000000000028,28.540000000000056,1,0
2021-12-13,tabasco,"Huimanguillo, Tabasco",17.8333,-93.3833,7,17.88,28.28,21.58,27.58,27.580000000000027,34.050000000000054,2,0
2021-12-14,tabasco,"Huimanguillo, Tabasco",17.8333,-93.3833,7,5.2,27.98,21.28,32.769999999999996,32.78000000000003,36.21000000000006,3,0
2021-12-15,tabasco,"Huimanguillo, Tabasco",17.8333,-93.3833,7,3.58,27.41,21.44,26.66,36.36000000000003,37.790000000000056,0,0
2021-12-16,tabasco,"Huimanguillo, Tabasco",17.8333,-93.3833,7,0.31,27.83,20.51,9.09,36.67000000000003,37.07000000000006,0,0
2021-12-17,tabasco,"Huimanguillo, Tabasco",17.8333,-93.3833,7,0.07,28.73,20.87,3.96,36.74000000000003,37.13000000000006,0,0
2021-12-18,tabasco,"Huimanguillo, Tabasco",17.8333,-93.3833,7,0.03,29.88,20.37,0.41000000000000003,36.760000000000026,36.92000000000006,0,0
2021-12-19,tabasco,"Huimanguillo, Tabasco",17.8333,-93.3833,7,4.21,29.27,22.02,4.31,31.28000000000003,40.98000000000006,0,0
2021-12-20,tabasco,"Huimanguillo, Tabasco",17.8333,-93.3833,7,16.14,25.39,22.1,20.38,29.54000000000003,57.12000000000006,1,0
2021-12-21,tabasco,"Huimanguillo, Tabasco",17.8333,-93.3833,7,20.57,25.9,19.95,40.92,44.91000000000003,77.69000000000005,2,1
2021-12-22,tabasco,"Huimanguillo, Tabasco",17.8333,-93.3833,7,0.33,25.84,17.91,37.04,41.66000000000003,78.02000000000007,0,0
2021-12-23,tabasco,"Huimanguillo, Tabasco",17.8333,-93.3833,7,0.01,24.75,15.72,20.91,41.360000000000035,78.03000000000006,0,0
2021-12-24,tabasco,"Huimanguillo, Tabasco",17.8333,-93.3833,7,0.0,25.05,14.57,0.34,41.290000000000035,78.03000000000006,0,0
2021-12-25,tabasco,"Huimanguillo, Tabasco",17.8333,-93.3833,7,0.0,27.18,15.32,0.01,41.26000000000003,78.02000000000005,0,0
2021-12-26,tabasco,"Huimanguillo, Tabasco",17.8333,-93.3833,7,0.02,27.73,18.13,0.02,37.07000000000003,68.35000000000007,0,0
2021-12-27,tabasco,"Huimanguillo, Tabasco",17.8333,-93.3833,7,0.0,28.64,17.86,0.02,20.930000000000028,50.47000000000006,0,0
2021-12-28,tabasco,"Huimanguillo, Tabasco",17.8333,-93.3833,7,0.0,31.43,20.05,0.02,0.3600000000000284,45.27000000000006,0,0
2021-12-29,tabasco,"Huimanguillo, Tabasco",17.8333,-93.3833,7,0.0,32.04,18.88,0.0,0.03000000000002842,41.69000000000006,0,0
2021-12-30,tabasco,"Huimanguillo, Tabasco",17.8333,-93.3833,7,0.0,29.63,20.63,0.0,0.02000000000002842,41.38000000000006,0,0
2021-12-31,tabasco,"Huimanguillo, Tabasco",17.8333,-93.3833,7,0.0,29.39,20.28,0.0,0.02000000000002842,41.31000000000006,0,0
2022-01-01,tabasco,"Huimanguillo, Tabasco",17.8333,-93.3833,7,0.0,32.0,21.45,0.0,0.02000000000002842,41.280000000000065,0,0
2022-01-02,tabasco,"Huimanguillo, Tabasco",17.8333,-93.3833,7,0.87,30.75,21.33,0.87,0.8700000000000284,37.94000000000006,0,0
2022-01-03,tabasco,"Huimanguillo, Tabasco",17.8333,-93.3833,7,30.99,23.3,19.37,31.86,31.860000000000028,52.79000000000006,1,1
2022-01-04,tabasco,"Huimanguillo, Tabasco",17.8333,-93.3833,7,2.64,24.45,18.99,34.5,34.50000000000003,34.86000000000006,0,0
2022-01-05,tabasco,"Huimanguillo, Tabasco",17.8333,-93.3833,7,0.02,27.4,17.85,33.65,34.520000000000024,34.55000000000006,0,0
2022-01-06,tabasco,"Huimanguillo, Tabasco",17.8333,-93.3833,7,0.04,29.23,19.33,2.7,34.56000000000003,34.58000000000006,0,0
2022-01-07,tabasco,"Huimanguillo, Tabasco",17.8333,-93.3833,7,3.62,27.64,20.52,3.68,38.18000000000003,38.20000000000006,0,0
2022-01-08,tabasco,"Huimanguillo, Tabasco",17.8333,-93.3833,7,0.99,27.95,20.58,4.65,39.17000000000003,39.19000000000006,0,0
2022-01-09,tabasco,"Huimanguillo, Tabasco",17.8333,-93.3833,7,0.01,29.03,19.23,4.62,38.31000000000003,39.180000000000064,0,0
2022-01-10,tabasco,"Huimanguillo, Tabasco",17.8333,-93.3833,7,6.31,26.37,20.65,7.31,13.630000000000027,45.490000000000066,1,0
2022-01-11,tabasco,"Huimanguillo, Tabasco",17.8333,-93.3833,7,21.82,25.99,20.49,28.14,32.81000000000003,67.31000000000006,2,1
2022-01-12,tabasco,"Huimanguillo, Tabasco",17.8333,-93.3833,7,5.5,26.19,20.15,33.63,38.290000000000035,72.81000000000006,3,0
2022-01-13,tabasco,"Huimanguillo, Tabasco",17.8333,-93.3833,7,1.93,26.41,19.37,29.25,40.18000000000003,74.74000000000007,0,0
2022-01-14,tabasco,"Huimanguillo, Tabasco",17.8333,-93.3833,7,0.04,26.14,17.71,7.47,36.60000000000003,74.78000000000006,0,0
2022-01-15,tabasco,"Huimanguillo, Tabasco",17.8333,-93.3833,7,3.12,29.67,18.42,5.09,38.730000000000025,77.90000000000006,0,0
2022-01-16,tabasco,"Huimanguillo, Tabasco",17.8333,-93.3833,7,19.48,22.36,17.17,22.64,58.20000000000003,96.51000000000006,1,0
2022-01-17,tabasco,"Huimanguillo, Tabasco",17.8333,-93.3833,7,0.14,23.77,14.95,22.740000000000002,52.03000000000002,65.66000000000007,0,0
2022-01-18,tabasco,"Huimanguillo, Tabasco",17.8333,-93.3833,7,0.0,24.29,14.67,19.62,30.21000000000003,63.02000000000006,0,0
2022-01-19,tabasco,"Huimanguillo, Tabasco",17.8333,-93.3833,7,0.0,26.99,14.94,0.14,24.71000000000003,63.000000000000064,0,0
2022-01-20,tabasco,"Huimanguillo, Tabasco",17.8333,-93.3833,7,0.07,28.26,17.85,0.07,22.85000000000003,63.03000000000006,0,0
2022-01-21,tabasco,"Huimanguillo, Tabasco",17.8333,-93.3833,7,15.28,26.17,20.51,15.35,38.09000000000003,74.69000000000007,1,0
2022-01-22,tabasco,"Huimanguillo, Tabasco",17.8333,-93.3833,7,15.92,25.22,20.42,31.27,50.89000000000003,89.62000000000006,2,0
2022-01-23,tabasco,"Huimanguillo, Tabasco",17.8333,-93.3833,7,4.55,25.21,20.27,35.75,35.96000000000003,94.16000000000007,0,0
2022-01-24,tabasco,"Huimanguillo, Tabasco",17.8333,-93.3833,7,0.26,28.69,19.6,20.729999999999997,36.08000000000003,88.11000000000006,0,0
2022-01-25,tabasco,"Huimanguillo, Tabasco",17.8333,-93.3833,7,0.08,29.63,20.57,4.89,36.160000000000025,66.37000000000006,0,0
2022-01-26,tabasco,"Huimanguillo, Tabasco",17.8333,-93.3833,7,15.0,26.55,20.68,15.34,51.160000000000025,75.87000000000006,1,0
2022-01-27,tabasco,"Huimanguillo, Tabasco",17.8333,-93.3833,7,11.97,27.32,20.26,27.05,63.06000000000003,85.91000000000007,2,0
2022-01-28,tabasco,"Huimanguillo, Tabasco",17.8333,-93.3833,7,8.29,27.13,20.4,35.26,56.07000000000003,94.16000000000007,3,0
2022-01-29,tabasco,"Huimanguillo, Tabasco",17.8333,-93.3833,7,30.6,21.55,17.31,50.86,70.75000000000003,121.64000000000007,4,1
2022-01-30,tabasco,"Huimanguillo, Tabasco",17.8333,-93.3833,7,0.28,22.51,15.66,39.17,66.48000000000003,102.44000000000005,0,0
2022-01-31,tabasco,"Huimanguillo, Tabasco",17.8333,-93.3833,7,0.0,26.53,14.11,30.880000000000003,66.22000000000003,102.30000000000005,0,0
2022-02-01,tabasco,"Huimanguillo, Tabasco",17.8333,-93.3833,7,0.0,30.68,17.3,0.28,66.14000000000003,102.30000000000005,0,0
2022-02-02,tabasco,"Huimanguillo, Tabasco",17.8333,-93.3833,7,0.0,30.95,20.73,0.0,51.140000000000036,102.30000000000005,0,0
2022-02-03,tabasco,"Huimanguillo, Tabasco",17.8333,-93.3833,7,0.01,31.93,20.36,0.01,39.18000000000003,102.24000000000007,0,0
2022-02-04,tabasco,"Huimanguillo, Tabasco",17.8333,-93.3833,7,41.08,24.68,19.57,41.089999999999996,71.97000000000003,128.04000000000008,1,1
2022-02-05,tabasco,"Huimanguillo, Tabasco",17.8333,-93.3833,7,70.1,20.79,18.04,111.19,111.47000000000003,182.22000000000006,2,1
2022-02-06,tabasco,"Huimanguillo, Tabasco",17.8333,-93.3833,7,3.71,24.28,17.56,114.88999999999999,114.90000000000002,181.38000000000005,0,0
2022-02-07,tabasco,"Huimanguillo, Tabasco",17.8333,-93.3833,7,6.37,26.02,17.56,80.18,121.27000000000002,187.49000000000007,1,0
2022-02-08,tabasco,"Huimanguillo, Tabasco",17.8333,-93.3833,7,33.92,22.27,17.87,44.000000000000014,155.19000000000003,221.33000000000007,2,1
2022-02-09,tabasco,"Huimanguillo, Tabasco",17.8333,-93.3833,7,1.72,23.29,16.98,42.01000000000001,156.91000000000003,208.05000000000004,0,0
2022-02-10,tabasco,"Huimanguillo, Tabasco",17.8333,-93.3833,7,0.02,25.16,15.91,35.66000000000002,156.92000000000004,196.10000000000005,0,0
2022-02-11,tabasco,"Huimanguillo, Tabasco",17.8333,-93.3833,7,0.01,27.97,17.75,1.7500000000000142,115.85000000000002,187.82000000000005,0,0
2022-02-12,tabasco,"Huimanguillo, Tabasco",17.8333,-93.3833,7,3.61,28.74,19.88,3.640000000000014,49.36000000000003,160.83000000000007,0,0
2022-02-13,tabasco,"Huimanguillo, Tabasco",17.8333,-93.3833,7,36.36,24.12,17.95,39.98000000000001,82.01000000000002,196.91000000000005,1,1
2022-02-14,tabasco,"Huimanguillo, Tabasco",17.8333,-93.3833,7,2.04,21.64,15.25,42.01000000000001,77.68000000000002,198.95000000000005,0,0
2022-02-15,tabasco,"Huimanguillo, Tabasco",17.8333,-93.3833,7,0.1,23.92,15.05,38.500000000000014,43.86000000000003,199.05000000000004,0,0
2022-02-16,tabasco,"Huimanguillo, Tabasco",17.8333,-93.3833,7,0.0,26.97,16.19,2.1400000000000143,42.14000000000003,199.05000000000004,0,0
2022-02-17,tabasco,"Huimanguillo, Tabasco",17.8333,-93.3833,7,0.0,29.79,18.44,0.10000000000001422,42.120000000000026,199.04000000000005,0,0
2022-02-18,tabasco,"Huimanguillo, Tabasco",17.8333,-93.3833,7,4.16,29.27,21.18,4.160000000000014,46.270000000000024,162.12000000000006,0,0
2022-02-19,tabasco,"Huimanguillo, Tabasco",17.8333,-93.3833,7,20.5,28.27,21.98,24.660000000000014,63.160000000000025,112.52000000000005,1,1
2022-02-20,tabasco,"Huimanguillo, Tabasco",17.8333,-93.3833,7,1.75,28.16,20.88,26.410000000000014,28.55000000000003,110.56000000000006,0,0
2022-02-21,tabasco,"Huimanguillo, Tabasco",17.8333,-93.3833,7,0.23,28.26,19.91,22.480000000000015,26.74000000000003,104.42000000000006,0,0
2022-02-22,tabasco,"Huimanguillo, Tabasco",17.8333,-93.3833,7,0.0,30.2,18.85,1.9800000000000142,26.64000000000003,70.50000000000006,0,0
2022-02-23,tabasco,"Huimanguillo, Tabasco",17.8333,-93.3833,7,0.0,29.87,19.7,0.23000000000001422,26.64000000000003,68.78000000000006,0,0
2022-02-24,tabasco,"Huimanguillo, Tabasco",17.8333,-93.3833,7,0.0,30.46,20.5,0.0,26.64000000000003,68.76000000000006,0,0
2022-02-25,tabasco,"Huimanguillo, Tabasco",17.8333,-93.3833,7,0.27,29.01,20.91,0.27000000000001423,22.75000000000003,69.02000000000005,0,0
2022-02-26,tabasco,"Huimanguillo, Tabasco",17.8333,-93.3833,7,8.48,28.45,20.92,8.750000000000014,10.730000000000029,73.89000000000006,1,0
2022-02-27,tabasco,"Huimanguillo, Tabasco",17.8333,-93.3833,7,11.66,28.06,20.31,20.410000000000014,20.64000000000003,49.190000000000055,2,0
2022-02-28,tabasco,"Huimanguillo, Tabasco",17.8333,-93.3833,7,19.23,25.57,17.78,39.37000000000002,39.64000000000003,66.38000000000005,3,0
2022-03-01,tabasco,"Huimanguillo, Tabasco",17.8333,-93.3833,7,0.94,26.62,17.48,31.830000000000016,40.58000000000003,67.22000000000007,0,0
2022-03-02,tabasco,"Huimanguillo, Tabasco",17.8333,-93.3833,7,0.68,27.01,19.12,20.850000000000016,41.260000000000026,67.90000000000006,0,0
2022-03-03,tabasco,"Huimanguillo, Tabasco",17.8333,-93.3833,7,0.47,27.32,19.23,2.090000000000014,41.73000000000003,68.37000000000006,0,0
2022-03-04,tabasco,"Huimanguillo, Tabasco",17.8333,-93.3833,7,0.09,28.15,19.78,1.2400000000000142,41.55000000000003,64.30000000000005,0,0
2022-03-05,tabasco,"Huimanguillo, Tabasco",17.8333,-93.3833,7,0.0,28.47,18.76,0.5600000000000142,33.07000000000003,43.800000000000054,0,0
2022-03-06,tabasco,"Huimanguillo, Tabasco",17.8333,-93.3833,7,0.01,29.94,18.54,0.1000000000000142,21.42000000000003,42.06000000000005,0,0
2022-03-07,tabasco,"Huimanguillo, Tabasco",17.8333,-93.3833,7,0.0,32.44,21.54,0.010000000000014211,2.1900000000000284,41.830000000000055,0,0
2022-03-08,tabasco,"Huimanguillo, Tabasco",17.8333,-93.3833,7,0.0,31.05,22.45,0.010000000000014211,1.2500000000000284,41.830000000000055,0,0
2022-03-09,tabasco,"Huimanguillo, Tabasco",17.8333,-93.3833,7,0.04,31.48,22.21,0.04000000000001421,0.6100000000000284,41.870000000000054,0,0
2022-03-10,tabasco,"Huimanguillo, Tabasco",17.8333,-93.3833,7,0.08,31.14,20.92,0.1200000000000142,0.22000000000002842,41.95000000000006,0,0
2022-03-11,tabasco,"Huimanguillo, Tabasco",17.8333,-93.3833,7,0.0,33.58,22.08,0.12000000000001422,0.13000000000002843,41.680000000000064,0,0
2022-03-12,tabasco,"Huimanguillo, Tabasco",17.8333,-93.3833,7,36.82,26.02,19.02,36.90000000000001,36.95000000000003,70.02000000000007,1,1
2022-03-13,tabasco,"Huimanguillo, Tabasco",17.8333,-93.3833,7,7.66,23.82,18.65,44.48000000000002,44.60000000000004,66.02000000000007,2,0
2022-03-14,tabasco,"Huimanguillo, Tabasco",17.8333,-93.3833,7,0.09,29.42,17.94,44.570000000000014,44.69000000000003,46.88000000000006,0,0
2022-03-15,tabasco,"Huimanguillo, Tabasco",17.8333,-93.3833,7,2.74,29.85,20.87,10.490000000000014,47.430000000000035,48.680000000000064,0,0
2022-03-16,tabasco,"Huimanguillo, Tabasco",17.8333,-93.3833,7,5.19,28.68,21.45,8.020000000000014,52.580000000000034,53.19000000000006,1,0
2022-03-17,tabasco,"Huimanguillo, Tabasco",17.8333,-93.3833,7,0.03,32.25,19.98,7.960000000000015,52.53000000000003,52.75000000000006,0,0
2022-03-18,tabasco,"Huimanguillo, Tabasco",17.8333,-93.3833,7,0.0,33.6,21.09,5.220000000000015,52.53000000000003,52.66000000000006,0,0
2022-03-19,tabasco,"Huimanguillo, Tabasco",17.8333,-93.3833,7,1.24,29.59,23.03,1.2700000000000142,16.950000000000028,53.90000000000006,0,0
2022-03-20,tabasco,"Huimanguillo, Tabasco",17.8333,-93.3833,7,5.26,30.16,22.58,6.500000000000014,14.55000000000003,59.15000000000006,1,0
2022-03-21,tabasco,"Huimanguillo, Tabasco",17.8333,-93.3833,7,0.15,30.71,21.04,6.650000000000015,14.61000000000003,59.30000000000006,0,0
2022-03-22,tabasco,"Huimanguillo, Tabasco",17.8333,-93.3833,7,0.0,33.64,21.68,5.410000000000014,11.87000000000003,59.30000000000006,0,0
2022-03-23,tabasco,"Huimanguillo, Tabasco",17.8333,-93.3833,7,2.6,28.1,21.39,2.750000000000014,9.28000000000003,61.86000000000006,0,0
2022-03-24,tabasco,"Huimanguillo, Tabasco",17.8333,-93.3833,7,7.41,26.23,18.24,10.010000000000014,16.66000000000003,69.19000000000005,1,0
2022-03-25,tabasco,"Huimanguillo, Tabasco",17.8333,-93.3833,7,0.06,25.78,15.95,10.070000000000014,16.72000000000003,69.25000000000006,0,0
2022-03-26,tabasco,"Huimanguillo, Tabasco",17.8333,-93.3833,7,0.0,24.96,15.2,7.470000000000014,15.480000000000029,32.43000000000006,0,0
2022-03-27,tabasco,"Huimanguillo, Tabasco",17.8333,-93.3833,7,0.0,27.42,15.26,0.06000000000001421,10.220000000000029,24.770000000000056,0,0
2022-03-28,tabasco,"Huimanguillo, Tabasco",17.8333,-93.3833,7,0.0,30.58,18.51,0.0,10.070000000000029,24.680000000000057,0,0
2022-03-29,tabasco,"Huimanguillo, Tabasco",17.8333,-93.3833,7,0.0,32.74,20.52,0.0,10.070000000000029,21.940000000000055,0,0
2022-03-30,tabasco,"Huimanguillo, Tabasco",17.8333,-93.3833,7,0.01,34.21,20.89,0.010000000000014211,7.48000000000003,16.76000000000006,0,0
2022-03-31,tabasco,"Huimanguillo, Tabasco",17.8333,-93.3833,7,0.02,34.26,20.72,0.03000000000001421,0.0900000000000293,16.750000000000057,0,0
2022-04-01,tabasco,"Huimanguillo, Tabasco",17.8333,-93.3833,7,0.0,33.14,21.09,0.030000000000014213,0.03000000000002931,16.750000000000057,0,0
2022-04-02,tabasco,"Huimanguillo, Tabasco",17.8333,-93.3833,7,0.13,33.91,22.65,0.15000000000001423,0.1600000000000293,15.640000000000057,0,0
2022-04-03,tabasco,"Huimanguillo, Tabasco",17.8333,-93.3833,7,1.22,32.58,24.06,1.3500000000000143,1.3800000000000292,11.600000000000056,0,0
2022-04-04,tabasco,"Huimanguillo, Tabasco",17.8333,-93.3833,7,0.15,34.21,23.82,1.500000000000014,1.5300000000000291,11.600000000000056,0,0
2022-04-05,tabasco,"Huimanguillo, Tabasco",17.8333,-93.3833,7,0.0,35.58,22.89,1.3700000000000139,1.5300000000000291,11.600000000000056,0,0
2022-04-06,tabasco,"Huimanguillo, Tabasco",17.8333,-93.3833,7,0.01,35.98,22.63,0.16000000000001421,1.5300000000000291,9.010000000000057,0,0
2022-04-07,tabasco,"Huimanguillo, Tabasco",17.8333,-93.3833,7,9.36,30.66,22.21,9.370000000000013,10.87000000000003,10.960000000000056,1,0
2022-04-08,tabasco,"Huimanguillo, Tabasco",17.8333,-93.3833,7,19.38,26.18,19.87,28.750000000000014,30.25000000000003,30.280000000000054,2,0
2022-04-09,tabasco,"Huimanguillo, Tabasco",17.8333,-93.3833,7,0.19,28.03,19.04,28.93000000000001,30.31000000000003,30.470000000000056,0,0
2022-04-10,tabasco,"Huimanguillo, Tabasco",17.8333,-93.3833,7,0.01,31.24,18.18,19.580000000000013,29.100000000000026,30.480000000000054,0,0
2022-04-11,tabasco,"Huimanguillo, Tabasco",17.8333,-93.3833,7,0.0,32.95,20.51,0.20000000000001067,28.950000000000028,30.480000000000054,0,0
2022-04-12,tabasco,"Huimanguillo, Tabasco",17.8333,-93.3833,7,0.0,34.71,23.19,0.010000000000010658,28.950000000000028,30.480000000000054,0,0
2022-04-13,tabasco,"Huimanguillo, Tabasco",17.8333,-93.3833,7,0.0,35.6,23.36,0.0,28.940000000000026,30.470000000000056,0,0
2022-04-14,tabasco,"Huimanguillo, Tabasco",17.8333,-93.3833,7,0.0,34.78,23.44,0.0,19.580000000000027,30.450000000000053,0,0
2022-04-15,tabasco,"Huimanguillo, Tabasco",17.8333,-93.3833,7,0.01,34.66,24.09,0.010000000000010658,0.21000000000003197,30.460000000000054,0,0
2022-04-16,tabasco,"Huimanguillo, Tabasco",17.8333,-93.3833,7,0.0,35.38,22.71,0.010000000000010658,0.020000000000031975,30.330000000000055,0,0
2022-04-17,tabasco,"Huimanguillo, Tabasco",17.8333,-93.3833,7,0.0,35.85,22.24,0.010000000000010658,0.010000000000031975,29.110000000000056,0,0
2022-04-18,tabasco,"Huimanguillo, Tabasco",17.8333,-93.3833,7,0.0,35.69,22.08,0.0,0.010000000000031975,28.960000000000054,0,0
2022-04-19,tabasco,"Huimanguillo, Tabasco",17.8333,-93.3833,7,0.0,33.73,22.4,0.0,0.010000000000031975,28.960000000000054,0,0
2022-04-20,tabasco,"Huimanguillo, Tabasco",17.8333,-93.3833,7,0.04,34.91,21.92,0.04000000000001066,0.05000000000003198,28.990000000000055,0,0
2022-04-21,tabasco,"Huimanguillo, Tabasco",17.8333,-93.3833,7,0.01,35.53,22.55,0.05000000000001066,0.06000000000003198,19.640000000000057,0,0
2022-04-22,tabasco,"Huimanguillo, Tabasco",17.8333,-93.3833,7,0.4,33.59,23.41,0.45000000000001067,0.450000000000032,0.6600000000000569,0,0
2022-04-23,tabasco,"Huimanguillo, Tabasco",17.8333,-93.3833,7,1.88,34.46,22.68,2.2900000000000107,2.330000000000032,2.350000000000057,0,0
2022-04-24,tabasco,"Huimanguillo, Tabasco",17.8333,-93.3833,7,0.69,35.59,22.14,2.9700000000000104,3.0200000000000315,3.030000000000057,0,0
2022-04-25,tabasco,"Huimanguillo, Tabasco",17.8333,-93.3833,7,0.13,36.46,23.8,2.7000000000000104,3.150000000000032,3.160000000000057,0,0
2022-04-26,tabasco,"Huimanguillo, Tabasco",17.8333,-93.3833,7,8.22,34.73,24.12,9.040000000000012,11.370000000000033,11.380000000000058,1,0
2022-04-27,tabasco,"Huimanguillo, Tabasco",17.8333,-93.3833,7,22.04,31.34,23.08,30.39000000000001,33.37000000000003,33.42000000000006,2,1
2022-04-28,tabasco,"Huimanguillo, Tabasco",17.8333,-93.3833,7,2.57,32.48,22.83,32.83000000000001,35.930000000000035,35.99000000000006,0,0
2022-04-29,tabasco,"Huimanguillo, Tabasco",17.8333,-93.3833,7,0.03,35.01,22.62,24.64000000000001,35.56000000000003,36.01000000000006,0,0
2022-04-30,tabasco,"Huimanguillo, Tabasco",17.8333,-93.3833,7,0.01,36.77,24.01,2.6100000000000105,33.69000000000003,36.02000000000006,0,0
2022-05-01,tabasco,"Huimanguillo, Tabasco",17.8333,-93.3833,7,0.54,35.85,24.18,0.5800000000000107,33.54000000000003,36.56000000000006,0,0
2022-05-02,tabasco,"Huimanguillo, Tabasco",17.8333,-93.3833,7,0.03,36.37,23.59,0.5800000000000107,33.44000000000003,36.59000000000006,0,0
2022-05-03,tabasco,"Huimanguillo, Tabasco",17.8333,-93.3833,7,0.01,37.37,24.07,0.5800000000000107,25.230000000000032,36.60000000000006,0,0
2022-05-04,tabasco,"Huimanguillo, Tabasco",17.8333,-93.3833,7,0.06,37.5,25.61,0.10000000000001066,3.250000000000032,36.62000000000006,0,0
2022-05-05,tabasco,"Huimanguillo, Tabasco",17.8333,-93.3833,7,0.14,35.05,26.1,0.21000000000001068,0.820000000000032,36.75000000000006,0,0
2022-05-06,tabasco,"Huimanguillo, Tabasco",17.8333,-93.3833,7,0.03,37.92,26.57,0.23000000000001067,0.820000000000032,36.38000000000006,0,0
2022-05-07,tabasco,"Huimanguillo, Tabasco",17.8333,-93.3833,7,0.07,38.76,25.82,0.24000000000001068,0.8800000000000321,34.57000000000006,0,0
2022-05-08,tabasco,"Huimanguillo, Tabasco",17.8333,-93.3833,7,0.03,38.93,25.99,0.13000000000001066,0.37000000000003197,33.91000000000006,0,0
2022-05-09,tabasco,"Huimanguillo, Tabasco",17.8333,-93.3833,7,0.14,39.59,25.81,0.24000000000001068,0.48000000000003196,33.92000000000006,0,0
2022-05-10,tabasco,"Huimanguillo, Tabasco",17.8333,-93.3833,7,0.13,37.83,26.38,0.3000000000000107,0.6000000000000321,25.830000000000055,0,0
2022-05-11,tabasco,"Huimanguillo, Tabasco",17.8333,-93.3833,7,2.72,35.44,25.75,2.990000000000011,3.260000000000032,6.510000000000057,0,0
2022-05-12,tabasco,"Huimanguillo, Tabasco",17.8333,-93.3833,7,4.61,34.98,24.8,7.4600000000000115,7.730000000000032,8.550000000000058,0,0
2022-05-13,tabasco,"Huimanguillo, Tabasco",17.8333,-93.3833,7,0.01,34.85,23.18,7.3400000000000105,7.710000000000032,8.530000000000058,0,0
2022-05-14,tabasco,"Huimanguillo, Tabasco",17.8333,-93.3833,7,0.0,36.09,22.51,4.62000000000001,7.6400000000000325,8.520000000000058,0,0
2022-05-15,tabasco,"Huimanguillo, Tabasco",17.8333,-93.3833,7,0.0,36.42,23.84,0.010000000000010658,7.610000000000032,7.980000000000057,0,0
2022-05-16,tabasco,"Huimanguillo, Tabasco",17.8333,-93.3833,7,0.01,36.87,23.2,0.010000000000010658,7.480000000000032,7.960000000000057,0,0
2022-05-17,tabasco,"Huimanguillo, Tabasco",17.8333,-93.3833,7,0.0,37.55,22.39,0.010000000000010658,7.3500000000000325,7.950000000000057,0,0
2022-05-18,tabasco,"Huimanguillo, Tabasco",17.8333,-93.3833,7,0.04,38.27,23.91,0.05000000000001066,4.670000000000032,7.9300000000000574,0,0
2022-05-19,tabasco,"Huimanguillo, Tabasco",17.8333,-93.3833,7,0.03,39.15,25.26,0.07000000000001066,0.09000000000003197,7.820000000000057,0,0
2022-05-20,tabasco,"Huimanguillo, Tabasco",17.8333,-93.3833,7,0.0,40.55,24.41,0.07000000000001066,0.08000000000003198,7.790000000000058,0,0
2022-05-21,tabasco,"Huimanguillo, Tabasco",17.8333,-93.3833,7,0.0,40.98,25.58,0.030000000000010657,0.08000000000003198,7.7200000000000575,0,0
2022-05-22,tabasco,"Huimanguillo, Tabasco",17.8333,-93.3833,7,3.16,38.58,26.07,3.160000000000011,3.240000000000032,10.850000000000058,0,0
2022-05-23,tabasco,"Huimanguillo, Tabasco",17.8333,-93.3833,7,2.25,36.97,25.05,5.410000000000011,5.480000000000032,12.960000000000058,0,0
2022-05-24,tabasco,"Huimanguillo, Tabasco",17.8333,-93.3833,7,0.01,38.52,23.59,5.420000000000011,5.490000000000032,12.840000000000058,0,0
2022-05-25,tabasco,"Huimanguillo, Tabasco",17.8333,-93.3833,7,2.56,39.25,24.89,4.820000000000011,8.010000000000032,12.680000000000057,0,0
2022-05-26,tabasco,"Huimanguillo, Tabasco",17.8333,-93.3833,7,8.92,35.29,26.7,11.49000000000001,16.90000000000003,16.99000000000006,1,0
2022-05-27,tabasco,"Huimanguillo, Tabasco",17.8333,-93.3833,7,12.11,33.33,25.61,23.59000000000001,29.010000000000034,29.090000000000053,2,0
2022-05-28,tabasco,"Huimanguillo, Tabasco",17.8333,-93.3833,7,30.92,32.68,23.93,51.95000000000002,59.930000000000035,60.010000000000055,3,1
2022-05-29,tabasco,"Huimanguillo, Tabasco",17.8333,-93.3833,7,11.12,31.88,23.55,54.15000000000001,67.89000000000004,71.13000000000005,4,0
2022-05-30,tabasco,"Huimanguillo, Tabasco",17.8333,-93.3833,7,9.79,34.82,23.93,51.83000000000001,75.43000000000004,80.91000000000005,5,0
2022-05-31,tabasco,"Huimanguillo, Tabasco",17.8333,-93.3833,7,10.15,31.02,24.4,31.06000000000001,85.57000000000004,91.06000000000004,6,0
2022-06-01,tabasco,"Huimanguillo, Tabasco",17.8333,-93.3833,7,24.71,26.1,23.96,44.65000000000001,107.72000000000003,115.73000000000006,7,1
2022-06-02,tabasco,"Huimanguillo, Tabasco",17.8333,-93.3833,7,29.91,27.27,24.13,64.77000000000001,128.71000000000004,145.61000000000007,8,1
2022-06-03,tabasco,"Huimanguillo, Tabasco",17.8333,-93.3833,7,3.65,30.66,22.86,58.27000000000001,120.25000000000003,149.26000000000005,0,0
2022-06-04,tabasco,"Huimanguillo, Tabasco",17.8333,-93.3833,7,0.08,31.33,22.02,33.640000000000015,89.41000000000004,149.34000000000006,0,0
2022-06-05,tabasco,"Huimanguillo, Tabasco",17.8333,-93.3833,7,0.0,33.53,21.36,3.7300000000000106,78.29000000000003,146.18000000000006,0,0
2022-06-06,tabasco,"Huimanguillo, Tabasco",17.8333,-93.3833,7,1.31,34.49,23.17,1.3900000000000108,69.81000000000003,145.24000000000007,0,0
2022-06-07,tabasco,"Huimanguillo, Tabasco",17.8333,-93.3833,7,6.01,34.14,24.03,7.320000000000011,65.67000000000004,151.24000000000007,1,0
2022-06-08,tabasco,"Huimanguillo, Tabasco",17.8333,-93.3833,7,18.36,30.41,25.27,25.68000000000001,59.320000000000036,167.04000000000008,2,0
2022-06-09,tabasco,"Huimanguillo, Tabasco",17.8333,-93.3833,7,2.71,29.95,25.12,27.080000000000013,32.12000000000003,160.83000000000004,0,0
2022-06-10,tabasco,"Huimanguillo, Tabasco",17.8333,-93.3833,7,9.12,31.03,24.32,30.19000000000001,37.59000000000003,157.84000000000006,1,0
2022-06-11,tabasco,"Huimanguillo, Tabasco",17.8333,-93.3833,7,1.4,31.48,23.59,13.23000000000001,38.91000000000004,128.32000000000005,0,0
2022-06-12,tabasco,"Huimanguillo, Tabasco",17.8333,-93.3833,7,0.28,32.94,24.16,10.80000000000001,39.19000000000004,117.48000000000006,0,0
2022-06-13,tabasco,"Huimanguillo, Tabasco",17.8333,-93.3833,7,1.06,32.05,23.54,2.740000000000009,38.94000000000003,108.75000000000006,0,0
2022-06-14,tabasco,"Huimanguillo, Tabasco",17.8333,-93.3833,7,4.84,32.26,24.34,6.180000000000009,37.77000000000004,103.44000000000005,0,0
2022-06-15,tabasco,"Huimanguillo, Tabasco",17.8333,-93.3833,7,0.42,33.84,23.33,6.320000000000008,19.830000000000034,79.15000000000005,0,0
2022-06-16,tabasco,"Huimanguillo, Tabasco",17.8333,-93.3833,7,1.45,33.31,23.28,6.710000000000009,18.570000000000032,50.690000000000055,0,0
2022-06-17,tabasco,"Huimanguillo, Tabasco",17.8333,-93.3833,7,17.11,30.21,24.11,18.980000000000008,26.560000000000034,64.15000000000006,1,0
2022-06-18,tabasco,"Huimanguillo, Tabasco",17.8333,-93.3833,7,17.26,29.33,24.17,35.82000000000001,42.42000000000004,81.33000000000006,2,0
2022-06-19,tabasco,"Huimanguillo, Tabasco",17.8333,-93.3833,7,19.57,30.42,24.7,53.94000000000001,61.710000000000036,100.90000000000006,3,0
2022-06-20,tabasco,"Huimanguillo, Tabasco",17.8333,-93.3833,7,79.21,29.97,25.05,116.04,139.86,178.80000000000007,4,1
2022-06-21,tabasco,"Huimanguillo, Tabasco",17.8333,-93.3833,7,6.18,29.63,24.18,104.96000000000001,141.20000000000002,178.97000000000006,5,0
2022-06-22,tabasco,"Huimanguillo, Tabasco",17.8333,-93.3833,7,1.03,29.53,22.98,86.42,141.81000000000003,161.64000000000004,0,0
2022-06-23,tabasco,"Huimanguillo, Tabasco",17.8333,-93.3833,7,9.0,29.66,23.99,16.21,149.36,167.93000000000004,1,0
2022-06-24,tabasco,"Huimanguillo, Tabasco",17.8333,-93.3833,7,11.51,29.91,23.46,21.54,143.76000000000005,170.32000000000005,2,0
2022-06-25,tabasco,"Huimanguillo, Tabasco",17.8333,-93.3833,7,3.82,31.27,23.67,24.33,130.32000000000002,172.74000000000007,0,0
2022-06-26,tabasco,"Huimanguillo, Tabasco",17.8333,-93.3833,7,6.81,30.23,24.25,22.14,117.56000000000003,179.27000000000007,1,0
2022-06-27,tabasco,"Huimanguillo, Tabasco",17.8333,-93.3833,7,5.98,30.15,24.23,16.61,44.33000000000003,184.19000000000005,2,0
2022-06-28,tabasco,"Huimanguillo, Tabasco",17.8333,-93.3833,7,6.37,30.03,24.08,19.16,44.520000000000024,185.72000000000006,3,0
2022-06-29,tabasco,"Huimanguillo, Tabasco",17.8333,-93.3833,7,2.42,30.81,23.44,14.77,45.910000000000025,187.72000000000006,0,0
2022-06-30,tabasco,"Huimanguillo, Tabasco",17.8333,-93.3833,7,1.41,31.6,23.95,10.2,38.32000000000003,187.68000000000004,0,0
2022-07-01,tabasco,"Huimanguillo, Tabasco",17.8333,-93.3833,7,0.12,31.59,24.1,3.9499999999999997,26.930000000000028,170.69000000000005,0,0
2022-07-02,tabasco,"Huimanguillo, Tabasco",17.8333,-93.3833,7,0.14,31.99,24.48,1.67,23.25000000000003,153.57000000000005,0,0
2022-07-03,tabasco,"Huimanguillo, Tabasco",17.8333,-93.3833,7,1.4,30.83,24.86,1.66,17.84000000000003,135.40000000000006,0,0
2022-07-04,tabasco,"Huimanguillo, Tabasco",17.8333,-93.3833,7,2.3,30.28,24.69,3.84,14.160000000000029,58.49000000000005,0,0
2022-07-05,tabasco,"Huimanguillo, Tabasco",17.8333,-93.3833,7,1.47,30.7,23.94,5.17,9.260000000000028,53.78000000000006,0,0
2022-07-06,tabasco,"Huimanguillo, Tabasco",17.8333,-93.3833,7,2.08,31.69,24.03,5.85,8.920000000000028,54.830000000000055,0,0
2022-07-07,tabasco,"Huimanguillo, Tabasco",17.8333,-93.3833,7,3.69,31.52,24.74,7.24,11.200000000000028,49.52000000000005,0,0
2022-07-08,tabasco,"Huimanguillo, Tabasco",17.8333,-93.3833,7,3.43,32.14,24.66,9.200000000000001,14.51000000000003,41.440000000000055,0,0
2022-07-09,tabasco,"Huimanguillo, Tabasco",17.8333,-93.3833,7,9.22,32.03,24.71,16.340000000000003,23.59000000000003,46.84000000000006,1,0
2022-07-10,tabasco,"Huimanguillo, Tabasco",17.8333,-93.3833,7,2.45,32.42,24.43,15.100000000000001,24.64000000000003,42.480000000000054,0,0
2022-07-11,tabasco,"Huimanguillo, Tabasco",17.8333,-93.3833,7,0.37,33.11,24.67,12.040000000000003,22.71000000000003,36.870000000000054,0,0
2022-07-12,tabasco,"Huimanguillo, Tabasco",17.8333,-93.3833,7,1.33,31.86,24.42,4.15,22.57000000000003,31.830000000000055,0,0
2022-07-13,tabasco,"Huimanguillo, Tabasco",17.8333,-93.3833,7,5.11,32.3,24.32,6.8100000000000005,25.60000000000003,34.52000000000006,1,0
2022-07-14,tabasco,"Huimanguillo, Tabasco",17.8333,-93.3833,7,1.18,29.61,25.0,7.62,23.09000000000003,34.290000000000056,0,0
2022-07-15,tabasco,"Huimanguillo, Tabasco",17.8333,-93.3833,7,0.12,30.38,24.57,6.41,19.78000000000003,34.290000000000056,0,0
2022-07-16,tabasco,"Huimanguillo, Tabasco",17.8333,-93.3833,7,0.13,31.35,23.52,1.43,10.69000000000003,34.28000000000006,0,0
2022-07-17,tabasco,"Huimanguillo, Tabasco",17.8333,-93.3833,7,0.48,32.31,23.81,0.73,8.720000000000029,33.360000000000056,0,0
2022-07-18,tabasco,"Huimanguillo, Tabasco",17.8333,-93.3833,7,0.04,33.12,23.91,0.65,8.390000000000029,31.10000000000006,0,0
2022-07-19,tabasco,"Huimanguillo, Tabasco",17.8333,-93.3833,7,0.18,33.1,24.83,0.7,7.240000000000029,29.81000000000006,0,0
2022-07-20,tabasco,"Huimanguillo, Tabasco",17.8333,-93.3833,7,0.0,33.44,23.78,0.22,2.1300000000000283,27.730000000000057,0,0
2022-07-21,tabasco,"Huimanguillo, Tabasco",17.8333,-93.3833,7,0.19,33.9,24.03,0.37,1.1400000000000283,24.23000000000006,0,0
2022-07-22,tabasco,"Huimanguillo, Tabasco",17.8333,-93.3833,7,0.22,32.7,24.58,0.41000000000000003,1.2400000000000286,21.02000000000006,0,0
2022-07-23,tabasco,"Huimanguillo, Tabasco",17.8333,-93.3833,7,6.3,32.4,24.32,6.71,7.410000000000029,18.10000000000006,1,0
2022-07-24,tabasco,"Huimanguillo, Tabasco",17.8333,-93.3833,7,2.63,33.08,23.44,9.149999999999999,9.560000000000027,18.280000000000058,0,0
2022-07-25,tabasco,"Huimanguillo, Tabasco",17.8333,-93.3833,7,4.27,32.79,23.84,13.2,13.790000000000028,22.180000000000057,0,0
2022-07-26,tabasco,"Huimanguillo, Tabasco",17.8333,-93.3833,7,6.86,32.77,24.49,13.76,20.470000000000027,27.710000000000058,1,0
2022-07-27,tabasco,"Huimanguillo, Tabasco",17.8333,-93.3833,7,9.98,32.47,24.1,21.11,30.45000000000003,32.580000000000055,2,0
2022-07-28,tabasco,"Huimanguillo, Tabasco",17.8333,-93.3833,7,3.07,30.63,24.32,19.91,33.33000000000003,34.470000000000056,0,0
2022-07-29,tabasco,"Huimanguillo, Tabasco",17.8333,-93.3833,7,2.11,32.36,24.22,15.16,35.22000000000003,36.46000000000006,0,0
2022-07-30,tabasco,"Huimanguillo, Tabasco",17.8333,-93.3833,7,19.78,28.6,24.55,24.96,48.70000000000003,56.110000000000056,1,0
2022-07-31,tabasco,"Huimanguillo, Tabasco",17.8333,-93.3833,7,17.03,29.99,23.87,38.92,63.10000000000002,72.66000000000005,2,0
2022-08-01,tabasco,"Huimanguillo, Tabasco",17.8333,-93.3833,7,4.62,31.41,24.45,41.43,63.45000000000003,77.24000000000005,0,0
2022-08-02,tabasco,"Huimanguillo, Tabasco",17.8333,-93.3833,7,2.56,32.09,24.71,24.21,59.150000000000034,79.62000000000006,0,0
2022-08-03,tabasco,"Huimanguillo, Tabasco",17.8333,-93.3833,7,1.15,31.5,24.35,8.33,50.32000000000003,80.77000000000007,0,0
2022-08-04,tabasco,"Huimanguillo, Tabasco",17.8333,-93.3833,7,0.07,33.42,23.13,3.78,47.32000000000003,80.65000000000006,0,0
2022-08-05,tabasco,"Huimanguillo, Tabasco",17.8333,-93.3833,7,0.06,33.32,23.4,1.2799999999999998,45.270000000000024,80.49000000000007,0,0
2022-08-06,tabasco,"Huimanguillo, Tabasco",17.8333,-93.3833,7,2.88,31.96,23.98,3.01,28.370000000000026,77.07000000000005,0,0
2022-08-07,tabasco,"Huimanguillo, Tabasco",17.8333,-93.3833,7,11.46,30.79,22.42,14.4,22.800000000000026,85.90000000000006,1,0
2022-08-08,tabasco,"Huimanguillo, Tabasco",17.8333,-93.3833,7,11.62,29.74,24.51,25.96,29.800000000000026,93.25000000000006,2,0
2022-08-09,tabasco,"Huimanguillo, Tabasco",17.8333,-93.3833,7,7.41,31.07,24.13,30.490000000000002,34.65000000000003,93.80000000000007,3,0
2022-08-10,tabasco,"Huimanguillo, Tabasco",17.8333,-93.3833,7,11.6,30.61,23.25,30.63,45.10000000000002,95.42000000000006,4,0
2022-08-11,tabasco,"Huimanguillo, Tabasco",17.8333,-93.3833,7,12.3,30.47,24.16,31.31,57.33000000000003,104.65000000000006,5,0
2022-08-12,tabasco,"Huimanguillo, Tabasco",17.8333,-93.3833,7,4.2,31.69,24.19,28.099999999999998,61.47000000000003,106.74000000000005,0,0
2022-08-13,tabasco,"Huimanguillo, Tabasco",17.8333,-93.3833,7,0.59,32.57,23.12,17.09,59.18000000000003,87.55000000000007,0,0
2022-08-14,tabasco,"Huimanguillo, Tabasco",17.8333,-93.3833,7,0.39,31.3,24.07,5.18,48.11000000000003,70.91000000000007,0,0
2022-08-15,tabasco,"Huimanguillo, Tabasco",17.8333,-93.3833,7,0.61,33.8,22.89,1.5899999999999999,37.10000000000002,66.90000000000006,0,0
2022-08-16,tabasco,"Huimanguillo, Tabasco",17.8333,-93.3833,7,0.85,31.12,24.5,1.85,30.540000000000028,65.19000000000005,0,0
2022-08-17,tabasco,"Huimanguillo, Tabasco",17.8333,-93.3833,7,0.66,33.75,24.2,2.12,19.600000000000026,64.70000000000005,0,0
2022-08-18,tabasco,"Huimanguillo, Tabasco",17.8333,-93.3833,7,5.68,32.6,23.03,7.1899999999999995,12.980000000000025,70.31000000000006,1,0
2022-08-19,tabasco,"Huimanguillo, Tabasco",17.8333,-93.3833,7,5.18,29.02,24.3,11.52,13.960000000000026,75.43000000000005,2,0
2022-08-20,tabasco,"Huimanguillo, Tabasco",17.8333,-93.3833,7,0.63,32.78,24.19,11.49,14.000000000000023,73.18000000000006,0,0
2022-08-21,tabasco,"Huimanguillo, Tabasco",17.8333,-93.3833,7,1.64,32.11,24.89,7.449999999999999,15.250000000000025,63.36000000000005,0,0
2022-08-22,tabasco,"Huimanguillo, Tabasco",17.8333,-93.3833,7,2.7,32.77,23.62,4.970000000000001,17.340000000000025,54.440000000000055,0,0
2022-08-23,tabasco,"Huimanguillo, Tabasco",17.8333,-93.3833,7,3.74,32.91,24.58,8.08,20.230000000000025,50.77000000000006,0,0
2022-08-24,tabasco,"Huimanguillo, Tabasco",17.8333,-93.3833,7,3.66,31.61,24.87,10.1,23.230000000000025,42.830000000000055,0,0
2022-08-25,tabasco,"Huimanguillo, Tabasco",17.8333,-93.3833,7,14.91,31.22,24.0,22.310000000000002,32.46000000000002,45.440000000000055,1,0
2022-08-26,tabasco,"Huimanguillo, Tabasco",17.8333,-93.3833,7,8.6,31.54,23.73,27.169999999999998,35.880000000000024,49.84000000000005,2,0
2022-08-27,tabasco,"Huimanguillo, Tabasco",17.8333,-93.3833,7,11.09,30.38,24.26,34.599999999999994,46.340000000000025,60.34000000000006,3,0
2022-08-28,tabasco,"Huimanguillo, Tabasco",17.8333,-93.3833,7,2.95,31.97,24.19,22.64,47.65000000000002,62.900000000000055,0,0
2022-08-29,tabasco,"Huimanguillo, Tabasco",17.8333,-93.3833,7,2.1,32.29,22.52,16.14,47.050000000000026,64.39000000000006,0,0
2022-08-30,tabasco,"Huimanguillo, Tabasco",17.8333,-93.3833,7,6.82,32.24,24.45,11.870000000000001,50.130000000000024,70.36000000000006,1,0
2022-08-31,tabasco,"Huimanguillo, Tabasco",17.8333,-93.3833,7,9.67,31.22,24.26,18.590000000000003,56.14000000000002,79.37000000000006,2,0
2022-09-01,tabasco,"Huimanguillo, Tabasco",17.8333,-93.3833,7,19.69,30.04,24.2,36.18,60.92000000000003,93.38000000000005,3,0
2022-09-02,tabasco,"Huimanguillo, Tabasco",17.8333,-93.3833,7,18.97,29.38,24.27,48.33,71.29000000000002,107.17000000000006,4,0
2022-09-03,tabasco,"Huimanguillo, Tabasco",17.8333,-93.3833,7,20.77,27.7,24.57,59.42999999999999,80.97000000000003,127.31000000000004,5,1
2022-09-04,tabasco,"Huimanguillo, Tabasco",17.8333,-93.3833,7,6.2,30.1,23.47,45.94,84.22000000000003,131.87000000000006,6,0
2022-09-05,tabasco,"Huimanguillo, Tabasco",17.8333,-93.3833,7,6.14,30.43,23.58,33.11,88.26000000000003,135.31000000000006,7,0
2022-09-06,tabasco,"Huimanguillo, Tabasco",17.8333,-93.3833,7,6.43,30.74,24.07,18.77,87.87000000000002,138.00000000000006,8,0
2022-09-07,tabasco,"Huimanguillo, Tabasco",17.8333,-93.3833,7,6.15,30.5,24.68,18.72,84.35000000000002,140.49000000000007,9,0
2022-09-08,tabasco,"Huimanguillo, Tabasco",17.8333,-93.3833,7,17.47,30.08,24.44,30.049999999999997,82.13000000000002,143.05000000000007,10,0
2022-09-09,tabasco,"Huimanguillo, Tabasco",17.8333,-93.3833,7,6.1,31.36,24.3,29.72,69.26000000000002,140.55000000000007,11,0
2022-09-10,tabasco,"Huimanguillo, Tabasco",17.8333,-93.3833,7,12.5,32.1,23.52,36.07,60.99000000000003,141.96000000000006,12,0
2022-09-11,tabasco,"Huimanguillo, Tabasco",17.8333,-93.3833,7,60.84,30.0,24.95,79.44,115.63000000000002,199.85000000000005,13,1
2022-09-12,tabasco,"Huimanguillo, Tabasco",17.8333,-93.3833,7,31.91,28.39,24.23,105.25000000000001,141.40000000000003,229.66000000000005,14,1
2022-09-13,tabasco,"Huimanguillo, Tabasco",17.8333,-93.3833,7,17.69,28.38,24.27,110.44000000000001,152.66000000000003,240.53000000000006,15,0
2022-09-14,tabasco,"Huimanguillo, Tabasco",17.8333,-93.3833,7,19.63,28.97,23.87,69.23,166.14000000000001,250.49000000000007,16,0
2022-09-15,tabasco,"Huimanguillo, Tabasco",17.8333,-93.3833,7,20.87,28.03,24.01,58.190000000000005,169.54000000000002,251.67000000000007,17,1
2022-09-16,tabasco,"Huimanguillo, Tabasco",17.8333,-93.3833,7,23.26,29.78,24.64,63.760000000000005,186.70000000000002,255.96000000000004,18,1
2022-09-17,tabasco,"Huimanguillo, Tabasco",17.8333,-93.3833,7,38.47,30.02,24.67,82.60000000000001,212.67000000000002,273.6600000000001,19,1
2022-09-18,tabasco,"Huimanguillo, Tabasco",17.8333,-93.3833,7,18.66,30.68,25.03,80.39,170.49000000000004,286.12000000000006,20,0
2022-09-19,tabasco,"Huimanguillo, Tabasco",17.8333,-93.3833,7,7.68,30.53,24.47,64.81,146.26000000000002,287.66,21,0
2022-09-20,tabasco,"Huimanguillo, Tabasco",17.8333,-93.3833,7,18.4,29.29,24.52,44.739999999999995,146.97000000000003,299.6300000000001,22,0
2022-09-21,tabasco,"Huimanguillo, Tabasco",17.8333,-93.3833,7,17.55,30.3,23.58,43.629999999999995,144.89000000000004,311.03000000000003,23,0
2022-09-22,tabasco,"Huimanguillo, Tabasco",17.8333,-93.3833,7,26.09,29.67,23.53,62.04,150.11000000000004,319.6500000000001,24,1
2022-09-23,tabasco,"Huimanguillo, Tabasco",17.8333,-93.3833,7,18.87,29.83,23.64,62.510000000000005,145.72000000000003,332.4200000000001,25,0
2022-09-24,tabasco,"Huimanguillo, Tabasco",17.8333,-93.3833,7,16.36,29.75,23.8,61.32000000000001,123.61000000000003,336.2800000000001,26,0
2022-09-25,tabasco,"Huimanguillo, Tabasco",17.8333,-93.3833,7,9.53,29.78,24.41,44.76,114.48000000000003,284.9700000000001,27,0
2022-09-26,tabasco,"Huimanguillo, Tabasco",17.8333,-93.3833,7,5.35,30.09,23.43,31.24,112.15000000000002,258.4100000000001,28,0
2022-09-27,tabasco,"Huimanguillo, Tabasco",17.8333,-93.3833,7,19.24,29.67,23.97,34.12,112.99000000000004,259.96000000000004,29,0
2022-09-28,tabasco,"Huimanguillo, Tabasco",17.8333,-93.3833,7,18.56,29.71,24.09,43.14999999999999,114.00000000000001,258.89000000000004,30,0
2022-09-29,tabasco,"Huimanguillo, Tabasco",17.8333,-93.3833,7,17.78,28.73,22.5,55.58,105.69000000000003,255.80000000000007,31,0
2022-09-30,tabasco,"Huimanguillo, Tabasco",17.8333,-93.3833,7,5.56,28.19,21.89,41.9,92.38000000000002,238.10000000000008,32,0
2022-10-01,tabasco,"Huimanguillo, Tabasco",17.8333,-93.3833,7,0.14,28.87,21.36,23.48,76.16000000000003,199.77000000000004,0,0
2022-10-02,tabasco,"Huimanguillo, Tabasco",17.8333,-93.3833,7,1.43,28.89,21.71,7.129999999999999,68.06000000000003,182.54000000000005,0,0
2022-10-03,tabasco,"Huimanguillo, Tabasco",17.8333,-93.3833,7,1.03,28.57,21.65,2.5999999999999996,63.74000000000003,175.89000000000007,0,0
2022-10-04,tabasco,"Huimanguillo, Tabasco",17.8333,-93.3833,7,3.99,29.21,21.65,6.449999999999999,48.49000000000003,161.48000000000005,0,0
2022-10-05,tabasco,"Huimanguillo, Tabasco",17.8333,-93.3833,7,0.18,28.6,20.03,5.2,30.110000000000028,144.11000000000004,0,0
2022-10-06,tabasco,"Huimanguillo, Tabasco",17.8333,-93.3833,7,12.07,28.88,21.02,16.240000000000002,24.400000000000027,130.09000000000006,1,0
2022-10-07,tabasco,"Huimanguillo, Tabasco",17.8333,-93.3833,7,3.35,28.29,22.21,15.6,22.19000000000003,114.57000000000005,0,0
2022-10-08,tabasco,"Huimanguillo, Tabasco",17.8333,-93.3833,7,7.04,29.03,22.41,22.46,29.090000000000032,105.25000000000006,1,0
2022-10-09,tabasco,"Huimanguillo, Tabasco",17.8333,-93.3833,7,21.86,28.92,23.02,32.25,49.52000000000003,117.58000000000006,2,1
2022-10-10,tabasco,"Huimanguillo, Tabasco",17.8333,-93.3833,7,40.36,27.62,23.97,69.25999999999999,88.85000000000002,152.59000000000006,3,1
2022-10-11,tabasco,"Huimanguillo, Tabasco",17.8333,-93.3833,7,14.71,31.47,24.22,76.93,99.57000000000004,148.06000000000006,4,0
2022-10-12,tabasco,"Huimanguillo, Tabasco",17.8333,-93.3833,7,0.03,29.68,24.44,55.1,99.42000000000003,129.53000000000006,0,0
2022-10-13,tabasco,"Huimanguillo, Tabasco",17.8333,-93.3833,7,3.08,29.0,24.07,17.82,90.43000000000004,114.83000000000007,0,0
2022-10-14,tabasco,"Huimanguillo, Tabasco",17.8333,-93.3833,7,62.23,28.26,24.9,65.34,149.31000000000003,171.50000000000006,1,1
2022-10-15,tabasco,"Huimanguillo, Tabasco",17.8333,-93.3833,7,9.14,30.48,25.28,74.44999999999999,151.41000000000003,180.50000000000006,2,0
2022-10-16,tabasco,"Huimanguillo, Tabasco",17.8333,-93.3833,7,7.38,30.06,24.81,78.75,136.93,186.45000000000007,3,0
2022-10-17,tabasco,"Huimanguillo, Tabasco",17.8333,-93.3833,7,10.45,30.46,24.59,26.97,107.02000000000004,195.87000000000006,4,0
2022-10-18,tabasco,"Huimanguillo, Tabasco",17.8333,-93.3833,7,30.54,29.61,24.48,48.37,122.85000000000002,222.42000000000004,5,1
2022-10-19,tabasco,"Huimanguillo, Tabasco",17.8333,-93.3833,7,80.6,26.49,23.25,121.58999999999999,203.42000000000002,302.84000000000003,6,1
2022-10-20,tabasco,"Huimanguillo, Tabasco",17.8333,-93.3833,7,41.68,25.9,20.93,152.82,242.02,332.45000000000005,7,1
2022-10-21,tabasco,"Huimanguillo, Tabasco",17.8333,-93.3833,7,0.16,27.44,20.31,122.44,179.95000000000002,329.26,0,0
2022-10-22,tabasco,"Huimanguillo, Tabasco",17.8333,-93.3833,7,0.01,27.64,18.99,41.85,170.82000000000002,322.2300000000001,0,0
2022-10-23,tabasco,"Huimanguillo, Tabasco",17.8333,-93.3833,7,0.0,28.62,21.11,0.17,163.44000000000003,300.37000000000006,0,0
2022-10-24,tabasco,"Huimanguillo, Tabasco",17.8333,-93.3833,7,0.0,31.58,21.63,0.01,152.99,260.01000000000005,0,0
2022-10-25,tabasco,"Huimanguillo, Tabasco",17.8333,-93.3833,7,0.27,32.47,22.07,0.27,122.72000000000003,245.57000000000005,0,0
2022-10-26,tabasco,"Huimanguillo, Tabasco",17.8333,-93.3833,7,4.1,29.82,23.26,4.369999999999999,46.22000000000003,249.64000000000004,0,0
2022-10-27,tabasco,"Huimanguillo, Tabasco",17.8333,-93.3833,7,2.08,30.61,23.6,6.449999999999999,6.6200000000000285,248.64000000000004,0,0
2022-10-28,tabasco,"Huimanguillo, Tabasco",17.8333,-93.3833,7,0.0,30.55,22.48,6.18,6.460000000000028,186.41000000000005,0,0
2022-10-29,tabasco,"Huimanguillo, Tabasco",17.8333,-93.3833,7,0.26,30.35,22.5,2.34,6.710000000000028,177.53000000000003,0,0
2022-10-30,tabasco,"Huimanguillo, Tabasco",17.8333,-93.3833,7,1.13,29.06,22.03,1.39,7.840000000000028,171.28000000000003,0,0
2022-10-31,tabasco,"Huimanguillo, Tabasco",17.8333,-93.3833,7,3.16,29.78,22.57,4.55,11.000000000000028,163.99000000000004,0,0
2022-11-01,tabasco,"Huimanguillo, Tabasco",17.8333,-93.3833,7,0.01,29.69,21.32,4.3,10.740000000000029,133.46000000000006,0,0
2022-11-02,tabasco,"Huimanguillo, Tabasco",17.8333,-93.3833,7,29.8,28.85,22.08,32.97,36.440000000000026,82.66000000000005,1,1
2022-11-03,tabasco,"Huimanguillo, Tabasco",17.8333,-93.3833,7,67.98,28.46,23.62,97.79,102.34000000000003,108.96000000000006,2,1
2022-11-04,tabasco,"Huimanguillo, Tabasco",17.8333,-93.3833,7,14.74,29.34,23.25,112.52,117.08000000000003,123.54000000000005,3,0
2022-11-05,tabasco,"Huimanguillo, Tabasco",17.8333,-93.3833,7,2.02,30.43,23.69,84.74000000000001,118.84000000000003,125.55000000000005,0,0
2022-11-06,tabasco,"Huimanguillo, Tabasco",17.8333,-93.3833,7,6.78,29.78,24.29,23.54,124.49000000000004,132.33000000000004,1,0
2022-11-07,tabasco,"Huimanguillo, Tabasco",17.8333,-93.3833,7,1.71,29.21,22.6,10.510000000000002,123.04000000000003,134.04000000000005,0,0
2022-11-08,tabasco,"Huimanguillo, Tabasco",17.8333,-93.3833,7,3.68,27.96,21.45,12.170000000000002,126.71000000000004,137.45000000000005,0,0
2022-11-09,tabasco,"Huimanguillo, Tabasco",17.8333,-93.3833,7,5.4,27.48,21.77,10.790000000000001,102.31000000000003,138.75000000000006,1,0
2022-11-10,tabasco,"Huimanguillo, Tabasco",17.8333,-93.3833,7,0.96,28.16,19.31,10.040000000000003,35.29000000000003,137.63000000000005,0,0
2022-11-11,tabasco,"Huimanguillo, Tabasco",17.8333,-93.3833,7,0.0,30.59,17.83,6.36,20.55000000000003,137.63000000000005,0,0
2022-11-12,tabasco,"Huimanguillo, Tabasco",17.8333,-93.3833,7,0.08,30.24,22.0,1.04,18.610000000000028,137.45000000000005,0,0
2022-11-13,tabasco,"Huimanguillo, Tabasco",17.8333,-93.3833,7,0.96,28.67,21.82,1.04,12.79000000000003,137.28000000000006,0,0
2022-11-14,tabasco,"Huimanguillo, Tabasco",17.8333,-93.3833,7,0.2,28.98,20.28,1.24,11.28000000000003,134.32000000000005,0,0
2022-11-15,tabasco,"Huimanguillo, Tabasco",17.8333,-93.3833,7,1.55,29.52,21.14,2.71,9.150000000000029,135.86000000000007,0,0
2022-11-16,tabasco,"Huimanguillo, Tabasco",17.8333,-93.3833,7,35.51,28.9,22.45,37.26,39.260000000000026,141.57000000000005,1,1
2022-11-17,tabasco,"Huimanguillo, Tabasco",17.8333,-93.3833,7,21.75,26.85,22.64,58.809999999999995,60.050000000000026,95.34000000000005,2,1
2022-11-18,tabasco,"Huimanguillo, Tabasco",17.8333,-93.3833,7,7.69,27.9,22.1,64.95,67.74000000000002,88.29000000000005,3,0
2022-11-19,tabasco,"Huimanguillo, Tabasco",17.8333,-93.3833,7,7.57,27.87,22.0,37.01,75.23000000000003,93.84000000000005,4,0
2022-11-20,tabasco,"Huimanguillo, Tabasco",17.8333,-93.3833,7,22.04,24.81,21.13,37.3,96.31000000000003,109.10000000000004,5,1
2022-11-21,tabasco,"Huimanguillo, Tabasco",17.8333,-93.3833,7,20.43,27.43,22.42,50.04,116.54000000000003,127.82000000000005,6,1
2022-11-22,tabasco,"Huimanguillo, Tabasco",17.8333,-93.3833,7,51.28,26.74,22.16,93.75,166.27000000000004,175.42000000000004,7,1
2022-11-23,tabasco,"Huimanguillo, Tabasco",17.8333,-93.3833,7,24.02,26.63,22.64,95.73,154.78000000000006,194.04000000000005,8,1
2022-11-24,tabasco,"Huimanguillo, Tabasco",17.8333,-93.3833,7,0.8,28.49,21.95,76.1,133.83,193.88000000000005,0,0
2022-11-25,tabasco,"Huimanguillo, Tabasco",17.8333,-93.3833,7,0.08,31.22,21.62,24.9,126.22000000000004,193.96000000000006,0,0
2022-11-26,tabasco,"Huimanguillo, Tabasco",17.8333,-93.3833,7,0.16,30.83,22.85,1.04,118.81000000000003,194.04000000000005,0,0
2022-11-27,tabasco,"Huimanguillo, Tabasco",17.8333,-93.3833,7,4.17,28.66,23.74,4.41,100.94000000000004,197.25000000000003,0,0
2022-11-28,tabasco,"Huimanguillo, Tabasco",17.8333,-93.3833,7,2.0,29.14,23.22,6.33,82.51000000000003,199.05000000000004,0,0
2022-11-29,tabasco,"Huimanguillo, Tabasco",17.8333,-93.3833,7,0.08,30.42,22.39,6.25,31.310000000000027,197.58000000000004,0,0
2022-11-30,tabasco,"Huimanguillo, Tabasco",17.8333,-93.3833,7,1.92,29.33,22.17,4.0,9.21000000000003,163.99000000000004,0,0
2022-12-01,tabasco,"Huimanguillo, Tabasco",17.8333,-93.3833,7,2.99,27.93,22.27,4.99,11.400000000000027,145.23000000000005,0,0
2022-12-02,tabasco,"Huimanguillo, Tabasco",17.8333,-93.3833,7,4.04,27.92,22.44,8.95,15.360000000000028,141.58000000000004,0,0
2022-12-03,tabasco,"Huimanguillo, Tabasco",17.8333,-93.3833,7,4.83,27.6,22.26,11.86,20.03000000000003,138.84000000000006,0,0
2022-12-04,tabasco,"Huimanguillo, Tabasco",17.8333,-93.3833,7,9.45,27.68,22.71,18.32,25.31000000000003,126.25000000000006,1,0
2022-12-05,tabasco,"Huimanguillo, Tabasco",17.8333,-93.3833,7,4.32,26.95,20.95,18.6,27.63000000000003,110.14000000000004,0,0
2022-12-06,tabasco,"Huimanguillo, Tabasco",17.8333,-93.3833,7,0.0,27.88,18.82,13.769999999999998,27.550000000000026,58.86000000000004,0,0
2022-12-07,tabasco,"Huimanguillo, Tabasco",17.8333,-93.3833,7,0.02,27.58,19.4,4.339999999999998,25.65000000000003,34.86000000000005,0,0
2022-12-08,tabasco,"Huimanguillo, Tabasco",17.8333,-93.3833,7,1.34,26.95,20.94,1.3599999999999983,24.00000000000003,35.40000000000004,0,0
2022-12-09,tabasco,"Huimanguillo, Tabasco",17.8333,-93.3833,7,5.75,26.87,20.66,7.1099999999999985,25.71000000000003,41.07000000000004,1,0
2022-12-10,tabasco,"Huimanguillo, Tabasco",17.8333,-93.3833,7,1.35,27.4,19.55,8.44,22.23000000000003,42.26000000000004,0,0
2022-12-11,tabasco,"Huimanguillo, Tabasco",17.8333,-93.3833,7,0.04,27.21,19.61,7.139999999999998,12.820000000000029,38.130000000000045,0,0
2022-12-12,tabasco,"Huimanguillo, Tabasco",17.8333,-93.3833,7,0.0,28.37,20.31,1.3899999999999983,8.500000000000028,36.130000000000045,0,0
2022-12-13,tabasco,"Huimanguillo, Tabasco",17.8333,-93.3833,7,0.0,30.48,20.36,0.039999999999998224,8.500000000000028,36.05000000000004,0,0
2022-12-14,tabasco,"Huimanguillo, Tabasco",17.8333,-93.3833,7,0.0,30.84,20.62,0.0,8.480000000000029,34.130000000000045,0,0
2022-12-15,tabasco,"Huimanguillo, Tabasco",17.8333,-93.3833,7,0.02,27.97,20.92,0.019999999999998224,7.160000000000029,31.160000000000043,0,0
2022-12-16,tabasco,"Huimanguillo, Tabasco",17.8333,-93.3833,7,0.12,28.45,21.56,0.1399999999999982,1.5300000000000284,27.24000000000004,0,0
2022-12-17,tabasco,"Huimanguillo, Tabasco",17.8333,-93.3833,7,8.47,28.71,21.34,8.61,8.650000000000029,30.880000000000045,1,0
2022-12-18,tabasco,"Huimanguillo, Tabasco",17.8333,-93.3833,7,12.74,27.6,21.65,21.33,21.35000000000003,34.170000000000044,2,0
2022-12-19,tabasco,"Huimanguillo, Tabasco",17.8333,-93.3833,7,9.96,28.4,21.56,31.17,31.31000000000003,39.810000000000045,3,0
2022-12-20,tabasco,"Huimanguillo, Tabasco",17.8333,-93.3833,7,5.96,27.14,18.63,28.66,37.27000000000003,45.770000000000046,4,0
2022-12-21,tabasco,"Huimanguillo, Tabasco",17.8333,-93.3833,7,7.33,25.85,20.7,23.25,44.60000000000003,53.08000000000004,5,0
2022-12-22,tabasco,"Huimanguillo, Tabasco",17.8333,-93.3833,7,0.08,27.76,19.53,13.369999999999997,44.660000000000025,51.82000000000004,0,0
2022-12-23,tabasco,"Huimanguillo, Tabasco",17.8333,-93.3833,7,25.76,27.34,20.77,33.17,70.30000000000004,71.83000000000004,1,1
2022-12-24,tabasco,"Huimanguillo, Tabasco",17.8333,-93.3833,7,68.4,22.06,19.76,94.24000000000001,130.23000000000005,138.88000000000005,2,1
2022-12-25,tabasco,"Huimanguillo, Tabasco",17.8333,-93.3833,7,25.1,23.43,19.69,119.26000000000002,142.59000000000003,163.94000000000003,3,1
2022-12-26,tabasco,"Huimanguillo, Tabasco",17.8333,-93.3833,7,1.77,22.77,17.87,95.27000000000001,134.40000000000006,165.71000000000004,0,0
2022-12-27,tabasco,"Huimanguillo, Tabasco",17.8333,-93.3833,7,0.11,24.3,17.07,26.98,128.55000000000004,165.82000000000002,0,0
2022-12-28,tabasco,"Huimanguillo, Tabasco",17.8333,-93.3833,7,0.01,25.82,16.98,1.8900000000000001,121.23000000000003,165.83000000000004,0,0
2022-12-29,tabasco,"Huimanguillo, Tabasco",17.8333,-93.3833,7,0.0,28.36,18.09,0.12,121.15000000000003,165.81000000000006,0,0
2022-12-30,tabasco,"Huimanguillo, Tabasco",17.8333,-93.3833,7,0.0,29.66,20.33,0.01,95.39000000000004,165.69000000000005,0,0
2022-12-31,tabasco,"Huimanguillo, Tabasco",17.8333,-93.3833,7,0.01,28.77,20.99,0.01,27.000000000000043,157.23000000000005,0,0
2023-01-01,tabasco,"Huimanguillo, Tabasco",17.8333,-93.3833,7,0.0,28.94,20.82,0.01,1.9000000000000425,144.49000000000004,0,0
2023-01-02,tabasco,"Huimanguillo, Tabasco",17.8333,-93.3833,7,0.0,30.66,20.88,0.01,0.13000000000004264,134.53000000000003,0,0
2023-01-03,tabasco,"Huimanguillo, Tabasco",17.8333,-93.3833,7,0.0,31.54,21.01,0.0,0.020000000000042633,128.57000000000005,0,0
2023-01-04,tabasco,"Huimanguillo, Tabasco",17.8333,-93.3833,7,1.27,28.9,20.64,1.27,1.2800000000000427,122.51000000000003,0,0
2023-01-05,tabasco,"Huimanguillo, Tabasco",17.8333,-93.3833,7,16.16,27.78,22.03,17.43,17.440000000000044,138.59000000000003,1,0
2023-01-06,tabasco,"Huimanguillo, Tabasco",17.8333,-93.3833,7,11.95,27.42,20.69,29.38,29.390000000000043,124.78000000000004,2,0
2023-01-07,tabasco,"Huimanguillo, Tabasco",17.8333,-93.3833,7,0.05,27.06,19.31,28.16,29.430000000000042,56.43000000000004,0,0
2023-01-08,tabasco,"Huimanguillo, Tabasco",17.8333,-93.3833,7,0.92,27.58,19.29,12.92,30.35000000000004,32.25000000000004,0,0
2023-01-09,tabasco,"Huimanguillo, Tabasco",17.8333,-93.3833,7,20.87,27.37,21.76,21.840000000000003,51.22000000000004,51.35000000000004,1,1
2023-01-10,tabasco,"Huimanguillo, Tabasco",17.8333,-93.3833,7,5.32,27.41,20.8,27.11,56.54000000000004,56.560000000000045,2,0
2023-01-11,tabasco,"Huimanguillo, Tabasco",17.8333,-93.3833,7,0.05,27.69,20.12,26.240000000000002,55.32000000000004,56.600000000000044,0,0
2023-01-12,tabasco,"Huimanguillo, Tabasco",17.8333,-93.3833,7,9.73,28.9,19.21,15.100000000000001,48.89000000000004,66.33000000000004,1,0
2023-01-13,tabasco,"Huimanguillo, Tabasco",17.8333,-93.3833,7,55.64,25.42,18.92,65.42,92.58000000000004,121.97000000000004,2,1
2023-01-14,tabasco,"Huimanguillo, Tabasco",17.8333,-93.3833,7,1.13,22.62,16.71,66.5,93.66000000000004,123.09000000000003,0,0
2023-01-15,tabasco,"Huimanguillo, Tabasco",17.8333,-93.3833,7,0.0,23.25,13.86,56.77,92.74000000000004,123.09000000000003,0,0
2023-01-16,tabasco,"Huimanguillo, Tabasco",17.8333,-93.3833,7,0.0,29.55,15.69,1.13,71.87000000000003,123.09000000000003,0,0
2023-01-17,tabasco,"Huimanguillo, Tabasco",17.8333,-93.3833,7,0.0,29.67,17.58,0.0,66.55000000000004,123.09000000000003,0,0
2023-01-18,tabasco,"Huimanguillo, Tabasco",17.8333,-93.3833,7,0.0,29.54,17.18,0.0,66.50000000000004,121.82000000000004,0,0
2023-01-19,tabasco,"Huimanguillo, Tabasco",17.8333,-93.3833,7,0.0,27.99,17.47,0.0,56.770000000000046,105.66000000000003,0,0
2023-01-20,tabasco,"Huimanguillo, Tabasco",17.8333,-93.3833,7,0.0,27.61,19.05,0.0,1.1300000000000425,93.71000000000004,0,0
2023-01-21,tabasco,"Huimanguillo, Tabasco",17.8333,-93.3833,7,0.0,29.21,19.88,0.0,0.0,93.66000000000004,0,0
2023-01-22,tabasco,"Huimanguillo, Tabasco",17.8333,-93.3833,7,0.01,29.81,20.85,0.01,0.010000000000042633,92.75000000000004,0,0
2023-01-23,tabasco,"Huimanguillo, Tabasco",17.8333,-93.3833,7,0.19,28.57,20.89,0.2,0.20000000000004264,72.07000000000004,0,0
2023-01-24,tabasco,"Huimanguillo, Tabasco",17.8333,-93.3833,7,0.03,28.87,20.25,0.23,0.23000000000004264,66.78000000000003,0,0
2023-01-25,tabasco,"Huimanguillo, Tabasco",17.8333,-93.3833,7,8.16,28.85,18.79,8.38,8.390000000000043,74.89000000000003,1,0
2023-01-26,tabasco,"Huimanguillo, Tabasco",17.8333,-93.3833,7,28.45,24.2,19.42,36.64,36.840000000000046,93.61000000000003,2,1
2023-01-27,tabasco,"Huimanguillo, Tabasco",17.8333,-93.3833,7,8.02,25.27,19.37,44.629999999999995,44.86000000000004,45.99000000000004,3,0
2023-01-28,tabasco,"Huimanguillo, Tabasco",17.8333,-93.3833,7,1.45,27.2,20.86,37.92,46.310000000000045,46.31000000000003,0,0
2023-01-29,tabasco,"Huimanguillo, Tabasco",17.8333,-93.3833,7,0.0,28.08,18.03,9.469999999999999,46.30000000000005,46.31000000000003,0,0
2023-01-30,tabasco,"Huimanguillo, Tabasco",17.8333,-93.3833,7,0.01,27.77,18.87,1.46,46.12000000000004,46.32000000000003,0,0
2023-01-31,tabasco,"Huimanguillo, Tabasco",17.8333,-93.3833,7,0.01,27.86,19.41,0.02,46.100000000000044,46.330000000000034,0,0
2023-02-01,tabasco,"Huimanguillo, Tabasco",17.8333,-93.3833,7,0.04,28.1,20.47,0.06,37.98000000000004,46.37000000000003,0,0
2023-02-02,tabasco,"Huimanguillo, Tabasco",17.8333,-93.3833,7,0.21,28.09,20.28,0.26,9.740000000000043,46.580000000000034,0,0
2023-02-03,tabasco,"Huimanguillo, Tabasco",17.8333,-93.3833,7,53.54,24.54,19.91,53.79,55.26000000000004,100.12000000000003,1,1
2023-02-04,tabasco,"Huimanguillo, Tabasco",17.8333,-93.3833,7,23.52,23.49,19.65,77.27,77.33000000000004,123.64000000000003,2,1
2023-02-05,tabasco,"Huimanguillo, Tabasco",17.8333,-93.3833,7,5.09,26.12,19.4,82.15,82.42000000000004,128.72000000000003,3,0
2023-02-06,tabasco,"Huimanguillo, Tabasco",17.8333,-93.3833,7,0.59,26.98,20.36,29.2,83.00000000000004,129.12000000000003,0,0
2023-02-07,tabasco,"Huimanguillo, Tabasco",17.8333,-93.3833,7,0.0,27.7,18.04,5.68,82.99000000000004,129.09000000000003,0,0
2023-02-08,tabasco,"Huimanguillo, Tabasco",17.8333,-93.3833,7,0.01,30.17,19.77,0.6,82.96000000000004,120.94000000000003,0,0
2023-02-09,tabasco,"Huimanguillo, Tabasco",17.8333,-93.3833,7,0.67,28.81,21.19,0.68,83.42000000000004,93.16000000000004,0,0
2023-02-10,tabasco,"Huimanguillo, Tabasco",17.8333,-93.3833,7,23.47,28.37,21.39,24.15,53.35000000000004,108.61000000000003,1,1
2023-02-11,tabasco,"Huimanguillo, Tabasco",17.8333,-93.3833,7,117.63,22.92,17.44,141.76999999999998,147.46000000000004,224.79000000000002,2,1
2023-02-12,tabasco,"Huimanguillo, Tabasco",17.8333,-93.3833,7,1.6,21.58,16.13,142.70000000000002,143.97000000000003,226.39000000000001,0,0
2023-02-13,tabasco,"Huimanguillo, Tabasco",17.8333,-93.3833,7,0.05,25.22,14.99,119.28,143.43000000000004,226.43000000000004,0,0
2023-02-14,tabasco,"Huimanguillo, Tabasco",17.8333,-93.3833,7,0.0,30.7,17.26,1.6500000000000001,143.43000000000004,226.42000000000004,0,0
2023-02-15,tabasco,"Huimanguillo, Tabasco",17.8333,-93.3833,7,0.0,31.93,19.98,0.05,143.42000000000004,226.38000000000002,0,0
2023-02-16,tabasco,"Huimanguillo, Tabasco",17.8333,-93.3833,7,0.0,30.98,20.24,0.0,142.75000000000003,226.17000000000004,0,0
2023-02-17,tabasco,"Huimanguillo, Tabasco",17.8333,-93.3833,7,21.77,27.12,20.99,21.77,141.05000000000004,194.4,1,1
2023-02-18,tabasco,"Huimanguillo, Tabasco",17.8333,-93.3833,7,36.31,26.57,20.79,58.08,59.73000000000005,207.19000000000005,2,1
2023-02-19,tabasco,"Huimanguillo, Tabasco",17.8333,-93.3833,7,3.31,27.84,20.89,61.39,61.44000000000005,205.41000000000003,0,0
2023-02-20,tabasco,"Huimanguillo, Tabasco",17.8333,-93.3833,7,0.26,27.91,20.48,39.88,61.65000000000005,205.08000000000004,0,0
2023-02-21,tabasco,"Huimanguillo, Tabasco",17.8333,-93.3833,7,0.0,29.36,18.95,3.5700000000000003,61.65000000000005,205.08000000000004,0,0
2023-02-22,tabasco,"Huimanguillo, Tabasco",17.8333,-93.3833,7,0.0,33.16,19.67,0.26,61.65000000000005,205.07000000000005,0,0
2023-02-23,tabasco,"Huimanguillo, Tabasco",17.8333,-93.3833,7,0.0,31.94,22.12,0.0,61.65000000000005,204.40000000000003,0,0
2023-02-24,tabasco,"Huimanguillo, Tabasco",17.8333,-93.3833,7,0.0,29.64,19.86,0.0,39.88000000000005,180.93000000000004,0,0
2023-02-25,tabasco,"Huimanguillo, Tabasco",17.8333,-93.3833,7,0.01,28.78,19.6,0.01,3.58000000000005,63.31000000000003,0,0
2023-02-26,tabasco,"Huimanguillo, Tabasco",17.8333,-93.3833,7,0.0,27.79,19.35,0.01,0.27000000000004976,61.71000000000003,0,0
2023-02-27,tabasco,"Huimanguillo, Tabasco",17.8333,-93.3833,7,0.0,30.69,19.23,0.01,0.010000000000049738,61.66000000000003,0,0
2023-02-28,tabasco,"Huimanguillo, Tabasco",17.8333,-93.3833,7,0.0,31.81,21.66,0.0,0.010000000000049738,61.66000000000003,0,0
2023-03-01,tabasco,"Huimanguillo, Tabasco",17.8333,-93.3833,7,0.0,32.68,22.12,0.0,0.010000000000049738,61.66000000000003,0,0
2023-03-02,tabasco,"Huimanguillo, Tabasco",17.8333,-93.3833,7,0.0,33.42,20.74,0.0,0.010000000000049738,61.66000000000003,0,0
2023-03-03,tabasco,"Huimanguillo, Tabasco",17.8333,-93.3833,7,0.02,31.92,19.84,0.02,0.030000000000049737,39.91000000000003,0,0
2023-03-04,tabasco,"Huimanguillo, Tabasco",17.8333,-93.3833,7,0.0,29.23,19.37,0.02,0.02000000000004974,3.6000000000000285,0,0
2023-03-05,tabasco,"Huimanguillo, Tabasco",17.8333,-93.3833,7,0.0,29.55,21.13,0.02,0.020000000000049742,0.29000000000002846,0,0
2023-03-06,tabasco,"Huimanguillo, Tabasco",17.8333,-93.3833,7,0.0,30.21,20.93,0.0,0.020000000000049742,0.03000000000002842,0,0
2023-03-07,tabasco,"Huimanguillo, Tabasco",17.8333,-93.3833,7,0.0,29.09,19.78,0.0,0.020000000000049742,0.03000000000002842,0,0
2023-03-08,tabasco,"Huimanguillo, Tabasco",17.8333,-93.3833,7,0.0,29.54,20.79,0.0,0.020000000000049742,0.03000000000002842,0,0
2023-03-09,tabasco,"Huimanguillo, Tabasco",17.8333,-93.3833,7,0.0,30.1,20.74,0.0,0.020000000000049742,0.03000000000002842,0,0
2023-03-10,tabasco,"Huimanguillo, Tabasco",17.8333,-93.3833,7,0.03,30.35,20.82,0.03,0.030000000000049737,0.06000000000002842,0,0
2023-03-11,tabasco,"Huimanguillo, Tabasco",17.8333,-93.3833,7,0.0,30.71,20.38,0.03,0.030000000000049737,0.05000000000002842,0,0
2023-03-12,tabasco,"Huimanguillo, Tabasco",17.8333,-93.3833,7,0.0,33.19,22.09,0.03,0.030000000000049737,0.05000000000002842,0,0
2023-03-13,tabasco,"Huimanguillo, Tabasco",17.8333,-93.3833,7,2.15,31.66,21.99,2.15,2.1800000000000495,2.200000000000028,0,0
2023-03-14,tabasco,"Huimanguillo, Tabasco",17.8333,-93.3833,7,2.69,30.77,22.58,4.84,4.870000000000049,4.890000000000028,0,0
2023-03-15,tabasco,"Huimanguillo, Tabasco",17.8333,-93.3833,7,2.34,28.59,22.07,7.18,7.210000000000049,7.230000000000028,0,0
2023-03-16,tabasco,"Huimanguillo, Tabasco",17.8333,-93.3833,7,0.27,30.26,21.73,5.299999999999999,7.480000000000049,7.500000000000028,0,0
2023-03-17,tabasco,"Huimanguillo, Tabasco",17.8333,-93.3833,7,13.0,33.76,21.79,15.61,20.45000000000005,20.48000000000003,1,0
2023-03-18,tabasco,"Huimanguillo, Tabasco",17.8333,-93.3833,7,36.83,28.38,22.74,50.099999999999994,57.280000000000044,57.31000000000003,2,1
2023-03-19,tabasco,"Huimanguillo, Tabasco",17.8333,-93.3833,7,61.42,25.08,20.45,111.25,118.70000000000005,118.73000000000003,3,1
2023-03-20,tabasco,"Huimanguillo, Tabasco",17.8333,-93.3833,7,10.34,25.98,20.18,108.58999999999999,126.89000000000004,129.07000000000002,4,0
2023-03-21,tabasco,"Huimanguillo, Tabasco",17.8333,-93.3833,7,0.07,28.61,19.09,71.83,124.27000000000004,129.14000000000004,0,0
2023-03-22,tabasco,"Huimanguillo, Tabasco",17.8333,-93.3833,7,0.12,29.0,20.38,10.529999999999992,122.05000000000005,129.26000000000002,0,0
2023-03-23,tabasco,"Huimanguillo, Tabasco",17.8333,-93.3833,7,0.12,30.53,21.35,0.3099999999999929,121.90000000000005,129.38000000000002,0,0
2023-03-24,tabasco,"Huimanguillo, Tabasco",17.8333,-93.3833,7,0.01,33.2,21.81,0.2499999999999929,108.91000000000004,129.36000000000004,0,0
2023-03-25,tabasco,"Huimanguillo, Tabasco",17.8333,-93.3833,7,0.0,34.38,22.77,0.1299999999999929,72.08000000000004,129.36000000000004,0,0
2023-03-26,tabasco,"Huimanguillo, Tabasco",17.8333,-93.3833,7,0.0,33.6,23.72,0.009999999999992895,10.660000000000043,129.36000000000004,0,0
2023-03-27,tabasco,"Huimanguillo, Tabasco",17.8333,-93.3833,7,0.0,33.29,24.07,0.0,0.32000000000004264,127.21000000000002,0,0
2023-03-28,tabasco,"Huimanguillo, Tabasco",17.8333,-93.3833,7,0.34,32.48,24.37,0.3399999999999929,0.5900000000000427,124.86000000000003,0,0
2023-03-29,tabasco,"Huimanguillo, Tabasco",17.8333,-93.3833,7,0.23,30.93,22.68,0.569999999999993,0.7000000000000427,122.75000000000004,0,0
2023-03-30,tabasco,"Huimanguillo, Tabasco",17.8333,-93.3833,7,0.0,29.86,21.45,0.569999999999993,0.5800000000000427,122.48000000000003,0,0
2023-03-31,tabasco,"Huimanguillo, Tabasco",17.8333,-93.3833,7,0.0,31.66,20.59,0.2299999999999929,0.5700000000000427,109.48000000000003,0,0
2023-04-01,tabasco,"Huimanguillo, Tabasco",17.8333,-93.3833,7,0.0,31.17,19.87,0.0,0.5700000000000427,72.65000000000003,0,0
2023-04-02,tabasco,"Huimanguillo, Tabasco",17.8333,-93.3833,7,0.0,30.81,20.95,0.0,0.5700000000000427,11.230000000000029,0,0
2023-04-03,tabasco,"Huimanguillo, Tabasco",17.8333,-93.3833,7,0.0,32.46,20.3,0.0,0.5700000000000427,0.8900000000000284,0,0
2023-04-04,tabasco,"Huimanguillo, Tabasco",17.8333,-93.3833,7,0.0,33.88,22.02,0.0,0.23000000000004264,0.8200000000000285,0,0
2023-04-05,tabasco,"Huimanguillo, Tabasco",17.8333,-93.3833,7,0.0,32.74,22.26,0.0,0.0,0.7000000000000284,0,0
2023-04-06,tabasco,"Huimanguillo, Tabasco",17.8333,-93.3833,7,0.02,32.86,23.89,0.019999999999992895,0.020000000000042633,0.6000000000000285,0,0
2023-04-07,tabasco,"Huimanguillo, Tabasco",17.8333,-93.3833,7,0.0,32.47,22.37,0.019999999999992895,0.020000000000042633,0.5900000000000285,0,0
2023-04-08,tabasco,"Huimanguillo, Tabasco",17.8333,-93.3833,7,0.01,31.32,21.91,0.029999999999992893,0.03000000000004263,0.6000000000000285,0,0
2023-04-09,tabasco,"Huimanguillo, Tabasco",17.8333,-93.3833,7,0.03,30.28,21.08,0.03999999999999289,0.06000000000004263,0.6300000000000285,0,0
2023-04-10,tabasco,"Huimanguillo, Tabasco",17.8333,-93.3833,7,0.3,30.48,21.54,0.33999999999999286,0.3600000000000426,0.9300000000000285,0,0
2023-04-11,tabasco,"Huimanguillo, Tabasco",17.8333,-93.3833,7,0.91,29.45,21.92,1.2399999999999929,1.2700000000000427,1.5000000000000284,0,0
2023-04-12,tabasco,"Huimanguillo, Tabasco",17.8333,-93.3833,7,0.06,28.81,21.26,1.269999999999993,1.3300000000000427,1.3300000000000285,0,0
2023-04-13,tabasco,"Huimanguillo, Tabasco",17.8333,-93.3833,7,0.05,29.23,20.18,1.019999999999993,1.3600000000000427,1.3800000000000285,0,0
2023-04-14,tabasco,"Huimanguillo, Tabasco",17.8333,-93.3833,7,0.04,34.0,22.26,0.1499999999999929,1.4000000000000425,1.4200000000000284,0,0
2023-04-15,tabasco,"Huimanguillo, Tabasco",17.8333,-93.3833,7,0.0,35.63,23.39,0.08999999999999289,1.3900000000000425,1.4200000000000284,0,0
2023-04-16,tabasco,"Huimanguillo, Tabasco",17.8333,-93.3833,7,0.05,32.68,23.4,0.08999999999999289,1.4100000000000426,1.4700000000000284,0,0
2023-04-17,tabasco,"Huimanguillo, Tabasco",17.8333,-93.3833,7,1.21,29.76,22.15,1.259999999999993,2.3200000000000425,2.680000000000028,0,0
2023-04-18,tabasco,"Huimanguillo, Tabasco",17.8333,-93.3833,7,0.0,32.01,20.76,1.259999999999993,1.4100000000000426,2.680000000000028,0,0
2023-04-19,tabasco,"Huimanguillo, Tabasco",17.8333,-93.3833,7,0.09,34.0,22.41,1.299999999999993,1.4400000000000426,2.7700000000000284,0,0
2023-04-20,tabasco,"Huimanguillo, Tabasco",17.8333,-93.3833,7,0.05,34.61,23.33,0.1399999999999929,1.4400000000000424,2.8000000000000282,0,0
2023-04-21,tabasco,"Huimanguillo, Tabasco",17.8333,-93.3833,7,0.0,35.23,23.58,0.1399999999999929,1.4000000000000425,2.8000000000000282,0,0
2023-04-22,tabasco,"Huimanguillo, Tabasco",17.8333,-93.3833,7,0.0,31.57,24.67,0.0499999999999929,1.4000000000000425,2.790000000000028,0,0
2023-04-23,tabasco,"Huimanguillo, Tabasco",17.8333,-93.3833,7,0.03,34.61,24.29,0.029999999999992893,1.3800000000000425,2.7900000000000285,0,0
2023-04-24,tabasco,"Huimanguillo, Tabasco",17.8333,-93.3833,7,0.0,32.59,23.97,0.029999999999992893,0.17000000000004262,2.4900000000000286,0,0
2023-04-25,tabasco,"Huimanguillo, Tabasco",17.8333,-93.3833,7,0.02,33.49,23.68,0.0499999999999929,0.19000000000004263,1.6000000000000283,0,0
2023-04-26,tabasco,"Huimanguillo, Tabasco",17.8333,-93.3833,7,0.0,35.29,24.09,0.019999999999992895,0.10000000000004264,1.5400000000000282,0,0
2023-04-27,tabasco,"Huimanguillo, Tabasco",17.8333,-93.3833,7,0.0,38.12,24.06,0.019999999999992895,0.050000000000042635,1.4900000000000282,0,0
2023-04-28,tabasco,"Huimanguillo, Tabasco",17.8333,-93.3833,7,0.0,36.95,24.43,0.0,0.050000000000042635,1.4500000000000284,0,0
2023-04-29,tabasco,"Huimanguillo, Tabasco",17.8333,-93.3833,7,0.01,36.89,21.3,0.009999999999992895,0.06000000000004263,1.4600000000000284,0,0
2023-04-30,tabasco,"Huimanguillo, Tabasco",17.8333,-93.3833,7,0.0,29.86,20.34,0.009999999999992895,0.03000000000004263,1.4100000000000283,0,0
2023-05-01,tabasco,"Huimanguillo, Tabasco",17.8333,-93.3833,7,0.0,32.44,18.87,0.009999999999992895,0.03000000000004263,0.20000000000002843,0,0
2023-05-02,tabasco,"Huimanguillo, Tabasco",17.8333,-93.3833,7,0.0,36.2,22.45,0.0,0.010000000000042633,0.20000000000002843,0,0
2023-05-03,tabasco,"Huimanguillo, Tabasco",17.8333,-93.3833,7,0.01,36.5,25.4,0.009999999999992895,0.020000000000042633,0.12000000000002842,0,0
2023-05-04,tabasco,"Huimanguillo, Tabasco",17.8333,-93.3833,7,0.01,37.83,25.59,0.019999999999992895,0.03000000000004263,0.08000000000002842,0,0
2023-05-05,tabasco,"Huimanguillo, Tabasco",17.8333,-93.3833,7,0.0,36.03,24.77,0.019999999999992895,0.03000000000004263,0.08000000000002842,0,0
2023-05-06,tabasco,"Huimanguillo, Tabasco",17.8333,-93.3833,7,0.08,38.12,24.86,0.08999999999999289,0.10000000000004264,0.16000000000002843,0,0
2023-05-07,tabasco,"Huimanguillo, Tabasco",17.8333,-93.3833,7,0.11,38.27,24.66,0.1899999999999929,0.21000000000004262,0.2400000000000284,0,0
2023-05-08,tabasco,"Huimanguillo, Tabasco",17.8333,-93.3833,7,0.0,38.26,24.15,0.1899999999999929,0.21000000000004262,0.2400000000000284,0,0
2023-05-09,tabasco,"Huimanguillo, Tabasco",17.8333,-93.3833,7,0.05,37.79,25.52,0.1599999999999929,0.26000000000004264,0.27000000000002844,0,0
2023-05-10,tabasco,"Huimanguillo, Tabasco",17.8333,-93.3833,7,0.03,38.54,24.87,0.0799999999999929,0.2800000000000426,0.30000000000002847,0,0
2023-05-11,tabasco,"Huimanguillo, Tabasco",17.8333,-93.3833,7,0.02,40.1,26.71,0.0999999999999929,0.2900000000000426,0.32000000000002843,0,0
2023-05-12,tabasco,"Huimanguillo, Tabasco",17.8333,-93.3833,7,0.02,39.97,26.85,0.0699999999999929,0.31000000000004263,0.34000000000002845,0,0
2023-05-13,tabasco,"Huimanguillo, Tabasco",17.8333,-93.3833,7,0.43,38.58,27.56,0.46999999999999287,0.6600000000000427,0.7600000000000284,0,0
2023-05-14,tabasco,"Huimanguillo, Tabasco",17.8333,-93.3833,7,1.9,32.98,25.22,2.3499999999999925,2.450000000000043,2.6600000000000286,0,0
2023-05-15,tabasco,"Huimanguillo, Tabasco",17.8333,-93.3833,7,1.24,34.43,24.26,3.5699999999999927,3.6900000000000426,3.9000000000000283,0,0
2023-05-16,tabasco,"Huimanguillo, Tabasco",17.8333,-93.3833,7,0.32,34.53,23.35,3.4599999999999924,3.9600000000000426,4.220000000000028,0,0
2023-05-17,tabasco,"Huimanguillo, Tabasco",17.8333,-93.3833,7,0.0,36.97,23.33,1.559999999999993,3.9300000000000423,4.210000000000028,0,0
2023-05-18,tabasco,"Huimanguillo, Tabasco",17.8333,-93.3833,7,0.0,37.98,23.61,0.3199999999999929,3.9100000000000423,4.200000000000029,0,0
2023-05-19,tabasco,"Huimanguillo, Tabasco",17.8333,-93.3833,7,0.02,37.59,25.44,0.019999999999992895,3.9100000000000423,4.220000000000029,0,0
2023-05-20,tabasco,"Huimanguillo, Tabasco",17.8333,-93.3833,7,0.01,36.79,24.88,0.029999999999992893,3.490000000000043,4.150000000000029,0,0
2023-05-21,tabasco,"Huimanguillo, Tabasco",17.8333,-93.3833,7,0.04,34.88,24.91,0.0699999999999929,1.6300000000000425,4.0800000000000285,0,0
2023-05-22,tabasco,"Huimanguillo, Tabasco",17.8333,-93.3833,7,0.07,36.03,25.0,0.1199999999999929,0.46000000000004265,4.150000000000029,0,0
2023-05-23,tabasco,"Huimanguillo, Tabasco",17.8333,-93.3833,7,0.01,36.39,24.86,0.1199999999999929,0.15000000000004265,4.110000000000029,0,0
2023-05-24,tabasco,"Huimanguillo, Tabasco",17.8333,-93.3833,7,1.99,37.04,24.72,2.0699999999999927,2.1400000000000428,6.070000000000029,0,0
2023-05-25,tabasco,"Huimanguillo, Tabasco",17.8333,-93.3833,7,0.86,36.97,24.19,2.8599999999999928,3.0000000000000426,6.910000000000029,0,0
2023-05-26,tabasco,"Huimanguillo, Tabasco",17.8333,-93.3833,7,2.16,35.75,23.67,5.009999999999993,5.140000000000043,9.05000000000003,0,0
2023-05-27,tabasco,"Huimanguillo, Tabasco",17.8333,-93.3833,7,11.26,34.36,23.64,14.279999999999992,16.390000000000043,19.880000000000027,1,0
2023-05-28,tabasco,"Huimanguillo, Tabasco",17.8333,-93.3833,7,0.13,36.13,22.56,13.549999999999994,16.480000000000043,18.110000000000028,0,0
2023-05-29,tabasco,"Huimanguillo, Tabasco",17.8333,-93.3833,7,0.09,38.2,24.0,11.479999999999993,16.500000000000043,16.960000000000026,0,0
2023-05-30,tabasco,"Huimanguillo, Tabasco",17.8333,-93.3833,7,0.47,38.09,24.64,0.6899999999999928,16.960000000000043,17.110000000000028,0,0
2023-05-31,tabasco,"Huimanguillo, Tabasco",17.8333,-93.3833,7,1.84,37.57,25.36,2.399999999999993,16.810000000000045,18.950000000000028,0,0
2023-06-01,tabasco,"Huimanguillo, Tabasco",17.8333,-93.3833,7,5.09,38.5,24.39,7.399999999999993,21.040000000000042,24.040000000000028,1,0
2023-06-02,tabasco,"Huimanguillo, Tabasco",17.8333,-93.3833,7,0.0,37.22,26.57,6.9299999999999935,18.88000000000004,24.020000000000028,0,0
2023-06-03,tabasco,"Huimanguillo, Tabasco",17.8333,-93.3833,7,0.0,35.9,25.33,5.089999999999993,7.620000000000043,24.01000000000003,0,0
2023-06-04,tabasco,"Huimanguillo, Tabasco",17.8333,-93.3833,7,0.01,37.19,24.85,0.009999999999992895,7.500000000000043,23.980000000000025,0,0
2023-06-05,tabasco,"Huimanguillo, Tabasco",17.8333,-93.3833,7,6.81,34.0,26.27,6.819999999999992,14.220000000000041,30.720000000000027,1,0
2023-06-06,tabasco,"Huimanguillo, Tabasco",17.8333,-93.3833,7,0.55,34.63,25.62,7.369999999999992,14.300000000000042,31.260000000000026,0,0
2023-06-07,tabasco,"Huimanguillo, Tabasco",17.8333,-93.3833,7,0.15,35.18,25.93,7.509999999999993,12.610000000000042,29.420000000000027,0,0
2023-06-08,tabasco,"Huimanguillo, Tabasco",17.8333,-93.3833,7,0.02,38.8,26.44,0.719999999999993,7.540000000000042,28.580000000000027,0,0
2023-06-09,tabasco,"Huimanguillo, Tabasco",17.8333,-93.3833,7,0.1,37.6,26.7,0.2699999999999929,7.640000000000042,26.520000000000024,0,0
2023-06-10,tabasco,"Huimanguillo, Tabasco",17.8333,-93.3833,7,0.27,38.98,26.2,0.3899999999999929,7.910000000000042,15.530000000000028,0,0
2023-06-11,tabasco,"Huimanguillo, Tabasco",17.8333,-93.3833,7,0.01,37.82,27.41,0.3799999999999929,7.910000000000042,15.410000000000027,0,0
2023-06-12,tabasco,"Huimanguillo, Tabasco",17.8333,-93.3833,7,0.09,39.26,28.26,0.3699999999999929,1.1900000000000428,15.410000000000027,0,0
2023-06-13,tabasco,"Huimanguillo, Tabasco",17.8333,-93.3833,7,0.11,38.37,27.82,0.2099999999999929,0.7500000000000426,15.05000000000003,0,0
2023-06-14,tabasco,"Huimanguillo, Tabasco",17.8333,-93.3833,7,0.01,42.34,27.99,0.2099999999999929,0.6100000000000426,13.220000000000029,0,0
2023-06-15,tabasco,"Huimanguillo, Tabasco",17.8333,-93.3833,7,0.06,41.89,28.11,0.1799999999999929,0.6500000000000427,8.190000000000026,0,0
2023-06-16,tabasco,"Huimanguillo, Tabasco",17.8333,-93.3833,7,0.18,41.42,27.5,0.2499999999999929,0.7300000000000426,8.370000000000028,0,0
2023-06-17,tabasco,"Huimanguillo, Tabasco",17.8333,-93.3833,7,0.71,42.58,28.14,0.9499999999999929,1.1700000000000426,9.080000000000028,0,0
2023-06-18,tabasco,"Huimanguillo, Tabasco",17.8333,-93.3833,7,0.21,42.77,28.65,1.099999999999993,1.3700000000000425,9.280000000000028,0,0
2023-06-19,tabasco,"Huimanguillo, Tabasco",17.8333,-93.3833,7,1.26,42.54,27.64,2.179999999999993,2.5400000000000427,3.7300000000000284,0,0
2023-06-20,tabasco,"Huimanguillo, Tabasco",17.8333,-93.3833,7,0.8,42.18,28.79,2.269999999999993,3.2300000000000426,3.980000000000028,0,0
2023-06-21,tabasco,"Huimanguillo, Tabasco",17.8333,-93.3833,7,0.06,41.73,29.3,2.119999999999993,3.2800000000000424,3.890000000000028,0,0
2023-06-22,tabasco,"Huimanguillo, Tabasco",17.8333,-93.3833,7,0.12,41.19,28.68,0.9799999999999929,3.340000000000043,3.990000000000028,0,0
2023-06-23,tabasco,"Huimanguillo, Tabasco",17.8333,-93.3833,7,10.5,35.35,27.62,10.679999999999993,13.660000000000043,14.390000000000029,1,0
2023-06-24,tabasco,"Huimanguillo, Tabasco",17.8333,-93.3833,7,4.33,31.23,26.44,14.949999999999992,17.280000000000044,18.45000000000003,0,0
2023-06-25,tabasco,"Huimanguillo, Tabasco",17.8333,-93.3833,7,13.62,32.34,26.05,28.449999999999992,30.69000000000004,32.06000000000003,1,0
2023-06-26,tabasco,"Huimanguillo, Tabasco",17.8333,-93.3833,7,7.48,37.13,25.91,25.429999999999993,36.91000000000004,39.45000000000003,2,0
2023-06-27,tabasco,"Huimanguillo, Tabasco",17.8333,-93.3833,7,19.88,33.74,26.19,40.97999999999999,55.990000000000045,59.22000000000003,3,0
2023-06-28,tabasco,"Huimanguillo, Tabasco",17.8333,-93.3833,7,14.9,34.85,25.6,42.25999999999999,70.83000000000004,74.11000000000003,4,0
2023-06-29,tabasco,"Huimanguillo, Tabasco",17.8333,-93.3833,7,3.54,32.56,25.69,38.319999999999986,74.25000000000004,77.59000000000003,0,0
2023-06-30,tabasco,"Huimanguillo, Tabasco",17.8333,-93.3833,7,0.27,35.32,26.25,18.709999999999994,64.02000000000004,77.68000000000004,0,0
2023-07-01,tabasco,"Huimanguillo, Tabasco",17.8333,-93.3833,7,18.24,36.6,26.54,22.04999999999999,77.93000000000004,95.21000000000002,1,0
2023-07-02,tabasco,"Huimanguillo, Tabasco",17.8333,-93.3833,7,74.32,30.67,25.56,92.82999999999998,138.63000000000002,169.32000000000002,2,1
2023-07-03,tabasco,"Huimanguillo, Tabasco",17.8333,-93.3833,7,3.7,30.75,24.52,96.25999999999999,134.85000000000002,171.76,0,0
2023-07-04,tabasco,"Huimanguillo, Tabasco",17.8333,-93.3833,7,0.27,31.49,24.97,78.28999999999998,115.24000000000004,171.23000000000002,0,0
2023-07-05,tabasco,"Huimanguillo, Tabasco",17.8333,-93.3833,7,5.69,30.48,25.05,9.659999999999986,106.03000000000003,176.86,1,0
2023-07-06,tabasco,"Huimanguillo, Tabasco",17.8333,-93.3833,7,0.37,33.82,24.98,6.329999999999986,102.86000000000003,177.11,0,0
2023-07-07,tabasco,"Huimanguillo, Tabasco",17.8333,-93.3833,7,1.9,33.79,25.5,7.959999999999987,104.49000000000004,168.51000000000002,0,0
2023-07-08,tabasco,"Huimanguillo, Tabasco",17.8333,-93.3833,7,4.5,34.34,24.78,6.769999999999985,90.75000000000003,168.68000000000004,0,0
2023-07-09,tabasco,"Huimanguillo, Tabasco",17.8333,-93.3833,7,9.6,32.74,25.06,15.999999999999986,26.030000000000044,164.66000000000003,1,0
2023-07-10,tabasco,"Huimanguillo, Tabasco",17.8333,-93.3833,7,1.2,34.17,25.0,15.299999999999983,23.530000000000044,158.38,0,0
2023-07-11,tabasco,"Huimanguillo, Tabasco",17.8333,-93.3833,7,1.47,34.14,25.62,12.269999999999984,24.730000000000043,139.97,0,0
2023-07-12,tabasco,"Huimanguillo, Tabasco",17.8333,-93.3833,7,3.0,34.82,24.93,5.669999999999984,22.040000000000042,128.07000000000002,0,0
2023-07-13,tabasco,"Huimanguillo, Tabasco",17.8333,-93.3833,7,1.71,34.32,25.47,6.179999999999984,23.38000000000004,126.24000000000001,0,0
2023-07-14,tabasco,"Huimanguillo, Tabasco",17.8333,-93.3833,7,0.01,36.17,25.77,4.719999999999984,21.49000000000004,125.98000000000002,0,0
2023-07-15,tabasco,"Huimanguillo, Tabasco",17.8333,-93.3833,7,1.62,36.57,25.01,3.339999999999984,18.610000000000042,109.36000000000003,0,0
2023-07-16,tabasco,"Huimanguillo, Tabasco",17.8333,-93.3833,7,0.85,34.26,25.24,2.479999999999984,9.860000000000042,35.89000000000003,0,0
2023-07-17,tabasco,"Huimanguillo, Tabasco",17.8333,-93.3833,7,1.17,35.9,24.94,3.639999999999984,9.830000000000043,33.36000000000003,0,0
2023-07-18,tabasco,"Huimanguillo, Tabasco",17.8333,-93.3833,7,2.64,34.42,25.2,4.659999999999984,11.000000000000043,35.73000000000003,0,0
2023-07-19,tabasco,"Huimanguillo, Tabasco",17.8333,-93.3833,7,3.38,35.24,25.55,7.1899999999999835,11.380000000000042,33.42000000000003,0,0
2023-07-20,tabasco,"Huimanguillo, Tabasco",17.8333,-93.3833,7,9.3,34.08,25.9,15.319999999999984,18.97000000000004,42.35000000000003,1,0
2023-07-21,tabasco,"Huimanguillo, Tabasco",17.8333,-93.3833,7,12.81,33.02,25.32,25.489999999999984,31.770000000000046,53.260000000000026,2,0
2023-07-22,tabasco,"Huimanguillo, Tabasco",17.8333,-93.3833,7,17.68,31.8,25.12,39.789999999999985,47.83000000000004,66.44000000000003,3,0
2023-07-23,tabasco,"Huimanguillo, Tabasco",17.8333,-93.3833,7,15.9,30.93,25.4,46.389999999999986,62.880000000000045,72.74000000000004,4,0
2023-07-24,tabasco,"Huimanguillo, Tabasco",17.8333,-93.3833,7,12.54,32.27,25.48,46.11999999999998,74.25000000000004,84.08000000000003,5,0
2023-07-25,tabasco,"Huimanguillo, Tabasco",17.8333,-93.3833,7,1.98,32.83,24.23,30.41999999999998,73.59000000000005,84.59000000000003,0,0
2023-07-26,tabasco,"Huimanguillo, Tabasco",17.8333,-93.3833,7,2.44,31.28,24.19,16.95999999999998,72.65000000000005,84.03000000000003,0,0
2023-07-27,tabasco,"Huimanguillo, Tabasco",17.8333,-93.3833,7,14.18,30.51,25.01,18.59999999999998,77.53000000000004,96.50000000000003,1,0
2023-07-28,tabasco,"Huimanguillo, Tabasco",17.8333,-93.3833,7,9.98,32.29,25.12,26.59999999999998,74.70000000000005,106.47000000000003,2,0
2023-07-29,tabasco,"Huimanguillo, Tabasco",17.8333,-93.3833,7,31.27,30.14,25.92,55.429999999999986,88.29000000000005,136.12000000000003,3,1
2023-07-30,tabasco,"Huimanguillo, Tabasco",17.8333,-93.3833,7,22.17,31.31,25.7,63.41999999999999,94.56000000000004,157.44000000000003,4,1
2023-07-31,tabasco,"Huimanguillo, Tabasco",17.8333,-93.3833,7,11.18,31.28,25.21,64.61999999999998,93.20000000000005,167.45000000000002,5,0
2023-08-01,tabasco,"Huimanguillo, Tabasco",17.8333,-93.3833,7,12.64,30.12,24.81,45.98999999999999,103.86000000000004,177.45000000000005,6,0
2023-08-02,tabasco,"Huimanguillo, Tabasco",17.8333,-93.3833,7,13.21,31.18,24.5,37.02999999999999,114.63000000000005,187.28000000000003,7,0
2023-08-03,tabasco,"Huimanguillo, Tabasco",17.8333,-93.3833,7,3.84,30.95,24.97,29.689999999999987,104.29000000000005,181.82000000000002,0,0
2023-08-04,tabasco,"Huimanguillo, Tabasco",17.8333,-93.3833,7,10.83,31.7,24.84,27.87999999999999,105.14000000000006,179.84000000000003,1,0
2023-08-05,tabasco,"Huimanguillo, Tabasco",17.8333,-93.3833,7,10.25,33.13,25.5,24.919999999999987,84.12000000000006,172.41000000000003,2,0
2023-08-06,tabasco,"Huimanguillo, Tabasco",17.8333,-93.3833,7,0.35,32.51,25.53,21.429999999999986,62.30000000000005,156.86000000000004,0,0
2023-08-07,tabasco,"Huimanguillo, Tabasco",17.8333,-93.3833,7,0.08,32.93,25.43,10.679999999999986,51.200000000000045,144.4,0,0
2023-08-08,tabasco,"Huimanguillo, Tabasco",17.8333,-93.3833,7,0.09,33.69,25.84,0.5199999999999858,38.65000000000005,142.51000000000002,0,0
2023-08-09,tabasco,"Huimanguillo, Tabasco",17.8333,-93.3833,7,0.01,33.29,25.56,0.17999999999998578,25.450000000000045,140.08000000000004,0,0
2023-08-10,tabasco,"Huimanguillo, Tabasco",17.8333,-93.3833,7,0.23,32.72,25.72,0.3299999999999858,21.840000000000046,126.13000000000002,0,0
2023-08-11,tabasco,"Huimanguillo, Tabasco",17.8333,-93.3833,7,0.69,33.7,26.04,0.9299999999999857,11.700000000000045,116.84000000000003,0,0
2023-08-12,tabasco,"Huimanguillo, Tabasco",17.8333,-93.3833,7,0.2,34.07,25.74,1.1199999999999857,1.650000000000046,85.77000000000002,0,0
2023-08-13,tabasco,"Huimanguillo, Tabasco",17.8333,-93.3833,7,5.55,33.96,25.91,6.439999999999985,6.850000000000046,69.15000000000003,1,0
2023-08-14,tabasco,"Huimanguillo, Tabasco",17.8333,-93.3833,7,3.73,32.96,24.98,9.479999999999986,10.500000000000046,61.70000000000003,0,0
2023-08-15,tabasco,"Huimanguillo, Tabasco",17.8333,-93.3833,7,5.72,31.13,24.66,14.999999999999984,16.130000000000045,54.78000000000003,1,0
2023-08-16,tabasco,"Huimanguillo, Tabasco",17.8333,-93.3833,7,18.11,32.07,24.74,27.559999999999985,34.23000000000005,59.68000000000003,2,0
2023-08-17,tabasco,"Huimanguillo, Tabasco",17.8333,-93.3833,7,11.97,32.27,24.91,35.79999999999998,45.97000000000005,67.81000000000003,3,0
2023-08-18,tabasco,"Huimanguillo, Tabasco",17.8333,-93.3833,7,6.93,33.47,25.7,37.009999999999984,52.21000000000004,63.910000000000025,4,0
2023-08-19,tabasco,"Huimanguillo, Tabasco",17.8333,-93.3833,7,3.38,31.88,25.02,22.279999999999987,55.39000000000004,57.04000000000003,0,0
2023-08-20,tabasco,"Huimanguillo, Tabasco",17.8333,-93.3833,7,7.31,30.08,24.48,17.619999999999983,57.15000000000005,64.00000000000003,1,0
2023-08-21,tabasco,"Huimanguillo, Tabasco",17.8333,-93.3833,7,14.63,30.37,25.15,25.319999999999986,68.05000000000004,78.55000000000003,2,0
2023-08-22,tabasco,"Huimanguillo, Tabasco",17.8333,-93.3833,7,5.51,31.32,24.94,27.44999999999999,67.84000000000005,83.97000000000003,3,0
2023-08-23,tabasco,"Huimanguillo, Tabasco",17.8333,-93.3833,7,6.14,30.94,25.06,26.279999999999983,55.87000000000005,90.10000000000004,4,0
2023-08-24,tabasco,"Huimanguillo, Tabasco",17.8333,-93.3833,7,6.9,30.15,24.43,18.549999999999986,50.80000000000005,96.77000000000002,5,0
2023-08-25,tabasco,"Huimanguillo, Tabasco",17.8333,-93.3833,7,15.23,30.22,24.37,28.26999999999999,59.10000000000005,111.31000000000003,6,0
2023-08-26,tabasco,"Huimanguillo, Tabasco",17.8333,-93.3833,7,11.84,30.75,24.11,33.969999999999985,67.56000000000004,122.95000000000003,7,0
2023-08-27,tabasco,"Huimanguillo, Tabasco",17.8333,-93.3833,7,7.72,31.47,24.59,34.789999999999985,67.97000000000004,125.12000000000003,8,0
2023-08-28,tabasco,"Huimanguillo, Tabasco",17.8333,-93.3833,7,3.31,31.79,25.62,22.869999999999987,56.65000000000005,124.70000000000003,0,0
2023-08-29,tabasco,"Huimanguillo, Tabasco",17.8333,-93.3833,7,1.5,31.61,25.61,12.529999999999987,52.64000000000004,120.48000000000003,0,0
2023-08-30,tabasco,"Huimanguillo, Tabasco",17.8333,-93.3833,7,2.7,33.66,24.62,7.509999999999987,49.200000000000045,105.07000000000002,0,0
2023-08-31,tabasco,"Huimanguillo, Tabasco",17.8333,-93.3833,7,2.15,32.36,25.69,6.349999999999987,44.450000000000045,95.25000000000003,0,0
2023-09-01,tabasco,"Huimanguillo, Tabasco",17.8333,-93.3833,7,4.91,31.81,25.65,9.759999999999987,34.130000000000045,93.23000000000002,0,0
2023-09-02,tabasco,"Huimanguillo, Tabasco",17.8333,-93.3833,7,6.03,30.87,25.77,13.08999999999999,28.320000000000046,95.88000000000002,1,0
2023-09-03,tabasco,"Huimanguillo, Tabasco",17.8333,-93.3833,7,5.2,31.79,24.64,16.139999999999986,25.800000000000047,93.77000000000002,2,0
2023-09-04,tabasco,"Huimanguillo, Tabasco",17.8333,-93.3833,7,1.74,32.94,24.34,12.969999999999988,24.230000000000047,80.88000000000002,0,0
2023-09-05,tabasco,"Huimanguillo, Tabasco",17.8333,-93.3833,7,2.1,32.47,24.27,9.039999999999988,24.830000000000044,77.47000000000003,0,0
2023-09-06,tabasco,"Huimanguillo, Tabasco",17.8333,-93.3833,7,3.49,31.99,25.77,7.329999999999988,25.620000000000047,74.82000000000002,0,0
2023-09-07,tabasco,"Huimanguillo, Tabasco",17.8333,-93.3833,7,7.94,31.81,25.31,13.529999999999987,31.410000000000046,75.86000000000003,1,0
2023-09-08,tabasco,"Huimanguillo, Tabasco",17.8333,-93.3833,7,25.42,30.8,24.56,36.84999999999999,51.920000000000044,86.05000000000004,2,1
2023-09-09,tabasco,"Huimanguillo, Tabasco",17.8333,-93.3833,7,20.98,30.36,24.31,54.33999999999999,66.87000000000005,95.19000000000003,3,1
2023-09-10,tabasco,"Huimanguillo, Tabasco",17.8333,-93.3833,7,13.32,30.73,24.14,59.719999999999985,74.99000000000004,100.79000000000003,4,0
2023-09-11,tabasco,"Huimanguillo, Tabasco",17.8333,-93.3833,7,21.06,31.1,24.35,55.359999999999985,94.31000000000004,118.54000000000002,5,1
2023-09-12,tabasco,"Huimanguillo, Tabasco",17.8333,-93.3833,7,6.81,31.4,24.42,41.18999999999998,99.02000000000004,123.85000000000002,6,0
2023-09-13,tabasco,"Huimanguillo, Tabasco",17.8333,-93.3833,7,8.48,30.83,25.36,36.34999999999998,104.01000000000005,129.63000000000005,7,0
2023-09-14,tabasco,"Huimanguillo, Tabasco",17.8333,-93.3833,7,3.9,30.84,25.14,19.189999999999984,99.97000000000004,131.38000000000002,0,0
2023-09-15,tabasco,"Huimanguillo, Tabasco",17.8333,-93.3833,7,0.12,31.28,24.69,12.499999999999986,74.67000000000004,126.59000000000003,0,0
2023-09-16,tabasco,"Huimanguillo, Tabasco",17.8333,-93.3833,7,0.26,32.45,25.46,4.279999999999986,53.95000000000004,120.82000000000004,0,0
2023-09-17,tabasco,"Huimanguillo, Tabasco",17.8333,-93.3833,7,2.42,31.71,24.67,2.7999999999999856,43.05000000000004,118.04000000000003,0,0
2023-09-18,tabasco,"Huimanguillo, Tabasco",17.8333,-93.3833,7,12.19,30.32,24.69,14.869999999999985,34.18000000000004,128.49000000000004,1,0
2023-09-19,tabasco,"Huimanguillo, Tabasco",17.8333,-93.3833,7,6.48,31.42,24.31,21.089999999999986,33.850000000000044,132.87000000000003,2,0
2023-09-20,tabasco,"Huimanguillo, Tabasco",17.8333,-93.3833,7,0.77,32.66,23.59,19.439999999999987,26.140000000000047,130.15,0,0
2023-09-21,tabasco,"Huimanguillo, Tabasco",17.8333,-93.3833,7,0.75,32.52,24.81,7.999999999999986,22.990000000000048,122.96000000000004,0,0
2023-09-22,tabasco,"Huimanguillo, Tabasco",17.8333,-93.3833,7,2.78,32.58,25.96,4.299999999999986,25.650000000000045,100.32000000000002,0,0
2023-09-23,tabasco,"Huimanguillo, Tabasco",17.8333,-93.3833,7,5.86,32.33,25.06,9.389999999999986,31.250000000000043,85.20000000000003,1,0
2023-09-24,tabasco,"Huimanguillo, Tabasco",17.8333,-93.3833,7,0.07,32.22,23.37,8.709999999999985,28.900000000000045,71.95000000000002,0,0
2023-09-25,tabasco,"Huimanguillo, Tabasco",17.8333,-93.3833,7,1.06,31.84,23.85,6.989999999999986,17.770000000000046,51.950000000000024,0,0
2023-09-26,tabasco,"Huimanguillo, Tabasco",17.8333,-93.3833,7,8.27,31.78,23.16,9.399999999999984,19.560000000000045,53.410000000000025,1,0
2023-09-27,tabasco,"Huimanguillo, Tabasco",17.8333,-93.3833,7,4.3,31.75,24.5,13.629999999999985,23.090000000000046,49.230000000000025,0,0
2023-09-28,tabasco,"Huimanguillo, Tabasco",17.8333,-93.3833,7,1.75,31.82,25.04,14.319999999999983,24.090000000000046,47.08000000000003,0,0
2023-09-29,tabasco,"Huimanguillo, Tabasco",17.8333,-93.3833,7,2.16,31.83,25.2,8.209999999999983,23.470000000000045,49.120000000000026,0,0
2023-09-30,tabasco,"Huimanguillo, Tabasco",17.8333,-93.3833,7,22.8,31.32,25.55,26.709999999999983,40.410000000000046,71.66000000000003,1,1
2023-10-01,tabasco,"Huimanguillo, Tabasco",17.8333,-93.3833,7,12.57,30.62,24.99,37.52999999999999,52.910000000000046,81.81000000000003,2,0
2023-10-02,tabasco,"Huimanguillo, Tabasco",17.8333,-93.3833,7,6.87,30.96,24.78,42.23999999999999,58.72000000000004,76.49000000000002,3,0
2023-10-03,tabasco,"Huimanguillo, Tabasco",17.8333,-93.3833,7,7.53,31.49,24.72,26.969999999999985,57.98000000000005,77.54000000000002,4,0
2023-10-04,tabasco,"Huimanguillo, Tabasco",17.8333,-93.3833,7,3.26,32.16,24.85,17.659999999999982,56.94000000000004,80.03000000000003,0,0
2023-10-05,tabasco,"Huimanguillo, Tabasco",17.8333,-93.3833,7,6.48,33.27,25.34,17.269999999999982,61.670000000000044,85.76000000000003,1,0
2023-10-06,tabasco,"Huimanguillo, Tabasco",17.8333,-93.3833,7,40.6,31.65,26.39,50.33999999999998,100.11000000000004,123.58000000000003,2,1
2023-10-07,tabasco,"Huimanguillo, Tabasco",17.8333,-93.3833,7,17.47,29.46,26.29,64.54999999999998,94.78000000000006,135.19000000000003,3,0
2023-10-08,tabasco,"Huimanguillo, Tabasco",17.8333,-93.3833,7,5.96,30.16,25.76,64.02999999999997,88.17000000000004,141.08000000000004,4,0
2023-10-09,tabasco,"Huimanguillo, Tabasco",17.8333,-93.3833,7,4.38,31.06,25.17,27.809999999999977,85.68000000000005,144.40000000000003,0,0
2023-10-10,tabasco,"Huimanguillo, Tabasco",17.8333,-93.3833,7,1.37,33.82,24.83,11.70999999999998,79.52000000000005,137.50000000000003,0,0
2023-10-11,tabasco,"Huimanguillo, Tabasco",17.8333,-93.3833,7,0.03,32.91,25.07,5.779999999999979,76.29000000000005,133.23000000000005,0,0
2023-10-12,tabasco,"Huimanguillo, Tabasco",17.8333,-93.3833,7,0.13,34.14,24.88,1.5299999999999787,69.94000000000004,131.61000000000004,0,0
2023-10-13,tabasco,"Huimanguillo, Tabasco",17.8333,-93.3833,7,4.99,34.27,25.28,5.149999999999979,34.33000000000005,134.44000000000005,0,0
2023-10-14,tabasco,"Huimanguillo, Tabasco",17.8333,-93.3833,7,15.6,32.1,26.76,20.719999999999978,32.46000000000005,127.24000000000004,1,0
2023-10-15,tabasco,"Huimanguillo, Tabasco",17.8333,-93.3833,7,48.96,31.43,25.71,69.54999999999998,75.46000000000005,163.63000000000002,2,1
2023-10-16,tabasco,"Huimanguillo, Tabasco",17.8333,-93.3833,7,16.84,28.56,23.54,81.39999999999998,87.92000000000006,173.60000000000002,3,0
2023-10-17,tabasco,"Huimanguillo, Tabasco",17.8333,-93.3833,7,7.89,28.21,21.88,73.68999999999997,94.44000000000005,173.96,4,0
2023-10-18,tabasco,"Huimanguillo, Tabasco",17.8333,-93.3833,7,1.64,28.53,20.61,26.36999999999998,96.05000000000005,172.34000000000003,0,0
2023-10-19,tabasco,"Huimanguillo, Tabasco",17.8333,-93.3833,7,0.02,29.15,21.18,9.549999999999978,95.94000000000005,165.88000000000002,0,0
2023-10-20,tabasco,"Huimanguillo, Tabasco",17.8333,-93.3833,7,0.01,29.55,21.35,1.6699999999999786,90.96000000000005,125.29000000000003,0,0
2023-10-21,tabasco,"Huimanguillo, Tabasco",17.8333,-93.3833,7,0.0,29.5,19.53,0.029999999999978683,75.36000000000006,107.82000000000004,0,0
2023-10-22,tabasco,"Huimanguillo, Tabasco",17.8333,-93.3833,7,0.01,30.3,20.87,0.019999999999978684,26.41000000000005,101.87000000000003,0,0
2023-10-23,tabasco,"Huimanguillo, Tabasco",17.8333,-93.3833,7,0.53,29.97,24.0,0.5399999999999787,10.10000000000005,98.02000000000002,0,0
2023-10-24,tabasco,"Huimanguillo, Tabasco",17.8333,-93.3833,7,0.67,32.27,23.68,1.2099999999999786,2.8800000000000496,97.32000000000004,0,0
2023-10-25,tabasco,"Huimanguillo, Tabasco",17.8333,-93.3833,7,0.62,32.25,23.94,1.8199999999999787,1.8600000000000498,97.91000000000004,0,0
2023-10-26,tabasco,"Huimanguillo, Tabasco",17.8333,-93.3833,7,0.4,31.25,24.84,1.6899999999999786,2.24000000000005,98.18000000000002,0,0
2023-10-27,tabasco,"Huimanguillo, Tabasco",17.8333,-93.3833,7,1.56,30.64,24.25,2.5799999999999788,3.79000000000005,94.75000000000003,0,0
2023-10-28,tabasco,"Huimanguillo, Tabasco",17.8333,-93.3833,7,3.08,29.81,23.59,5.039999999999979,6.870000000000051,82.23000000000003,0,0
2023-10-29,tabasco,"Huimanguillo, Tabasco",17.8333,-93.3833,7,5.2,30.0,23.66,9.839999999999979,12.06000000000005,38.47000000000003,1,0
2023-10-30,tabasco,"Huimanguillo, Tabasco",17.8333,-93.3833,7,3.5,29.63,22.43,11.77999999999998,15.030000000000049,25.130000000000027,0,0
2023-10-31,tabasco,"Huimanguillo, Tabasco",17.8333,-93.3833,7,53.84,28.5,22.95,62.53999999999998,68.20000000000005,71.08000000000003,1,1
2023-11-01,tabasco,"Huimanguillo, Tabasco",17.8333,-93.3833,7,41.22,27.81,23.66,98.55999999999997,108.80000000000004,110.66000000000003,2,1
2023-11-02,tabasco,"Huimanguillo, Tabasco",17.8333,-93.3833,7,7.88,27.18,22.31,102.93999999999997,116.28000000000006,118.52000000000002,3,0
2023-11-03,tabasco,"Huimanguillo, Tabasco",17.8333,-93.3833,7,7.12,28.37,21.63,56.21999999999997,121.84000000000006,125.63000000000002,4,0
2023-11-04,tabasco,"Huimanguillo, Tabasco",17.8333,-93.3833,7,53.74,28.46,23.29,68.73999999999998,172.50000000000006,179.37000000000003,5,1
2023-11-05,tabasco,"Huimanguillo, Tabasco",17.8333,-93.3833,7,38.73,28.11,23.54,99.58999999999997,206.03000000000006,218.09000000000003,6,1
2023-11-06,tabasco,"Huimanguillo, Tabasco",17.8333,-93.3833,7,2.51,28.03,22.46,94.97999999999996,205.04000000000005,220.07000000000002,0,0
2023-11-07,tabasco,"Huimanguillo, Tabasco",17.8333,-93.3833,7,0.73,29.42,22.27,41.96999999999997,151.93000000000004,220.13000000000002,0,0
2023-11-08,tabasco,"Huimanguillo, Tabasco",17.8333,-93.3833,7,0.05,29.82,23.26,3.289999999999971,110.76000000000005,219.56000000000003,0,0
2023-11-09,tabasco,"Huimanguillo, Tabasco",17.8333,-93.3833,7,0.0,30.25,22.73,0.7799999999999716,102.88000000000005,219.16000000000003,0,0
2023-11-10,tabasco,"Huimanguillo, Tabasco",17.8333,-93.3833,7,0.03,29.41,20.99,0.07999999999997158,95.79000000000005,217.63000000000002,0,0
2023-11-11,tabasco,"Huimanguillo, Tabasco",17.8333,-93.3833,7,29.22,29.75,24.2,29.24999999999997,71.27000000000004,243.77,1,1
2023-11-12,tabasco,"Huimanguillo, Tabasco",17.8333,-93.3833,7,13.2,29.72,24.31,42.449999999999974,45.74000000000005,251.77000000000004,2,0
2023-11-13,tabasco,"Huimanguillo, Tabasco",17.8333,-93.3833,7,15.59,29.8,23.99,58.00999999999997,58.82000000000005,263.86,3,0
2023-11-14,tabasco,"Huimanguillo, Tabasco",17.8333,-93.3833,7,8.68,28.34,23.05,37.46999999999997,66.77000000000004,218.70000000000002,4,0
2023-11-15,tabasco,"Huimanguillo, Tabasco",17.8333,-93.3833,7,26.32,28.26,22.68,50.589999999999975,93.04000000000005,203.8,5,1
2023-11-16,tabasco,"Huimanguillo, Tabasco",17.8333,-93.3833,7,13.29,27.03,21.27,48.289999999999964,106.33000000000004,209.21000000000004,6,0
2023-11-17,tabasco,"Huimanguillo, Tabasco",17.8333,-93.3833,7,0.89,27.2,20.42,40.49999999999997,107.19000000000004,202.98000000000002,0,0
2023-11-18,tabasco,"Huimanguillo, Tabasco",17.8333,-93.3833,7,0.36,27.39,18.92,14.53999999999997,78.33000000000004,149.60000000000002,0,0
2023-11-19,tabasco,"Huimanguillo, Tabasco",17.8333,-93.3833,7,0.14,28.82,19.49,1.3899999999999717,65.27000000000004,111.01000000000002,0,0
2023-11-20,tabasco,"Huimanguillo, Tabasco",17.8333,-93.3833,7,0.01,32.27,20.6,0.5099999999999716,49.69000000000005,108.51000000000002,0,0
2023-11-21,tabasco,"Huimanguillo, Tabasco",17.8333,-93.3833,7,5.75,29.79,21.17,5.899999999999972,46.76000000000005,113.53000000000002,1,0
2023-11-22,tabasco,"Huimanguillo, Tabasco",17.8333,-93.3833,7,59.9,24.53,21.63,65.65999999999997,80.34000000000005,173.38000000000002,2,1
2023-11-23,tabasco,"Huimanguillo, Tabasco",17.8333,-93.3833,7,7.22,25.93,21.48,72.86999999999996,74.27000000000004,180.60000000000002,3,0
2023-11-24,tabasco,"Huimanguillo, Tabasco",17.8333,-93.3833,7,0.45,29.22,21.83,67.56999999999996,73.83000000000006,181.02,0,0
2023-11-25,tabasco,"Huimanguillo, Tabasco",17.8333,-93.3833,7,0.16,28.6,22.3,7.829999999999972,73.63000000000005,151.96,0,0
2023-11-26,tabasco,"Huimanguillo, Tabasco",17.8333,-93.3833,7,1.93,30.03,23.07,2.5399999999999716,75.42000000000006,140.69000000000003,0,0
2023-11-27,tabasco,"Huimanguillo, Tabasco",17.8333,-93.3833,7,9.14,29.55,23.86,11.229999999999972,84.55000000000005,134.24000000000004,1,0
2023-11-28,tabasco,"Huimanguillo, Tabasco",17.8333,-93.3833,7,37.35,28.07,23.47,48.41999999999997,116.15000000000005,162.91000000000003,2,1
2023-11-29,tabasco,"Huimanguillo, Tabasco",17.8333,-93.3833,7,13.47,26.98,22.16,59.95999999999997,69.72000000000006,150.06000000000003,3,0
2023-11-30,tabasco,"Huimanguillo, Tabasco",17.8333,-93.3833,7,0.43,29.48,22.01,51.24999999999997,62.93000000000005,137.20000000000005,0,0
2023-12-01,tabasco,"Huimanguillo, Tabasco",17.8333,-93.3833,7,0.0,31.68,21.68,13.899999999999972,62.48000000000005,136.31000000000003,0,0
2023-12-02,tabasco,"Huimanguillo, Tabasco",17.8333,-93.3833,7,0.0,31.79,22.57,0.42999999999997157,62.32000000000005,135.95000000000005,0,0
2023-12-03,tabasco,"Huimanguillo, Tabasco",17.8333,-93.3833,7,7.42,29.96,23.05,7.4199999999999715,67.81000000000006,143.23000000000002,1,0
2023-12-04,tabasco,"Huimanguillo, Tabasco",17.8333,-93.3833,7,18.72,28.78,23.28,26.139999999999972,77.39000000000004,161.94000000000003,2,0
2023-12-05,tabasco,"Huimanguillo, Tabasco",17.8333,-93.3833,7,19.95,28.48,24.08,46.089999999999975,59.99000000000005,176.14000000000001,3,0
2023-12-06,tabasco,"Huimanguillo, Tabasco",17.8333,-93.3833,7,33.05,27.18,22.27,71.71999999999997,79.57000000000005,149.29000000000002,4,1
2023-12-07,tabasco,"Huimanguillo, Tabasco",17.8333,-93.3833,7,1.22,25.54,20.25,54.21999999999997,80.36000000000004,143.29000000000002,0,0
2023-12-08,tabasco,"Huimanguillo, Tabasco",17.8333,-93.3833,7,0.0,27.12,19.59,34.26999999999997,80.36000000000004,142.84000000000003,0,0
2023-12-09,tabasco,"Huimanguillo, Tabasco",17.8333,-93.3833,7,0.05,29.41,21.01,1.2699999999999716,80.41000000000004,142.73000000000002,0,0
2023-12-10,tabasco,"Huimanguillo, Tabasco",17.8333,-93.3833,7,5.35,28.34,22.13,5.399999999999971,78.34000000000005,146.15000000000003,1,0
2023-12-11,tabasco,"Huimanguillo, Tabasco",17.8333,-93.3833,7,15.04,23.62,19.9,20.43999999999997,74.66000000000005,152.05,2,0
2023-12-12,tabasco,"Huimanguillo, Tabasco",17.8333,-93.3833,7,0.71,24.65,19.1,21.09999999999997,55.420000000000044,115.41000000000003,0,0
2023-12-13,tabasco,"Huimanguillo, Tabasco",17.8333,-93.3833,7,4.37,25.52,19.59,20.11999999999997,26.740000000000048,106.31000000000002,0,0
2023-12-14,tabasco,"Huimanguillo, Tabasco",17.8333,-93.3833,7,5.2,27.06,21.26,10.279999999999973,30.72000000000005,111.08000000000001,1,0
2023-12-15,tabasco,"Huimanguillo, Tabasco",17.8333,-93.3833,7,9.15,25.97,21.25,18.71999999999997,39.87000000000005,120.23000000000002,2,0
2023-12-16,tabasco,"Huimanguillo, Tabasco",17.8333,-93.3833,7,13.74,25.94,21.34,28.08999999999997,53.560000000000045,133.97000000000003,3,0
2023-12-17,tabasco,"Huimanguillo, Tabasco",17.8333,-93.3833,7,4.08,23.9,19.17,26.96999999999997,52.29000000000005,130.63000000000002,0,0
2023-12-18,tabasco,"Huimanguillo, Tabasco",17.8333,-93.3833,7,0.06,23.2,17.25,17.87999999999997,37.31000000000005,111.97000000000003,0,0
2023-12-19,tabasco,"Huimanguillo, Tabasco",17.8333,-93.3833,7,0.01,23.43,16.91,4.14999999999997,36.61000000000005,92.03000000000003,0,0
2023-12-20,tabasco,"Huimanguillo, Tabasco",17.8333,-93.3833,7,0.0,22.96,14.51,0.0699999999999698,32.24000000000005,58.980000000000025,0,0
2023-12-21,tabasco,"Huimanguillo, Tabasco",17.8333,-93.3833,7,0.02,24.69,15.13,0.0299999999999698,27.060000000000052,57.78000000000003,0,0
2023-12-22,tabasco,"Huimanguillo, Tabasco",17.8333,-93.3833,7,0.04,25.47,16.59,0.0599999999999698,17.95000000000005,57.82000000000003,0,0
2023-12-23,tabasco,"Huimanguillo, Tabasco",17.8333,-93.3833,7,0.02,26.9,18.47,0.0799999999999698,4.23000000000005,57.79000000000003,0,0
2023-12-24,tabasco,"Huimanguillo, Tabasco",17.8333,-93.3833,7,0.0,29.99,18.9,0.0599999999999698,0.15000000000004973,52.44000000000003,0,0
2023-12-25,tabasco,"Huimanguillo, Tabasco",17.8333,-93.3833,7,0.18,28.31,21.27,0.19999999999996979,0.27000000000004976,37.580000000000034,0,0
2023-12-26,tabasco,"Huimanguillo, Tabasco",17.8333,-93.3833,7,0.28,27.78,21.45,0.4599999999999698,0.5400000000000498,37.150000000000034,0,0
2023-12-27,tabasco,"Huimanguillo, Tabasco",17.8333,-93.3833,7,0.42,29.24,21.64,0.8799999999999698,0.9600000000000497,33.200000000000024,0,0
2023-12-28,tabasco,"Huimanguillo, Tabasco",17.8333,-93.3833,7,5.94,25.29,20.62,6.63999999999997,6.8800000000000505,33.94000000000003,1,0
2023-12-29,tabasco,"Huimanguillo, Tabasco",17.8333,-93.3833,7,4.7,24.97,19.87,11.05999999999997,11.540000000000049,29.49000000000003,0,0
2023-12-30,tabasco,"Huimanguillo, Tabasco",17.8333,-93.3833,7,8.99,22.99,16.59,19.62999999999997,20.51000000000005,24.74000000000003,1,0
2023-12-31,tabasco,"Huimanguillo, Tabasco",17.8333,-93.3833,7,0.01,24.54,15.04,13.699999999999969,20.520000000000053,20.67000000000003,0,0
2024-01-01,tabasco,"Huimanguillo, Tabasco",17.8333,-93.3833,7,0.0,26.43,15.71,8.99999999999997,20.340000000000053,20.610000000000028,0,0
2024-01-02,tabasco,"Huimanguillo, Tabasco",17.8333,-93.3833,7,0.0,26.59,19.14,0.009999999999969802,20.060000000000052,20.60000000000003,0,0
2024-01-03,tabasco,"Huimanguillo, Tabasco",17.8333,-93.3833,7,0.02,28.78,18.43,0.019999999999969802,19.660000000000053,20.62000000000003,0,0
2024-01-04,tabasco,"Huimanguillo, Tabasco",17.8333,-93.3833,7,0.05,27.79,20.43,0.06999999999996981,13.770000000000051,20.650000000000027,0,0
2024-01-05,tabasco,"Huimanguillo, Tabasco",17.8333,-93.3833,7,0.0,31.67,19.9,0.06999999999996981,9.07000000000005,20.610000000000028,0,0
2024-01-06,tabasco,"Huimanguillo, Tabasco",17.8333,-93.3833,7,0.0,28.94,20.37,0.049999999999969805,0.08000000000004974,20.59000000000003,0,0
2024-01-07,tabasco,"Huimanguillo, Tabasco",17.8333,-93.3833,7,0.0,28.56,22.07,0.0,0.07000000000004974,20.59000000000003,0,0
2024-01-08,tabasco,"Huimanguillo, Tabasco",17.8333,-93.3833,7,0.04,29.24,20.86,0.0399999999999698,0.11000000000004975,20.450000000000028,0,0
2024-01-09,tabasco,"Huimanguillo, Tabasco",17.8333,-93.3833,7,2.02,28.54,19.15,2.05999999999997,2.1300000000000496,22.190000000000026,0,0
2024-01-10,tabasco,"Huimanguillo, Tabasco",17.8333,-93.3833,7,0.02,27.09,17.73,2.07999999999997,2.1300000000000496,21.790000000000028,0,0
2024-01-11,tabasco,"Huimanguillo, Tabasco",17.8333,-93.3833,7,0.0,30.2,19.09,2.03999999999997,2.08000000000005,15.850000000000028,0,0
2024-01-12,tabasco,"Huimanguillo, Tabasco",17.8333,-93.3833,7,0.19,32.45,20.15,0.2099999999999698,2.2700000000000498,11.340000000000027,0,0
2024-01-13,tabasco,"Huimanguillo, Tabasco",17.8333,-93.3833,7,1.76,26.25,20.87,1.9499999999999698,4.03000000000005,4.110000000000029,0,0
2024-01-14,tabasco,"Huimanguillo, Tabasco",17.8333,-93.3833,7,0.88,27.35,20.26,2.82999999999997,4.91000000000005,4.980000000000029,0,0
2024-01-15,tabasco,"Huimanguillo, Tabasco",17.8333,-93.3833,7,0.03,29.99,20.99,2.6699999999999697,4.90000000000005,5.010000000000029,0,0
2024-01-16,tabasco,"Huimanguillo, Tabasco",17.8333,-93.3833,7,10.63,27.83,21.49,11.53999999999997,13.510000000000051,15.640000000000029,1,0
2024-01-17,tabasco,"Huimanguillo, Tabasco",17.8333,-93.3833,7,12.67,24.61,20.09,23.32999999999997,26.160000000000053,28.29000000000003,2,0
2024-01-18,tabasco,"Huimanguillo, Tabasco",17.8333,-93.3833,7,0.88,27.58,19.07,24.17999999999997,27.040000000000052,29.12000000000003,0,0
2024-01-19,tabasco,"Huimanguillo, Tabasco",17.8333,-93.3833,7,4.76,28.44,21.29,18.30999999999997,31.61000000000005,33.88000000000003,0,0
2024-01-20,tabasco,"Huimanguillo, Tabasco",17.8333,-93.3833,7,13.2,27.16,22.89,18.839999999999968,43.050000000000054,47.08000000000003,1,0
2024-01-21,tabasco,"Huimanguillo, Tabasco",17.8333,-93.3833,7,5.79,25.3,21.88,23.74999999999997,47.96000000000005,52.87000000000003,2,0
2024-01-22,tabasco,"Huimanguillo, Tabasco",17.8333,-93.3833,7,1.73,27.15,21.54,20.71999999999997,49.660000000000046,54.56000000000003,0,0
2024-01-23,tabasco,"Huimanguillo, Tabasco",17.8333,-93.3833,7,0.12,29.26,21.26,7.6399999999999695,39.15000000000004,52.660000000000025,0,0
2024-01-24,tabasco,"Huimanguillo, Tabasco",17.8333,-93.3833,7,0.0,30.71,20.83,1.84999999999997,26.48000000000005,52.64000000000003,0,0
2024-01-25,tabasco,"Huimanguillo, Tabasco",17.8333,-93.3833,7,0.01,30.59,21.88,0.1299999999999698,25.610000000000046,52.650000000000034,0,0
2024-01-26,tabasco,"Huimanguillo, Tabasco",17.8333,-93.3833,7,0.03,29.98,23.08,0.0399999999999698,20.88000000000005,52.49000000000003,0,0
2024-01-27,tabasco,"Huimanguillo, Tabasco",17.8333,-93.3833,7,1.84,30.6,22.57,1.87999999999997,9.52000000000005,52.57000000000003,0,0
2024-01-28,tabasco,"Huimanguillo, Tabasco",17.8333,-93.3833,7,15.78,24.46,19.91,17.64999999999997,19.510000000000048,67.47000000000003,1,0
2024-01-29,tabasco,"Huimanguillo, Tabasco",17.8333,-93.3833,7,1.65,23.36,18.09,19.269999999999968,19.43000000000005,69.09000000000003,0,0
2024-01-30,tabasco,"Huimanguillo, Tabasco",17.8333,-93.3833,7,0.21,23.09,16.87,17.63999999999997,19.52000000000005,58.67000000000003,0,0
2024-01-31,tabasco,"Huimanguillo, Tabasco",17.8333,-93.3833,7,0.05,23.71,15.89,1.9099999999999697,19.570000000000046,46.050000000000026,0,0
2024-02-01,tabasco,"Huimanguillo, Tabasco",17.8333,-93.3833,7,0.02,24.54,16.41,0.2799999999999698,19.58000000000005,45.19000000000003,0,0
2024-02-02,tabasco,"Huimanguillo, Tabasco",17.8333,-93.3833,7,0.0,28.35,17.13,0.06999999999996981,19.55000000000005,40.43000000000003,0,0
2024-02-03,tabasco,"Huimanguillo, Tabasco",17.8333,-93.3833,7,0.08,30.89,19.58,0.09999999999996981,17.79000000000005,27.31000000000003,0,0
2024-02-04,tabasco,"Huimanguillo, Tabasco",17.8333,-93.3833,7,0.12,30.64,20.89,0.1999999999999698,2.1300000000000496,21.640000000000033,0,0
2024-02-05,tabasco,"Huimanguillo, Tabasco",17.8333,-93.3833,7,0.01,26.15,17.32,0.2099999999999698,0.49000000000004973,19.92000000000003,0,0
2024-02-06,tabasco,"Huimanguillo, Tabasco",17.8333,-93.3833,7,0.3,23.14,17.4,0.4299999999999698,0.5800000000000498,20.10000000000003,0,0
2024-02-07,tabasco,"Huimanguillo, Tabasco",17.8333,-93.3833,7,0.02,24.54,15.94,0.3299999999999698,0.5500000000000497,20.12000000000003,0,0
2024-02-08,tabasco,"Huimanguillo, Tabasco",17.8333,-93.3833,7,0.0,27.71,13.68,0.3199999999999698,0.5300000000000497,20.11000000000003,0,0
2024-02-09,tabasco,"Huimanguillo, Tabasco",17.8333,-93.3833,7,0.0,27.79,17.34,0.019999999999969802,0.5300000000000497,20.08000000000003,0,0
2024-02-10,tabasco,"Huimanguillo, Tabasco",17.8333,-93.3833,7,0.0,30.96,18.23,0.0,0.45000000000004975,18.24000000000003,0,0
2024-02-11,tabasco,"Huimanguillo, Tabasco",17.8333,-93.3833,7,0.0,31.62,18.65,0.0,0.33000000000004975,2.460000000000032,0,0
2024-02-12,tabasco,"Huimanguillo, Tabasco",17.8333,-93.3833,7,4.03,27.91,17.04,4.02999999999997,4.35000000000005,4.840000000000032,0,0
2024-02-13,tabasco,"Huimanguillo, Tabasco",17.8333,-93.3833,7,1.31,24.76,17.74,5.33999999999997,5.360000000000051,5.940000000000033,0,0
2024-02-14,tabasco,"Huimanguillo, Tabasco",17.8333,-93.3833,7,0.4,27.51,16.9,5.73999999999997,5.74000000000005,6.290000000000033,0,0
2024-02-15,tabasco,"Huimanguillo, Tabasco",17.8333,-93.3833,7,0.45,28.83,19.54,2.15999999999997,6.19000000000005,6.720000000000033,0,0
2024-02-16,tabasco,"Huimanguillo, Tabasco",17.8333,-93.3833,7,0.01,29.25,20.13,0.8599999999999698,6.20000000000005,6.730000000000032,0,0
2024-02-17,tabasco,"Huimanguillo, Tabasco",17.8333,-93.3833,7,3.2,29.79,20.89,3.65999999999997,9.40000000000005,9.850000000000033,0,0
2024-02-18,tabasco,"Huimanguillo, Tabasco",17.8333,-93.3833,7,24.18,22.95,17.24,27.38999999999997,33.58000000000005,33.91000000000003,1,1
2024-02-19,tabasco,"Huimanguillo, Tabasco",17.8333,-93.3833,7,0.22,24.8,16.49,27.599999999999966,29.770000000000046,34.12000000000003,0,0
2024-02-20,tabasco,"Huimanguillo, Tabasco",17.8333,-93.3833,7,0.01,25.0,15.11,24.409999999999968,28.47000000000005,33.83000000000003,0,0
2024-02-21,tabasco,"Huimanguillo, Tabasco",17.8333,-93.3833,7,0.22,26.32,16.27,0.44999999999996804,28.290000000000045,34.03000000000004,0,0
2024-02-22,tabasco,"Huimanguillo, Tabasco",17.8333,-93.3833,7,0.0,29.58,15.59,0.22999999999996804,27.840000000000046,34.03000000000004,0,0
2024-02-23,tabasco,"Huimanguillo, Tabasco",17.8333,-93.3833,7,0.0,28.95,17.64,0.21999999999996803,27.830000000000048,34.03000000000004,0,0
2024-02-24,tabasco,"Huimanguillo, Tabasco",17.8333,-93.3833,7,0.0,27.26,18.33,0.0,24.630000000000045,34.03000000000004,0,0
2024-02-25,tabasco,"Huimanguillo, Tabasco",17.8333,-93.3833,7,0.0,27.51,17.66,0.0,0.4500000000000462,34.03000000000004,0,0
2024-02-26,tabasco,"Huimanguillo, Tabasco",17.8333,-93.3833,7,0.0,29.34,17.76,0.0,0.2300000000000462,30.000000000000032,0,0
2024-02-27,tabasco,"Huimanguillo, Tabasco",17.8333,-93.3833,7,0.0,30.49,18.42,0.0,0.2200000000000462,28.69000000000003,0,0
2024-02-28,tabasco,"Huimanguillo, Tabasco",17.8333,-93.3833,7,0.0,31.82,20.66,0.0,0.0,28.29000000000003,0,0
2024-02-29,tabasco,"Huimanguillo, Tabasco",17.8333,-93.3833,7,0.0,30.37,20.93,0.0,0.0,27.840000000000032,0,0
2024-03-01,tabasco,"Huimanguillo, Tabasco",17.8333,-93.3833,7,0.02,30.93,21.23,0.019999999999968026,0.020000000000046186,27.85000000000003,0,0
2024-03-02,tabasco,"Huimanguillo, Tabasco",17.8333,-93.3833,7,0.01,31.27,21.9,0.029999999999968024,0.030000000000046184,24.660000000000032,0,0
2024-03-03,tabasco,"Huimanguillo, Tabasco",17.8333,-93.3833,7,0.0,32.26,22.5,0.029999999999968024,0.030000000000046184,0.480000000000032,0,0
2024-03-04,tabasco,"Huimanguillo, Tabasco",17.8333,-93.3833,7,0.0,34.06,23.78,0.009999999999968026,0.030000000000046184,0.260000000000032,0,0
2024-03-05,tabasco,"Huimanguillo, Tabasco",17.8333,-93.3833,7,0.0,33.29,23.07,0.0,0.030000000000046184,0.25000000000003203,0,0
2024-03-06,tabasco,"Huimanguillo, Tabasco",17.8333,-93.3833,7,0.0,32.08,22.18,0.0,0.030000000000046184,0.030000000000031973,0,0
2024-03-07,tabasco,"Huimanguillo, Tabasco",17.8333,-93.3833,7,0.0,34.28,23.14,0.0,0.030000000000046184,0.030000000000031973,0,0
2024-03-08,tabasco,"Huimanguillo, Tabasco",17.8333,-93.3833,7,0.0,35.02,22.21,0.0,0.010000000000046185,0.030000000000031973,0,0
2024-03-09,tabasco,"Huimanguillo, Tabasco",17.8333,-93.3833,7,0.05,31.75,19.96,0.04999999999996803,0.05000000000004619,0.08000000000003198,0,0
2024-03-10,tabasco,"Huimanguillo, Tabasco",17.8333,-93.3833,7,2.44,29.01,22.12,2.489999999999968,2.490000000000046,2.520000000000032,0,0
2024-03-11,tabasco,"Huimanguillo, Tabasco",17.8333,-93.3833,7,1.5,30.21,21.41,3.989999999999968,3.990000000000046,4.0200000000000315,0,0
2024-03-12,tabasco,"Huimanguillo, Tabasco",17.8333,-93.3833,7,0.71,32.76,23.21,4.649999999999968,4.7000000000000455,4.730000000000032,0,0
2024-03-13,tabasco,"Huimanguillo, Tabasco",17.8333,-93.3833,7,0.0,33.79,22.43,2.209999999999968,4.7000000000000455,4.730000000000032,0,0
2024-03-14,tabasco,"Huimanguillo, Tabasco",17.8333,-93.3833,7,0.0,34.94,23.23,0.709999999999968,4.7000000000000455,4.730000000000032,0,0
2024-03-15,tabasco,"Huimanguillo, Tabasco",17.8333,-93.3833,7,0.0,34.33,22.88,0.0,4.7000000000000455,4.710000000000033,0,0
2024-03-16,tabasco,"Huimanguillo, Tabasco",17.8333,-93.3833,7,0.0,34.9,24.61,0.0,4.6500000000000465,4.700000000000031,0,0
2024-03-17,tabasco,"Huimanguillo, Tabasco",17.8333,-93.3833,7,0.03,35.7,23.93,0.029999999999968024,2.240000000000046,4.7300000000000315,0,0
2024-03-18,tabasco,"Huimanguillo, Tabasco",17.8333,-93.3833,7,1.71,33.48,24.94,1.739999999999968,2.4500000000000464,6.4400000000000315,0,0
2024-03-19,tabasco,"Huimanguillo, Tabasco",17.8333,-93.3833,7,3.65,32.89,24.4,5.389999999999968,5.390000000000046,10.090000000000032,0,0
2024-03-20,tabasco,"Huimanguillo, Tabasco",17.8333,-93.3833,7,0.43,32.27,23.98,5.789999999999968,5.820000000000046,10.520000000000032,0,0
2024-03-21,tabasco,"Huimanguillo, Tabasco",17.8333,-93.3833,7,0.03,37.12,23.55,4.109999999999968,5.850000000000046,10.550000000000033,0,0
2024-03-22,tabasco,"Huimanguillo, Tabasco",17.8333,-93.3833,7,0.01,36.04,24.35,0.46999999999996844,5.860000000000046,10.560000000000032,0,0
2024-03-23,tabasco,"Huimanguillo, Tabasco",17.8333,-93.3833,7,0.04,33.19,21.95,0.07999999999996847,5.900000000000046,10.550000000000033,0,0
2024-03-24,tabasco,"Huimanguillo, Tabasco",17.8333,-93.3833,7,0.0,36.87,19.83,0.04999999999996847,5.870000000000045,8.110000000000031,0,0
2024-03-25,tabasco,"Huimanguillo, Tabasco",17.8333,-93.3833,7,0.0,37.96,23.08,0.03999999999996847,4.160000000000045,6.610000000000031,0,0
2024-03-26,tabasco,"Huimanguillo, Tabasco",17.8333,-93.3833,7,0.0,37.44,23.21,0.0,0.5100000000000462,5.900000000000032,0,0
2024-03-27,tabasco,"Huimanguillo, Tabasco",17.8333,-93.3833,7,0.03,33.48,22.09,0.02999999999996847,0.11000000000004619,5.930000000000033,0,0
2024-03-28,tabasco,"Huimanguillo, Tabasco",17.8333,-93.3833,7,1.62,31.22,19.89,1.6499999999999686,1.7000000000000464,7.550000000000032,0,0
2024-03-29,tabasco,"Huimanguillo, Tabasco",17.8333,-93.3833,7,0.03,32.5,17.68,1.6799999999999686,1.7200000000000464,7.580000000000033,0,0
2024-03-30,tabasco,"Huimanguillo, Tabasco",17.8333,-93.3833,7,0.0,37.06,19.46,1.6499999999999686,1.6800000000000463,7.580000000000032,0,0
2024-03-31,tabasco,"Huimanguillo, Tabasco",17.8333,-93.3833,7,0.0,38.72,21.37,0.02999999999996847,1.6800000000000463,7.550000000000033,0,0
2024-04-01,tabasco,"Huimanguillo, Tabasco",17.8333,-93.3833,7,0.0,40.18,23.01,0.0,1.6800000000000463,5.840000000000033,0,0
2024-04-02,tabasco,"Huimanguillo, Tabasco",17.8333,-93.3833,7,0.0,40.54,23.39,0.0,1.6800000000000463,2.190000000000032,0,0
2024-04-03,tabasco,"Huimanguillo, Tabasco",17.8333,-93.3833,7,0.85,31.87,21.74,0.8499999999999684,2.500000000000046,2.6100000000000323,0,0
2024-04-04,tabasco,"Huimanguillo, Tabasco",17.8333,-93.3833,7,0.02,32.2,20.8,0.8699999999999685,0.9000000000000462,2.600000000000032,0,0
2024-04-05,tabasco,"Huimanguillo, Tabasco",17.8333,-93.3833,7,0.22,34.51,20.55,1.0899999999999683,1.090000000000046,2.810000000000032,0,0
2024-04-06,tabasco,"Huimanguillo, Tabasco",17.8333,-93.3833,7,0.04,38.62,22.16,0.27999999999996844,1.130000000000046,2.810000000000032,0,0
2024-04-07,tabasco,"Huimanguillo, Tabasco",17.8333,-93.3833,7,0.0,40.15,23.95,0.2599999999999684,1.130000000000046,2.810000000000032,0,0
2024-04-08,tabasco,"Huimanguillo, Tabasco",17.8333,-93.3833,7,0.0,40.85,24.96,0.03999999999996847,1.130000000000046,2.810000000000032,0,0
2024-04-09,tabasco,"Huimanguillo, Tabasco",17.8333,-93.3833,7,0.0,41.91,25.98,0.0,1.130000000000046,2.810000000000032,0,0
2024-04-10,tabasco,"Huimanguillo, Tabasco",17.8333,-93.3833,7,0.03,41.44,25.74,0.02999999999996847,0.3100000000000462,2.8100000000000325,0,0
2024-04-11,tabasco,"Huimanguillo, Tabasco",17.8333,-93.3833,7,0.06,33.02,22.19,0.08999999999996847,0.35000000000004616,1.250000000000032,0,0
2024-04-12,tabasco,"Huimanguillo, Tabasco",17.8333,-93.3833,7,0.01,33.23,20.19,0.09999999999996846,0.14000000000004617,1.230000000000032,0,0
2024-04-13,tabasco,"Huimanguillo, Tabasco",17.8333,-93.3833,7,1.97,34.85,22.1,2.0399999999999685,2.070000000000046,3.200000000000032,0,0
2024-04-14,tabasco,"Huimanguillo, Tabasco",17.8333,-93.3833,7,1.16,37.79,23.1,3.1399999999999686,3.230000000000046,4.360000000000031,0,0
2024-04-15,tabasco,"Huimanguillo, Tabasco",17.8333,-93.3833,7,0.0,39.8,23.65,3.129999999999969,3.230000000000046,4.360000000000031,0,0
2024-04-16,tabasco,"Huimanguillo, Tabasco",17.8333,-93.3833,7,0.0,41.74,23.39,1.1599999999999684,3.230000000000046,4.360000000000031,0,0
2024-04-17,tabasco,"Huimanguillo, Tabasco",17.8333,-93.3833,7,0.03,39.89,25.54,0.02999999999996847,3.230000000000046,3.5400000000000316,0,0
2024-04-18,tabasco,"Huimanguillo, Tabasco",17.8333,-93.3833,7,0.0,41.41,25.49,0.02999999999996847,3.170000000000046,3.5200000000000315,0,0
2024-04-19,tabasco,"Huimanguillo, Tabasco",17.8333,-93.3833,7,0.0,40.71,24.15,0.02999999999996847,3.160000000000046,3.300000000000032,0,0
2024-04-20,tabasco,"Huimanguillo, Tabasco",17.8333,-93.3833,7,0.08,41.44,25.06,0.07999999999996847,1.2700000000000462,3.340000000000032,0,0
2024-04-21,tabasco,"Huimanguillo, Tabasco",17.8333,-93.3833,7,0.65,39.91,26.18,0.7299999999999685,0.7600000000000462,3.990000000000032,0,0
2024-04-22,tabasco,"Huimanguillo, Tabasco",17.8333,-93.3833,7,2.24,35.77,25.22,2.9699999999999687,3.000000000000046,6.230000000000032,0,0
2024-04-23,tabasco,"Huimanguillo, Tabasco",17.8333,-93.3833,7,0.35,37.92,24.59,3.2399999999999687,3.3500000000000463,6.580000000000032,0,0
2024-04-24,tabasco,"Huimanguillo, Tabasco",17.8333,-93.3833,7,0.01,40.61,23.97,2.5999999999999686,3.3300000000000463,6.5600000000000325,0,0
2024-04-25,tabasco,"Huimanguillo, Tabasco",17.8333,-93.3833,7,0.04,40.45,24.86,0.39999999999996844,3.3700000000000463,6.540000000000033,0,0
2024-04-26,tabasco,"Huimanguillo, Tabasco",17.8333,-93.3833,7,0.0,41.87,24.2,0.04999999999996847,3.3700000000000463,6.530000000000033,0,0
2024-04-27,tabasco,"Huimanguillo, Tabasco",17.8333,-93.3833,7,0.0,43.07,26.88,0.03999999999996847,3.290000000000046,4.5600000000000325,0,0
2024-04-28,tabasco,"Huimanguillo, Tabasco",17.8333,-93.3833,7,0.0,43.53,27.19,0.0,2.640000000000046,3.4000000000000323,0,0
2024-04-29,tabasco,"Huimanguillo, Tabasco",17.8333,-93.3833,7,0.0,43.59,27.97,0.0,0.4000000000000457,3.4000000000000323,0,0
2024-04-30,tabasco,"Huimanguillo, Tabasco",17.8333,-93.3833,7,0.0,41.59,28.41,0.0,0.050000000000045744,3.4000000000000323,0,0
2024-05-01,tabasco,"Huimanguillo, Tabasco",17.8333,-93.3833,7,0.05,42.8,27.78,0.04999999999996847,0.09000000000004574,3.420000000000033,0,0
2024-05-02,tabasco,"Huimanguillo, Tabasco",17.8333,-93.3833,7,0.03,43.95,28.1,0.07999999999996847,0.08000000000004574,3.4500000000000326,0,0
2024-05-03,tabasco,"Huimanguillo, Tabasco",17.8333,-93.3833,7,0.0,43.52,28.65,0.07999999999996847,0.08000000000004574,3.4500000000000326,0,0
2024-05-04,tabasco,"Huimanguillo, Tabasco",17.8333,-93.3833,7,0.0,43.48,26.61,0.02999999999996847,0.08000000000004574,3.3700000000000325,0,0
2024-05-05,tabasco,"Huimanguillo, Tabasco",17.8333,-93.3833,7,0.0,44.74,26.6,0.0,0.08000000000004574,2.7200000000000326,0,0
2024-05-06,tabasco,"Huimanguillo, Tabasco",17.8333,-93.3833,7,0.0,45.07,27.75,0.0,0.08000000000004574,0.4800000000000324,0,0
2024-05-07,tabasco,"Huimanguillo, Tabasco",17.8333,-93.3833,7,0.0,46.46,28.5,0.0,0.08000000000004574,0.13000000000003242,0,0
2024-05-08,tabasco,"Huimanguillo, Tabasco",17.8333,-93.3833,7,0.0,46.61,27.76,0.0,0.03000000000004574,0.12000000000003243,0,0
2024-05-09,tabasco,"Huimanguillo, Tabasco",17.8333,-93.3833,7,0.0,47.3,28.88,0.0,0.0,0.08000000000003242,0,0
2024-05-10,tabasco,"Huimanguillo, Tabasco",17.8333,-93.3833,7,0.0,44.56,28.93,0.0,0.0,0.08000000000003242,0,0
2024-05-11,tabasco,"Huimanguillo, Tabasco",17.8333,-93.3833,7,0.01,43.67,28.94,0.00999999999996847,0.010000000000045741,0.09000000000003242,0,0
2024-05-12,tabasco,"Huimanguillo, Tabasco",17.8333,-93.3833,7,0.46,45.33,29.68,0.4699999999999685,0.47000000000004577,0.5500000000000325,0,0
2024-05-13,tabasco,"Huimanguillo, Tabasco",17.8333,-93.3833,7,0.08,44.86,30.99,0.5499999999999685,0.5500000000000458,0.6300000000000324,0,0
2024-05-14,tabasco,"Huimanguillo, Tabasco",17.8333,-93.3833,7,1.2,44.69,29.26,1.7399999999999685,1.7500000000000457,1.8300000000000325,0,0
2024-05-15,tabasco,"Huimanguillo, Tabasco",17.8333,-93.3833,7,4.1,40.04,28.82,5.379999999999968,5.850000000000046,5.880000000000032,0,0
2024-05-16,tabasco,"Huimanguillo, Tabasco",17.8333,-93.3833,7,0.01,43.9,28.75,5.309999999999968,5.860000000000046,5.860000000000031,0,0
2024-05-17,tabasco,"Huimanguillo, Tabasco",17.8333,-93.3833,7,0.02,44.85,30.59,4.129999999999968,5.880000000000046,5.880000000000032,0,0
2024-05-18,tabasco,"Huimanguillo, Tabasco",17.8333,-93.3833,7,15.81,38.87,29.63,15.839999999999968,21.680000000000046,21.690000000000033,1,0
2024-05-19,tabasco,"Huimanguillo, Tabasco",17.8333,-93.3833,7,17.45,35.84,28.38,33.27999999999997,38.670000000000044,39.14000000000003,2,0
2024-05-20,tabasco,"Huimanguillo, Tabasco",17.8333,-93.3833,7,0.04,39.38,26.51,33.29999999999997,38.63000000000005,39.18000000000003,0,0
2024-05-21,tabasco,"Huimanguillo, Tabasco",17.8333,-93.3833,7,0.0,41.3,27.07,17.489999999999974,37.43000000000005,39.18000000000003,0,0
2024-05-22,tabasco,"Huimanguillo, Tabasco",17.8333,-93.3833,7,0.02,41.2,27.42,0.059999999999971576,33.35000000000005,39.20000000000003,0,0
2024-05-23,tabasco,"Huimanguillo, Tabasco",17.8333,-93.3833,7,0.02,41.98,26.82,0.03999999999997158,33.36000000000005,39.22000000000003,0,0
2024-05-24,tabasco,"Huimanguillo, Tabasco",17.8333,-93.3833,7,0.0,42.68,27.99,0.03999999999997158,33.34000000000005,39.22000000000003,0,0
2024-05-25,tabasco,"Huimanguillo, Tabasco",17.8333,-93.3833,7,0.0,41.67,28.94,0.01999999999997158,17.530000000000047,39.21000000000003,0,0
2024-05-26,tabasco,"Huimanguillo, Tabasco",17.8333,-93.3833,7,0.01,43.13,29.61,0.009999999999971578,0.09000000000004973,38.76000000000003,0,0
2024-05-27,tabasco,"Huimanguillo, Tabasco",17.8333,-93.3833,7,0.0,42.76,30.45,0.009999999999971578,0.05000000000004974,38.680000000000035,0,0
2024-05-28,tabasco,"Huimanguillo, Tabasco",17.8333,-93.3833,7,0.19,41.61,28.53,0.1999999999999716,0.24000000000004973,37.67000000000003,0,0
2024-05-29,tabasco,"Huimanguillo, Tabasco",17.8333,-93.3833,7,0.05,42.29,28.5,0.23999999999997157,0.27000000000004976,33.620000000000026,0,0
2024-05-30,tabasco,"Huimanguillo, Tabasco",17.8333,-93.3833,7,0.01,42.5,27.83,0.24999999999997158,0.26000000000004975,33.62000000000003,0,0
2024-05-31,tabasco,"Huimanguillo, Tabasco",17.8333,-93.3833,7,0.0,43.11,28.73,0.05999999999997158,0.26000000000004975,33.60000000000003,0,0
2024-06-01,tabasco,"Huimanguillo, Tabasco",17.8333,-93.3833,7,0.0,42.8,29.4,0.009999999999971578,0.26000000000004975,17.79000000000003,0,0
2024-06-02,tabasco,"Huimanguillo, Tabasco",17.8333,-93.3833,7,0.01,43.52,28.79,0.009999999999971578,0.2600000000000497,0.3500000000000284,0,0
2024-06-03,tabasco,"Huimanguillo, Tabasco",17.8333,-93.3833,7,0.11,43.06,28.82,0.11999999999997157,0.37000000000004973,0.42000000000002846,0,0
2024-06-04,tabasco,"Huimanguillo, Tabasco",17.8333,-93.3833,7,0.01,44.5,29.42,0.12999999999997158,0.19000000000004974,0.43000000000002847,0,0
2024-06-05,tabasco,"Huimanguillo, Tabasco",17.8333,-93.3833,7,0.02,44.49,29.68,0.1399999999999716,0.16000000000004977,0.4300000000000284,0,0
2024-06-06,tabasco,"Huimanguillo, Tabasco",17.8333,-93.3833,7,0.3,42.32,30.01,0.3299999999999716,0.45000000000004975,0.7100000000000284,0,0
2024-06-07,tabasco,"Huimanguillo, Tabasco",17.8333,-93.3833,7,2.87,40.77,28.2,3.1899999999999715,3.32000000000005,3.5800000000000285,0,0
2024-06-08,tabasco,"Huimanguillo, Tabasco",17.8333,-93.3833,7,4.53,37.2,27.37,7.699999999999972,7.85000000000005,8.110000000000028,0,0
2024-06-09,tabasco,"Huimanguillo, Tabasco",17.8333,-93.3833,7,1.86,38.45,27.74,9.259999999999971,9.70000000000005,9.96000000000003,0,0
2024-06-10,tabasco,"Huimanguillo, Tabasco",17.8333,-93.3833,7,9.95,37.35,27.71,16.33999999999997,19.54000000000005,19.91000000000003,1,0
2024-06-11,tabasco,"Huimanguillo, Tabasco",17.8333,-93.3833,7,16.12,35.7,27.48,27.92999999999997,35.65000000000005,35.84000000000003,2,0
2024-06-12,tabasco,"Huimanguillo, Tabasco",17.8333,-93.3833,7,32.38,32.28,26.8,58.449999999999974,68.01000000000006,68.17000000000003,3,1
2024-06-13,tabasco,"Huimanguillo, Tabasco",17.8333,-93.3833,7,15.54,33.69,25.77,64.03999999999996,83.25000000000006,83.70000000000002,4,0
2024-06-14,tabasco,"Huimanguillo, Tabasco",17.8333,-93.3833,7,0.56,32.67,26.29,48.479999999999976,80.94000000000005,84.26000000000002,0,0
2024-06-15,tabasco,"Huimanguillo, Tabasco",17.8333,-93.3833,7,14.8,33.02,26.09,30.89999999999997,91.21000000000006,99.06000000000003,1,0
2024-06-16,tabasco,"Huimanguillo, Tabasco",17.8333,-93.3833,7,50.74,33.12,25.68,66.09999999999997,140.09000000000006,149.79000000000002,2,1
2024-06-17,tabasco,"Huimanguillo, Tabasco",17.8333,-93.3833,7,9.73,29.75,25.91,75.26999999999997,139.87000000000006,159.41000000000003,3,0
2024-06-18,tabasco,"Huimanguillo, Tabasco",17.8333,-93.3833,7,2.29,32.3,25.87,62.75999999999998,126.04000000000006,161.69000000000003,0,0
2024-06-19,tabasco,"Huimanguillo, Tabasco",17.8333,-93.3833,7,7.59,33.77,26.16,19.60999999999997,101.25000000000006,169.26000000000002,1,0
2024-06-20,tabasco,"Huimanguillo, Tabasco",17.8333,-93.3833,7,11.84,31.63,25.4,21.71999999999997,97.55000000000007,180.80000000000004,2,0
2024-06-21,tabasco,"Huimanguillo, Tabasco",17.8333,-93.3833,7,8.53,29.5,23.9,27.959999999999972,105.52000000000007,186.46000000000004,3,0
2024-06-22,tabasco,"Huimanguillo, Tabasco",17.8333,-93.3833,7,5.7,33.16,23.97,26.069999999999972,96.42000000000004,187.63000000000002,4,0
2024-06-23,tabasco,"Huimanguillo, Tabasco",17.8333,-93.3833,7,6.24,33.22,25.27,20.46999999999997,51.92000000000006,192.01000000000002,5,0
2024-06-24,tabasco,"Huimanguillo, Tabasco",17.8333,-93.3833,7,13.32,31.53,25.08,25.25999999999997,55.51000000000005,195.38000000000002,6,0
2024-06-25,tabasco,"Huimanguillo, Tabasco",17.8333,-93.3833,7,11.23,31.65,24.82,30.78999999999997,64.45000000000005,190.49,7,0
2024-06-26,tabasco,"Huimanguillo, Tabasco",17.8333,-93.3833,7,2.04,33.72,24.73,26.58999999999997,58.900000000000055,160.15000000000003,0,0
2024-06-27,tabasco,"Huimanguillo, Tabasco",17.8333,-93.3833,7,3.8,32.37,25.11,17.069999999999972,50.860000000000056,148.41000000000003,0,0
2024-06-28,tabasco,"Huimanguillo, Tabasco",17.8333,-93.3833,7,21.13,33.08,24.92,26.969999999999967,63.46000000000006,168.98000000000002,1,1
2024-06-29,tabasco,"Huimanguillo, Tabasco",17.8333,-93.3833,7,53.24,30.83,25.91,78.16999999999997,111.00000000000006,207.42000000000002,2,1
2024-06-30,tabasco,"Huimanguillo, Tabasco",17.8333,-93.3833,7,63.16,30.74,25.9,137.52999999999997,167.92000000000007,219.84,3,1
2024-07-01,tabasco,"Huimanguillo, Tabasco",17.8333,-93.3833,7,5.63,28.89,25.41,122.02999999999997,160.23000000000008,215.74,4,0
2024-07-02,tabasco,"Huimanguillo, Tabasco",17.8333,-93.3833,7,4.54,31.35,24.31,73.32999999999996,153.54000000000005,217.99000000000004,0,0
2024-07-03,tabasco,"Huimanguillo, Tabasco",17.8333,-93.3833,7,1.88,32.31,24.84,12.049999999999965,153.38000000000005,212.28000000000003,0,0
2024-07-04,tabasco,"Huimanguillo, Tabasco",17.8333,-93.3833,7,0.3,31.97,24.29,6.719999999999964,149.88000000000005,200.74,0,0
2024-07-05,tabasco,"Huimanguillo, Tabasco",17.8333,-93.3833,7,0.81,31.96,24.59,2.9899999999999647,129.56000000000006,193.02,0,0
2024-07-06,tabasco,"Huimanguillo, Tabasco",17.8333,-93.3833,7,0.25,32.07,23.28,1.3599999999999646,76.57000000000005,187.57000000000002,0,0
2024-07-07,tabasco,"Huimanguillo, Tabasco",17.8333,-93.3833,7,1.09,30.8,24.77,2.149999999999965,14.500000000000057,182.42000000000002,0,0
2024-07-08,tabasco,"Huimanguillo, Tabasco",17.8333,-93.3833,7,19.98,31.89,24.66,21.319999999999965,28.85000000000006,189.08000000000004,1,0
2024-07-09,tabasco,"Huimanguillo, Tabasco",17.8333,-93.3833,7,47.62,29.84,25.96,68.68999999999997,71.93000000000006,225.47000000000003,2,1
2024-07-10,tabasco,"Huimanguillo, Tabasco",17.8333,-93.3833,7,6.51,29.99,25.42,74.10999999999996,76.56000000000006,229.94000000000003,3,0
2024-07-11,tabasco,"Huimanguillo, Tabasco",17.8333,-93.3833,7,3.17,31.59,24.66,57.29999999999996,79.43000000000005,229.31000000000003,0,0
2024-07-12,tabasco,"Huimanguillo, Tabasco",17.8333,-93.3833,7,3.28,31.99,24.53,12.959999999999964,81.90000000000006,211.46,0,0
2024-07-13,tabasco,"Huimanguillo, Tabasco",17.8333,-93.3833,7,5.37,29.98,24.44,11.819999999999965,87.02000000000007,163.59000000000003,1,0
2024-07-14,tabasco,"Huimanguillo, Tabasco",17.8333,-93.3833,7,4.29,30.56,25.4,12.939999999999966,90.22000000000006,104.72000000000004,0,0
2024-07-15,tabasco,"Huimanguillo, Tabasco",17.8333,-93.3833,7,2.67,31.96,25.39,12.329999999999966,72.91000000000005,101.76000000000003,0,0
2024-07-16,tabasco,"Huimanguillo, Tabasco",17.8333,-93.3833,7,1.34,31.46,24.94,8.299999999999965,26.630000000000056,98.56000000000003,0,0
2024-07-17,tabasco,"Huimanguillo, Tabasco",17.8333,-93.3833,7,0.52,31.41,25.27,4.529999999999965,20.640000000000054,97.20000000000003,0,0
2024-07-18,tabasco,"Huimanguillo, Tabasco",17.8333,-93.3833,7,0.2,31.22,25.19,2.0599999999999645,17.67000000000006,97.10000000000002,0,0
2024-07-19,tabasco,"Huimanguillo, Tabasco",17.8333,-93.3833,7,15.56,30.61,25.58,16.279999999999966,29.95000000000006,111.85000000000002,1,0
2024-07-20,tabasco,"Huimanguillo, Tabasco",17.8333,-93.3833,7,9.63,30.89,24.94,25.389999999999965,34.21000000000006,121.23000000000003,2,0
2024-07-21,tabasco,"Huimanguillo, Tabasco",17.8333,-93.3833,7,4.68,29.97,24.54,29.86999999999997,34.60000000000006,124.82000000000004,0,0
2024-07-22,tabasco,"Huimanguillo, Tabasco",17.8333,-93.3833,7,4.59,30.69,25.2,18.899999999999963,36.52000000000005,109.43000000000004,0,0
2024-07-23,tabasco,"Huimanguillo, Tabasco",17.8333,-93.3833,7,1.44,32.3,24.97,10.709999999999964,36.62000000000006,63.25000000000003,0,0
2024-07-24,tabasco,"Huimanguillo, Tabasco",17.8333,-93.3833,7,0.2,31.71,25.27,6.229999999999964,36.300000000000054,56.94000000000003,0,0
2024-07-25,tabasco,"Huimanguillo, Tabasco",17.8333,-93.3833,7,0.39,32.44,25.2,2.0299999999999643,36.49000000000005,54.16000000000003,0,0
2024-07-26,tabasco,"Huimanguillo, Tabasco",17.8333,-93.3833,7,3.19,30.12,25.39,3.7799999999999643,24.120000000000058,54.07000000000003,0,0
2024-07-27,tabasco,"Huimanguillo, Tabasco",17.8333,-93.3833,7,1.27,31.3,25.09,4.849999999999964,15.760000000000057,49.97000000000003,0,0
2024-07-28,tabasco,"Huimanguillo, Tabasco",17.8333,-93.3833,7,1.13,31.29,25.4,5.589999999999964,12.210000000000056,46.81000000000003,0,0
2024-07-29,tabasco,"Huimanguillo, Tabasco",17.8333,-93.3833,7,1.97,31.38,25.69,4.369999999999965,9.590000000000057,46.11000000000003,0,0
2024-07-30,tabasco,"Huimanguillo, Tabasco",17.8333,-93.3833,7,0.97,31.92,25.02,4.069999999999965,9.120000000000058,45.74000000000002,0,0
2024-07-31,tabasco,"Huimanguillo, Tabasco",17.8333,-93.3833,7,2.19,30.23,25.25,5.129999999999964,11.110000000000056,47.41000000000003,0,0
2024-08-01,tabasco,"Huimanguillo, Tabasco",17.8333,-93.3833,7,3.83,31.71,25.38,6.989999999999965,14.550000000000058,51.04000000000003,0,0
2024-08-02,tabasco,"Huimanguillo, Tabasco",17.8333,-93.3833,7,7.05,30.95,24.84,13.069999999999965,18.410000000000053,42.53000000000003,1,0
2024-08-03,tabasco,"Huimanguillo, Tabasco",17.8333,-93.3833,7,5.42,30.96,24.83,16.299999999999965,22.560000000000056,38.32000000000003,2,0
2024-08-04,tabasco,"Huimanguillo, Tabasco",17.8333,-93.3833,7,3.12,31.15,25.14,15.589999999999964,24.550000000000058,36.760000000000026,0,0
2024-08-05,tabasco,"Huimanguillo, Tabasco",17.8333,-93.3833,7,2.27,32.05,25.15,10.809999999999963,24.85000000000006,34.440000000000026,0,0
2024-08-06,tabasco,"Huimanguillo, Tabasco",17.8333,-93.3833,7,1.43,31.59,25.29,6.819999999999965,25.310000000000056,34.43000000000003,0,0
2024-08-07,tabasco,"Huimanguillo, Tabasco",17.8333,-93.3833,7,0.58,32.33,24.81,4.279999999999965,23.700000000000056,34.810000000000024,0,0
2024-08-08,tabasco,"Huimanguillo, Tabasco",17.8333,-93.3833,7,0.31,33.5,25.14,2.3199999999999643,20.180000000000057,34.730000000000025,0,0
2024-08-09,tabasco,"Huimanguillo, Tabasco",17.8333,-93.3833,7,6.25,31.96,25.82,7.139999999999964,19.380000000000056,37.79000000000003,1,0
2024-08-10,tabasco,"Huimanguillo, Tabasco",17.8333,-93.3833,7,30.98,28.87,25.53,37.539999999999964,44.940000000000055,67.50000000000003,2,1
2024-08-11,tabasco,"Huimanguillo, Tabasco",17.8333,-93.3833,7,7.46,29.66,24.63,44.68999999999996,49.28000000000006,73.83000000000003,3,0
2024-08-12,tabasco,"Huimanguillo, Tabasco",17.8333,-93.3833,7,3.69,31.35,24.33,42.12999999999996,50.70000000000006,75.55000000000003,0,0
2024-08-13,tabasco,"Huimanguillo, Tabasco",17.8333,-93.3833,7,11.44,31.67,24.93,22.589999999999964,60.71000000000006,86.02000000000002,1,0
2024-08-14,tabasco,"Huimanguillo, Tabasco",17.8333,-93.3833,7,10.63,30.47,24.63,25.759999999999962,70.76000000000006,94.46000000000002,2,0
2024-08-15,tabasco,"Huimanguillo, Tabasco",17.8333,-93.3833,7,5.97,31.73,24.6,28.039999999999967,76.42000000000006,96.60000000000002,3,0
2024-08-16,tabasco,"Huimanguillo, Tabasco",17.8333,-93.3833,7,2.17,31.52,25.01,18.769999999999964,72.34000000000006,91.72000000000003,0,0
2024-08-17,tabasco,"Huimanguillo, Tabasco",17.8333,-93.3833,7,1.69,32.03,25.13,9.829999999999965,43.050000000000054,87.99000000000002,0,0
2024-08-18,tabasco,"Huimanguillo, Tabasco",17.8333,-93.3833,7,1.45,32.54,25.48,5.309999999999964,37.04000000000006,86.32000000000002,0,0
2024-08-19,tabasco,"Huimanguillo, Tabasco",17.8333,-93.3833,7,1.12,32.2,25.17,4.259999999999964,34.470000000000056,85.17000000000003,0,0
2024-08-20,tabasco,"Huimanguillo, Tabasco",17.8333,-93.3833,7,9.84,31.32,24.67,12.409999999999965,32.87000000000006,93.58000000000004,1,0
2024-08-21,tabasco,"Huimanguillo, Tabasco",17.8333,-93.3833,7,16.68,31.9,24.2,27.639999999999965,38.92000000000006,109.68000000000002,2,0
2024-08-22,tabasco,"Huimanguillo, Tabasco",17.8333,-93.3833,7,14.78,31.14,24.62,41.29999999999996,47.730000000000054,124.15000000000003,3,0
2024-08-23,tabasco,"Huimanguillo, Tabasco",17.8333,-93.3833,7,3.06,31.81,24.12,34.51999999999996,48.620000000000054,120.96000000000004,0,0
2024-08-24,tabasco,"Huimanguillo, Tabasco",17.8333,-93.3833,7,4.8,30.29,25.08,22.639999999999965,51.730000000000054,94.78000000000003,0,0
2024-08-25,tabasco,"Huimanguillo, Tabasco",17.8333,-93.3833,7,5.17,30.36,23.97,13.029999999999964,55.45000000000005,92.49000000000002,1,0
2024-08-26,tabasco,"Huimanguillo, Tabasco",17.8333,-93.3833,7,7.41,31.4,23.94,17.379999999999963,61.74000000000005,96.21000000000002,2,0
2024-08-27,tabasco,"Huimanguillo, Tabasco",17.8333,-93.3833,7,12.5,31.34,24.44,25.079999999999963,64.40000000000005,97.27000000000002,3,0
2024-08-28,tabasco,"Huimanguillo, Tabasco",17.8333,-93.3833,7,10.19,30.65,24.8,30.099999999999962,57.91000000000006,96.83000000000003,4,0
2024-08-29,tabasco,"Huimanguillo, Tabasco",17.8333,-93.3833,7,5.92,31.79,24.97,28.609999999999964,49.050000000000054,96.78000000000003,5,0
2024-08-30,tabasco,"Huimanguillo, Tabasco",17.8333,-93.3833,7,5.44,31.87,25.31,21.54999999999996,51.43000000000006,100.05000000000003,6,0
2024-08-31,tabasco,"Huimanguillo, Tabasco",17.8333,-93.3833,7,3.87,33.04,25.0,15.229999999999965,50.50000000000006,102.23000000000003,0,0
2024-09-01,tabasco,"Huimanguillo, Tabasco",17.8333,-93.3833,7,3.18,31.63,25.73,12.489999999999965,48.510000000000055,103.96000000000004,0,0
2024-09-02,tabasco,"Huimanguillo, Tabasco",17.8333,-93.3833,7,2.53,31.57,25.48,9.579999999999965,43.63000000000005,105.37000000000003,0,0
2024-09-03,tabasco,"Huimanguillo, Tabasco",17.8333,-93.3833,7,4.46,32.15,24.75,10.169999999999964,35.59000000000006,99.99000000000002,0,0
2024-09-04,tabasco,"Huimanguillo, Tabasco",17.8333,-93.3833,7,6.21,32.04,25.45,13.199999999999964,31.61000000000006,89.52000000000002,1,0
2024-09-05,tabasco,"Huimanguillo, Tabasco",17.8333,-93.3833,7,23.32,31.76,25.45,33.98999999999997,49.01000000000006,98.06000000000003,2,1
2024-09-06,tabasco,"Huimanguillo, Tabasco",17.8333,-93.3833,7,27.73,30.72,25.76,57.25999999999996,71.30000000000007,122.73000000000003,3,1
2024-09-07,tabasco,"Huimanguillo, Tabasco",17.8333,-93.3833,7,51.45,28.65,25.51,102.49999999999997,118.88000000000005,169.38000000000005,4,1
2024-09-08,tabasco,"Huimanguillo, Tabasco",17.8333,-93.3833,7,4.13,32.13,23.88,83.30999999999997,119.83000000000007,168.34000000000003,0,0
2024-09-09,tabasco,"Huimanguillo, Tabasco",17.8333,-93.3833,7,1.97,31.7,23.35,57.54999999999997,119.27000000000007,162.90000000000003,0,0
2024-09-10,tabasco,"Huimanguillo, Tabasco",17.8333,-93.3833,7,4.08,30.46,25.25,10.179999999999964,118.89000000000006,154.48000000000002,0,0
2024-09-11,tabasco,"Huimanguillo, Tabasco",17.8333,-93.3833,7,2.91,32.11,25.76,8.959999999999965,115.59000000000006,147.20000000000002,0,0
2024-09-12,tabasco,"Huimanguillo, Tabasco",17.8333,-93.3833,7,0.67,33.95,25.86,7.659999999999965,92.94000000000005,141.95000000000005,0,0
2024-09-13,tabasco,"Huimanguillo, Tabasco",17.8333,-93.3833,7,1.22,34.01,26.79,4.799999999999965,66.43000000000006,137.73000000000005,0,0
2024-09-14,tabasco,"Huimanguillo, Tabasco",17.8333,-93.3833,7,1.46,32.68,26.35,3.3499999999999646,16.440000000000058,135.32000000000005,0,0
2024-09-15,tabasco,"Huimanguillo, Tabasco",17.8333,-93.3833,7,0.74,33.44,25.53,3.4199999999999644,13.050000000000058,132.88000000000002,0,0
2024-09-16,tabasco,"Huimanguillo, Tabasco",17.8333,-93.3833,7,2.27,32.35,25.78,4.469999999999965,13.350000000000058,132.62000000000003,0,0
2024-09-17,tabasco,"Huimanguillo, Tabasco",17.8333,-93.3833,7,5.97,31.49,26.31,8.979999999999965,15.240000000000057,134.13000000000002,1,0
2024-09-18,tabasco,"Huimanguillo, Tabasco",17.8333,-93.3833,7,4.94,31.41,25.81,13.179999999999964,17.270000000000056,132.86000000000004,0,0
2024-09-19,tabasco,"Huimanguillo, Tabasco",17.8333,-93.3833,7,4.93,32.91,25.71,15.839999999999964,21.530000000000054,114.47000000000004,0,0
2024-09-20,tabasco,"Huimanguillo, Tabasco",17.8333,-93.3833,7,3.26,33.19,25.44,13.129999999999965,23.570000000000057,90.00000000000003,0,0
2024-09-21,tabasco,"Huimanguillo, Tabasco",17.8333,-93.3833,7,2.04,31.56,25.35,10.229999999999965,24.150000000000055,40.59000000000003,0,0
2024-09-22,tabasco,"Huimanguillo, Tabasco",17.8333,-93.3833,7,2.6,32.05,24.25,7.899999999999965,26.01000000000006,39.060000000000024,0,0
2024-09-23,tabasco,"Huimanguillo, Tabasco",17.8333,-93.3833,7,1.89,32.29,25.09,6.529999999999965,25.630000000000056,38.980000000000025,0,0
2024-09-24,tabasco,"Huimanguillo, Tabasco",17.8333,-93.3833,7,4.59,31.8,24.6,9.079999999999965,24.250000000000057,39.49000000000003,0,0
2024-09-25,tabasco,"Huimanguillo, Tabasco",17.8333,-93.3833,7,7.64,30.56,24.67,14.119999999999965,26.950000000000056,44.22000000000003,1,0
2024-09-26,tabasco,"Huimanguillo, Tabasco",17.8333,-93.3833,7,4.86,30.52,25.04,17.089999999999964,26.88000000000006,48.41000000000003,0,0
2024-09-27,tabasco,"Huimanguillo, Tabasco",17.8333,-93.3833,7,10.06,30.43,24.77,22.559999999999967,33.68000000000006,57.25000000000003,1,0
2024-09-28,tabasco,"Huimanguillo, Tabasco",17.8333,-93.3833,7,10.45,32.56,24.09,25.369999999999962,42.09000000000006,66.24000000000004,2,0
2024-09-29,tabasco,"Huimanguillo, Tabasco",17.8333,-93.3833,7,18.02,29.48,24.65,38.529999999999966,57.510000000000055,83.52000000000002,3,0
2024-09-30,tabasco,"Huimanguillo, Tabasco",17.8333,-93.3833,7,15.13,30.86,24.65,43.599999999999966,70.75000000000006,96.38000000000002,4,0
2024-10-01,tabasco,"Huimanguillo, Tabasco",17.8333,-93.3833,7,43.9,28.63,24.86,77.04999999999997,110.06000000000006,134.31000000000003,5,1
2024-10-02,tabasco,"Huimanguillo, Tabasco",17.8333,-93.3833,7,12.22,28.98,24.74,71.24999999999997,114.64000000000006,141.59000000000003,6,0
2024-10-03,tabasco,"Huimanguillo, Tabasco",17.8333,-93.3833,7,3.99,30.98,23.73,60.109999999999964,113.77000000000005,140.65000000000003,0,0
2024-10-04,tabasco,"Huimanguillo, Tabasco",17.8333,-93.3833,7,1.24,29.19,24.27,17.449999999999964,104.95000000000006,138.63000000000002,0,0
2024-10-05,tabasco,"Huimanguillo, Tabasco",17.8333,-93.3833,7,0.73,30.94,24.03,5.959999999999964,95.23000000000006,137.32000000000005,0,0
2024-10-06,tabasco,"Huimanguillo, Tabasco",17.8333,-93.3833,7,7.19,31.37,25.28,9.159999999999965,84.40000000000006,141.91000000000003,1,0
2024-10-07,tabasco,"Huimanguillo, Tabasco",17.8333,-93.3833,7,11.34,29.06,25.04,19.259999999999962,80.61000000000006,151.36,2,0
2024-10-08,tabasco,"Huimanguillo, Tabasco",17.8333,-93.3833,7,5.46,29.32,24.45,23.989999999999963,42.17000000000006,152.23000000000002,3,0
2024-10-09,tabasco,"Huimanguillo, Tabasco",17.8333,-93.3833,7,2.91,29.59,23.19,19.70999999999996,32.860000000000056,147.50000000000003,0,0
2024-10-10,tabasco,"Huimanguillo, Tabasco",17.8333,-93.3833,7,0.55,29.01,22.2,8.919999999999964,29.42000000000006,143.19000000000003,0,0
2024-10-11,tabasco,"Huimanguillo, Tabasco",17.8333,-93.3833,7,1.69,28.9,21.7,5.149999999999965,29.870000000000058,134.82000000000002,0,0
2024-10-12,tabasco,"Huimanguillo, Tabasco",17.8333,-93.3833,7,4.93,29.13,22.39,7.169999999999964,34.07000000000006,129.30000000000004,0,0
2024-10-13,tabasco,"Huimanguillo, Tabasco",17.8333,-93.3833,7,4.09,29.52,22.12,10.709999999999965,30.970000000000056,115.37000000000002,0,0
2024-10-14,tabasco,"Huimanguillo, Tabasco",17.8333,-93.3833,7,2.32,29.16,22.45,11.339999999999964,21.950000000000056,102.56000000000003,0,0
2024-10-15,tabasco,"Huimanguillo, Tabasco",17.8333,-93.3833,7,0.19,30.07,23.12,6.599999999999964,16.680000000000057,58.85000000000003,0,0
2024-10-16,tabasco,"Huimanguillo, Tabasco",17.8333,-93.3833,7,23.13,29.47,23.43,25.639999999999965,36.900000000000055,69.76000000000003,1,1
2024-10-17,tabasco,"Huimanguillo, Tabasco",17.8333,-93.3833,7,8.13,29.1,22.99,31.44999999999996,44.48000000000006,73.90000000000003,2,0
2024-10-18,tabasco,"Huimanguillo, Tabasco",17.8333,-93.3833,7,27.06,29.44,22.79,58.319999999999965,69.85000000000005,99.72000000000003,3,1
2024-10-19,tabasco,"Huimanguillo, Tabasco",17.8333,-93.3833,7,63.97,29.07,25.07,99.15999999999997,128.89000000000004,162.96000000000004,4,1
2024-10-20,tabasco,"Huimanguillo, Tabasco",17.8333,-93.3833,7,49.97,28.9,24.57,140.99999999999994,174.77000000000004,205.74,5,1
2024-10-21,tabasco,"Huimanguillo, Tabasco",17.8333,-93.3833,7,21.68,29.07,25.11,135.61999999999995,194.13000000000005,216.08,6,1
2024-10-22,tabasco,"Huimanguillo, Tabasco",17.8333,-93.3833,7,7.21,29.01,23.55,78.85999999999996,201.15000000000006,217.83000000000004,7,0
2024-10-23,tabasco,"Huimanguillo, Tabasco",17.8333,-93.3833,7,3.25,28.61,21.47,32.139999999999965,181.27000000000004,218.17000000000002,0,0
2024-10-24,tabasco,"Huimanguillo, Tabasco",17.8333,-93.3833,7,0.74,28.64,21.21,11.199999999999964,173.88000000000005,218.36000000000004,0,0
2024-10-25,tabasco,"Huimanguillo, Tabasco",17.8333,-93.3833,7,3.66,28.96,21.99,7.649999999999965,150.48000000000005,220.33000000000004,0,0
2024-10-26,tabasco,"Huimanguillo, Tabasco",17.8333,-93.3833,7,22.55,28.77,22.72,26.949999999999967,109.06000000000006,237.95000000000002,1,1
2024-10-27,tabasco,"Huimanguillo, Tabasco",17.8333,-93.3833,7,24.23,27.59,23.04,50.43999999999997,83.32000000000005,258.09000000000003,2,1
2024-10-28,tabasco,"Huimanguillo, Tabasco",17.8333,-93.3833,7,23.55,28.6,22.33,70.32999999999996,85.19000000000005,279.32000000000005,3,1
2024-10-29,tabasco,"Huimanguillo, Tabasco",17.8333,-93.3833,7,4.67,29.04,22.71,52.44999999999997,82.65000000000006,283.8,0,0
2024-10-30,tabasco,"Huimanguillo, Tabasco",17.8333,-93.3833,7,1.48,29.91,23.61,29.699999999999964,80.88000000000007,262.15000000000003,0,0
2024-10-31,tabasco,"Huimanguillo, Tabasco",17.8333,-93.3833,7,2.3,30.05,23.38,8.449999999999964,82.44000000000005,256.32,0,0
2024-11-01,tabasco,"Huimanguillo, Tabasco",17.8333,-93.3833,7,2.4,29.71,23.77,6.179999999999964,81.18000000000006,231.66000000000003,0,0
2024-11-02,tabasco,"Huimanguillo, Tabasco",17.8333,-93.3833,7,0.97,29.61,22.54,5.6699999999999635,59.60000000000006,168.66000000000005,0,0
2024-11-03,tabasco,"Huimanguillo, Tabasco",17.8333,-93.3833,7,0.05,30.11,20.88,3.4199999999999644,35.42000000000006,118.74000000000002,0,0
2024-11-04,tabasco,"Huimanguillo, Tabasco",17.8333,-93.3833,7,0.05,31.32,22.78,1.0699999999999645,11.920000000000057,97.11000000000004,0,0
2024-11-05,tabasco,"Huimanguillo, Tabasco",17.8333,-93.3833,7,0.28,32.91,24.09,0.3799999999999645,7.530000000000056,90.18000000000004,0,0
2024-11-06,tabasco,"Huimanguillo, Tabasco",17.8333,-93.3833,7,0.4,31.45,25.17,0.7299999999999645,6.450000000000056,87.33000000000003,0,0
2024-11-07,tabasco,"Huimanguillo, Tabasco",17.8333,-93.3833,7,0.03,30.58,23.05,0.7099999999999644,4.1800000000000574,86.62000000000003,0,0
2024-11-08,tabasco,"Huimanguillo, Tabasco",17.8333,-93.3833,7,0.03,30.49,22.19,0.45999999999996444,1.810000000000057,82.99000000000002,0,0
2024-11-09,tabasco,"Huimanguillo, Tabasco",17.8333,-93.3833,7,0.03,30.23,23.31,0.09,0.8700000000000568,60.47000000000003,0,0
2024-11-10,tabasco,"Huimanguillo, Tabasco",17.8333,-93.3833,7,2.51,29.67,22.09,2.5699999999999643,3.3300000000000565,38.75000000000003,0,0
2024-11-11,tabasco,"Huimanguillo, Tabasco",17.8333,-93.3833,7,6.33,29.86,24.14,8.869999999999965,9.610000000000056,21.53000000000003,1,0
2024-11-12,tabasco,"Huimanguillo, Tabasco",17.8333,-93.3833,7,0.29,29.52,23.48,9.129999999999965,9.620000000000056,17.150000000000027,0,0
2024-11-13,tabasco,"Huimanguillo, Tabasco",17.8333,-93.3833,7,0.01,29.12,21.56,6.629999999999964,9.230000000000057,15.680000000000028,0,0
2024-11-14,tabasco,"Huimanguillo, Tabasco",17.8333,-93.3833,7,9.39,28.58,22.48,9.689999999999966,18.590000000000057,22.77000000000003,1,0
2024-11-15,tabasco,"Huimanguillo, Tabasco",17.8333,-93.3833,7,6.84,28.12,22.43,16.239999999999966,25.40000000000006,27.21000000000003,2,0
2024-11-16,tabasco,"Huimanguillo, Tabasco",17.8333,-93.3833,7,5.93,28.4,22.17,22.159999999999965,31.300000000000058,32.17000000000003,3,0
2024-11-17,tabasco,"Huimanguillo, Tabasco",17.8333,-93.3833,7,14.33,29.53,22.8,27.099999999999966,43.120000000000054,46.45000000000003,4,0
2024-11-18,tabasco,"Huimanguillo, Tabasco",17.8333,-93.3833,7,2.04,28.35,24.37,22.299999999999965,38.830000000000055,48.440000000000026,0,0
2024-11-19,tabasco,"Huimanguillo, Tabasco",17.8333,-93.3833,7,7.32,32.66,23.43,23.689999999999966,45.860000000000056,55.480000000000025,1,0
2024-11-20,tabasco,"Huimanguillo, Tabasco",17.8333,-93.3833,7,12.21,29.45,23.84,21.569999999999965,58.06000000000006,67.29000000000002,2,0
2024-11-21,tabasco,"Huimanguillo, Tabasco",17.8333,-93.3833,7,7.19,26.97,20.81,26.719999999999967,55.86000000000006,74.45000000000003,3,0
2024-11-22,tabasco,"Huimanguillo, Tabasco",17.8333,-93.3833,7,2.15,25.53,18.92,21.54999999999997,51.17000000000006,76.57000000000002,0,0
2024-11-23,tabasco,"Huimanguillo, Tabasco",17.8333,-93.3833,7,0.29,25.26,17.54,9.629999999999967,45.53000000000006,76.83000000000003,0,0
2024-11-24,tabasco,"Huimanguillo, Tabasco",17.8333,-93.3833,7,0.0,25.46,15.24,2.439999999999966,31.20000000000006,74.32000000000004,0,0
2024-11-25,tabasco,"Huimanguillo, Tabasco",17.8333,-93.3833,7,0.01,27.45,16.17,0.29999999999996624,29.17000000000006,68.00000000000003,0,0
2024-11-26,tabasco,"Huimanguillo, Tabasco",17.8333,-93.3833,7,0.02,26.9,19.36,0.029999999999966248,21.870000000000058,67.73000000000003,0,0
2024-11-27,tabasco,"Huimanguillo, Tabasco",17.8333,-93.3833,7,0.0,27.4,18.0,0.029999999999966248,9.660000000000057,67.72000000000003,0,0
2024-11-28,tabasco,"Huimanguillo, Tabasco",17.8333,-93.3833,7,0.09,29.65,18.22,0.10999999999996624,2.560000000000057,58.42000000000003,0,0
2024-11-29,tabasco,"Huimanguillo, Tabasco",17.8333,-93.3833,7,0.26,28.13,20.27,0.3499999999999662,0.6700000000000568,51.840000000000025,0,0
2024-11-30,tabasco,"Huimanguillo, Tabasco",17.8333,-93.3833,7,0.86,28.07,19.87,1.2099999999999662,1.2400000000000568,46.770000000000024,0,0
2024-12-01,tabasco,"Huimanguillo, Tabasco",17.8333,-93.3833,7,1.25,27.6,19.88,2.3699999999999664,2.490000000000057,33.690000000000026,0,0
2024-12-02,tabasco,"Huimanguillo, Tabasco",17.8333,-93.3833,7,0.73,27.41,20.19,2.839999999999966,3.210000000000057,32.38000000000003,0,0
2024-12-03,tabasco,"Huimanguillo, Tabasco",17.8333,-93.3833,7,0.21,26.08,19.89,2.189999999999966,3.400000000000057,25.270000000000028,0,0
2024-12-04,tabasco,"Huimanguillo, Tabasco",17.8333,-93.3833,7,0.0,25.38,18.37,0.9399999999999662,3.400000000000057,13.060000000000029,0,0
2024-12-05,tabasco,"Huimanguillo, Tabasco",17.8333,-93.3833,7,0.0,25.66,17.57,0.20999999999996624,3.310000000000057,5.8700000000000285,0,0
2024-12-06,tabasco,"Huimanguillo, Tabasco",17.8333,-93.3833,7,0.21,25.52,16.42,0.20999999999996624,3.260000000000057,3.9300000000000286,0,0
2024-12-07,tabasco,"Huimanguillo, Tabasco",17.8333,-93.3833,7,0.23,25.94,16.25,0.43999999999996625,2.630000000000057,3.8700000000000285,0,0
2024-12-08,tabasco,"Huimanguillo, Tabasco",17.8333,-93.3833,7,0.17,26.94,18.21,0.6099999999999662,1.5500000000000569,4.0400000000000285,0,0
2024-12-09,tabasco,"Huimanguillo, Tabasco",17.8333,-93.3833,7,0.0,27.77,19.27,0.39999999999996627,0.8200000000000569,4.030000000000029,0,0
2024-12-10,tabasco,"Huimanguillo, Tabasco",17.8333,-93.3833,7,0.03,29.72,20.33,0.19999999999996626,0.6400000000000569,4.0400000000000285,0,0
2024-12-11,tabasco,"Huimanguillo, Tabasco",17.8333,-93.3833,7,46.92,27.36,20.78,46.94999999999997,47.56000000000006,50.96000000000003,1,1
2024-12-12,tabasco,"Huimanguillo, Tabasco",17.8333,-93.3833,7,18.97,24.12,19.76,65.91999999999996,66.53000000000006,69.84000000000003,2,0
2024-12-13,tabasco,"Huimanguillo, Tabasco",17.8333,-93.3833,7,0.37,25.78,19.01,66.25999999999996,66.69000000000007,69.95000000000003,0,0
2024-12-14,tabasco,"Huimanguillo, Tabasco",17.8333,-93.3833,7,0.19,27.24,17.63,19.529999999999962,66.65000000000006,69.28000000000003,0,0
2024-12-15,tabasco,"Huimanguillo, Tabasco",17.8333,-93.3833,7,1.14,26.91,19.88,1.6999999999999644,67.62000000000006,69.17000000000003,0,0
2024-12-16,tabasco,"Huimanguillo, Tabasco",17.8333,-93.3833,7,1.12,26.27,19.87,2.4499999999999647,68.74000000000005,69.56000000000002,0,0
2024-12-17,tabasco,"Huimanguillo, Tabasco",17.8333,-93.3833,7,0.51,27.24,19.61,2.769999999999965,69.22000000000006,69.86000000000003,0,0
2024-12-18,tabasco,"Huimanguillo, Tabasco",17.8333,-93.3833,7,0.64,27.44,21.21,2.2699999999999645,22.940000000000055,70.50000000000003,0,0
2024-12-19,tabasco,"Huimanguillo, Tabasco",17.8333,-93.3833,7,3.69,26.26,21.35,4.839999999999964,7.660000000000057,74.19000000000003,0,0
2024-12-20,tabasco,"Huimanguillo, Tabasco",17.8333,-93.3833,7,2.46,26.58,20.27,6.7899999999999645,9.750000000000057,76.44000000000003,0,0
2024-12-21,tabasco,"Huimanguillo, Tabasco",17.8333,-93.3833,7,2.1,25.58,18.08,8.249999999999964,11.660000000000057,78.31000000000003,0,0
2024-12-22,tabasco,"Huimanguillo, Tabasco",17.8333,-93.3833,7,0.71,24.85,17.47,5.269999999999964,11.230000000000057,78.85000000000004,0,0
2024-12-23,tabasco,"Huimanguillo, Tabasco",17.8333,-93.3833,7,0.06,25.56,16.29,2.8699999999999646,10.170000000000057,78.91000000000003,0,0
2024-12-24,tabasco,"Huimanguillo, Tabasco",17.8333,-93.3833,7,0.61,25.9,18.35,1.3799999999999644,10.270000000000058,79.49000000000002,0,0
2024-12-25,tabasco,"Huimanguillo, Tabasco",17.8333,-93.3833,7,0.12,25.05,19.58,0.7899999999999644,9.750000000000057,32.690000000000026,0,0
2024-12-26,tabasco,"Huimanguillo, Tabasco",17.8333,-93.3833,7,0.44,29.08,19.26,1.1699999999999644,6.500000000000057,14.160000000000029,0,0
2024-12-27,tabasco,"Huimanguillo, Tabasco",17.8333,-93.3833,7,1.86,29.08,19.56,2.4199999999999644,5.900000000000057,15.650000000000029,0,0
2024-12-28,tabasco,"Huimanguillo, Tabasco",17.8333,-93.3833,7,0.08,29.25,20.15,2.3799999999999644,3.8800000000000567,15.540000000000028,0,0
2024-12-29,tabasco,"Huimanguillo, Tabasco",17.8333,-93.3833,7,3.71,28.87,20.72,5.649999999999965,6.880000000000057,18.110000000000028,0,0
2024-12-30,tabasco,"Huimanguillo, Tabasco",17.8333,-93.3833,7,3.29,28.33,21.99,7.0799999999999645,10.110000000000056,20.28000000000003,0,0
2024-12-31,tabasco,"Huimanguillo, Tabasco",17.8333,-93.3833,7,0.07,29.36,21.59,7.069999999999964,9.570000000000057,19.840000000000032,0,0
2025-01-01,tabasco,"Huimanguillo, Tabasco",17.8333,-93.3833,7,0.75,27.69,22.43,4.109999999999965,10.200000000000056,19.95000000000003,0,0
2025-01-02,tabasco,"Huimanguillo, Tabasco",17.8333,-93.3833,7,2.51,25.77,21.72,3.3299999999999645,12.270000000000056,18.770000000000028,0,0
2025-01-03,tabasco,"Huimanguillo, Tabasco",17.8333,-93.3833,7,2.06,25.66,20.26,5.319999999999965,12.470000000000056,18.370000000000026,0,0
2025-01-04,tabasco,"Huimanguillo, Tabasco",17.8333,-93.3833,7,0.47,25.74,19.02,5.0399999999999645,12.860000000000056,16.74000000000003,0,0
2025-01-05,tabasco,"Huimanguillo, Tabasco",17.8333,-93.3833,7,0.01,27.87,18.15,2.539999999999965,9.160000000000057,16.040000000000028,0,0
2025-01-06,tabasco,"Huimanguillo, Tabasco",17.8333,-93.3833,7,0.9,27.83,20.22,1.3799999999999648,6.770000000000057,16.880000000000027,0,0
2025-01-07,tabasco,"Huimanguillo, Tabasco",17.8333,-93.3833,7,5.73,26.98,21.29,6.639999999999965,12.430000000000057,22.00000000000003,1,0
2025-01-08,tabasco,"Huimanguillo, Tabasco",17.8333,-93.3833,7,1.67,25.98,20.42,8.299999999999965,13.350000000000058,23.55000000000003,0,0
2025-01-09,tabasco,"Huimanguillo, Tabasco",17.8333,-93.3833,7,0.09,26.78,19.56,7.489999999999965,10.930000000000058,23.20000000000003,0,0
2025-01-10,tabasco,"Huimanguillo, Tabasco",17.8333,-93.3833,7,1.24,31.85,19.29,2.9999999999999645,10.110000000000056,22.580000000000027,0,0
2025-01-11,tabasco,"Huimanguillo, Tabasco",17.8333,-93.3833,7,27.0,24.33,19.91,28.329999999999963,36.64000000000006,49.50000000000003,1,1
2025-01-12,tabasco,"Huimanguillo, Tabasco",17.8333,-93.3833,7,0.16,29.89,18.31,28.399999999999963,36.790000000000056,45.950000000000024,0,0
2025-01-13,tabasco,"Huimanguillo, Tabasco",17.8333,-93.3833,7,6.04,28.29,21.29,33.19999999999996,41.93000000000006,48.70000000000003,1,0
2025-01-14,tabasco,"Huimanguillo, Tabasco",17.8333,-93.3833,7,9.81,28.36,22.04,16.009999999999962,46.01000000000006,58.440000000000026,2,0
2025-01-15,tabasco,"Huimanguillo, Tabasco",17.8333,-93.3833,7,2.49,27.89,21.22,18.33999999999996,46.830000000000055,60.18000000000003,0,0
2025-01-16,tabasco,"Huimanguillo, Tabasco",17.8333,-93.3833,7,7.21,27.15,21.32,19.509999999999962,53.95000000000006,64.88000000000004,1,0
2025-01-17,tabasco,"Huimanguillo, Tabasco",17.8333,-93.3833,7,1.85,28.35,20.77,11.549999999999962,54.56000000000006,64.67000000000003,0,0
2025-01-18,tabasco,"Huimanguillo, Tabasco",17.8333,-93.3833,7,0.01,31.18,19.84,9.069999999999961,27.570000000000057,64.21000000000004,0,0
2025-01-19,tabasco,"Huimanguillo, Tabasco",17.8333,-93.3833,7,5.23,27.83,17.73,7.089999999999962,32.64000000000006,69.43000000000002,1,0
2025-01-20,tabasco,"Huimanguillo, Tabasco",17.8333,-93.3833,7,7.03,26.61,20.67,12.26999999999996,33.63000000000006,75.56000000000003,2,0
2025-01-21,tabasco,"Huimanguillo, Tabasco",17.8333,-93.3833,7,20.81,26.94,18.68,33.06999999999996,44.63000000000005,90.64000000000003,3,1
2025-01-22,tabasco,"Huimanguillo, Tabasco",17.8333,-93.3833,7,13.27,21.3,17.5,41.10999999999996,55.41000000000005,102.24000000000002,4,0
2025-01-23,tabasco,"Huimanguillo, Tabasco",17.8333,-93.3833,7,1.2,24.93,16.68,35.27999999999996,49.400000000000055,103.35000000000002,0,0
2025-01-24,tabasco,"Huimanguillo, Tabasco",17.8333,-93.3833,7,6.9,23.65,18.98,21.369999999999962,54.45000000000006,109.01000000000003,1,0
2025-01-25,tabasco,"Huimanguillo, Tabasco",17.8333,-93.3833,7,0.24,25.23,17.9,8.33999999999996,54.68000000000006,82.25000000000003,0,0
2025-01-26,tabasco,"Huimanguillo, Tabasco",17.8333,-93.3833,7,0.02,25.56,17.39,7.159999999999961,49.470000000000056,82.11000000000003,0,0
2025-01-27,tabasco,"Huimanguillo, Tabasco",17.8333,-93.3833,7,0.12,27.48,17.35,0.3799999999999609,42.56000000000006,76.19000000000003,0,0
2025-01-28,tabasco,"Huimanguillo, Tabasco",17.8333,-93.3833,7,0.21,28.38,20.09,0.3499999999999609,21.960000000000058,66.59000000000002,0,0
2025-01-29,tabasco,"Huimanguillo, Tabasco",17.8333,-93.3833,7,0.07,29.42,20.5,0.3999999999999609,8.760000000000057,64.17000000000003,0,0
2025-01-30,tabasco,"Huimanguillo, Tabasco",17.8333,-93.3833,7,0.0,31.35,20.86,0.2799999999999609,7.560000000000057,56.96000000000003,0,0
2025-01-31,tabasco,"Huimanguillo, Tabasco",17.8333,-93.3833,7,1.66,30.68,21.83,1.729999999999961,2.3200000000000567,56.770000000000024,0,0
2025-02-01,tabasco,"Huimanguillo, Tabasco",17.8333,-93.3833,7,18.08,25.89,22.74,19.73999999999996,20.160000000000053,74.84000000000003,1,0
2025-02-02,tabasco,"Huimanguillo, Tabasco",17.8333,-93.3833,7,3.98,28.45,21.96,23.71999999999996,24.120000000000054,73.59000000000002,0,0
2025-02-03,tabasco,"Huimanguillo, Tabasco",17.8333,-93.3833,7,1.65,28.06,20.81,23.709999999999958,25.650000000000052,68.21000000000002,0,0
2025-02-04,tabasco,"Huimanguillo, Tabasco",17.8333,-93.3833,7,0.33,28.42,21.05,5.959999999999961,25.770000000000053,47.730000000000025,0,0
2025-02-05,tabasco,"Huimanguillo, Tabasco",17.8333,-93.3833,7,0.5,28.91,21.1,2.479999999999961,26.200000000000053,34.96000000000002,0,0
2025-02-06,tabasco,"Huimanguillo, Tabasco",17.8333,-93.3833,7,0.03,29.77,21.14,0.8599999999999609,26.23000000000005,33.79000000000003,0,0
2025-02-07,tabasco,"Huimanguillo, Tabasco",17.8333,-93.3833,7,0.01,28.68,21.05,0.539999999999961,24.58000000000005,26.900000000000027,0,0
2025-02-08,tabasco,"Huimanguillo, Tabasco",17.8333,-93.3833,7,0.0,28.42,20.03,0.039999999999960976,6.500000000000053,26.66000000000003,0,0
2025-02-09,tabasco,"Huimanguillo, Tabasco",17.8333,-93.3833,7,0.01,30.17,20.59,0.019999999999960976,2.530000000000053,26.65000000000003,0,0
2025-02-10,tabasco,"Huimanguillo, Tabasco",17.8333,-93.3833,7,0.02,28.97,21.21,0.029999999999960975,0.9000000000000533,26.55000000000003,0,0
2025-02-11,tabasco,"Huimanguillo, Tabasco",17.8333,-93.3833,7,0.02,29.54,21.62,0.04999999999996098,0.5900000000000534,26.360000000000028,0,0
2025-02-12,tabasco,"Huimanguillo, Tabasco",17.8333,-93.3833,7,0.0,31.72,21.74,0.039999999999960976,0.09000000000005334,26.290000000000028,0,0
2025-02-13,tabasco,"Huimanguillo, Tabasco",17.8333,-93.3833,7,0.73,32.81,22.41,0.7499999999999609,0.7900000000000533,27.020000000000028,0,0
2025-02-14,tabasco,"Huimanguillo, Tabasco",17.8333,-93.3833,7,6.41,29.77,23.54,7.1399999999999615,7.190000000000054,31.770000000000028,1,0
2025-02-15,tabasco,"Huimanguillo, Tabasco",17.8333,-93.3833,7,0.95,30.39,22.62,8.08999999999996,8.140000000000054,14.640000000000029,0,0
2025-02-16,tabasco,"Huimanguillo, Tabasco",17.8333,-93.3833,7,2.15,31.37,22.71,9.50999999999996,10.280000000000054,12.810000000000027,0,0
2025-02-17,tabasco,"Huimanguillo, Tabasco",17.8333,-93.3833,7,7.75,28.66,22.54,10.84999999999996,18.010000000000055,18.91000000000003,1,0
2025-02-18,tabasco,"Huimanguillo, Tabasco",17.8333,-93.3833,7,1.15,30.73,22.73,11.049999999999962,19.140000000000054,19.73000000000003,0,0
2025-02-19,tabasco,"Huimanguillo, Tabasco",17.8333,-93.3833,7,18.81,30.47,23.46,27.709999999999958,37.95000000000005,38.04000000000003,1,0
2025-02-20,tabasco,"Huimanguillo, Tabasco",17.8333,-93.3833,7,36.72,26.22,22.79,56.67999999999996,73.94000000000005,74.73000000000002,2,1
2025-02-21,tabasco,"Huimanguillo, Tabasco",17.8333,-93.3833,7,7.46,28.31,21.89,62.98999999999996,74.99000000000005,82.18000000000004,3,0
2025-02-22,tabasco,"Huimanguillo, Tabasco",17.8333,-93.3833,7,3.93,28.41,21.18,48.109999999999964,77.97000000000004,86.11000000000003,0,0
2025-02-23,tabasco,"Huimanguillo, Tabasco",17.8333,-93.3833,7,1.65,28.95,21.07,13.039999999999964,77.47000000000006,87.75000000000003,0,0
2025-02-24,tabasco,"Huimanguillo, Tabasco",17.8333,-93.3833,7,2.87,27.76,18.8,8.449999999999964,72.59000000000006,90.60000000000004,0,0
2025-02-25,tabasco,"Huimanguillo, Tabasco",17.8333,-93.3833,7,0.05,26.42,16.61,4.569999999999965,71.49000000000005,90.63000000000002,0,0
2025-02-26,tabasco,"Huimanguillo, Tabasco",17.8333,-93.3833,7,0.02,29.21,14.37,2.9399999999999644,52.700000000000045,90.65000000000002,0,0
2025-02-27,tabasco,"Huimanguillo, Tabasco",17.8333,-93.3833,7,0.04,31.38,19.21,0.10999999999996447,16.02000000000005,89.96000000000004,0,0
2025-02-28,tabasco,"Huimanguillo, Tabasco",17.8333,-93.3833,7,0.0,28.98,19.93,0.05999999999996447,8.560000000000048,83.55000000000003,0,0
2025-03-01,tabasco,"Huimanguillo, Tabasco",17.8333,-93.3833,7,0.02,29.61,20.06,0.05999999999996447,4.650000000000049,82.62000000000003,0,0
2025-03-02,tabasco,"Huimanguillo, Tabasco",17.8333,-93.3833,7,0.08,29.49,21.25,0.09999999999996448,3.08000000000005,80.55000000000003,0,0
2025-03-03,tabasco,"Huimanguillo, Tabasco",17.8333,-93.3833,7,0.0,32.27,20.15,0.09999999999996448,0.21000000000004976,72.80000000000003,0,0
2025-03-04,tabasco,"Huimanguillo, Tabasco",17.8333,-93.3833,7,0.01,33.84,21.22,0.08999999999996447,0.17000000000004975,71.66000000000003,0,0
2025-03-05,tabasco,"Huimanguillo, Tabasco",17.8333,-93.3833,7,1.67,31.34,20.51,1.6799999999999644,1.8200000000000496,54.520000000000024,0,0
2025-03-06,tabasco,"Huimanguillo, Tabasco",17.8333,-93.3833,7,0.96,29.6,21.68,2.639999999999964,2.7400000000000495,18.76000000000003,0,0
2025-03-07,tabasco,"Huimanguillo, Tabasco",17.8333,-93.3833,7,0.0,32.91,20.48,2.6299999999999644,2.7400000000000495,11.300000000000027,0,0
2025-03-08,tabasco,"Huimanguillo, Tabasco",17.8333,-93.3833,7,0.0,34.29,22.41,0.9599999999999644,2.7200000000000495,7.370000000000028,0,0
2025-03-09,tabasco,"Huimanguillo, Tabasco",17.8333,-93.3833,7,2.51,31.7,22.21,2.5099999999999643,5.150000000000049,8.230000000000029,0,0
2025-03-10,tabasco,"Huimanguillo, Tabasco",17.8333,-93.3833,7,2.79,25.9,18.67,5.299999999999964,7.940000000000049,8.150000000000027,0,0
2025-03-11,tabasco,"Huimanguillo, Tabasco",17.8333,-93.3833,7,0.06,29.0,17.12,5.359999999999964,7.990000000000049,8.160000000000027,0,0
2025-03-12,tabasco,"Huimanguillo, Tabasco",17.8333,-93.3833,7,0.0,32.22,18.57,2.8499999999999646,6.320000000000049,8.140000000000027,0,0
2025-03-13,tabasco,"Huimanguillo, Tabasco",17.8333,-93.3833,7,0.0,34.04,21.12,0.05999999999996447,5.360000000000049,8.100000000000028,0,0
2025-03-14,tabasco,"Huimanguillo, Tabasco",17.8333,-93.3833,7,0.0,35.03,22.04,0.0,5.360000000000049,8.100000000000028,0,0
2025-03-15,tabasco,"Huimanguillo, Tabasco",17.8333,-93.3833,7,0.06,34.12,20.84,0.05999999999996447,5.42000000000005,8.140000000000027,0,0
2025-03-16,tabasco,"Huimanguillo, Tabasco",17.8333,-93.3833,7,2.67,32.12,20.58,2.7299999999999645,5.58000000000005,10.730000000000027,0,0
2025-03-17,tabasco,"Huimanguillo, Tabasco",17.8333,-93.3833,7,1.51,27.67,19.18,4.239999999999965,4.30000000000005,12.240000000000027,0,0
2025-03-18,tabasco,"Huimanguillo, Tabasco",17.8333,-93.3833,7,0.14,29.93,19.08,4.319999999999965,4.3800000000000505,12.370000000000028,0,0
2025-03-19,tabasco,"Huimanguillo, Tabasco",17.8333,-93.3833,7,0.02,33.5,19.52,1.6699999999999644,4.40000000000005,10.720000000000027,0,0
2025-03-20,tabasco,"Huimanguillo, Tabasco",17.8333,-93.3833,7,6.56,28.42,21.78,6.719999999999964,10.96000000000005,16.32000000000003,1,0
2025-03-21,tabasco,"Huimanguillo, Tabasco",17.8333,-93.3833,7,4.04,28.28,20.89,10.619999999999965,15.00000000000005,20.360000000000028,0,0
2025-03-22,tabasco,"Huimanguillo, Tabasco",17.8333,-93.3833,7,0.06,30.46,19.68,10.659999999999965,15.00000000000005,20.420000000000027,0,0
2025-03-23,tabasco,"Huimanguillo, Tabasco",17.8333,-93.3833,7,0.15,32.38,18.73,4.2499999999999645,12.48000000000005,18.060000000000027,0,0
2025-03-24,tabasco,"Huimanguillo, Tabasco",17.8333,-93.3833,7,0.01,33.29,22.13,0.21999999999996447,10.98000000000005,15.280000000000028,0,0
2025-03-25,tabasco,"Huimanguillo, Tabasco",17.8333,-93.3833,7,0.01,33.87,22.68,0.16999999999996446,10.85000000000005,15.230000000000029,0,0
2025-03-26,tabasco,"Huimanguillo, Tabasco",17.8333,-93.3833,7,0.02,34.58,22.34,0.039999999999964474,10.85000000000005,15.250000000000028,0,0
2025-03-27,tabasco,"Huimanguillo, Tabasco",17.8333,-93.3833,7,0.09,35.07,22.18,0.11999999999996447,4.38000000000005,15.340000000000028,0,0
2025-03-28,tabasco,"Huimanguillo, Tabasco",17.8333,-93.3833,7,0.03,35.71,23.62,0.1399999999999645,0.37000000000004973,15.370000000000028,0,0
2025-03-29,tabasco,"Huimanguillo, Tabasco",17.8333,-93.3833,7,0.0,36.0,23.94,0.11999999999996447,0.31000000000004974,15.310000000000027,0,0
2025-03-30,tabasco,"Huimanguillo, Tabasco",17.8333,-93.3833,7,0.0,37.66,23.99,0.029999999999964472,0.16000000000004974,12.640000000000027,0,0
2025-03-31,tabasco,"Huimanguillo, Tabasco",17.8333,-93.3833,7,0.0,38.39,24.13,0.0,0.15000000000004973,11.130000000000027,0,0
2025-04-01,tabasco,"Huimanguillo, Tabasco",17.8333,-93.3833,7,0.01,38.11,24.34,0.009999999999964473,0.15000000000004976,11.000000000000028,0,0
2025-04-02,tabasco,"Huimanguillo, Tabasco",17.8333,-93.3833,7,0.0,39.65,24.35,0.009999999999964473,0.13000000000004974,10.980000000000029,0,0
2025-04-03,tabasco,"Huimanguillo, Tabasco",17.8333,-93.3833,7,0.04,39.74,24.98,0.049999999999964476,0.08000000000004974,4.460000000000028,0,0
2025-04-04,tabasco,"Huimanguillo, Tabasco",17.8333,-93.3833,7,0.07,39.93,26.0,0.10999999999996449,0.12000000000004975,0.4900000000000284,0,0
2025-04-05,tabasco,"Huimanguillo, Tabasco",17.8333,-93.3833,7,0.05,39.97,25.66,0.1599999999999645,0.17000000000004975,0.4800000000000284,0,0
2025-04-06,tabasco,"Huimanguillo, Tabasco",17.8333,-93.3833,7,0.97,38.24,25.29,1.0899999999999646,1.1400000000000496,1.3000000000000282,0,0
2025-04-07,tabasco,"Huimanguillo, Tabasco",17.8333,-93.3833,7,26.19,27.44,21.53,27.209999999999965,27.33000000000005,27.48000000000003,1,1
2025-04-08,tabasco,"Huimanguillo, Tabasco",17.8333,-93.3833,7,4.04,26.72,19.41,31.199999999999964,31.36000000000005,31.510000000000026,0,0
2025-04-09,tabasco,"Huimanguillo, Tabasco",17.8333,-93.3833,7,0.09,29.13,18.49,30.319999999999965,31.45000000000005,31.580000000000027,0,0
2025-04-10,tabasco,"Huimanguillo, Tabasco",17.8333,-93.3833,7,0.0,31.04,16.83,4.129999999999964,31.41000000000005,31.490000000000027,0,0
2025-04-11,tabasco,"Huimanguillo, Tabasco",17.8333,-93.3833,7,0.02,31.06,17.93,0.10999999999996447,31.36000000000005,31.48000000000003,0,0
2025-04-12,tabasco,"Huimanguillo, Tabasco",17.8333,-93.3833,7,0.0,30.57,19.19,0.019999999999964473,31.31000000000005,31.48000000000003,0,0
2025-04-13,tabasco,"Huimanguillo, Tabasco",17.8333,-93.3833,7,0.0,32.54,18.78,0.019999999999964473,30.34000000000005,31.48000000000003,0,0
2025-04-14,tabasco,"Huimanguillo, Tabasco",17.8333,-93.3833,7,0.0,34.74,20.15,0.0,4.15000000000005,31.48000000000003,0,0
2025-04-15,tabasco,"Huimanguillo, Tabasco",17.8333,-93.3833,7,0.02,35.22,21.93,0.019999999999964473,0.13000000000004974,31.49000000000003,0,0
2025-04-16,tabasco,"Huimanguillo, Tabasco",17.8333,-93.3833,7,0.02,34.45,21.19,0.039999999999964474,0.060000000000049736,31.51000000000003,0,0
2025-04-17,tabasco,"Huimanguillo, Tabasco",17.8333,-93.3833,7,0.01,34.93,22.24,0.049999999999964476,0.07000000000004974,31.48000000000003,0,0
2025-04-18,tabasco,"Huimanguillo, Tabasco",17.8333,-93.3833,7,0.0,37.56,22.61,0.029999999999964472,0.050000000000049734,31.41000000000003,0,0
2025-04-19,tabasco,"Huimanguillo, Tabasco",17.8333,-93.3833,7,0.06,38.4,23.01,0.06999999999996447,0.11000000000004974,31.42000000000003,0,0
2025-04-20,tabasco,"Huimanguillo, Tabasco",17.8333,-93.3833,7,0.04,39.72,24.43,0.09999999999996446,0.15000000000004973,30.49000000000003,0,0
2025-04-21,tabasco,"Huimanguillo, Tabasco",17.8333,-93.3833,7,1.17,37.12,24.9,1.2699999999999645,1.3200000000000496,5.470000000000028,0,0
2025-04-22,tabasco,"Huimanguillo, Tabasco",17.8333,-93.3833,7,0.04,38.25,23.76,1.2499999999999645,1.3400000000000496,1.4700000000000284,0,0
2025-04-23,tabasco,"Huimanguillo, Tabasco",17.8333,-93.3833,7,0.0,38.71,22.91,1.2099999999999644,1.3200000000000496,1.3800000000000283,0,0
2025-04-24,tabasco,"Huimanguillo, Tabasco",17.8333,-93.3833,7,0.0,38.93,23.04,0.039999999999964474,1.3100000000000496,1.3800000000000283,0,0
2025-04-25,tabasco,"Huimanguillo, Tabasco",17.8333,-93.3833,7,0.0,39.41,23.69,0.0,1.3100000000000496,1.3600000000000283,0,0
2025-04-26,tabasco,"Huimanguillo, Tabasco",17.8333,-93.3833,7,0.02,38.18,22.74,0.019999999999964473,1.2700000000000495,1.3800000000000283,0,0
2025-04-27,tabasco,"Huimanguillo, Tabasco",17.8333,-93.3833,7,0.01,38.39,22.78,0.029999999999964472,1.2400000000000497,1.3900000000000283,0,0
2025-04-28,tabasco,"Huimanguillo, Tabasco",17.8333,-93.3833,7,0.0,38.46,23.89,0.029999999999964472,0.07000000000004974,1.3900000000000283,0,0
2025-04-29,tabasco,"Huimanguillo, Tabasco",17.8333,-93.3833,7,0.0,39.24,23.66,0.009999999999964473,0.030000000000049737,1.3700000000000285,0,0
2025-04-30,tabasco,"Huimanguillo, Tabasco",17.8333,-93.3833,7,0.0,39.94,23.8,0.0,0.030000000000049737,1.3500000000000285,0,0
2025-05-01,tabasco,"Huimanguillo, Tabasco",17.8333,-93.3833,7,0.0,39.73,24.88,0.0,0.030000000000049737,1.3400000000000285,0,0
2025-05-02,tabasco,"Huimanguillo, Tabasco",17.8333,-93.3833,7,0.02,40.04,25.26,0.019999999999964473,0.05000000000004974,1.3600000000000285,0,0
2025-05-03,tabasco,"Huimanguillo, Tabasco",17.8333,-93.3833,7,0.13,41.98,26.28,0.14999999999996447,0.16000000000004974,1.4300000000000284,0,0
2025-05-04,tabasco,"Huimanguillo, Tabasco",17.8333,-93.3833,7,0.68,38.96,25.69,0.8299999999999645,0.8300000000000498,2.0700000000000283,0,0
2025-05-05,tabasco,"Huimanguillo, Tabasco",17.8333,-93.3833,7,0.24,41.12,27.31,1.0499999999999645,1.0700000000000498,1.1400000000000285,0,0
2025-05-06,tabasco,"Huimanguillo, Tabasco",17.8333,-93.3833,7,0.01,43.47,27.57,0.9299999999999645,1.0800000000000498,1.1100000000000283,0,0
2025-05-07,tabasco,"Huimanguillo, Tabasco",17.8333,-93.3833,7,0.02,43.87,27.91,0.2699999999999645,1.1000000000000498,1.1300000000000283,0,0
2025-05-08,tabasco,"Huimanguillo, Tabasco",17.8333,-93.3833,7,0.13,41.75,27.33,0.15999999999996448,1.2300000000000497,1.2600000000000284,0,0
2025-05-09,tabasco,"Huimanguillo, Tabasco",17.8333,-93.3833,7,8.04,38.81,26.74,8.189999999999964,9.25000000000005,9.300000000000027,1,0
2025-05-10,tabasco,"Huimanguillo, Tabasco",17.8333,-93.3833,7,24.46,31.13,24.83,32.62999999999997,33.58000000000005,33.74000000000003,2,1
2025-05-11,tabasco,"Huimanguillo, Tabasco",17.8333,-93.3833,7,0.98,33.08,22.8,33.47999999999996,33.880000000000045,34.71000000000003,0,0
2025-05-12,tabasco,"Huimanguillo, Tabasco",17.8333,-93.3833,7,0.01,35.58,21.33,25.449999999999964,33.65000000000005,34.720000000000034,0,0
2025-05-13,tabasco,"Huimanguillo, Tabasco",17.8333,-93.3833,7,0.11,37.71,21.79,1.0999999999999646,33.75000000000005,34.830000000000034,0,0
2025-05-14,tabasco,"Huimanguillo, Tabasco",17.8333,-93.3833,7,0.02,40.29,25.22,0.13999999999996446,33.75000000000005,34.85000000000003,0,0
2025-05-15,tabasco,"Huimanguillo, Tabasco",17.8333,-93.3833,7,0.37,40.73,25.87,0.4999999999999645,33.99000000000005,35.220000000000034,0,0
2025-05-16,tabasco,"Huimanguillo, Tabasco",17.8333,-93.3833,7,0.14,41.96,26.58,0.5299999999999645,26.09000000000005,35.34000000000003,0,0
2025-05-17,tabasco,"Huimanguillo, Tabasco",17.8333,-93.3833,7,0.04,41.7,26.39,0.5499999999999645,1.6700000000000497,35.25000000000003,0,0
2025-05-18,tabasco,"Huimanguillo, Tabasco",17.8333,-93.3833,7,0.01,42.45,26.65,0.18999999999996448,0.7000000000000498,34.58000000000003,0,0
2025-05-19,tabasco,"Huimanguillo, Tabasco",17.8333,-93.3833,7,0.19,43.12,27.27,0.23999999999996446,0.8800000000000497,34.53000000000003,0,0
2025-05-20,tabasco,"Huimanguillo, Tabasco",17.8333,-93.3833,7,0.12,43.87,27.5,0.3199999999999644,0.8900000000000498,34.64000000000003,0,0
2025-05-21,tabasco,"Huimanguillo, Tabasco",17.8333,-93.3833,7,2.67,38.93,27.94,2.9799999999999645,3.5400000000000498,37.290000000000035,0,0
2025-05-22,tabasco,"Huimanguillo, Tabasco",17.8333,-93.3833,7,0.32,38.38,27.44,3.1099999999999643,3.4900000000000495,37.480000000000025,0,0
2025-05-23,tabasco,"Huimanguillo, Tabasco",17.8333,-93.3833,7,0.17,39.96,26.66,3.1599999999999646,3.5200000000000498,29.610000000000028,0,0
2025-05-24,tabasco,"Huimanguillo, Tabasco",17.8333,-93.3833,7,3.26,38.3,27.78,3.7499999999999645,6.74000000000005,8.410000000000029,0,0
2025-05-25,tabasco,"Huimanguillo, Tabasco",17.8333,-93.3833,7,1.44,42.0,26.78,4.869999999999965,8.17000000000005,8.870000000000028,0,0
2025-05-26,tabasco,"Huimanguillo, Tabasco",17.8333,-93.3833,7,0.3,39.97,28.18,4.9999999999999645,8.280000000000049,9.160000000000029,0,0
2025-05-27,tabasco,"Huimanguillo, Tabasco",17.8333,-93.3833,7,4.37,40.46,27.08,6.109999999999964,12.53000000000005,13.42000000000003,0,0
2025-05-28,tabasco,"Huimanguillo, Tabasco",17.8333,-93.3833,7,1.76,37.48,25.96,6.429999999999965,11.620000000000049,15.16000000000003,0,0
2025-05-29,tabasco,"Huimanguillo, Tabasco",17.8333,-93.3833,7,1.68,39.64,27.61,7.809999999999965,12.98000000000005,16.470000000000027,0,0
2025-05-30,tabasco,"Huimanguillo, Tabasco",17.8333,-93.3833,7,4.32,36.59,27.02,7.759999999999965,17.130000000000052,20.650000000000027,0,0
2025-05-31,tabasco,"Huimanguillo, Tabasco",17.8333,-93.3833,7,0.67,37.67,27.36,6.669999999999965,14.540000000000049,21.28000000000003,0,0
2025-06-01,tabasco,"Huimanguillo, Tabasco",17.8333,-93.3833,7,0.85,38.6,26.02,5.839999999999964,13.950000000000049,22.12000000000003,0,0
2025-06-02,tabasco,"Huimanguillo, Tabasco",17.8333,-93.3833,7,3.1,39.59,26.88,4.619999999999965,16.75000000000005,25.03000000000003,0,0
2025-06-03,tabasco,"Huimanguillo, Tabasco",17.8333,-93.3833,7,3.76,38.34,26.91,7.709999999999964,16.14000000000005,28.67000000000003,0,0
2025-06-04,tabasco,"Huimanguillo, Tabasco",17.8333,-93.3833,7,16.42,33.83,26.98,23.279999999999966,30.800000000000054,42.42000000000003,1,0
2025-06-05,tabasco,"Huimanguillo, Tabasco",17.8333,-93.3833,7,13.99,36.17,25.66,34.169999999999966,43.110000000000056,56.09000000000003,2,0
2025-06-06,tabasco,"Huimanguillo, Tabasco",17.8333,-93.3833,7,2.97,37.09,25.52,33.37999999999997,41.760000000000055,58.890000000000036,0,0
2025-06-07,tabasco,"Huimanguillo, Tabasco",17.8333,-93.3833,7,2.53,38.73,25.42,19.489999999999966,43.620000000000054,58.16000000000003,0,0
2025-06-08,tabasco,"Huimanguillo, Tabasco",17.8333,-93.3833,7,2.75,39.17,25.54,8.249999999999964,45.52000000000005,59.470000000000034,0,0
2025-06-09,tabasco,"Huimanguillo, Tabasco",17.8333,-93.3833,7,0.21,39.55,26.63,5.489999999999964,42.63000000000006,59.38000000000004,0,0
2025-06-10,tabasco,"Huimanguillo, Tabasco",17.8333,-93.3833,7,0.33,40.11,26.35,3.2899999999999645,39.20000000000005,55.34000000000003,0,0
2025-06-11,tabasco,"Huimanguillo, Tabasco",17.8333,-93.3833,7,11.51,36.34,27.06,12.049999999999965,34.29000000000005,65.09000000000003,1,0
2025-06-12,tabasco,"Huimanguillo, Tabasco",17.8333,-93.3833,7,9.36,34.39,25.45,21.19999999999996,29.66000000000005,72.77000000000004,2,0
2025-06-13,tabasco,"Huimanguillo, Tabasco",17.8333,-93.3833,7,2.19,31.72,26.69,23.059999999999963,28.880000000000052,70.64000000000003,0,0
2025-06-14,tabasco,"Huimanguillo, Tabasco",17.8333,-93.3833,7,2.43,33.63,24.73,13.979999999999961,28.78000000000005,72.40000000000002,0,0
2025-06-15,tabasco,"Huimanguillo, Tabasco",17.8333,-93.3833,7,0.61,35.61,25.88,5.229999999999963,26.64000000000005,72.16000000000003,0,0
2025-06-16,tabasco,"Huimanguillo, Tabasco",17.8333,-93.3833,7,1.25,33.5,26.27,4.289999999999963,27.680000000000053,70.31000000000003,0,0
2025-06-17,tabasco,"Huimanguillo, Tabasco",17.8333,-93.3833,7,6.81,32.21,25.44,8.669999999999963,34.16000000000005,73.36000000000003,1,0
2025-06-18,tabasco,"Huimanguillo, Tabasco",17.8333,-93.3833,7,8.69,31.07,24.95,16.74999999999996,31.340000000000053,65.63000000000002,2,0
2025-06-19,tabasco,"Huimanguillo, Tabasco",17.8333,-93.3833,7,4.64,32.1,25.02,20.13999999999996,26.62000000000005,56.28000000000002,0,0
2025-06-20,tabasco,"Huimanguillo, Tabasco",17.8333,-93.3833,7,8.48,32.84,24.97,21.80999999999996,32.91000000000005,61.79000000000002,1,0
2025-06-21,tabasco,"Huimanguillo, Tabasco",17.8333,-93.3833,7,1.26,34.14,23.78,14.379999999999962,31.74000000000005,60.520000000000024,0,0
2025-06-22,tabasco,"Huimanguillo, Tabasco",17.8333,-93.3833,7,6.23,30.81,24.63,15.969999999999963,37.36000000000005,64.00000000000003,1,0
2025-06-23,tabasco,"Huimanguillo, Tabasco",17.8333,-93.3833,7,0.96,34.67,23.64,8.449999999999964,37.07000000000005,64.75000000000003,0,0
2025-06-24,tabasco,"Huimanguillo, Tabasco",17.8333,-93.3833,7,11.64,34.11,24.18,18.829999999999963,41.90000000000005,76.06000000000003,1,0
2025-06-25,tabasco,"Huimanguillo, Tabasco",17.8333,-93.3833,7,19.4,31.56,24.54,31.99999999999996,52.610000000000056,83.95000000000003,2,0
2025-06-26,tabasco,"Huimanguillo, Tabasco",17.8333,-93.3833,7,19.21,30.46,24.47,50.24999999999996,67.18000000000005,93.80000000000004,3,0
2025-06-27,tabasco,"Huimanguillo, Tabasco",17.8333,-93.3833,7,11.74,31.83,24.31,50.34999999999996,70.44000000000005,103.35000000000002,4,0
2025-06-28,tabasco,"Huimanguillo, Tabasco",17.8333,-93.3833,7,21.35,30.37,24.71,52.29999999999996,90.53000000000006,122.27000000000004,5,1
2025-06-29,tabasco,"Huimanguillo, Tabasco",17.8333,-93.3833,7,7.17,30.35,24.33,40.25999999999996,91.47000000000006,128.83000000000004,6,0
2025-06-30,tabasco,"Huimanguillo, Tabasco",17.8333,-93.3833,7,3.31,31.58,24.58,31.82999999999996,93.82000000000005,130.89000000000004,0,0
2025-07-01,tabasco,"Huimanguillo, Tabasco",17.8333,-93.3833,7,0.79,35.0,24.76,11.269999999999957,82.97000000000006,124.87000000000003,0,0
2025-07-02,tabasco,"Huimanguillo, Tabasco",17.8333,-93.3833,7,0.37,33.36,24.89,4.469999999999957,63.940000000000055,116.55000000000003,0,0
2025-07-03,tabasco,"Huimanguillo, Tabasco",17.8333,-93.3833,7,0.0,35.91,23.39,1.1599999999999575,44.730000000000054,111.91000000000003,0,0
2025-07-04,tabasco,"Huimanguillo, Tabasco",17.8333,-93.3833,7,0.0,35.89,24.95,0.36999999999995736,32.99000000000005,103.43000000000002,0,0
2025-07-05,tabasco,"Huimanguillo, Tabasco",17.8333,-93.3833,7,0.03,36.32,24.1,0.029999999999957366,11.67000000000005,102.20000000000003,0,0
2025-07-06,tabasco,"Huimanguillo, Tabasco",17.8333,-93.3833,7,0.31,35.27,24.0,0.33999999999995734,4.81000000000005,96.28000000000003,0,0
2025-07-07,tabasco,"Huimanguillo, Tabasco",17.8333,-93.3833,7,7.13,33.18,25.48,7.469999999999957,8.630000000000049,102.45000000000002,1,0
2025-07-08,tabasco,"Huimanguillo, Tabasco",17.8333,-93.3833,7,3.01,32.72,24.36,10.449999999999957,10.850000000000048,93.82000000000004,0,0
2025-07-09,tabasco,"Huimanguillo, Tabasco",17.8333,-93.3833,7,3.31,33.42,24.17,13.449999999999957,13.790000000000049,77.73000000000003,0,0
2025-07-10,tabasco,"Huimanguillo, Tabasco",17.8333,-93.3833,7,3.61,33.44,24.44,9.929999999999957,17.40000000000005,62.13000000000003,0,0
2025-07-11,tabasco,"Huimanguillo, Tabasco",17.8333,-93.3833,7,3.86,33.44,24.32,10.779999999999957,21.260000000000048,54.25000000000003,0,0
2025-07-12,tabasco,"Huimanguillo, Tabasco",17.8333,-93.3833,7,0.3,35.79,24.49,7.769999999999957,21.530000000000047,33.200000000000024,0,0
2025-07-13,tabasco,"Huimanguillo, Tabasco",17.8333,-93.3833,7,1.66,35.08,25.17,5.819999999999958,22.88000000000005,27.690000000000026,0,0
2025-07-14,tabasco,"Huimanguillo, Tabasco",17.8333,-93.3833,7,1.17,33.79,24.91,3.1299999999999573,16.920000000000048,25.550000000000026,0,0
2025-07-15,tabasco,"Huimanguillo, Tabasco",17.8333,-93.3833,7,0.01,36.82,24.33,2.8399999999999572,13.920000000000048,24.770000000000028,0,0
2025-07-16,tabasco,"Huimanguillo, Tabasco",17.8333,-93.3833,7,0.01,36.53,24.29,1.1899999999999573,10.620000000000047,24.410000000000025,0,0
2025-07-17,tabasco,"Huimanguillo, Tabasco",17.8333,-93.3833,7,0.02,35.64,24.63,0.03999999999995737,7.030000000000048,24.430000000000028,0,0
2025-07-18,tabasco,"Huimanguillo, Tabasco",17.8333,-93.3833,7,0.76,35.38,25.64,0.7899999999999574,3.9300000000000486,25.190000000000026,0,0
2025-07-19,tabasco,"Huimanguillo, Tabasco",17.8333,-93.3833,7,2.11,34.85,24.85,2.889999999999957,5.740000000000049,27.270000000000024,0,0
2025-07-20,tabasco,"Huimanguillo, Tabasco",17.8333,-93.3833,7,1.99,35.27,25.53,4.859999999999958,6.070000000000049,28.950000000000028,0,0
2025-07-21,tabasco,"Huimanguillo, Tabasco",17.8333,-93.3833,7,0.91,36.2,25.45,5.009999999999958,5.810000000000049,22.73000000000003,0,0
2025-07-22,tabasco,"Huimanguillo, Tabasco",17.8333,-93.3833,7,2.36,35.54,25.07,5.259999999999957,8.16000000000005,22.080000000000027,0,0
2025-07-23,tabasco,"Huimanguillo, Tabasco",17.8333,-93.3833,7,1.19,37.76,25.28,4.459999999999956,9.34000000000005,19.960000000000026,0,0
2025-07-24,tabasco,"Huimanguillo, Tabasco",17.8333,-93.3833,7,0.29,36.2,25.64,3.8399999999999572,9.61000000000005,16.64000000000003,0,0
2025-07-25,tabasco,"Huimanguillo, Tabasco",17.8333,-93.3833,7,1.31,37.27,25.29,2.7899999999999574,10.160000000000048,14.090000000000028,0,0
2025-07-26,tabasco,"Huimanguillo, Tabasco",17.8333,-93.3833,7,3.4,35.74,24.78,4.999999999999957,11.450000000000049,17.190000000000026,0,0
2025-07-27,tabasco,"Huimanguillo, Tabasco",17.8333,-93.3833,7,4.01,36.09,24.39,8.719999999999956,13.470000000000049,19.540000000000028,0,0
2025-07-28,tabasco,"Huimanguillo, Tabasco",17.8333,-93.3833,7,3.23,33.56,24.4,10.639999999999956,15.790000000000049,21.60000000000003,0,0
2025-07-29,tabasco,"Huimanguillo, Tabasco",17.8333,-93.3833,7,10.57,34.29,25.29,17.809999999999956,24.00000000000005,32.160000000000025,1,0
2025-07-30,tabasco,"Huimanguillo, Tabasco",17.8333,-93.3833,7,11.96,33.32,24.44,25.759999999999955,34.77000000000005,44.11000000000003,2,0
2025-07-31,tabasco,"Huimanguillo, Tabasco",17.8333,-93.3833,7,12.62,34.55,24.56,35.149999999999956,47.10000000000005,56.71000000000003,3,0
2025-08-01,tabasco,"Huimanguillo, Tabasco",17.8333,-93.3833,7,3.33,35.42,25.34,27.909999999999954,49.12000000000005,59.28000000000003,0,0
2025-08-02,tabasco,"Huimanguillo, Tabasco",17.8333,-93.3833,7,5.5,34.49,26.02,21.449999999999953,51.22000000000005,62.67000000000003,1,0
2025-08-03,tabasco,"Huimanguillo, Tabasco",17.8333,-93.3833,7,9.21,32.51,24.91,18.039999999999957,56.42000000000005,69.89000000000003,2,0
2025-08-04,tabasco,"Huimanguillo, Tabasco",17.8333,-93.3833,7,2.87,34.99,24.68,17.579999999999956,56.06000000000005,71.85000000000004,0,0
2025-08-05,tabasco,"Huimanguillo, Tabasco",17.8333,-93.3833,7,3.53,34.6,25.28,15.609999999999957,49.02000000000005,73.02000000000004,0,0
2025-08-06,tabasco,"Huimanguillo, Tabasco",17.8333,-93.3833,7,14.27,35.11,24.77,20.669999999999956,51.33000000000005,86.10000000000004,1,0
2025-08-07,tabasco,"Huimanguillo, Tabasco",17.8333,-93.3833,7,1.39,35.3,25.04,19.189999999999955,40.10000000000005,87.20000000000003,0,0
2025-08-08,tabasco,"Huimanguillo, Tabasco",17.8333,-93.3833,7,6.56,31.76,24.63,22.219999999999956,43.33000000000005,92.45000000000003,1,0
2025-08-09,tabasco,"Huimanguillo, Tabasco",17.8333,-93.3833,7,3.76,31.91,24.3,11.709999999999955,41.590000000000046,92.81000000000003,0,0
2025-08-10,tabasco,"Huimanguillo, Tabasco",17.8333,-93.3833,7,5.13,32.94,24.63,15.449999999999953,37.51000000000005,93.93000000000004,1,0
2025-08-11,tabasco,"Huimanguillo, Tabasco",17.8333,-93.3833,7,5.14,35.08,24.84,14.029999999999955,39.78000000000005,95.84000000000003,2,0
2025-08-12,tabasco,"Huimanguillo, Tabasco",17.8333,-93.3833,7,3.82,35.49,24.55,14.089999999999955,40.07000000000005,89.09000000000003,0,0
2025-08-13,tabasco,"Huimanguillo, Tabasco",17.8333,-93.3833,7,1.26,36.14,24.7,10.219999999999954,27.060000000000045,78.39000000000003,0,0
2025-08-14,tabasco,"Huimanguillo, Tabasco",17.8333,-93.3833,7,2.58,35.12,25.04,7.659999999999956,28.25000000000005,68.35000000000004,0,0
2025-08-15,tabasco,"Huimanguillo, Tabasco",17.8333,-93.3833,7,1.89,37.12,25.81,5.729999999999956,23.580000000000048,66.91000000000004,0,0
2025-08-16,tabasco,"Huimanguillo, Tabasco",17.8333,-93.3833,7,2.96,36.72,25.22,7.429999999999956,22.78000000000005,64.37000000000003,0,0
2025-08-17,tabasco,"Huimanguillo, Tabasco",17.8333,-93.3833,7,12.4,32.64,25.31,17.249999999999957,30.05000000000005,67.56000000000003,1,0
2025-08-18,tabasco,"Huimanguillo, Tabasco",17.8333,-93.3833,7,10.65,30.49,25.07,26.009999999999955,35.56000000000005,75.34000000000002,2,0
2025-08-19,tabasco,"Huimanguillo, Tabasco",17.8333,-93.3833,7,3.7,32.66,24.24,26.749999999999954,35.44000000000005,75.51000000000002,0,0
2025-08-20,tabasco,"Huimanguillo, Tabasco",17.8333,-93.3833,7,5.59,33.68,24.72,19.939999999999955,39.77000000000005,66.83000000000003,1,0
2025-08-21,tabasco,"Huimanguillo, Tabasco",17.8333,-93.3833,7,9.65,33.23,25.42,18.939999999999955,46.84000000000005,75.09000000000003,2,0
2025-08-22,tabasco,"Huimanguillo, Tabasco",17.8333,-93.3833,7,6.18,31.08,25.44,21.41999999999996,51.13000000000005,74.71000000000002,3,0
2025-08-23,tabasco,"Huimanguillo, Tabasco",17.8333,-93.3833,7,4.5,32.06,25.2,20.329999999999956,52.67000000000005,75.45000000000003,0,0
2025-08-24,tabasco,"Huimanguillo, Tabasco",17.8333,-93.3833,7,1.83,35.59,25.37,12.509999999999955,42.10000000000005,72.15000000000002,0,0
2025-08-25,tabasco,"Huimanguillo, Tabasco",17.8333,-93.3833,7,4.39,35.75,25.8,10.719999999999956,35.840000000000046,71.40000000000002,0,0
2025-08-26,tabasco,"Huimanguillo, Tabasco",17.8333,-93.3833,7,2.1,33.54,24.98,8.319999999999956,34.24000000000005,69.68000000000002,0,0
2025-08-27,tabasco,"Huimanguillo, Tabasco",17.8333,-93.3833,7,3.12,33.73,25.14,9.609999999999955,31.77000000000005,71.54000000000002,0,0
2025-08-28,tabasco,"Huimanguillo, Tabasco",17.8333,-93.3833,7,3.65,33.68,25.46,8.869999999999955,25.77000000000005,72.61000000000003,0,0
2025-08-29,tabasco,"Huimanguillo, Tabasco",17.8333,-93.3833,7,9.03,32.45,25.22,15.799999999999956,28.620000000000047,79.75000000000003,1,0
2025-08-30,tabasco,"Huimanguillo, Tabasco",17.8333,-93.3833,7,12.98,32.29,24.96,25.659999999999954,37.10000000000005,89.77000000000002,2,0
2025-08-31,tabasco,"Huimanguillo, Tabasco",17.8333,-93.3833,7,20.14,32.08,25.44,42.149999999999956,55.41000000000005,97.51000000000002,3,1
2025-09-01,tabasco,"Huimanguillo, Tabasco",17.8333,-93.3833,7,11.55,31.19,25.1,44.66999999999996,62.57000000000005,98.41000000000004,4,0
2025-09-02,tabasco,"Huimanguillo, Tabasco",17.8333,-93.3833,7,0.68,33.58,25.17,32.369999999999955,61.150000000000055,95.39000000000003,0,0
2025-09-03,tabasco,"Huimanguillo, Tabasco",17.8333,-93.3833,7,3.5,33.18,25.13,15.729999999999954,61.53000000000006,93.30000000000003,0,0
2025-09-04,tabasco,"Huimanguillo, Tabasco",17.8333,-93.3833,7,2.65,31.67,25.04,6.829999999999954,60.53000000000005,86.30000000000004,0,0
2025-09-05,tabasco,"Huimanguillo, Tabasco",17.8333,-93.3833,7,0.35,35.53,23.89,6.499999999999954,51.85000000000006,80.47000000000003,0,0
2025-09-06,tabasco,"Huimanguillo, Tabasco",17.8333,-93.3833,7,0.18,36.13,25.45,3.1799999999999535,39.050000000000054,76.15000000000003,0,0
2025-09-07,tabasco,"Huimanguillo, Tabasco",17.8333,-93.3833,7,16.62,34.98,25.14,17.149999999999956,35.53000000000005,90.94000000000003,1,0
2025-09-08,tabasco,"Huimanguillo, Tabasco",17.8333,-93.3833,7,11.35,32.88,25.46,28.149999999999956,35.33000000000005,97.90000000000003,2,0
2025-09-09,tabasco,"Huimanguillo, Tabasco",17.8333,-93.3833,7,21.52,32.22,24.68,49.48999999999995,56.17000000000005,117.32000000000004,3,1
2025-09-10,tabasco,"Huimanguillo, Tabasco",17.8333,-93.3833,7,18.48,31.94,25.31,51.34999999999995,71.15000000000005,132.68000000000004,4,0
2025-09-11,tabasco,"Huimanguillo, Tabasco",17.8333,-93.3833,7,12.14,29.17,25.26,52.13999999999996,80.64000000000004,141.17000000000002,5,0
2025-09-12,tabasco,"Huimanguillo, Tabasco",17.8333,-93.3833,7,8.76,29.98,24.06,39.37999999999995,89.05000000000005,140.90000000000003,6,0
2025-09-13,tabasco,"Huimanguillo, Tabasco",17.8333,-93.3833,7,3.96,30.48,23.7,24.85999999999995,92.83000000000004,131.88000000000002,0,0
2025-09-14,tabasco,"Huimanguillo, Tabasco",17.8333,-93.3833,7,5.71,31.95,23.63,18.42999999999995,81.92000000000006,117.45000000000002,1,0
2025-09-15,tabasco,"Huimanguillo, Tabasco",17.8333,-93.3833,7,5.53,32.42,23.31,15.19999999999995,76.10000000000005,111.43000000000002,2,0
2025-09-16,tabasco,"Huimanguillo, Tabasco",17.8333,-93.3833,7,13.33,31.43,23.76,24.56999999999995,67.91000000000005,124.08000000000003,3,0
2025-09-17,tabasco,"Huimanguillo, Tabasco",17.8333,-93.3833,7,7.28,30.55,23.58,26.13999999999995,56.71000000000004,127.86000000000003,4,0
2025-09-18,tabasco,"Huimanguillo, Tabasco",17.8333,-93.3833,7,6.66,31.5,23.9,27.269999999999953,51.230000000000054,131.87000000000003,5,0
2025-09-19,tabasco,"Huimanguillo, Tabasco",17.8333,-93.3833,7,16.92,29.26,24.2,30.859999999999953,59.39000000000005,148.44000000000003,6,0
2025-09-20,tabasco,"Huimanguillo, Tabasco",17.8333,-93.3833,7,20.95,30.62,23.65,44.52999999999995,76.38000000000005,169.21000000000004,7,1
2025-09-21,tabasco,"Huimanguillo, Tabasco",17.8333,-93.3833,7,24.52,31.09,24.0,62.38999999999996,95.19000000000005,177.11,8,1
2025-09-22,tabasco,"Huimanguillo, Tabasco",17.8333,-93.3833,7,16.38,32.21,24.18,61.84999999999995,106.04000000000005,182.14000000000001,9,0
2025-09-23,tabasco,"Huimanguillo, Tabasco",17.8333,-93.3833,7,7.49,31.64,23.35,48.38999999999995,100.20000000000006,168.11,10,0
2025-09-24,tabasco,"Huimanguillo, Tabasco",17.8333,-93.3833,7,3.72,30.99,24.36,27.58999999999995,96.64000000000006,153.35000000000002,0,0
2025-09-25,tabasco,"Huimanguillo, Tabasco",17.8333,-93.3833,7,0.4,31.23,24.81,11.609999999999951,90.38000000000005,141.61000000000004,0,0
2025-09-26,tabasco,"Huimanguillo, Tabasco",17.8333,-93.3833,7,4.85,31.42,24.87,8.96999999999995,78.31000000000004,137.70000000000002,0,0
2025-09-27,tabasco,"Huimanguillo, Tabasco",17.8333,-93.3833,7,4.14,30.22,25.13,9.389999999999949,61.50000000000005,137.88000000000005,0,0
2025-09-28,tabasco,"Huimanguillo, Tabasco",17.8333,-93.3833,7,4.87,30.76,24.67,13.85999999999995,41.85000000000005,137.04000000000002,0,0
2025-09-29,tabasco,"Huimanguillo, Tabasco",17.8333,-93.3833,7,6.77,30.32,24.52,15.779999999999951,32.24000000000005,138.28000000000003,1,0
2025-09-30,tabasco,"Huimanguillo, Tabasco",17.8333,-93.3833,7,1.39,31.28,24.12,13.02999999999995,26.140000000000047,126.34000000000003,0,0
2025-10-01,tabasco,"Huimanguillo, Tabasco",17.8333,-93.3833,7,13.92,31.02,23.85,22.07999999999995,36.340000000000046,132.98000000000002,1,0
2025-10-02,tabasco,"Huimanguillo, Tabasco",17.8333,-93.3833,7,15.18,30.1,25.15,30.489999999999952,51.12000000000005,141.50000000000003,2,0
2025-10-03,tabasco,"Huimanguillo, Tabasco",17.8333,-93.3833,7,7.87,28.77,24.74,36.96999999999995,54.14000000000005,132.45000000000002,3,0
2025-10-04,tabasco,"Huimanguillo, Tabasco",17.8333,-93.3833,7,2.34,29.92,23.84,25.389999999999947,52.340000000000046,113.84000000000003,0,0
2025-10-05,tabasco,"Huimanguillo, Tabasco",17.8333,-93.3833,7,6.78,30.93,23.56,16.989999999999952,54.25000000000005,96.10000000000002,1,0
2025-10-06,tabasco,"Huimanguillo, Tabasco",17.8333,-93.3833,7,43.25,29.5,23.64,52.36999999999995,90.73000000000005,122.97000000000003,2,1
2025-10-07,tabasco,"Huimanguillo, Tabasco",17.8333,-93.3833,7,35.19,28.08,24.17,85.21999999999994,124.53000000000004,150.67000000000002,3,1
2025-10-08,tabasco,"Huimanguillo, Tabasco",17.8333,-93.3833,7,25.33,29.62,24.62,103.76999999999995,135.94000000000005,172.28000000000003,4,1
2025-10-09,tabasco,"Huimanguillo, Tabasco",17.8333,-93.3833,7,9.18,29.81,24.66,69.69999999999995,129.94000000000005,181.06000000000003,5,0
2025-10-10,tabasco,"Huimanguillo, Tabasco",17.8333,-93.3833,7,6.68,30.59,24.62,41.18999999999995,128.75000000000006,182.89000000000004,6,0
2025-10-11,tabasco,"Huimanguillo, Tabasco",17.8333,-93.3833,7,6.69,30.49,23.71,22.54999999999995,133.10000000000005,185.44000000000003,7,0
2025-10-12,tabasco,"Huimanguillo, Tabasco",17.8333,-93.3833,7,0.39,30.23,23.25,13.75999999999995,126.71000000000004,180.96000000000004,0,0
2025-10-13,tabasco,"Huimanguillo, Tabasco",17.8333,-93.3833,7,1.45,30.0,22.36,8.529999999999951,84.91000000000004,175.64000000000001,0,0
2025-10-14,tabasco,"Huimanguillo, Tabasco",17.8333,-93.3833,7,1.3,29.61,22.77,3.13999999999995,51.020000000000046,175.55,0,0
2025-10-15,tabasco,"Huimanguillo, Tabasco",17.8333,-93.3833,7,3.51,29.06,22.62,6.25999999999995,29.20000000000005,165.14000000000001,0,0
2025-10-16,tabasco,"Huimanguillo, Tabasco",17.8333,-93.3833,7,0.12,29.96,22.45,4.92999999999995,20.14000000000005,150.08,0,0
2025-10-17,tabasco,"Huimanguillo, Tabasco",17.8333,-93.3833,7,0.44,30.81,22.43,4.06999999999995,13.90000000000005,142.65,0,0
2025-10-18,tabasco,"Huimanguillo, Tabasco",17.8333,-93.3833,7,1.8,30.82,24.34,2.3599999999999497,9.01000000000005,142.11000000000004,0,0
2025-10-19,tabasco,"Huimanguillo, Tabasco",17.8333,-93.3833,7,4.41,30.8,24.22,6.64999999999995,13.030000000000049,139.74000000000004,0,0
2025-10-20,tabasco,"Huimanguillo, Tabasco",17.8333,-93.3833,7,14.83,29.57,24.43,21.03999999999995,26.41000000000005,111.32000000000002,1,0
2025-10-21,tabasco,"Huimanguillo, Tabasco",17.8333,-93.3833,7,8.66,30.69,23.29,27.89999999999995,33.77000000000005,84.79000000000002,2,0
2025-10-22,tabasco,"Huimanguillo, Tabasco",17.8333,-93.3833,7,8.4,30.09,24.13,31.88999999999995,38.66000000000005,67.86000000000003,3,0
2025-10-23,tabasco,"Huimanguillo, Tabasco",17.8333,-93.3833,7,5.76,30.24,23.41,22.81999999999995,44.300000000000054,64.44000000000003,4,0
2025-10-24,tabasco,"Huimanguillo, Tabasco",17.8333,-93.3833,7,1.12,30.22,22.89,15.279999999999951,44.98000000000005,58.88000000000003,0,0
2025-10-25,tabasco,"Huimanguillo, Tabasco",17.8333,-93.3833,7,0.01,30.6,21.54,6.88999999999995,43.190000000000055,52.20000000000003,0,0
2025-10-26,tabasco,"Huimanguillo, Tabasco",17.8333,-93.3833,7,0.04,30.62,22.54,1.1699999999999504,38.82000000000005,51.85000000000003,0,0
2025-10-27,tabasco,"Huimanguillo, Tabasco",17.8333,-93.3833,7,1.01,29.81,22.91,1.0599999999999503,25.00000000000005,51.41000000000003,0,0
2025-10-28,tabasco,"Huimanguillo, Tabasco",17.8333,-93.3833,7,0.15,30.58,23.47,1.1999999999999502,16.49000000000005,50.26000000000003,0,0
2025-10-29,tabasco,"Huimanguillo, Tabasco",17.8333,-93.3833,7,10.88,29.19,22.97,12.039999999999951,18.97000000000005,57.630000000000024,1,0
2025-10-30,tabasco,"Huimanguillo, Tabasco",17.8333,-93.3833,7,16.9,26.46,21.3,27.92999999999995,30.11000000000005,74.41000000000003,2,0
2025-10-31,tabasco,"Huimanguillo, Tabasco",17.8333,-93.3833,7,0.37,27.39,19.69,28.149999999999952,29.36000000000005,74.34000000000003,0,0
2025-11-01,tabasco,"Huimanguillo, Tabasco",17.8333,-93.3833,7,0.0,27.77,17.59,17.26999999999995,29.35000000000005,72.54000000000003,0,0
2025-11-02,tabasco,"Huimanguillo, Tabasco",17.8333,-93.3833,7,0.07,28.33,18.69,0.43999999999995026,29.38000000000005,68.20000000000002,0,0
2025-11-03,tabasco,"Huimanguillo, Tabasco",17.8333,-93.3833,7,8.92,27.81,20.99,8.98999999999995,37.29000000000005,62.29000000000002,1,0
2025-11-04,tabasco,"Huimanguillo, Tabasco",17.8333,-93.3833,7,3.92,28.57,21.33,12.90999999999995,41.06000000000005,57.550000000000026,0,0
2025-11-05,tabasco,"Huimanguillo, Tabasco",17.8333,-93.3833,7,1.67,28.53,22.11,14.50999999999995,31.850000000000048,50.82000000000003,0,0
2025-11-06,tabasco,"Huimanguillo, Tabasco",17.8333,-93.3833,7,0.52,29.03,22.22,6.10999999999995,15.470000000000049,45.580000000000034,0,0
2025-11-07,tabasco,"Huimanguillo, Tabasco",17.8333,-93.3833,7,0.07,30.08,22.4,2.25999999999995,15.17000000000005,44.53000000000003,0,0
2025-11-08,tabasco,"Huimanguillo, Tabasco",17.8333,-93.3833,7,0.02,31.23,22.69,0.6099999999999502,15.19000000000005,44.54000000000003,0,0
2025-11-09,tabasco,"Huimanguillo, Tabasco",17.8333,-93.3833,7,2.36,30.72,23.04,2.44999999999995,17.48000000000005,46.86000000000003,0,0
2025-11-10,tabasco,"Huimanguillo, Tabasco",17.8333,-93.3833,7,62.3,27.0,21.92,64.67999999999995,70.86000000000004,108.15000000000002,1,1
2025-11-11,tabasco,"Huimanguillo, Tabasco",17.8333,-93.3833,7,2.51,24.91,18.93,67.16999999999996,69.45000000000005,110.51000000000003,0,0
2025-11-12,tabasco,"Huimanguillo, Tabasco",17.8333,-93.3833,7,0.08,25.12,17.87,64.88999999999996,67.86000000000004,99.71000000000002,0,0
2025-11-13,tabasco,"Huimanguillo, Tabasco",17.8333,-93.3833,7,0.09,25.88,17.21,2.67999999999995,67.43000000000005,82.90000000000003,0,0
2025-11-14,tabasco,"Huimanguillo, Tabasco",17.8333,-93.3833,7,1.46,27.86,20.13,1.6299999999999502,68.82000000000004,83.99000000000002,0,0
2025-11-15,tabasco,"Huimanguillo, Tabasco",17.8333,-93.3833,7,0.49,28.37,21.08,2.0399999999999503,69.29000000000005,84.48000000000002,0,0
2025-11-16,tabasco,"Huimanguillo, Tabasco",17.8333,-93.3833,7,0.15,29.66,21.1,2.0999999999999504,67.08000000000004,84.56000000000003,0,0
2025-11-17,tabasco,"Huimanguillo, Tabasco",17.8333,-93.3833,7,0.02,29.9,23.23,0.6599999999999503,4.80000000000005,75.66000000000003,0,0
2025-11-18,tabasco,"Huimanguillo, Tabasco",17.8333,-93.3833,7,0.01,29.64,21.99,0.17999999999995026,2.3000000000000496,71.75000000000003,0,0
2025-11-19,tabasco,"Huimanguillo, Tabasco",17.8333,-93.3833,7,0.27,29.47,22.04,0.2999999999999503,2.4900000000000495,70.35000000000002,0,0
2025-11-20,tabasco,"Huimanguillo, Tabasco",17.8333,-93.3833,7,0.22,29.71,21.54,0.49999999999995026,2.62000000000005,70.05000000000003,0,0
2025-11-21,tabasco,"Huimanguillo, Tabasco",17.8333,-93.3833,7,0.0,30.2,21.74,0.48999999999995025,1.1600000000000497,69.98000000000002,0,0
2025-11-22,tabasco,"Huimanguillo, Tabasco",17.8333,-93.3833,7,0.02,29.51,20.42,0.23999999999995025,0.6900000000000498,69.98000000000002,0,0
2025-11-23,tabasco,"Huimanguillo, Tabasco",17.8333,-93.3833,7,0.18,29.12,20.91,0.19999999999995025,0.7200000000000497,67.80000000000003,0,0
2025-11-24,tabasco,"Huimanguillo, Tabasco",17.8333,-93.3833,7,0.01,29.27,20.03,0.20999999999995025,0.7100000000000497,5.510000000000028,0,0
2025-11-25,tabasco,"Huimanguillo, Tabasco",17.8333,-93.3833,7,0.11,30.47,20.92,0.29999999999995025,0.8100000000000497,3.1100000000000283,0,0
2025-11-26,tabasco,"Huimanguillo, Tabasco",17.8333,-93.3833,7,1.98,28.95,23.0,2.0999999999999504,2.5200000000000498,5.010000000000028,0,0
2025-11-27,tabasco,"Huimanguillo, Tabasco",17.8333,-93.3833,7,5.84,27.45,22.95,7.92999999999995,8.14000000000005,10.760000000000028,1,0
2025-11-28,tabasco,"Huimanguillo, Tabasco",17.8333,-93.3833,7,6.41,26.78,21.15,14.22999999999995,14.55000000000005,15.71000000000003,2,0
2025-11-29,tabasco,"Huimanguillo, Tabasco",17.8333,-93.3833,7,0.3,27.51,20.52,12.54999999999995,14.83000000000005,15.52000000000003,0,0
2025-11-30,tabasco,"Huimanguillo, Tabasco",17.8333,-93.3833,7,0.0,28.45,19.03,6.709999999999949,14.65000000000005,15.37000000000003,0,0
2025-12-01,tabasco,"Huimanguillo, Tabasco",17.8333,-93.3833,7,0.02,28.79,20.1,0.3199999999999494,14.66000000000005,15.37000000000003,0,0
2025-12-02,tabasco,"Huimanguillo, Tabasco",17.8333,-93.3833,7,0.84,29.36,20.8,0.8599999999999494,15.390000000000049,16.200000000000028,0,0
2025-12-03,tabasco,"Huimanguillo, Tabasco",17.8333,-93.3833,7,1.11,29.61,22.46,1.9699999999999496,14.520000000000051,17.040000000000028,0,0
2025-12-04,tabasco,"Huimanguillo, Tabasco",17.8333,-93.3833,7,0.0,30.48,21.29,1.9499999999999493,8.68000000000005,16.82000000000003,0,0
2025-12-05,tabasco,"Huimanguillo, Tabasco",17.8333,-93.3833,7,0.02,30.46,21.81,1.1299999999999493,2.2900000000000498,16.84000000000003,0,0
2025-12-06,tabasco,"Huimanguillo, Tabasco",17.8333,-93.3833,7,0.03,30.45,21.02,0.04999999999994938,2.0200000000000498,16.85000000000003,0,0
2025-12-07,tabasco,"Huimanguillo, Tabasco",17.8333,-93.3833,7,0.38,30.95,22.02,0.42999999999994937,2.4000000000000496,17.05000000000003,0,0
2025-12-08,tabasco,"Huimanguillo, Tabasco",17.8333,-93.3833,7,55.69,28.54,23.17,56.099999999999945,58.07000000000005,72.73000000000002,1,1
2025-12-09,tabasco,"Huimanguillo, Tabasco",17.8333,-93.3833,7,33.94,26.27,21.13,90.00999999999993,91.17000000000004,106.56000000000003,2,1
2025-12-10,tabasco,"Huimanguillo, Tabasco",17.8333,-93.3833,7,0.7,27.53,20.34,90.32999999999994,90.76000000000005,105.28000000000002,0,0
2025-12-11,tabasco,"Huimanguillo, Tabasco",17.8333,-93.3833,7,1.88,27.24,20.84,36.519999999999946,92.64000000000004,101.32000000000004,0,0
2025-12-12,tabasco,"Huimanguillo, Tabasco",17.8333,-93.3833,7,0.21,28.79,20.94,2.7899999999999503,92.83000000000006,95.12000000000002,0,0
2025-12-13,tabasco,"Huimanguillo, Tabasco",17.8333,-93.3833,7,0.28,28.84,21.49,2.36999999999995,93.08000000000004,95.10000000000002,0,0
2025-12-14,tabasco,"Huimanguillo, Tabasco",17.8333,-93.3833,7,3.31,28.48,22.09,3.79999999999995,96.01000000000005,98.41000000000003,0,0
2025-12-15,tabasco,"Huimanguillo, Tabasco",17.8333,-93.3833,7,3.51,27.1,20.83,7.09999999999995,43.83000000000005,101.90000000000002,0,0
2025-12-16,tabasco,"Huimanguillo, Tabasco",17.8333,-93.3833,7,0.11,26.8,19.81,6.92999999999995,10.00000000000005,101.17000000000002,0,0
2025-12-17,tabasco,"Huimanguillo, Tabasco",17.8333,-93.3833,7,0.01,28.87,18.71,3.6299999999999506,9.31000000000005,100.07000000000002,0,0
2025-12-18,tabasco,"Huimanguillo, Tabasco",17.8333,-93.3833,7,0.59,28.27,21.26,0.7099999999999507,8.02000000000005,100.66000000000003,0,0
2025-12-19,tabasco,"Huimanguillo, Tabasco",17.8333,-93.3833,7,5.45,27.04,21.3,6.049999999999951,13.26000000000005,106.09000000000003,1,0
2025-12-20,tabasco,"Huimanguillo, Tabasco",17.8333,-93.3833,7,2.25,26.61,20.4,8.289999999999951,15.23000000000005,108.31000000000003,0,0
2025-12-21,tabasco,"Huimanguillo, Tabasco",17.8333,-93.3833,7,2.87,27.61,22.0,10.56999999999995,14.790000000000049,110.80000000000001,0,0
2025-12-22,tabasco,"Huimanguillo, Tabasco",17.8333,-93.3833,7,8.71,27.61,22.63,13.829999999999952,19.99000000000005,63.82000000000003,1,0
2025-12-23,tabasco,"Huimanguillo, Tabasco",17.8333,-93.3833,7,16.57,27.68,21.83,28.149999999999952,36.45000000000005,46.45000000000003,2,0
2025-12-24,tabasco,"Huimanguillo, Tabasco",17.8333,-93.3833,7,18.91,28.12,22.53,44.189999999999955,55.35000000000005,64.66000000000003,3,0
2025-12-25,tabasco,"Huimanguillo, Tabasco",17.8333,-93.3833,7,10.14,26.73,20.61,45.61999999999995,64.90000000000005,72.92000000000003,4,0
2025-12-26,tabasco,"Huimanguillo, Tabasco",17.8333,-93.3833,7,2.03,26.76,19.66,31.079999999999952,61.48000000000005,74.74000000000002,0,0
2025-12-27,tabasco,"Huimanguillo, Tabasco",17.8333,-93.3833,7,0.18,27.28,18.92,12.34999999999995,59.410000000000046,74.64000000000004,0,0
2025-12-28,tabasco,"Huimanguillo, Tabasco",17.8333,-93.3833,7,0.06,28.08,19.89,2.26999999999995,56.60000000000005,71.39000000000004,0,0
2025-12-29,tabasco,"Huimanguillo, Tabasco",17.8333,-93.3833,7,3.19,27.18,19.4,3.4299999999999504,51.08000000000005,71.07000000000004,0,0
2025-12-30,tabasco,"Huimanguillo, Tabasco",17.8333,-93.3833,7,22.23,26.23,21.49,25.47999999999995,56.74000000000005,93.19000000000003,1,1
2025-12-31,tabasco,"Huimanguillo, Tabasco",17.8333,-93.3833,7,18.94,23.45,18.08,44.35999999999996,56.77000000000005,112.12000000000003,2,0
2026-01-01,tabasco,"Huimanguillo, Tabasco",17.8333,-93.3833,7,0.22,24.31,17.18,41.38999999999996,46.85000000000006,111.75000000000004,0,0
2026-01-02,tabasco,"Huimanguillo, Tabasco",17.8333,-93.3833,7,0.0,25.31,14.78,19.15999999999995,44.82000000000006,106.30000000000004,0,0
2026-01-03,tabasco,"Huimanguillo, Tabasco",17.8333,-93.3833,7,0.0,27.29,16.67,0.21999999999995026,44.64000000000006,104.05000000000004,0,0
2026-01-04,tabasco,"Huimanguillo, Tabasco",17.8333,-93.3833,7,0.01,26.88,18.24,0.009999999999950262,44.59000000000005,101.19000000000003,0,0
2026-01-05,tabasco,"Huimanguillo, Tabasco",17.8333,-93.3833,7,0.0,26.96,16.99,0.009999999999950262,41.400000000000055,92.48000000000003,0,0
2026-01-06,tabasco,"Huimanguillo, Tabasco",17.8333,-93.3833,7,0.0,27.82,17.74,0.009999999999950262,19.17000000000005,75.91000000000003,0,0
2026-01-07,tabasco,"Huimanguillo, Tabasco",17.8333,-93.3833,7,0.0,27.31,17.24,0.0,0.23000000000004975,57.000000000000036,0,0
2026-01-08,tabasco,"Huimanguillo, Tabasco",17.8333,-93.3833,7,0.0,28.92,17.94,0.0,0.010000000000049738,46.86000000000003,0,0
2026-01-09,tabasco,"Huimanguillo, Tabasco",17.8333,-93.3833,7,0.0,30.2,20.14,0.0,0.010000000000049738,44.830000000000034,0,0
2026-01-10,tabasco,"Huimanguillo, Tabasco",17.8333,-93.3833,7,4.78,29.08,20.49,4.7799999999999505,4.79000000000005,49.430000000000035,0,0
2026-01-11,tabasco,"Huimanguillo, Tabasco",17.8333,-93.3833,7,53.2,26.21,21.66,57.979999999999954,57.980000000000054,102.57000000000004,1,1
2026-01-12,tabasco,"Huimanguillo, Tabasco",17.8333,-93.3833,7,4.59,26.33,20.48,62.56999999999995,62.57000000000005,103.97000000000004,0,0
2026-01-13,tabasco,"Huimanguillo, Tabasco",17.8333,-93.3833,7,1.82,25.64,20.05,59.60999999999995,64.39000000000006,83.56000000000003,0,0
2026-01-14,tabasco,"Huimanguillo, Tabasco",17.8333,-93.3833,7,1.83,26.4,18.9,8.23999999999995,66.22000000000006,66.45000000000003,0,0
2026-01-15,tabasco,"Huimanguillo, Tabasco",17.8333,-93.3833,7,10.85,24.51,18.36,14.49999999999995,77.07000000000005,77.08000000000004,1,0
2026-01-16,tabasco,"Huimanguillo, Tabasco",17.8333,-93.3833,7,0.05,24.34,16.13,12.72999999999995,77.12000000000005,77.13000000000004,0,0
2026-01-17,tabasco,"Huimanguillo, Tabasco",17.8333,-93.3833,7,0.01,26.58,15.77,10.90999999999995,72.35000000000005,77.14000000000004,0,0
2026-01-18,tabasco,"Huimanguillo, Tabasco",17.8333,-93.3833,7,9.07,25.74,19.4,9.129999999999951,28.22000000000005,86.20000000000003,1,0
2026-01-19,tabasco,"Huimanguillo, Tabasco",17.8333,-93.3833,7,5.11,22.99,16.16,14.189999999999952,28.74000000000005,91.31000000000003,2,0
2026-01-20,tabasco,"Huimanguillo, Tabasco",17.8333,-93.3833,7,0.04,23.7,15.19,14.219999999999951,26.96000000000005,91.35000000000004,0,0
2026-01-21,tabasco,"Huimanguillo, Tabasco",17.8333,-93.3833,7,0.01,26.07,16.28,5.15999999999995,25.140000000000054,91.36000000000003,0,0
2026-01-22,tabasco,"Huimanguillo, Tabasco",17.8333,-93.3833,7,0.3,26.62,17.43,0.34999999999995024,14.590000000000051,91.66000000000004,0,0
2026-01-23,tabasco,"Huimanguillo, Tabasco",17.8333,-93.3833,7,0.06,28.35,20.34,0.36999999999995026,14.60000000000005,91.72000000000003,0,0
2026-01-24,tabasco,"Huimanguillo, Tabasco",17.8333,-93.3833,7,0.0,29.83,18.95,0.35999999999995025,14.59000000000005,86.94000000000003,0,0
2026-01-25,tabasco,"Huimanguillo, Tabasco",17.8333,-93.3833,7,0.0,32.12,20.25,0.05999999999995026,5.52000000000005,33.74000000000003,0,0
2026-01-26,tabasco,"Huimanguillo, Tabasco",17.8333,-93.3833,7,37.6,25.91,19.53,37.59999999999995,38.01000000000005,66.75000000000003,1,1
2026-01-27,tabasco,"Huimanguillo, Tabasco",17.8333,-93.3833,7,17.6,22.34,17.86,55.19999999999995,55.57000000000006,82.53000000000004,2,0
2026-01-28,tabasco,"Huimanguillo, Tabasco",17.8333,-93.3833,7,0.83,24.29,17.31,56.02999999999995,56.39000000000006,81.53000000000003,0,0
2026-01-29,tabasco,"Huimanguillo, Tabasco",17.8333,-93.3833,7,0.01,24.93,16.11,18.43999999999995,56.10000000000006,70.69000000000004,0,0
2026-01-30,tabasco,"Huimanguillo, Tabasco",17.8333,-93.3833,7,0.02,25.37,14.26,0.8599999999999502,56.06000000000006,70.66000000000004,0,0
2026-01-31,tabasco,"Huimanguillo, Tabasco",17.8333,-93.3833,7,11.49,21.98,16.49,11.51999999999995,67.55000000000005,82.14000000000003,1,0
2026-02-01,tabasco,"Huimanguillo, Tabasco",17.8333,-93.3833,7,0.17,21.36,14.12,11.67999999999995,67.72000000000006,73.24000000000004,0,0
2026-02-02,tabasco,"Huimanguillo, Tabasco",17.8333,-93.3833,7,0.0,21.23,12.23,11.65999999999995,30.120000000000058,68.13000000000004,0,0
2026-02-03,tabasco,"Huimanguillo, Tabasco",17.8333,-93.3833,7,0.0,23.67,10.98,0.16999999999995027,12.520000000000056,68.09000000000003,0,0
2026-02-04,tabasco,"Huimanguillo, Tabasco",17.8333,-93.3833,7,0.0,25.06,13.34,0.0,11.690000000000056,68.08000000000003,0,0
2026-02-05,tabasco,"Huimanguillo, Tabasco",17.8333,-93.3833,7,6.59,24.61,16.7,6.58999999999995,18.270000000000056,74.37000000000003,1,0
2026-02-06,tabasco,"Huimanguillo, Tabasco",17.8333,-93.3833,7,0.3,22.73,14.14,6.88999999999995,18.550000000000058,74.61000000000003,0,0
2026-02-07,tabasco,"Huimanguillo, Tabasco",17.8333,-93.3833,7,0.01,22.71,13.15,6.89999999999995,7.070000000000056,74.62000000000003,0,0
2026-02-08,tabasco,"Huimanguillo, Tabasco",17.8333,-93.3833,7,0.0,24.03,11.7,0.30999999999995026,6.900000000000056,74.62000000000003,0,0
2026-02-09,tabasco,"Huimanguillo, Tabasco",17.8333,-93.3833,7,0.0,25.12,14.53,0.009999999999950262,6.900000000000056,37.02000000000004,0,0
2026-02-10,tabasco,"Huimanguillo, Tabasco",17.8333,-93.3833,7,0.0,26.56,15.66,0.0,6.900000000000056,19.420000000000034,0,0
2026-02-11,tabasco,"Huimanguillo, Tabasco",17.8333,-93.3833,7,0.0,27.68,16.4,0.0,6.900000000000056,18.590000000000035,0,0
2026-02-12,tabasco,"Huimanguillo, Tabasco",17.8333,-93.3833,7,0.38,27.94,17.82,0.37999999999995027,0.6900000000000568,18.960000000000036,0,0
2026-02-13,tabasco,"Huimanguillo, Tabasco",17.8333,-93.3833,7,0.11,28.4,18.57,0.48999999999995025,0.5000000000000568,19.050000000000036,0,0
2026-02-14,tabasco,"Huimanguillo, Tabasco",17.8333,-93.3833,7,0.0,30.15,18.49,0.48999999999995025,0.49000000000005683,7.560000000000035,0,0
2026-02-15,tabasco,"Huimanguillo, Tabasco",17.8333,-93.3833,7,0.0,29.68,18.38,0.10999999999995026,0.49000000000005683,7.390000000000035,0,0
2026-02-16,tabasco,"Huimanguillo, Tabasco",17.8333,-93.3833,7,0.0,27.48,19.41,0.0,0.49000000000005683,7.390000000000035,0,0
2026-02-17,tabasco,"Huimanguillo, Tabasco",17.8333,-93.3833,7,0.0,28.7,19.0,0.0,0.49000000000005683,7.390000000000035,0,0
2026-02-18,tabasco,"Huimanguillo, Tabasco",17.8333,-93.3833,7,0.0,31.11,18.86,0.0,0.49000000000005683,7.390000000000035,0,0
2026-02-19,tabasco,"Huimanguillo, Tabasco",17.8333,-93.3833,7,0.0,32.79,20.55,0.0,0.11000000000005684,0.8000000000000356,0,0
2026-02-20,tabasco,"Huimanguillo, Tabasco",17.8333,-93.3833,7,0.0,32.8,19.65,0.0,0.0,0.5000000000000355,0,0
2026-02-21,tabasco,"Huimanguillo, Tabasco",17.8333,-93.3833,7,0.0,31.94,19.81,0.0,0.0,0.4900000000000355,0,0
2026-02-22,tabasco,"Huimanguillo, Tabasco",17.8333,-93.3833,7,4.93,29.25,21.55,4.92999999999995,4.930000000000057,5.4200000000000355,0,0
2026-02-23,tabasco,"Huimanguillo, Tabasco",17.8333,-93.3833,7,8.22,22.63,18.01,13.14999999999995,13.150000000000057,13.640000000000036,1,0
2026-02-24,tabasco,"Huimanguillo, Tabasco",17.8333,-93.3833,7,0.04,24.16,15.24,13.18999999999995,13.190000000000056,13.680000000000035,0,0
2026-02-25,tabasco,"Huimanguillo, Tabasco",17.8333,-93.3833,7,0.0,28.38,13.82,8.25999999999995,13.190000000000056,13.680000000000035,0,0
2026-02-26,tabasco,"Huimanguillo, Tabasco",17.8333,-93.3833,7,0.0,32.58,17.1,0.03999999999995026,13.190000000000056,13.300000000000034,0,0
2026-02-27,tabasco,"Huimanguillo, Tabasco",17.8333,-93.3833,7,0.0,30.94,19.72,0.0,13.190000000000056,13.190000000000035,0,0
2026-02-28,tabasco,"Huimanguillo, Tabasco",17.8333,-93.3833,7,0.06,30.98,20.99,0.05999999999995026,13.250000000000057,13.250000000000036,0,0
2026-03-01,tabasco,"Huimanguillo, Tabasco",17.8333,-93.3833,7,2.54,30.93,22.38,2.5999999999999504,10.860000000000058,15.790000000000036,0,0
2026-03-02,tabasco,"Huimanguillo, Tabasco",17.8333,-93.3833,7,2.0,29.97,22.24,4.59999999999995,4.640000000000057,17.790000000000035,0,0
2026-03-03,tabasco,"Huimanguillo, Tabasco",17.8333,-93.3833,7,0.26,32.51,21.22,4.799999999999951,4.860000000000057,18.050000000000036,0,0
2026-03-04,tabasco,"Huimanguillo, Tabasco",17.8333,-93.3833,7,0.35,32.79,20.84,2.60999999999995,5.210000000000057,18.400000000000038,0,0
2026-03-05,tabasco,"Huimanguillo, Tabasco",17.8333,-93.3833,7,2.27,33.26,21.64,2.87999999999995,7.480000000000057,20.670000000000037,0,0
2026-03-06,tabasco,"Huimanguillo, Tabasco",17.8333,-93.3833,7,0.94,34.05,21.45,3.5599999999999503,8.420000000000057,21.610000000000035,0,0
2026-03-07,tabasco,"Huimanguillo, Tabasco",17.8333,-93.3833,7,1.42,34.83,22.49,4.62999999999995,9.780000000000056,23.030000000000037,0,0
2026-03-08,tabasco,"Huimanguillo, Tabasco",17.8333,-93.3833,7,3.51,34.42,22.85,5.8699999999999495,10.750000000000057,21.610000000000035,0,0
2026-03-09,tabasco,"Huimanguillo, Tabasco",17.8333,-93.3833,7,0.14,34.01,22.5,5.0699999999999505,8.890000000000057,13.530000000000035,0,0
2026-03-10,tabasco,"Huimanguillo, Tabasco",17.8333,-93.3833,7,0.0,34.45,21.89,3.64999999999995,8.630000000000058,13.490000000000036,0,0
2026-03-11,tabasco,"Huimanguillo, Tabasco",17.8333,-93.3833,7,0.02,36.22,22.47,0.15999999999995027,8.300000000000056,13.510000000000035,0,0
2026-03-12,tabasco,"Huimanguillo, Tabasco",17.8333,-93.3833,7,14.57,32.91,22.73,14.58999999999995,20.60000000000006,28.080000000000034,1,0
2026-03-13,tabasco,"Huimanguillo, Tabasco",17.8333,-93.3833,7,3.82,27.52,21.81,18.40999999999995,23.480000000000057,31.900000000000034,0,0
2026-03-14,tabasco,"Huimanguillo, Tabasco",17.8333,-93.3833,7,0.42,31.8,21.04,18.80999999999995,22.480000000000057,32.26000000000003,0,0
2026-03-15,tabasco,"Huimanguillo, Tabasco",17.8333,-93.3833,7,0.7,35.66,21.36,4.93999999999995,19.670000000000055,30.420000000000034,0,0
2026-03-16,tabasco,"Huimanguillo, Tabasco",17.8333,-93.3833,7,8.28,36.32,23.35,9.399999999999949,27.81000000000006,36.70000000000003,1,0
2026-03-17,tabasco,"Huimanguillo, Tabasco",17.8333,-93.3833,7,34.56,23.17,19.97,43.53999999999995,62.37000000000006,71.00000000000003,2,1
2026-03-18,tabasco,"Huimanguillo, Tabasco",17.8333,-93.3833,7,2.9,25.63,19.61,45.739999999999945,65.25000000000006,73.55000000000003,0,0
2026-03-19,tabasco,"Huimanguillo, Tabasco",17.8333,-93.3833,7,2.25,27.86,19.85,39.70999999999995,52.93000000000006,73.53000000000003,0,0
2026-03-20,tabasco,"Huimanguillo, Tabasco",17.8333,-93.3833,7,0.82,27.6,19.01,5.96999999999995,49.93000000000006,73.41000000000004,0,0
2026-03-21,tabasco,"Huimanguillo, Tabasco",17.8333,-93.3833,7,0.92,28.91,18.7,3.9899999999999505,50.430000000000064,72.91000000000003,0,0
2026-03-22,tabasco,"Huimanguillo, Tabasco",17.8333,-93.3833,7,0.06,31.31,19.21,1.7999999999999503,49.79000000000006,69.46000000000004,0,0
2026-03-23,tabasco,"Huimanguillo, Tabasco",17.8333,-93.3833,7,0.07,32.67,20.28,1.0499999999999503,41.58000000000006,69.39000000000004,0,0
2026-03-24,tabasco,"Huimanguillo, Tabasco",17.8333,-93.3833,7,0.0,-999.0,-999.0,0.12999999999995027,7.020000000000056,69.39000000000004,0,0
2026-03-25,tabasco,"Huimanguillo, Tabasco",17.8333,-93.3833,7,0.0,-999.0,-999.0,0.06999999999995027,4.120000000000056,69.37000000000003,0,0
2026-03-26,tabasco,"Huimanguillo, Tabasco",17.8333,-93.3833,7,0.0,-999.0,-999.0,0.0,1.870000000000057,54.80000000000004,0,0
2026-03-27,tabasco,"Huimanguillo, Tabasco",17.8333,-93.3833,7,3.82,31.4,20.42,3.81999999999995,4.870000000000057,54.80000000000004,0,0
2026-03-28,tabasco,"Huimanguillo, Tabasco",17.8333,-93.3833,7,6.53,30.79,20.9,10.34999999999995,10.480000000000057,60.91000000000003,1,0
2026-03-29,tabasco,"Huimanguillo, Tabasco",17.8333,-93.3833,7,7.58,29.67,21.33,17.92999999999995,18.000000000000057,67.79000000000003,2,0
2026-03-30,tabasco,"Huimanguillo, Tabasco",17.8333,-93.3833,7,1.33,30.31,20.91,15.439999999999952,19.260000000000055,60.84000000000004,0,0
2026-03-31,tabasco,"Huimanguillo, Tabasco",17.8333,-93.3833,7,4.73,32.99,21.5,13.63999999999995,23.99000000000006,31.010000000000037,0,0
2026-04-01,tabasco,"Huimanguillo, Tabasco",17.8333,-93.3833,7,10.25,30.83,21.7,16.309999999999953,34.24000000000006,38.36000000000004,1,0
2026-04-02,tabasco,"Huimanguillo, Tabasco",17.8333,-93.3833,7,3.0,32.9,20.78,17.97999999999995,37.24000000000006,39.11000000000004,0,0
2026-04-03,tabasco,"Huimanguillo, Tabasco",17.8333,-93.3833,7,1.33,33.37,21.59,14.57999999999995,34.75000000000006,39.62000000000004,0,0
2026-04-04,tabasco,"Huimanguillo, Tabasco",17.8333,-93.3833,7,0.0,-999.0,-999.0,4.32999999999995,28.220000000000056,38.70000000000004,0,0
2026-04-05,tabasco,"Huimanguillo, Tabasco",17.8333,-93.3833,7,0.0,-999.0,-999.0,1.3299999999999503,20.640000000000057,38.640000000000036,0,0
2026-04-06,tabasco,"Huimanguillo, Tabasco",17.8333,-93.3833,7,0.0,-999.0,-999.0,0.0,19.31000000000006,38.570000000000036,0,0
