date,zona_key,zona,lat,lon,pct_prod,lluvia_mm,tmax,tmin,lluvia_3d,lluvia_7d,lluvia_14d,dias_lluvia_consec,evento_lluvia
2018-01-01,yucatan,"Valladolid, Yucatan",20.6897,-88.2022,5,5.41,28.12,19.63,5.41,5.41,5.41,1,0
2018-01-02,yucatan,"Valladolid, Yucatan",20.6897,-88.2022,5,0.4,26.76,18.14,5.8100000000000005,5.8100000000000005,5.8100000000000005,0,0
2018-01-03,yucatan,"Valladolid, Yucatan",20.6897,-88.2022,5,0.0,26.22,15.6,5.8100000000000005,5.8100000000000005,5.8100000000000005,0,0
2018-01-04,yucatan,"Valladolid, Yucatan",20.6897,-88.2022,5,0.0,24.2,14.76,0.4,5.8100000000000005,5.8100000000000005,0,0
2018-01-05,yucatan,"Valladolid, Yucatan",20.6897,-88.2022,5,0.11,25.79,11.92,0.11,5.92,5.92,0,0
2018-01-06,yucatan,"Valladolid, Yucatan",20.6897,-88.2022,5,0.11,26.81,14.92,0.22,6.03,6.03,0,0
2018-01-07,yucatan,"Valladolid, Yucatan",20.6897,-88.2022,5,0.0,27.46,14.66,0.22,6.03,6.03,0,0
2018-01-08,yucatan,"Valladolid, Yucatan",20.6897,-88.2022,5,0.16,29.39,15.58,0.27,0.78,6.19,0,0
2018-01-09,yucatan,"Valladolid, Yucatan",20.6897,-88.2022,5,0.04,29.45,17.27,0.2,0.42,6.23,0,0
2018-01-10,yucatan,"Valladolid, Yucatan",20.6897,-88.2022,5,0.0,29.02,15.77,0.2,0.42,6.23,0,0
2018-01-11,yucatan,"Valladolid, Yucatan",20.6897,-88.2022,5,0.0,30.57,16.39,0.03999999999999997,0.42,6.23,0,0
2018-01-12,yucatan,"Valladolid, Yucatan",20.6897,-88.2022,5,0.0,30.62,17.73,0.0,0.31,6.23,0,0
2018-01-13,yucatan,"Valladolid, Yucatan",20.6897,-88.2022,5,0.0,25.66,13.16,0.0,0.2,6.23,0,0
2018-01-14,yucatan,"Valladolid, Yucatan",20.6897,-88.2022,5,0.05,24.25,15.58,0.049999999999999975,0.25,6.28,0,0
2018-01-15,yucatan,"Valladolid, Yucatan",20.6897,-88.2022,5,0.02,25.75,15.77,0.06999999999999998,0.11,0.89,0,0
2018-01-16,yucatan,"Valladolid, Yucatan",20.6897,-88.2022,5,0.0,27.66,15.13,0.06999999999999998,0.07,0.49,0,0
2018-01-17,yucatan,"Valladolid, Yucatan",20.6897,-88.2022,5,0.44,27.3,16.63,0.45999999999999996,0.51,0.9299999999999999,0,0
2018-01-18,yucatan,"Valladolid, Yucatan",20.6897,-88.2022,5,0.16,25.74,18.01,0.6,0.67,1.09,0,0
2018-01-19,yucatan,"Valladolid, Yucatan",20.6897,-88.2022,5,0.0,26.43,16.22,0.6,0.67,0.98,0,0
2018-01-20,yucatan,"Valladolid, Yucatan",20.6897,-88.2022,5,0.0,29.25,15.52,0.15999999999999995,0.67,0.87,0,0
2018-01-21,yucatan,"Valladolid, Yucatan",20.6897,-88.2022,5,1.36,30.61,19.43,1.36,1.98,2.23,0,0
2018-01-22,yucatan,"Valladolid, Yucatan",20.6897,-88.2022,5,0.1,32.19,21.24,1.4600000000000002,2.06,2.17,0,0
2018-01-23,yucatan,"Valladolid, Yucatan",20.6897,-88.2022,5,6.74,30.77,20.89,8.200000000000001,8.8,8.870000000000001,1,0
2018-01-24,yucatan,"Valladolid, Yucatan",20.6897,-88.2022,5,8.0,29.45,20.78,14.84,16.36,16.87,2,0
2018-01-25,yucatan,"Valladolid, Yucatan",20.6897,-88.2022,5,5.0,28.82,20.06,19.740000000000002,21.200000000000003,21.87,0,0
2018-01-26,yucatan,"Valladolid, Yucatan",20.6897,-88.2022,5,3.42,25.97,21.13,16.42,24.62,25.29,0,0
2018-01-27,yucatan,"Valladolid, Yucatan",20.6897,-88.2022,5,10.49,27.47,20.59,18.91,35.11,35.78,1,0
2018-01-28,yucatan,"Valladolid, Yucatan",20.6897,-88.2022,5,7.43,30.87,19.77,21.34,41.18,43.160000000000004,2,0
2018-01-29,yucatan,"Valladolid, Yucatan",20.6897,-88.2022,5,4.6,27.86,20.81,22.520000000000003,45.68,47.74,0,0
2018-01-30,yucatan,"Valladolid, Yucatan",20.6897,-88.2022,5,0.25,27.32,19.44,12.28,39.19,47.99,0,0
2018-01-31,yucatan,"Valladolid, Yucatan",20.6897,-88.2022,5,0.0,27.76,17.58,4.85,31.19,47.550000000000004,0,0
2018-02-01,yucatan,"Valladolid, Yucatan",20.6897,-88.2022,5,0.0,30.48,15.73,0.25,26.19,47.39,0,0
2018-02-02,yucatan,"Valladolid, Yucatan",20.6897,-88.2022,5,0.0,31.24,18.27,0.0,22.77,47.39,0,0
2018-02-03,yucatan,"Valladolid, Yucatan",20.6897,-88.2022,5,0.0,31.74,17.76,0.0,12.280000000000001,47.39,0,0
2018-02-04,yucatan,"Valladolid, Yucatan",20.6897,-88.2022,5,0.0,32.67,20.03,0.0,4.850000000000001,46.03,0,0
2018-02-05,yucatan,"Valladolid, Yucatan",20.6897,-88.2022,5,0.0,32.08,20.52,0.0,0.2500000000000018,45.93,0,0
2018-02-06,yucatan,"Valladolid, Yucatan",20.6897,-88.2022,5,0.0,31.82,19.05,0.0,0.0,39.190000000000005,0,0
2018-02-07,yucatan,"Valladolid, Yucatan",20.6897,-88.2022,5,0.0,31.78,20.56,0.0,0.0,31.189999999999998,0,0
2018-02-08,yucatan,"Valladolid, Yucatan",20.6897,-88.2022,5,0.0,31.98,21.49,0.0,0.0,26.189999999999998,0,0
2018-02-09,yucatan,"Valladolid, Yucatan",20.6897,-88.2022,5,0.0,31.73,19.29,0.0,0.0,22.769999999999996,0,0
2018-02-10,yucatan,"Valladolid, Yucatan",20.6897,-88.2022,5,0.64,30.79,20.49,0.64,0.6400000000000018,12.92,0,0
2018-02-11,yucatan,"Valladolid, Yucatan",20.6897,-88.2022,5,0.14,32.33,21.44,0.78,0.7800000000000018,5.63,0,0
2018-02-12,yucatan,"Valladolid, Yucatan",20.6897,-88.2022,5,0.0,32.93,22.54,0.78,0.7800000000000018,1.03,0,0
2018-02-13,yucatan,"Valladolid, Yucatan",20.6897,-88.2022,5,0.13,33.19,21.17,0.27,0.9100000000000018,0.91,0,0
2018-02-14,yucatan,"Valladolid, Yucatan",20.6897,-88.2022,5,0.15,31.95,20.4,0.28,1.0600000000000018,1.06,0,0
2018-02-15,yucatan,"Valladolid, Yucatan",20.6897,-88.2022,5,0.08,32.79,19.83,0.36,1.140000000000002,1.1400000000000001,0,0
2018-02-16,yucatan,"Valladolid, Yucatan",20.6897,-88.2022,5,0.0,32.33,17.76,0.22999999999999998,1.140000000000002,1.1400000000000001,0,0
2018-02-17,yucatan,"Valladolid, Yucatan",20.6897,-88.2022,5,0.0,33.05,18.83,0.08,0.5000000000000018,1.1400000000000001,0,0
2018-02-18,yucatan,"Valladolid, Yucatan",20.6897,-88.2022,5,0.0,32.87,19.13,0.0,0.36000000000000176,1.1400000000000001,0,0
2018-02-19,yucatan,"Valladolid, Yucatan",20.6897,-88.2022,5,0.12,32.37,18.84,0.12,0.48000000000000176,1.26,0,0
2018-02-20,yucatan,"Valladolid, Yucatan",20.6897,-88.2022,5,4.28,31.43,21.76,4.4,4.630000000000002,5.54,0,0
2018-02-21,yucatan,"Valladolid, Yucatan",20.6897,-88.2022,5,1.82,32.72,22.24,6.220000000000001,6.300000000000002,7.36,0,0
2018-02-22,yucatan,"Valladolid, Yucatan",20.6897,-88.2022,5,0.9,31.58,20.47,7.0,7.120000000000001,8.26,0,0
2018-02-23,yucatan,"Valladolid, Yucatan",20.6897,-88.2022,5,1.86,33.15,20.34,4.58,8.98,10.120000000000001,0,0
2018-02-24,yucatan,"Valladolid, Yucatan",20.6897,-88.2022,5,0.08,33.24,19.99,2.84,9.06,9.559999999999999,0,0
2018-02-25,yucatan,"Valladolid, Yucatan",20.6897,-88.2022,5,0.0,33.22,19.54,1.94,9.06,9.42,0,0
2018-02-26,yucatan,"Valladolid, Yucatan",20.6897,-88.2022,5,0.0,33.33,20.12,0.08,8.940000000000001,9.42,0,0
2018-02-27,yucatan,"Valladolid, Yucatan",20.6897,-88.2022,5,0.0,33.45,19.86,0.0,4.660000000000002,9.29,0,0
2018-02-28,yucatan,"Valladolid, Yucatan",20.6897,-88.2022,5,0.0,33.35,19.9,0.0,2.8400000000000016,9.139999999999999,0,0
2018-03-01,yucatan,"Valladolid, Yucatan",20.6897,-88.2022,5,0.0,34.29,19.14,0.0,1.9400000000000017,9.059999999999999,0,0
2018-03-02,yucatan,"Valladolid, Yucatan",20.6897,-88.2022,5,0.0,35.43,19.8,0.0,0.08000000000000178,9.059999999999999,0,0
2018-03-03,yucatan,"Valladolid, Yucatan",20.6897,-88.2022,5,0.0,34.71,22.23,0.0,0.0,9.059999999999999,0,0
2018-03-04,yucatan,"Valladolid, Yucatan",20.6897,-88.2022,5,0.0,34.19,20.36,0.0,0.0,9.059999999999999,0,0
2018-03-05,yucatan,"Valladolid, Yucatan",20.6897,-88.2022,5,0.0,33.86,17.59,0.0,0.0,8.94,0,0
2018-03-06,yucatan,"Valladolid, Yucatan",20.6897,-88.2022,5,0.0,34.03,18.22,0.0,0.0,4.66,0,0
2018-03-07,yucatan,"Valladolid, Yucatan",20.6897,-88.2022,5,1.81,34.92,18.68,1.81,1.8100000000000018,4.65,0,0
2018-03-08,yucatan,"Valladolid, Yucatan",20.6897,-88.2022,5,6.84,31.18,19.97,8.65,8.650000000000002,10.59,1,0
2018-03-09,yucatan,"Valladolid, Yucatan",20.6897,-88.2022,5,1.47,32.44,19.4,10.120000000000001,10.120000000000003,10.200000000000001,0,0
2018-03-10,yucatan,"Valladolid, Yucatan",20.6897,-88.2022,5,0.07,34.75,20.47,8.379999999999999,10.190000000000001,10.19,0,0
2018-03-11,yucatan,"Valladolid, Yucatan",20.6897,-88.2022,5,0.0,36.84,21.78,1.54,10.190000000000001,10.19,0,0
2018-03-12,yucatan,"Valladolid, Yucatan",20.6897,-88.2022,5,4.96,35.74,22.15,5.03,15.150000000000002,15.15,0,0
2018-03-13,yucatan,"Valladolid, Yucatan",20.6897,-88.2022,5,0.71,31.39,20.87,5.67,15.860000000000003,15.86,0,0
2018-03-14,yucatan,"Valladolid, Yucatan",20.6897,-88.2022,5,0.0,31.91,18.38,5.67,14.05,15.86,0,0
2018-03-15,yucatan,"Valladolid, Yucatan",20.6897,-88.2022,5,0.0,33.12,18.69,0.71,7.210000000000002,15.86,0,0
2018-03-16,yucatan,"Valladolid, Yucatan",20.6897,-88.2022,5,0.0,34.9,17.9,0.0,5.740000000000002,15.86,0,0
2018-03-17,yucatan,"Valladolid, Yucatan",20.6897,-88.2022,5,0.0,36.13,21.25,0.0,5.670000000000002,15.86,0,0
2018-03-18,yucatan,"Valladolid, Yucatan",20.6897,-88.2022,5,0.0,36.22,22.06,0.0,5.670000000000002,15.86,0,0
2018-03-19,yucatan,"Valladolid, Yucatan",20.6897,-88.2022,5,0.0,36.4,22.03,0.0,0.7100000000000017,15.86,0,0
2018-03-20,yucatan,"Valladolid, Yucatan",20.6897,-88.2022,5,0.0,37.64,22.55,0.0,0.0,15.86,0,0
2018-03-21,yucatan,"Valladolid, Yucatan",20.6897,-88.2022,5,0.0,35.71,23.16,0.0,0.0,14.05,0,0
2018-03-22,yucatan,"Valladolid, Yucatan",20.6897,-88.2022,5,0.0,33.27,21.86,0.0,0.0,7.21,0,0
2018-03-23,yucatan,"Valladolid, Yucatan",20.6897,-88.2022,5,0.0,32.84,18.88,0.0,0.0,5.74,0,0
2018-03-24,yucatan,"Valladolid, Yucatan",20.6897,-88.2022,5,0.0,33.21,16.9,0.0,0.0,5.67,0,0
2018-03-25,yucatan,"Valladolid, Yucatan",20.6897,-88.2022,5,0.0,34.63,18.42,0.0,0.0,5.67,0,0
2018-03-26,yucatan,"Valladolid, Yucatan",20.6897,-88.2022,5,0.0,35.16,18.95,0.0,0.0,0.71,0,0
2018-03-27,yucatan,"Valladolid, Yucatan",20.6897,-88.2022,5,0.0,33.98,21.69,0.0,0.0,0.0,0,0
2018-03-28,yucatan,"Valladolid, Yucatan",20.6897,-88.2022,5,0.0,34.28,22.74,0.0,0.0,0.0,0,0
2018-03-29,yucatan,"Valladolid, Yucatan",20.6897,-88.2022,5,0.0,34.75,24.27,0.0,0.0,0.0,0,0
2018-03-30,yucatan,"Valladolid, Yucatan",20.6897,-88.2022,5,0.02,35.8,23.51,0.02,0.020000000000001777,0.02,0,0
2018-03-31,yucatan,"Valladolid, Yucatan",20.6897,-88.2022,5,7.85,34.94,22.17,7.869999999999999,7.870000000000001,7.869999999999999,1,0
2018-04-01,yucatan,"Valladolid, Yucatan",20.6897,-88.2022,5,0.67,34.16,20.9,8.54,8.540000000000001,8.54,0,0
2018-04-02,yucatan,"Valladolid, Yucatan",20.6897,-88.2022,5,0.01,34.44,20.13,8.53,8.55,8.549999999999999,0,0
2018-04-03,yucatan,"Valladolid, Yucatan",20.6897,-88.2022,5,0.0,34.35,20.13,0.68,8.55,8.549999999999999,0,0
2018-04-04,yucatan,"Valladolid, Yucatan",20.6897,-88.2022,5,0.0,35.78,22.79,0.01,8.55,8.549999999999999,0,0
2018-04-05,yucatan,"Valladolid, Yucatan",20.6897,-88.2022,5,0.0,35.65,21.04,0.0,8.55,8.549999999999999,0,0
2018-04-06,yucatan,"Valladolid, Yucatan",20.6897,-88.2022,5,0.0,35.45,22.39,0.0,8.530000000000001,8.549999999999999,0,0
2018-04-07,yucatan,"Valladolid, Yucatan",20.6897,-88.2022,5,0.0,36.54,22.73,0.0,0.6800000000000018,8.549999999999999,0,0
2018-04-08,yucatan,"Valladolid, Yucatan",20.6897,-88.2022,5,0.0,37.71,23.24,0.0,0.010000000000001777,8.549999999999999,0,0
2018-04-09,yucatan,"Valladolid, Yucatan",20.6897,-88.2022,5,0.0,35.89,23.97,0.0,0.0,8.549999999999999,0,0
2018-04-10,yucatan,"Valladolid, Yucatan",20.6897,-88.2022,5,0.54,35.29,23.39,0.54,0.5400000000000018,9.09,0,0
2018-04-11,yucatan,"Valladolid, Yucatan",20.6897,-88.2022,5,0.47,35.6,22.64,1.01,1.0100000000000018,9.559999999999999,0,0
2018-04-12,yucatan,"Valladolid, Yucatan",20.6897,-88.2022,5,0.03,36.75,23.05,1.04,1.0400000000000018,9.59,0,0
2018-04-13,yucatan,"Valladolid, Yucatan",20.6897,-88.2022,5,0.0,35.03,21.66,0.5,1.0400000000000018,9.57,0,0
2018-04-14,yucatan,"Valladolid, Yucatan",20.6897,-88.2022,5,0.01,34.95,24.55,0.04,1.0500000000000018,1.73,0,0
2018-04-15,yucatan,"Valladolid, Yucatan",20.6897,-88.2022,5,10.32,29.46,20.6,10.33,11.370000000000003,11.38,1,0
2018-04-16,yucatan,"Valladolid, Yucatan",20.6897,-88.2022,5,0.0,31.91,16.55,10.33,11.370000000000003,11.370000000000001,0,0
2018-04-17,yucatan,"Valladolid, Yucatan",20.6897,-88.2022,5,0.0,34.08,16.52,10.32,10.830000000000002,11.370000000000001,0,0
2018-04-18,yucatan,"Valladolid, Yucatan",20.6897,-88.2022,5,0.06,35.44,17.13,0.06,10.420000000000003,11.430000000000001,0,0
2018-04-19,yucatan,"Valladolid, Yucatan",20.6897,-88.2022,5,2.39,36.7,22.81,2.45,12.780000000000005,13.82,0,0
2018-04-20,yucatan,"Valladolid, Yucatan",20.6897,-88.2022,5,0.02,36.38,21.58,2.47,12.800000000000004,13.840000000000002,0,0
2018-04-21,yucatan,"Valladolid, Yucatan",20.6897,-88.2022,5,0.0,36.44,23.02,2.41,12.790000000000003,13.840000000000002,0,0
2018-04-22,yucatan,"Valladolid, Yucatan",20.6897,-88.2022,5,1.98,36.35,23.19,2.0,4.450000000000002,15.82,0,0
2018-04-23,yucatan,"Valladolid, Yucatan",20.6897,-88.2022,5,0.51,37.66,22.73,2.49,4.960000000000002,16.330000000000002,0,0
2018-04-24,yucatan,"Valladolid, Yucatan",20.6897,-88.2022,5,10.34,36.11,24.11,12.83,15.3,26.130000000000003,1,0
2018-04-25,yucatan,"Valladolid, Yucatan",20.6897,-88.2022,5,4.89,33.43,23.76,15.739999999999998,20.13,30.55,0,0
2018-04-26,yucatan,"Valladolid, Yucatan",20.6897,-88.2022,5,8.21,35.81,23.14,23.439999999999998,25.95,38.730000000000004,1,0
2018-04-27,yucatan,"Valladolid, Yucatan",20.6897,-88.2022,5,2.61,35.34,23.02,15.709999999999999,28.54,41.34,0,0
2018-04-28,yucatan,"Valladolid, Yucatan",20.6897,-88.2022,5,0.01,35.81,20.04,10.83,28.55,41.34,0,0
2018-04-29,yucatan,"Valladolid, Yucatan",20.6897,-88.2022,5,0.72,35.53,21.87,3.34,27.29,31.740000000000002,0,0
2018-04-30,yucatan,"Valladolid, Yucatan",20.6897,-88.2022,5,0.01,35.62,22.67,0.74,26.790000000000003,31.750000000000004,0,0
2018-05-01,yucatan,"Valladolid, Yucatan",20.6897,-88.2022,5,0.0,36.67,23.13,0.73,16.450000000000003,31.75,0,0
2018-05-02,yucatan,"Valladolid, Yucatan",20.6897,-88.2022,5,0.01,36.72,23.55,0.02,11.57,31.7,0,0
2018-05-03,yucatan,"Valladolid, Yucatan",20.6897,-88.2022,5,0.01,37.22,22.57,0.02,3.3699999999999997,29.32,0,0
2018-05-04,yucatan,"Valladolid, Yucatan",20.6897,-88.2022,5,0.61,36.41,23.28,0.63,1.37,29.91,0,0
2018-05-05,yucatan,"Valladolid, Yucatan",20.6897,-88.2022,5,0.05,36.95,23.12,0.67,1.41,29.96,0,0
2018-05-06,yucatan,"Valladolid, Yucatan",20.6897,-88.2022,5,0.0,35.34,21.2,0.66,0.6900000000000001,27.98,0,0
2018-05-07,yucatan,"Valladolid, Yucatan",20.6897,-88.2022,5,0.0,35.25,20.11,0.05,0.68,27.470000000000002,0,0
2018-05-08,yucatan,"Valladolid, Yucatan",20.6897,-88.2022,5,0.0,35.14,21.74,0.0,0.68,17.130000000000003,0,0
2018-05-09,yucatan,"Valladolid, Yucatan",20.6897,-88.2022,5,0.0,36.55,20.51,0.0,0.67,12.24,0,0
2018-05-10,yucatan,"Valladolid, Yucatan",20.6897,-88.2022,5,0.67,37.26,24.29,0.67,1.33,4.7,0,0
2018-05-11,yucatan,"Valladolid, Yucatan",20.6897,-88.2022,5,2.58,33.58,24.38,3.25,3.3000000000000003,4.67,0,0
2018-05-12,yucatan,"Valladolid, Yucatan",20.6897,-88.2022,5,21.27,35.3,24.21,24.52,24.52,25.93,1,1
2018-05-13,yucatan,"Valladolid, Yucatan",20.6897,-88.2022,5,8.05,35.53,23.17,31.9,32.57,33.260000000000005,2,0
2018-05-14,yucatan,"Valladolid, Yucatan",20.6897,-88.2022,5,1.42,35.89,23.32,30.740000000000002,33.99,34.67,0,0
2018-05-15,yucatan,"Valladolid, Yucatan",20.6897,-88.2022,5,2.01,36.03,23.02,11.48,36.0,36.68000000000001,0,0
2018-05-16,yucatan,"Valladolid, Yucatan",20.6897,-88.2022,5,11.8,35.76,24.04,15.23,47.8,48.47,1,0
2018-05-17,yucatan,"Valladolid, Yucatan",20.6897,-88.2022,5,13.41,33.92,23.93,27.22,60.54,61.870000000000005,2,0
2018-05-18,yucatan,"Valladolid, Yucatan",20.6897,-88.2022,5,1.76,33.38,23.62,26.970000000000002,59.72,63.02,0,0
2018-05-19,yucatan,"Valladolid, Yucatan",20.6897,-88.2022,5,0.4,34.68,23.5,15.57,38.85,63.37,0,0
2018-05-20,yucatan,"Valladolid, Yucatan",20.6897,-88.2022,5,0.94,35.2,23.13,3.1,31.740000000000002,64.31,0,0
2018-05-21,yucatan,"Valladolid, Yucatan",20.6897,-88.2022,5,2.03,34.97,23.18,3.37,32.35,66.34,0,0
2018-05-22,yucatan,"Valladolid, Yucatan",20.6897,-88.2022,5,14.52,33.39,23.66,17.49,44.86,80.86,1,0
2018-05-23,yucatan,"Valladolid, Yucatan",20.6897,-88.2022,5,22.99,30.24,24.65,39.54,56.05,103.85,2,1
2018-05-24,yucatan,"Valladolid, Yucatan",20.6897,-88.2022,5,9.85,30.31,24.12,47.36,52.489999999999995,113.02999999999999,3,0
2018-05-25,yucatan,"Valladolid, Yucatan",20.6897,-88.2022,5,7.99,29.43,22.71,40.83,58.72,118.44,4,0
2018-05-26,yucatan,"Valladolid, Yucatan",20.6897,-88.2022,5,2.81,30.99,21.64,20.650000000000002,61.13,99.98,0,0
2018-05-27,yucatan,"Valladolid, Yucatan",20.6897,-88.2022,5,3.67,32.16,21.44,14.470000000000004,63.85999999999999,95.6,0,0
2018-05-28,yucatan,"Valladolid, Yucatan",20.6897,-88.2022,5,4.62,33.21,23.37,11.100000000000003,66.44999999999999,98.8,0,0
2018-05-29,yucatan,"Valladolid, Yucatan",20.6897,-88.2022,5,4.35,34.42,23.34,12.640000000000002,56.28,101.13999999999999,0,0
2018-05-30,yucatan,"Valladolid, Yucatan",20.6897,-88.2022,5,2.37,34.04,24.63,11.340000000000003,35.660000000000004,91.71,0,0
2018-05-31,yucatan,"Valladolid, Yucatan",20.6897,-88.2022,5,4.57,30.03,24.51,11.290000000000003,30.380000000000003,82.87,0,0
2018-06-01,yucatan,"Valladolid, Yucatan",20.6897,-88.2022,5,1.62,30.25,23.49,8.560000000000004,24.009999999999998,82.72999999999999,0,0
2018-06-02,yucatan,"Valladolid, Yucatan",20.6897,-88.2022,5,1.59,29.61,23.23,7.780000000000004,22.790000000000003,83.92,0,0
2018-06-03,yucatan,"Valladolid, Yucatan",20.6897,-88.2022,5,7.4,32.77,22.72,10.610000000000003,26.52,90.38,1,0
2018-06-04,yucatan,"Valladolid, Yucatan",20.6897,-88.2022,5,0.45,33.33,22.85,9.440000000000003,22.349999999999998,88.8,0,0
2018-06-05,yucatan,"Valladolid, Yucatan",20.6897,-88.2022,5,1.73,34.11,23.24,9.580000000000004,19.73,76.00999999999999,0,0
2018-06-06,yucatan,"Valladolid, Yucatan",20.6897,-88.2022,5,0.22,34.24,22.54,2.4000000000000035,17.58,53.24,0,0
2018-06-07,yucatan,"Valladolid, Yucatan",20.6897,-88.2022,5,0.0,33.53,23.97,1.9500000000000035,13.01,43.39,0,0
2018-06-08,yucatan,"Valladolid, Yucatan",20.6897,-88.2022,5,0.0,33.59,24.03,0.22000000000000355,11.39,35.400000000000006,0,0
2018-06-09,yucatan,"Valladolid, Yucatan",20.6897,-88.2022,5,0.51,34.06,23.16,0.5100000000000036,10.31,33.1,0,0
2018-06-10,yucatan,"Valladolid, Yucatan",20.6897,-88.2022,5,3.49,32.68,23.38,4.0000000000000036,6.4,32.92,0,0
2018-06-11,yucatan,"Valladolid, Yucatan",20.6897,-88.2022,5,1.19,34.46,22.15,5.190000000000003,7.140000000000001,29.490000000000002,0,0
2018-06-12,yucatan,"Valladolid, Yucatan",20.6897,-88.2022,5,0.57,32.95,23.41,5.2500000000000036,5.98,25.71,0,0
2018-06-13,yucatan,"Valladolid, Yucatan",20.6897,-88.2022,5,12.87,27.87,23.79,14.630000000000003,18.63,36.21,1,0
2018-06-14,yucatan,"Valladolid, Yucatan",20.6897,-88.2022,5,27.01,27.8,22.82,40.45,45.64,58.65,2,1
2018-06-15,yucatan,"Valladolid, Yucatan",20.6897,-88.2022,5,15.62,27.39,22.17,55.50000000000001,61.26,72.65,3,0
2018-06-16,yucatan,"Valladolid, Yucatan",20.6897,-88.2022,5,35.67,26.6,23.47,78.30000000000001,96.42,106.72999999999999,4,1
2018-06-17,yucatan,"Valladolid, Yucatan",20.6897,-88.2022,5,59.76,26.79,23.91,111.05000000000001,152.69,159.08999999999997,5,1
2018-06-18,yucatan,"Valladolid, Yucatan",20.6897,-88.2022,5,4.43,29.05,23.27,99.86,155.93,163.07,0,0
2018-06-19,yucatan,"Valladolid, Yucatan",20.6897,-88.2022,5,0.1,29.49,23.58,64.28999999999999,155.45999999999998,161.43999999999997,0,0
2018-06-20,yucatan,"Valladolid, Yucatan",20.6897,-88.2022,5,0.0,29.89,22.57,4.5300000000000065,142.59,161.21999999999997,0,0
2018-06-21,yucatan,"Valladolid, Yucatan",20.6897,-88.2022,5,0.08,29.2,23.45,0.1800000000000071,115.66,161.29999999999998,0,0
2018-06-22,yucatan,"Valladolid, Yucatan",20.6897,-88.2022,5,0.05,28.45,24.03,0.1300000000000071,100.09,161.35,0,0
2018-06-23,yucatan,"Valladolid, Yucatan",20.6897,-88.2022,5,8.95,28.67,23.55,9.080000000000007,73.37,169.79,1,0
2018-06-24,yucatan,"Valladolid, Yucatan",20.6897,-88.2022,5,0.94,28.63,23.62,9.940000000000007,14.549999999999999,167.23999999999998,0,0
2018-06-25,yucatan,"Valladolid, Yucatan",20.6897,-88.2022,5,2.84,28.8,23.67,12.730000000000006,12.959999999999999,168.89,0,0
2018-06-26,yucatan,"Valladolid, Yucatan",20.6897,-88.2022,5,1.8,28.05,23.14,5.580000000000007,14.66,170.12,0,0
2018-06-27,yucatan,"Valladolid, Yucatan",20.6897,-88.2022,5,2.01,28.53,23.39,6.6500000000000075,16.67,159.26,0,0
2018-06-28,yucatan,"Valladolid, Yucatan",20.6897,-88.2022,5,0.29,29.78,23.33,4.100000000000007,16.88,132.54,0,0
2018-06-29,yucatan,"Valladolid, Yucatan",20.6897,-88.2022,5,1.53,30.3,23.34,3.830000000000007,18.36,118.44999999999999,0,0
2018-06-30,yucatan,"Valladolid, Yucatan",20.6897,-88.2022,5,4.01,29.82,23.24,5.830000000000007,13.42,86.79,0,0
2018-07-01,yucatan,"Valladolid, Yucatan",20.6897,-88.2022,5,1.76,28.92,23.13,7.300000000000007,14.24,28.79,0,0
2018-07-02,yucatan,"Valladolid, Yucatan",20.6897,-88.2022,5,1.15,30.49,23.07,6.920000000000007,12.55,25.509999999999998,0,0
2018-07-03,yucatan,"Valladolid, Yucatan",20.6897,-88.2022,5,0.43,29.73,22.02,3.340000000000007,11.18,25.84,0,0
2018-07-04,yucatan,"Valladolid, Yucatan",20.6897,-88.2022,5,2.15,30.25,22.36,3.7300000000000066,11.32,27.99,0,0
2018-07-05,yucatan,"Valladolid, Yucatan",20.6897,-88.2022,5,7.24,29.77,23.06,9.820000000000007,18.270000000000003,35.15,1,0
2018-07-06,yucatan,"Valladolid, Yucatan",20.6897,-88.2022,5,3.43,27.4,23.25,12.820000000000007,20.17,38.53,0,0
2018-07-07,yucatan,"Valladolid, Yucatan",20.6897,-88.2022,5,4.8,30.28,22.02,15.470000000000008,20.96,34.38,0,0
2018-07-08,yucatan,"Valladolid, Yucatan",20.6897,-88.2022,5,5.94,28.73,23.33,14.170000000000009,25.14,39.38,1,0
2018-07-09,yucatan,"Valladolid, Yucatan",20.6897,-88.2022,5,7.97,28.53,23.54,18.710000000000008,31.96,44.51,2,0
2018-07-10,yucatan,"Valladolid, Yucatan",20.6897,-88.2022,5,7.13,29.62,23.62,21.040000000000006,38.66,49.84,3,0
2018-07-11,yucatan,"Valladolid, Yucatan",20.6897,-88.2022,5,2.49,30.63,22.92,17.590000000000007,39.0,50.32,0,0
2018-07-12,yucatan,"Valladolid, Yucatan",20.6897,-88.2022,5,10.9,29.53,23.53,20.520000000000007,42.66,60.93,1,0
2018-07-13,yucatan,"Valladolid, Yucatan",20.6897,-88.2022,5,1.88,29.82,24.51,15.270000000000007,41.11,61.28000000000001,0,0
2018-07-14,yucatan,"Valladolid, Yucatan",20.6897,-88.2022,5,0.19,29.94,23.83,12.970000000000006,36.5,57.46,0,0
2018-07-15,yucatan,"Valladolid, Yucatan",20.6897,-88.2022,5,0.89,30.72,23.09,2.960000000000007,31.450000000000003,56.59,0,0
2018-07-16,yucatan,"Valladolid, Yucatan",20.6897,-88.2022,5,2.39,29.6,22.79,3.4700000000000073,25.870000000000005,57.830000000000005,0,0
2018-07-17,yucatan,"Valladolid, Yucatan",20.6897,-88.2022,5,0.77,31.27,23.0,4.050000000000008,19.51,58.17,0,0
2018-07-18,yucatan,"Valladolid, Yucatan",20.6897,-88.2022,5,0.14,32.37,22.71,3.3000000000000074,17.160000000000004,56.160000000000004,0,0
2018-07-19,yucatan,"Valladolid, Yucatan",20.6897,-88.2022,5,0.75,32.62,22.89,1.6600000000000072,7.01,49.67,0,0
2018-07-20,yucatan,"Valladolid, Yucatan",20.6897,-88.2022,5,2.09,33.65,22.97,2.980000000000007,7.220000000000001,48.330000000000005,0,0
2018-07-21,yucatan,"Valladolid, Yucatan",20.6897,-88.2022,5,1.08,33.92,23.31,3.920000000000007,8.11,44.61,0,0
2018-07-22,yucatan,"Valladolid, Yucatan",20.6897,-88.2022,5,2.92,33.64,23.44,6.090000000000007,10.14,41.59,0,0
2018-07-23,yucatan,"Valladolid, Yucatan",20.6897,-88.2022,5,7.2,34.36,24.17,11.200000000000006,14.95,40.82000000000001,1,0
2018-07-24,yucatan,"Valladolid, Yucatan",20.6897,-88.2022,5,7.26,34.15,24.05,17.380000000000006,21.439999999999998,40.95,2,0
2018-07-25,yucatan,"Valladolid, Yucatan",20.6897,-88.2022,5,0.01,34.08,23.4,14.470000000000008,21.31,38.47,0,0
2018-07-26,yucatan,"Valladolid, Yucatan",20.6897,-88.2022,5,0.25,34.08,23.54,7.520000000000007,20.81,27.82,0,0
2018-07-27,yucatan,"Valladolid, Yucatan",20.6897,-88.2022,5,1.57,33.88,23.69,1.8300000000000072,20.29,27.51,0,0
2018-07-28,yucatan,"Valladolid, Yucatan",20.6897,-88.2022,5,17.73,31.45,24.34,19.550000000000008,36.94,45.05,1,0
2018-07-29,yucatan,"Valladolid, Yucatan",20.6897,-88.2022,5,18.53,29.45,24.62,37.83000000000001,52.55,62.69,2,0
2018-07-30,yucatan,"Valladolid, Yucatan",20.6897,-88.2022,5,9.12,28.41,23.75,45.38000000000001,54.47,69.42,3,0
2018-07-31,yucatan,"Valladolid, Yucatan",20.6897,-88.2022,5,3.85,29.06,24.23,31.500000000000007,51.06,72.5,0,0
2018-08-01,yucatan,"Valladolid, Yucatan",20.6897,-88.2022,5,4.08,28.8,23.89,17.050000000000004,55.13,76.44,0,0
2018-08-02,yucatan,"Valladolid, Yucatan",20.6897,-88.2022,5,0.51,30.36,23.96,8.440000000000007,55.39,76.2,0,0
2018-08-03,yucatan,"Valladolid, Yucatan",20.6897,-88.2022,5,1.7,31.11,22.99,6.290000000000007,55.52,75.81,0,0
2018-08-04,yucatan,"Valladolid, Yucatan",20.6897,-88.2022,5,1.91,30.21,23.49,4.120000000000007,39.7,76.64,0,0
2018-08-05,yucatan,"Valladolid, Yucatan",20.6897,-88.2022,5,0.35,31.66,22.51,3.960000000000007,21.52,74.07,0,0
2018-08-06,yucatan,"Valladolid, Yucatan",20.6897,-88.2022,5,0.41,31.24,23.83,2.670000000000007,12.809999999999999,67.28,0,0
2018-08-07,yucatan,"Valladolid, Yucatan",20.6897,-88.2022,5,4.59,29.59,24.5,5.350000000000007,13.55,64.61,0,0
2018-08-08,yucatan,"Valladolid, Yucatan",20.6897,-88.2022,5,8.67,29.72,23.76,13.670000000000007,18.14,73.27,1,0
2018-08-09,yucatan,"Valladolid, Yucatan",20.6897,-88.2022,5,3.8,29.45,23.98,17.060000000000006,21.429999999999996,76.82,0,0
2018-08-10,yucatan,"Valladolid, Yucatan",20.6897,-88.2022,5,0.07,31.15,24.24,12.540000000000006,19.799999999999997,75.32,0,0
2018-08-11,yucatan,"Valladolid, Yucatan",20.6897,-88.2022,5,0.0,32.8,22.47,3.8700000000000068,17.889999999999997,57.589999999999996,0,0
2018-08-12,yucatan,"Valladolid, Yucatan",20.6897,-88.2022,5,7.09,30.58,23.35,7.160000000000007,24.63,46.15,1,0
2018-08-13,yucatan,"Valladolid, Yucatan",20.6897,-88.2022,5,12.91,29.66,23.13,20.000000000000007,37.129999999999995,49.94,2,0
2018-08-14,yucatan,"Valladolid, Yucatan",20.6897,-88.2022,5,2.01,30.45,22.69,22.010000000000005,34.55,48.099999999999994,0,0
2018-08-15,yucatan,"Valladolid, Yucatan",20.6897,-88.2022,5,0.67,31.7,22.8,15.590000000000007,26.549999999999997,44.69,0,0
2018-08-16,yucatan,"Valladolid, Yucatan",20.6897,-88.2022,5,16.15,29.61,23.51,18.830000000000005,38.89999999999999,60.33,1,0
2018-08-17,yucatan,"Valladolid, Yucatan",20.6897,-88.2022,5,18.5,28.29,22.42,35.32000000000001,57.33,77.13,2,0
2018-08-18,yucatan,"Valladolid, Yucatan",20.6897,-88.2022,5,2.22,28.66,23.28,36.870000000000005,59.55,77.44,0,0
2018-08-19,yucatan,"Valladolid, Yucatan",20.6897,-88.2022,5,1.58,29.43,22.58,22.300000000000008,54.04,78.67,0,0
2018-08-20,yucatan,"Valladolid, Yucatan",20.6897,-88.2022,5,1.64,29.63,23.16,5.4400000000000075,42.769999999999996,79.89999999999999,0,0
2018-08-21,yucatan,"Valladolid, Yucatan",20.6897,-88.2022,5,2.22,30.65,23.18,5.440000000000007,42.98,77.53,0,0
2018-08-22,yucatan,"Valladolid, Yucatan",20.6897,-88.2022,5,11.86,30.39,23.04,15.720000000000006,54.169999999999995,80.72,1,0
2018-08-23,yucatan,"Valladolid, Yucatan",20.6897,-88.2022,5,5.64,29.81,23.02,19.720000000000006,43.66,82.56,2,0
2018-08-24,yucatan,"Valladolid, Yucatan",20.6897,-88.2022,5,14.65,29.67,23.78,32.150000000000006,39.809999999999995,97.14,3,0
2018-08-25,yucatan,"Valladolid, Yucatan",20.6897,-88.2022,5,8.01,29.38,23.47,28.300000000000004,45.599999999999994,105.14999999999999,4,0
2018-08-26,yucatan,"Valladolid, Yucatan",20.6897,-88.2022,5,3.7,29.22,22.68,26.360000000000007,47.72,101.75999999999999,0,0
2018-08-27,yucatan,"Valladolid, Yucatan",20.6897,-88.2022,5,7.57,29.83,22.48,19.28000000000001,53.65,96.42,1,0
2018-08-28,yucatan,"Valladolid, Yucatan",20.6897,-88.2022,5,7.61,29.01,23.34,18.88000000000001,59.03999999999999,102.02,2,0
2018-08-29,yucatan,"Valladolid, Yucatan",20.6897,-88.2022,5,3.26,28.86,23.22,18.44000000000001,50.43999999999999,104.60999999999999,0,0
2018-08-30,yucatan,"Valladolid, Yucatan",20.6897,-88.2022,5,21.7,29.06,23.31,32.57000000000001,66.5,110.16,1,1
2018-08-31,yucatan,"Valladolid, Yucatan",20.6897,-88.2022,5,11.13,29.04,23.46,36.09000000000001,62.98,102.78999999999999,2,0
2018-09-01,yucatan,"Valladolid, Yucatan",20.6897,-88.2022,5,3.51,29.99,23.08,36.34000000000001,58.48,104.08,0,0
2018-09-02,yucatan,"Valladolid, Yucatan",20.6897,-88.2022,5,3.43,29.52,23.77,18.070000000000007,58.21,105.93,0,0
2018-09-03,yucatan,"Valladolid, Yucatan",20.6897,-88.2022,5,7.78,27.48,23.72,14.720000000000008,58.42,112.07,1,0
2018-09-04,yucatan,"Valladolid, Yucatan",20.6897,-88.2022,5,8.24,28.51,23.81,19.45000000000001,59.050000000000004,118.09,2,0
2018-09-05,yucatan,"Valladolid, Yucatan",20.6897,-88.2022,5,1.82,29.9,23.39,17.840000000000007,57.61,108.05,0,0
2018-09-06,yucatan,"Valladolid, Yucatan",20.6897,-88.2022,5,15.34,28.46,23.68,25.400000000000006,51.25,117.75,1,0
2018-09-07,yucatan,"Valladolid, Yucatan",20.6897,-88.2022,5,14.78,28.22,23.78,31.940000000000005,54.9,117.88,2,0
2018-09-08,yucatan,"Valladolid, Yucatan",20.6897,-88.2022,5,3.16,28.85,23.03,33.28000000000001,54.55,113.03,0,0
2018-09-09,yucatan,"Valladolid, Yucatan",20.6897,-88.2022,5,8.36,27.42,23.52,26.300000000000004,59.480000000000004,117.69,1,0
2018-09-10,yucatan,"Valladolid, Yucatan",20.6897,-88.2022,5,10.97,27.3,22.99,22.49000000000001,62.67,121.08999999999999,2,0
2018-09-11,yucatan,"Valladolid, Yucatan",20.6897,-88.2022,5,17.46,28.09,22.97,36.790000000000006,71.89,130.94,3,0
2018-09-12,yucatan,"Valladolid, Yucatan",20.6897,-88.2022,5,4.94,27.36,24.04,33.37000000000001,75.01,132.62,0,0
2018-09-13,yucatan,"Valladolid, Yucatan",20.6897,-88.2022,5,1.36,29.33,23.68,23.760000000000012,61.03,112.28,0,0
2018-09-14,yucatan,"Valladolid, Yucatan",20.6897,-88.2022,5,0.65,29.25,23.23,6.950000000000011,46.900000000000006,101.80000000000001,0,0
2018-09-15,yucatan,"Valladolid, Yucatan",20.6897,-88.2022,5,0.53,29.11,23.42,2.5400000000000107,44.27000000000001,98.82000000000001,0,0
2018-09-16,yucatan,"Valladolid, Yucatan",20.6897,-88.2022,5,0.2,30.14,22.88,1.3800000000000108,36.11000000000001,95.59,0,0
2018-09-17,yucatan,"Valladolid, Yucatan",20.6897,-88.2022,5,0.47,30.24,23.42,1.2000000000000106,25.610000000000003,88.28,0,0
2018-09-18,yucatan,"Valladolid, Yucatan",20.6897,-88.2022,5,5.43,29.61,23.79,6.10000000000001,13.58,85.47,1,0
2018-09-19,yucatan,"Valladolid, Yucatan",20.6897,-88.2022,5,5.63,28.41,24.67,11.53000000000001,14.27,89.28,2,0
2018-09-20,yucatan,"Valladolid, Yucatan",20.6897,-88.2022,5,0.43,29.36,23.76,11.490000000000009,13.34,74.37,0,0
2018-09-21,yucatan,"Valladolid, Yucatan",20.6897,-88.2022,5,2.87,28.79,23.99,8.93000000000001,15.559999999999999,62.46,0,0
2018-09-22,yucatan,"Valladolid, Yucatan",20.6897,-88.2022,5,3.45,28.95,23.84,6.750000000000011,18.48,62.75,0,0
2018-09-23,yucatan,"Valladolid, Yucatan",20.6897,-88.2022,5,4.63,27.66,23.77,10.950000000000012,22.91,59.019999999999996,0,0
2018-09-24,yucatan,"Valladolid, Yucatan",20.6897,-88.2022,5,6.15,27.67,23.29,14.230000000000011,28.589999999999996,54.2,1,0
2018-09-25,yucatan,"Valladolid, Yucatan",20.6897,-88.2022,5,9.6,28.2,23.66,20.38000000000001,32.76,46.34,2,0
2018-09-26,yucatan,"Valladolid, Yucatan",20.6897,-88.2022,5,2.19,28.84,23.59,17.940000000000012,29.32,43.59,0,0
2018-09-27,yucatan,"Valladolid, Yucatan",20.6897,-88.2022,5,4.34,28.62,23.53,16.13000000000001,33.23,46.57,0,0
2018-09-28,yucatan,"Valladolid, Yucatan",20.6897,-88.2022,5,2.05,29.55,23.52,8.580000000000009,32.41,47.97,0,0
2018-09-29,yucatan,"Valladolid, Yucatan",20.6897,-88.2022,5,0.49,29.39,23.26,6.8800000000000106,29.45,47.92999999999999,0,0
2018-09-30,yucatan,"Valladolid, Yucatan",20.6897,-88.2022,5,6.58,28.53,23.17,9.120000000000012,31.4,54.31,1,0
2018-10-01,yucatan,"Valladolid, Yucatan",20.6897,-88.2022,5,8.02,28.45,23.53,15.09000000000001,33.269999999999996,61.86,2,0
2018-10-02,yucatan,"Valladolid, Yucatan",20.6897,-88.2022,5,9.85,28.69,23.28,24.45000000000001,33.519999999999996,66.28,3,0
2018-10-03,yucatan,"Valladolid, Yucatan",20.6897,-88.2022,5,5.29,29.4,23.37,23.16000000000001,36.62,65.94,4,0
2018-10-04,yucatan,"Valladolid, Yucatan",20.6897,-88.2022,5,2.76,28.62,23.47,17.90000000000001,35.04,68.27000000000001,0,0
2018-10-05,yucatan,"Valladolid, Yucatan",20.6897,-88.2022,5,3.98,29.09,22.71,12.03000000000001,36.97,69.38,0,0
2018-10-06,yucatan,"Valladolid, Yucatan",20.6897,-88.2022,5,3.87,28.83,23.59,10.61000000000001,40.35,69.8,0,0
2018-10-07,yucatan,"Valladolid, Yucatan",20.6897,-88.2022,5,9.55,28.64,24.12,17.400000000000013,43.31999999999999,74.72,1,0
2018-10-08,yucatan,"Valladolid, Yucatan",20.6897,-88.2022,5,0.76,29.67,23.8,14.18000000000001,36.06,69.33,0,0
2018-10-09,yucatan,"Valladolid, Yucatan",20.6897,-88.2022,5,0.0,30.04,23.86,10.310000000000011,26.21,59.730000000000004,0,0
2018-10-10,yucatan,"Valladolid, Yucatan",20.6897,-88.2022,5,0.76,30.52,24.84,1.5200000000000107,21.68,58.3,0,0
2018-10-11,yucatan,"Valladolid, Yucatan",20.6897,-88.2022,5,6.38,28.12,23.3,7.14000000000001,25.300000000000004,60.34,1,0
2018-10-12,yucatan,"Valladolid, Yucatan",20.6897,-88.2022,5,4.16,27.88,22.36,11.300000000000011,25.480000000000004,62.449999999999996,0,0
2018-10-13,yucatan,"Valladolid, Yucatan",20.6897,-88.2022,5,2.97,29.96,23.32,13.51000000000001,24.580000000000002,64.93,0,0
2018-10-14,yucatan,"Valladolid, Yucatan",20.6897,-88.2022,5,0.24,29.76,24.03,7.370000000000011,15.270000000000001,58.589999999999996,0,0
2018-10-15,yucatan,"Valladolid, Yucatan",20.6897,-88.2022,5,0.58,29.87,23.86,3.7900000000000107,15.090000000000002,51.15,0,0
2018-10-16,yucatan,"Valladolid, Yucatan",20.6897,-88.2022,5,7.23,28.26,24.44,8.050000000000011,22.32,48.53,1,0
2018-10-17,yucatan,"Valladolid, Yucatan",20.6897,-88.2022,5,3.77,29.64,23.91,11.58000000000001,25.33,47.01,0,0
2018-10-18,yucatan,"Valladolid, Yucatan",20.6897,-88.2022,5,6.0,28.51,23.26,17.00000000000001,24.950000000000003,50.25,1,0
2018-10-19,yucatan,"Valladolid, Yucatan",20.6897,-88.2022,5,5.96,28.17,23.68,15.730000000000011,26.75,52.23,2,0
2018-10-20,yucatan,"Valladolid, Yucatan",20.6897,-88.2022,5,2.84,27.56,22.68,14.800000000000011,26.62,51.2,0,0
2018-10-21,yucatan,"Valladolid, Yucatan",20.6897,-88.2022,5,3.33,29.41,21.64,12.13000000000001,29.71,44.980000000000004,0,0
2018-10-22,yucatan,"Valladolid, Yucatan",20.6897,-88.2022,5,0.22,28.94,21.32,6.39000000000001,29.35,44.44,0,0
2018-10-23,yucatan,"Valladolid, Yucatan",20.6897,-88.2022,5,0.0,29.32,21.45,3.550000000000011,22.12,44.44,0,0
2018-10-24,yucatan,"Valladolid, Yucatan",20.6897,-88.2022,5,0.0,29.41,21.92,0.22000000000001066,18.35,43.68,0,0
2018-10-25,yucatan,"Valladolid, Yucatan",20.6897,-88.2022,5,0.0,29.19,21.17,0.0,12.35,37.3,0,0
2018-10-26,yucatan,"Valladolid, Yucatan",20.6897,-88.2022,5,0.0,29.25,21.61,0.0,6.39,33.14,0,0
2018-10-27,yucatan,"Valladolid, Yucatan",20.6897,-88.2022,5,0.23,28.98,20.7,0.23000000000001067,3.7800000000000002,30.4,0,0
2018-10-28,yucatan,"Valladolid, Yucatan",20.6897,-88.2022,5,1.71,28.76,21.46,1.9400000000000106,2.16,31.87,0,0
2018-10-29,yucatan,"Valladolid, Yucatan",20.6897,-88.2022,5,3.52,28.41,20.54,5.460000000000011,5.46,34.81,0,0
2018-10-30,yucatan,"Valladolid, Yucatan",20.6897,-88.2022,5,0.36,28.31,19.56,5.5900000000000105,5.82,27.939999999999998,0,0
2018-10-31,yucatan,"Valladolid, Yucatan",20.6897,-88.2022,5,1.06,28.68,20.56,4.94000000000001,6.88,25.23,0,0
2018-11-01,yucatan,"Valladolid, Yucatan",20.6897,-88.2022,5,0.01,29.87,19.08,1.4300000000000106,6.89,19.24,0,0
2018-11-02,yucatan,"Valladolid, Yucatan",20.6897,-88.2022,5,15.35,29.24,22.4,16.42000000000001,22.24,28.63,1,0
2018-11-03,yucatan,"Valladolid, Yucatan",20.6897,-88.2022,5,6.84,28.1,22.07,22.20000000000001,28.85,32.629999999999995,2,0
2018-11-04,yucatan,"Valladolid, Yucatan",20.6897,-88.2022,5,4.21,27.99,22.95,26.400000000000013,31.349999999999998,33.51,0,0
2018-11-05,yucatan,"Valladolid, Yucatan",20.6897,-88.2022,5,0.27,29.5,22.33,11.320000000000011,28.099999999999998,33.56,0,0
2018-11-06,yucatan,"Valladolid, Yucatan",20.6897,-88.2022,5,0.0,29.33,20.87,4.480000000000011,27.74,33.56,0,0
2018-11-07,yucatan,"Valladolid, Yucatan",20.6897,-88.2022,5,0.0,29.24,21.5,0.2700000000000107,26.68,33.56,0,0
2018-11-08,yucatan,"Valladolid, Yucatan",20.6897,-88.2022,5,0.0,29.98,19.88,0.0,26.669999999999998,33.56,0,0
2018-11-09,yucatan,"Valladolid, Yucatan",20.6897,-88.2022,5,0.0,30.5,20.84,0.0,11.32,33.56,0,0
2018-11-10,yucatan,"Valladolid, Yucatan",20.6897,-88.2022,5,2.49,31.59,21.31,2.490000000000011,6.970000000000001,35.82,0,0
2018-11-11,yucatan,"Valladolid, Yucatan",20.6897,-88.2022,5,3.25,30.6,21.76,5.740000000000011,6.01,37.36,0,0
2018-11-12,yucatan,"Valladolid, Yucatan",20.6897,-88.2022,5,0.01,30.35,20.47,5.750000000000011,5.750000000000001,33.85,0,0
2018-11-13,yucatan,"Valladolid, Yucatan",20.6897,-88.2022,5,0.65,31.53,21.58,3.910000000000011,6.3999999999999995,34.14,0,0
2018-11-14,yucatan,"Valladolid, Yucatan",20.6897,-88.2022,5,6.41,29.37,19.95,7.070000000000011,12.81,39.49,1,0
2018-11-15,yucatan,"Valladolid, Yucatan",20.6897,-88.2022,5,0.37,25.21,18.71,7.430000000000011,13.18,39.85,0,0
2018-11-16,yucatan,"Valladolid, Yucatan",20.6897,-88.2022,5,0.0,27.32,16.85,6.780000000000011,13.18,24.5,0,0
2018-11-17,yucatan,"Valladolid, Yucatan",20.6897,-88.2022,5,0.0,29.09,17.85,0.37000000000001065,10.69,17.66,0,0
2018-11-18,yucatan,"Valladolid, Yucatan",20.6897,-88.2022,5,0.0,30.57,18.06,0.0,7.44,13.45,0,0
2018-11-19,yucatan,"Valladolid, Yucatan",20.6897,-88.2022,5,0.0,31.7,18.36,0.0,7.43,13.18,0,0
2018-11-20,yucatan,"Valladolid, Yucatan",20.6897,-88.2022,5,7.74,32.01,20.59,7.740000000000011,14.52,20.92,1,0
2018-11-21,yucatan,"Valladolid, Yucatan",20.6897,-88.2022,5,1.75,31.33,20.55,9.49000000000001,9.86,22.67,0,0
2018-11-22,yucatan,"Valladolid, Yucatan",20.6897,-88.2022,5,0.01,31.95,20.56,9.50000000000001,9.500000000000002,22.68,0,0
2018-11-23,yucatan,"Valladolid, Yucatan",20.6897,-88.2022,5,0.0,31.65,20.53,1.7600000000000107,9.500000000000002,22.68,0,0
2018-11-24,yucatan,"Valladolid, Yucatan",20.6897,-88.2022,5,0.0,32.36,20.43,0.010000000000010658,9.500000000000002,20.19,0,0
2018-11-25,yucatan,"Valladolid, Yucatan",20.6897,-88.2022,5,0.0,32.38,20.14,0.0,9.500000000000002,16.94,0,0
2018-11-26,yucatan,"Valladolid, Yucatan",20.6897,-88.2022,5,10.91,32.89,21.77,10.91000000000001,20.410000000000004,27.84,1,0
2018-11-27,yucatan,"Valladolid, Yucatan",20.6897,-88.2022,5,11.66,26.44,20.32,22.57000000000001,24.33,38.85,2,0
2018-11-28,yucatan,"Valladolid, Yucatan",20.6897,-88.2022,5,0.62,27.72,17.88,23.190000000000012,23.2,33.059999999999995,0,0
2018-11-29,yucatan,"Valladolid, Yucatan",20.6897,-88.2022,5,3.56,27.9,18.85,15.84000000000001,26.750000000000004,36.25,0,0
2018-11-30,yucatan,"Valladolid, Yucatan",20.6897,-88.2022,5,0.28,30.6,20.89,4.460000000000011,27.03,36.53,0,0
2018-12-01,yucatan,"Valladolid, Yucatan",20.6897,-88.2022,5,0.0,31.52,23.33,3.8400000000000105,27.03,36.53,0,0
2018-12-02,yucatan,"Valladolid, Yucatan",20.6897,-88.2022,5,0.0,32.22,23.39,0.2800000000000107,27.03,36.53,0,0
2018-12-03,yucatan,"Valladolid, Yucatan",20.6897,-88.2022,5,0.02,32.27,22.59,0.02000000000001066,16.139999999999997,36.55,0,0
2018-12-04,yucatan,"Valladolid, Yucatan",20.6897,-88.2022,5,2.07,32.34,21.83,2.0900000000000105,6.55,30.88,0,0
2018-12-05,yucatan,"Valladolid, Yucatan",20.6897,-88.2022,5,3.49,29.56,22.38,5.580000000000011,9.42,32.620000000000005,0,0
2018-12-06,yucatan,"Valladolid, Yucatan",20.6897,-88.2022,5,2.14,29.06,21.67,7.700000000000012,8.0,34.75,0,0
2018-12-07,yucatan,"Valladolid, Yucatan",20.6897,-88.2022,5,0.5,30.91,20.16,6.130000000000011,8.22,35.25,0,0
2018-12-08,yucatan,"Valladolid, Yucatan",20.6897,-88.2022,5,3.0,30.12,21.82,5.640000000000011,11.22,38.25,0,0
2018-12-09,yucatan,"Valladolid, Yucatan",20.6897,-88.2022,5,6.32,31.71,21.36,9.820000000000011,17.54,44.56999999999999,1,0
2018-12-10,yucatan,"Valladolid, Yucatan",20.6897,-88.2022,5,1.94,25.52,19.05,11.26000000000001,19.46,35.6,0,0
2018-12-11,yucatan,"Valladolid, Yucatan",20.6897,-88.2022,5,0.0,25.79,16.47,8.26000000000001,17.39,23.94,0,0
2018-12-12,yucatan,"Valladolid, Yucatan",20.6897,-88.2022,5,0.0,28.39,13.44,1.9400000000000106,13.9,23.32,0,0
2018-12-13,yucatan,"Valladolid, Yucatan",20.6897,-88.2022,5,0.0,31.09,17.77,0.0,11.76,19.76,0,0
2018-12-14,yucatan,"Valladolid, Yucatan",20.6897,-88.2022,5,0.84,31.58,20.38,0.8400000000000106,12.1,20.32,0,0
2018-12-15,yucatan,"Valladolid, Yucatan",20.6897,-88.2022,5,0.88,27.16,18.13,1.7200000000000106,9.98,21.2,0,0
2018-12-16,yucatan,"Valladolid, Yucatan",20.6897,-88.2022,5,0.0,28.31,15.61,1.7200000000000106,3.66,21.2,0,0
2018-12-17,yucatan,"Valladolid, Yucatan",20.6897,-88.2022,5,0.03,28.71,15.92,0.9100000000000107,1.75,21.21,0,0
2018-12-18,yucatan,"Valladolid, Yucatan",20.6897,-88.2022,5,0.71,28.18,17.74,0.7400000000000106,2.46,19.849999999999998,0,0
2018-12-19,yucatan,"Valladolid, Yucatan",20.6897,-88.2022,5,0.21,29.64,18.96,0.9500000000000106,2.67,16.57,0,0
2018-12-20,yucatan,"Valladolid, Yucatan",20.6897,-88.2022,5,1.49,30.66,20.41,2.410000000000011,4.16,15.92,0,0
2018-12-21,yucatan,"Valladolid, Yucatan",20.6897,-88.2022,5,0.0,26.75,15.12,1.7000000000000106,3.3200000000000003,15.42,0,0
2018-12-22,yucatan,"Valladolid, Yucatan",20.6897,-88.2022,5,0.24,26.85,12.91,1.7300000000000106,2.68,12.66,0,0
2018-12-23,yucatan,"Valladolid, Yucatan",20.6897,-88.2022,5,0.0,29.33,13.8,0.24000000000001065,2.6799999999999997,6.34,0,0
2018-12-24,yucatan,"Valladolid, Yucatan",20.6897,-88.2022,5,0.0,28.97,16.93,0.24000000000001065,2.65,4.4,0,0
2018-12-25,yucatan,"Valladolid, Yucatan",20.6897,-88.2022,5,0.0,29.29,19.46,0.0,1.94,4.4,0,0
2018-12-26,yucatan,"Valladolid, Yucatan",20.6897,-88.2022,5,2.52,30.49,20.28,2.5200000000000107,4.25,6.92,0,0
2018-12-27,yucatan,"Valladolid, Yucatan",20.6897,-88.2022,5,0.64,31.28,21.06,3.160000000000011,3.4,7.5600000000000005,0,0
2018-12-28,yucatan,"Valladolid, Yucatan",20.6897,-88.2022,5,0.31,31.96,23.08,3.470000000000011,3.7100000000000004,7.029999999999999,0,0
2018-12-29,yucatan,"Valladolid, Yucatan",20.6897,-88.2022,5,0.5,32.0,22.32,1.4500000000000106,3.97,6.6499999999999995,0,0
2018-12-30,yucatan,"Valladolid, Yucatan",20.6897,-88.2022,5,10.48,30.42,22.16,11.290000000000012,14.450000000000001,17.13,1,0
2018-12-31,yucatan,"Valladolid, Yucatan",20.6897,-88.2022,5,0.55,31.7,22.27,11.530000000000012,15.000000000000002,17.65,0,0
2019-01-01,yucatan,"Valladolid, Yucatan",20.6897,-88.2022,5,0.41,31.97,21.32,11.440000000000012,15.410000000000002,17.35,0,0
2019-01-02,yucatan,"Valladolid, Yucatan",20.6897,-88.2022,5,0.18,31.61,20.26,1.1400000000000108,13.070000000000002,17.32,0,0
2019-01-03,yucatan,"Valladolid, Yucatan",20.6897,-88.2022,5,3.92,30.92,20.79,4.5100000000000104,16.35,19.75,0,0
2019-01-04,yucatan,"Valladolid, Yucatan",20.6897,-88.2022,5,0.98,33.1,20.91,5.080000000000011,17.020000000000003,20.73,0,0
2019-01-05,yucatan,"Valladolid, Yucatan",20.6897,-88.2022,5,1.23,31.32,20.57,6.1300000000000106,17.750000000000004,21.720000000000002,0,0
2019-01-06,yucatan,"Valladolid, Yucatan",20.6897,-88.2022,5,0.0,30.58,19.46,2.2100000000000106,7.27,21.72,0,0
2019-01-07,yucatan,"Valladolid, Yucatan",20.6897,-88.2022,5,0.03,30.92,15.51,1.2600000000000107,6.75,21.749999999999996,0,0
2019-01-08,yucatan,"Valladolid, Yucatan",20.6897,-88.2022,5,16.44,30.82,19.39,16.470000000000013,22.78,38.19,1,0
2019-01-09,yucatan,"Valladolid, Yucatan",20.6897,-88.2022,5,7.2,29.4,19.75,23.670000000000012,29.8,42.87,2,0
2019-01-10,yucatan,"Valladolid, Yucatan",20.6897,-88.2022,5,0.0,28.51,17.34,23.64000000000001,25.88,42.23,0,0
2019-01-11,yucatan,"Valladolid, Yucatan",20.6897,-88.2022,5,0.0,28.66,14.39,7.200000000000011,24.9,41.92,0,0
2019-01-12,yucatan,"Valladolid, Yucatan",20.6897,-88.2022,5,0.0,29.97,15.45,0.0,23.67,41.42,0,0
2019-01-13,yucatan,"Valladolid, Yucatan",20.6897,-88.2022,5,0.42,31.15,15.4,0.42000000000001064,24.090000000000003,31.36,0,0
2019-01-14,yucatan,"Valladolid, Yucatan",20.6897,-88.2022,5,11.25,28.04,20.64,11.67000000000001,35.31,42.06,1,0
2019-01-15,yucatan,"Valladolid, Yucatan",20.6897,-88.2022,5,0.76,28.96,18.88,12.43000000000001,19.630000000000003,42.410000000000004,0,0
2019-01-16,yucatan,"Valladolid, Yucatan",20.6897,-88.2022,5,0.0,29.31,16.56,12.01000000000001,12.430000000000001,42.230000000000004,0,0
2019-01-17,yucatan,"Valladolid, Yucatan",20.6897,-88.2022,5,0.0,29.4,16.18,0.7600000000000107,12.43,38.31,0,0
2019-01-18,yucatan,"Valladolid, Yucatan",20.6897,-88.2022,5,0.0,29.53,15.8,0.0,12.43,37.33,0,0
2019-01-19,yucatan,"Valladolid, Yucatan",20.6897,-88.2022,5,0.83,31.69,17.32,0.8300000000000106,13.26,36.93,0,0
2019-01-20,yucatan,"Valladolid, Yucatan",20.6897,-88.2022,5,4.02,24.16,15.62,4.85000000000001,16.86,40.95,0,0
2019-01-21,yucatan,"Valladolid, Yucatan",20.6897,-88.2022,5,0.0,27.38,13.41,4.85000000000001,5.609999999999999,40.92,0,0
2019-01-22,yucatan,"Valladolid, Yucatan",20.6897,-88.2022,5,0.67,27.24,15.2,4.69000000000001,5.52,25.15,0,0
2019-01-23,yucatan,"Valladolid, Yucatan",20.6897,-88.2022,5,0.97,31.86,21.69,1.6400000000000108,6.489999999999999,18.919999999999998,0,0
2019-01-24,yucatan,"Valladolid, Yucatan",20.6897,-88.2022,5,2.32,30.96,19.7,3.9600000000000106,8.809999999999999,21.24,0,0
2019-01-25,yucatan,"Valladolid, Yucatan",20.6897,-88.2022,5,2.06,27.85,18.94,5.35000000000001,10.87,23.299999999999997,0,0
2019-01-26,yucatan,"Valladolid, Yucatan",20.6897,-88.2022,5,5.23,29.05,19.8,9.61000000000001,15.27,28.529999999999998,1,0
2019-01-27,yucatan,"Valladolid, Yucatan",20.6897,-88.2022,5,14.21,30.39,15.49,21.50000000000001,25.46,42.31999999999999,2,0
2019-01-28,yucatan,"Valladolid, Yucatan",20.6897,-88.2022,5,0.26,26.46,13.17,19.700000000000014,25.720000000000002,31.33,0,0
2019-01-29,yucatan,"Valladolid, Yucatan",20.6897,-88.2022,5,0.0,29.47,14.13,14.47000000000001,25.05,30.569999999999997,0,0
2019-01-30,yucatan,"Valladolid, Yucatan",20.6897,-88.2022,5,0.0,29.87,15.57,0.2600000000000089,24.080000000000002,30.569999999999997,0,0
2019-01-31,yucatan,"Valladolid, Yucatan",20.6897,-88.2022,5,0.0,30.52,16.6,0.0,21.76,30.569999999999997,0,0
2019-02-01,yucatan,"Valladolid, Yucatan",20.6897,-88.2022,5,0.0,31.92,18.34,0.0,19.700000000000003,30.569999999999997,0,0
2019-02-02,yucatan,"Valladolid, Yucatan",20.6897,-88.2022,5,1.5,32.67,19.83,1.5000000000000089,15.97,31.24,0,0
2019-02-03,yucatan,"Valladolid, Yucatan",20.6897,-88.2022,5,1.18,32.42,20.03,2.6800000000000086,2.94,28.4,0,0
2019-02-04,yucatan,"Valladolid, Yucatan",20.6897,-88.2022,5,0.33,32.4,19.53,3.0100000000000087,3.01,28.729999999999997,0,0
2019-02-05,yucatan,"Valladolid, Yucatan",20.6897,-88.2022,5,0.0,32.58,20.26,1.510000000000009,3.01,28.059999999999995,0,0
2019-02-06,yucatan,"Valladolid, Yucatan",20.6897,-88.2022,5,0.02,32.01,18.97,0.3500000000000089,3.03,27.109999999999996,0,0
2019-02-07,yucatan,"Valladolid, Yucatan",20.6897,-88.2022,5,0.02,32.01,19.82,0.04000000000000888,3.0500000000000003,24.809999999999995,0,0
2019-02-08,yucatan,"Valladolid, Yucatan",20.6897,-88.2022,5,0.01,32.37,18.67,0.050000000000008885,3.0599999999999996,22.759999999999998,0,0
2019-02-09,yucatan,"Valladolid, Yucatan",20.6897,-88.2022,5,0.02,31.54,19.49,0.050000000000008885,1.5799999999999998,17.549999999999997,0,0
2019-02-10,yucatan,"Valladolid, Yucatan",20.6897,-88.2022,5,0.38,31.89,18.77,0.4100000000000089,0.78,3.719999999999996,0,0
2019-02-11,yucatan,"Valladolid, Yucatan",20.6897,-88.2022,5,0.95,32.01,19.85,1.350000000000009,1.4,4.409999999999997,0,0
2019-02-12,yucatan,"Valladolid, Yucatan",20.6897,-88.2022,5,15.17,31.01,20.0,16.500000000000007,16.57,19.58,1,0
2019-02-13,yucatan,"Valladolid, Yucatan",20.6897,-88.2022,5,12.25,28.07,20.15,28.37000000000001,28.8,31.83,2,0
2019-02-14,yucatan,"Valladolid, Yucatan",20.6897,-88.2022,5,0.04,31.28,18.45,27.46000000000001,28.82,31.869999999999997,0,0
2019-02-15,yucatan,"Valladolid, Yucatan",20.6897,-88.2022,5,0.0,31.71,16.57,12.290000000000008,28.81,31.869999999999997,0,0
2019-02-16,yucatan,"Valladolid, Yucatan",20.6897,-88.2022,5,0.0,32.67,17.09,0.04000000000000888,28.79,30.369999999999997,0,0
2019-02-17,yucatan,"Valladolid, Yucatan",20.6897,-88.2022,5,0.0,33.55,19.36,0.0,28.41,29.189999999999998,0,0
2019-02-18,yucatan,"Valladolid, Yucatan",20.6897,-88.2022,5,0.0,34.08,23.3,0.0,27.46,28.859999999999996,0,0
2019-02-19,yucatan,"Valladolid, Yucatan",20.6897,-88.2022,5,0.0,32.99,23.39,0.0,12.29,28.859999999999996,0,0
2019-02-20,yucatan,"Valladolid, Yucatan",20.6897,-88.2022,5,0.01,32.66,22.74,0.010000000000008882,0.05,28.849999999999994,0,0
2019-02-21,yucatan,"Valladolid, Yucatan",20.6897,-88.2022,5,3.59,30.9,22.3,3.6000000000000085,3.5999999999999996,32.419999999999995,0,0
2019-02-22,yucatan,"Valladolid, Yucatan",20.6897,-88.2022,5,1.72,33.08,22.03,5.320000000000008,5.319999999999999,34.129999999999995,0,0
2019-02-23,yucatan,"Valladolid, Yucatan",20.6897,-88.2022,5,0.0,32.67,22.67,5.3100000000000085,5.319999999999999,34.10999999999999,0,0
2019-02-24,yucatan,"Valladolid, Yucatan",20.6897,-88.2022,5,0.6,34.26,21.47,2.3200000000000087,5.92,34.33,0,0
2019-02-25,yucatan,"Valladolid, Yucatan",20.6897,-88.2022,5,0.09,33.55,21.24,0.6900000000000088,6.01,33.47,0,0
2019-02-26,yucatan,"Valladolid, Yucatan",20.6897,-88.2022,5,0.05,33.49,19.49,0.7400000000000089,6.06,18.349999999999994,0,0
2019-02-27,yucatan,"Valladolid, Yucatan",20.6897,-88.2022,5,0.0,33.68,19.85,0.1400000000000089,6.05,6.099999999999996,0,0
2019-02-28,yucatan,"Valladolid, Yucatan",20.6897,-88.2022,5,0.0,32.88,19.66,0.050000000000008885,2.46,6.059999999999996,0,0
2019-03-01,yucatan,"Valladolid, Yucatan",20.6897,-88.2022,5,0.0,33.44,19.47,0.0,0.74,6.059999999999996,0,0
2019-03-02,yucatan,"Valladolid, Yucatan",20.6897,-88.2022,5,0.0,34.03,21.24,0.0,0.74,6.059999999999996,0,0
2019-03-03,yucatan,"Valladolid, Yucatan",20.6897,-88.2022,5,0.0,33.81,20.53,0.0,0.14,6.059999999999996,0,0
2019-03-04,yucatan,"Valladolid, Yucatan",20.6897,-88.2022,5,0.0,34.82,20.92,0.0,0.05,6.059999999999996,0,0
2019-03-05,yucatan,"Valladolid, Yucatan",20.6897,-88.2022,5,3.81,35.86,20.9,3.810000000000009,3.81,9.869999999999996,0,0
2019-03-06,yucatan,"Valladolid, Yucatan",20.6897,-88.2022,5,11.3,31.66,21.65,15.11000000000001,15.110000000000001,21.159999999999997,1,0
2019-03-07,yucatan,"Valladolid, Yucatan",20.6897,-88.2022,5,0.0,33.25,18.77,15.11000000000001,15.110000000000001,17.569999999999997,0,0
2019-03-08,yucatan,"Valladolid, Yucatan",20.6897,-88.2022,5,0.0,33.74,18.69,11.30000000000001,15.110000000000001,15.849999999999996,0,0
2019-03-09,yucatan,"Valladolid, Yucatan",20.6897,-88.2022,5,0.0,34.11,19.43,0.0,15.110000000000001,15.849999999999996,0,0
2019-03-10,yucatan,"Valladolid, Yucatan",20.6897,-88.2022,5,0.0,33.63,22.8,0.0,15.110000000000001,15.249999999999996,0,0
2019-03-11,yucatan,"Valladolid, Yucatan",20.6897,-88.2022,5,0.0,34.34,22.58,0.0,15.110000000000001,15.159999999999997,0,0
2019-03-12,yucatan,"Valladolid, Yucatan",20.6897,-88.2022,5,0.0,34.35,20.94,0.0,11.3,15.109999999999998,0,0
2019-03-13,yucatan,"Valladolid, Yucatan",20.6897,-88.2022,5,0.0,33.51,20.93,0.0,0.0,15.109999999999998,0,0
2019-03-14,yucatan,"Valladolid, Yucatan",20.6897,-88.2022,5,0.0,33.82,21.68,0.0,0.0,15.109999999999998,0,0
2019-03-15,yucatan,"Valladolid, Yucatan",20.6897,-88.2022,5,0.0,34.88,22.44,0.0,0.0,15.109999999999998,0,0
2019-03-16,yucatan,"Valladolid, Yucatan",20.6897,-88.2022,5,0.0,35.76,20.33,0.0,0.0,15.109999999999998,0,0
2019-03-17,yucatan,"Valladolid, Yucatan",20.6897,-88.2022,5,0.0,35.82,21.8,0.0,0.0,15.109999999999998,0,0
2019-03-18,yucatan,"Valladolid, Yucatan",20.6897,-88.2022,5,4.08,34.47,21.52,4.080000000000009,4.08,19.189999999999998,0,0
2019-03-19,yucatan,"Valladolid, Yucatan",20.6897,-88.2022,5,9.21,31.92,20.73,13.29000000000001,13.290000000000001,24.589999999999996,1,0
2019-03-20,yucatan,"Valladolid, Yucatan",20.6897,-88.2022,5,0.06,33.2,20.58,13.35000000000001,13.350000000000001,13.349999999999998,0,0
2019-03-21,yucatan,"Valladolid, Yucatan",20.6897,-88.2022,5,0.0,32.64,18.62,9.27000000000001,13.350000000000001,13.349999999999998,0,0
2019-03-22,yucatan,"Valladolid, Yucatan",20.6897,-88.2022,5,0.0,32.64,16.24,0.06000000000000888,13.350000000000001,13.349999999999998,0,0
2019-03-23,yucatan,"Valladolid, Yucatan",20.6897,-88.2022,5,0.0,33.11,16.59,0.0,13.350000000000001,13.349999999999998,0,0
2019-03-24,yucatan,"Valladolid, Yucatan",20.6897,-88.2022,5,0.0,34.83,16.68,0.0,13.350000000000001,13.349999999999998,0,0
2019-03-25,yucatan,"Valladolid, Yucatan",20.6897,-88.2022,5,0.16,35.04,19.74,0.16000000000000889,9.430000000000001,13.509999999999998,0,0
2019-03-26,yucatan,"Valladolid, Yucatan",20.6897,-88.2022,5,0.03,35.28,21.38,0.19000000000000888,0.25,13.539999999999997,0,0
2019-03-27,yucatan,"Valladolid, Yucatan",20.6897,-88.2022,5,0.0,33.02,19.91,0.19000000000000888,0.19,13.539999999999997,0,0
2019-03-28,yucatan,"Valladolid, Yucatan",20.6897,-88.2022,5,0.0,33.11,17.36,0.03000000000000888,0.19,13.539999999999997,0,0
2019-03-29,yucatan,"Valladolid, Yucatan",20.6897,-88.2022,5,0.01,33.67,17.44,0.010000000000008882,0.2,13.549999999999997,0,0
2019-03-30,yucatan,"Valladolid, Yucatan",20.6897,-88.2022,5,0.0,35.21,19.58,0.010000000000008882,0.2,13.549999999999997,0,0
2019-03-31,yucatan,"Valladolid, Yucatan",20.6897,-88.2022,5,0.0,35.31,20.41,0.010000000000008882,0.2,13.549999999999997,0,0
2019-04-01,yucatan,"Valladolid, Yucatan",20.6897,-88.2022,5,0.0,35.97,20.72,0.0,0.04,9.469999999999997,0,0
2019-04-02,yucatan,"Valladolid, Yucatan",20.6897,-88.2022,5,0.17,36.42,21.74,0.1700000000000089,0.18000000000000002,0.4299999999999965,0,0
2019-04-03,yucatan,"Valladolid, Yucatan",20.6897,-88.2022,5,0.04,35.94,22.29,0.2100000000000089,0.22000000000000003,0.4099999999999965,0,0
2019-04-04,yucatan,"Valladolid, Yucatan",20.6897,-88.2022,5,0.0,35.94,20.87,0.2100000000000089,0.22000000000000003,0.4099999999999965,0,0
2019-04-05,yucatan,"Valladolid, Yucatan",20.6897,-88.2022,5,0.0,35.5,21.09,0.04000000000000888,0.21000000000000002,0.4099999999999965,0,0
2019-04-06,yucatan,"Valladolid, Yucatan",20.6897,-88.2022,5,0.0,35.18,22.36,0.0,0.21000000000000002,0.4099999999999965,0,0
2019-04-07,yucatan,"Valladolid, Yucatan",20.6897,-88.2022,5,0.0,34.86,24.24,0.0,0.21000000000000002,0.4099999999999965,0,0
2019-04-08,yucatan,"Valladolid, Yucatan",20.6897,-88.2022,5,1.47,36.51,24.56,1.4700000000000089,1.68,1.7199999999999964,0,0
2019-04-09,yucatan,"Valladolid, Yucatan",20.6897,-88.2022,5,4.98,29.42,21.55,6.450000000000009,6.49,6.669999999999996,0,0
2019-04-10,yucatan,"Valladolid, Yucatan",20.6897,-88.2022,5,0.01,36.14,18.01,6.460000000000009,6.46,6.679999999999996,0,0
2019-04-11,yucatan,"Valladolid, Yucatan",20.6897,-88.2022,5,0.0,36.08,20.88,4.990000000000009,6.46,6.679999999999996,0,0
2019-04-12,yucatan,"Valladolid, Yucatan",20.6897,-88.2022,5,0.0,36.21,21.33,0.010000000000008882,6.46,6.669999999999996,0,0
2019-04-13,yucatan,"Valladolid, Yucatan",20.6897,-88.2022,5,0.0,34.8,25.32,0.0,6.46,6.669999999999996,0,0
2019-04-14,yucatan,"Valladolid, Yucatan",20.6897,-88.2022,5,0.4,37.55,25.43,0.4000000000000089,6.86,7.069999999999997,0,0
2019-04-15,yucatan,"Valladolid, Yucatan",20.6897,-88.2022,5,0.86,36.29,24.66,1.260000000000009,6.25,7.929999999999996,0,0
2019-04-16,yucatan,"Valladolid, Yucatan",20.6897,-88.2022,5,0.02,36.31,23.52,1.280000000000009,1.29,7.779999999999997,0,0
2019-04-17,yucatan,"Valladolid, Yucatan",20.6897,-88.2022,5,0.0,35.53,23.02,0.8800000000000089,1.28,7.739999999999997,0,0
2019-04-18,yucatan,"Valladolid, Yucatan",20.6897,-88.2022,5,0.0,35.1,24.26,0.020000000000008882,1.28,7.739999999999997,0,0
2019-04-19,yucatan,"Valladolid, Yucatan",20.6897,-88.2022,5,2.29,35.81,22.39,2.290000000000009,3.5700000000000003,10.029999999999998,0,0
2019-04-20,yucatan,"Valladolid, Yucatan",20.6897,-88.2022,5,0.0,34.57,18.4,2.290000000000009,3.5700000000000003,10.029999999999998,0,0
2019-04-21,yucatan,"Valladolid, Yucatan",20.6897,-88.2022,5,0.0,35.13,17.39,2.290000000000009,3.1700000000000004,10.029999999999998,0,0
2019-04-22,yucatan,"Valladolid, Yucatan",20.6897,-88.2022,5,0.0,36.2,19.57,0.0,2.3100000000000005,8.559999999999995,0,0
2019-04-23,yucatan,"Valladolid, Yucatan",20.6897,-88.2022,5,0.0,36.29,21.2,0.0,2.2900000000000005,3.5799999999999956,0,0
2019-04-24,yucatan,"Valladolid, Yucatan",20.6897,-88.2022,5,0.0,35.34,23.77,0.0,2.2900000000000005,3.569999999999996,0,0
2019-04-25,yucatan,"Valladolid, Yucatan",20.6897,-88.2022,5,0.0,36.37,23.53,0.0,2.2900000000000005,3.569999999999996,0,0
2019-04-26,yucatan,"Valladolid, Yucatan",20.6897,-88.2022,5,0.81,37.97,24.48,0.8100000000000089,0.8100000000000005,4.3799999999999955,0,0
2019-04-27,yucatan,"Valladolid, Yucatan",20.6897,-88.2022,5,1.54,32.33,24.54,2.350000000000009,2.3500000000000005,5.919999999999996,0,0
2019-04-28,yucatan,"Valladolid, Yucatan",20.6897,-88.2022,5,0.24,36.45,23.12,2.5900000000000087,2.5900000000000007,5.759999999999995,0,0
2019-04-29,yucatan,"Valladolid, Yucatan",20.6897,-88.2022,5,0.04,35.97,23.21,1.820000000000009,2.6300000000000003,4.939999999999995,0,0
2019-04-30,yucatan,"Valladolid, Yucatan",20.6897,-88.2022,5,0.01,36.35,23.52,0.29000000000000886,2.6400000000000006,4.929999999999995,0,0
2019-05-01,yucatan,"Valladolid, Yucatan",20.6897,-88.2022,5,0.0,37.15,24.11,0.050000000000008885,2.6400000000000006,4.929999999999995,0,0
2019-05-02,yucatan,"Valladolid, Yucatan",20.6897,-88.2022,5,0.04,36.27,23.78,0.050000000000008885,2.6800000000000006,4.969999999999995,0,0
2019-05-03,yucatan,"Valladolid, Yucatan",20.6897,-88.2022,5,0.08,36.36,25.4,0.12000000000000888,1.9500000000000004,2.759999999999996,0,0
2019-05-04,yucatan,"Valladolid, Yucatan",20.6897,-88.2022,5,0.06,35.76,25.78,0.18000000000000888,0.4700000000000004,2.819999999999996,0,0
2019-05-05,yucatan,"Valladolid, Yucatan",20.6897,-88.2022,5,25.59,35.17,24.62,25.730000000000008,25.82,28.409999999999997,1,1
2019-05-06,yucatan,"Valladolid, Yucatan",20.6897,-88.2022,5,10.27,32.84,23.99,35.92000000000001,36.05,38.67999999999999,2,0
2019-05-07,yucatan,"Valladolid, Yucatan",20.6897,-88.2022,5,0.11,35.21,23.75,35.970000000000006,36.150000000000006,38.79,0,0
2019-05-08,yucatan,"Valladolid, Yucatan",20.6897,-88.2022,5,0.0,35.24,21.99,10.380000000000006,36.150000000000006,38.79,0,0
2019-05-09,yucatan,"Valladolid, Yucatan",20.6897,-88.2022,5,0.0,35.68,24.07,0.1100000000000071,36.11,38.79,0,0
2019-05-10,yucatan,"Valladolid, Yucatan",20.6897,-88.2022,5,0.0,35.01,24.89,0.0,36.03,37.98,0,0
2019-05-11,yucatan,"Valladolid, Yucatan",20.6897,-88.2022,5,0.0,36.1,24.66,0.0,35.970000000000006,36.44,0,0
2019-05-12,yucatan,"Valladolid, Yucatan",20.6897,-88.2022,5,0.0,36.46,23.91,0.0,10.379999999999999,36.199999999999996,0,0
2019-05-13,yucatan,"Valladolid, Yucatan",20.6897,-88.2022,5,0.0,37.68,23.8,0.0,0.11,36.16,0,0
2019-05-14,yucatan,"Valladolid, Yucatan",20.6897,-88.2022,5,0.0,37.1,23.84,0.0,0.0,36.15,0,0
2019-05-15,yucatan,"Valladolid, Yucatan",20.6897,-88.2022,5,0.0,35.86,24.33,0.0,0.0,36.15,0,0
2019-05-16,yucatan,"Valladolid, Yucatan",20.6897,-88.2022,5,6.08,32.77,24.84,6.080000000000007,6.08,42.19,1,0
2019-05-17,yucatan,"Valladolid, Yucatan",20.6897,-88.2022,5,10.15,33.82,24.39,16.230000000000008,16.23,52.26,2,0
2019-05-18,yucatan,"Valladolid, Yucatan",20.6897,-88.2022,5,5.79,34.61,24.15,22.020000000000007,22.02,57.989999999999995,3,0
2019-05-19,yucatan,"Valladolid, Yucatan",20.6897,-88.2022,5,0.02,34.52,25.16,15.960000000000008,22.04,32.419999999999995,0,0
2019-05-20,yucatan,"Valladolid, Yucatan",20.6897,-88.2022,5,0.0,35.58,24.75,5.810000000000007,22.04,22.149999999999995,0,0
2019-05-21,yucatan,"Valladolid, Yucatan",20.6897,-88.2022,5,0.0,35.55,23.74,0.020000000000007106,22.04,22.039999999999996,0,0
2019-05-22,yucatan,"Valladolid, Yucatan",20.6897,-88.2022,5,0.07,35.39,25.18,0.07000000000000711,22.11,22.109999999999996,0,0
2019-05-23,yucatan,"Valladolid, Yucatan",20.6897,-88.2022,5,0.03,36.87,24.93,0.10000000000000711,16.060000000000002,22.139999999999997,0,0
2019-05-24,yucatan,"Valladolid, Yucatan",20.6897,-88.2022,5,0.78,37.02,24.99,0.8800000000000071,6.69,22.919999999999998,0,0
2019-05-25,yucatan,"Valladolid, Yucatan",20.6897,-88.2022,5,0.64,36.23,23.08,1.4500000000000073,1.54,23.559999999999995,0,0
2019-05-26,yucatan,"Valladolid, Yucatan",20.6897,-88.2022,5,3.59,35.88,22.66,5.010000000000007,5.109999999999999,27.15,0,0
2019-05-27,yucatan,"Valladolid, Yucatan",20.6897,-88.2022,5,2.63,32.96,23.64,6.8600000000000065,7.74,29.779999999999998,0,0
2019-05-28,yucatan,"Valladolid, Yucatan",20.6897,-88.2022,5,0.27,36.5,24.08,6.490000000000007,8.01,30.049999999999997,0,0
2019-05-29,yucatan,"Valladolid, Yucatan",20.6897,-88.2022,5,0.18,37.4,24.07,3.080000000000007,8.12,30.229999999999997,0,0
2019-05-30,yucatan,"Valladolid, Yucatan",20.6897,-88.2022,5,0.28,35.91,25.17,0.7300000000000071,8.370000000000001,24.429999999999996,0,0
2019-05-31,yucatan,"Valladolid, Yucatan",20.6897,-88.2022,5,12.08,33.47,25.57,12.540000000000006,19.67,26.359999999999996,1,0
2019-06-01,yucatan,"Valladolid, Yucatan",20.6897,-88.2022,5,18.28,31.57,25.01,30.640000000000008,37.31,38.849999999999994,2,0
2019-06-02,yucatan,"Valladolid, Yucatan",20.6897,-88.2022,5,14.51,30.42,25.13,44.870000000000005,48.230000000000004,53.339999999999996,3,0
2019-06-03,yucatan,"Valladolid, Yucatan",20.6897,-88.2022,5,0.56,32.64,24.65,33.35000000000001,46.160000000000004,53.89999999999999,0,0
2019-06-04,yucatan,"Valladolid, Yucatan",20.6897,-88.2022,5,0.0,34.76,24.48,15.070000000000007,45.89,53.89999999999999,0,0
2019-06-05,yucatan,"Valladolid, Yucatan",20.6897,-88.2022,5,0.0,35.02,23.28,0.5600000000000072,45.71,53.82999999999999,0,0
2019-06-06,yucatan,"Valladolid, Yucatan",20.6897,-88.2022,5,0.0,36.59,23.15,0.0,45.43,53.8,0,0
2019-06-07,yucatan,"Valladolid, Yucatan",20.6897,-88.2022,5,0.0,36.47,23.41,0.0,33.35,53.019999999999996,0,0
2019-06-08,yucatan,"Valladolid, Yucatan",20.6897,-88.2022,5,0.0,37.36,24.39,0.0,15.07,52.379999999999995,0,0
2019-06-09,yucatan,"Valladolid, Yucatan",20.6897,-88.2022,5,0.0,37.86,25.99,0.0,0.56,48.78999999999999,0,0
2019-06-10,yucatan,"Valladolid, Yucatan",20.6897,-88.2022,5,0.31,37.45,25.19,0.3100000000000071,0.31,46.47,0,0
2019-06-11,yucatan,"Valladolid, Yucatan",20.6897,-88.2022,5,7.26,36.31,24.46,7.5700000000000065,7.569999999999999,53.459999999999994,1,0
2019-06-12,yucatan,"Valladolid, Yucatan",20.6897,-88.2022,5,2.31,35.54,23.62,9.880000000000006,9.879999999999999,55.589999999999996,0,0
2019-06-13,yucatan,"Valladolid, Yucatan",20.6897,-88.2022,5,7.18,33.35,24.34,16.750000000000007,17.06,62.489999999999995,1,0
2019-06-14,yucatan,"Valladolid, Yucatan",20.6897,-88.2022,5,1.66,34.13,23.83,11.150000000000007,18.72,52.06999999999999,0,0
2019-06-15,yucatan,"Valladolid, Yucatan",20.6897,-88.2022,5,0.81,33.66,24.02,9.650000000000007,19.529999999999998,34.599999999999994,0,0
2019-06-16,yucatan,"Valladolid, Yucatan",20.6897,-88.2022,5,0.17,35.26,24.49,2.6400000000000072,19.7,20.259999999999998,0,0
2019-06-17,yucatan,"Valladolid, Yucatan",20.6897,-88.2022,5,0.34,33.61,25.54,1.3200000000000072,19.73,20.039999999999996,0,0
2019-06-18,yucatan,"Valladolid, Yucatan",20.6897,-88.2022,5,0.15,36.48,25.73,0.6600000000000071,12.62,20.189999999999994,0,0
2019-06-19,yucatan,"Valladolid, Yucatan",20.6897,-88.2022,5,0.0,36.07,25.46,0.4900000000000071,10.31,20.189999999999994,0,0
2019-06-20,yucatan,"Valladolid, Yucatan",20.6897,-88.2022,5,0.0,36.88,26.43,0.1500000000000071,3.13,20.189999999999994,0,0
2019-06-21,yucatan,"Valladolid, Yucatan",20.6897,-88.2022,5,0.04,36.78,25.63,0.040000000000007106,1.51,20.229999999999997,0,0
2019-06-22,yucatan,"Valladolid, Yucatan",20.6897,-88.2022,5,0.08,36.32,25.7,0.1200000000000071,0.78,20.309999999999995,0,0
2019-06-23,yucatan,"Valladolid, Yucatan",20.6897,-88.2022,5,0.0,37.08,25.98,0.12000000000000711,0.61,20.309999999999995,0,0
2019-06-24,yucatan,"Valladolid, Yucatan",20.6897,-88.2022,5,0.0,38.18,23.78,0.08000000000000712,0.27,19.999999999999996,0,0
2019-06-25,yucatan,"Valladolid, Yucatan",20.6897,-88.2022,5,0.1,36.39,24.78,0.10000000000000711,0.22,12.839999999999995,0,0
2019-06-26,yucatan,"Valladolid, Yucatan",20.6897,-88.2022,5,0.09,37.56,25.45,0.1900000000000071,0.31,10.619999999999996,0,0
2019-06-27,yucatan,"Valladolid, Yucatan",20.6897,-88.2022,5,1.46,35.57,24.57,1.650000000000007,1.77,4.899999999999997,0,0
2019-06-28,yucatan,"Valladolid, Yucatan",20.6897,-88.2022,5,8.0,33.38,24.31,9.550000000000008,9.73,11.239999999999997,1,0
2019-06-29,yucatan,"Valladolid, Yucatan",20.6897,-88.2022,5,11.43,34.73,23.67,20.890000000000008,21.08,21.859999999999996,2,0
2019-06-30,yucatan,"Valladolid, Yucatan",20.6897,-88.2022,5,11.52,29.35,23.56,30.950000000000006,32.6,33.209999999999994,3,0
2019-07-01,yucatan,"Valladolid, Yucatan",20.6897,-88.2022,5,2.17,33.48,24.14,25.120000000000005,34.769999999999996,35.03999999999999,0,0
2019-07-02,yucatan,"Valladolid, Yucatan",20.6897,-88.2022,5,1.44,36.18,23.24,15.130000000000006,36.11,36.33,0,0
2019-07-03,yucatan,"Valladolid, Yucatan",20.6897,-88.2022,5,0.33,35.83,23.17,3.940000000000007,36.35,36.66,0,0
2019-07-04,yucatan,"Valladolid, Yucatan",20.6897,-88.2022,5,2.18,37.66,23.41,3.9500000000000073,37.07,38.839999999999996,0,0
2019-07-05,yucatan,"Valladolid, Yucatan",20.6897,-88.2022,5,15.63,32.76,24.76,18.140000000000008,44.7,54.42999999999999,1,0
2019-07-06,yucatan,"Valladolid, Yucatan",20.6897,-88.2022,5,2.12,35.08,23.72,19.93000000000001,35.39,56.47,0,0
2019-07-07,yucatan,"Valladolid, Yucatan",20.6897,-88.2022,5,1.19,33.86,23.2,18.940000000000005,25.06,57.66,0,0
2019-07-08,yucatan,"Valladolid, Yucatan",20.6897,-88.2022,5,3.69,36.06,24.18,7.000000000000007,26.580000000000002,61.349999999999994,0,0
2019-07-09,yucatan,"Valladolid, Yucatan",20.6897,-88.2022,5,8.28,35.31,24.22,13.160000000000007,33.42,69.53,1,0
2019-07-10,yucatan,"Valladolid, Yucatan",20.6897,-88.2022,5,26.28,35.12,23.34,38.25000000000001,59.370000000000005,95.72,2,1
2019-07-11,yucatan,"Valladolid, Yucatan",20.6897,-88.2022,5,3.22,31.86,23.95,37.78000000000001,60.410000000000004,97.48,0,0
2019-07-12,yucatan,"Valladolid, Yucatan",20.6897,-88.2022,5,0.52,32.95,23.19,30.02000000000001,45.300000000000004,90.0,0,0
2019-07-13,yucatan,"Valladolid, Yucatan",20.6897,-88.2022,5,0.01,33.53,23.37,3.750000000000007,43.190000000000005,78.58,0,0
2019-07-14,yucatan,"Valladolid, Yucatan",20.6897,-88.2022,5,0.09,33.78,24.23,0.6200000000000071,42.09,67.14999999999999,0,0
2019-07-15,yucatan,"Valladolid, Yucatan",20.6897,-88.2022,5,0.02,33.99,24.07,0.1200000000000071,38.42,65.0,0,0
2019-07-16,yucatan,"Valladolid, Yucatan",20.6897,-88.2022,5,1.11,32.38,24.49,1.2200000000000073,31.25,64.67,0,0
2019-07-17,yucatan,"Valladolid, Yucatan",20.6897,-88.2022,5,4.56,32.65,23.91,5.690000000000007,9.53,68.89999999999999,0,0
2019-07-18,yucatan,"Valladolid, Yucatan",20.6897,-88.2022,5,0.04,35.36,23.11,5.710000000000007,6.349999999999999,66.75999999999999,0,0
2019-07-19,yucatan,"Valladolid, Yucatan",20.6897,-88.2022,5,0.23,35.96,22.04,4.830000000000007,6.059999999999999,51.35999999999999,0,0
2019-07-20,yucatan,"Valladolid, Yucatan",20.6897,-88.2022,5,7.0,34.29,23.87,7.270000000000008,13.049999999999999,56.239999999999995,1,0
2019-07-21,yucatan,"Valladolid, Yucatan",20.6897,-88.2022,5,2.68,32.86,23.54,9.910000000000007,15.639999999999999,57.72999999999999,0,0
2019-07-22,yucatan,"Valladolid, Yucatan",20.6897,-88.2022,5,13.44,33.1,24.12,23.120000000000005,29.06,67.47999999999999,1,0
2019-07-23,yucatan,"Valladolid, Yucatan",20.6897,-88.2022,5,5.65,34.72,23.97,21.770000000000007,33.6,64.85,2,0
2019-07-24,yucatan,"Valladolid, Yucatan",20.6897,-88.2022,5,3.21,34.58,23.77,22.300000000000008,32.25,41.779999999999994,0,0
2019-07-25,yucatan,"Valladolid, Yucatan",20.6897,-88.2022,5,7.18,31.98,23.59,16.040000000000006,39.39,45.739999999999995,1,0
2019-07-26,yucatan,"Valladolid, Yucatan",20.6897,-88.2022,5,0.63,33.49,24.08,11.020000000000007,39.79,45.84999999999999,0,0
2019-07-27,yucatan,"Valladolid, Yucatan",20.6897,-88.2022,5,1.26,32.84,24.1,9.070000000000007,34.050000000000004,47.099999999999994,0,0
2019-07-28,yucatan,"Valladolid, Yucatan",20.6897,-88.2022,5,2.38,33.7,24.08,4.270000000000007,33.75,49.389999999999986,0,0
2019-07-29,yucatan,"Valladolid, Yucatan",20.6897,-88.2022,5,0.78,34.21,24.15,4.420000000000007,21.09,50.14999999999999,0,0
2019-07-30,yucatan,"Valladolid, Yucatan",20.6897,-88.2022,5,2.65,35.89,23.76,5.810000000000008,18.09,51.68999999999999,0,0
2019-07-31,yucatan,"Valladolid, Yucatan",20.6897,-88.2022,5,11.23,35.16,24.21,14.660000000000007,26.11,58.35999999999999,1,0
2019-08-01,yucatan,"Valladolid, Yucatan",20.6897,-88.2022,5,9.96,34.85,23.6,23.84000000000001,28.89,68.27999999999999,2,0
2019-08-02,yucatan,"Valladolid, Yucatan",20.6897,-88.2022,5,5.29,33.13,24.74,26.48000000000001,33.550000000000004,73.33999999999999,3,0
2019-08-03,yucatan,"Valladolid, Yucatan",20.6897,-88.2022,5,6.49,35.15,25.12,21.74000000000001,38.78,72.82999999999998,4,0
2019-08-04,yucatan,"Valladolid, Yucatan",20.6897,-88.2022,5,3.47,33.63,24.79,15.250000000000007,39.870000000000005,73.61999999999999,0,0
2019-08-05,yucatan,"Valladolid, Yucatan",20.6897,-88.2022,5,4.82,31.27,24.39,14.780000000000008,43.91,65.0,0,0
2019-08-06,yucatan,"Valladolid, Yucatan",20.6897,-88.2022,5,0.76,34.49,24.37,9.050000000000006,42.02,60.10999999999999,0,0
2019-08-07,yucatan,"Valladolid, Yucatan",20.6897,-88.2022,5,0.38,32.84,24.47,5.960000000000007,31.17,57.279999999999994,0,0
2019-08-08,yucatan,"Valladolid, Yucatan",20.6897,-88.2022,5,1.65,35.05,24.41,2.790000000000007,22.86,51.74999999999999,0,0
2019-08-09,yucatan,"Valladolid, Yucatan",20.6897,-88.2022,5,1.82,32.46,25.09,3.8500000000000076,19.39,52.94,0,0
2019-08-10,yucatan,"Valladolid, Yucatan",20.6897,-88.2022,5,0.13,35.34,24.08,3.600000000000007,13.03,51.80999999999999,0,0
2019-08-11,yucatan,"Valladolid, Yucatan",20.6897,-88.2022,5,1.63,35.75,24.17,3.580000000000007,11.190000000000001,51.059999999999995,0,0
2019-08-12,yucatan,"Valladolid, Yucatan",20.6897,-88.2022,5,2.06,36.53,24.18,3.8200000000000074,8.43,52.339999999999996,0,0
2019-08-13,yucatan,"Valladolid, Yucatan",20.6897,-88.2022,5,3.75,36.28,24.26,7.440000000000007,11.42,53.44,0,0
2019-08-14,yucatan,"Valladolid, Yucatan",20.6897,-88.2022,5,8.46,34.96,24.94,14.270000000000007,19.5,50.669999999999995,1,0
2019-08-15,yucatan,"Valladolid, Yucatan",20.6897,-88.2022,5,2.93,33.37,24.18,15.140000000000006,20.78,43.63999999999999,0,0
2019-08-16,yucatan,"Valladolid, Yucatan",20.6897,-88.2022,5,0.09,34.0,24.17,11.480000000000006,19.05,38.43999999999999,0,0
2019-08-17,yucatan,"Valladolid, Yucatan",20.6897,-88.2022,5,3.78,32.43,25.46,6.800000000000005,22.700000000000003,35.73,0,0
2019-08-18,yucatan,"Valladolid, Yucatan",20.6897,-88.2022,5,1.14,33.58,24.93,5.010000000000005,22.21,33.4,0,0
2019-08-19,yucatan,"Valladolid, Yucatan",20.6897,-88.2022,5,5.12,31.87,24.53,10.040000000000006,25.27,33.699999999999996,1,0
2019-08-20,yucatan,"Valladolid, Yucatan",20.6897,-88.2022,5,11.48,32.65,23.75,17.74000000000001,33.0,44.41999999999999,2,0
2019-08-21,yucatan,"Valladolid, Yucatan",20.6897,-88.2022,5,4.07,31.45,24.64,20.67000000000001,28.61,48.11,0,0
2019-08-22,yucatan,"Valladolid, Yucatan",20.6897,-88.2022,5,0.54,33.35,24.04,16.090000000000007,26.22,47.0,0,0
2019-08-23,yucatan,"Valladolid, Yucatan",20.6897,-88.2022,5,0.0,35.69,23.26,4.610000000000006,26.13,45.18,0,0
2019-08-24,yucatan,"Valladolid, Yucatan",20.6897,-88.2022,5,0.0,35.98,23.78,0.5400000000000054,22.349999999999998,45.05,0,0
2019-08-25,yucatan,"Valladolid, Yucatan",20.6897,-88.2022,5,0.03,35.17,24.85,0.030000000000005328,21.24,43.44999999999999,0,0
2019-08-26,yucatan,"Valladolid, Yucatan",20.6897,-88.2022,5,2.8,34.7,23.93,2.830000000000005,18.92,44.19,0,0
2019-08-27,yucatan,"Valladolid, Yucatan",20.6897,-88.2022,5,1.17,35.43,24.05,4.000000000000005,8.61,41.61,0,0
2019-08-28,yucatan,"Valladolid, Yucatan",20.6897,-88.2022,5,0.04,35.83,23.99,4.010000000000005,4.579999999999999,33.19,0,0
2019-08-29,yucatan,"Valladolid, Yucatan",20.6897,-88.2022,5,0.0,36.84,24.55,1.2100000000000053,4.039999999999999,30.25999999999999,0,0
2019-08-30,yucatan,"Valladolid, Yucatan",20.6897,-88.2022,5,9.97,34.61,23.93,10.010000000000005,14.01,40.13999999999999,1,0
2019-08-31,yucatan,"Valladolid, Yucatan",20.6897,-88.2022,5,6.37,34.7,23.98,16.340000000000007,20.38,42.72999999999999,2,0
2019-09-01,yucatan,"Valladolid, Yucatan",20.6897,-88.2022,5,1.86,32.92,24.66,18.200000000000006,22.209999999999997,43.44999999999999,0,0
2019-09-02,yucatan,"Valladolid, Yucatan",20.6897,-88.2022,5,8.55,34.04,24.63,16.78000000000001,27.96,46.879999999999995,1,0
2019-09-03,yucatan,"Valladolid, Yucatan",20.6897,-88.2022,5,8.64,35.04,24.64,19.050000000000008,35.43,44.03999999999999,2,0
2019-09-04,yucatan,"Valladolid, Yucatan",20.6897,-88.2022,5,4.51,34.22,24.54,21.70000000000001,39.900000000000006,44.48,0,0
2019-09-05,yucatan,"Valladolid, Yucatan",20.6897,-88.2022,5,2.59,34.05,23.97,15.740000000000007,42.49,46.529999999999994,0,0
2019-09-06,yucatan,"Valladolid, Yucatan",20.6897,-88.2022,5,6.5,32.81,24.67,13.600000000000007,39.02,53.029999999999994,1,0
2019-09-07,yucatan,"Valladolid, Yucatan",20.6897,-88.2022,5,9.26,32.12,23.98,18.35000000000001,41.91,62.28999999999999,2,0
2019-09-08,yucatan,"Valladolid, Yucatan",20.6897,-88.2022,5,1.6,34.16,23.3,17.360000000000007,41.65,63.86,0,0
2019-09-09,yucatan,"Valladolid, Yucatan",20.6897,-88.2022,5,3.44,33.86,23.37,14.300000000000008,36.54,64.5,0,0
2019-09-10,yucatan,"Valladolid, Yucatan",20.6897,-88.2022,5,5.86,31.55,24.68,10.900000000000007,33.760000000000005,69.19,1,0
2019-09-11,yucatan,"Valladolid, Yucatan",20.6897,-88.2022,5,4.01,31.24,24.51,13.310000000000008,33.26,73.16,0,0
2019-09-12,yucatan,"Valladolid, Yucatan",20.6897,-88.2022,5,5.53,32.1,23.33,15.40000000000001,36.2,78.69,1,0
2019-09-13,yucatan,"Valladolid, Yucatan",20.6897,-88.2022,5,11.11,30.18,23.63,20.650000000000006,40.81,79.83,2,0
2019-09-14,yucatan,"Valladolid, Yucatan",20.6897,-88.2022,5,4.82,33.0,23.72,21.460000000000008,36.370000000000005,78.28,0,0
2019-09-15,yucatan,"Valladolid, Yucatan",20.6897,-88.2022,5,1.93,34.31,23.86,17.86000000000001,36.7,78.35,0,0
2019-09-16,yucatan,"Valladolid, Yucatan",20.6897,-88.2022,5,2.84,34.29,24.77,9.590000000000009,36.1,72.63999999999999,0,0
2019-09-17,yucatan,"Valladolid, Yucatan",20.6897,-88.2022,5,1.24,32.11,24.42,6.010000000000009,31.479999999999997,65.24,0,0
2019-09-18,yucatan,"Valladolid, Yucatan",20.6897,-88.2022,5,0.28,33.93,23.18,4.360000000000008,27.75,61.01,0,0
2019-09-19,yucatan,"Valladolid, Yucatan",20.6897,-88.2022,5,0.02,34.3,23.64,1.540000000000009,22.24,58.43999999999999,0,0
2019-09-20,yucatan,"Valladolid, Yucatan",20.6897,-88.2022,5,0.05,34.58,24.16,0.3500000000000089,11.18,51.989999999999995,0,0
2019-09-21,yucatan,"Valladolid, Yucatan",20.6897,-88.2022,5,2.04,34.95,23.33,2.1100000000000088,8.399999999999999,44.769999999999996,0,0
2019-09-22,yucatan,"Valladolid, Yucatan",20.6897,-88.2022,5,7.7,33.59,24.73,9.79000000000001,14.17,50.86999999999999,1,0
2019-09-23,yucatan,"Valladolid, Yucatan",20.6897,-88.2022,5,5.29,33.79,24.96,15.030000000000008,16.62,52.71999999999999,2,0
2019-09-24,yucatan,"Valladolid, Yucatan",20.6897,-88.2022,5,10.12,33.51,24.97,23.110000000000007,25.5,56.97999999999999,3,0
2019-09-25,yucatan,"Valladolid, Yucatan",20.6897,-88.2022,5,8.94,31.29,25.27,24.35000000000001,34.16,61.90999999999999,4,0
2019-09-26,yucatan,"Valladolid, Yucatan",20.6897,-88.2022,5,11.75,30.61,25.21,30.81000000000001,45.89,68.13,5,0
2019-09-27,yucatan,"Valladolid, Yucatan",20.6897,-88.2022,5,0.35,32.53,24.51,21.04000000000001,46.19,57.37,0,0
2019-09-28,yucatan,"Valladolid, Yucatan",20.6897,-88.2022,5,0.32,31.95,25.31,12.420000000000009,44.47,52.87,0,0
2019-09-29,yucatan,"Valladolid, Yucatan",20.6897,-88.2022,5,2.4,31.04,25.45,3.0700000000000087,39.169999999999995,53.33999999999999,0,0
2019-09-30,yucatan,"Valladolid, Yucatan",20.6897,-88.2022,5,0.89,33.37,24.74,3.6100000000000088,34.769999999999996,51.38999999999999,0,0
2019-10-01,yucatan,"Valladolid, Yucatan",20.6897,-88.2022,5,0.24,33.18,23.19,3.5300000000000087,24.889999999999997,50.389999999999986,0,0
2019-10-02,yucatan,"Valladolid, Yucatan",20.6897,-88.2022,5,5.25,32.95,23.6,6.380000000000009,21.2,55.359999999999985,1,0
2019-10-03,yucatan,"Valladolid, Yucatan",20.6897,-88.2022,5,1.45,32.07,24.14,6.940000000000009,10.899999999999999,56.78999999999999,0,0
2019-10-04,yucatan,"Valladolid, Yucatan",20.6897,-88.2022,5,5.74,32.07,24.73,12.440000000000008,16.29,62.47999999999999,1,0
2019-10-05,yucatan,"Valladolid, Yucatan",20.6897,-88.2022,5,4.56,33.08,24.45,11.750000000000009,20.529999999999998,64.99999999999999,0,0
2019-10-06,yucatan,"Valladolid, Yucatan",20.6897,-88.2022,5,6.95,27.97,24.63,17.25000000000001,25.08,64.25,1,0
2019-10-07,yucatan,"Valladolid, Yucatan",20.6897,-88.2022,5,4.28,30.64,24.32,15.790000000000008,28.47,63.239999999999995,0,0
2019-10-08,yucatan,"Valladolid, Yucatan",20.6897,-88.2022,5,12.52,29.46,24.14,23.750000000000007,40.75,65.63999999999999,1,0
2019-10-09,yucatan,"Valladolid, Yucatan",20.6897,-88.2022,5,13.59,28.61,23.92,30.390000000000008,49.089999999999996,70.28999999999999,2,0
2019-10-10,yucatan,"Valladolid, Yucatan",20.6897,-88.2022,5,8.07,29.46,24.19,34.18000000000001,55.71,66.60999999999999,3,0
2019-10-11,yucatan,"Valladolid, Yucatan",20.6897,-88.2022,5,3.02,31.02,23.74,24.68000000000001,52.99,69.28,0,0
2019-10-12,yucatan,"Valladolid, Yucatan",20.6897,-88.2022,5,7.12,30.94,23.33,18.210000000000008,55.55,76.07999999999998,1,0
2019-10-13,yucatan,"Valladolid, Yucatan",20.6897,-88.2022,5,2.97,30.83,23.41,13.11000000000001,51.56999999999999,76.65,0,0
2019-10-14,yucatan,"Valladolid, Yucatan",20.6897,-88.2022,5,2.36,31.22,23.53,12.45000000000001,49.65,78.12,0,0
2019-10-15,yucatan,"Valladolid, Yucatan",20.6897,-88.2022,5,3.37,30.18,23.86,8.70000000000001,40.5,81.24999999999999,0,0
2019-10-16,yucatan,"Valladolid, Yucatan",20.6897,-88.2022,5,0.27,32.35,24.88,6.000000000000009,27.179999999999996,76.27,0,0
2019-10-17,yucatan,"Valladolid, Yucatan",20.6897,-88.2022,5,0.03,31.02,25.01,3.670000000000009,19.139999999999997,74.85000000000001,0,0
2019-10-18,yucatan,"Valladolid, Yucatan",20.6897,-88.2022,5,13.31,29.72,24.73,13.61000000000001,29.43,82.41999999999999,1,0
2019-10-19,yucatan,"Valladolid, Yucatan",20.6897,-88.2022,5,4.86,29.08,25.43,18.20000000000001,27.169999999999998,82.71999999999998,0,0
2019-10-20,yucatan,"Valladolid, Yucatan",20.6897,-88.2022,5,0.35,30.64,24.91,18.520000000000007,24.549999999999997,76.11999999999999,0,0
2019-10-21,yucatan,"Valladolid, Yucatan",20.6897,-88.2022,5,0.07,31.84,23.41,5.280000000000007,22.259999999999998,71.91,0,0
2019-10-22,yucatan,"Valladolid, Yucatan",20.6897,-88.2022,5,10.14,29.47,24.51,10.560000000000008,29.03,69.52999999999999,1,0
2019-10-23,yucatan,"Valladolid, Yucatan",20.6897,-88.2022,5,6.43,26.87,24.18,16.640000000000008,35.19,62.37,2,0
2019-10-24,yucatan,"Valladolid, Yucatan",20.6897,-88.2022,5,1.52,28.91,24.0,18.090000000000007,36.68,55.81999999999999,0,0
2019-10-25,yucatan,"Valladolid, Yucatan",20.6897,-88.2022,5,0.39,30.75,23.99,8.340000000000007,23.759999999999994,53.18999999999999,0,0
2019-10-26,yucatan,"Valladolid, Yucatan",20.6897,-88.2022,5,8.36,28.91,24.12,10.270000000000007,27.259999999999998,54.42999999999999,1,0
2019-10-27,yucatan,"Valladolid, Yucatan",20.6897,-88.2022,5,4.42,29.09,23.64,13.170000000000007,31.33,55.879999999999995,0,0
2019-10-28,yucatan,"Valladolid, Yucatan",20.6897,-88.2022,5,2.56,27.56,23.01,15.340000000000007,33.82,56.08,0,0
2019-10-29,yucatan,"Valladolid, Yucatan",20.6897,-88.2022,5,1.67,28.87,24.0,8.650000000000007,25.349999999999998,54.37999999999999,0,0
2019-10-30,yucatan,"Valladolid, Yucatan",20.6897,-88.2022,5,0.23,29.74,23.24,4.460000000000007,19.149999999999995,54.339999999999996,0,0
2019-10-31,yucatan,"Valladolid, Yucatan",20.6897,-88.2022,5,8.58,29.75,23.33,10.480000000000008,26.209999999999994,62.88999999999999,1,0
2019-11-01,yucatan,"Valladolid, Yucatan",20.6897,-88.2022,5,6.07,29.99,23.71,14.880000000000008,31.89,55.64999999999999,2,0
2019-11-02,yucatan,"Valladolid, Yucatan",20.6897,-88.2022,5,2.61,30.19,22.88,17.26000000000001,26.14,53.39999999999999,0,0
2019-11-03,yucatan,"Valladolid, Yucatan",20.6897,-88.2022,5,2.2,29.58,23.14,10.880000000000008,23.919999999999998,55.24999999999999,0,0
2019-11-04,yucatan,"Valladolid, Yucatan",20.6897,-88.2022,5,2.53,30.66,23.24,7.340000000000007,23.89,57.709999999999994,0,0
2019-11-05,yucatan,"Valladolid, Yucatan",20.6897,-88.2022,5,5.53,30.72,23.21,10.260000000000009,27.749999999999996,53.099999999999994,1,0
2019-11-06,yucatan,"Valladolid, Yucatan",20.6897,-88.2022,5,8.27,29.49,22.96,16.330000000000005,35.78999999999999,54.93999999999999,2,0
2019-11-07,yucatan,"Valladolid, Yucatan",20.6897,-88.2022,5,4.71,30.06,22.89,18.51000000000001,31.919999999999998,58.129999999999995,0,0
2019-11-08,yucatan,"Valladolid, Yucatan",20.6897,-88.2022,5,1.0,30.86,22.29,13.980000000000008,26.849999999999994,58.739999999999995,0,0
2019-11-09,yucatan,"Valladolid, Yucatan",20.6897,-88.2022,5,1.44,30.44,22.27,7.1500000000000075,25.679999999999993,51.81999999999999,0,0
2019-11-10,yucatan,"Valladolid, Yucatan",20.6897,-88.2022,5,3.01,30.16,22.66,5.450000000000006,26.489999999999995,50.40999999999999,0,0
2019-11-11,yucatan,"Valladolid, Yucatan",20.6897,-88.2022,5,0.89,31.63,22.96,5.340000000000007,24.849999999999994,48.73999999999999,0,0
2019-11-12,yucatan,"Valladolid, Yucatan",20.6897,-88.2022,5,6.83,29.84,23.35,10.730000000000008,26.149999999999995,53.9,1,0
2019-11-13,yucatan,"Valladolid, Yucatan",20.6897,-88.2022,5,15.8,29.03,22.7,23.52000000000001,33.67999999999999,69.47,2,0
2019-11-14,yucatan,"Valladolid, Yucatan",20.6897,-88.2022,5,5.27,28.46,22.59,27.900000000000006,34.239999999999995,66.16,3,0
2019-11-15,yucatan,"Valladolid, Yucatan",20.6897,-88.2022,5,5.83,28.97,22.15,26.90000000000001,39.06999999999999,65.91999999999999,4,0
2019-11-16,yucatan,"Valladolid, Yucatan",20.6897,-88.2022,5,0.01,26.08,17.26,11.110000000000008,37.64,63.31999999999999,0,0
2019-11-17,yucatan,"Valladolid, Yucatan",20.6897,-88.2022,5,0.0,26.16,15.66,5.840000000000009,34.63,61.11999999999999,0,0
2019-11-18,yucatan,"Valladolid, Yucatan",20.6897,-88.2022,5,0.0,26.32,15.72,0.010000000000008882,33.74,58.58999999999999,0,0
2019-11-19,yucatan,"Valladolid, Yucatan",20.6897,-88.2022,5,0.0,27.09,15.39,0.0,26.909999999999997,53.05999999999999,0,0
2019-11-20,yucatan,"Valladolid, Yucatan",20.6897,-88.2022,5,2.27,27.89,16.47,2.270000000000009,13.379999999999995,47.059999999999995,0,0
2019-11-21,yucatan,"Valladolid, Yucatan",20.6897,-88.2022,5,0.62,29.08,18.79,2.890000000000009,8.729999999999997,42.96999999999999,0,0
2019-11-22,yucatan,"Valladolid, Yucatan",20.6897,-88.2022,5,0.0,29.4,18.7,2.890000000000009,2.8999999999999964,41.96999999999999,0,0
2019-11-23,yucatan,"Valladolid, Yucatan",20.6897,-88.2022,5,0.0,31.26,18.88,0.6200000000000089,2.8899999999999966,40.529999999999994,0,0
2019-11-24,yucatan,"Valladolid, Yucatan",20.6897,-88.2022,5,0.0,31.11,19.68,0.0,2.8899999999999966,37.519999999999996,0,0
2019-11-25,yucatan,"Valladolid, Yucatan",20.6897,-88.2022,5,0.0,31.32,19.83,0.0,2.8899999999999966,36.629999999999995,0,0
2019-11-26,yucatan,"Valladolid, Yucatan",20.6897,-88.2022,5,0.0,31.0,19.84,0.0,2.8899999999999966,29.799999999999994,0,0
2019-11-27,yucatan,"Valladolid, Yucatan",20.6897,-88.2022,5,1.39,31.99,20.31,1.3900000000000088,2.0099999999999962,15.389999999999992,0,0
2019-11-28,yucatan,"Valladolid, Yucatan",20.6897,-88.2022,5,0.68,31.94,23.38,2.0700000000000087,2.0699999999999963,10.799999999999992,0,0
2019-11-29,yucatan,"Valladolid, Yucatan",20.6897,-88.2022,5,0.0,31.09,20.72,2.0700000000000087,2.0699999999999963,4.969999999999993,0,0
2019-11-30,yucatan,"Valladolid, Yucatan",20.6897,-88.2022,5,0.0,31.7,19.7,0.6800000000000089,2.0699999999999963,4.959999999999993,0,0
2019-12-01,yucatan,"Valladolid, Yucatan",20.6897,-88.2022,5,0.0,32.38,20.09,0.0,2.0699999999999963,4.959999999999993,0,0
2019-12-02,yucatan,"Valladolid, Yucatan",20.6897,-88.2022,5,0.06,31.77,20.07,0.06000000000000888,2.1299999999999963,5.0199999999999925,0,0
2019-12-03,yucatan,"Valladolid, Yucatan",20.6897,-88.2022,5,0.07,30.48,17.85,0.1300000000000089,2.199999999999996,5.089999999999993,0,0
2019-12-04,yucatan,"Valladolid, Yucatan",20.6897,-88.2022,5,0.0,30.29,16.31,0.1300000000000089,0.8099999999999965,2.8199999999999927,0,0
2019-12-05,yucatan,"Valladolid, Yucatan",20.6897,-88.2022,5,0.0,30.8,16.97,0.07000000000000889,0.12999999999999645,2.1999999999999926,0,0
2019-12-06,yucatan,"Valladolid, Yucatan",20.6897,-88.2022,5,0.0,31.21,18.05,0.0,0.12999999999999645,2.1999999999999926,0,0
2019-12-07,yucatan,"Valladolid, Yucatan",20.6897,-88.2022,5,0.0,31.22,17.56,0.0,0.12999999999999645,2.1999999999999926,0,0
2019-12-08,yucatan,"Valladolid, Yucatan",20.6897,-88.2022,5,0.0,31.6,18.12,0.0,0.12999999999999645,2.1999999999999926,0,0
2019-12-09,yucatan,"Valladolid, Yucatan",20.6897,-88.2022,5,0.0,31.64,19.59,0.0,0.06999999999999645,2.1999999999999926,0,0
2019-12-10,yucatan,"Valladolid, Yucatan",20.6897,-88.2022,5,0.01,32.83,20.85,0.010000000000008882,0.009999999999996447,2.2099999999999924,0,0
2019-12-11,yucatan,"Valladolid, Yucatan",20.6897,-88.2022,5,0.85,33.05,21.32,0.8600000000000089,0.8599999999999964,1.6699999999999928,0,0
2019-12-12,yucatan,"Valladolid, Yucatan",20.6897,-88.2022,5,0.09,33.19,20.97,0.9500000000000088,0.9499999999999964,1.079999999999993,0,0
2019-12-13,yucatan,"Valladolid, Yucatan",20.6897,-88.2022,5,2.81,32.55,21.5,3.750000000000009,3.7599999999999962,3.889999999999993,0,0
2019-12-14,yucatan,"Valladolid, Yucatan",20.6897,-88.2022,5,2.08,32.27,20.37,4.980000000000009,5.839999999999996,5.9699999999999935,0,0
2019-12-15,yucatan,"Valladolid, Yucatan",20.6897,-88.2022,5,0.0,32.56,20.43,4.8900000000000095,5.839999999999996,5.9699999999999935,0,0
2019-12-16,yucatan,"Valladolid, Yucatan",20.6897,-88.2022,5,0.0,32.87,21.6,2.080000000000009,5.839999999999996,5.909999999999993,0,0
2019-12-17,yucatan,"Valladolid, Yucatan",20.6897,-88.2022,5,24.32,33.19,21.82,24.320000000000007,30.15,30.159999999999993,1,1
2019-12-18,yucatan,"Valladolid, Yucatan",20.6897,-88.2022,5,22.62,24.65,20.02,46.94000000000001,51.92,52.779999999999994,2,1
2019-12-19,yucatan,"Valladolid, Yucatan",20.6897,-88.2022,5,0.06,24.98,18.54,47.00000000000001,51.89,52.839999999999996,0,0
2019-12-20,yucatan,"Valladolid, Yucatan",20.6897,-88.2022,5,0.38,28.56,16.76,23.06000000000001,49.46,53.21999999999999,0,0
2019-12-21,yucatan,"Valladolid, Yucatan",20.6897,-88.2022,5,3.04,28.46,20.91,3.480000000000007,50.42,56.25999999999999,0,0
2019-12-22,yucatan,"Valladolid, Yucatan",20.6897,-88.2022,5,4.43,29.86,20.12,7.850000000000007,54.85,60.69,0,0
2019-12-23,yucatan,"Valladolid, Yucatan",20.6897,-88.2022,5,0.19,26.46,16.69,7.660000000000007,55.04,60.879999999999995,0,0
2019-12-24,yucatan,"Valladolid, Yucatan",20.6897,-88.2022,5,0.0,26.72,14.29,4.620000000000007,30.72,60.87,0,0
2019-12-25,yucatan,"Valladolid, Yucatan",20.6897,-88.2022,5,0.0,27.37,14.73,0.1900000000000071,8.099999999999996,60.019999999999996,0,0
2019-12-26,yucatan,"Valladolid, Yucatan",20.6897,-88.2022,5,0.0,28.41,16.53,0.0,8.039999999999996,59.92999999999999,0,0
2019-12-27,yucatan,"Valladolid, Yucatan",20.6897,-88.2022,5,0.0,29.21,18.09,0.0,7.659999999999997,57.12,0,0
2019-12-28,yucatan,"Valladolid, Yucatan",20.6897,-88.2022,5,0.0,29.14,17.03,0.0,4.619999999999997,55.03999999999999,0,0
2019-12-29,yucatan,"Valladolid, Yucatan",20.6897,-88.2022,5,0.0,31.77,17.32,0.0,0.18999999999999734,55.03999999999999,0,0
2019-12-30,yucatan,"Valladolid, Yucatan",20.6897,-88.2022,5,3.49,31.21,21.09,3.4900000000000073,3.4899999999999975,58.529999999999994,0,0
2019-12-31,yucatan,"Valladolid, Yucatan",20.6897,-88.2022,5,2.58,31.25,21.54,6.070000000000007,6.069999999999998,36.78999999999999,0,0
2020-01-01,yucatan,"Valladolid, Yucatan",20.6897,-88.2022,5,0.66,31.01,20.43,6.7300000000000075,6.729999999999998,14.829999999999993,0,0
2020-01-02,yucatan,"Valladolid, Yucatan",20.6897,-88.2022,5,0.01,31.6,19.72,3.250000000000007,6.7399999999999975,14.779999999999992,0,0
2020-01-03,yucatan,"Valladolid, Yucatan",20.6897,-88.2022,5,0.0,32.32,23.21,0.6700000000000071,6.7399999999999975,14.399999999999993,0,0
2020-01-04,yucatan,"Valladolid, Yucatan",20.6897,-88.2022,5,1.49,29.08,21.15,1.500000000000007,8.229999999999997,12.849999999999993,0,0
2020-01-05,yucatan,"Valladolid, Yucatan",20.6897,-88.2022,5,0.01,29.16,18.84,1.500000000000007,8.239999999999997,8.429999999999993,0,0
2020-01-06,yucatan,"Valladolid, Yucatan",20.6897,-88.2022,5,0.0,29.22,17.08,1.500000000000007,4.749999999999997,8.239999999999993,0,0
2020-01-07,yucatan,"Valladolid, Yucatan",20.6897,-88.2022,5,0.0,27.68,17.51,0.010000000000007106,2.1699999999999973,8.239999999999993,0,0
2020-01-08,yucatan,"Valladolid, Yucatan",20.6897,-88.2022,5,0.0,29.49,16.34,0.0,1.5099999999999971,8.239999999999993,0,0
2020-01-09,yucatan,"Valladolid, Yucatan",20.6897,-88.2022,5,1.82,30.3,16.99,1.8200000000000072,3.3199999999999976,10.059999999999993,0,0
2020-01-10,yucatan,"Valladolid, Yucatan",20.6897,-88.2022,5,3.97,29.83,22.26,5.790000000000007,7.289999999999997,14.029999999999994,0,0
2020-01-11,yucatan,"Valladolid, Yucatan",20.6897,-88.2022,5,0.44,32.06,23.02,6.2300000000000075,6.2399999999999975,14.469999999999994,0,0
2020-01-12,yucatan,"Valladolid, Yucatan",20.6897,-88.2022,5,1.91,31.31,22.82,6.320000000000007,8.139999999999997,16.379999999999995,0,0
2020-01-13,yucatan,"Valladolid, Yucatan",20.6897,-88.2022,5,0.24,32.51,22.77,2.5900000000000074,8.379999999999997,13.129999999999994,0,0
2020-01-14,yucatan,"Valladolid, Yucatan",20.6897,-88.2022,5,0.11,32.8,21.05,2.2600000000000073,8.489999999999997,10.659999999999993,0,0
2020-01-15,yucatan,"Valladolid, Yucatan",20.6897,-88.2022,5,0.07,32.5,21.97,0.42000000000000753,8.559999999999997,10.069999999999993,0,0
2020-01-16,yucatan,"Valladolid, Yucatan",20.6897,-88.2022,5,0.18,31.81,18.97,0.36000000000000754,6.919999999999997,10.239999999999993,0,0
2020-01-17,yucatan,"Valladolid, Yucatan",20.6897,-88.2022,5,0.67,31.48,21.63,0.9200000000000076,3.6199999999999974,10.909999999999993,0,0
2020-01-18,yucatan,"Valladolid, Yucatan",20.6897,-88.2022,5,0.04,32.07,19.98,0.8900000000000076,3.219999999999997,9.459999999999994,0,0
2020-01-19,yucatan,"Valladolid, Yucatan",20.6897,-88.2022,5,0.04,31.98,18.72,0.7500000000000075,1.3499999999999974,9.489999999999993,0,0
2020-01-20,yucatan,"Valladolid, Yucatan",20.6897,-88.2022,5,1.89,30.17,19.61,1.9700000000000073,2.9999999999999973,11.379999999999994,0,0
2020-01-21,yucatan,"Valladolid, Yucatan",20.6897,-88.2022,5,0.06,27.06,17.17,1.9900000000000075,2.9499999999999975,11.439999999999994,0,0
2020-01-22,yucatan,"Valladolid, Yucatan",20.6897,-88.2022,5,0.0,27.31,14.27,1.9500000000000075,2.8799999999999972,11.439999999999994,0,0
2020-01-23,yucatan,"Valladolid, Yucatan",20.6897,-88.2022,5,0.0,30.14,14.65,0.06000000000000755,2.6999999999999975,9.619999999999994,0,0
2020-01-24,yucatan,"Valladolid, Yucatan",20.6897,-88.2022,5,0.95,29.84,17.83,0.9500000000000075,2.9799999999999978,6.5999999999999925,0,0
2020-01-25,yucatan,"Valladolid, Yucatan",20.6897,-88.2022,5,0.01,31.08,16.04,0.9600000000000075,2.9499999999999975,6.169999999999992,0,0
2020-01-26,yucatan,"Valladolid, Yucatan",20.6897,-88.2022,5,0.0,31.72,17.47,0.9600000000000075,2.9099999999999975,4.259999999999993,0,0
2020-01-27,yucatan,"Valladolid, Yucatan",20.6897,-88.2022,5,0.12,33.75,19.09,0.13000000000000755,1.1399999999999972,4.139999999999993,0,0
2020-01-28,yucatan,"Valladolid, Yucatan",20.6897,-88.2022,5,0.18,34.0,20.32,0.30000000000000754,1.2599999999999973,4.209999999999993,0,0
2020-01-29,yucatan,"Valladolid, Yucatan",20.6897,-88.2022,5,5.07,32.31,22.11,5.370000000000008,6.329999999999997,9.209999999999994,1,0
2020-01-30,yucatan,"Valladolid, Yucatan",20.6897,-88.2022,5,1.21,32.76,20.59,6.460000000000008,7.539999999999997,10.239999999999995,0,0
2020-01-31,yucatan,"Valladolid, Yucatan",20.6897,-88.2022,5,1.21,33.19,21.8,7.490000000000008,7.799999999999997,10.779999999999994,0,0
2020-02-01,yucatan,"Valladolid, Yucatan",20.6897,-88.2022,5,1.89,28.79,19.46,4.310000000000008,9.679999999999998,12.629999999999994,0,0
2020-02-02,yucatan,"Valladolid, Yucatan",20.6897,-88.2022,5,0.0,29.15,15.81,3.1000000000000076,9.679999999999998,12.589999999999995,0,0
2020-02-03,yucatan,"Valladolid, Yucatan",20.6897,-88.2022,5,0.0,30.62,14.3,1.890000000000008,9.559999999999999,10.699999999999994,0,0
2020-02-04,yucatan,"Valladolid, Yucatan",20.6897,-88.2022,5,0.0,32.78,18.95,0.0,9.379999999999997,10.639999999999993,0,0
2020-02-05,yucatan,"Valladolid, Yucatan",20.6897,-88.2022,5,0.0,32.91,23.35,0.0,4.309999999999997,10.639999999999993,0,0
2020-02-06,yucatan,"Valladolid, Yucatan",20.6897,-88.2022,5,0.24,35.85,24.62,0.24000000000000798,3.339999999999997,10.879999999999992,0,0
2020-02-07,yucatan,"Valladolid, Yucatan",20.6897,-88.2022,5,0.05,31.76,22.18,0.290000000000008,2.179999999999997,9.979999999999993,0,0
2020-02-08,yucatan,"Valladolid, Yucatan",20.6897,-88.2022,5,0.0,32.65,21.11,0.290000000000008,0.2899999999999973,9.969999999999994,0,0
2020-02-09,yucatan,"Valladolid, Yucatan",20.6897,-88.2022,5,0.0,32.38,22.23,0.050000000000007996,0.2899999999999973,9.969999999999994,0,0
2020-02-10,yucatan,"Valladolid, Yucatan",20.6897,-88.2022,5,0.0,33.65,22.54,0.0,0.2899999999999973,9.849999999999993,0,0
2020-02-11,yucatan,"Valladolid, Yucatan",20.6897,-88.2022,5,0.0,33.47,23.48,0.0,0.2899999999999973,9.669999999999993,0,0
2020-02-12,yucatan,"Valladolid, Yucatan",20.6897,-88.2022,5,0.0,33.15,24.22,0.0,0.2899999999999973,4.5999999999999925,0,0
2020-02-13,yucatan,"Valladolid, Yucatan",20.6897,-88.2022,5,0.04,34.13,24.68,0.040000000000007994,0.08999999999999733,3.4299999999999926,0,0
2020-02-14,yucatan,"Valladolid, Yucatan",20.6897,-88.2022,5,0.25,34.42,21.15,0.290000000000008,0.2899999999999973,2.4699999999999926,0,0
2020-02-15,yucatan,"Valladolid, Yucatan",20.6897,-88.2022,5,0.28,34.19,21.83,0.5700000000000081,0.5699999999999974,0.859999999999993,0,0
2020-02-16,yucatan,"Valladolid, Yucatan",20.6897,-88.2022,5,0.0,34.18,20.92,0.530000000000008,0.5699999999999974,0.859999999999993,0,0
2020-02-17,yucatan,"Valladolid, Yucatan",20.6897,-88.2022,5,0.0,33.86,21.16,0.28000000000000796,0.5699999999999974,0.859999999999993,0,0
2020-02-18,yucatan,"Valladolid, Yucatan",20.6897,-88.2022,5,0.0,34.02,20.59,0.0,0.5699999999999974,0.859999999999993,0,0
2020-02-19,yucatan,"Valladolid, Yucatan",20.6897,-88.2022,5,0.24,35.21,23.43,0.24000000000000793,0.8099999999999974,1.099999999999993,0,0
2020-02-20,yucatan,"Valladolid, Yucatan",20.6897,-88.2022,5,0.17,35.99,21.52,0.4100000000000079,0.9399999999999973,1.029999999999993,0,0
2020-02-21,yucatan,"Valladolid, Yucatan",20.6897,-88.2022,5,0.28,34.02,22.58,0.6900000000000079,0.9699999999999973,1.259999999999993,0,0
2020-02-22,yucatan,"Valladolid, Yucatan",20.6897,-88.2022,5,0.1,28.42,18.8,0.5500000000000079,0.7899999999999973,1.359999999999993,0,0
2020-02-23,yucatan,"Valladolid, Yucatan",20.6897,-88.2022,5,0.0,32.06,15.85,0.3800000000000079,0.7899999999999973,1.359999999999993,0,0
2020-02-24,yucatan,"Valladolid, Yucatan",20.6897,-88.2022,5,0.0,34.33,19.24,0.10000000000000789,0.7899999999999973,1.359999999999993,0,0
2020-02-25,yucatan,"Valladolid, Yucatan",20.6897,-88.2022,5,0.0,35.95,21.5,0.0,0.7899999999999973,1.359999999999993,0,0
2020-02-26,yucatan,"Valladolid, Yucatan",20.6897,-88.2022,5,4.0,36.36,21.07,4.000000000000008,4.549999999999997,5.359999999999993,0,0
2020-02-27,yucatan,"Valladolid, Yucatan",20.6897,-88.2022,5,0.41,27.24,19.19,4.410000000000008,4.789999999999997,5.729999999999993,0,0
2020-02-28,yucatan,"Valladolid, Yucatan",20.6897,-88.2022,5,0.0,27.7,16.92,4.410000000000008,4.509999999999997,5.479999999999993,0,0
2020-02-29,yucatan,"Valladolid, Yucatan",20.6897,-88.2022,5,0.0,29.56,14.52,0.41000000000000797,4.4099999999999975,5.199999999999993,0,0
2020-03-01,yucatan,"Valladolid, Yucatan",20.6897,-88.2022,5,0.0,31.89,15.49,0.0,4.4099999999999975,5.199999999999993,0,0
2020-03-02,yucatan,"Valladolid, Yucatan",20.6897,-88.2022,5,0.0,33.66,18.06,0.0,4.4099999999999975,5.199999999999993,0,0
2020-03-03,yucatan,"Valladolid, Yucatan",20.6897,-88.2022,5,0.0,35.32,23.67,0.0,4.4099999999999975,5.199999999999993,0,0
2020-03-04,yucatan,"Valladolid, Yucatan",20.6897,-88.2022,5,0.0,34.8,24.98,0.0,0.4099999999999973,4.959999999999994,0,0
2020-03-05,yucatan,"Valladolid, Yucatan",20.6897,-88.2022,5,1.54,37.5,24.61,1.540000000000008,1.5399999999999974,6.329999999999994,0,0
2020-03-06,yucatan,"Valladolid, Yucatan",20.6897,-88.2022,5,7.45,30.81,21.27,8.990000000000009,8.989999999999998,13.499999999999993,1,0
2020-03-07,yucatan,"Valladolid, Yucatan",20.6897,-88.2022,5,0.05,29.43,20.45,9.040000000000008,9.039999999999997,13.449999999999994,0,0
2020-03-08,yucatan,"Valladolid, Yucatan",20.6897,-88.2022,5,0.0,31.39,17.48,7.500000000000008,9.039999999999997,13.449999999999994,0,0
2020-03-09,yucatan,"Valladolid, Yucatan",20.6897,-88.2022,5,0.0,32.52,18.07,0.050000000000007996,9.039999999999997,13.449999999999994,0,0
2020-03-10,yucatan,"Valladolid, Yucatan",20.6897,-88.2022,5,0.23,34.21,18.78,0.230000000000008,9.269999999999998,13.679999999999994,0,0
2020-03-11,yucatan,"Valladolid, Yucatan",20.6897,-88.2022,5,0.02,33.58,20.2,0.250000000000008,9.289999999999997,9.699999999999992,0,0
2020-03-12,yucatan,"Valladolid, Yucatan",20.6897,-88.2022,5,0.0,34.65,21.02,0.250000000000008,7.749999999999997,9.289999999999994,0,0
2020-03-13,yucatan,"Valladolid, Yucatan",20.6897,-88.2022,5,0.0,34.49,19.79,0.020000000000007994,0.2999999999999974,9.289999999999994,0,0
2020-03-14,yucatan,"Valladolid, Yucatan",20.6897,-88.2022,5,0.0,34.94,21.15,0.0,0.24999999999999736,9.289999999999994,0,0
2020-03-15,yucatan,"Valladolid, Yucatan",20.6897,-88.2022,5,0.0,35.27,21.47,0.0,0.24999999999999734,9.289999999999994,0,0
2020-03-16,yucatan,"Valladolid, Yucatan",20.6897,-88.2022,5,0.0,35.36,22.96,0.0,0.24999999999999734,9.289999999999994,0,0
2020-03-17,yucatan,"Valladolid, Yucatan",20.6897,-88.2022,5,0.0,35.18,21.46,0.0,0.019999999999997364,9.289999999999994,0,0
2020-03-18,yucatan,"Valladolid, Yucatan",20.6897,-88.2022,5,0.0,34.66,22.25,0.0,0.0,9.289999999999994,0,0
2020-03-19,yucatan,"Valladolid, Yucatan",20.6897,-88.2022,5,0.0,34.61,23.8,0.0,0.0,7.749999999999993,0,0
2020-03-20,yucatan,"Valladolid, Yucatan",20.6897,-88.2022,5,0.0,35.47,23.96,0.0,0.0,0.29999999999999294,0,0
2020-03-21,yucatan,"Valladolid, Yucatan",20.6897,-88.2022,5,0.0,36.07,21.3,0.0,0.0,0.24999999999999292,0,0
2020-03-22,yucatan,"Valladolid, Yucatan",20.6897,-88.2022,5,0.0,35.25,20.86,0.0,0.0,0.2499999999999929,0,0
2020-03-23,yucatan,"Valladolid, Yucatan",20.6897,-88.2022,5,0.0,35.71,21.7,0.0,0.0,0.2499999999999929,0,0
2020-03-24,yucatan,"Valladolid, Yucatan",20.6897,-88.2022,5,0.0,35.93,21.15,0.0,0.0,0.019999999999992923,0,0
2020-03-25,yucatan,"Valladolid, Yucatan",20.6897,-88.2022,5,0.0,37.4,20.61,0.0,0.0,0.0,0,0
2020-03-26,yucatan,"Valladolid, Yucatan",20.6897,-88.2022,5,0.0,37.46,19.95,0.0,0.0,0.0,0,0
2020-03-27,yucatan,"Valladolid, Yucatan",20.6897,-88.2022,5,0.0,36.17,22.3,0.0,0.0,0.0,0,0
2020-03-28,yucatan,"Valladolid, Yucatan",20.6897,-88.2022,5,0.0,35.66,20.0,0.0,0.0,0.0,0,0
2020-03-29,yucatan,"Valladolid, Yucatan",20.6897,-88.2022,5,0.0,34.94,23.38,0.0,0.0,0.0,0,0
2020-03-30,yucatan,"Valladolid, Yucatan",20.6897,-88.2022,5,0.0,35.32,24.22,0.0,0.0,0.0,0,0
2020-03-31,yucatan,"Valladolid, Yucatan",20.6897,-88.2022,5,0.21,36.76,22.17,0.21000000000000799,0.20999999999999736,0.20999999999999291,0,0
2020-04-01,yucatan,"Valladolid, Yucatan",20.6897,-88.2022,5,3.24,36.17,23.67,3.450000000000008,3.4499999999999975,3.449999999999993,0,0
2020-04-02,yucatan,"Valladolid, Yucatan",20.6897,-88.2022,5,0.11,38.11,23.43,3.560000000000008,3.5599999999999974,3.559999999999993,0,0
2020-04-03,yucatan,"Valladolid, Yucatan",20.6897,-88.2022,5,0.0,37.47,23.46,3.350000000000008,3.5599999999999974,3.559999999999993,0,0
2020-04-04,yucatan,"Valladolid, Yucatan",20.6897,-88.2022,5,0.0,37.4,23.13,0.110000000000008,3.5599999999999974,3.559999999999993,0,0
2020-04-05,yucatan,"Valladolid, Yucatan",20.6897,-88.2022,5,0.0,37.94,21.99,0.0,3.5599999999999974,3.559999999999993,0,0
2020-04-06,yucatan,"Valladolid, Yucatan",20.6897,-88.2022,5,0.03,37.53,22.11,0.030000000000007992,3.5899999999999976,3.589999999999993,0,0
2020-04-07,yucatan,"Valladolid, Yucatan",20.6897,-88.2022,5,0.0,38.65,23.5,0.030000000000007992,3.3799999999999977,3.589999999999993,0,0
2020-04-08,yucatan,"Valladolid, Yucatan",20.6897,-88.2022,5,0.0,39.58,22.95,0.030000000000007992,0.13999999999999735,3.589999999999993,0,0
2020-04-09,yucatan,"Valladolid, Yucatan",20.6897,-88.2022,5,0.0,40.43,21.62,0.0,0.029999999999997334,3.589999999999993,0,0
2020-04-10,yucatan,"Valladolid, Yucatan",20.6897,-88.2022,5,0.0,39.65,22.67,0.0,0.029999999999997334,3.589999999999993,0,0
2020-04-11,yucatan,"Valladolid, Yucatan",20.6897,-88.2022,5,0.0,38.23,22.12,0.0,0.029999999999997334,3.589999999999993,0,0
2020-04-12,yucatan,"Valladolid, Yucatan",20.6897,-88.2022,5,0.0,37.07,25.37,0.0,0.029999999999997334,3.589999999999993,0,0
2020-04-13,yucatan,"Valladolid, Yucatan",20.6897,-88.2022,5,0.0,38.45,25.9,0.0,0.0,3.589999999999993,0,0
2020-04-14,yucatan,"Valladolid, Yucatan",20.6897,-88.2022,5,0.0,37.39,25.43,0.0,0.0,3.3799999999999932,0,0
2020-04-15,yucatan,"Valladolid, Yucatan",20.6897,-88.2022,5,0.0,38.39,24.08,0.0,0.0,0.1399999999999929,0,0
2020-04-16,yucatan,"Valladolid, Yucatan",20.6897,-88.2022,5,0.0,37.0,23.12,0.0,0.0,0.029999999999992893,0,0
2020-04-17,yucatan,"Valladolid, Yucatan",20.6897,-88.2022,5,0.0,37.41,23.51,0.0,0.0,0.029999999999992893,0,0
2020-04-18,yucatan,"Valladolid, Yucatan",20.6897,-88.2022,5,0.0,37.59,22.8,0.0,0.0,0.029999999999992893,0,0
2020-04-19,yucatan,"Valladolid, Yucatan",20.6897,-88.2022,5,0.0,37.01,23.85,0.0,0.0,0.029999999999992893,0,0
2020-04-20,yucatan,"Valladolid, Yucatan",20.6897,-88.2022,5,0.0,39.2,24.72,0.0,0.0,0.0,0,0
2020-04-21,yucatan,"Valladolid, Yucatan",20.6897,-88.2022,5,0.0,39.22,24.85,0.0,0.0,0.0,0,0
2020-04-22,yucatan,"Valladolid, Yucatan",20.6897,-88.2022,5,0.0,36.72,24.71,0.0,0.0,0.0,0,0
2020-04-23,yucatan,"Valladolid, Yucatan",20.6897,-88.2022,5,0.0,36.67,26.15,0.0,0.0,0.0,0,0
2020-04-24,yucatan,"Valladolid, Yucatan",20.6897,-88.2022,5,0.0,38.19,26.46,0.0,0.0,0.0,0,0
2020-04-25,yucatan,"Valladolid, Yucatan",20.6897,-88.2022,5,1.09,35.64,26.54,1.090000000000008,1.0899999999999974,1.089999999999993,0,0
2020-04-26,yucatan,"Valladolid, Yucatan",20.6897,-88.2022,5,0.12,38.84,25.7,1.210000000000008,1.2099999999999973,1.2099999999999929,0,0
2020-04-27,yucatan,"Valladolid, Yucatan",20.6897,-88.2022,5,3.23,35.29,24.94,4.440000000000008,4.439999999999998,4.439999999999992,0,0
2020-04-28,yucatan,"Valladolid, Yucatan",20.6897,-88.2022,5,1.49,35.66,24.14,4.840000000000008,5.929999999999997,5.929999999999993,0,0
2020-04-29,yucatan,"Valladolid, Yucatan",20.6897,-88.2022,5,4.98,37.86,24.11,9.700000000000008,10.909999999999997,10.909999999999993,0,0
2020-04-30,yucatan,"Valladolid, Yucatan",20.6897,-88.2022,5,3.93,35.92,23.55,10.400000000000007,14.839999999999998,14.839999999999993,0,0
2020-05-01,yucatan,"Valladolid, Yucatan",20.6897,-88.2022,5,0.34,34.8,23.55,9.250000000000007,15.179999999999998,15.179999999999993,0,0
2020-05-02,yucatan,"Valladolid, Yucatan",20.6897,-88.2022,5,0.01,35.2,23.53,4.280000000000008,14.099999999999998,15.189999999999992,0,0
2020-05-03,yucatan,"Valladolid, Yucatan",20.6897,-88.2022,5,0.88,36.42,24.1,1.230000000000008,14.859999999999996,16.069999999999993,0,0
2020-05-04,yucatan,"Valladolid, Yucatan",20.6897,-88.2022,5,0.39,37.08,22.28,1.2800000000000078,12.019999999999998,16.459999999999994,0,0
2020-05-05,yucatan,"Valladolid, Yucatan",20.6897,-88.2022,5,0.01,38.16,24.85,1.2800000000000078,10.539999999999997,16.46999999999999,0,0
2020-05-06,yucatan,"Valladolid, Yucatan",20.6897,-88.2022,5,23.44,35.52,24.66,23.84000000000001,29.0,39.91,1,1
2020-05-07,yucatan,"Valladolid, Yucatan",20.6897,-88.2022,5,10.75,32.95,23.47,34.20000000000001,35.81999999999999,50.66,2,0
2020-05-08,yucatan,"Valladolid, Yucatan",20.6897,-88.2022,5,0.01,33.97,22.97,34.20000000000001,35.489999999999995,50.669999999999995,0,0
2020-05-09,yucatan,"Valladolid, Yucatan",20.6897,-88.2022,5,12.27,33.2,23.83,23.03000000000001,47.74999999999999,61.84999999999999,1,0
2020-05-10,yucatan,"Valladolid, Yucatan",20.6897,-88.2022,5,12.5,29.95,23.3,24.78000000000001,59.36999999999999,74.22999999999999,2,0
2020-05-11,yucatan,"Valladolid, Yucatan",20.6897,-88.2022,5,1.93,31.7,22.12,26.70000000000001,60.91,72.92999999999999,0,0
2020-05-12,yucatan,"Valladolid, Yucatan",20.6897,-88.2022,5,4.04,34.13,22.94,18.47000000000001,64.94,75.47999999999999,0,0
2020-05-13,yucatan,"Valladolid, Yucatan",20.6897,-88.2022,5,1.55,33.98,24.08,7.52000000000001,43.05,72.04999999999998,0,0
2020-05-14,yucatan,"Valladolid, Yucatan",20.6897,-88.2022,5,0.06,35.2,24.31,5.650000000000011,32.35999999999999,68.17999999999999,0,0
2020-05-15,yucatan,"Valladolid, Yucatan",20.6897,-88.2022,5,0.0,36.09,23.78,1.6100000000000108,32.349999999999994,67.83999999999999,0,0
2020-05-16,yucatan,"Valladolid, Yucatan",20.6897,-88.2022,5,0.0,35.76,24.65,0.060000000000010656,20.079999999999995,67.82999999999998,0,0
2020-05-17,yucatan,"Valladolid, Yucatan",20.6897,-88.2022,5,0.0,34.21,25.04,0.0,7.5799999999999965,66.94999999999999,0,0
2020-05-18,yucatan,"Valladolid, Yucatan",20.6897,-88.2022,5,7.62,35.77,24.96,7.620000000000011,13.269999999999996,74.17999999999999,1,0
2020-05-19,yucatan,"Valladolid, Yucatan",20.6897,-88.2022,5,5.44,36.58,24.59,13.060000000000011,14.669999999999998,79.60999999999999,2,0
2020-05-20,yucatan,"Valladolid, Yucatan",20.6897,-88.2022,5,0.02,36.74,24.27,13.08000000000001,13.139999999999997,56.18999999999999,0,0
2020-05-21,yucatan,"Valladolid, Yucatan",20.6897,-88.2022,5,0.01,34.97,25.68,5.470000000000011,13.089999999999996,45.449999999999996,0,0
2020-05-22,yucatan,"Valladolid, Yucatan",20.6897,-88.2022,5,7.56,31.61,25.01,7.5900000000000105,20.65,52.99999999999999,1,0
2020-05-23,yucatan,"Valladolid, Yucatan",20.6897,-88.2022,5,15.36,29.11,24.45,22.93000000000001,36.01,56.089999999999996,2,0
2020-05-24,yucatan,"Valladolid, Yucatan",20.6897,-88.2022,5,2.58,34.93,23.78,25.500000000000007,38.589999999999996,46.169999999999995,0,0
2020-05-25,yucatan,"Valladolid, Yucatan",20.6897,-88.2022,5,3.24,35.79,23.95,21.18000000000001,34.209999999999994,47.48,0,0
2020-05-26,yucatan,"Valladolid, Yucatan",20.6897,-88.2022,5,15.4,35.31,25.42,21.220000000000013,44.17,58.839999999999996,1,0
2020-05-27,yucatan,"Valladolid, Yucatan",20.6897,-88.2022,5,8.99,31.18,24.75,27.630000000000013,53.13999999999999,66.27999999999999,2,0
2020-05-28,yucatan,"Valladolid, Yucatan",20.6897,-88.2022,5,0.0,31.85,23.88,24.39000000000001,53.129999999999995,66.21999999999998,0,0
2020-05-29,yucatan,"Valladolid, Yucatan",20.6897,-88.2022,5,5.0,31.23,24.22,13.99000000000001,50.56999999999999,71.21999999999998,0,0
2020-05-30,yucatan,"Valladolid, Yucatan",20.6897,-88.2022,5,11.02,29.09,23.21,16.02000000000001,46.23,82.24,1,0
2020-05-31,yucatan,"Valladolid, Yucatan",20.6897,-88.2022,5,31.03,27.85,24.01,47.05000000000001,74.68,113.26999999999998,2,1
2020-06-01,yucatan,"Valladolid, Yucatan",20.6897,-88.2022,5,97.29,27.17,23.96,139.34000000000003,168.73000000000002,202.94,3,1
2020-06-02,yucatan,"Valladolid, Yucatan",20.6897,-88.2022,5,92.48,27.15,23.89,220.8,245.81,289.98,4,1
2020-06-03,yucatan,"Valladolid, Yucatan",20.6897,-88.2022,5,52.62,26.84,24.19,242.39000000000001,289.44,342.58000000000004,5,1
2020-06-04,yucatan,"Valladolid, Yucatan",20.6897,-88.2022,5,124.55,26.55,24.43,269.65,413.99,467.12,6,1
2020-06-05,yucatan,"Valladolid, Yucatan",20.6897,-88.2022,5,69.4,26.75,24.45,246.57,478.39,528.96,7,1
2020-06-06,yucatan,"Valladolid, Yucatan",20.6897,-88.2022,5,7.2,29.85,24.98,201.15,474.57,520.8,8,0
2020-06-07,yucatan,"Valladolid, Yucatan",20.6897,-88.2022,5,1.31,30.16,24.44,77.91000000000001,444.84999999999997,519.5300000000001,0,0
2020-06-08,yucatan,"Valladolid, Yucatan",20.6897,-88.2022,5,0.44,30.28,25.5,8.950000000000001,347.99999999999994,516.73,0,0
2020-06-09,yucatan,"Valladolid, Yucatan",20.6897,-88.2022,5,0.0,29.62,25.3,1.75,255.51999999999998,501.33,0,0
2020-06-10,yucatan,"Valladolid, Yucatan",20.6897,-88.2022,5,0.0,29.14,24.07,0.44,202.89999999999998,492.34,0,0
2020-06-11,yucatan,"Valladolid, Yucatan",20.6897,-88.2022,5,10.26,28.52,24.04,10.26,88.60999999999999,502.59999999999997,1,0
2020-06-12,yucatan,"Valladolid, Yucatan",20.6897,-88.2022,5,3.71,29.48,23.2,13.969999999999999,22.919999999999973,501.31,0,0
2020-06-13,yucatan,"Valladolid, Yucatan",20.6897,-88.2022,5,4.99,28.77,23.12,18.96,20.709999999999972,495.28000000000003,0,0
2020-06-14,yucatan,"Valladolid, Yucatan",20.6897,-88.2022,5,5.94,28.7,23.23,14.64,25.33999999999997,470.19,1,0
2020-06-15,yucatan,"Valladolid, Yucatan",20.6897,-88.2022,5,17.67,29.25,23.25,28.6,42.56999999999998,390.57,2,0
2020-06-16,yucatan,"Valladolid, Yucatan",20.6897,-88.2022,5,22.06,29.27,23.63,45.67,64.62999999999997,320.15,3,1
2020-06-17,yucatan,"Valladolid, Yucatan",20.6897,-88.2022,5,4.77,28.17,23.46,44.5,69.39999999999998,272.3,0,0
2020-06-18,yucatan,"Valladolid, Yucatan",20.6897,-88.2022,5,7.49,28.08,23.07,34.32,66.62999999999997,155.24,1,0
2020-06-19,yucatan,"Valladolid, Yucatan",20.6897,-88.2022,5,0.44,29.88,22.48,12.7,63.35999999999998,86.28,0,0
2020-06-20,yucatan,"Valladolid, Yucatan",20.6897,-88.2022,5,0.84,30.33,24.04,8.77,59.20999999999997,79.92,0,0
2020-06-21,yucatan,"Valladolid, Yucatan",20.6897,-88.2022,5,7.42,30.07,22.72,8.7,60.68999999999997,86.03,1,0
2020-06-22,yucatan,"Valladolid, Yucatan",20.6897,-88.2022,5,1.51,29.08,24.39,9.770000000000001,44.529999999999966,87.1,0,0
2020-06-23,yucatan,"Valladolid, Yucatan",20.6897,-88.2022,5,1.78,29.56,24.5,10.71,24.24999999999997,88.88,0,0
2020-06-24,yucatan,"Valladolid, Yucatan",20.6897,-88.2022,5,1.31,29.03,24.96,4.6,20.78999999999997,90.19,0,0
2020-06-25,yucatan,"Valladolid, Yucatan",20.6897,-88.2022,5,0.0,29.69,24.06,3.0900000000000003,13.299999999999972,79.93,0,0
2020-06-26,yucatan,"Valladolid, Yucatan",20.6897,-88.2022,5,0.05,29.38,24.49,1.36,12.909999999999972,76.27,0,0
2020-06-27,yucatan,"Valladolid, Yucatan",20.6897,-88.2022,5,2.3,29.54,24.42,2.3499999999999996,14.369999999999973,73.58,0,0
2020-06-28,yucatan,"Valladolid, Yucatan",20.6897,-88.2022,5,1.83,29.08,24.51,4.18,8.779999999999971,69.47,0,0
2020-06-29,yucatan,"Valladolid, Yucatan",20.6897,-88.2022,5,0.11,30.03,24.17,4.24,7.3799999999999715,51.91,0,0
2020-06-30,yucatan,"Valladolid, Yucatan",20.6897,-88.2022,5,2.32,29.76,23.64,4.26,7.9199999999999715,32.17,0,0
2020-07-01,yucatan,"Valladolid, Yucatan",20.6897,-88.2022,5,0.56,30.04,23.46,2.9899999999999998,7.169999999999971,27.96,0,0
2020-07-02,yucatan,"Valladolid, Yucatan",20.6897,-88.2022,5,1.36,29.08,23.68,4.24,8.529999999999971,21.83,0,0
2020-07-03,yucatan,"Valladolid, Yucatan",20.6897,-88.2022,5,9.06,28.68,23.54,10.98,17.53999999999997,30.450000000000003,1,0
2020-07-04,yucatan,"Valladolid, Yucatan",20.6897,-88.2022,5,4.87,29.49,23.69,15.29,20.10999999999997,34.480000000000004,0,0
2020-07-05,yucatan,"Valladolid, Yucatan",20.6897,-88.2022,5,5.0,28.63,24.19,18.93,23.27999999999997,32.06,0,0
2020-07-06,yucatan,"Valladolid, Yucatan",20.6897,-88.2022,5,0.64,29.45,23.36,10.51,23.80999999999997,31.19,0,0
2020-07-07,yucatan,"Valladolid, Yucatan",20.6897,-88.2022,5,0.0,29.41,24.02,5.64,21.48999999999997,29.41,0,0
2020-07-08,yucatan,"Valladolid, Yucatan",20.6897,-88.2022,5,0.03,29.98,24.26,0.67,20.959999999999972,28.130000000000003,0,0
2020-07-09,yucatan,"Valladolid, Yucatan",20.6897,-88.2022,5,4.12,29.84,24.85,4.15,23.71999999999997,32.25,0,0
2020-07-10,yucatan,"Valladolid, Yucatan",20.6897,-88.2022,5,21.44,29.2,25.22,25.590000000000003,36.09999999999997,53.64,1,1
2020-07-11,yucatan,"Valladolid, Yucatan",20.6897,-88.2022,5,4.58,30.06,24.76,30.14,35.809999999999974,55.92,0,0
2020-07-12,yucatan,"Valladolid, Yucatan",20.6897,-88.2022,5,8.56,29.69,24.29,34.58,39.369999999999976,62.650000000000006,1,0
2020-07-13,yucatan,"Valladolid, Yucatan",20.6897,-88.2022,5,3.53,30.81,23.69,16.669999999999998,42.25999999999997,66.07000000000001,0,0
2020-07-14,yucatan,"Valladolid, Yucatan",20.6897,-88.2022,5,0.12,30.63,23.07,12.209999999999997,42.379999999999974,63.870000000000005,0,0
2020-07-15,yucatan,"Valladolid, Yucatan",20.6897,-88.2022,5,2.42,30.43,23.63,6.069999999999997,44.76999999999997,65.73,0,0
2020-07-16,yucatan,"Valladolid, Yucatan",20.6897,-88.2022,5,0.5,29.55,24.25,3.0399999999999965,41.14999999999997,64.87,0,0
2020-07-17,yucatan,"Valladolid, Yucatan",20.6897,-88.2022,5,3.43,29.32,24.27,6.349999999999996,23.139999999999972,59.24,0,0
2020-07-18,yucatan,"Valladolid, Yucatan",20.6897,-88.2022,5,2.71,29.74,24.28,6.639999999999997,21.269999999999975,57.080000000000005,0,0
2020-07-19,yucatan,"Valladolid, Yucatan",20.6897,-88.2022,5,0.44,29.9,23.92,6.5799999999999965,13.149999999999972,52.52,0,0
2020-07-20,yucatan,"Valladolid, Yucatan",20.6897,-88.2022,5,1.49,29.32,24.1,4.639999999999996,11.109999999999973,53.370000000000005,0,0
2020-07-21,yucatan,"Valladolid, Yucatan",20.6897,-88.2022,5,2.18,29.48,23.74,4.109999999999997,13.169999999999972,55.550000000000004,0,0
2020-07-22,yucatan,"Valladolid, Yucatan",20.6897,-88.2022,5,18.41,29.16,24.21,22.08,29.15999999999997,73.93,1,0
2020-07-23,yucatan,"Valladolid, Yucatan",20.6897,-88.2022,5,22.25,28.73,24.71,42.84,50.90999999999997,92.06,2,1
2020-07-24,yucatan,"Valladolid, Yucatan",20.6897,-88.2022,5,1.37,29.17,24.51,42.03,48.84999999999997,71.99,0,0
2020-07-25,yucatan,"Valladolid, Yucatan",20.6897,-88.2022,5,10.26,28.93,24.25,33.879999999999995,56.39999999999997,77.67,1,0
2020-07-26,yucatan,"Valladolid, Yucatan",20.6897,-88.2022,5,5.25,28.58,24.26,16.879999999999995,61.20999999999997,74.36,2,0
2020-07-27,yucatan,"Valladolid, Yucatan",20.6897,-88.2022,5,1.16,29.21,24.93,16.669999999999995,60.87999999999997,71.99,0,0
2020-07-28,yucatan,"Valladolid, Yucatan",20.6897,-88.2022,5,0.3,30.03,24.7,6.709999999999996,58.99999999999997,72.16999999999999,0,0
2020-07-29,yucatan,"Valladolid, Yucatan",20.6897,-88.2022,5,0.25,30.03,24.45,1.7099999999999964,40.839999999999975,70.0,0,0
2020-07-30,yucatan,"Valladolid, Yucatan",20.6897,-88.2022,5,0.52,29.75,24.05,1.0699999999999965,19.10999999999997,70.02000000000001,0,0
2020-07-31,yucatan,"Valladolid, Yucatan",20.6897,-88.2022,5,2.55,30.72,24.92,3.3199999999999963,20.28999999999997,69.14,0,0
2020-08-01,yucatan,"Valladolid, Yucatan",20.6897,-88.2022,5,0.95,31.11,24.41,4.019999999999996,10.979999999999972,67.38000000000001,0,0
2020-08-02,yucatan,"Valladolid, Yucatan",20.6897,-88.2022,5,4.52,30.42,24.77,8.019999999999996,10.249999999999972,71.46,0,0
2020-08-03,yucatan,"Valladolid, Yucatan",20.6897,-88.2022,5,0.62,30.48,24.97,6.089999999999996,9.70999999999997,70.59,0,0
2020-08-04,yucatan,"Valladolid, Yucatan",20.6897,-88.2022,5,1.35,30.95,24.36,6.489999999999997,10.759999999999971,69.75999999999999,0,0
2020-08-05,yucatan,"Valladolid, Yucatan",20.6897,-88.2022,5,23.84,29.83,24.79,25.809999999999995,34.34999999999997,75.19,1,1
2020-08-06,yucatan,"Valladolid, Yucatan",20.6897,-88.2022,5,6.96,27.43,23.74,32.15,40.789999999999964,59.89999999999999,2,0
2020-08-07,yucatan,"Valladolid, Yucatan",20.6897,-88.2022,5,1.36,29.53,23.39,32.16,39.599999999999966,59.88999999999999,0,0
2020-08-08,yucatan,"Valladolid, Yucatan",20.6897,-88.2022,5,0.54,30.01,23.8,8.86,39.18999999999997,50.17,0,0
2020-08-09,yucatan,"Valladolid, Yucatan",20.6897,-88.2022,5,5.33,29.37,24.34,7.23,39.99999999999997,50.25,1,0
2020-08-10,yucatan,"Valladolid, Yucatan",20.6897,-88.2022,5,2.38,29.86,24.68,8.25,41.75999999999998,51.47,0,0
2020-08-11,yucatan,"Valladolid, Yucatan",20.6897,-88.2022,5,3.34,29.06,24.62,11.05,43.74999999999997,54.51,0,0
2020-08-12,yucatan,"Valladolid, Yucatan",20.6897,-88.2022,5,4.82,29.96,23.95,10.54,24.72999999999997,59.08,0,0
2020-08-13,yucatan,"Valladolid, Yucatan",20.6897,-88.2022,5,9.63,28.86,24.46,17.790000000000003,27.39999999999997,68.19,1,0
2020-08-14,yucatan,"Valladolid, Yucatan",20.6897,-88.2022,5,1.95,29.7,24.24,16.400000000000002,27.98999999999997,67.59,0,0
2020-08-15,yucatan,"Valladolid, Yucatan",20.6897,-88.2022,5,6.63,29.86,24.34,18.21,34.07999999999997,73.27000000000001,1,0
2020-08-16,yucatan,"Valladolid, Yucatan",20.6897,-88.2022,5,2.2,29.55,24.31,10.780000000000001,30.949999999999967,70.95,0,0
2020-08-17,yucatan,"Valladolid, Yucatan",20.6897,-88.2022,5,1.13,29.9,24.03,9.96,29.699999999999967,71.46000000000001,0,0
2020-08-18,yucatan,"Valladolid, Yucatan",20.6897,-88.2022,5,1.06,30.23,23.94,4.390000000000001,27.41999999999997,71.16999999999999,0,0
2020-08-19,yucatan,"Valladolid, Yucatan",20.6897,-88.2022,5,23.22,28.98,25.02,25.41,45.819999999999965,70.55000000000001,1,1
2020-08-20,yucatan,"Valladolid, Yucatan",20.6897,-88.2022,5,13.65,30.24,24.2,37.93,49.83999999999997,77.24000000000001,2,0
2020-08-21,yucatan,"Valladolid, Yucatan",20.6897,-88.2022,5,16.95,30.12,24.51,53.82,64.83999999999997,92.83000000000001,3,0
2020-08-22,yucatan,"Valladolid, Yucatan",20.6897,-88.2022,5,4.97,30.29,24.14,35.57,63.179999999999964,97.26,0,0
2020-08-23,yucatan,"Valladolid, Yucatan",20.6897,-88.2022,5,3.08,29.05,24.23,25.000000000000004,64.05999999999996,95.01,0,0
2020-08-24,yucatan,"Valladolid, Yucatan",20.6897,-88.2022,5,1.23,30.55,24.81,9.28,64.15999999999997,93.86,0,0
2020-08-25,yucatan,"Valladolid, Yucatan",20.6897,-88.2022,5,1.25,28.44,25.1,5.5600000000000005,64.34999999999997,91.77,0,0
2020-08-26,yucatan,"Valladolid, Yucatan",20.6897,-88.2022,5,0.52,30.28,24.91,3.0,41.64999999999996,87.47,0,0
2020-08-27,yucatan,"Valladolid, Yucatan",20.6897,-88.2022,5,3.92,29.38,24.39,5.6899999999999995,31.919999999999966,81.76,0,0
2020-08-28,yucatan,"Valladolid, Yucatan",20.6897,-88.2022,5,2.67,30.02,24.69,7.109999999999999,17.639999999999965,82.47999999999999,0,0
2020-08-29,yucatan,"Valladolid, Yucatan",20.6897,-88.2022,5,0.06,29.72,24.48,6.65,12.729999999999965,75.91,0,0
2020-08-30,yucatan,"Valladolid, Yucatan",20.6897,-88.2022,5,0.0,30.11,24.56,2.73,9.649999999999963,73.71,0,0
2020-08-31,yucatan,"Valladolid, Yucatan",20.6897,-88.2022,5,0.0,30.01,23.45,0.06,8.419999999999964,72.58,0,0
2020-09-01,yucatan,"Valladolid, Yucatan",20.6897,-88.2022,5,1.2,30.33,23.78,1.2,8.369999999999965,72.72,0,0
2020-09-02,yucatan,"Valladolid, Yucatan",20.6897,-88.2022,5,7.9,29.56,24.36,9.1,15.749999999999964,57.4,1,0
2020-09-03,yucatan,"Valladolid, Yucatan",20.6897,-88.2022,5,10.66,28.97,24.61,19.759999999999998,22.489999999999966,54.410000000000004,2,0
2020-09-04,yucatan,"Valladolid, Yucatan",20.6897,-88.2022,5,11.46,29.78,24.3,30.020000000000003,31.279999999999966,48.92,3,0
2020-09-05,yucatan,"Valladolid, Yucatan",20.6897,-88.2022,5,12.75,29.39,24.64,34.87,43.96999999999996,56.7,4,0
2020-09-06,yucatan,"Valladolid, Yucatan",20.6897,-88.2022,5,7.07,29.34,24.24,31.28,51.039999999999964,60.690000000000005,5,0
2020-09-07,yucatan,"Valladolid, Yucatan",20.6897,-88.2022,5,2.02,30.28,23.2,21.84,53.05999999999997,61.480000000000004,0,0
2020-09-08,yucatan,"Valladolid, Yucatan",20.6897,-88.2022,5,0.07,30.33,23.24,9.159999999999998,51.929999999999964,60.300000000000004,0,0
2020-09-09,yucatan,"Valladolid, Yucatan",20.6897,-88.2022,5,0.29,30.29,24.07,2.379999999999998,44.319999999999965,60.07000000000001,0,0
2020-09-10,yucatan,"Valladolid, Yucatan",20.6897,-88.2022,5,16.3,29.19,24.81,16.66,49.959999999999965,72.45,1,0
2020-09-11,yucatan,"Valladolid, Yucatan",20.6897,-88.2022,5,8.21,29.02,24.34,24.8,46.709999999999965,77.99000000000001,2,0
2020-09-12,yucatan,"Valladolid, Yucatan",20.6897,-88.2022,5,2.26,30.32,23.85,26.770000000000003,36.21999999999997,80.19,0,0
2020-09-13,yucatan,"Valladolid, Yucatan",20.6897,-88.2022,5,3.29,29.53,24.76,13.760000000000002,32.43999999999997,83.48,0,0
2020-09-14,yucatan,"Valladolid, Yucatan",20.6897,-88.2022,5,8.61,29.95,24.51,14.16,39.029999999999966,92.09,1,0
2020-09-15,yucatan,"Valladolid, Yucatan",20.6897,-88.2022,5,4.6,29.44,25.17,16.5,43.55999999999997,95.49,0,0
2020-09-16,yucatan,"Valladolid, Yucatan",20.6897,-88.2022,5,4.79,29.51,25.52,18.0,48.05999999999997,92.38000000000001,0,0
2020-09-17,yucatan,"Valladolid, Yucatan",20.6897,-88.2022,5,6.25,29.99,25.21,15.64,38.00999999999996,87.97,1,0
2020-09-18,yucatan,"Valladolid, Yucatan",20.6897,-88.2022,5,13.1,29.25,24.44,24.14,42.89999999999996,89.61,2,0
2020-09-19,yucatan,"Valladolid, Yucatan",20.6897,-88.2022,5,4.38,30.09,24.62,23.730000000000004,45.01999999999997,81.24,0,0
2020-09-20,yucatan,"Valladolid, Yucatan",20.6897,-88.2022,5,33.13,29.31,24.73,50.61000000000001,74.85999999999997,107.3,1,1
2020-09-21,yucatan,"Valladolid, Yucatan",20.6897,-88.2022,5,5.55,30.25,24.27,43.06,71.79999999999997,110.83,2,0
2020-09-22,yucatan,"Valladolid, Yucatan",20.6897,-88.2022,5,0.56,30.54,23.91,39.24,67.75999999999996,111.32000000000001,0,0
2020-09-23,yucatan,"Valladolid, Yucatan",20.6897,-88.2022,5,2.58,30.2,24.09,8.69,65.54999999999997,113.61,0,0
2020-09-24,yucatan,"Valladolid, Yucatan",20.6897,-88.2022,5,1.98,30.39,24.35,5.12,61.27999999999997,99.29,0,0
2020-09-25,yucatan,"Valladolid, Yucatan",20.6897,-88.2022,5,2.04,31.11,24.26,6.6000000000000005,50.21999999999997,93.12,0,0
2020-09-26,yucatan,"Valladolid, Yucatan",20.6897,-88.2022,5,2.22,29.14,24.62,6.24,48.05999999999997,93.08000000000001,0,0
2020-09-27,yucatan,"Valladolid, Yucatan",20.6897,-88.2022,5,1.62,29.75,23.98,5.880000000000001,16.549999999999965,91.41,0,0
2020-09-28,yucatan,"Valladolid, Yucatan",20.6897,-88.2022,5,0.36,29.92,23.45,4.2,11.359999999999964,83.16,0,0
2020-09-29,yucatan,"Valladolid, Yucatan",20.6897,-88.2022,5,1.85,29.43,23.19,3.83,12.649999999999965,80.41000000000001,0,0
2020-09-30,yucatan,"Valladolid, Yucatan",20.6897,-88.2022,5,7.52,28.26,24.1,9.73,17.589999999999964,83.14,1,0
2020-10-01,yucatan,"Valladolid, Yucatan",20.6897,-88.2022,5,38.75,27.42,23.86,48.120000000000005,54.359999999999964,115.64,2,1
2020-10-02,yucatan,"Valladolid, Yucatan",20.6897,-88.2022,5,18.06,27.17,23.78,64.33,70.37999999999997,120.60000000000001,3,0
2020-10-03,yucatan,"Valladolid, Yucatan",20.6897,-88.2022,5,67.8,27.2,24.16,124.61,135.95999999999998,184.02,4,1
2020-10-04,yucatan,"Valladolid, Yucatan",20.6897,-88.2022,5,8.77,27.85,22.57,94.63,143.10999999999996,159.66,5,0
2020-10-05,yucatan,"Valladolid, Yucatan",20.6897,-88.2022,5,34.18,29.24,23.94,110.75,176.92999999999998,188.29000000000002,6,1
2020-10-06,yucatan,"Valladolid, Yucatan",20.6897,-88.2022,5,37.52,28.08,23.9,80.47,212.59999999999997,225.25,7,1
2020-10-07,yucatan,"Valladolid, Yucatan",20.6897,-88.2022,5,26.3,28.75,24.24,98.00000000000001,231.37999999999997,248.97,8,1
2020-10-08,yucatan,"Valladolid, Yucatan",20.6897,-88.2022,5,2.8,29.22,23.36,66.62,195.42999999999998,249.79,0,0
2020-10-09,yucatan,"Valladolid, Yucatan",20.6897,-88.2022,5,4.9,30.34,24.35,34.0,182.26999999999998,252.65,0,0
2020-10-10,yucatan,"Valladolid, Yucatan",20.6897,-88.2022,5,9.84,29.49,24.32,17.54,124.30999999999997,260.27000000000004,1,0
2020-10-11,yucatan,"Valladolid, Yucatan",20.6897,-88.2022,5,3.43,30.17,24.19,18.169999999999998,118.96999999999998,262.08,0,0
2020-10-12,yucatan,"Valladolid, Yucatan",20.6897,-88.2022,5,9.08,28.58,24.45,22.35,93.86999999999998,270.8,1,0
2020-10-13,yucatan,"Valladolid, Yucatan",20.6897,-88.2022,5,11.8,28.3,23.6,24.310000000000002,68.14999999999998,280.75000000000006,2,0
2020-10-14,yucatan,"Valladolid, Yucatan",20.6897,-88.2022,5,1.01,28.96,23.24,21.89,42.85999999999998,274.24,0,0
2020-10-15,yucatan,"Valladolid, Yucatan",20.6897,-88.2022,5,0.0,28.87,21.23,12.81,40.059999999999974,235.48999999999998,0,0
2020-10-16,yucatan,"Valladolid, Yucatan",20.6897,-88.2022,5,9.32,29.54,22.88,10.33,44.479999999999976,226.75000000000003,1,0
2020-10-17,yucatan,"Valladolid, Yucatan",20.6897,-88.2022,5,6.9,29.73,24.19,16.22,41.53999999999997,165.85,2,0
2020-10-18,yucatan,"Valladolid, Yucatan",20.6897,-88.2022,5,7.56,29.1,23.73,23.78,45.669999999999966,164.64,3,0
2020-10-19,yucatan,"Valladolid, Yucatan",20.6897,-88.2022,5,2.24,29.4,23.82,16.7,38.82999999999997,132.7,0,0
2020-10-20,yucatan,"Valladolid, Yucatan",20.6897,-88.2022,5,2.08,29.69,23.8,11.879999999999999,29.109999999999975,97.26,0,0
2020-10-21,yucatan,"Valladolid, Yucatan",20.6897,-88.2022,5,0.57,30.09,23.89,4.890000000000001,28.669999999999973,71.53,0,0
2020-10-22,yucatan,"Valladolid, Yucatan",20.6897,-88.2022,5,2.12,29.96,24.51,4.77,30.78999999999997,70.85,0,0
2020-10-23,yucatan,"Valladolid, Yucatan",20.6897,-88.2022,5,13.05,28.53,25.04,15.74,34.519999999999975,79.0,1,0
2020-10-24,yucatan,"Valladolid, Yucatan",20.6897,-88.2022,5,4.24,28.91,24.52,19.41,31.859999999999975,73.4,0,0
2020-10-25,yucatan,"Valladolid, Yucatan",20.6897,-88.2022,5,1.68,29.62,23.55,18.97,25.979999999999972,71.65,0,0
2020-10-26,yucatan,"Valladolid, Yucatan",20.6897,-88.2022,5,33.22,27.77,24.76,39.14,56.95999999999997,95.78999999999999,1,1
2020-10-27,yucatan,"Valladolid, Yucatan",20.6897,-88.2022,5,29.56,27.27,24.7,64.46,84.43999999999997,113.55,2,1
2020-10-28,yucatan,"Valladolid, Yucatan",20.6897,-88.2022,5,3.51,28.97,23.94,66.28999999999999,87.37999999999997,116.05,0,0
2020-10-29,yucatan,"Valladolid, Yucatan",20.6897,-88.2022,5,14.82,29.7,23.76,47.89,100.07999999999997,130.87,1,0
2020-10-30,yucatan,"Valladolid, Yucatan",20.6897,-88.2022,5,5.49,28.45,23.24,23.82,92.51999999999997,127.04,2,0
2020-10-31,yucatan,"Valladolid, Yucatan",20.6897,-88.2022,5,12.22,27.44,22.57,32.53,100.49999999999997,132.35999999999999,3,0
2020-11-01,yucatan,"Valladolid, Yucatan",20.6897,-88.2022,5,1.57,28.41,22.87,19.28,100.38999999999996,126.36999999999999,0,0
2020-11-02,yucatan,"Valladolid, Yucatan",20.6897,-88.2022,5,6.79,27.76,22.7,20.580000000000002,73.95999999999997,130.92,1,0
2020-11-03,yucatan,"Valladolid, Yucatan",20.6897,-88.2022,5,1.74,26.93,20.94,10.1,46.13999999999998,130.57999999999998,0,0
2020-11-04,yucatan,"Valladolid, Yucatan",20.6897,-88.2022,5,11.09,27.4,22.5,19.619999999999997,53.71999999999997,141.1,1,0
2020-11-05,yucatan,"Valladolid, Yucatan",20.6897,-88.2022,5,15.03,27.89,23.86,27.86,53.92999999999997,154.01,2,0
2020-11-06,yucatan,"Valladolid, Yucatan",20.6897,-88.2022,5,9.92,27.38,23.71,36.04,58.35999999999997,150.88,3,0
2020-11-07,yucatan,"Valladolid, Yucatan",20.6897,-88.2022,5,1.35,29.11,22.89,26.3,47.48999999999997,147.99,0,0
2020-11-08,yucatan,"Valladolid, Yucatan",20.6897,-88.2022,5,1.39,28.15,22.9,12.66,47.30999999999997,147.7,0,0
2020-11-09,yucatan,"Valladolid, Yucatan",20.6897,-88.2022,5,2.15,28.13,22.73,4.89,42.669999999999966,116.63,0,0
2020-11-10,yucatan,"Valladolid, Yucatan",20.6897,-88.2022,5,0.58,27.16,22.25,4.119999999999999,41.50999999999997,87.65,0,0
2020-11-11,yucatan,"Valladolid, Yucatan",20.6897,-88.2022,5,7.71,28.17,22.59,10.44,38.12999999999997,91.85,1,0
2020-11-12,yucatan,"Valladolid, Yucatan",20.6897,-88.2022,5,4.92,29.04,22.71,13.209999999999999,28.019999999999968,81.95,0,0
2020-11-13,yucatan,"Valladolid, Yucatan",20.6897,-88.2022,5,2.48,29.01,22.98,15.11,20.57999999999997,78.94,0,0
2020-11-14,yucatan,"Valladolid, Yucatan",20.6897,-88.2022,5,1.83,29.37,22.63,9.229999999999999,21.05999999999997,68.55,0,0
2020-11-15,yucatan,"Valladolid, Yucatan",20.6897,-88.2022,5,6.92,28.83,23.03,11.229999999999999,26.589999999999975,73.9,1,0
2020-11-16,yucatan,"Valladolid, Yucatan",20.6897,-88.2022,5,0.93,28.26,22.32,9.679999999999998,25.369999999999973,68.03999999999999,0,0
2020-11-17,yucatan,"Valladolid, Yucatan",20.6897,-88.2022,5,6.39,27.44,22.19,14.239999999999998,31.17999999999997,72.69,1,0
2020-11-18,yucatan,"Valladolid, Yucatan",20.6897,-88.2022,5,19.62,25.5,22.25,26.939999999999998,43.089999999999975,81.22,2,0
2020-11-19,yucatan,"Valladolid, Yucatan",20.6897,-88.2022,5,11.25,27.49,22.35,37.260000000000005,49.41999999999997,77.44,3,0
2020-11-20,yucatan,"Valladolid, Yucatan",20.6897,-88.2022,5,14.63,27.35,22.07,45.5,61.56999999999997,82.14999999999999,4,0
2020-11-21,yucatan,"Valladolid, Yucatan",20.6897,-88.2022,5,3.51,27.64,22.08,29.39,63.24999999999997,84.31,0,0
2020-11-22,yucatan,"Valladolid, Yucatan",20.6897,-88.2022,5,3.76,27.86,21.09,21.9,60.089999999999975,86.68,0,0
2020-11-23,yucatan,"Valladolid, Yucatan",20.6897,-88.2022,5,13.11,27.18,20.56,20.38,72.26999999999997,97.64,1,0
2020-11-24,yucatan,"Valladolid, Yucatan",20.6897,-88.2022,5,0.77,27.8,20.25,17.639999999999997,66.64999999999998,97.83,0,0
2020-11-25,yucatan,"Valladolid, Yucatan",20.6897,-88.2022,5,0.02,28.14,20.18,13.899999999999999,47.04999999999997,90.14,0,0
2020-11-26,yucatan,"Valladolid, Yucatan",20.6897,-88.2022,5,0.1,27.94,20.76,0.89,35.89999999999997,85.32000000000001,0,0
2020-11-27,yucatan,"Valladolid, Yucatan",20.6897,-88.2022,5,0.59,27.85,20.56,0.71,21.85999999999997,83.42999999999999,0,0
2020-11-28,yucatan,"Valladolid, Yucatan",20.6897,-88.2022,5,0.17,27.65,19.75,0.86,18.51999999999997,81.77,0,0
2020-11-29,yucatan,"Valladolid, Yucatan",20.6897,-88.2022,5,1.68,28.13,20.68,2.44,16.43999999999997,76.53,0,0
2020-11-30,yucatan,"Valladolid, Yucatan",20.6897,-88.2022,5,3.16,26.94,19.14,5.01,6.489999999999972,78.76,0,0
2020-12-01,yucatan,"Valladolid, Yucatan",20.6897,-88.2022,5,0.05,23.7,16.67,4.890000000000001,5.769999999999972,72.42,0,0
2020-12-02,yucatan,"Valladolid, Yucatan",20.6897,-88.2022,5,0.68,24.97,17.03,3.89,6.429999999999972,53.48,0,0
2020-12-03,yucatan,"Valladolid, Yucatan",20.6897,-88.2022,5,28.61,26.77,19.66,29.34,34.93999999999997,70.84,1,1
2020-12-04,yucatan,"Valladolid, Yucatan",20.6897,-88.2022,5,7.23,27.97,21.66,36.519999999999996,41.57999999999997,63.44,2,0
2020-12-05,yucatan,"Valladolid, Yucatan",20.6897,-88.2022,5,0.24,28.24,22.56,36.08,41.64999999999998,60.17,0,0
2020-12-06,yucatan,"Valladolid, Yucatan",20.6897,-88.2022,5,5.48,27.19,22.6,12.950000000000001,45.449999999999974,61.89,1,0
2020-12-07,yucatan,"Valladolid, Yucatan",20.6897,-88.2022,5,1.98,25.42,17.97,7.700000000000001,44.269999999999975,50.760000000000005,0,0
2020-12-08,yucatan,"Valladolid, Yucatan",20.6897,-88.2022,5,0.0,22.63,15.27,7.460000000000001,44.21999999999998,49.99,0,0
2020-12-09,yucatan,"Valladolid, Yucatan",20.6897,-88.2022,5,0.0,23.23,13.54,1.98,43.53999999999998,49.970000000000006,0,0
2020-12-10,yucatan,"Valladolid, Yucatan",20.6897,-88.2022,5,0.0,23.73,13.37,0.0,14.929999999999973,49.870000000000005,0,0
2020-12-11,yucatan,"Valladolid, Yucatan",20.6897,-88.2022,5,0.0,24.4,14.16,0.0,7.699999999999973,49.28,0,0
2020-12-12,yucatan,"Valladolid, Yucatan",20.6897,-88.2022,5,0.0,26.04,15.36,0.0,7.459999999999972,49.11000000000001,0,0
2020-12-13,yucatan,"Valladolid, Yucatan",20.6897,-88.2022,5,0.11,28.03,18.94,0.11,2.0899999999999714,47.540000000000006,0,0
2020-12-14,yucatan,"Valladolid, Yucatan",20.6897,-88.2022,5,12.2,28.28,20.39,12.309999999999999,12.30999999999997,56.58,1,0
2020-12-15,yucatan,"Valladolid, Yucatan",20.6897,-88.2022,5,2.51,27.34,20.59,14.819999999999999,14.81999999999997,59.040000000000006,0,0
2020-12-16,yucatan,"Valladolid, Yucatan",20.6897,-88.2022,5,1.69,28.26,19.18,16.4,16.50999999999997,60.050000000000004,0,0
2020-12-17,yucatan,"Valladolid, Yucatan",20.6897,-88.2022,5,8.43,26.68,20.37,12.629999999999999,24.93999999999997,39.87,1,0
2020-12-18,yucatan,"Valladolid, Yucatan",20.6897,-88.2022,5,0.97,26.59,19.6,11.09,25.909999999999968,33.61,0,0
2020-12-19,yucatan,"Valladolid, Yucatan",20.6897,-88.2022,5,0.49,26.59,19.36,9.89,26.39999999999997,33.86,0,0
2020-12-20,yucatan,"Valladolid, Yucatan",20.6897,-88.2022,5,0.02,27.59,19.0,1.48,26.30999999999997,28.399999999999995,0,0
2020-12-21,yucatan,"Valladolid, Yucatan",20.6897,-88.2022,5,0.74,27.25,18.71,1.25,14.849999999999971,27.16,0,0
2020-12-22,yucatan,"Valladolid, Yucatan",20.6897,-88.2022,5,0.08,26.98,18.96,0.84,12.419999999999972,27.24,0,0
2020-12-23,yucatan,"Valladolid, Yucatan",20.6897,-88.2022,5,0.01,27.23,18.4,0.83,10.739999999999972,27.25,0,0
2020-12-24,yucatan,"Valladolid, Yucatan",20.6897,-88.2022,5,2.01,27.77,19.34,2.0999999999999996,4.319999999999972,29.259999999999998,0,0
2020-12-25,yucatan,"Valladolid, Yucatan",20.6897,-88.2022,5,0.37,21.45,16.23,2.3899999999999997,3.7199999999999718,29.63,0,0
2020-12-26,yucatan,"Valladolid, Yucatan",20.6897,-88.2022,5,0.02,22.17,13.98,2.4,3.2499999999999716,29.65,0,0
2020-12-27,yucatan,"Valladolid, Yucatan",20.6897,-88.2022,5,0.17,23.49,16.33,0.56,3.3999999999999715,29.709999999999997,0,0
2020-12-28,yucatan,"Valladolid, Yucatan",20.6897,-88.2022,5,0.08,23.95,16.33,0.27,2.739999999999972,17.589999999999996,0,0
2020-12-29,yucatan,"Valladolid, Yucatan",20.6897,-88.2022,5,0.03,25.24,15.43,0.27999999999999997,2.6899999999999715,15.11,0,0
2020-12-30,yucatan,"Valladolid, Yucatan",20.6897,-88.2022,5,0.73,26.12,16.91,0.84,3.4099999999999713,14.15,0,0
2020-12-31,yucatan,"Valladolid, Yucatan",20.6897,-88.2022,5,3.05,28.14,21.77,3.8099999999999996,4.449999999999971,8.77,0,0
2021-01-01,yucatan,"Valladolid, Yucatan",20.6897,-88.2022,5,0.0,28.89,24.07,3.7799999999999994,4.079999999999972,7.8,0,0
2021-01-02,yucatan,"Valladolid, Yucatan",20.6897,-88.2022,5,0.56,28.61,21.93,3.61,4.619999999999972,7.869999999999999,0,0
2021-01-03,yucatan,"Valladolid, Yucatan",20.6897,-88.2022,5,2.5,27.51,21.47,3.06,6.949999999999972,10.35,0,0
2021-01-04,yucatan,"Valladolid, Yucatan",20.6897,-88.2022,5,0.41,27.62,20.85,3.47,7.279999999999972,10.02,0,0
2021-01-05,yucatan,"Valladolid, Yucatan",20.6897,-88.2022,5,0.04,25.97,18.76,2.95,7.289999999999972,9.98,0,0
2021-01-06,yucatan,"Valladolid, Yucatan",20.6897,-88.2022,5,0.08,26.37,17.21,0.53,6.639999999999971,10.05,0,0
2021-01-07,yucatan,"Valladolid, Yucatan",20.6897,-88.2022,5,1.39,26.39,19.11,1.51,4.979999999999972,9.43,0,0
2021-01-08,yucatan,"Valladolid, Yucatan",20.6897,-88.2022,5,0.5,24.46,16.41,1.97,5.479999999999972,9.559999999999999,0,0
2021-01-09,yucatan,"Valladolid, Yucatan",20.6897,-88.2022,5,0.02,23.19,13.84,1.9100000000000001,4.939999999999971,9.559999999999999,0,0
2021-01-10,yucatan,"Valladolid, Yucatan",20.6897,-88.2022,5,0.13,24.78,14.49,0.65,2.5699999999999714,9.52,0,0
2021-01-11,yucatan,"Valladolid, Yucatan",20.6897,-88.2022,5,10.3,26.18,17.3,10.450000000000001,12.459999999999972,19.740000000000002,1,0
2021-01-12,yucatan,"Valladolid, Yucatan",20.6897,-88.2022,5,24.99,25.46,19.3,35.42,37.40999999999997,44.699999999999996,2,1
2021-01-13,yucatan,"Valladolid, Yucatan",20.6897,-88.2022,5,14.13,26.7,20.18,49.419999999999995,51.45999999999997,58.1,3,0
2021-01-14,yucatan,"Valladolid, Yucatan",20.6897,-88.2022,5,1.06,25.66,19.21,40.18,51.129999999999974,56.10999999999999,0,0
2021-01-15,yucatan,"Valladolid, Yucatan",20.6897,-88.2022,5,0.03,26.21,18.31,15.219999999999997,50.659999999999975,56.13999999999999,0,0
2021-01-16,yucatan,"Valladolid, Yucatan",20.6897,-88.2022,5,0.0,22.46,15.93,1.0899999999999965,50.63999999999997,55.58,0,0
2021-01-17,yucatan,"Valladolid, Yucatan",20.6897,-88.2022,5,0.96,20.77,14.18,0.9899999999999964,51.46999999999998,54.04,0,0
2021-01-18,yucatan,"Valladolid, Yucatan",20.6897,-88.2022,5,0.62,23.04,14.42,1.5799999999999965,41.78999999999997,54.25,0,0
2021-01-19,yucatan,"Valladolid, Yucatan",20.6897,-88.2022,5,0.0,27.28,17.3,1.5799999999999965,16.799999999999972,54.21,0,0
2021-01-20,yucatan,"Valladolid, Yucatan",20.6897,-88.2022,5,0.0,26.61,19.3,0.6199999999999964,2.6699999999999715,54.13,0,0
2021-01-21,yucatan,"Valladolid, Yucatan",20.6897,-88.2022,5,0.0,26.84,16.88,0.0,1.6099999999999715,52.74,0,0
2021-01-22,yucatan,"Valladolid, Yucatan",20.6897,-88.2022,5,0.0,27.95,17.37,0.0,1.5799999999999716,52.24,0,0
2021-01-23,yucatan,"Valladolid, Yucatan",20.6897,-88.2022,5,0.0,29.28,17.95,0.0,1.5799999999999716,52.22,0,0
2021-01-24,yucatan,"Valladolid, Yucatan",20.6897,-88.2022,5,0.0,28.56,19.19,0.0,0.6199999999999716,52.09,0,0
2021-01-25,yucatan,"Valladolid, Yucatan",20.6897,-88.2022,5,0.0,29.73,19.88,0.0,0.0,41.79,0,0
2021-01-26,yucatan,"Valladolid, Yucatan",20.6897,-88.2022,5,0.0,29.79,21.44,0.0,0.0,16.8,0,0
2021-01-27,yucatan,"Valladolid, Yucatan",20.6897,-88.2022,5,0.0,30.37,22.86,0.0,0.0,2.67,0,0
2021-01-28,yucatan,"Valladolid, Yucatan",20.6897,-88.2022,5,0.27,30.07,20.97,0.26999999999999647,0.2699999999999716,1.88,0,0
2021-01-29,yucatan,"Valladolid, Yucatan",20.6897,-88.2022,5,0.02,27.04,18.09,0.2899999999999965,0.2899999999999716,1.8699999999999999,0,0
2021-01-30,yucatan,"Valladolid, Yucatan",20.6897,-88.2022,5,0.0,27.85,16.07,0.2899999999999965,0.2899999999999716,1.8699999999999999,0,0
2021-01-31,yucatan,"Valladolid, Yucatan",20.6897,-88.2022,5,0.16,30.16,18.69,0.17999999999999644,0.4499999999999716,1.07,0,0
2021-02-01,yucatan,"Valladolid, Yucatan",20.6897,-88.2022,5,0.07,27.77,16.81,0.22999999999999646,0.5199999999999716,0.52,0,0
2021-02-02,yucatan,"Valladolid, Yucatan",20.6897,-88.2022,5,0.0,25.43,15.09,0.22999999999999646,0.5199999999999716,0.52,0,0
2021-02-03,yucatan,"Valladolid, Yucatan",20.6897,-88.2022,5,0.0,26.63,12.23,0.06999999999999645,0.5199999999999716,0.52,0,0
2021-02-04,yucatan,"Valladolid, Yucatan",20.6897,-88.2022,5,0.0,28.27,14.68,0.0,0.24999999999997158,0.52,0,0
2021-02-05,yucatan,"Valladolid, Yucatan",20.6897,-88.2022,5,0.0,30.54,16.85,0.0,0.2299999999999716,0.52,0,0
2021-02-06,yucatan,"Valladolid, Yucatan",20.6897,-88.2022,5,0.0,33.2,20.01,0.0,0.2299999999999716,0.52,0,0
2021-02-07,yucatan,"Valladolid, Yucatan",20.6897,-88.2022,5,0.03,33.75,22.8,0.029999999999996446,0.09999999999997158,0.55,0,0
2021-02-08,yucatan,"Valladolid, Yucatan",20.6897,-88.2022,5,0.01,32.29,21.63,0.03999999999999645,0.03999999999997158,0.56,0,0
2021-02-09,yucatan,"Valladolid, Yucatan",20.6897,-88.2022,5,14.22,30.19,20.21,14.259999999999996,14.259999999999971,14.780000000000001,1,0
2021-02-10,yucatan,"Valladolid, Yucatan",20.6897,-88.2022,5,1.47,30.74,21.04,15.699999999999998,15.729999999999972,16.25,0,0
2021-02-11,yucatan,"Valladolid, Yucatan",20.6897,-88.2022,5,0.94,30.67,19.46,16.629999999999995,16.66999999999997,16.92,0,0
2021-02-12,yucatan,"Valladolid, Yucatan",20.6897,-88.2022,5,0.31,31.19,21.73,2.719999999999996,16.979999999999972,17.21,0,0
2021-02-13,yucatan,"Valladolid, Yucatan",20.6897,-88.2022,5,0.0,30.84,21.3,1.2499999999999964,16.979999999999972,17.21,0,0
2021-02-14,yucatan,"Valladolid, Yucatan",20.6897,-88.2022,5,0.01,33.03,20.29,0.31999999999999645,16.95999999999997,17.060000000000002,0,0
2021-02-15,yucatan,"Valladolid, Yucatan",20.6897,-88.2022,5,3.95,34.22,22.01,3.9599999999999964,20.899999999999974,20.94,0,0
2021-02-16,yucatan,"Valladolid, Yucatan",20.6897,-88.2022,5,0.85,29.59,20.12,4.809999999999996,7.529999999999972,21.790000000000003,0,0
2021-02-17,yucatan,"Valladolid, Yucatan",20.6897,-88.2022,5,0.0,32.46,19.23,4.799999999999996,6.059999999999972,21.790000000000003,0,0
2021-02-18,yucatan,"Valladolid, Yucatan",20.6897,-88.2022,5,0.26,33.21,23.47,1.1099999999999963,5.3799999999999715,22.05,0,0
2021-02-19,yucatan,"Valladolid, Yucatan",20.6897,-88.2022,5,0.84,28.8,18.95,1.0999999999999965,5.909999999999972,22.89,0,0
2021-02-20,yucatan,"Valladolid, Yucatan",20.6897,-88.2022,5,0.04,27.84,17.75,1.1399999999999963,5.949999999999972,22.930000000000003,0,0
2021-02-21,yucatan,"Valladolid, Yucatan",20.6897,-88.2022,5,0.0,31.07,17.22,0.8799999999999965,5.939999999999972,22.900000000000002,0,0
2021-02-22,yucatan,"Valladolid, Yucatan",20.6897,-88.2022,5,0.04,33.3,17.71,0.07999999999999645,2.0299999999999714,22.930000000000003,0,0
2021-02-23,yucatan,"Valladolid, Yucatan",20.6897,-88.2022,5,2.9,32.22,20.43,2.9399999999999964,4.079999999999972,11.61,0,0
2021-02-24,yucatan,"Valladolid, Yucatan",20.6897,-88.2022,5,0.63,32.78,19.06,3.5699999999999963,4.7099999999999715,10.77,0,0
2021-02-25,yucatan,"Valladolid, Yucatan",20.6897,-88.2022,5,0.29,32.65,19.75,3.8199999999999963,4.739999999999972,10.12,0,0
2021-02-26,yucatan,"Valladolid, Yucatan",20.6897,-88.2022,5,0.14,33.05,19.21,1.0599999999999965,4.039999999999972,9.95,0,0
2021-02-27,yucatan,"Valladolid, Yucatan",20.6897,-88.2022,5,0.49,32.22,22.06,0.9199999999999964,4.489999999999972,10.44,0,0
2021-02-28,yucatan,"Valladolid, Yucatan",20.6897,-88.2022,5,0.16,32.54,23.02,0.7899999999999964,4.649999999999972,10.59,0,0
2021-03-01,yucatan,"Valladolid, Yucatan",20.6897,-88.2022,5,0.0,33.15,21.88,0.6499999999999964,4.609999999999972,6.640000000000001,0,0
2021-03-02,yucatan,"Valladolid, Yucatan",20.6897,-88.2022,5,0.17,34.12,21.17,0.32999999999999646,1.8799999999999715,5.96,0,0
2021-03-03,yucatan,"Valladolid, Yucatan",20.6897,-88.2022,5,0.0,34.85,21.16,0.16999999999999646,1.2499999999999716,5.96,0,0
2021-03-04,yucatan,"Valladolid, Yucatan",20.6897,-88.2022,5,0.0,32.87,21.88,0.16999999999999646,0.9599999999999717,5.7,0,0
2021-03-05,yucatan,"Valladolid, Yucatan",20.6897,-88.2022,5,0.01,34.12,21.73,0.009999999999996447,0.8299999999999716,4.87,0,0
2021-03-06,yucatan,"Valladolid, Yucatan",20.6897,-88.2022,5,5.05,31.12,21.51,5.059999999999996,5.389999999999971,9.879999999999999,1,0
2021-03-07,yucatan,"Valladolid, Yucatan",20.6897,-88.2022,5,0.13,31.75,19.85,5.189999999999996,5.359999999999971,10.01,0,0
2021-03-08,yucatan,"Valladolid, Yucatan",20.6897,-88.2022,5,0.16,30.86,17.35,5.339999999999996,5.519999999999971,10.129999999999999,0,0
2021-03-09,yucatan,"Valladolid, Yucatan",20.6897,-88.2022,5,0.17,30.89,18.78,0.45999999999999647,5.519999999999971,7.4,0,0
2021-03-10,yucatan,"Valladolid, Yucatan",20.6897,-88.2022,5,0.12,32.04,18.28,0.44999999999999646,5.639999999999971,6.89,0,0
2021-03-11,yucatan,"Valladolid, Yucatan",20.6897,-88.2022,5,2.89,32.59,19.55,3.1799999999999966,8.529999999999971,9.49,0,0
2021-03-12,yucatan,"Valladolid, Yucatan",20.6897,-88.2022,5,0.26,33.44,19.4,3.269999999999997,8.779999999999971,9.610000000000001,0,0
2021-03-13,yucatan,"Valladolid, Yucatan",20.6897,-88.2022,5,0.0,33.59,18.86,3.149999999999997,3.729999999999972,9.120000000000001,0,0
2021-03-14,yucatan,"Valladolid, Yucatan",20.6897,-88.2022,5,0.6,34.21,19.03,0.8599999999999964,4.199999999999972,9.56,0,0
2021-03-15,yucatan,"Valladolid, Yucatan",20.6897,-88.2022,5,0.1,34.37,21.35,0.6999999999999964,4.139999999999972,9.66,0,0
2021-03-16,yucatan,"Valladolid, Yucatan",20.6897,-88.2022,5,0.0,33.99,20.2,0.6999999999999964,3.9699999999999718,9.49,0,0
2021-03-17,yucatan,"Valladolid, Yucatan",20.6897,-88.2022,5,0.0,33.95,24.62,0.09999999999999645,3.8499999999999717,9.49,0,0
2021-03-18,yucatan,"Valladolid, Yucatan",20.6897,-88.2022,5,7.85,36.03,24.14,7.849999999999996,8.80999999999997,17.34,1,0
2021-03-19,yucatan,"Valladolid, Yucatan",20.6897,-88.2022,5,13.53,28.28,20.4,21.379999999999995,22.07999999999997,30.86,2,0
2021-03-20,yucatan,"Valladolid, Yucatan",20.6897,-88.2022,5,0.02,32.5,17.06,21.399999999999995,22.099999999999973,25.830000000000002,0,0
2021-03-21,yucatan,"Valladolid, Yucatan",20.6897,-88.2022,5,0.0,33.53,17.69,13.549999999999995,21.49999999999997,25.7,0,0
2021-03-22,yucatan,"Valladolid, Yucatan",20.6897,-88.2022,5,0.0,33.19,19.42,0.019999999999996448,21.399999999999974,25.54,0,0
2021-03-23,yucatan,"Valladolid, Yucatan",20.6897,-88.2022,5,0.0,33.13,19.78,0.0,21.399999999999974,25.37,0,0
2021-03-24,yucatan,"Valladolid, Yucatan",20.6897,-88.2022,5,0.0,34.89,23.58,0.0,21.399999999999974,25.25,0,0
2021-03-25,yucatan,"Valladolid, Yucatan",20.6897,-88.2022,5,0.0,34.51,24.62,0.0,13.54999999999997,22.36,0,0
2021-03-26,yucatan,"Valladolid, Yucatan",20.6897,-88.2022,5,0.0,33.58,22.61,0.0,0.019999999999973355,22.1,0,0
2021-03-27,yucatan,"Valladolid, Yucatan",20.6897,-88.2022,5,0.0,34.21,22.36,0.0,0.0,22.1,0,0
2021-03-28,yucatan,"Valladolid, Yucatan",20.6897,-88.2022,5,0.38,34.78,23.45,0.37999999999999645,0.37999999999997336,21.88,0,0
2021-03-29,yucatan,"Valladolid, Yucatan",20.6897,-88.2022,5,0.63,35.09,21.43,1.0099999999999965,1.0099999999999734,22.41,0,0
2021-03-30,yucatan,"Valladolid, Yucatan",20.6897,-88.2022,5,0.0,34.93,20.87,1.0099999999999965,1.0099999999999734,22.41,0,0
2021-03-31,yucatan,"Valladolid, Yucatan",20.6897,-88.2022,5,0.0,35.43,21.28,0.6299999999999965,1.0099999999999734,22.41,0,0
2021-04-01,yucatan,"Valladolid, Yucatan",20.6897,-88.2022,5,0.26,35.48,21.6,0.25999999999999646,1.2699999999999734,14.82,0,0
2021-04-02,yucatan,"Valladolid, Yucatan",20.6897,-88.2022,5,0.22,31.58,20.98,0.47999999999999643,1.4899999999999733,1.51,0,0
2021-04-03,yucatan,"Valladolid, Yucatan",20.6897,-88.2022,5,0.2,32.84,19.56,0.6799999999999965,1.6899999999999733,1.69,0,0
2021-04-04,yucatan,"Valladolid, Yucatan",20.6897,-88.2022,5,0.01,33.17,20.03,0.42999999999999644,1.3199999999999734,1.7,0,0
2021-04-05,yucatan,"Valladolid, Yucatan",20.6897,-88.2022,5,0.0,33.7,19.5,0.20999999999999647,0.6899999999999734,1.7,0,0
2021-04-06,yucatan,"Valladolid, Yucatan",20.6897,-88.2022,5,0.0,33.49,20.1,0.009999999999996447,0.6899999999999734,1.7,0,0
2021-04-07,yucatan,"Valladolid, Yucatan",20.6897,-88.2022,5,0.0,33.42,22.16,0.0,0.6899999999999734,1.7,0,0
2021-04-08,yucatan,"Valladolid, Yucatan",20.6897,-88.2022,5,0.0,35.54,23.32,0.0,0.42999999999997335,1.7,0,0
2021-04-09,yucatan,"Valladolid, Yucatan",20.6897,-88.2022,5,0.0,35.35,24.36,0.0,0.20999999999997337,1.7,0,0
2021-04-10,yucatan,"Valladolid, Yucatan",20.6897,-88.2022,5,0.0,36.47,25.36,0.0,0.009999999999973355,1.7,0,0
2021-04-11,yucatan,"Valladolid, Yucatan",20.6897,-88.2022,5,0.0,38.99,25.14,0.0,0.0,1.3199999999999998,0,0
2021-04-12,yucatan,"Valladolid, Yucatan",20.6897,-88.2022,5,0.0,39.02,25.57,0.0,0.0,0.6900000000000001,0,0
2021-04-13,yucatan,"Valladolid, Yucatan",20.6897,-88.2022,5,0.0,36.4,24.69,0.0,0.0,0.6900000000000001,0,0
2021-04-14,yucatan,"Valladolid, Yucatan",20.6897,-88.2022,5,0.0,37.42,22.34,0.0,0.0,0.6900000000000001,0,0
2021-04-15,yucatan,"Valladolid, Yucatan",20.6897,-88.2022,5,0.0,37.08,24.47,0.0,0.0,0.43,0,0
2021-04-16,yucatan,"Valladolid, Yucatan",20.6897,-88.2022,5,0.0,37.75,23.22,0.0,0.0,0.21000000000000002,0,0
2021-04-17,yucatan,"Valladolid, Yucatan",20.6897,-88.2022,5,0.0,37.55,25.65,0.0,0.0,0.01,0,0
2021-04-18,yucatan,"Valladolid, Yucatan",20.6897,-88.2022,5,4.58,37.36,25.68,4.5799999999999965,4.579999999999973,4.58,0,0
2021-04-19,yucatan,"Valladolid, Yucatan",20.6897,-88.2022,5,7.82,35.41,24.55,12.399999999999997,12.399999999999974,12.4,1,0
2021-04-20,yucatan,"Valladolid, Yucatan",20.6897,-88.2022,5,18.36,35.39,24.37,30.759999999999998,30.759999999999973,30.759999999999998,2,0
2021-04-21,yucatan,"Valladolid, Yucatan",20.6897,-88.2022,5,13.58,34.51,23.86,39.76,44.339999999999975,44.339999999999996,3,0
2021-04-22,yucatan,"Valladolid, Yucatan",20.6897,-88.2022,5,1.4,35.16,23.57,33.339999999999996,45.739999999999974,45.739999999999995,0,0
2021-04-23,yucatan,"Valladolid, Yucatan",20.6897,-88.2022,5,0.0,33.92,21.4,14.98,45.739999999999974,45.739999999999995,0,0
2021-04-24,yucatan,"Valladolid, Yucatan",20.6897,-88.2022,5,0.0,33.29,21.85,1.4,45.739999999999974,45.739999999999995,0,0
2021-04-25,yucatan,"Valladolid, Yucatan",20.6897,-88.2022,5,0.0,36.68,22.13,0.0,41.159999999999975,45.739999999999995,0,0
2021-04-26,yucatan,"Valladolid, Yucatan",20.6897,-88.2022,5,0.0,35.3,21.53,0.0,33.339999999999975,45.739999999999995,0,0
2021-04-27,yucatan,"Valladolid, Yucatan",20.6897,-88.2022,5,0.0,35.58,21.6,0.0,14.979999999999976,45.739999999999995,0,0
2021-04-28,yucatan,"Valladolid, Yucatan",20.6897,-88.2022,5,0.0,35.35,23.23,0.0,1.399999999999975,45.739999999999995,0,0
2021-04-29,yucatan,"Valladolid, Yucatan",20.6897,-88.2022,5,0.0,34.7,22.51,0.0,0.0,45.739999999999995,0,0
2021-04-30,yucatan,"Valladolid, Yucatan",20.6897,-88.2022,5,0.0,35.56,23.62,0.0,0.0,45.739999999999995,0,0
2021-05-01,yucatan,"Valladolid, Yucatan",20.6897,-88.2022,5,0.0,35.33,22.84,0.0,0.0,45.739999999999995,0,0
2021-05-02,yucatan,"Valladolid, Yucatan",20.6897,-88.2022,5,0.0,35.33,24.8,0.0,0.0,41.16,0,0
2021-05-03,yucatan,"Valladolid, Yucatan",20.6897,-88.2022,5,0.0,35.86,25.33,0.0,0.0,33.339999999999996,0,0
2021-05-04,yucatan,"Valladolid, Yucatan",20.6897,-88.2022,5,0.0,34.9,25.9,0.0,0.0,14.98,0,0
2021-05-05,yucatan,"Valladolid, Yucatan",20.6897,-88.2022,5,0.0,35.59,25.74,0.0,0.0,1.4,0,0
2021-05-06,yucatan,"Valladolid, Yucatan",20.6897,-88.2022,5,0.63,36.49,23.73,0.63,0.6299999999999751,0.63,0,0
2021-05-07,yucatan,"Valladolid, Yucatan",20.6897,-88.2022,5,1.51,35.59,23.28,2.14,2.1399999999999753,2.14,0,0
2021-05-08,yucatan,"Valladolid, Yucatan",20.6897,-88.2022,5,1.97,36.3,23.59,4.109999999999999,4.109999999999975,4.109999999999999,0,0
2021-05-09,yucatan,"Valladolid, Yucatan",20.6897,-88.2022,5,0.02,35.82,22.32,3.5,4.129999999999975,4.13,0,0
2021-05-10,yucatan,"Valladolid, Yucatan",20.6897,-88.2022,5,0.0,35.57,23.93,1.9899999999999998,4.129999999999975,4.13,0,0
2021-05-11,yucatan,"Valladolid, Yucatan",20.6897,-88.2022,5,0.05,35.73,24.57,0.06999999999999978,4.179999999999975,4.18,0,0
2021-05-12,yucatan,"Valladolid, Yucatan",20.6897,-88.2022,5,0.0,36.32,24.76,0.04999999999999978,4.179999999999975,4.18,0,0
2021-05-13,yucatan,"Valladolid, Yucatan",20.6897,-88.2022,5,0.06,36.41,24.05,0.10999999999999978,3.609999999999975,4.24,0,0
2021-05-14,yucatan,"Valladolid, Yucatan",20.6897,-88.2022,5,10.62,35.94,23.9,10.68,12.719999999999974,14.86,1,0
2021-05-15,yucatan,"Valladolid, Yucatan",20.6897,-88.2022,5,6.99,34.52,23.72,17.67,17.739999999999974,21.85,2,0
2021-05-16,yucatan,"Valladolid, Yucatan",20.6897,-88.2022,5,17.3,34.25,23.42,34.91,35.019999999999975,39.15,3,0
2021-05-17,yucatan,"Valladolid, Yucatan",20.6897,-88.2022,5,4.56,34.82,23.75,28.849999999999998,39.57999999999998,43.71,0,0
2021-05-18,yucatan,"Valladolid, Yucatan",20.6897,-88.2022,5,0.13,35.13,23.86,21.990000000000002,39.659999999999975,43.839999999999996,0,0
2021-05-19,yucatan,"Valladolid, Yucatan",20.6897,-88.2022,5,0.0,33.86,24.05,4.689999999999996,39.659999999999975,43.839999999999996,0,0
2021-05-20,yucatan,"Valladolid, Yucatan",20.6897,-88.2022,5,18.53,31.9,24.29,18.659999999999997,58.12999999999998,61.739999999999995,1,0
2021-05-21,yucatan,"Valladolid, Yucatan",20.6897,-88.2022,5,34.83,27.04,24.03,53.36,82.33999999999997,95.06,2,1
2021-05-22,yucatan,"Valladolid, Yucatan",20.6897,-88.2022,5,18.02,26.97,23.78,71.38,93.36999999999998,111.11,3,0
2021-05-23,yucatan,"Valladolid, Yucatan",20.6897,-88.2022,5,6.03,29.22,22.99,58.879999999999995,82.09999999999998,117.12,4,0
2021-05-24,yucatan,"Valladolid, Yucatan",20.6897,-88.2022,5,0.17,30.56,21.45,24.22,77.70999999999998,117.29,0,0
2021-05-25,yucatan,"Valladolid, Yucatan",20.6897,-88.2022,5,1.82,30.73,22.7,8.02,79.39999999999998,119.05999999999999,0,0
2021-05-26,yucatan,"Valladolid, Yucatan",20.6897,-88.2022,5,0.13,32.88,23.21,2.12,79.52999999999997,119.18999999999998,0,0
2021-05-27,yucatan,"Valladolid, Yucatan",20.6897,-88.2022,5,0.01,33.07,23.05,1.96,61.00999999999998,119.14,0,0
2021-05-28,yucatan,"Valladolid, Yucatan",20.6897,-88.2022,5,0.43,34.1,22.64,0.5700000000000001,26.609999999999978,108.95,0,0
2021-05-29,yucatan,"Valladolid, Yucatan",20.6897,-88.2022,5,3.9,33.98,23.12,4.34,12.489999999999979,105.86,0,0
2021-05-30,yucatan,"Valladolid, Yucatan",20.6897,-88.2022,5,3.95,33.46,23.26,8.280000000000001,10.409999999999979,92.51,0,0
2021-05-31,yucatan,"Valladolid, Yucatan",20.6897,-88.2022,5,0.63,34.01,22.08,8.48,10.86999999999998,88.58,0,0
2021-06-01,yucatan,"Valladolid, Yucatan",20.6897,-88.2022,5,0.12,34.32,22.02,4.7,9.169999999999979,88.57,0,0
2021-06-02,yucatan,"Valladolid, Yucatan",20.6897,-88.2022,5,4.06,34.03,23.02,4.81,13.09999999999998,92.63,0,0
2021-06-03,yucatan,"Valladolid, Yucatan",20.6897,-88.2022,5,5.42,33.25,22.75,9.6,18.509999999999977,79.52,1,0
2021-06-04,yucatan,"Valladolid, Yucatan",20.6897,-88.2022,5,0.93,34.14,23.06,10.41,19.009999999999977,45.61999999999999,0,0
2021-06-05,yucatan,"Valladolid, Yucatan",20.6897,-88.2022,5,0.24,35.45,24.58,6.59,15.34999999999998,27.839999999999993,0,0
2021-06-06,yucatan,"Valladolid, Yucatan",20.6897,-88.2022,5,0.03,35.06,24.74,1.2,11.429999999999978,21.839999999999993,0,0
2021-06-07,yucatan,"Valladolid, Yucatan",20.6897,-88.2022,5,0.03,35.15,25.11,0.3,10.829999999999977,21.699999999999992,0,0
2021-06-08,yucatan,"Valladolid, Yucatan",20.6897,-88.2022,5,0.3,34.58,24.1,0.36,11.009999999999978,20.179999999999993,0,0
2021-06-09,yucatan,"Valladolid, Yucatan",20.6897,-88.2022,5,1.99,33.27,24.41,2.32,8.939999999999978,22.039999999999996,0,0
2021-06-10,yucatan,"Valladolid, Yucatan",20.6897,-88.2022,5,2.88,33.46,23.56,5.17,6.399999999999979,24.909999999999993,0,0
2021-06-11,yucatan,"Valladolid, Yucatan",20.6897,-88.2022,5,6.03,32.45,23.44,10.9,11.499999999999979,30.50999999999999,1,0
2021-06-12,yucatan,"Valladolid, Yucatan",20.6897,-88.2022,5,16.34,29.84,23.68,25.25,27.59999999999998,42.949999999999996,2,0
2021-06-13,yucatan,"Valladolid, Yucatan",20.6897,-88.2022,5,13.89,28.92,23.79,36.260000000000005,41.45999999999998,52.88999999999999,3,0
2021-06-14,yucatan,"Valladolid, Yucatan",20.6897,-88.2022,5,11.67,29.01,23.38,41.9,53.09999999999997,63.92999999999999,4,0
2021-06-15,yucatan,"Valladolid, Yucatan",20.6897,-88.2022,5,16.37,28.17,24.08,41.93000000000001,69.16999999999999,80.17999999999999,5,0
2021-06-16,yucatan,"Valladolid, Yucatan",20.6897,-88.2022,5,44.47,26.59,24.03,72.51,111.64999999999998,120.58999999999999,6,1
2021-06-17,yucatan,"Valladolid, Yucatan",20.6897,-88.2022,5,20.99,26.4,24.06,81.83,129.75999999999996,136.16,7,1
2021-06-18,yucatan,"Valladolid, Yucatan",20.6897,-88.2022,5,13.97,28.69,24.43,79.43,137.69999999999996,149.2,8,0
2021-06-19,yucatan,"Valladolid, Yucatan",20.6897,-88.2022,5,0.78,29.91,24.47,35.74000000000001,122.13999999999997,149.74,0,0
2021-06-20,yucatan,"Valladolid, Yucatan",20.6897,-88.2022,5,0.08,30.3,24.47,14.830000000000007,108.32999999999997,149.79,0,0
2021-06-21,yucatan,"Valladolid, Yucatan",20.6897,-88.2022,5,0.0,30.36,24.64,0.8600000000000071,96.65999999999998,149.76,0,0
2021-06-22,yucatan,"Valladolid, Yucatan",20.6897,-88.2022,5,0.0,29.72,24.71,0.08000000000000711,80.28999999999998,149.45999999999998,0,0
2021-06-23,yucatan,"Valladolid, Yucatan",20.6897,-88.2022,5,0.0,29.66,24.81,0.0,35.81999999999998,147.47,0,0
2021-06-24,yucatan,"Valladolid, Yucatan",20.6897,-88.2022,5,0.0,29.15,24.07,0.0,14.829999999999979,144.58999999999997,0,0
2021-06-25,yucatan,"Valladolid, Yucatan",20.6897,-88.2022,5,0.98,29.65,23.16,0.9800000000000071,1.8399999999999785,139.54,0,0
2021-06-26,yucatan,"Valladolid, Yucatan",20.6897,-88.2022,5,4.2,28.22,23.68,5.180000000000007,5.2599999999999785,127.39999999999999,0,0
2021-06-27,yucatan,"Valladolid, Yucatan",20.6897,-88.2022,5,4.57,28.67,23.39,9.750000000000007,9.749999999999979,118.07999999999998,0,0
2021-06-28,yucatan,"Valladolid, Yucatan",20.6897,-88.2022,5,2.25,28.75,23.67,11.020000000000007,11.999999999999979,108.65999999999998,0,0
2021-06-29,yucatan,"Valladolid, Yucatan",20.6897,-88.2022,5,6.7,28.17,23.75,13.520000000000008,18.699999999999978,98.99,1,0
2021-06-30,yucatan,"Valladolid, Yucatan",20.6897,-88.2022,5,9.86,26.04,24.03,18.81000000000001,28.559999999999977,64.38,2,0
2021-07-01,yucatan,"Valladolid, Yucatan",20.6897,-88.2022,5,4.37,27.53,23.47,20.930000000000007,32.92999999999998,47.76,0,0
2021-07-02,yucatan,"Valladolid, Yucatan",20.6897,-88.2022,5,0.4,30.33,22.63,14.630000000000008,32.34999999999998,34.18999999999999,0,0
2021-07-03,yucatan,"Valladolid, Yucatan",20.6897,-88.2022,5,0.0,30.74,23.03,4.770000000000009,28.149999999999977,33.40999999999999,0,0
2021-07-04,yucatan,"Valladolid, Yucatan",20.6897,-88.2022,5,0.03,30.7,23.93,0.43000000000000893,23.609999999999978,33.35999999999999,0,0
2021-07-05,yucatan,"Valladolid, Yucatan",20.6897,-88.2022,5,0.01,31.01,24.05,0.04000000000000888,21.369999999999976,33.36999999999999,0,0
2021-07-06,yucatan,"Valladolid, Yucatan",20.6897,-88.2022,5,0.0,30.91,24.33,0.04000000000000888,14.669999999999979,33.36999999999999,0,0
2021-07-07,yucatan,"Valladolid, Yucatan",20.6897,-88.2022,5,0.0,31.17,24.6,0.010000000000008882,4.809999999999979,33.36999999999999,0,0
2021-07-08,yucatan,"Valladolid, Yucatan",20.6897,-88.2022,5,0.2,31.66,24.55,0.2000000000000089,0.6399999999999787,33.56999999999999,0,0
2021-07-09,yucatan,"Valladolid, Yucatan",20.6897,-88.2022,5,0.17,31.63,25.05,0.3700000000000089,0.4099999999999787,32.76,0,0
2021-07-10,yucatan,"Valladolid, Yucatan",20.6897,-88.2022,5,0.0,32.34,23.72,0.3700000000000089,0.4099999999999787,28.55999999999999,0,0
2021-07-11,yucatan,"Valladolid, Yucatan",20.6897,-88.2022,5,0.17,32.45,23.45,0.3400000000000089,0.5499999999999787,24.159999999999993,0,0
2021-07-12,yucatan,"Valladolid, Yucatan",20.6897,-88.2022,5,0.84,31.55,23.67,1.010000000000009,1.3799999999999786,22.749999999999993,0,0
2021-07-13,yucatan,"Valladolid, Yucatan",20.6897,-88.2022,5,17.23,31.59,23.15,18.24000000000001,18.609999999999978,33.279999999999994,1,0
2021-07-14,yucatan,"Valladolid, Yucatan",20.6897,-88.2022,5,7.87,28.87,24.32,25.94000000000001,26.47999999999998,31.289999999999996,2,0
2021-07-15,yucatan,"Valladolid, Yucatan",20.6897,-88.2022,5,3.16,31.16,23.61,28.26000000000001,29.43999999999998,30.079999999999995,0,0
2021-07-16,yucatan,"Valladolid, Yucatan",20.6897,-88.2022,5,1.46,30.75,23.77,12.490000000000007,30.729999999999976,31.139999999999993,0,0
2021-07-17,yucatan,"Valladolid, Yucatan",20.6897,-88.2022,5,10.78,30.13,24.07,15.400000000000006,41.50999999999998,41.919999999999995,1,0
2021-07-18,yucatan,"Valladolid, Yucatan",20.6897,-88.2022,5,8.41,30.0,23.75,20.650000000000006,49.74999999999997,50.3,2,0
2021-07-19,yucatan,"Valladolid, Yucatan",20.6897,-88.2022,5,11.12,31.12,23.62,30.310000000000006,60.02999999999998,61.41,3,0
2021-07-20,yucatan,"Valladolid, Yucatan",20.6897,-88.2022,5,3.85,30.84,23.65,23.38000000000001,46.649999999999984,65.25999999999999,0,0
2021-07-21,yucatan,"Valladolid, Yucatan",20.6897,-88.2022,5,0.09,31.1,23.81,15.060000000000008,38.869999999999976,65.35,0,0
2021-07-22,yucatan,"Valladolid, Yucatan",20.6897,-88.2022,5,0.06,31.47,24.25,4.000000000000009,35.76999999999998,65.21,0,0
2021-07-23,yucatan,"Valladolid, Yucatan",20.6897,-88.2022,5,1.91,32.48,24.38,2.0600000000000085,36.21999999999998,66.94999999999999,0,0
2021-07-24,yucatan,"Valladolid, Yucatan",20.6897,-88.2022,5,7.87,32.47,23.95,9.840000000000009,33.30999999999998,74.82,1,0
2021-07-25,yucatan,"Valladolid, Yucatan",20.6897,-88.2022,5,3.86,33.28,23.16,13.640000000000008,28.759999999999977,78.50999999999999,0,0
2021-07-26,yucatan,"Valladolid, Yucatan",20.6897,-88.2022,5,8.49,33.06,23.17,20.220000000000006,26.12999999999998,86.16,1,0
2021-07-27,yucatan,"Valladolid, Yucatan",20.6897,-88.2022,5,1.14,32.48,22.89,13.490000000000009,23.41999999999998,70.07,0,0
2021-07-28,yucatan,"Valladolid, Yucatan",20.6897,-88.2022,5,13.04,30.0,23.88,22.67000000000001,36.369999999999976,75.24,1,0
2021-07-29,yucatan,"Valladolid, Yucatan",20.6897,-88.2022,5,9.5,29.82,23.81,23.680000000000007,45.809999999999974,81.58,2,0
2021-07-30,yucatan,"Valladolid, Yucatan",20.6897,-88.2022,5,2.58,30.88,23.84,25.120000000000008,46.47999999999998,82.69999999999999,0,0
2021-07-31,yucatan,"Valladolid, Yucatan",20.6897,-88.2022,5,3.49,32.1,24.24,15.57000000000001,42.09999999999998,75.40999999999998,0,0
2021-08-01,yucatan,"Valladolid, Yucatan",20.6897,-88.2022,5,11.87,30.18,24.23,17.94000000000001,50.10999999999998,78.86999999999999,1,0
2021-08-02,yucatan,"Valladolid, Yucatan",20.6897,-88.2022,5,12.15,31.86,23.2,27.51000000000001,53.769999999999975,79.9,2,0
2021-08-03,yucatan,"Valladolid, Yucatan",20.6897,-88.2022,5,12.24,30.25,23.88,36.26000000000001,64.86999999999998,88.28999999999999,3,0
2021-08-04,yucatan,"Valladolid, Yucatan",20.6897,-88.2022,5,1.67,30.74,23.0,26.06000000000001,53.49999999999997,89.86999999999999,0,0
2021-08-05,yucatan,"Valladolid, Yucatan",20.6897,-88.2022,5,1.94,30.42,23.73,15.850000000000009,45.939999999999976,91.75,0,0
2021-08-06,yucatan,"Valladolid, Yucatan",20.6897,-88.2022,5,1.07,30.8,23.27,4.680000000000009,44.42999999999998,90.90999999999998,0,0
2021-08-07,yucatan,"Valladolid, Yucatan",20.6897,-88.2022,5,8.6,30.5,23.44,11.610000000000008,49.53999999999998,91.64,1,0
2021-08-08,yucatan,"Valladolid, Yucatan",20.6897,-88.2022,5,6.55,30.62,23.46,16.22000000000001,44.21999999999998,94.33,2,0
2021-08-09,yucatan,"Valladolid, Yucatan",20.6897,-88.2022,5,2.72,30.9,22.74,17.870000000000008,34.78999999999998,88.55999999999999,0,0
2021-08-10,yucatan,"Valladolid, Yucatan",20.6897,-88.2022,5,15.39,29.39,23.63,24.66000000000001,37.939999999999976,102.80999999999999,1,0
2021-08-11,yucatan,"Valladolid, Yucatan",20.6897,-88.2022,5,19.32,28.06,23.59,37.43000000000001,55.58999999999998,109.09,2,0
2021-08-12,yucatan,"Valladolid, Yucatan",20.6897,-88.2022,5,3.32,30.05,23.19,38.03000000000001,56.96999999999998,102.91,0,0
2021-08-13,yucatan,"Valladolid, Yucatan",20.6897,-88.2022,5,3.37,30.9,23.26,26.010000000000012,59.269999999999975,103.7,0,0
2021-08-14,yucatan,"Valladolid, Yucatan",20.6897,-88.2022,5,2.08,30.61,23.75,8.77000000000001,52.74999999999998,102.28999999999999,0,0
2021-08-15,yucatan,"Valladolid, Yucatan",20.6897,-88.2022,5,3.03,30.56,23.71,8.480000000000011,49.229999999999976,93.45,0,0
2021-08-16,yucatan,"Valladolid, Yucatan",20.6897,-88.2022,5,1.61,31.21,23.68,6.720000000000011,48.119999999999976,82.91,0,0
2021-08-17,yucatan,"Valladolid, Yucatan",20.6897,-88.2022,5,0.47,31.82,22.84,5.110000000000011,33.19999999999998,71.14,0,0
2021-08-18,yucatan,"Valladolid, Yucatan",20.6897,-88.2022,5,5.78,30.86,24.57,7.860000000000011,19.65999999999998,75.25,1,0
2021-08-19,yucatan,"Valladolid, Yucatan",20.6897,-88.2022,5,79.31,26.81,24.63,85.56000000000002,95.64999999999998,152.62,2,1
2021-08-20,yucatan,"Valladolid, Yucatan",20.6897,-88.2022,5,4.44,29.33,24.44,89.53000000000002,96.71999999999997,155.99,0,0
2021-08-21,yucatan,"Valladolid, Yucatan",20.6897,-88.2022,5,1.27,30.32,23.95,85.02000000000001,95.90999999999997,148.66,0,0
2021-08-22,yucatan,"Valladolid, Yucatan",20.6897,-88.2022,5,2.62,29.04,23.51,8.330000000000014,95.49999999999997,144.73000000000002,0,0
2021-08-23,yucatan,"Valladolid, Yucatan",20.6897,-88.2022,5,8.05,28.6,24.51,11.940000000000015,101.93999999999997,150.06,1,0
2021-08-24,yucatan,"Valladolid, Yucatan",20.6897,-88.2022,5,5.75,28.77,24.53,16.420000000000016,107.21999999999997,140.42,2,0
2021-08-25,yucatan,"Valladolid, Yucatan",20.6897,-88.2022,5,1.43,28.73,24.34,15.230000000000015,102.86999999999998,122.53,0,0
2021-08-26,yucatan,"Valladolid, Yucatan",20.6897,-88.2022,5,0.31,29.58,22.85,7.490000000000014,23.869999999999973,119.52000000000001,0,0
2021-08-27,yucatan,"Valladolid, Yucatan",20.6897,-88.2022,5,3.22,30.51,23.05,4.960000000000014,22.64999999999997,119.37,0,0
2021-08-28,yucatan,"Valladolid, Yucatan",20.6897,-88.2022,5,1.33,30.04,23.94,4.8600000000000145,22.709999999999972,118.62,0,0
2021-08-29,yucatan,"Valladolid, Yucatan",20.6897,-88.2022,5,0.26,29.48,24.26,4.810000000000014,20.34999999999997,115.85000000000001,0,0
2021-08-30,yucatan,"Valladolid, Yucatan",20.6897,-88.2022,5,0.14,30.25,23.73,1.7300000000000142,12.439999999999971,114.38000000000001,0,0
2021-08-31,yucatan,"Valladolid, Yucatan",20.6897,-88.2022,5,0.02,29.83,25.08,0.42000000000001425,6.7099999999999715,113.93,0,0
2021-09-01,yucatan,"Valladolid, Yucatan",20.6897,-88.2022,5,0.0,30.75,23.74,0.16000000000001421,5.279999999999972,108.15,0,0
2021-09-02,yucatan,"Valladolid, Yucatan",20.6897,-88.2022,5,0.0,30.91,22.61,0.02000000000001421,4.969999999999971,28.84,0,0
2021-09-03,yucatan,"Valladolid, Yucatan",20.6897,-88.2022,5,3.16,29.51,22.19,3.1600000000000144,4.909999999999972,27.56,0,0
2021-09-04,yucatan,"Valladolid, Yucatan",20.6897,-88.2022,5,4.88,28.2,23.59,8.040000000000013,8.459999999999972,31.17,0,0
2021-09-05,yucatan,"Valladolid, Yucatan",20.6897,-88.2022,5,6.62,28.19,23.68,14.660000000000014,14.819999999999972,35.17,1,0
2021-09-06,yucatan,"Valladolid, Yucatan",20.6897,-88.2022,5,7.41,28.39,24.4,18.910000000000014,22.08999999999997,34.53,2,0
2021-09-07,yucatan,"Valladolid, Yucatan",20.6897,-88.2022,5,4.01,28.83,24.13,18.040000000000013,26.07999999999997,32.79,0,0
2021-09-08,yucatan,"Valladolid, Yucatan",20.6897,-88.2022,5,1.02,30.39,23.58,12.440000000000014,27.099999999999973,32.379999999999995,0,0
2021-09-09,yucatan,"Valladolid, Yucatan",20.6897,-88.2022,5,3.88,28.92,23.83,8.910000000000014,30.979999999999972,35.95,0,0
2021-09-10,yucatan,"Valladolid, Yucatan",20.6897,-88.2022,5,27.61,26.86,23.52,32.51000000000001,55.42999999999997,60.339999999999996,1,1
2021-09-11,yucatan,"Valladolid, Yucatan",20.6897,-88.2022,5,3.71,27.71,23.07,35.20000000000001,54.25999999999997,62.72,0,0
2021-09-12,yucatan,"Valladolid, Yucatan",20.6897,-88.2022,5,0.34,30.16,23.91,31.660000000000014,47.97999999999997,62.8,0,0
2021-09-13,yucatan,"Valladolid, Yucatan",20.6897,-88.2022,5,3.42,30.23,23.12,7.470000000000014,43.98999999999997,66.08,0,0
2021-09-14,yucatan,"Valladolid, Yucatan",20.6897,-88.2022,5,3.28,30.39,24.14,7.040000000000013,43.25999999999997,69.34,0,0
2021-09-15,yucatan,"Valladolid, Yucatan",20.6897,-88.2022,5,1.4,29.23,23.69,8.100000000000014,43.63999999999997,70.74000000000001,0,0
2021-09-16,yucatan,"Valladolid, Yucatan",20.6897,-88.2022,5,0.28,30.6,24.35,4.960000000000014,40.03999999999997,71.02,0,0
2021-09-17,yucatan,"Valladolid, Yucatan",20.6897,-88.2022,5,2.71,29.63,24.64,4.390000000000015,15.139999999999972,70.57,0,0
2021-09-18,yucatan,"Valladolid, Yucatan",20.6897,-88.2022,5,0.58,29.52,24.02,3.5700000000000145,12.00999999999997,66.27,0,0
2021-09-19,yucatan,"Valladolid, Yucatan",20.6897,-88.2022,5,0.0,30.3,23.17,3.2900000000000142,11.66999999999997,59.65,0,0
2021-09-20,yucatan,"Valladolid, Yucatan",20.6897,-88.2022,5,0.0,31.21,23.57,0.5800000000000142,8.249999999999972,52.239999999999995,0,0
2021-09-21,yucatan,"Valladolid, Yucatan",20.6897,-88.2022,5,14.28,30.31,24.53,14.280000000000014,19.24999999999997,62.51,1,0
2021-09-22,yucatan,"Valladolid, Yucatan",20.6897,-88.2022,5,44.03,28.89,24.11,58.31000000000002,61.879999999999974,105.52000000000001,2,1
2021-09-23,yucatan,"Valladolid, Yucatan",20.6897,-88.2022,5,17.97,28.41,23.57,76.28000000000002,79.56999999999996,119.60999999999999,3,0
2021-09-24,yucatan,"Valladolid, Yucatan",20.6897,-88.2022,5,1.46,29.63,23.55,63.460000000000015,78.31999999999998,93.46000000000001,0,0
2021-09-25,yucatan,"Valladolid, Yucatan",20.6897,-88.2022,5,0.13,30.21,23.9,19.560000000000013,77.86999999999996,89.88,0,0
2021-09-26,yucatan,"Valladolid, Yucatan",20.6897,-88.2022,5,0.0,30.1,23.49,1.590000000000014,77.86999999999996,89.53999999999999,0,0
2021-09-27,yucatan,"Valladolid, Yucatan",20.6897,-88.2022,5,0.0,30.27,22.86,0.13000000000001422,77.86999999999996,86.11999999999999,0,0
2021-09-28,yucatan,"Valladolid, Yucatan",20.6897,-88.2022,5,2.6,29.79,22.93,2.6000000000000143,66.18999999999997,85.44000000000001,0,0
2021-09-29,yucatan,"Valladolid, Yucatan",20.6897,-88.2022,5,0.26,30.32,22.15,2.8600000000000145,22.41999999999997,84.3,0,0
2021-09-30,yucatan,"Valladolid, Yucatan",20.6897,-88.2022,5,0.1,30.09,23.38,2.960000000000014,4.549999999999971,84.12,0,0
2021-10-01,yucatan,"Valladolid, Yucatan",20.6897,-88.2022,5,17.44,30.03,22.52,17.800000000000015,20.529999999999973,98.85000000000001,1,0
2021-10-02,yucatan,"Valladolid, Yucatan",20.6897,-88.2022,5,10.52,29.13,23.0,28.060000000000013,30.919999999999973,108.78999999999999,2,0
2021-10-03,yucatan,"Valladolid, Yucatan",20.6897,-88.2022,5,1.54,30.06,23.54,29.500000000000014,32.45999999999997,110.33,0,0
2021-10-04,yucatan,"Valladolid, Yucatan",20.6897,-88.2022,5,2.19,28.88,23.56,14.250000000000014,34.64999999999997,112.52,0,0
2021-10-05,yucatan,"Valladolid, Yucatan",20.6897,-88.2022,5,7.61,29.23,23.3,11.340000000000014,39.65999999999997,105.85000000000001,1,0
2021-10-06,yucatan,"Valladolid, Yucatan",20.6897,-88.2022,5,1.87,30.12,24.04,11.670000000000016,41.269999999999975,63.69,0,0
2021-10-07,yucatan,"Valladolid, Yucatan",20.6897,-88.2022,5,6.02,29.05,24.28,15.500000000000014,47.18999999999997,51.74,1,0
2021-10-08,yucatan,"Valladolid, Yucatan",20.6897,-88.2022,5,0.64,29.97,23.88,8.530000000000014,30.389999999999972,50.92,0,0
2021-10-09,yucatan,"Valladolid, Yucatan",20.6897,-88.2022,5,0.33,30.23,23.26,6.9900000000000135,20.19999999999997,51.12,0,0
2021-10-10,yucatan,"Valladolid, Yucatan",20.6897,-88.2022,5,0.4,31.25,23.39,1.3700000000000143,19.05999999999997,51.519999999999996,0,0
2021-10-11,yucatan,"Valladolid, Yucatan",20.6897,-88.2022,5,0.27,31.79,23.5,1.0000000000000142,17.139999999999972,51.79,0,0
2021-10-12,yucatan,"Valladolid, Yucatan",20.6897,-88.2022,5,0.12,31.21,24.0,0.7900000000000142,9.649999999999972,49.31,0,0
2021-10-13,yucatan,"Valladolid, Yucatan",20.6897,-88.2022,5,0.01,31.48,21.59,0.40000000000001423,7.789999999999972,49.059999999999995,0,0
2021-10-14,yucatan,"Valladolid, Yucatan",20.6897,-88.2022,5,0.0,31.79,23.47,0.13000000000001422,1.7699999999999716,48.96,0,0
2021-10-15,yucatan,"Valladolid, Yucatan",20.6897,-88.2022,5,11.09,30.87,23.24,11.100000000000014,12.21999999999997,42.61,1,0
2021-10-16,yucatan,"Valladolid, Yucatan",20.6897,-88.2022,5,4.6,31.34,23.03,15.690000000000014,16.48999999999997,36.690000000000005,0,0
2021-10-17,yucatan,"Valladolid, Yucatan",20.6897,-88.2022,5,3.26,31.39,22.73,18.950000000000014,19.349999999999973,38.41,0,0
2021-10-18,yucatan,"Valladolid, Yucatan",20.6897,-88.2022,5,1.07,31.87,22.82,8.930000000000014,20.14999999999997,37.29,0,0
2021-10-19,yucatan,"Valladolid, Yucatan",20.6897,-88.2022,5,2.2,30.32,23.08,6.5300000000000145,22.229999999999972,31.88,0,0
2021-10-20,yucatan,"Valladolid, Yucatan",20.6897,-88.2022,5,3.32,28.05,23.52,6.590000000000014,25.53999999999997,33.33,0,0
2021-10-21,yucatan,"Valladolid, Yucatan",20.6897,-88.2022,5,6.33,29.87,23.23,11.850000000000014,31.86999999999997,33.64,1,0
2021-10-22,yucatan,"Valladolid, Yucatan",20.6897,-88.2022,5,0.14,31.26,22.23,9.790000000000013,20.91999999999997,33.14,0,0
2021-10-23,yucatan,"Valladolid, Yucatan",20.6897,-88.2022,5,2.17,30.2,23.41,8.640000000000015,18.48999999999997,34.98,0,0
2021-10-24,yucatan,"Valladolid, Yucatan",20.6897,-88.2022,5,1.79,31.3,24.12,4.100000000000014,17.01999999999997,36.370000000000005,0,0
2021-10-25,yucatan,"Valladolid, Yucatan",20.6897,-88.2022,5,0.48,31.1,24.85,4.440000000000014,16.42999999999997,36.58,0,0
2021-10-26,yucatan,"Valladolid, Yucatan",20.6897,-88.2022,5,0.01,31.51,23.93,2.280000000000014,14.23999999999997,36.47,0,0
2021-10-27,yucatan,"Valladolid, Yucatan",20.6897,-88.2022,5,0.0,32.56,24.48,0.4900000000000142,10.91999999999997,36.46,0,0
2021-10-28,yucatan,"Valladolid, Yucatan",20.6897,-88.2022,5,0.59,33.18,23.73,0.6000000000000142,5.1799999999999695,37.050000000000004,0,0
2021-10-29,yucatan,"Valladolid, Yucatan",20.6897,-88.2022,5,0.01,30.05,20.34,0.6000000000000142,5.0499999999999705,25.97,0,0
2021-10-30,yucatan,"Valladolid, Yucatan",20.6897,-88.2022,5,0.0,29.93,18.87,0.6000000000000142,2.8799999999999697,21.369999999999997,0,0
2021-10-31,yucatan,"Valladolid, Yucatan",20.6897,-88.2022,5,0.0,30.66,17.45,0.010000000000014211,1.0899999999999697,18.11,0,0
2021-11-01,yucatan,"Valladolid, Yucatan",20.6897,-88.2022,5,0.0,31.42,18.22,0.0,0.6099999999999698,17.04,0,0
2021-11-02,yucatan,"Valladolid, Yucatan",20.6897,-88.2022,5,0.0,31.64,21.56,0.0,0.5999999999999698,14.84,0,0
2021-11-03,yucatan,"Valladolid, Yucatan",20.6897,-88.2022,5,0.03,31.85,19.02,0.03000000000001421,0.6299999999999698,11.55,0,0
2021-11-04,yucatan,"Valladolid, Yucatan",20.6897,-88.2022,5,22.88,29.63,20.9,22.910000000000014,22.91999999999997,28.1,1,1
2021-11-05,yucatan,"Valladolid, Yucatan",20.6897,-88.2022,5,0.28,29.81,21.02,23.190000000000015,23.18999999999997,28.24,0,0
2021-11-06,yucatan,"Valladolid, Yucatan",20.6897,-88.2022,5,0.02,29.61,19.03,23.180000000000014,23.20999999999997,26.09,0,0
2021-11-07,yucatan,"Valladolid, Yucatan",20.6897,-88.2022,5,0.1,29.01,18.13,0.40000000000001423,23.309999999999967,24.399999999999995,0,0
2021-11-08,yucatan,"Valladolid, Yucatan",20.6897,-88.2022,5,0.0,28.77,16.49,0.12000000000001422,23.309999999999967,23.919999999999995,0,0
2021-11-09,yucatan,"Valladolid, Yucatan",20.6897,-88.2022,5,0.0,29.26,16.79,0.10000000000001422,23.309999999999967,23.909999999999997,0,0
2021-11-10,yucatan,"Valladolid, Yucatan",20.6897,-88.2022,5,0.05,30.15,16.26,0.050000000000014214,23.32999999999997,23.959999999999997,0,0
2021-11-11,yucatan,"Valladolid, Yucatan",20.6897,-88.2022,5,2.77,31.45,19.8,2.820000000000014,3.2199999999999718,26.139999999999997,0,0
2021-11-12,yucatan,"Valladolid, Yucatan",20.6897,-88.2022,5,1.51,32.21,21.33,4.330000000000014,4.449999999999972,27.639999999999997,0,0
2021-11-13,yucatan,"Valladolid, Yucatan",20.6897,-88.2022,5,3.96,30.0,22.13,8.240000000000014,8.389999999999972,31.599999999999998,0,0
2021-11-14,yucatan,"Valladolid, Yucatan",20.6897,-88.2022,5,2.77,29.87,21.78,8.240000000000014,11.059999999999972,34.37,0,0
2021-11-15,yucatan,"Valladolid, Yucatan",20.6897,-88.2022,5,0.77,30.18,20.57,7.500000000000014,11.829999999999972,35.14,0,0
2021-11-16,yucatan,"Valladolid, Yucatan",20.6897,-88.2022,5,0.93,30.38,20.53,4.470000000000014,12.759999999999971,36.07,0,0
2021-11-17,yucatan,"Valladolid, Yucatan",20.6897,-88.2022,5,4.4,30.15,21.91,6.100000000000014,17.10999999999997,40.44,0,0
2021-11-18,yucatan,"Valladolid, Yucatan",20.6897,-88.2022,5,13.31,28.7,22.96,18.640000000000015,27.64999999999997,30.87,1,0
2021-11-19,yucatan,"Valladolid, Yucatan",20.6897,-88.2022,5,11.77,29.64,21.63,29.480000000000015,37.90999999999997,42.36,2,0
2021-11-20,yucatan,"Valladolid, Yucatan",20.6897,-88.2022,5,9.98,28.73,21.97,35.06000000000002,43.92999999999997,52.32000000000001,3,0
2021-11-21,yucatan,"Valladolid, Yucatan",20.6897,-88.2022,5,0.52,30.66,21.86,22.270000000000014,41.67999999999997,52.74,0,0
2021-11-22,yucatan,"Valladolid, Yucatan",20.6897,-88.2022,5,0.03,30.55,21.88,10.530000000000015,40.93999999999997,52.77,0,0
2021-11-23,yucatan,"Valladolid, Yucatan",20.6897,-88.2022,5,0.38,29.5,19.56,0.9300000000000143,40.38999999999997,53.150000000000006,0,0
2021-11-24,yucatan,"Valladolid, Yucatan",20.6897,-88.2022,5,0.02,28.7,18.04,0.43000000000001426,36.00999999999997,53.12,0,0
2021-11-25,yucatan,"Valladolid, Yucatan",20.6897,-88.2022,5,0.0,29.81,16.69,0.40000000000001423,22.69999999999997,50.35,0,0
2021-11-26,yucatan,"Valladolid, Yucatan",20.6897,-88.2022,5,0.0,30.52,18.59,0.02000000000001421,10.929999999999971,48.84,0,0
2021-11-27,yucatan,"Valladolid, Yucatan",20.6897,-88.2022,5,0.04,30.8,19.04,0.04000000000001421,0.9899999999999716,44.92,0,0
2021-11-28,yucatan,"Valladolid, Yucatan",20.6897,-88.2022,5,0.0,31.61,19.53,0.04000000000001421,0.4699999999999716,42.15,0,0
2021-11-29,yucatan,"Valladolid, Yucatan",20.6897,-88.2022,5,3.98,30.95,19.08,4.020000000000014,4.4199999999999715,45.36,0,0
2021-11-30,yucatan,"Valladolid, Yucatan",20.6897,-88.2022,5,1.38,29.75,21.29,5.360000000000014,5.4199999999999715,45.809999999999995,0,0
2021-12-01,yucatan,"Valladolid, Yucatan",20.6897,-88.2022,5,1.03,29.37,19.62,6.390000000000014,6.429999999999971,42.44,0,0
2021-12-02,yucatan,"Valladolid, Yucatan",20.6897,-88.2022,5,4.78,29.48,20.44,7.190000000000014,11.209999999999972,33.91,0,0
2021-12-03,yucatan,"Valladolid, Yucatan",20.6897,-88.2022,5,0.55,30.46,20.36,6.3600000000000145,11.759999999999971,22.69,0,0
2021-12-04,yucatan,"Valladolid, Yucatan",20.6897,-88.2022,5,0.0,30.71,19.07,5.330000000000014,11.719999999999972,12.71,0,0
2021-12-05,yucatan,"Valladolid, Yucatan",20.6897,-88.2022,5,0.01,31.14,17.52,0.5600000000000143,11.729999999999972,12.200000000000001,0,0
2021-12-06,yucatan,"Valladolid, Yucatan",20.6897,-88.2022,5,0.06,33.46,21.61,0.07000000000001422,7.809999999999972,12.229999999999999,0,0
2021-12-07,yucatan,"Valladolid, Yucatan",20.6897,-88.2022,5,0.0,32.85,22.03,0.07000000000001422,6.429999999999972,11.85,0,0
2021-12-08,yucatan,"Valladolid, Yucatan",20.6897,-88.2022,5,0.02,32.95,20.62,0.08000000000001421,5.4199999999999715,11.850000000000001,0,0
2021-12-09,yucatan,"Valladolid, Yucatan",20.6897,-88.2022,5,0.06,32.5,21.01,0.08000000000001421,0.6999999999999716,11.91,0,0
2021-12-10,yucatan,"Valladolid, Yucatan",20.6897,-88.2022,5,0.0,32.01,21.02,0.08000000000001421,0.14999999999997157,11.91,0,0
2021-12-11,yucatan,"Valladolid, Yucatan",20.6897,-88.2022,5,0.54,32.04,21.29,0.6000000000000143,0.6899999999999716,12.41,0,0
2021-12-12,yucatan,"Valladolid, Yucatan",20.6897,-88.2022,5,0.25,32.95,20.47,0.7900000000000142,0.9299999999999716,12.66,0,0
2021-12-13,yucatan,"Valladolid, Yucatan",20.6897,-88.2022,5,0.78,32.28,20.85,1.5700000000000143,1.6499999999999717,9.459999999999999,0,0
2021-12-14,yucatan,"Valladolid, Yucatan",20.6897,-88.2022,5,0.48,31.92,21.68,1.5100000000000142,2.1299999999999715,8.56,0,0
2021-12-15,yucatan,"Valladolid, Yucatan",20.6897,-88.2022,5,0.08,31.82,20.51,1.3400000000000143,2.1899999999999715,7.61,0,0
2021-12-16,yucatan,"Valladolid, Yucatan",20.6897,-88.2022,5,0.08,32.48,20.71,0.6400000000000142,2.2099999999999715,2.91,0,0
2021-12-17,yucatan,"Valladolid, Yucatan",20.6897,-88.2022,5,0.03,30.37,21.79,0.1900000000000142,2.239999999999972,2.39,0,0
2021-12-18,yucatan,"Valladolid, Yucatan",20.6897,-88.2022,5,0.01,33.11,21.76,0.1200000000000142,1.7099999999999715,2.4,0,0
2021-12-19,yucatan,"Valladolid, Yucatan",20.6897,-88.2022,5,2.48,32.74,21.91,2.5200000000000142,3.9399999999999715,4.87,0,0
2021-12-20,yucatan,"Valladolid, Yucatan",20.6897,-88.2022,5,10.88,31.46,21.78,13.370000000000015,14.039999999999973,15.690000000000001,1,0
2021-12-21,yucatan,"Valladolid, Yucatan",20.6897,-88.2022,5,3.35,29.08,19.53,16.710000000000015,16.90999999999997,19.040000000000003,0,0
2021-12-22,yucatan,"Valladolid, Yucatan",20.6897,-88.2022,5,0.0,28.36,16.22,14.230000000000015,16.829999999999973,19.020000000000003,0,0
2021-12-23,yucatan,"Valladolid, Yucatan",20.6897,-88.2022,5,0.0,28.75,14.64,3.3500000000000143,16.74999999999997,18.96,0,0
2021-12-24,yucatan,"Valladolid, Yucatan",20.6897,-88.2022,5,0.0,29.58,16.09,0.0,16.71999999999997,18.96,0,0
2021-12-25,yucatan,"Valladolid, Yucatan",20.6897,-88.2022,5,0.0,30.59,15.51,0.0,16.709999999999972,18.42,0,0
2021-12-26,yucatan,"Valladolid, Yucatan",20.6897,-88.2022,5,0.15,31.27,17.22,0.1500000000000142,14.379999999999972,18.32,0,0
2021-12-27,yucatan,"Valladolid, Yucatan",20.6897,-88.2022,5,0.76,31.74,21.08,0.9100000000000142,4.259999999999971,18.3,0,0
2021-12-28,yucatan,"Valladolid, Yucatan",20.6897,-88.2022,5,0.11,32.56,22.17,1.0200000000000142,1.0199999999999716,17.930000000000003,0,0
2021-12-29,yucatan,"Valladolid, Yucatan",20.6897,-88.2022,5,0.0,33.33,22.77,0.8700000000000142,1.0199999999999716,17.85,0,0
2021-12-30,yucatan,"Valladolid, Yucatan",20.6897,-88.2022,5,0.0,33.31,22.11,0.11000000000001421,1.0199999999999716,17.770000000000003,0,0
2021-12-31,yucatan,"Valladolid, Yucatan",20.6897,-88.2022,5,0.46,32.39,23.66,0.46000000000001423,1.4799999999999716,18.200000000000003,0,0
2022-01-01,yucatan,"Valladolid, Yucatan",20.6897,-88.2022,5,0.11,33.07,21.02,0.5700000000000143,1.5899999999999717,18.3,0,0
2022-01-02,yucatan,"Valladolid, Yucatan",20.6897,-88.2022,5,11.86,33.82,22.97,12.430000000000014,13.29999999999997,27.68,1,0
2022-01-03,yucatan,"Valladolid, Yucatan",20.6897,-88.2022,5,21.28,27.14,19.22,33.250000000000014,33.81999999999997,38.08,2,1
2022-01-04,yucatan,"Valladolid, Yucatan",20.6897,-88.2022,5,0.42,28.42,18.66,33.56000000000002,34.129999999999974,35.15,0,0
2022-01-05,yucatan,"Valladolid, Yucatan",20.6897,-88.2022,5,0.15,28.33,18.62,21.850000000000016,34.27999999999997,35.3,0,0
2022-01-06,yucatan,"Valladolid, Yucatan",20.6897,-88.2022,5,0.01,31.23,19.51,0.5800000000000142,34.28999999999997,35.309999999999995,0,0
2022-01-07,yucatan,"Valladolid, Yucatan",20.6897,-88.2022,5,0.0,31.17,18.03,0.16000000000001421,33.82999999999997,35.309999999999995,0,0
2022-01-08,yucatan,"Valladolid, Yucatan",20.6897,-88.2022,5,0.0,29.55,19.12,0.010000000000014211,33.71999999999997,35.309999999999995,0,0
2022-01-09,yucatan,"Valladolid, Yucatan",20.6897,-88.2022,5,0.01,29.62,20.85,0.010000000000014211,21.869999999999973,35.17,0,0
2022-01-10,yucatan,"Valladolid, Yucatan",20.6897,-88.2022,5,9.08,29.16,20.24,9.090000000000014,9.669999999999972,43.49,1,0
2022-01-11,yucatan,"Valladolid, Yucatan",20.6897,-88.2022,5,3.89,29.5,20.42,12.980000000000015,13.139999999999972,47.27,0,0
2022-01-12,yucatan,"Valladolid, Yucatan",20.6897,-88.2022,5,0.21,29.79,20.26,13.180000000000014,13.19999999999997,47.480000000000004,0,0
2022-01-13,yucatan,"Valladolid, Yucatan",20.6897,-88.2022,5,0.03,28.53,17.64,4.130000000000014,13.219999999999972,47.51,0,0
2022-01-14,yucatan,"Valladolid, Yucatan",20.6897,-88.2022,5,0.0,28.49,15.52,0.2400000000000142,13.219999999999972,47.05,0,0
2022-01-15,yucatan,"Valladolid, Yucatan",20.6897,-88.2022,5,0.67,30.56,16.0,0.7000000000000143,13.889999999999972,47.61,0,0
2022-01-16,yucatan,"Valladolid, Yucatan",20.6897,-88.2022,5,11.72,24.35,15.5,12.390000000000015,25.599999999999973,47.47,1,0
2022-01-17,yucatan,"Valladolid, Yucatan",20.6897,-88.2022,5,0.0,26.08,14.7,12.390000000000015,16.519999999999975,26.19,0,0
2022-01-18,yucatan,"Valladolid, Yucatan",20.6897,-88.2022,5,0.13,27.27,13.21,11.850000000000016,12.759999999999973,25.9,0,0
2022-01-19,yucatan,"Valladolid, Yucatan",20.6897,-88.2022,5,0.3,29.43,16.58,0.4300000000000142,12.849999999999973,26.05,0,0
2022-01-20,yucatan,"Valladolid, Yucatan",20.6897,-88.2022,5,0.01,31.19,17.85,0.4400000000000142,12.829999999999972,26.050000000000004,0,0
2022-01-21,yucatan,"Valladolid, Yucatan",20.6897,-88.2022,5,12.2,30.89,19.76,12.510000000000014,25.029999999999973,38.25,1,0
2022-01-22,yucatan,"Valladolid, Yucatan",20.6897,-88.2022,5,9.51,29.72,19.34,21.720000000000013,33.869999999999976,47.760000000000005,2,0
2022-01-23,yucatan,"Valladolid, Yucatan",20.6897,-88.2022,5,0.09,29.74,19.9,21.800000000000015,22.23999999999997,47.839999999999996,0,0
2022-01-24,yucatan,"Valladolid, Yucatan",20.6897,-88.2022,5,0.0,29.78,18.7,9.600000000000014,22.23999999999997,38.76,0,0
2022-01-25,yucatan,"Valladolid, Yucatan",20.6897,-88.2022,5,8.12,32.54,21.15,8.210000000000013,30.22999999999997,42.989999999999995,1,0
2022-01-26,yucatan,"Valladolid, Yucatan",20.6897,-88.2022,5,4.4,29.71,22.14,12.520000000000014,34.32999999999997,47.17999999999999,0,0
2022-01-27,yucatan,"Valladolid, Yucatan",20.6897,-88.2022,5,5.75,29.01,21.53,18.270000000000014,40.06999999999997,52.900000000000006,1,0
2022-01-28,yucatan,"Valladolid, Yucatan",20.6897,-88.2022,5,2.19,29.84,20.92,12.340000000000014,30.05999999999997,55.09,0,0
2022-01-29,yucatan,"Valladolid, Yucatan",20.6897,-88.2022,5,0.0,25.73,16.16,7.940000000000014,20.549999999999972,54.42,0,0
2022-01-30,yucatan,"Valladolid, Yucatan",20.6897,-88.2022,5,0.0,25.97,13.79,2.190000000000014,20.459999999999972,42.7,0,0
2022-01-31,yucatan,"Valladolid, Yucatan",20.6897,-88.2022,5,0.0,27.18,13.99,0.0,20.459999999999972,42.7,0,0
2022-02-01,yucatan,"Valladolid, Yucatan",20.6897,-88.2022,5,0.0,29.37,16.14,0.0,12.339999999999971,42.57,0,0
2022-02-02,yucatan,"Valladolid, Yucatan",20.6897,-88.2022,5,0.0,32.09,19.23,0.0,7.939999999999971,42.269999999999996,0,0
2022-02-03,yucatan,"Valladolid, Yucatan",20.6897,-88.2022,5,0.0,32.05,22.19,0.0,2.1899999999999715,42.26,0,0
2022-02-04,yucatan,"Valladolid, Yucatan",20.6897,-88.2022,5,9.48,33.09,20.38,9.480000000000015,9.479999999999972,39.54,1,0
2022-02-05,yucatan,"Valladolid, Yucatan",20.6897,-88.2022,5,23.1,28.31,20.31,32.58000000000001,32.57999999999997,53.129999999999995,2,1
2022-02-06,yucatan,"Valladolid, Yucatan",20.6897,-88.2022,5,3.42,26.85,19.03,36.000000000000014,35.99999999999997,56.459999999999994,0,0
2022-02-07,yucatan,"Valladolid, Yucatan",20.6897,-88.2022,5,6.04,28.55,19.98,32.56000000000002,42.03999999999997,62.49999999999999,1,0
2022-02-08,yucatan,"Valladolid, Yucatan",20.6897,-88.2022,5,15.61,24.61,18.76,25.070000000000014,57.64999999999998,69.99,2,0
2022-02-09,yucatan,"Valladolid, Yucatan",20.6897,-88.2022,5,0.92,26.96,17.59,22.570000000000014,58.56999999999997,66.51,0,0
2022-02-10,yucatan,"Valladolid, Yucatan",20.6897,-88.2022,5,5.96,27.32,16.46,22.490000000000013,64.52999999999997,66.72,1,0
2022-02-11,yucatan,"Valladolid, Yucatan",20.6897,-88.2022,5,1.1,28.6,17.95,7.980000000000015,56.14999999999997,65.63,0,0
2022-02-12,yucatan,"Valladolid, Yucatan",20.6897,-88.2022,5,26.1,29.15,19.89,33.16000000000002,59.14999999999997,91.73,1,1
2022-02-13,yucatan,"Valladolid, Yucatan",20.6897,-88.2022,5,15.63,26.67,20.0,42.83000000000002,71.35999999999997,107.36,2,0
2022-02-14,yucatan,"Valladolid, Yucatan",20.6897,-88.2022,5,0.0,23.73,16.94,41.73000000000002,65.31999999999996,107.36,0,0
2022-02-15,yucatan,"Valladolid, Yucatan",20.6897,-88.2022,5,0.8,24.71,15.37,16.430000000000017,50.50999999999997,108.16000000000001,0,0
2022-02-16,yucatan,"Valladolid, Yucatan",20.6897,-88.2022,5,0.3,28.57,18.39,1.1000000000000179,49.88999999999998,108.46000000000001,0,0
2022-02-17,yucatan,"Valladolid, Yucatan",20.6897,-88.2022,5,0.02,29.19,20.24,1.1200000000000179,43.949999999999974,108.48,0,0
2022-02-18,yucatan,"Valladolid, Yucatan",20.6897,-88.2022,5,0.01,30.46,21.29,0.3300000000000178,42.85999999999997,99.01,0,0
2022-02-19,yucatan,"Valladolid, Yucatan",20.6897,-88.2022,5,0.91,30.55,20.53,0.9400000000000178,17.669999999999973,76.82,0,0
2022-02-20,yucatan,"Valladolid, Yucatan",20.6897,-88.2022,5,0.15,29.86,20.86,1.0700000000000178,2.1899999999999715,73.55000000000001,0,0
2022-02-21,yucatan,"Valladolid, Yucatan",20.6897,-88.2022,5,0.0,30.27,19.77,1.0600000000000178,2.1899999999999715,67.51,0,0
2022-02-22,yucatan,"Valladolid, Yucatan",20.6897,-88.2022,5,0.0,30.48,18.73,0.15000000000001776,1.3899999999999715,51.9,0,0
2022-02-23,yucatan,"Valladolid, Yucatan",20.6897,-88.2022,5,0.0,31.1,21.11,0.0,1.0899999999999714,50.98,0,0
2022-02-24,yucatan,"Valladolid, Yucatan",20.6897,-88.2022,5,0.0,31.15,20.9,0.0,1.0699999999999714,45.019999999999996,0,0
2022-02-25,yucatan,"Valladolid, Yucatan",20.6897,-88.2022,5,0.0,31.56,20.49,0.0,1.0599999999999714,43.92,0,0
2022-02-26,yucatan,"Valladolid, Yucatan",20.6897,-88.2022,5,0.0,31.81,19.86,0.0,0.14999999999997157,17.819999999999997,0,0
2022-02-27,yucatan,"Valladolid, Yucatan",20.6897,-88.2022,5,0.31,32.22,19.41,0.31000000000001776,0.3099999999999716,2.4999999999999964,0,0
2022-02-28,yucatan,"Valladolid, Yucatan",20.6897,-88.2022,5,0.27,31.38,19.16,0.5800000000000178,0.5799999999999716,2.7699999999999965,0,0
2022-03-01,yucatan,"Valladolid, Yucatan",20.6897,-88.2022,5,0.0,30.8,18.24,0.5800000000000178,0.5799999999999716,1.9699999999999964,0,0
2022-03-02,yucatan,"Valladolid, Yucatan",20.6897,-88.2022,5,0.0,30.21,17.34,0.2700000000000178,0.5799999999999716,1.6699999999999964,0,0
2022-03-03,yucatan,"Valladolid, Yucatan",20.6897,-88.2022,5,0.0,31.81,16.82,0.0,0.5799999999999716,1.6499999999999964,0,0
2022-03-04,yucatan,"Valladolid, Yucatan",20.6897,-88.2022,5,0.0,32.23,18.17,0.0,0.5799999999999716,1.6399999999999963,0,0
2022-03-05,yucatan,"Valladolid, Yucatan",20.6897,-88.2022,5,0.0,33.11,20.54,0.0,0.5799999999999716,0.7299999999999964,0,0
2022-03-06,yucatan,"Valladolid, Yucatan",20.6897,-88.2022,5,0.6,33.19,21.49,0.6000000000000177,0.8699999999999715,1.1799999999999964,0,0
2022-03-07,yucatan,"Valladolid, Yucatan",20.6897,-88.2022,5,0.57,33.87,22.56,1.1700000000000177,1.1699999999999715,1.7499999999999964,0,0
2022-03-08,yucatan,"Valladolid, Yucatan",20.6897,-88.2022,5,4.8,32.84,21.78,5.9700000000000175,5.969999999999971,6.549999999999996,0,0
2022-03-09,yucatan,"Valladolid, Yucatan",20.6897,-88.2022,5,0.29,34.58,22.99,5.660000000000018,6.259999999999971,6.839999999999996,0,0
2022-03-10,yucatan,"Valladolid, Yucatan",20.6897,-88.2022,5,0.0,34.19,23.11,5.090000000000018,6.259999999999971,6.839999999999996,0,0
2022-03-11,yucatan,"Valladolid, Yucatan",20.6897,-88.2022,5,0.0,34.12,21.94,0.29000000000001774,6.259999999999971,6.839999999999996,0,0
2022-03-12,yucatan,"Valladolid, Yucatan",20.6897,-88.2022,5,3.42,34.69,20.27,3.4200000000000177,9.679999999999971,10.259999999999996,0,0
2022-03-13,yucatan,"Valladolid, Yucatan",20.6897,-88.2022,5,0.4,29.73,19.22,3.8200000000000176,9.479999999999972,10.349999999999996,0,0
2022-03-14,yucatan,"Valladolid, Yucatan",20.6897,-88.2022,5,0.2,33.63,17.83,4.020000000000017,9.109999999999971,10.279999999999996,0,0
2022-03-15,yucatan,"Valladolid, Yucatan",20.6897,-88.2022,5,6.58,34.46,21.48,7.1800000000000175,10.889999999999972,16.859999999999996,1,0
2022-03-16,yucatan,"Valladolid, Yucatan",20.6897,-88.2022,5,8.47,33.21,21.4,15.250000000000018,19.069999999999972,25.33,2,0
2022-03-17,yucatan,"Valladolid, Yucatan",20.6897,-88.2022,5,0.76,33.53,22.1,15.810000000000018,19.829999999999973,26.089999999999996,0,0
2022-03-18,yucatan,"Valladolid, Yucatan",20.6897,-88.2022,5,0.0,34.37,22.97,9.230000000000018,19.829999999999973,26.089999999999996,0,0
2022-03-19,yucatan,"Valladolid, Yucatan",20.6897,-88.2022,5,2.03,34.39,22.69,2.790000000000018,18.43999999999997,28.119999999999997,0,0
2022-03-20,yucatan,"Valladolid, Yucatan",20.6897,-88.2022,5,1.68,35.11,21.42,3.7100000000000177,19.71999999999997,29.199999999999996,0,0
2022-03-21,yucatan,"Valladolid, Yucatan",20.6897,-88.2022,5,0.12,34.23,21.4,3.830000000000018,19.639999999999972,28.75,0,0
2022-03-22,yucatan,"Valladolid, Yucatan",20.6897,-88.2022,5,0.0,33.78,24.05,1.8000000000000176,13.05999999999997,23.95,0,0
2022-03-23,yucatan,"Valladolid, Yucatan",20.6897,-88.2022,5,0.0,34.49,23.8,0.12000000000001776,4.589999999999971,23.66,0,0
2022-03-24,yucatan,"Valladolid, Yucatan",20.6897,-88.2022,5,4.55,30.73,20.02,4.550000000000018,8.37999999999997,28.209999999999997,0,0
2022-03-25,yucatan,"Valladolid, Yucatan",20.6897,-88.2022,5,0.5,30.36,17.85,5.050000000000018,8.87999999999997,28.709999999999997,0,0
2022-03-26,yucatan,"Valladolid, Yucatan",20.6897,-88.2022,5,0.0,30.99,14.67,5.050000000000018,6.849999999999971,25.289999999999996,0,0
2022-03-27,yucatan,"Valladolid, Yucatan",20.6897,-88.2022,5,0.0,32.66,15.87,0.5000000000000178,5.1699999999999715,24.889999999999997,0,0
2022-03-28,yucatan,"Valladolid, Yucatan",20.6897,-88.2022,5,0.0,33.5,18.43,0.0,5.049999999999971,24.689999999999994,0,0
2022-03-29,yucatan,"Valladolid, Yucatan",20.6897,-88.2022,5,0.0,33.81,18.99,0.0,5.049999999999971,18.109999999999996,0,0
2022-03-30,yucatan,"Valladolid, Yucatan",20.6897,-88.2022,5,0.0,34.03,22.3,0.0,5.049999999999971,9.639999999999997,0,0
2022-03-31,yucatan,"Valladolid, Yucatan",20.6897,-88.2022,5,0.0,35.88,25.13,0.0,0.4999999999999716,8.879999999999995,0,0
2022-04-01,yucatan,"Valladolid, Yucatan",20.6897,-88.2022,5,0.0,36.68,24.89,0.0,0.0,8.879999999999995,0,0
2022-04-02,yucatan,"Valladolid, Yucatan",20.6897,-88.2022,5,0.0,36.05,23.73,0.0,0.0,6.849999999999996,0,0
2022-04-03,yucatan,"Valladolid, Yucatan",20.6897,-88.2022,5,0.0,37.22,21.56,0.0,0.0,5.169999999999996,0,0
2022-04-04,yucatan,"Valladolid, Yucatan",20.6897,-88.2022,5,0.01,35.44,22.91,0.010000000000017764,0.009999999999971578,5.059999999999996,0,0
2022-04-05,yucatan,"Valladolid, Yucatan",20.6897,-88.2022,5,0.13,36.48,23.29,0.14000000000001778,0.1399999999999716,5.189999999999996,0,0
2022-04-06,yucatan,"Valladolid, Yucatan",20.6897,-88.2022,5,0.0,37.1,24.56,0.14000000000001778,0.1399999999999716,5.189999999999996,0,0
2022-04-07,yucatan,"Valladolid, Yucatan",20.6897,-88.2022,5,17.35,38.38,24.74,17.480000000000018,17.489999999999974,17.99,1,0
2022-04-08,yucatan,"Valladolid, Yucatan",20.6897,-88.2022,5,17.54,27.0,20.48,34.890000000000015,35.02999999999997,35.03,2,0
2022-04-09,yucatan,"Valladolid, Yucatan",20.6897,-88.2022,5,0.0,31.62,18.69,34.890000000000015,35.02999999999997,35.03,0,0
2022-04-10,yucatan,"Valladolid, Yucatan",20.6897,-88.2022,5,0.0,32.71,15.88,17.540000000000017,35.02999999999997,35.03,0,0
2022-04-11,yucatan,"Valladolid, Yucatan",20.6897,-88.2022,5,0.0,34.0,18.69,0.0,35.019999999999975,35.03,0,0
2022-04-12,yucatan,"Valladolid, Yucatan",20.6897,-88.2022,5,0.0,34.55,22.76,0.0,34.88999999999997,35.03,0,0
2022-04-13,yucatan,"Valladolid, Yucatan",20.6897,-88.2022,5,0.0,34.73,23.81,0.0,34.88999999999997,35.03,0,0
2022-04-14,yucatan,"Valladolid, Yucatan",20.6897,-88.2022,5,0.0,35.42,24.55,0.0,17.53999999999997,35.03,0,0
2022-04-15,yucatan,"Valladolid, Yucatan",20.6897,-88.2022,5,0.0,35.91,23.23,0.0,0.0,35.03,0,0
2022-04-16,yucatan,"Valladolid, Yucatan",20.6897,-88.2022,5,0.0,36.96,22.19,0.0,0.0,35.03,0,0
2022-04-17,yucatan,"Valladolid, Yucatan",20.6897,-88.2022,5,0.0,36.83,23.35,0.0,0.0,35.03,0,0
2022-04-18,yucatan,"Valladolid, Yucatan",20.6897,-88.2022,5,0.0,37.25,21.72,0.0,0.0,35.019999999999996,0,0
2022-04-19,yucatan,"Valladolid, Yucatan",20.6897,-88.2022,5,0.0,36.09,22.72,0.0,0.0,34.89,0,0
2022-04-20,yucatan,"Valladolid, Yucatan",20.6897,-88.2022,5,0.0,35.32,20.95,0.0,0.0,34.89,0,0
2022-04-21,yucatan,"Valladolid, Yucatan",20.6897,-88.2022,5,4.92,34.62,22.71,4.920000000000018,4.9199999999999715,22.459999999999994,0,0
2022-04-22,yucatan,"Valladolid, Yucatan",20.6897,-88.2022,5,0.66,32.24,22.1,5.580000000000018,5.579999999999972,5.5799999999999965,0,0
2022-04-23,yucatan,"Valladolid, Yucatan",20.6897,-88.2022,5,4.46,34.57,21.01,10.040000000000017,10.03999999999997,10.039999999999996,0,0
2022-04-24,yucatan,"Valladolid, Yucatan",20.6897,-88.2022,5,0.55,34.6,22.56,5.670000000000018,10.589999999999971,10.589999999999996,0,0
2022-04-25,yucatan,"Valladolid, Yucatan",20.6897,-88.2022,5,15.48,34.76,23.15,20.490000000000016,26.069999999999972,26.069999999999997,1,0
2022-04-26,yucatan,"Valladolid, Yucatan",20.6897,-88.2022,5,16.39,33.73,22.48,32.420000000000016,42.45999999999997,42.459999999999994,2,0
2022-04-27,yucatan,"Valladolid, Yucatan",20.6897,-88.2022,5,10.59,32.27,22.86,42.460000000000015,53.04999999999997,53.05,3,0
2022-04-28,yucatan,"Valladolid, Yucatan",20.6897,-88.2022,5,8.82,33.23,22.07,35.80000000000002,56.949999999999974,61.87,4,0
2022-04-29,yucatan,"Valladolid, Yucatan",20.6897,-88.2022,5,12.01,32.04,22.4,31.420000000000016,68.29999999999997,73.88,5,0
2022-04-30,yucatan,"Valladolid, Yucatan",20.6897,-88.2022,5,1.77,31.25,22.62,22.60000000000002,65.60999999999997,75.64999999999999,0,0
2022-05-01,yucatan,"Valladolid, Yucatan",20.6897,-88.2022,5,7.01,32.67,22.43,20.790000000000017,72.06999999999998,82.66,1,0
2022-05-02,yucatan,"Valladolid, Yucatan",20.6897,-88.2022,5,0.08,33.35,22.29,8.860000000000017,56.66999999999997,82.74,0,0
2022-05-03,yucatan,"Valladolid, Yucatan",20.6897,-88.2022,5,0.0,34.71,23.12,7.090000000000018,40.27999999999997,82.74,0,0
2022-05-04,yucatan,"Valladolid, Yucatan",20.6897,-88.2022,5,0.05,34.71,23.58,0.13000000000001777,29.73999999999997,82.78999999999999,0,0
2022-05-05,yucatan,"Valladolid, Yucatan",20.6897,-88.2022,5,0.01,34.92,24.27,0.06000000000001777,20.92999999999997,77.88,0,0
2022-05-06,yucatan,"Valladolid, Yucatan",20.6897,-88.2022,5,0.0,35.62,23.79,0.06000000000001777,8.919999999999972,77.22,0,0
2022-05-07,yucatan,"Valladolid, Yucatan",20.6897,-88.2022,5,0.0,37.69,23.68,0.010000000000017764,7.149999999999971,72.75999999999999,0,0
2022-05-08,yucatan,"Valladolid, Yucatan",20.6897,-88.2022,5,0.0,37.7,25.17,0.0,0.1399999999999716,72.21,0,0
2022-05-09,yucatan,"Valladolid, Yucatan",20.6897,-88.2022,5,0.0,36.95,25.1,0.0,0.05999999999997158,56.73,0,0
2022-05-10,yucatan,"Valladolid, Yucatan",20.6897,-88.2022,5,0.02,36.87,23.53,0.020000000000017764,0.07999999999997158,40.35999999999999,0,0
2022-05-11,yucatan,"Valladolid, Yucatan",20.6897,-88.2022,5,0.03,34.85,23.93,0.050000000000017766,0.059999999999971576,29.799999999999997,0,0
2022-05-12,yucatan,"Valladolid, Yucatan",20.6897,-88.2022,5,0.0,35.18,20.94,0.050000000000017766,0.049999999999971574,20.979999999999997,0,0
2022-05-13,yucatan,"Valladolid, Yucatan",20.6897,-88.2022,5,0.0,35.88,19.87,0.030000000000017762,0.049999999999971574,8.969999999999995,0,0
2022-05-14,yucatan,"Valladolid, Yucatan",20.6897,-88.2022,5,0.0,36.53,21.14,0.0,0.049999999999971574,7.199999999999997,0,0
2022-05-15,yucatan,"Valladolid, Yucatan",20.6897,-88.2022,5,0.0,36.39,20.71,0.0,0.049999999999971574,0.18999999999999645,0,0
2022-05-16,yucatan,"Valladolid, Yucatan",20.6897,-88.2022,5,0.0,36.61,21.16,0.0,0.049999999999971574,0.10999999999999645,0,0
2022-05-17,yucatan,"Valladolid, Yucatan",20.6897,-88.2022,5,0.0,36.97,20.41,0.0,0.029999999999971577,0.10999999999999645,0,0
2022-05-18,yucatan,"Valladolid, Yucatan",20.6897,-88.2022,5,0.0,36.12,22.26,0.0,0.0,0.059999999999996445,0,0
2022-05-19,yucatan,"Valladolid, Yucatan",20.6897,-88.2022,5,0.01,37.38,23.34,0.010000000000017764,0.009999999999971578,0.059999999999996445,0,0
2022-05-20,yucatan,"Valladolid, Yucatan",20.6897,-88.2022,5,0.05,35.23,25.38,0.06000000000001777,0.05999999999997158,0.10999999999999645,0,0
2022-05-21,yucatan,"Valladolid, Yucatan",20.6897,-88.2022,5,0.11,34.75,26.81,0.17000000000001778,0.1699999999999716,0.21999999999999645,0,0
2022-05-22,yucatan,"Valladolid, Yucatan",20.6897,-88.2022,5,0.87,35.09,26.48,1.0300000000000178,1.0399999999999716,1.0899999999999965,0,0
2022-05-23,yucatan,"Valladolid, Yucatan",20.6897,-88.2022,5,0.7,35.62,23.77,1.6800000000000177,1.7399999999999716,1.7899999999999965,0,0
2022-05-24,yucatan,"Valladolid, Yucatan",20.6897,-88.2022,5,2.48,34.23,23.83,4.050000000000018,4.219999999999971,4.2499999999999964,0,0
2022-05-25,yucatan,"Valladolid, Yucatan",20.6897,-88.2022,5,7.7,34.2,25.52,10.880000000000019,11.919999999999973,11.919999999999996,1,0
2022-05-26,yucatan,"Valladolid, Yucatan",20.6897,-88.2022,5,1.83,32.73,25.53,12.01000000000002,13.739999999999974,13.749999999999996,0,0
2022-05-27,yucatan,"Valladolid, Yucatan",20.6897,-88.2022,5,6.48,33.56,24.7,16.01000000000002,20.169999999999973,20.229999999999997,1,0
2022-05-28,yucatan,"Valladolid, Yucatan",20.6897,-88.2022,5,32.45,31.15,23.82,40.76000000000002,52.50999999999998,52.68,2,1
2022-05-29,yucatan,"Valladolid, Yucatan",20.6897,-88.2022,5,9.48,31.57,22.88,48.410000000000025,61.119999999999976,62.16,3,0
2022-05-30,yucatan,"Valladolid, Yucatan",20.6897,-88.2022,5,10.93,27.43,23.57,52.860000000000014,71.34999999999998,73.09,4,0
2022-05-31,yucatan,"Valladolid, Yucatan",20.6897,-88.2022,5,5.68,26.52,22.78,26.090000000000014,74.54999999999997,78.77,5,0
2022-06-01,yucatan,"Valladolid, Yucatan",20.6897,-88.2022,5,34.48,25.96,22.28,51.09000000000001,101.32999999999997,113.25,6,1
2022-06-02,yucatan,"Valladolid, Yucatan",20.6897,-88.2022,5,11.88,27.04,23.32,52.04000000000001,111.37999999999997,125.11999999999999,7,0
2022-06-03,yucatan,"Valladolid, Yucatan",20.6897,-88.2022,5,1.44,30.2,23.25,47.80000000000001,106.33999999999999,126.51,0,0
2022-06-04,yucatan,"Valladolid, Yucatan",20.6897,-88.2022,5,5.2,30.92,22.97,18.520000000000017,79.08999999999997,131.6,1,0
2022-06-05,yucatan,"Valladolid, Yucatan",20.6897,-88.2022,5,5.18,31.31,22.22,11.820000000000014,74.78999999999998,135.91,2,0
2022-06-06,yucatan,"Valladolid, Yucatan",20.6897,-88.2022,5,1.97,30.95,23.8,12.350000000000016,65.82999999999997,137.18,0,0
2022-06-07,yucatan,"Valladolid, Yucatan",20.6897,-88.2022,5,0.03,30.16,23.78,7.180000000000014,60.17999999999998,134.73,0,0
2022-06-08,yucatan,"Valladolid, Yucatan",20.6897,-88.2022,5,0.01,30.95,24.87,2.010000000000014,25.709999999999972,127.04,0,0
2022-06-09,yucatan,"Valladolid, Yucatan",20.6897,-88.2022,5,1.01,29.79,24.29,1.0500000000000143,14.839999999999971,126.22,0,0
2022-06-10,yucatan,"Valladolid, Yucatan",20.6897,-88.2022,5,0.29,29.98,23.82,1.3100000000000143,13.689999999999973,120.03,0,0
2022-06-11,yucatan,"Valladolid, Yucatan",20.6897,-88.2022,5,0.05,32.09,22.76,1.3500000000000143,8.53999999999997,87.63,0,0
2022-06-12,yucatan,"Valladolid, Yucatan",20.6897,-88.2022,5,0.01,32.31,22.77,0.3500000000000142,3.3699999999999717,78.16,0,0
2022-06-13,yucatan,"Valladolid, Yucatan",20.6897,-88.2022,5,6.97,32.34,23.53,7.030000000000014,8.36999999999997,74.2,1,0
2022-06-14,yucatan,"Valladolid, Yucatan",20.6897,-88.2022,5,0.86,32.15,24.21,7.840000000000014,9.199999999999973,69.38,0,0
2022-06-15,yucatan,"Valladolid, Yucatan",20.6897,-88.2022,5,7.49,32.54,22.87,15.320000000000014,16.67999999999997,42.39,1,0
2022-06-16,yucatan,"Valladolid, Yucatan",20.6897,-88.2022,5,9.2,29.25,23.69,17.550000000000015,24.86999999999997,39.709999999999994,2,0
2022-06-17,yucatan,"Valladolid, Yucatan",20.6897,-88.2022,5,6.53,30.8,23.15,23.220000000000017,31.10999999999997,44.8,3,0
2022-06-18,yucatan,"Valladolid, Yucatan",20.6897,-88.2022,5,8.68,31.19,23.16,24.410000000000014,39.73999999999997,48.28,4,0
2022-06-19,yucatan,"Valladolid, Yucatan",20.6897,-88.2022,5,10.34,29.68,23.36,25.550000000000015,50.06999999999997,53.44,5,0
2022-06-20,yucatan,"Valladolid, Yucatan",20.6897,-88.2022,5,28.46,26.75,23.42,47.48000000000002,71.55999999999997,79.93,6,1
2022-06-21,yucatan,"Valladolid, Yucatan",20.6897,-88.2022,5,2.88,28.55,23.13,41.680000000000014,73.57999999999997,82.78,0,0
2022-06-22,yucatan,"Valladolid, Yucatan",20.6897,-88.2022,5,0.25,29.98,21.75,31.590000000000014,66.33999999999996,83.02,0,0
2022-06-23,yucatan,"Valladolid, Yucatan",20.6897,-88.2022,5,5.15,30.14,22.77,8.280000000000015,62.28999999999997,87.16,1,0
2022-06-24,yucatan,"Valladolid, Yucatan",20.6897,-88.2022,5,24.1,29.73,22.6,29.500000000000018,79.85999999999997,110.97,2,1
2022-06-25,yucatan,"Valladolid, Yucatan",20.6897,-88.2022,5,15.2,29.76,22.53,44.45000000000002,86.37999999999998,126.12,3,0
2022-06-26,yucatan,"Valladolid, Yucatan",20.6897,-88.2022,5,3.47,30.85,22.93,42.77000000000002,79.50999999999998,129.57999999999998,0,0
2022-06-27,yucatan,"Valladolid, Yucatan",20.6897,-88.2022,5,4.3,30.71,22.93,22.970000000000017,55.34999999999997,126.91,0,0
2022-06-28,yucatan,"Valladolid, Yucatan",20.6897,-88.2022,5,2.53,30.41,23.25,10.300000000000017,54.99999999999997,128.57999999999998,0,0
2022-06-29,yucatan,"Valladolid, Yucatan",20.6897,-88.2022,5,0.66,30.53,23.06,7.490000000000016,55.40999999999997,121.75,0,0
2022-06-30,yucatan,"Valladolid, Yucatan",20.6897,-88.2022,5,0.32,30.92,22.72,3.5100000000000176,50.57999999999997,112.87,0,0
2022-07-01,yucatan,"Valladolid, Yucatan",20.6897,-88.2022,5,0.07,30.54,23.9,1.0500000000000178,26.54999999999997,106.41,0,0
2022-07-02,yucatan,"Valladolid, Yucatan",20.6897,-88.2022,5,0.71,31.18,23.31,1.1000000000000179,12.05999999999997,98.44000000000001,0,0
2022-07-03,yucatan,"Valladolid, Yucatan",20.6897,-88.2022,5,0.29,31.68,23.97,1.0700000000000176,8.87999999999997,88.39,0,0
2022-07-04,yucatan,"Valladolid, Yucatan",20.6897,-88.2022,5,0.83,32.73,23.04,1.8300000000000178,5.409999999999972,60.76,0,0
2022-07-05,yucatan,"Valladolid, Yucatan",20.6897,-88.2022,5,8.14,30.2,23.68,9.26000000000002,11.019999999999973,66.02,1,0
2022-07-06,yucatan,"Valladolid, Yucatan",20.6897,-88.2022,5,21.61,29.61,23.77,30.58000000000002,31.96999999999997,87.38,2,1
2022-07-07,yucatan,"Valladolid, Yucatan",20.6897,-88.2022,5,16.04,31.05,23.66,45.79000000000002,47.68999999999997,98.27000000000001,3,0
2022-07-08,yucatan,"Valladolid, Yucatan",20.6897,-88.2022,5,2.6,31.06,23.86,40.25000000000002,50.21999999999997,76.77,0,0
2022-07-09,yucatan,"Valladolid, Yucatan",20.6897,-88.2022,5,4.97,29.88,23.76,23.61000000000002,54.47999999999997,66.53999999999999,0,0
2022-07-10,yucatan,"Valladolid, Yucatan",20.6897,-88.2022,5,9.38,30.33,23.22,16.950000000000024,63.56999999999997,72.45,1,0
2022-07-11,yucatan,"Valladolid, Yucatan",20.6897,-88.2022,5,4.99,29.38,23.89,19.340000000000025,67.72999999999998,73.14,0,0
2022-07-12,yucatan,"Valladolid, Yucatan",20.6897,-88.2022,5,2.82,28.76,23.93,17.190000000000023,62.40999999999997,73.42999999999999,0,0
2022-07-13,yucatan,"Valladolid, Yucatan",20.6897,-88.2022,5,0.82,29.22,24.04,8.630000000000022,41.61999999999997,73.59,0,0
2022-07-14,yucatan,"Valladolid, Yucatan",20.6897,-88.2022,5,0.21,29.74,24.17,3.850000000000021,25.789999999999974,73.47999999999999,0,0
2022-07-15,yucatan,"Valladolid, Yucatan",20.6897,-88.2022,5,15.91,30.33,22.45,16.940000000000023,39.09999999999997,89.32000000000001,1,0
2022-07-16,yucatan,"Valladolid, Yucatan",20.6897,-88.2022,5,7.03,30.66,22.52,23.15000000000002,41.159999999999975,95.64,2,0
2022-07-17,yucatan,"Valladolid, Yucatan",20.6897,-88.2022,5,0.01,30.87,23.57,22.95000000000002,31.78999999999997,95.36,0,0
2022-07-18,yucatan,"Valladolid, Yucatan",20.6897,-88.2022,5,0.74,31.28,23.15,7.780000000000022,27.53999999999997,95.27000000000001,0,0
2022-07-19,yucatan,"Valladolid, Yucatan",20.6897,-88.2022,5,0.22,31.96,23.89,0.9700000000000213,24.939999999999973,87.35000000000001,0,0
2022-07-20,yucatan,"Valladolid, Yucatan",20.6897,-88.2022,5,0.38,32.3,23.18,1.3400000000000212,24.49999999999997,66.12,0,0
2022-07-21,yucatan,"Valladolid, Yucatan",20.6897,-88.2022,5,9.43,32.16,23.37,10.03000000000002,33.71999999999997,59.51,1,0
2022-07-22,yucatan,"Valladolid, Yucatan",20.6897,-88.2022,5,7.96,29.73,23.77,17.77000000000002,25.769999999999975,64.87,2,0
2022-07-23,yucatan,"Valladolid, Yucatan",20.6897,-88.2022,5,4.48,29.15,24.32,21.870000000000022,23.219999999999974,64.38000000000001,0,0
2022-07-24,yucatan,"Valladolid, Yucatan",20.6897,-88.2022,5,3.93,30.04,23.47,16.370000000000022,27.139999999999972,58.93,0,0
2022-07-25,yucatan,"Valladolid, Yucatan",20.6897,-88.2022,5,6.1,29.85,24.12,14.510000000000021,32.49999999999997,60.04,1,0
2022-07-26,yucatan,"Valladolid, Yucatan",20.6897,-88.2022,5,11.02,29.04,23.8,21.050000000000022,43.299999999999976,68.24,2,0
2022-07-27,yucatan,"Valladolid, Yucatan",20.6897,-88.2022,5,9.14,29.5,24.27,26.260000000000023,52.059999999999974,76.56,3,0
2022-07-28,yucatan,"Valladolid, Yucatan",20.6897,-88.2022,5,4.3,29.36,24.48,24.460000000000022,46.92999999999997,80.65,0,0
2022-07-29,yucatan,"Valladolid, Yucatan",20.6897,-88.2022,5,3.0,29.05,23.88,16.440000000000023,41.96999999999997,67.74000000000001,0,0
2022-07-30,yucatan,"Valladolid, Yucatan",20.6897,-88.2022,5,22.28,27.59,23.21,29.580000000000023,59.769999999999975,82.99000000000001,1,1
2022-07-31,yucatan,"Valladolid, Yucatan",20.6897,-88.2022,5,4.03,29.99,23.33,29.310000000000024,59.869999999999976,87.00999999999999,0,0
2022-08-01,yucatan,"Valladolid, Yucatan",20.6897,-88.2022,5,1.39,31.19,24.05,27.700000000000024,55.159999999999975,87.66,0,0
2022-08-02,yucatan,"Valladolid, Yucatan",20.6897,-88.2022,5,4.94,30.38,24.48,10.36000000000002,49.07999999999997,92.38000000000001,0,0
2022-08-03,yucatan,"Valladolid, Yucatan",20.6897,-88.2022,5,4.32,30.26,23.48,10.650000000000022,44.25999999999997,96.32000000000001,0,0
2022-08-04,yucatan,"Valladolid, Yucatan",20.6897,-88.2022,5,7.07,29.48,23.99,16.33000000000002,47.02999999999997,93.96000000000001,1,0
2022-08-05,yucatan,"Valladolid, Yucatan",20.6897,-88.2022,5,6.18,29.46,23.71,17.57000000000002,50.20999999999997,92.18,2,0
2022-08-06,yucatan,"Valladolid, Yucatan",20.6897,-88.2022,5,16.7,29.37,23.23,29.95000000000002,44.62999999999997,104.4,3,0
2022-08-07,yucatan,"Valladolid, Yucatan",20.6897,-88.2022,5,11.21,28.42,24.42,34.09000000000002,51.809999999999974,111.67999999999999,4,0
2022-08-08,yucatan,"Valladolid, Yucatan",20.6897,-88.2022,5,13.91,29.04,23.98,41.82000000000002,64.32999999999997,119.49000000000001,5,0
2022-08-09,yucatan,"Valladolid, Yucatan",20.6897,-88.2022,5,5.79,28.62,23.52,30.91000000000002,65.17999999999998,114.26,6,0
2022-08-10,yucatan,"Valladolid, Yucatan",20.6897,-88.2022,5,17.07,28.59,23.94,36.770000000000024,77.92999999999998,122.19,7,0
2022-08-11,yucatan,"Valladolid, Yucatan",20.6897,-88.2022,5,5.39,28.66,23.62,28.25000000000002,76.24999999999996,123.27999999999999,8,0
2022-08-12,yucatan,"Valladolid, Yucatan",20.6897,-88.2022,5,1.11,30.23,23.73,23.57000000000002,71.17999999999996,121.38999999999999,0,0
2022-08-13,yucatan,"Valladolid, Yucatan",20.6897,-88.2022,5,1.49,30.41,23.02,7.9900000000000215,55.96999999999997,100.6,0,0
2022-08-14,yucatan,"Valladolid, Yucatan",20.6897,-88.2022,5,2.76,30.39,23.56,5.360000000000021,47.519999999999975,99.33,0,0
2022-08-15,yucatan,"Valladolid, Yucatan",20.6897,-88.2022,5,5.24,29.98,22.68,9.49000000000002,38.84999999999997,103.18,1,0
2022-08-16,yucatan,"Valladolid, Yucatan",20.6897,-88.2022,5,2.14,29.15,23.86,10.14000000000002,35.199999999999974,100.38,0,0
2022-08-17,yucatan,"Valladolid, Yucatan",20.6897,-88.2022,5,0.63,29.24,21.87,8.010000000000021,18.759999999999973,96.69,0,0
2022-08-18,yucatan,"Valladolid, Yucatan",20.6897,-88.2022,5,12.24,27.94,23.88,15.010000000000021,25.60999999999997,101.85999999999999,1,0
2022-08-19,yucatan,"Valladolid, Yucatan",20.6897,-88.2022,5,2.63,29.16,23.7,15.500000000000021,27.12999999999997,98.31,0,0
2022-08-20,yucatan,"Valladolid, Yucatan",20.6897,-88.2022,5,5.77,29.46,24.12,20.640000000000022,31.40999999999997,87.38,1,0
2022-08-21,yucatan,"Valladolid, Yucatan",20.6897,-88.2022,5,12.5,29.99,24.24,20.90000000000002,41.14999999999997,88.67,2,0
2022-08-22,yucatan,"Valladolid, Yucatan",20.6897,-88.2022,5,8.13,29.55,24.37,26.400000000000023,44.03999999999997,82.88999999999999,3,0
2022-08-23,yucatan,"Valladolid, Yucatan",20.6897,-88.2022,5,3.76,29.28,24.33,24.390000000000022,45.65999999999997,80.86,0,0
2022-08-24,yucatan,"Valladolid, Yucatan",20.6897,-88.2022,5,13.61,29.41,23.76,25.50000000000002,58.63999999999997,77.4,1,0
2022-08-25,yucatan,"Valladolid, Yucatan",20.6897,-88.2022,5,5.35,29.07,23.71,22.72000000000002,51.74999999999997,77.36,2,0
2022-08-26,yucatan,"Valladolid, Yucatan",20.6897,-88.2022,5,4.4,29.54,24.29,23.36000000000002,53.51999999999997,80.65,0,0
2022-08-27,yucatan,"Valladolid, Yucatan",20.6897,-88.2022,5,5.67,29.28,24.79,15.420000000000023,53.41999999999997,84.83,1,0
2022-08-28,yucatan,"Valladolid, Yucatan",20.6897,-88.2022,5,20.34,29.71,24.39,30.410000000000025,61.25999999999997,102.41,2,1
2022-08-29,yucatan,"Valladolid, Yucatan",20.6897,-88.2022,5,8.21,29.34,24.67,34.22000000000003,61.33999999999997,105.38,3,0
2022-08-30,yucatan,"Valladolid, Yucatan",20.6897,-88.2022,5,12.02,28.98,24.2,40.57000000000002,69.59999999999997,115.26,4,0
2022-08-31,yucatan,"Valladolid, Yucatan",20.6897,-88.2022,5,9.3,27.82,24.17,29.530000000000022,65.28999999999996,123.92999999999999,5,0
2022-09-01,yucatan,"Valladolid, Yucatan",20.6897,-88.2022,5,14.77,27.51,24.26,36.09000000000002,74.70999999999997,126.46,6,0
2022-09-02,yucatan,"Valladolid, Yucatan",20.6897,-88.2022,5,6.16,28.48,23.94,30.23000000000002,76.46999999999997,129.99,7,0
2022-09-03,yucatan,"Valladolid, Yucatan",20.6897,-88.2022,5,2.35,29.42,24.57,23.280000000000022,73.14999999999998,126.57,0,0
2022-09-04,yucatan,"Valladolid, Yucatan",20.6897,-88.2022,5,7.47,28.84,24.19,15.980000000000022,60.27999999999997,121.53999999999999,1,0
2022-09-05,yucatan,"Valladolid, Yucatan",20.6897,-88.2022,5,1.53,29.79,23.8,11.350000000000021,53.59999999999997,114.94,0,0
2022-09-06,yucatan,"Valladolid, Yucatan",20.6897,-88.2022,5,0.28,30.13,24.11,9.280000000000022,41.85999999999997,111.46000000000001,0,0
2022-09-07,yucatan,"Valladolid, Yucatan",20.6897,-88.2022,5,1.12,30.48,24.46,2.9300000000000215,33.67999999999997,98.97,0,0
2022-09-08,yucatan,"Valladolid, Yucatan",20.6897,-88.2022,5,3.15,29.16,23.87,4.550000000000021,22.059999999999974,96.77,0,0
2022-09-09,yucatan,"Valladolid, Yucatan",20.6897,-88.2022,5,6.3,27.11,24.13,10.570000000000022,22.19999999999997,98.67,1,0
2022-09-10,yucatan,"Valladolid, Yucatan",20.6897,-88.2022,5,2.68,29.1,23.73,12.130000000000022,22.52999999999997,95.68,0,0
2022-09-11,yucatan,"Valladolid, Yucatan",20.6897,-88.2022,5,6.91,29.12,24.32,15.890000000000022,21.96999999999997,82.25,1,0
2022-09-12,yucatan,"Valladolid, Yucatan",20.6897,-88.2022,5,8.66,29.09,24.16,18.25000000000002,29.099999999999973,82.69999999999999,2,0
2022-09-13,yucatan,"Valladolid, Yucatan",20.6897,-88.2022,5,6.2,29.14,23.88,21.77000000000002,35.019999999999975,76.88,3,0
2022-09-14,yucatan,"Valladolid, Yucatan",20.6897,-88.2022,5,5.32,28.2,24.39,20.18000000000002,39.21999999999997,72.9,4,0
2022-09-15,yucatan,"Valladolid, Yucatan",20.6897,-88.2022,5,4.65,28.22,24.07,16.170000000000023,40.71999999999997,62.78000000000001,0,0
2022-09-16,yucatan,"Valladolid, Yucatan",20.6897,-88.2022,5,9.36,27.9,24.0,19.330000000000023,43.77999999999997,65.98,1,0
2022-09-17,yucatan,"Valladolid, Yucatan",20.6897,-88.2022,5,0.99,29.18,24.24,15.000000000000023,42.089999999999975,64.62,0,0
2022-09-18,yucatan,"Valladolid, Yucatan",20.6897,-88.2022,5,1.79,29.83,24.05,12.140000000000022,36.96999999999997,58.94,0,0
2022-09-19,yucatan,"Valladolid, Yucatan",20.6897,-88.2022,5,1.16,29.58,24.02,3.940000000000023,29.469999999999974,58.57,0,0
2022-09-20,yucatan,"Valladolid, Yucatan",20.6897,-88.2022,5,0.65,29.09,23.85,3.600000000000023,23.91999999999997,58.94,0,0
2022-09-21,yucatan,"Valladolid, Yucatan",20.6897,-88.2022,5,4.62,30.25,23.17,6.430000000000023,23.21999999999997,62.44,0,0
2022-09-22,yucatan,"Valladolid, Yucatan",20.6897,-88.2022,5,7.73,30.03,23.36,13.000000000000023,26.299999999999972,67.02,1,0
2022-09-23,yucatan,"Valladolid, Yucatan",20.6897,-88.2022,5,20.09,29.19,23.93,32.440000000000026,37.02999999999997,80.81,2,1
2022-09-24,yucatan,"Valladolid, Yucatan",20.6897,-88.2022,5,4.71,30.32,23.92,32.53000000000002,40.74999999999997,82.84,0,0
2022-09-25,yucatan,"Valladolid, Yucatan",20.6897,-88.2022,5,0.53,30.37,23.36,25.33000000000002,39.489999999999974,76.46,0,0
2022-09-26,yucatan,"Valladolid, Yucatan",20.6897,-88.2022,5,1.01,29.75,23.49,6.250000000000025,39.339999999999975,68.81,0,0
2022-09-27,yucatan,"Valladolid, Yucatan",20.6897,-88.2022,5,2.47,29.73,23.81,4.010000000000025,41.15999999999997,65.08,0,0
2022-09-28,yucatan,"Valladolid, Yucatan",20.6897,-88.2022,5,0.12,29.82,23.64,3.600000000000025,36.659999999999975,59.88,0,0
2022-09-29,yucatan,"Valladolid, Yucatan",20.6897,-88.2022,5,0.3,28.38,22.06,2.890000000000025,29.229999999999972,55.529999999999994,0,0
2022-09-30,yucatan,"Valladolid, Yucatan",20.6897,-88.2022,5,0.16,27.48,20.57,0.5800000000000248,9.299999999999972,46.330000000000005,0,0
2022-10-01,yucatan,"Valladolid, Yucatan",20.6897,-88.2022,5,0.0,27.46,18.78,0.46000000000002483,4.589999999999971,45.34,0,0
2022-10-02,yucatan,"Valladolid, Yucatan",20.6897,-88.2022,5,0.01,28.45,19.74,0.17000000000002488,4.069999999999972,43.56,0,0
2022-10-03,yucatan,"Valladolid, Yucatan",20.6897,-88.2022,5,0.06,28.97,22.12,0.07000000000002488,3.1199999999999717,42.46,0,0
2022-10-04,yucatan,"Valladolid, Yucatan",20.6897,-88.2022,5,0.0,28.35,21.44,0.07000000000002488,0.6499999999999716,41.81,0,0
2022-10-05,yucatan,"Valladolid, Yucatan",20.6897,-88.2022,5,0.0,27.49,18.89,0.06000000000002487,0.5299999999999716,37.190000000000005,0,0
2022-10-06,yucatan,"Valladolid, Yucatan",20.6897,-88.2022,5,0.0,28.16,18.2,0.0,0.2299999999999716,29.46,0,0
2022-10-07,yucatan,"Valladolid, Yucatan",20.6897,-88.2022,5,0.0,28.94,20.56,0.0,0.06999999999997158,9.370000000000001,0,0
2022-10-08,yucatan,"Valladolid, Yucatan",20.6897,-88.2022,5,3.08,29.57,22.09,3.080000000000025,3.1499999999999715,7.74,0,0
2022-10-09,yucatan,"Valladolid, Yucatan",20.6897,-88.2022,5,2.22,30.03,22.27,5.300000000000026,5.359999999999972,9.43,0,0
2022-10-10,yucatan,"Valladolid, Yucatan",20.6897,-88.2022,5,3.17,28.6,24.71,8.470000000000026,8.46999999999997,11.59,0,0
2022-10-11,yucatan,"Valladolid, Yucatan",20.6897,-88.2022,5,1.04,28.79,24.18,6.430000000000025,9.509999999999971,10.16,0,0
2022-10-12,yucatan,"Valladolid, Yucatan",20.6897,-88.2022,5,0.37,30.07,23.92,4.580000000000024,9.87999999999997,10.41,0,0
2022-10-13,yucatan,"Valladolid, Yucatan",20.6897,-88.2022,5,6.0,28.75,24.37,7.410000000000025,15.87999999999997,16.11,1,0
2022-10-14,yucatan,"Valladolid, Yucatan",20.6897,-88.2022,5,7.25,29.46,24.22,13.620000000000026,23.12999999999997,23.2,2,0
2022-10-15,yucatan,"Valladolid, Yucatan",20.6897,-88.2022,5,1.9,30.54,23.5,15.150000000000025,21.949999999999974,25.099999999999998,0,0
2022-10-16,yucatan,"Valladolid, Yucatan",20.6897,-88.2022,5,1.5,30.8,23.36,10.650000000000023,21.229999999999972,26.59,0,0
2022-10-17,yucatan,"Valladolid, Yucatan",20.6897,-88.2022,5,2.53,29.99,24.06,5.930000000000025,20.58999999999997,29.06,0,0
2022-10-18,yucatan,"Valladolid, Yucatan",20.6897,-88.2022,5,3.57,30.51,24.64,7.6000000000000245,23.11999999999997,32.629999999999995,0,0
2022-10-19,yucatan,"Valladolid, Yucatan",20.6897,-88.2022,5,7.64,26.01,22.48,13.740000000000023,30.389999999999972,40.269999999999996,1,0
2022-10-20,yucatan,"Valladolid, Yucatan",20.6897,-88.2022,5,1.56,26.98,21.21,12.770000000000024,25.94999999999997,41.83,0,0
2022-10-21,yucatan,"Valladolid, Yucatan",20.6897,-88.2022,5,0.04,26.69,19.37,9.240000000000023,18.739999999999974,41.87,0,0
2022-10-22,yucatan,"Valladolid, Yucatan",20.6897,-88.2022,5,0.0,26.44,16.75,1.600000000000025,16.83999999999997,38.79,0,0
2022-10-23,yucatan,"Valladolid, Yucatan",20.6897,-88.2022,5,0.0,28.48,16.98,0.04000000000002487,15.339999999999971,36.57,0,0
2022-10-24,yucatan,"Valladolid, Yucatan",20.6897,-88.2022,5,0.04,31.0,20.65,0.04000000000002487,12.849999999999971,33.44,0,0
2022-10-25,yucatan,"Valladolid, Yucatan",20.6897,-88.2022,5,0.29,32.11,23.85,0.33000000000002483,9.569999999999972,32.69,0,0
2022-10-26,yucatan,"Valladolid, Yucatan",20.6897,-88.2022,5,5.81,31.18,23.94,6.1400000000000245,7.739999999999971,38.129999999999995,1,0
2022-10-27,yucatan,"Valladolid, Yucatan",20.6897,-88.2022,5,4.1,30.72,22.45,10.200000000000024,10.279999999999971,36.23,0,0
2022-10-28,yucatan,"Valladolid, Yucatan",20.6897,-88.2022,5,5.49,31.03,21.95,15.400000000000025,15.72999999999997,34.47,1,0
2022-10-29,yucatan,"Valladolid, Yucatan",20.6897,-88.2022,5,2.96,31.25,20.57,12.550000000000026,18.68999999999997,35.53,0,0
2022-10-30,yucatan,"Valladolid, Yucatan",20.6897,-88.2022,5,0.45,31.75,22.54,8.900000000000025,19.13999999999997,34.48,0,0
2022-10-31,yucatan,"Valladolid, Yucatan",20.6897,-88.2022,5,0.0,30.99,21.04,3.410000000000025,19.09999999999997,31.95,0,0
2022-11-01,yucatan,"Valladolid, Yucatan",20.6897,-88.2022,5,1.54,32.47,20.57,1.9900000000000249,20.349999999999973,29.919999999999998,0,0
2022-11-02,yucatan,"Valladolid, Yucatan",20.6897,-88.2022,5,17.05,28.52,24.26,18.590000000000025,31.589999999999975,39.33,1,0
2022-11-03,yucatan,"Valladolid, Yucatan",20.6897,-88.2022,5,6.15,27.51,24.04,24.740000000000023,33.63999999999997,43.92,2,0
2022-11-04,yucatan,"Valladolid, Yucatan",20.6897,-88.2022,5,0.11,30.24,23.07,23.310000000000027,28.259999999999973,43.99,0,0
2022-11-05,yucatan,"Valladolid, Yucatan",20.6897,-88.2022,5,11.23,31.02,22.58,17.490000000000023,36.52999999999997,55.22,1,0
2022-11-06,yucatan,"Valladolid, Yucatan",20.6897,-88.2022,5,3.27,29.22,20.95,14.610000000000024,39.34999999999997,58.49,0,0
2022-11-07,yucatan,"Valladolid, Yucatan",20.6897,-88.2022,5,1.62,30.4,21.23,16.120000000000026,40.96999999999998,60.07,0,0
2022-11-08,yucatan,"Valladolid, Yucatan",20.6897,-88.2022,5,0.35,29.51,22.34,5.240000000000025,39.779999999999966,60.13,0,0
2022-11-09,yucatan,"Valladolid, Yucatan",20.6897,-88.2022,5,0.11,29.47,20.84,2.080000000000025,22.83999999999997,54.43,0,0
2022-11-10,yucatan,"Valladolid, Yucatan",20.6897,-88.2022,5,1.26,30.35,19.86,1.7200000000000248,17.94999999999997,51.589999999999996,0,0
2022-11-11,yucatan,"Valladolid, Yucatan",20.6897,-88.2022,5,0.1,30.8,21.55,1.470000000000025,17.93999999999997,46.2,0,0
2022-11-12,yucatan,"Valladolid, Yucatan",20.6897,-88.2022,5,0.13,31.88,19.47,1.4900000000000249,6.839999999999971,43.370000000000005,0,0
2022-11-13,yucatan,"Valladolid, Yucatan",20.6897,-88.2022,5,0.06,31.71,21.27,0.2900000000000249,3.6299999999999715,42.98,0,0
2022-11-14,yucatan,"Valladolid, Yucatan",20.6897,-88.2022,5,0.0,32.26,20.77,0.19000000000002487,2.0099999999999714,42.98,0,0
2022-11-15,yucatan,"Valladolid, Yucatan",20.6897,-88.2022,5,0.14,33.19,21.08,0.20000000000002488,1.7999999999999714,41.58,0,0
2022-11-16,yucatan,"Valladolid, Yucatan",20.6897,-88.2022,5,1.25,32.4,23.15,1.390000000000025,2.9399999999999715,25.78,0,0
2022-11-17,yucatan,"Valladolid, Yucatan",20.6897,-88.2022,5,1.59,32.08,21.71,2.9800000000000253,3.2699999999999716,21.220000000000002,0,0
2022-11-18,yucatan,"Valladolid, Yucatan",20.6897,-88.2022,5,0.79,30.23,22.21,3.6300000000000248,3.9599999999999715,21.9,0,0
2022-11-19,yucatan,"Valladolid, Yucatan",20.6897,-88.2022,5,0.62,32.75,22.4,3.000000000000025,4.449999999999972,11.290000000000001,0,0
2022-11-20,yucatan,"Valladolid, Yucatan",20.6897,-88.2022,5,5.66,33.21,22.95,7.070000000000025,10.049999999999972,13.68,1,0
2022-11-21,yucatan,"Valladolid, Yucatan",20.6897,-88.2022,5,3.65,30.47,22.93,9.930000000000025,13.699999999999973,15.709999999999999,0,0
2022-11-22,yucatan,"Valladolid, Yucatan",20.6897,-88.2022,5,1.16,30.53,22.99,10.470000000000026,14.719999999999972,16.52,0,0
2022-11-23,yucatan,"Valladolid, Yucatan",20.6897,-88.2022,5,0.13,32.72,23.13,4.940000000000024,13.599999999999971,16.54,0,0
2022-11-24,yucatan,"Valladolid, Yucatan",20.6897,-88.2022,5,0.02,32.78,20.5,1.3100000000000247,12.029999999999971,15.3,0,0
2022-11-25,yucatan,"Valladolid, Yucatan",20.6897,-88.2022,5,1.85,32.0,23.53,2.000000000000025,13.089999999999971,17.05,0,0
2022-11-26,yucatan,"Valladolid, Yucatan",20.6897,-88.2022,5,0.39,32.86,22.53,2.260000000000025,12.859999999999971,17.31,0,0
2022-11-27,yucatan,"Valladolid, Yucatan",20.6897,-88.2022,5,0.29,32.37,22.45,2.530000000000025,7.489999999999972,17.540000000000003,0,0
2022-11-28,yucatan,"Valladolid, Yucatan",20.6897,-88.2022,5,3.81,31.03,23.59,4.490000000000025,7.649999999999972,21.35,0,0
2022-11-29,yucatan,"Valladolid, Yucatan",20.6897,-88.2022,5,0.31,32.37,22.32,4.410000000000025,6.799999999999971,21.52,0,0
2022-11-30,yucatan,"Valladolid, Yucatan",20.6897,-88.2022,5,0.6,33.5,22.46,4.7200000000000255,7.269999999999971,20.87,0,0
2022-12-01,yucatan,"Valladolid, Yucatan",20.6897,-88.2022,5,2.84,32.45,22.86,3.750000000000025,10.089999999999971,22.12,0,0
2022-12-02,yucatan,"Valladolid, Yucatan",20.6897,-88.2022,5,1.07,32.34,22.42,4.510000000000025,9.309999999999972,22.4,0,0
2022-12-03,yucatan,"Valladolid, Yucatan",20.6897,-88.2022,5,0.54,32.09,22.32,4.450000000000025,9.45999999999997,22.32,0,0
2022-12-04,yucatan,"Valladolid, Yucatan",20.6897,-88.2022,5,0.83,31.78,21.85,2.4400000000000253,9.99999999999997,17.490000000000002,0,0
2022-12-05,yucatan,"Valladolid, Yucatan",20.6897,-88.2022,5,0.02,32.17,19.28,1.3900000000000252,6.2099999999999715,13.860000000000001,0,0
2022-12-06,yucatan,"Valladolid, Yucatan",20.6897,-88.2022,5,0.0,32.2,19.85,0.8500000000000253,5.899999999999971,12.700000000000001,0,0
2022-12-07,yucatan,"Valladolid, Yucatan",20.6897,-88.2022,5,0.06,32.11,20.05,0.08000000000002531,5.359999999999972,12.629999999999999,0,0
2022-12-08,yucatan,"Valladolid, Yucatan",20.6897,-88.2022,5,0.09,31.84,20.98,0.1500000000000253,2.6099999999999715,12.7,0,0
2022-12-09,yucatan,"Valladolid, Yucatan",20.6897,-88.2022,5,0.01,32.01,20.2,0.16000000000002532,1.5499999999999716,10.86,0,0
2022-12-10,yucatan,"Valladolid, Yucatan",20.6897,-88.2022,5,0.0,32.15,19.34,0.1000000000000253,1.0099999999999716,10.469999999999999,0,0
2022-12-11,yucatan,"Valladolid, Yucatan",20.6897,-88.2022,5,0.15,32.69,21.65,0.1600000000000253,0.32999999999997154,10.33,0,0
2022-12-12,yucatan,"Valladolid, Yucatan",20.6897,-88.2022,5,1.24,33.01,19.59,1.3900000000000252,1.5499999999999714,7.76,0,0
2022-12-13,yucatan,"Valladolid, Yucatan",20.6897,-88.2022,5,0.69,31.93,19.96,2.080000000000025,2.239999999999972,8.14,0,0
2022-12-14,yucatan,"Valladolid, Yucatan",20.6897,-88.2022,5,0.0,32.9,22.79,1.9300000000000253,2.1799999999999713,7.54,0,0
2022-12-15,yucatan,"Valladolid, Yucatan",20.6897,-88.2022,5,0.4,34.56,21.58,1.0900000000000252,2.489999999999972,5.1,0,0
2022-12-16,yucatan,"Valladolid, Yucatan",20.6897,-88.2022,5,1.45,34.25,22.04,1.8500000000000254,3.9299999999999713,5.4799999999999995,0,0
2022-12-17,yucatan,"Valladolid, Yucatan",20.6897,-88.2022,5,3.33,33.82,22.15,5.1800000000000255,7.259999999999971,8.27,0,0
2022-12-18,yucatan,"Valladolid, Yucatan",20.6897,-88.2022,5,7.73,30.41,22.58,12.510000000000026,14.839999999999971,15.17,1,0
2022-12-19,yucatan,"Valladolid, Yucatan",20.6897,-88.2022,5,0.3,31.91,21.43,11.360000000000026,13.899999999999972,15.450000000000001,0,0
2022-12-20,yucatan,"Valladolid, Yucatan",20.6897,-88.2022,5,0.0,33.37,20.46,8.030000000000026,13.209999999999972,15.450000000000001,0,0
2022-12-21,yucatan,"Valladolid, Yucatan",20.6897,-88.2022,5,1.7,33.15,20.23,2.0000000000000258,14.909999999999972,17.09,0,0
2022-12-22,yucatan,"Valladolid, Yucatan",20.6897,-88.2022,5,1.59,32.66,21.36,3.290000000000026,16.099999999999973,18.59,0,0
2022-12-23,yucatan,"Valladolid, Yucatan",20.6897,-88.2022,5,2.19,32.44,21.87,5.480000000000025,16.839999999999975,20.770000000000003,0,0
2022-12-24,yucatan,"Valladolid, Yucatan",20.6897,-88.2022,5,2.14,25.79,19.67,5.920000000000026,15.649999999999972,22.910000000000004,0,0
2022-12-25,yucatan,"Valladolid, Yucatan",20.6897,-88.2022,5,6.04,22.96,18.4,10.370000000000026,13.959999999999972,28.8,1,0
2022-12-26,yucatan,"Valladolid, Yucatan",20.6897,-88.2022,5,1.79,27.17,17.85,9.970000000000027,15.44999999999997,29.35,0,0
2022-12-27,yucatan,"Valladolid, Yucatan",20.6897,-88.2022,5,3.15,28.61,17.66,10.980000000000025,18.59999999999997,31.810000000000002,0,0
2022-12-28,yucatan,"Valladolid, Yucatan",20.6897,-88.2022,5,0.06,29.82,17.39,5.000000000000026,16.959999999999972,31.87,0,0
2022-12-29,yucatan,"Valladolid, Yucatan",20.6897,-88.2022,5,0.86,30.44,20.02,4.070000000000025,16.229999999999972,32.330000000000005,0,0
2022-12-30,yucatan,"Valladolid, Yucatan",20.6897,-88.2022,5,0.07,32.25,22.49,0.9900000000000257,14.109999999999971,30.95,0,0
2022-12-31,yucatan,"Valladolid, Yucatan",20.6897,-88.2022,5,0.01,33.3,22.04,0.9400000000000256,11.979999999999972,27.630000000000003,0,0
2023-01-01,yucatan,"Valladolid, Yucatan",20.6897,-88.2022,5,0.03,32.74,20.65,0.11000000000002577,5.96999999999997,19.93,0,0
2023-01-02,yucatan,"Valladolid, Yucatan",20.6897,-88.2022,5,0.02,32.66,19.96,0.060000000000025755,4.199999999999971,19.65,0,0
2023-01-03,yucatan,"Valladolid, Yucatan",20.6897,-88.2022,5,0.0,33.54,22.6,0.05000000000002576,1.0499999999999707,19.65,0,0
2023-01-04,yucatan,"Valladolid, Yucatan",20.6897,-88.2022,5,0.09,33.64,22.07,0.11000000000002576,1.0799999999999705,18.04,0,0
2023-01-05,yucatan,"Valladolid, Yucatan",20.6897,-88.2022,5,0.11,33.47,20.93,0.20000000000002577,0.3299999999999707,16.560000000000002,0,0
2023-01-06,yucatan,"Valladolid, Yucatan",20.6897,-88.2022,5,0.38,32.34,20.46,0.5800000000000258,0.6399999999999707,14.75,0,0
2023-01-07,yucatan,"Valladolid, Yucatan",20.6897,-88.2022,5,0.3,31.99,19.63,0.7900000000000258,0.9299999999999706,12.91,0,0
2023-01-08,yucatan,"Valladolid, Yucatan",20.6897,-88.2022,5,12.99,31.26,21.13,13.670000000000027,13.88999999999997,19.86,1,0
2023-01-09,yucatan,"Valladolid, Yucatan",20.6897,-88.2022,5,3.55,31.51,20.98,16.840000000000025,17.41999999999997,21.62,0,0
2023-01-10,yucatan,"Valladolid, Yucatan",20.6897,-88.2022,5,0.03,31.84,18.7,16.570000000000025,17.44999999999997,18.499999999999996,0,0
2023-01-11,yucatan,"Valladolid, Yucatan",20.6897,-88.2022,5,0.02,31.56,18.85,3.6000000000000263,17.37999999999997,18.46,0,0
2023-01-12,yucatan,"Valladolid, Yucatan",20.6897,-88.2022,5,0.0,32.53,18.32,0.05000000000002665,17.26999999999997,17.6,0,0
2023-01-13,yucatan,"Valladolid, Yucatan",20.6897,-88.2022,5,0.43,29.66,17.92,0.45000000000002666,17.31999999999997,17.96,0,0
2023-01-14,yucatan,"Valladolid, Yucatan",20.6897,-88.2022,5,0.0,26.27,15.86,0.43000000000002664,17.01999999999997,17.95,0,0
2023-01-15,yucatan,"Valladolid, Yucatan",20.6897,-88.2022,5,0.0,28.92,13.9,0.43000000000002664,4.029999999999969,17.92,0,0
2023-01-16,yucatan,"Valladolid, Yucatan",20.6897,-88.2022,5,0.0,30.37,14.97,0.0,0.4799999999999698,17.900000000000002,0,0
2023-01-17,yucatan,"Valladolid, Yucatan",20.6897,-88.2022,5,0.0,31.44,16.79,0.0,0.44999999999996976,17.900000000000002,0,0
2023-01-18,yucatan,"Valladolid, Yucatan",20.6897,-88.2022,5,0.0,32.32,18.98,0.0,0.4299999999999698,17.810000000000002,0,0
2023-01-19,yucatan,"Valladolid, Yucatan",20.6897,-88.2022,5,0.0,33.64,23.13,0.0,0.4299999999999698,17.7,0,0
2023-01-20,yucatan,"Valladolid, Yucatan",20.6897,-88.2022,5,0.0,33.5,22.37,0.0,0.0,17.32,0,0
2023-01-21,yucatan,"Valladolid, Yucatan",20.6897,-88.2022,5,0.0,32.51,20.48,0.0,0.0,17.02,0,0
2023-01-22,yucatan,"Valladolid, Yucatan",20.6897,-88.2022,5,0.0,33.08,19.67,0.0,0.0,4.029999999999999,0,0
2023-01-23,yucatan,"Valladolid, Yucatan",20.6897,-88.2022,5,0.2,33.41,21.81,0.20000000000002666,0.1999999999999698,0.6799999999999999,0,0
2023-01-24,yucatan,"Valladolid, Yucatan",20.6897,-88.2022,5,0.34,32.42,20.58,0.5400000000000267,0.5399999999999698,0.99,0,0
2023-01-25,yucatan,"Valladolid, Yucatan",20.6897,-88.2022,5,12.01,33.88,23.92,12.550000000000026,12.549999999999969,12.98,1,0
2023-01-26,yucatan,"Valladolid, Yucatan",20.6897,-88.2022,5,37.49,26.47,20.57,49.84000000000003,50.03999999999997,50.47,2,1
2023-01-27,yucatan,"Valladolid, Yucatan",20.6897,-88.2022,5,10.05,28.15,20.54,59.550000000000026,60.089999999999975,60.09,3,0
2023-01-28,yucatan,"Valladolid, Yucatan",20.6897,-88.2022,5,1.63,29.48,20.46,49.17000000000002,61.71999999999997,61.720000000000006,0,0
2023-01-29,yucatan,"Valladolid, Yucatan",20.6897,-88.2022,5,0.12,30.44,19.95,11.800000000000022,61.83999999999997,61.84,0,0
2023-01-30,yucatan,"Valladolid, Yucatan",20.6897,-88.2022,5,0.01,31.54,20.48,1.760000000000021,61.64999999999997,61.85000000000001,0,0
2023-01-31,yucatan,"Valladolid, Yucatan",20.6897,-88.2022,5,0.0,30.94,20.1,0.13000000000002132,61.309999999999974,61.85000000000001,0,0
2023-02-01,yucatan,"Valladolid, Yucatan",20.6897,-88.2022,5,0.0,31.67,19.85,0.010000000000021316,49.29999999999997,61.85000000000001,0,0
2023-02-02,yucatan,"Valladolid, Yucatan",20.6897,-88.2022,5,0.0,32.12,20.3,0.0,11.809999999999972,61.85000000000001,0,0
2023-02-03,yucatan,"Valladolid, Yucatan",20.6897,-88.2022,5,1.06,31.72,20.6,1.0600000000000214,2.8199999999999714,62.910000000000004,0,0
2023-02-04,yucatan,"Valladolid, Yucatan",20.6897,-88.2022,5,5.22,28.42,20.27,6.280000000000021,6.409999999999972,68.13000000000001,1,0
2023-02-05,yucatan,"Valladolid, Yucatan",20.6897,-88.2022,5,13.44,30.31,19.45,19.72000000000002,19.72999999999997,81.57000000000001,2,0
2023-02-06,yucatan,"Valladolid, Yucatan",20.6897,-88.2022,5,3.02,29.85,20.64,21.680000000000025,22.739999999999966,84.39,0,0
2023-02-07,yucatan,"Valladolid, Yucatan",20.6897,-88.2022,5,0.16,31.01,18.9,16.620000000000022,22.899999999999967,84.21,0,0
2023-02-08,yucatan,"Valladolid, Yucatan",20.6897,-88.2022,5,0.12,31.46,22.09,3.300000000000023,23.019999999999968,72.32000000000001,0,0
2023-02-09,yucatan,"Valladolid, Yucatan",20.6897,-88.2022,5,0.22,31.42,20.97,0.5000000000000231,23.239999999999966,35.05,0,0
2023-02-10,yucatan,"Valladolid, Yucatan",20.6897,-88.2022,5,0.11,31.94,20.3,0.45000000000002305,22.289999999999967,25.11,0,0
2023-02-11,yucatan,"Valladolid, Yucatan",20.6897,-88.2022,5,0.88,32.44,19.67,1.210000000000023,17.94999999999997,24.36,0,0
2023-02-12,yucatan,"Valladolid, Yucatan",20.6897,-88.2022,5,0.05,27.32,17.76,1.0400000000000231,4.559999999999969,24.29,0,0
2023-02-13,yucatan,"Valladolid, Yucatan",20.6897,-88.2022,5,0.0,30.09,15.18,0.9300000000000231,1.5399999999999698,24.279999999999998,0,0
2023-02-14,yucatan,"Valladolid, Yucatan",20.6897,-88.2022,5,0.0,31.97,16.57,0.050000000000023095,1.37999999999997,24.279999999999998,0,0
2023-02-15,yucatan,"Valladolid, Yucatan",20.6897,-88.2022,5,0.0,32.4,21.36,0.0,1.2599999999999698,24.279999999999998,0,0
2023-02-16,yucatan,"Valladolid, Yucatan",20.6897,-88.2022,5,0.0,32.2,23.39,0.0,1.0399999999999698,24.279999999999998,0,0
2023-02-17,yucatan,"Valladolid, Yucatan",20.6897,-88.2022,5,0.84,33.53,21.54,0.8400000000000231,1.7699999999999698,24.06,0,0
2023-02-18,yucatan,"Valladolid, Yucatan",20.6897,-88.2022,5,3.63,32.14,21.31,4.470000000000023,4.519999999999969,22.47,0,0
2023-02-19,yucatan,"Valladolid, Yucatan",20.6897,-88.2022,5,0.21,33.01,21.0,4.680000000000023,4.67999999999997,9.24,0,0
2023-02-20,yucatan,"Valladolid, Yucatan",20.6897,-88.2022,5,0.0,33.76,20.05,3.840000000000023,4.67999999999997,6.220000000000001,0,0
2023-02-21,yucatan,"Valladolid, Yucatan",20.6897,-88.2022,5,0.0,33.54,18.93,0.21000000000002308,4.67999999999997,6.0600000000000005,0,0
2023-02-22,yucatan,"Valladolid, Yucatan",20.6897,-88.2022,5,0.0,32.91,22.99,0.0,4.67999999999997,5.94,0,0
2023-02-23,yucatan,"Valladolid, Yucatan",20.6897,-88.2022,5,0.0,32.79,23.24,0.0,4.67999999999997,5.720000000000001,0,0
2023-02-24,yucatan,"Valladolid, Yucatan",20.6897,-88.2022,5,0.0,33.62,22.26,0.0,3.8399999999999697,5.61,0,0
2023-02-25,yucatan,"Valladolid, Yucatan",20.6897,-88.2022,5,0.0,33.3,20.19,0.0,0.2099999999999698,4.73,0,0
2023-02-26,yucatan,"Valladolid, Yucatan",20.6897,-88.2022,5,0.0,33.23,19.45,0.0,0.0,4.680000000000001,0,0
2023-02-27,yucatan,"Valladolid, Yucatan",20.6897,-88.2022,5,0.0,33.59,19.41,0.0,0.0,4.680000000000001,0,0
2023-02-28,yucatan,"Valladolid, Yucatan",20.6897,-88.2022,5,0.0,34.61,20.7,0.0,0.0,4.680000000000001,0,0
2023-03-01,yucatan,"Valladolid, Yucatan",20.6897,-88.2022,5,0.0,34.25,19.97,0.0,0.0,4.680000000000001,0,0
2023-03-02,yucatan,"Valladolid, Yucatan",20.6897,-88.2022,5,0.0,34.23,22.53,0.0,0.0,4.680000000000001,0,0
2023-03-03,yucatan,"Valladolid, Yucatan",20.6897,-88.2022,5,0.0,34.17,22.93,0.0,0.0,3.84,0,0
2023-03-04,yucatan,"Valladolid, Yucatan",20.6897,-88.2022,5,0.0,36.19,21.12,0.0,0.0,0.21,0,0
2023-03-05,yucatan,"Valladolid, Yucatan",20.6897,-88.2022,5,0.0,34.8,21.44,0.0,0.0,0.0,0,0
2023-03-06,yucatan,"Valladolid, Yucatan",20.6897,-88.2022,5,0.0,35.09,20.43,0.0,0.0,0.0,0,0
2023-03-07,yucatan,"Valladolid, Yucatan",20.6897,-88.2022,5,0.0,34.49,20.36,0.0,0.0,0.0,0,0
2023-03-08,yucatan,"Valladolid, Yucatan",20.6897,-88.2022,5,0.0,33.12,22.3,0.0,0.0,0.0,0,0
2023-03-09,yucatan,"Valladolid, Yucatan",20.6897,-88.2022,5,0.0,34.79,22.92,0.0,0.0,0.0,0,0
2023-03-10,yucatan,"Valladolid, Yucatan",20.6897,-88.2022,5,0.0,34.3,20.89,0.0,0.0,0.0,0,0
2023-03-11,yucatan,"Valladolid, Yucatan",20.6897,-88.2022,5,0.0,35.24,20.76,0.0,0.0,0.0,0,0
2023-03-12,yucatan,"Valladolid, Yucatan",20.6897,-88.2022,5,0.0,35.87,20.42,0.0,0.0,0.0,0,0
2023-03-13,yucatan,"Valladolid, Yucatan",20.6897,-88.2022,5,0.0,37.72,22.58,0.0,0.0,0.0,0,0
2023-03-14,yucatan,"Valladolid, Yucatan",20.6897,-88.2022,5,27.57,33.71,23.64,27.57000000000002,27.569999999999972,27.57,1,1
2023-03-15,yucatan,"Valladolid, Yucatan",20.6897,-88.2022,5,3.02,31.53,21.51,30.59000000000002,30.58999999999997,30.59,0,0
2023-03-16,yucatan,"Valladolid, Yucatan",20.6897,-88.2022,5,0.0,33.12,20.5,30.59000000000002,30.58999999999997,30.59,0,0
2023-03-17,yucatan,"Valladolid, Yucatan",20.6897,-88.2022,5,0.0,34.45,22.0,3.0200000000000213,30.58999999999997,30.59,0,0
2023-03-18,yucatan,"Valladolid, Yucatan",20.6897,-88.2022,5,2.59,35.64,22.09,2.590000000000021,33.17999999999997,33.18,0,0
2023-03-19,yucatan,"Valladolid, Yucatan",20.6897,-88.2022,5,2.79,32.14,21.37,5.380000000000021,35.96999999999997,35.97,0,0
2023-03-20,yucatan,"Valladolid, Yucatan",20.6897,-88.2022,5,0.14,29.61,20.27,5.520000000000021,36.10999999999997,36.11,0,0
2023-03-21,yucatan,"Valladolid, Yucatan",20.6897,-88.2022,5,0.0,33.57,17.98,2.9300000000000215,8.53999999999997,36.11,0,0
2023-03-22,yucatan,"Valladolid, Yucatan",20.6897,-88.2022,5,0.06,34.86,20.11,0.20000000000002133,5.579999999999972,36.17,0,0
2023-03-23,yucatan,"Valladolid, Yucatan",20.6897,-88.2022,5,0.55,34.47,22.32,0.6100000000000214,6.129999999999972,36.72,0,0
2023-03-24,yucatan,"Valladolid, Yucatan",20.6897,-88.2022,5,0.2,34.59,22.79,0.8100000000000214,6.329999999999972,36.92,0,0
2023-03-25,yucatan,"Valladolid, Yucatan",20.6897,-88.2022,5,0.0,35.06,23.04,0.7500000000000213,3.739999999999972,36.92,0,0
2023-03-26,yucatan,"Valladolid, Yucatan",20.6897,-88.2022,5,0.0,33.91,23.88,0.20000000000002133,0.9499999999999715,36.92,0,0
2023-03-27,yucatan,"Valladolid, Yucatan",20.6897,-88.2022,5,0.0,34.7,23.91,0.0,0.8099999999999716,36.92,0,0
2023-03-28,yucatan,"Valladolid, Yucatan",20.6897,-88.2022,5,0.0,34.23,23.33,0.0,0.8099999999999716,9.35,0,0
2023-03-29,yucatan,"Valladolid, Yucatan",20.6897,-88.2022,5,0.0,35.08,21.36,0.0,0.7499999999999716,6.33,0,0
2023-03-30,yucatan,"Valladolid, Yucatan",20.6897,-88.2022,5,0.0,34.86,21.73,0.0,0.19999999999997148,6.33,0,0
2023-03-31,yucatan,"Valladolid, Yucatan",20.6897,-88.2022,5,0.0,34.96,21.32,0.0,0.0,6.33,0,0
2023-04-01,yucatan,"Valladolid, Yucatan",20.6897,-88.2022,5,0.0,35.59,21.82,0.0,0.0,3.74,0,0
2023-04-02,yucatan,"Valladolid, Yucatan",20.6897,-88.2022,5,0.0,35.55,21.07,0.0,0.0,0.95,0,0
2023-04-03,yucatan,"Valladolid, Yucatan",20.6897,-88.2022,5,0.0,35.18,22.97,0.0,0.0,0.81,0,0
2023-04-04,yucatan,"Valladolid, Yucatan",20.6897,-88.2022,5,0.0,34.65,24.15,0.0,0.0,0.81,0,0
2023-04-05,yucatan,"Valladolid, Yucatan",20.6897,-88.2022,5,0.0,34.9,25.03,0.0,0.0,0.75,0,0
2023-04-06,yucatan,"Valladolid, Yucatan",20.6897,-88.2022,5,0.0,35.49,25.13,0.0,0.0,0.1999999999999999,0,0
2023-04-07,yucatan,"Valladolid, Yucatan",20.6897,-88.2022,5,0.0,35.84,24.22,0.0,0.0,0.0,0,0
2023-04-08,yucatan,"Valladolid, Yucatan",20.6897,-88.2022,5,0.0,36.15,20.96,0.0,0.0,0.0,0,0
2023-04-09,yucatan,"Valladolid, Yucatan",20.6897,-88.2022,5,0.0,36.97,21.61,0.0,0.0,0.0,0,0
2023-04-10,yucatan,"Valladolid, Yucatan",20.6897,-88.2022,5,0.03,36.79,22.04,0.030000000000021315,0.029999999999971466,0.029999999999999888,0,0
2023-04-11,yucatan,"Valladolid, Yucatan",20.6897,-88.2022,5,0.04,36.34,24.1,0.07000000000002132,0.06999999999997147,0.0699999999999999,0,0
2023-04-12,yucatan,"Valladolid, Yucatan",20.6897,-88.2022,5,0.03,35.81,22.22,0.10000000000002132,0.09999999999997147,0.0999999999999999,0,0
2023-04-13,yucatan,"Valladolid, Yucatan",20.6897,-88.2022,5,0.0,35.64,24.21,0.07000000000002132,0.09999999999997147,0.0999999999999999,0,0
2023-04-14,yucatan,"Valladolid, Yucatan",20.6897,-88.2022,5,0.0,35.54,24.16,0.030000000000021315,0.09999999999997147,0.0999999999999999,0,0
2023-04-15,yucatan,"Valladolid, Yucatan",20.6897,-88.2022,5,0.0,36.51,24.57,0.0,0.09999999999997147,0.0999999999999999,0,0
2023-04-16,yucatan,"Valladolid, Yucatan",20.6897,-88.2022,5,0.0,35.17,23.37,0.0,0.09999999999997147,0.0999999999999999,0,0
2023-04-17,yucatan,"Valladolid, Yucatan",20.6897,-88.2022,5,1.32,34.53,24.44,1.3200000000000214,1.3899999999999715,1.42,0,0
2023-04-18,yucatan,"Valladolid, Yucatan",20.6897,-88.2022,5,0.0,36.79,20.39,1.3200000000000214,1.3499999999999714,1.42,0,0
2023-04-19,yucatan,"Valladolid, Yucatan",20.6897,-88.2022,5,0.0,36.56,20.87,1.3200000000000214,1.3199999999999714,1.42,0,0
2023-04-20,yucatan,"Valladolid, Yucatan",20.6897,-88.2022,5,0.0,37.15,24.16,0.0,1.3199999999999714,1.42,0,0
2023-04-21,yucatan,"Valladolid, Yucatan",20.6897,-88.2022,5,0.0,37.66,24.39,0.0,1.3199999999999714,1.42,0,0
2023-04-22,yucatan,"Valladolid, Yucatan",20.6897,-88.2022,5,0.0,37.04,24.67,0.0,1.3199999999999714,1.42,0,0
2023-04-23,yucatan,"Valladolid, Yucatan",20.6897,-88.2022,5,0.0,38.01,24.26,0.0,1.3199999999999714,1.42,0,0
2023-04-24,yucatan,"Valladolid, Yucatan",20.6897,-88.2022,5,0.0,37.79,24.5,0.0,0.0,1.39,0,0
2023-04-25,yucatan,"Valladolid, Yucatan",20.6897,-88.2022,5,0.0,38.32,24.58,0.0,0.0,1.3499999999999999,0,0
2023-04-26,yucatan,"Valladolid, Yucatan",20.6897,-88.2022,5,0.0,37.43,24.73,0.0,0.0,1.3199999999999998,0,0
2023-04-27,yucatan,"Valladolid, Yucatan",20.6897,-88.2022,5,0.0,37.24,24.65,0.0,0.0,1.3199999999999998,0,0
2023-04-28,yucatan,"Valladolid, Yucatan",20.6897,-88.2022,5,0.0,37.78,24.87,0.0,0.0,1.3199999999999998,0,0
2023-04-29,yucatan,"Valladolid, Yucatan",20.6897,-88.2022,5,0.0,39.68,25.44,0.0,0.0,1.3199999999999998,0,0
2023-04-30,yucatan,"Valladolid, Yucatan",20.6897,-88.2022,5,0.0,35.67,23.07,0.0,0.0,1.3199999999999998,0,0
2023-05-01,yucatan,"Valladolid, Yucatan",20.6897,-88.2022,5,0.0,38.93,19.93,0.0,0.0,0.0,0,0
2023-05-02,yucatan,"Valladolid, Yucatan",20.6897,-88.2022,5,0.0,36.16,22.76,0.0,0.0,0.0,0,0
2023-05-03,yucatan,"Valladolid, Yucatan",20.6897,-88.2022,5,0.0,39.07,25.12,0.0,0.0,0.0,0,0
2023-05-04,yucatan,"Valladolid, Yucatan",20.6897,-88.2022,5,0.0,38.72,24.98,0.0,0.0,0.0,0,0
2023-05-05,yucatan,"Valladolid, Yucatan",20.6897,-88.2022,5,0.0,39.0,24.19,0.0,0.0,0.0,0,0
2023-05-06,yucatan,"Valladolid, Yucatan",20.6897,-88.2022,5,0.06,38.96,23.88,0.060000000000021314,0.059999999999971354,0.059999999999999776,0,0
2023-05-07,yucatan,"Valladolid, Yucatan",20.6897,-88.2022,5,0.14,38.32,23.85,0.20000000000002133,0.19999999999997137,0.1999999999999998,0,0
2023-05-08,yucatan,"Valladolid, Yucatan",20.6897,-88.2022,5,0.0,38.96,25.11,0.20000000000002133,0.19999999999997137,0.1999999999999998,0,0
2023-05-09,yucatan,"Valladolid, Yucatan",20.6897,-88.2022,5,0.0,38.23,25.8,0.14000000000002133,0.19999999999997137,0.1999999999999998,0,0
2023-05-10,yucatan,"Valladolid, Yucatan",20.6897,-88.2022,5,0.0,37.73,25.85,0.0,0.19999999999997137,0.1999999999999998,0,0
2023-05-11,yucatan,"Valladolid, Yucatan",20.6897,-88.2022,5,0.0,33.82,26.42,0.0,0.19999999999997137,0.1999999999999998,0,0
2023-05-12,yucatan,"Valladolid, Yucatan",20.6897,-88.2022,5,0.0,36.35,27.17,0.0,0.19999999999997137,0.1999999999999998,0,0
2023-05-13,yucatan,"Valladolid, Yucatan",20.6897,-88.2022,5,1.18,35.8,26.95,1.1800000000000213,1.3199999999999714,1.3799999999999997,0,0
2023-05-14,yucatan,"Valladolid, Yucatan",20.6897,-88.2022,5,1.08,38.45,24.56,2.260000000000021,2.2599999999999714,2.46,0,0
2023-05-15,yucatan,"Valladolid, Yucatan",20.6897,-88.2022,5,0.94,36.07,25.06,3.2000000000000215,3.199999999999971,3.3999999999999995,0,0
2023-05-16,yucatan,"Valladolid, Yucatan",20.6897,-88.2022,5,0.8,38.4,23.98,2.8200000000000216,3.999999999999971,4.199999999999999,0,0
2023-05-17,yucatan,"Valladolid, Yucatan",20.6897,-88.2022,5,0.0,38.14,25.51,1.7400000000000213,3.999999999999971,4.199999999999999,0,0
2023-05-18,yucatan,"Valladolid, Yucatan",20.6897,-88.2022,5,0.0,38.89,25.5,0.8000000000000214,3.999999999999971,4.199999999999999,0,0
2023-05-19,yucatan,"Valladolid, Yucatan",20.6897,-88.2022,5,0.0,39.0,26.44,0.0,3.999999999999971,4.199999999999999,0,0
2023-05-20,yucatan,"Valladolid, Yucatan",20.6897,-88.2022,5,0.0,38.1,26.93,0.0,2.8199999999999714,4.140000000000001,0,0
2023-05-21,yucatan,"Valladolid, Yucatan",20.6897,-88.2022,5,0.0,37.49,26.36,0.0,1.7399999999999713,3.9999999999999996,0,0
2023-05-22,yucatan,"Valladolid, Yucatan",20.6897,-88.2022,5,0.0,39.5,25.13,0.0,0.7999999999999714,3.9999999999999996,0,0
2023-05-23,yucatan,"Valladolid, Yucatan",20.6897,-88.2022,5,0.0,39.69,25.74,0.0,0.0,3.9999999999999996,0,0
2023-05-24,yucatan,"Valladolid, Yucatan",20.6897,-88.2022,5,2.49,38.05,26.67,2.4900000000000215,2.489999999999972,6.49,0,0
2023-05-25,yucatan,"Valladolid, Yucatan",20.6897,-88.2022,5,0.21,37.8,24.55,2.7000000000000215,2.6999999999999718,6.7,0,0
2023-05-26,yucatan,"Valladolid, Yucatan",20.6897,-88.2022,5,12.5,36.47,23.97,15.20000000000002,15.19999999999997,19.2,1,0
2023-05-27,yucatan,"Valladolid, Yucatan",20.6897,-88.2022,5,0.46,37.24,22.39,13.170000000000021,15.659999999999972,18.48,0,0
2023-05-28,yucatan,"Valladolid, Yucatan",20.6897,-88.2022,5,0.0,37.77,23.99,12.96000000000002,15.659999999999972,17.4,0,0
2023-05-29,yucatan,"Valladolid, Yucatan",20.6897,-88.2022,5,0.11,36.76,25.43,0.5700000000000196,15.769999999999971,16.57,0,0
2023-05-30,yucatan,"Valladolid, Yucatan",20.6897,-88.2022,5,0.09,34.59,25.69,0.20000000000001955,15.859999999999971,15.86,0,0
2023-05-31,yucatan,"Valladolid, Yucatan",20.6897,-88.2022,5,5.81,37.33,25.39,6.010000000000019,19.17999999999997,21.669999999999998,1,0
2023-06-01,yucatan,"Valladolid, Yucatan",20.6897,-88.2022,5,1.47,38.18,24.21,7.370000000000019,20.43999999999997,23.14,0,0
2023-06-02,yucatan,"Valladolid, Yucatan",20.6897,-88.2022,5,0.0,38.13,23.6,7.280000000000019,7.939999999999969,23.14,0,0
2023-06-03,yucatan,"Valladolid, Yucatan",20.6897,-88.2022,5,0.0,37.96,22.28,1.4700000000000195,7.479999999999969,23.14,0,0
2023-06-04,yucatan,"Valladolid, Yucatan",20.6897,-88.2022,5,0.0,38.72,23.48,0.0,7.479999999999969,23.14,0,0
2023-06-05,yucatan,"Valladolid, Yucatan",20.6897,-88.2022,5,7.19,36.83,25.05,7.19000000000002,14.55999999999997,30.33,1,0
2023-06-06,yucatan,"Valladolid, Yucatan",20.6897,-88.2022,5,0.19,33.95,24.53,7.38000000000002,14.65999999999997,30.52,0,0
2023-06-07,yucatan,"Valladolid, Yucatan",20.6897,-88.2022,5,0.0,36.8,25.19,7.38000000000002,8.84999999999997,28.03,0,0
2023-06-08,yucatan,"Valladolid, Yucatan",20.6897,-88.2022,5,0.0,39.42,24.75,0.19000000000001954,7.379999999999971,27.82,0,0
2023-06-09,yucatan,"Valladolid, Yucatan",20.6897,-88.2022,5,0.0,39.84,25.45,0.0,7.379999999999971,15.319999999999999,0,0
2023-06-10,yucatan,"Valladolid, Yucatan",20.6897,-88.2022,5,0.0,40.43,25.81,0.0,7.379999999999971,14.859999999999998,0,0
2023-06-11,yucatan,"Valladolid, Yucatan",20.6897,-88.2022,5,0.0,40.66,28.25,0.0,7.379999999999971,14.859999999999998,0,0
2023-06-12,yucatan,"Valladolid, Yucatan",20.6897,-88.2022,5,0.0,39.57,27.73,0.0,0.1899999999999698,14.749999999999998,0,0
2023-06-13,yucatan,"Valladolid, Yucatan",20.6897,-88.2022,5,0.0,38.73,27.57,0.0,0.0,14.659999999999998,0,0
2023-06-14,yucatan,"Valladolid, Yucatan",20.6897,-88.2022,5,0.0,38.47,27.66,0.0,0.0,8.849999999999998,0,0
2023-06-15,yucatan,"Valladolid, Yucatan",20.6897,-88.2022,5,0.0,37.64,27.85,0.0,0.0,7.379999999999999,0,0
2023-06-16,yucatan,"Valladolid, Yucatan",20.6897,-88.2022,5,0.0,37.22,28.28,0.0,0.0,7.379999999999999,0,0
2023-06-17,yucatan,"Valladolid, Yucatan",20.6897,-88.2022,5,0.37,37.92,27.72,0.37000000000001954,0.3699999999999698,7.749999999999998,0,0
2023-06-18,yucatan,"Valladolid, Yucatan",20.6897,-88.2022,5,0.13,37.69,27.34,0.5000000000000195,0.4999999999999698,7.879999999999999,0,0
2023-06-19,yucatan,"Valladolid, Yucatan",20.6897,-88.2022,5,0.27,38.79,26.21,0.7700000000000196,0.7699999999999698,0.9599999999999982,0,0
2023-06-20,yucatan,"Valladolid, Yucatan",20.6897,-88.2022,5,1.73,37.9,25.36,2.1300000000000194,2.49999999999997,2.4999999999999982,0,0
2023-06-21,yucatan,"Valladolid, Yucatan",20.6897,-88.2022,5,0.0,37.26,25.35,2.0000000000000195,2.49999999999997,2.4999999999999982,0,0
2023-06-22,yucatan,"Valladolid, Yucatan",20.6897,-88.2022,5,0.0,36.06,27.15,1.7300000000000195,2.49999999999997,2.4999999999999982,0,0
2023-06-23,yucatan,"Valladolid, Yucatan",20.6897,-88.2022,5,10.88,35.07,26.05,10.88000000000002,13.37999999999997,13.379999999999999,1,0
2023-06-24,yucatan,"Valladolid, Yucatan",20.6897,-88.2022,5,3.79,34.76,25.57,14.67000000000002,16.799999999999972,17.169999999999998,0,0
2023-06-25,yucatan,"Valladolid, Yucatan",20.6897,-88.2022,5,12.94,36.09,24.44,27.61000000000002,29.60999999999997,30.11,1,0
2023-06-26,yucatan,"Valladolid, Yucatan",20.6897,-88.2022,5,13.74,34.89,24.83,30.47000000000002,43.07999999999997,43.85,2,0
2023-06-27,yucatan,"Valladolid, Yucatan",20.6897,-88.2022,5,13.9,34.49,24.95,40.58000000000002,55.24999999999997,57.75,3,0
2023-06-28,yucatan,"Valladolid, Yucatan",20.6897,-88.2022,5,19.21,32.41,25.01,46.85000000000002,74.45999999999998,76.96000000000001,4,0
2023-06-29,yucatan,"Valladolid, Yucatan",20.6897,-88.2022,5,1.84,34.59,25.09,34.950000000000024,76.29999999999997,78.8,0,0
2023-06-30,yucatan,"Valladolid, Yucatan",20.6897,-88.2022,5,0.04,35.82,25.07,21.09000000000002,65.45999999999997,78.84,0,0
2023-07-01,yucatan,"Valladolid, Yucatan",20.6897,-88.2022,5,16.26,34.37,24.95,18.140000000000022,77.92999999999998,94.72999999999999,1,0
2023-07-02,yucatan,"Valladolid, Yucatan",20.6897,-88.2022,5,43.08,29.05,25.01,59.380000000000024,108.06999999999996,137.68,2,1
2023-07-03,yucatan,"Valladolid, Yucatan",20.6897,-88.2022,5,5.7,29.26,24.74,65.04000000000002,100.02999999999996,143.10999999999999,3,0
2023-07-04,yucatan,"Valladolid, Yucatan",20.6897,-88.2022,5,0.15,29.75,25.75,48.93000000000002,86.27999999999997,141.53,0,0
2023-07-05,yucatan,"Valladolid, Yucatan",20.6897,-88.2022,5,1.18,30.61,25.69,7.030000000000022,68.24999999999996,142.71,0,0
2023-07-06,yucatan,"Valladolid, Yucatan",20.6897,-88.2022,5,3.81,29.78,25.43,5.140000000000021,70.21999999999996,146.52,0,0
2023-07-07,yucatan,"Valladolid, Yucatan",20.6897,-88.2022,5,6.68,29.26,25.33,11.67000000000002,76.85999999999997,142.32,1,0
2023-07-08,yucatan,"Valladolid, Yucatan",20.6897,-88.2022,5,1.57,30.06,24.64,12.06000000000002,62.16999999999996,140.10000000000002,0,0
2023-07-09,yucatan,"Valladolid, Yucatan",20.6897,-88.2022,5,1.47,30.06,25.25,9.720000000000022,20.559999999999963,128.63,0,0
2023-07-10,yucatan,"Valladolid, Yucatan",20.6897,-88.2022,5,0.3,31.29,24.45,3.340000000000021,15.159999999999965,115.19000000000001,0,0
2023-07-11,yucatan,"Valladolid, Yucatan",20.6897,-88.2022,5,0.24,31.64,25.1,2.010000000000021,15.249999999999964,101.53,0,0
2023-07-12,yucatan,"Valladolid, Yucatan",20.6897,-88.2022,5,0.1,32.82,25.12,0.6400000000000213,14.169999999999964,82.41999999999999,0,0
2023-07-13,yucatan,"Valladolid, Yucatan",20.6897,-88.2022,5,0.0,32.81,24.95,0.3400000000000213,10.359999999999964,80.58,0,0
2023-07-14,yucatan,"Valladolid, Yucatan",20.6897,-88.2022,5,0.03,33.59,25.27,0.13000000000002132,3.7099999999999644,80.57,0,0
2023-07-15,yucatan,"Valladolid, Yucatan",20.6897,-88.2022,5,3.04,33.07,25.07,3.070000000000021,5.179999999999964,67.35000000000001,0,0
2023-07-16,yucatan,"Valladolid, Yucatan",20.6897,-88.2022,5,0.94,33.96,25.07,4.010000000000021,4.649999999999965,25.21,0,0
2023-07-17,yucatan,"Valladolid, Yucatan",20.6897,-88.2022,5,0.16,34.57,25.68,4.140000000000021,4.509999999999964,19.67,0,0
2023-07-18,yucatan,"Valladolid, Yucatan",20.6897,-88.2022,5,7.24,32.58,25.62,8.340000000000021,11.509999999999964,26.759999999999998,1,0
2023-07-19,yucatan,"Valladolid, Yucatan",20.6897,-88.2022,5,20.57,31.29,25.53,27.97000000000002,31.979999999999965,46.15,2,1
2023-07-20,yucatan,"Valladolid, Yucatan",20.6897,-88.2022,5,11.42,30.91,25.32,39.23000000000002,43.39999999999996,53.760000000000005,3,0
2023-07-21,yucatan,"Valladolid, Yucatan",20.6897,-88.2022,5,34.83,29.95,25.62,66.82000000000002,78.19999999999996,81.91,4,1
2023-07-22,yucatan,"Valladolid, Yucatan",20.6897,-88.2022,5,5.69,29.85,25.03,51.94000000000001,80.84999999999997,86.03,5,0
2023-07-23,yucatan,"Valladolid, Yucatan",20.6897,-88.2022,5,0.48,30.59,25.33,41.000000000000014,80.38999999999996,85.04,0,0
2023-07-24,yucatan,"Valladolid, Yucatan",20.6897,-88.2022,5,0.05,30.68,24.66,6.220000000000015,80.27999999999996,84.78999999999999,0,0
2023-07-25,yucatan,"Valladolid, Yucatan",20.6897,-88.2022,5,2.93,30.85,24.02,3.460000000000014,75.96999999999997,87.48,0,0
2023-07-26,yucatan,"Valladolid, Yucatan",20.6897,-88.2022,5,6.4,29.87,25.29,9.380000000000015,61.799999999999955,93.78,1,0
2023-07-27,yucatan,"Valladolid, Yucatan",20.6897,-88.2022,5,1.55,30.11,25.31,10.880000000000015,51.929999999999964,95.33,0,0
2023-07-28,yucatan,"Valladolid, Yucatan",20.6897,-88.2022,5,0.85,30.89,25.22,8.800000000000015,17.949999999999964,96.15,0,0
2023-07-29,yucatan,"Valladolid, Yucatan",20.6897,-88.2022,5,8.58,30.55,25.9,10.980000000000015,20.839999999999964,101.69,1,0
2023-07-30,yucatan,"Valladolid, Yucatan",20.6897,-88.2022,5,7.28,30.4,25.45,16.710000000000015,27.639999999999965,108.03,2,0
2023-07-31,yucatan,"Valladolid, Yucatan",20.6897,-88.2022,5,1.44,30.24,24.88,17.300000000000015,29.029999999999966,109.31,0,0
2023-08-01,yucatan,"Valladolid, Yucatan",20.6897,-88.2022,5,0.94,29.62,25.19,9.660000000000014,27.039999999999967,103.00999999999999,0,0
2023-08-02,yucatan,"Valladolid, Yucatan",20.6897,-88.2022,5,2.66,30.42,24.54,5.040000000000014,23.299999999999965,85.1,0,0
2023-08-03,yucatan,"Valladolid, Yucatan",20.6897,-88.2022,5,4.56,31.04,24.26,8.160000000000014,26.309999999999963,78.24,0,0
2023-08-04,yucatan,"Valladolid, Yucatan",20.6897,-88.2022,5,4.43,30.31,24.21,11.650000000000013,29.889999999999965,47.84,0,0
2023-08-05,yucatan,"Valladolid, Yucatan",20.6897,-88.2022,5,0.63,30.91,25.03,9.620000000000013,21.939999999999966,42.78,0,0
2023-08-06,yucatan,"Valladolid, Yucatan",20.6897,-88.2022,5,5.77,30.7,24.7,10.830000000000013,20.429999999999964,48.07,1,0
2023-08-07,yucatan,"Valladolid, Yucatan",20.6897,-88.2022,5,2.33,31.27,25.04,8.730000000000013,21.319999999999965,50.35,0,0
2023-08-08,yucatan,"Valladolid, Yucatan",20.6897,-88.2022,5,21.67,31.16,25.21,29.770000000000014,42.04999999999997,69.09,1,1
2023-08-09,yucatan,"Valladolid, Yucatan",20.6897,-88.2022,5,13.09,30.83,25.36,37.09000000000002,52.47999999999997,75.78,2,0
2023-08-10,yucatan,"Valladolid, Yucatan",20.6897,-88.2022,5,0.05,31.29,24.94,34.81000000000002,47.96999999999996,74.28,0,0
2023-08-11,yucatan,"Valladolid, Yucatan",20.6897,-88.2022,5,0.1,31.2,25.24,13.240000000000014,43.639999999999965,73.53,0,0
2023-08-12,yucatan,"Valladolid, Yucatan",20.6897,-88.2022,5,3.93,31.15,25.62,4.080000000000014,46.93999999999996,68.88,0,0
2023-08-13,yucatan,"Valladolid, Yucatan",20.6897,-88.2022,5,5.65,29.7,25.2,9.680000000000014,46.819999999999965,67.25,1,0
2023-08-14,yucatan,"Valladolid, Yucatan",20.6897,-88.2022,5,2.07,31.15,23.94,11.650000000000015,46.55999999999997,67.88,0,0
2023-08-15,yucatan,"Valladolid, Yucatan",20.6897,-88.2022,5,6.03,29.98,25.28,13.750000000000014,30.919999999999966,72.97,1,0
2023-08-16,yucatan,"Valladolid, Yucatan",20.6897,-88.2022,5,10.04,30.27,24.94,18.140000000000015,27.869999999999962,80.35000000000001,2,0
2023-08-17,yucatan,"Valladolid, Yucatan",20.6897,-88.2022,5,2.98,30.58,24.32,19.05000000000001,30.79999999999996,78.77000000000001,0,0
2023-08-18,yucatan,"Valladolid, Yucatan",20.6897,-88.2022,5,10.93,30.77,24.59,23.950000000000014,41.62999999999997,85.27,1,0
2023-08-19,yucatan,"Valladolid, Yucatan",20.6897,-88.2022,5,2.84,30.4,24.49,16.750000000000014,40.539999999999964,87.48,0,0
2023-08-20,yucatan,"Valladolid, Yucatan",20.6897,-88.2022,5,11.0,29.77,24.41,24.770000000000014,45.88999999999996,92.71000000000001,1,0
2023-08-21,yucatan,"Valladolid, Yucatan",20.6897,-88.2022,5,7.79,30.22,24.73,21.630000000000013,51.609999999999964,98.16999999999999,2,0
2023-08-22,yucatan,"Valladolid, Yucatan",20.6897,-88.2022,5,11.66,28.82,24.91,30.450000000000014,57.23999999999997,88.16000000000001,3,0
2023-08-23,yucatan,"Valladolid, Yucatan",20.6897,-88.2022,5,12.07,29.52,24.97,31.520000000000014,59.26999999999997,87.14,4,0
2023-08-24,yucatan,"Valladolid, Yucatan",20.6897,-88.2022,5,12.11,29.29,24.32,35.84000000000002,68.39999999999996,99.2,5,0
2023-08-25,yucatan,"Valladolid, Yucatan",20.6897,-88.2022,5,27.87,28.07,24.21,52.05000000000001,85.33999999999996,126.97,6,1
2023-08-26,yucatan,"Valladolid, Yucatan",20.6897,-88.2022,5,9.59,27.75,24.33,49.570000000000014,92.08999999999996,132.63,7,0
2023-08-27,yucatan,"Valladolid, Yucatan",20.6897,-88.2022,5,6.65,29.51,24.89,44.110000000000014,87.73999999999997,133.63,8,0
2023-08-28,yucatan,"Valladolid, Yucatan",20.6897,-88.2022,5,3.67,30.07,24.96,19.910000000000014,83.61999999999998,135.23000000000002,0,0
2023-08-29,yucatan,"Valladolid, Yucatan",20.6897,-88.2022,5,1.7,31.47,24.52,12.020000000000014,73.65999999999997,130.9,0,0
2023-08-30,yucatan,"Valladolid, Yucatan",20.6897,-88.2022,5,13.91,30.18,25.6,19.280000000000015,75.49999999999997,134.77,1,0
2023-08-31,yucatan,"Valladolid, Yucatan",20.6897,-88.2022,5,0.78,29.75,24.45,16.390000000000015,64.16999999999996,132.57000000000002,0,0
2023-09-01,yucatan,"Valladolid, Yucatan",20.6897,-88.2022,5,0.8,30.6,24.73,15.490000000000014,37.09999999999996,122.44,0,0
2023-09-02,yucatan,"Valladolid, Yucatan",20.6897,-88.2022,5,1.47,29.79,25.87,3.050000000000014,28.979999999999965,121.07,0,0
2023-09-03,yucatan,"Valladolid, Yucatan",20.6897,-88.2022,5,1.2,29.67,24.96,3.470000000000014,23.529999999999962,111.27,0,0
2023-09-04,yucatan,"Valladolid, Yucatan",20.6897,-88.2022,5,10.6,30.57,24.15,13.270000000000014,30.459999999999965,114.08000000000001,1,0
2023-09-05,yucatan,"Valladolid, Yucatan",20.6897,-88.2022,5,1.28,29.75,24.56,13.080000000000013,30.039999999999964,103.7,0,0
2023-09-06,yucatan,"Valladolid, Yucatan",20.6897,-88.2022,5,0.6,30.89,25.26,12.480000000000015,16.729999999999965,92.23,0,0
2023-09-07,yucatan,"Valladolid, Yucatan",20.6897,-88.2022,5,0.78,30.23,24.61,2.6600000000000144,16.729999999999965,80.9,0,0
2023-09-08,yucatan,"Valladolid, Yucatan",20.6897,-88.2022,5,13.3,29.46,25.38,14.680000000000016,29.229999999999965,66.33,1,0
2023-09-09,yucatan,"Valladolid, Yucatan",20.6897,-88.2022,5,28.15,29.61,24.48,42.23000000000002,55.90999999999997,84.88999999999999,2,1
2023-09-10,yucatan,"Valladolid, Yucatan",20.6897,-88.2022,5,20.67,30.61,25.06,62.12000000000002,75.37999999999997,98.91,3,1
2023-09-11,yucatan,"Valladolid, Yucatan",20.6897,-88.2022,5,2.78,29.96,24.1,51.600000000000016,67.55999999999997,98.02,0,0
2023-09-12,yucatan,"Valladolid, Yucatan",20.6897,-88.2022,5,9.72,30.38,24.98,33.170000000000016,75.99999999999997,106.03999999999999,1,0
2023-09-13,yucatan,"Valladolid, Yucatan",20.6897,-88.2022,5,5.68,30.47,25.21,18.180000000000014,81.07999999999996,97.81,2,0
2023-09-14,yucatan,"Valladolid, Yucatan",20.6897,-88.2022,5,11.32,29.91,25.06,26.720000000000013,91.61999999999998,108.35,3,0
2023-09-15,yucatan,"Valladolid, Yucatan",20.6897,-88.2022,5,6.72,30.74,24.78,23.720000000000017,85.03999999999996,114.27000000000001,4,0
2023-09-16,yucatan,"Valladolid, Yucatan",20.6897,-88.2022,5,7.49,29.87,24.73,25.530000000000012,64.37999999999997,120.29,5,0
2023-09-17,yucatan,"Valladolid, Yucatan",20.6897,-88.2022,5,8.09,30.11,24.29,22.30000000000001,51.79999999999997,127.18,6,0
2023-09-18,yucatan,"Valladolid, Yucatan",20.6897,-88.2022,5,6.3,30.4,24.21,21.880000000000013,55.319999999999965,122.88,7,0
2023-09-19,yucatan,"Valladolid, Yucatan",20.6897,-88.2022,5,4.06,30.36,24.5,18.45000000000001,49.65999999999997,125.66,0,0
2023-09-20,yucatan,"Valladolid, Yucatan",20.6897,-88.2022,5,0.54,31.01,24.6,10.900000000000013,44.51999999999996,125.6,0,0
2023-09-21,yucatan,"Valladolid, Yucatan",20.6897,-88.2022,5,0.71,31.22,24.37,5.310000000000012,33.90999999999996,125.53,0,0
2023-09-22,yucatan,"Valladolid, Yucatan",20.6897,-88.2022,5,2.17,31.1,24.99,3.4200000000000124,29.359999999999964,114.4,0,0
2023-09-23,yucatan,"Valladolid, Yucatan",20.6897,-88.2022,5,0.49,30.27,23.54,3.3700000000000125,22.359999999999964,86.74,0,0
2023-09-24,yucatan,"Valladolid, Yucatan",20.6897,-88.2022,5,6.12,29.93,22.84,8.780000000000012,20.389999999999965,72.19,1,0
2023-09-25,yucatan,"Valladolid, Yucatan",20.6897,-88.2022,5,3.84,28.55,24.14,10.450000000000014,17.929999999999964,73.25,0,0
2023-09-26,yucatan,"Valladolid, Yucatan",20.6897,-88.2022,5,2.83,29.29,23.41,12.790000000000013,16.699999999999964,66.36,0,0
2023-09-27,yucatan,"Valladolid, Yucatan",20.6897,-88.2022,5,0.46,30.4,24.09,7.130000000000012,16.619999999999965,61.14,0,0
2023-09-28,yucatan,"Valladolid, Yucatan",20.6897,-88.2022,5,16.96,30.24,25.2,20.250000000000014,32.86999999999996,66.78,1,0
2023-09-29,yucatan,"Valladolid, Yucatan",20.6897,-88.2022,5,5.65,29.49,25.03,23.070000000000014,36.349999999999966,65.71000000000001,2,0
2023-09-30,yucatan,"Valladolid, Yucatan",20.6897,-88.2022,5,11.92,29.45,25.51,34.530000000000015,47.77999999999997,70.14,3,0
2023-10-01,yucatan,"Valladolid, Yucatan",20.6897,-88.2022,5,5.24,30.73,25.12,22.810000000000016,46.89999999999996,67.28999999999999,4,0
2023-10-02,yucatan,"Valladolid, Yucatan",20.6897,-88.2022,5,12.25,30.45,25.14,29.410000000000018,55.30999999999997,73.24,5,0
2023-10-03,yucatan,"Valladolid, Yucatan",20.6897,-88.2022,5,3.96,29.98,24.77,21.450000000000014,56.43999999999996,73.14,0,0
2023-10-04,yucatan,"Valladolid, Yucatan",20.6897,-88.2022,5,0.3,31.3,24.86,16.510000000000016,56.279999999999966,72.9,0,0
2023-10-05,yucatan,"Valladolid, Yucatan",20.6897,-88.2022,5,0.16,31.9,25.0,4.420000000000014,39.47999999999996,72.35,0,0
2023-10-06,yucatan,"Valladolid, Yucatan",20.6897,-88.2022,5,26.9,30.58,26.39,27.360000000000014,60.72999999999996,97.08,1,1
2023-10-07,yucatan,"Valladolid, Yucatan",20.6897,-88.2022,5,6.78,30.88,25.24,33.84000000000001,55.58999999999996,103.37,2,0
2023-10-08,yucatan,"Valladolid, Yucatan",20.6897,-88.2022,5,1.76,30.85,23.97,35.44000000000002,52.109999999999964,99.00999999999999,0,0
2023-10-09,yucatan,"Valladolid, Yucatan",20.6897,-88.2022,5,2.05,30.4,24.8,10.590000000000014,41.90999999999997,97.22,0,0
2023-10-10,yucatan,"Valladolid, Yucatan",20.6897,-88.2022,5,0.58,30.56,25.36,4.390000000000014,38.529999999999966,94.97,0,0
2023-10-11,yucatan,"Valladolid, Yucatan",20.6897,-88.2022,5,0.12,31.07,25.96,2.750000000000014,38.34999999999996,94.63,0,0
2023-10-12,yucatan,"Valladolid, Yucatan",20.6897,-88.2022,5,9.14,31.16,27.06,9.840000000000014,47.32999999999996,86.80999999999999,1,0
2023-10-13,yucatan,"Valladolid, Yucatan",20.6897,-88.2022,5,3.26,31.55,27.12,12.520000000000014,23.689999999999962,84.42,0,0
2023-10-14,yucatan,"Valladolid, Yucatan",20.6897,-88.2022,5,0.11,31.88,26.14,12.510000000000014,17.019999999999964,72.61,0,0
2023-10-15,yucatan,"Valladolid, Yucatan",20.6897,-88.2022,5,10.53,31.35,24.87,13.900000000000013,25.789999999999964,77.9,1,0
2023-10-16,yucatan,"Valladolid, Yucatan",20.6897,-88.2022,5,0.64,27.5,20.92,11.280000000000014,24.379999999999963,66.29,0,0
2023-10-17,yucatan,"Valladolid, Yucatan",20.6897,-88.2022,5,0.01,26.99,19.21,11.180000000000014,23.809999999999963,62.339999999999996,0,0
2023-10-18,yucatan,"Valladolid, Yucatan",20.6897,-88.2022,5,0.0,27.47,17.78,0.6500000000000142,23.689999999999962,62.04,0,0
2023-10-19,yucatan,"Valladolid, Yucatan",20.6897,-88.2022,5,0.08,28.36,19.33,0.09000000000001421,14.629999999999963,61.959999999999994,0,0
2023-10-20,yucatan,"Valladolid, Yucatan",20.6897,-88.2022,5,0.05,28.66,19.63,0.13000000000001422,11.419999999999963,35.11,0,0
2023-10-21,yucatan,"Valladolid, Yucatan",20.6897,-88.2022,5,0.0,28.5,17.94,0.13000000000001422,11.309999999999963,28.33,0,0
2023-10-22,yucatan,"Valladolid, Yucatan",20.6897,-88.2022,5,0.0,28.97,19.3,0.050000000000014214,0.7799999999999645,26.57,0,0
2023-10-23,yucatan,"Valladolid, Yucatan",20.6897,-88.2022,5,1.39,30.02,20.52,1.3900000000000141,1.5299999999999643,25.909999999999997,0,0
2023-10-24,yucatan,"Valladolid, Yucatan",20.6897,-88.2022,5,13.06,28.27,24.48,14.450000000000015,14.579999999999965,38.39,1,0
2023-10-25,yucatan,"Valladolid, Yucatan",20.6897,-88.2022,5,1.33,30.06,23.49,15.780000000000015,15.909999999999965,39.599999999999994,0,0
2023-10-26,yucatan,"Valladolid, Yucatan",20.6897,-88.2022,5,0.49,29.69,22.74,14.880000000000015,16.319999999999965,30.95,0,0
2023-10-27,yucatan,"Valladolid, Yucatan",20.6897,-88.2022,5,0.93,29.53,22.47,2.750000000000014,17.199999999999964,28.619999999999997,0,0
2023-10-28,yucatan,"Valladolid, Yucatan",20.6897,-88.2022,5,0.09,29.87,21.34,1.5100000000000142,17.289999999999964,28.599999999999998,0,0
2023-10-29,yucatan,"Valladolid, Yucatan",20.6897,-88.2022,5,0.32,29.43,20.99,1.3400000000000143,17.609999999999964,18.39,0,0
2023-10-30,yucatan,"Valladolid, Yucatan",20.6897,-88.2022,5,0.1,30.14,21.3,0.5100000000000142,16.319999999999965,17.85,0,0
2023-10-31,yucatan,"Valladolid, Yucatan",20.6897,-88.2022,5,0.49,30.74,22.4,0.9100000000000142,3.7499999999999645,18.330000000000002,0,0
2023-11-01,yucatan,"Valladolid, Yucatan",20.6897,-88.2022,5,4.21,28.47,23.23,4.800000000000014,6.629999999999964,22.540000000000003,0,0
2023-11-02,yucatan,"Valladolid, Yucatan",20.6897,-88.2022,5,0.77,29.42,22.42,5.470000000000015,6.909999999999965,23.23,0,0
2023-11-03,yucatan,"Valladolid, Yucatan",20.6897,-88.2022,5,18.35,29.54,23.1,23.330000000000016,24.329999999999966,41.53,1,0
2023-11-04,yucatan,"Valladolid, Yucatan",20.6897,-88.2022,5,1.84,29.35,24.18,20.960000000000015,26.079999999999966,43.370000000000005,0,0
2023-11-05,yucatan,"Valladolid, Yucatan",20.6897,-88.2022,5,0.11,28.92,22.97,20.300000000000015,25.869999999999965,43.480000000000004,0,0
2023-11-06,yucatan,"Valladolid, Yucatan",20.6897,-88.2022,5,0.0,29.9,22.24,1.9500000000000144,25.769999999999964,42.09,0,0
2023-11-07,yucatan,"Valladolid, Yucatan",20.6897,-88.2022,5,0.0,29.5,20.45,0.11000000000001421,25.279999999999966,29.03,0,0
2023-11-08,yucatan,"Valladolid, Yucatan",20.6897,-88.2022,5,0.0,29.05,19.9,0.0,21.069999999999965,27.700000000000003,0,0
2023-11-09,yucatan,"Valladolid, Yucatan",20.6897,-88.2022,5,1.1,29.75,21.94,1.1000000000000143,21.399999999999967,28.310000000000002,0,0
2023-11-10,yucatan,"Valladolid, Yucatan",20.6897,-88.2022,5,15.9,30.81,22.13,17.000000000000014,18.949999999999967,43.28,1,0
2023-11-11,yucatan,"Valladolid, Yucatan",20.6897,-88.2022,5,15.96,28.1,24.92,32.960000000000015,33.069999999999965,59.15,2,0
2023-11-12,yucatan,"Valladolid, Yucatan",20.6897,-88.2022,5,2.25,28.98,24.73,34.110000000000014,35.209999999999965,61.08,0,0
2023-11-13,yucatan,"Valladolid, Yucatan",20.6897,-88.2022,5,1.63,29.41,23.81,19.840000000000014,36.83999999999997,62.61000000000001,0,0
2023-11-14,yucatan,"Valladolid, Yucatan",20.6897,-88.2022,5,43.42,27.68,23.85,47.30000000000001,80.25999999999996,105.54,1,1
2023-11-15,yucatan,"Valladolid, Yucatan",20.6897,-88.2022,5,6.67,28.09,22.39,51.72000000000001,86.92999999999996,108.00000000000001,2,0
2023-11-16,yucatan,"Valladolid, Yucatan",20.6897,-88.2022,5,0.22,27.75,21.2,50.31000000000001,86.04999999999997,107.45,0,0
2023-11-17,yucatan,"Valladolid, Yucatan",20.6897,-88.2022,5,2.5,27.55,19.69,9.390000000000008,72.64999999999996,91.60000000000001,0,0
2023-11-18,yucatan,"Valladolid, Yucatan",20.6897,-88.2022,5,1.01,27.96,21.59,3.7300000000000075,57.69999999999997,90.77000000000001,0,0
2023-11-19,yucatan,"Valladolid, Yucatan",20.6897,-88.2022,5,0.07,27.87,20.03,3.580000000000007,55.51999999999997,90.73,0,0
2023-11-20,yucatan,"Valladolid, Yucatan",20.6897,-88.2022,5,0.0,28.24,20.22,1.0800000000000072,53.889999999999965,90.73,0,0
2023-11-21,yucatan,"Valladolid, Yucatan",20.6897,-88.2022,5,0.0,29.18,20.86,0.07000000000000711,10.469999999999965,90.73,0,0
2023-11-22,yucatan,"Valladolid, Yucatan",20.6897,-88.2022,5,0.87,29.1,21.36,0.8700000000000071,4.669999999999964,91.60000000000001,0,0
2023-11-23,yucatan,"Valladolid, Yucatan",20.6897,-88.2022,5,0.14,29.09,20.77,1.0100000000000071,4.589999999999965,90.64000000000001,0,0
2023-11-24,yucatan,"Valladolid, Yucatan",20.6897,-88.2022,5,1.3,29.62,22.06,2.310000000000007,3.3899999999999646,76.04,0,0
2023-11-25,yucatan,"Valladolid, Yucatan",20.6897,-88.2022,5,0.52,29.99,21.94,1.960000000000007,2.8999999999999644,60.6,0,0
2023-11-26,yucatan,"Valladolid, Yucatan",20.6897,-88.2022,5,14.31,31.02,21.81,16.130000000000006,17.139999999999965,72.66000000000001,1,0
2023-11-27,yucatan,"Valladolid, Yucatan",20.6897,-88.2022,5,13.02,29.0,23.96,27.85000000000001,30.159999999999965,84.05000000000001,2,0
2023-11-28,yucatan,"Valladolid, Yucatan",20.6897,-88.2022,5,4.05,27.5,22.23,31.380000000000006,34.209999999999965,44.68,0,0
2023-11-29,yucatan,"Valladolid, Yucatan",20.6897,-88.2022,5,0.02,26.91,20.41,17.090000000000007,33.359999999999964,38.03,0,0
2023-11-30,yucatan,"Valladolid, Yucatan",20.6897,-88.2022,5,0.0,28.79,19.45,4.0700000000000065,33.21999999999996,37.81,0,0
2023-12-01,yucatan,"Valladolid, Yucatan",20.6897,-88.2022,5,0.01,30.18,23.01,0.030000000000007104,31.929999999999964,35.32,0,0
2023-12-02,yucatan,"Valladolid, Yucatan",20.6897,-88.2022,5,0.44,30.62,23.1,0.4500000000000071,31.849999999999962,34.75,0,0
2023-12-03,yucatan,"Valladolid, Yucatan",20.6897,-88.2022,5,19.88,28.85,24.19,20.330000000000005,37.41999999999996,54.56,1,0
2023-12-04,yucatan,"Valladolid, Yucatan",20.6897,-88.2022,5,23.22,28.11,23.28,43.540000000000006,47.61999999999996,77.78,2,1
2023-12-05,yucatan,"Valladolid, Yucatan",20.6897,-88.2022,5,0.79,28.92,22.26,43.89000000000001,44.359999999999964,78.57000000000001,0,0
2023-12-06,yucatan,"Valladolid, Yucatan",20.6897,-88.2022,5,0.03,26.98,20.04,24.040000000000006,44.36999999999996,77.72999999999999,0,0
2023-12-07,yucatan,"Valladolid, Yucatan",20.6897,-88.2022,5,0.0,26.25,18.66,0.8200000000000072,44.36999999999996,77.58999999999999,0,0
2023-12-08,yucatan,"Valladolid, Yucatan",20.6897,-88.2022,5,0.05,27.12,19.4,0.08000000000000711,44.40999999999996,76.34,0,0
2023-12-09,yucatan,"Valladolid, Yucatan",20.6897,-88.2022,5,0.74,29.2,21.43,0.7900000000000071,44.70999999999996,76.56,0,0
2023-12-10,yucatan,"Valladolid, Yucatan",20.6897,-88.2022,5,5.14,27.97,22.37,5.930000000000007,29.969999999999963,67.39,1,0
2023-12-11,yucatan,"Valladolid, Yucatan",20.6897,-88.2022,5,1.71,24.71,20.18,7.590000000000007,8.459999999999965,56.08,0,0
2023-12-12,yucatan,"Valladolid, Yucatan",20.6897,-88.2022,5,1.12,25.25,19.47,7.970000000000007,8.789999999999964,53.15,0,0
2023-12-13,yucatan,"Valladolid, Yucatan",20.6897,-88.2022,5,8.43,27.71,20.4,11.260000000000007,17.189999999999962,61.559999999999995,1,0
2023-12-14,yucatan,"Valladolid, Yucatan",20.6897,-88.2022,5,1.05,27.7,22.22,10.600000000000009,18.239999999999963,62.61,0,0
2023-12-15,yucatan,"Valladolid, Yucatan",20.6897,-88.2022,5,2.23,27.92,22.11,11.710000000000008,20.419999999999963,64.83,0,0
2023-12-16,yucatan,"Valladolid, Yucatan",20.6897,-88.2022,5,0.59,27.67,22.06,3.870000000000007,20.269999999999964,64.98,0,0
2023-12-17,yucatan,"Valladolid, Yucatan",20.6897,-88.2022,5,0.07,26.11,19.06,2.8900000000000077,15.199999999999964,45.17,0,0
2023-12-18,yucatan,"Valladolid, Yucatan",20.6897,-88.2022,5,0.01,25.02,16.56,0.670000000000007,13.499999999999964,21.96,0,0
2023-12-19,yucatan,"Valladolid, Yucatan",20.6897,-88.2022,5,0.0,24.62,15.85,0.08000000000000711,12.379999999999963,21.17,0,0
2023-12-20,yucatan,"Valladolid, Yucatan",20.6897,-88.2022,5,0.0,25.78,16.3,0.010000000000007106,3.949999999999963,21.14,0,0
2023-12-21,yucatan,"Valladolid, Yucatan",20.6897,-88.2022,5,0.03,26.98,15.88,0.030000000000007104,2.9299999999999633,21.169999999999998,0,0
2023-12-22,yucatan,"Valladolid, Yucatan",20.6897,-88.2022,5,0.0,27.82,17.16,0.030000000000007104,0.6999999999999627,21.119999999999997,0,0
2023-12-23,yucatan,"Valladolid, Yucatan",20.6897,-88.2022,5,0.0,27.09,17.91,0.030000000000007104,0.10999999999996271,20.38,0,0
2023-12-24,yucatan,"Valladolid, Yucatan",20.6897,-88.2022,5,0.0,29.37,19.17,0.0,0.0399999999999627,15.24,0,0
2023-12-25,yucatan,"Valladolid, Yucatan",20.6897,-88.2022,5,1.04,30.81,20.72,1.0400000000000071,1.0699999999999628,14.57,0,0
2023-12-26,yucatan,"Valladolid, Yucatan",20.6897,-88.2022,5,0.07,30.48,20.18,1.1100000000000072,1.1399999999999628,13.52,0,0
2023-12-27,yucatan,"Valladolid, Yucatan",20.6897,-88.2022,5,2.93,31.0,20.57,4.040000000000007,4.069999999999963,8.02,0,0
2023-12-28,yucatan,"Valladolid, Yucatan",20.6897,-88.2022,5,0.28,28.13,21.33,3.2800000000000074,4.319999999999963,7.250000000000001,0,0
2023-12-29,yucatan,"Valladolid, Yucatan",20.6897,-88.2022,5,0.93,25.05,18.77,4.140000000000008,5.249999999999963,5.95,0,0
2023-12-30,yucatan,"Valladolid, Yucatan",20.6897,-88.2022,5,1.09,25.42,16.7,2.300000000000008,6.3399999999999626,6.450000000000001,0,0
2023-12-31,yucatan,"Valladolid, Yucatan",20.6897,-88.2022,5,0.0,26.95,14.05,2.0200000000000076,6.3399999999999626,6.380000000000001,0,0
2024-01-01,yucatan,"Valladolid, Yucatan",20.6897,-88.2022,5,0.0,28.58,15.8,1.0900000000000079,5.299999999999963,6.370000000000001,0,0
2024-01-02,yucatan,"Valladolid, Yucatan",20.6897,-88.2022,5,0.0,28.04,16.69,0.0,5.229999999999963,6.370000000000001,0,0
2024-01-03,yucatan,"Valladolid, Yucatan",20.6897,-88.2022,5,0.0,29.32,15.71,0.0,2.299999999999963,6.370000000000001,0,0
2024-01-04,yucatan,"Valladolid, Yucatan",20.6897,-88.2022,5,0.0,31.02,18.17,0.0,2.019999999999963,6.34,0,0
2024-01-05,yucatan,"Valladolid, Yucatan",20.6897,-88.2022,5,0.01,30.54,19.7,0.01000000000000755,1.099999999999963,6.3500000000000005,0,0
2024-01-06,yucatan,"Valladolid, Yucatan",20.6897,-88.2022,5,0.0,33.55,23.33,0.01000000000000755,0.009999999999962697,6.3500000000000005,0,0
2024-01-07,yucatan,"Valladolid, Yucatan",20.6897,-88.2022,5,0.74,32.5,23.06,0.7500000000000075,0.7499999999999627,7.09,0,0
2024-01-08,yucatan,"Valladolid, Yucatan",20.6897,-88.2022,5,0.53,31.18,21.06,1.2700000000000076,1.2799999999999627,6.58,0,0
2024-01-09,yucatan,"Valladolid, Yucatan",20.6897,-88.2022,5,0.23,34.16,23.23,1.5000000000000075,1.5099999999999627,6.740000000000001,0,0
2024-01-10,yucatan,"Valladolid, Yucatan",20.6897,-88.2022,5,0.0,30.25,20.42,0.7600000000000076,1.5099999999999627,3.8100000000000005,0,0
2024-01-11,yucatan,"Valladolid, Yucatan",20.6897,-88.2022,5,0.0,32.71,20.48,0.23000000000000756,1.5099999999999627,3.5300000000000002,0,0
2024-01-12,yucatan,"Valladolid, Yucatan",20.6897,-88.2022,5,0.0,33.92,22.51,0.0,1.4999999999999627,2.6000000000000005,0,0
2024-01-13,yucatan,"Valladolid, Yucatan",20.6897,-88.2022,5,0.09,33.72,23.81,0.09000000000000755,1.5899999999999628,1.6,0,0
2024-01-14,yucatan,"Valladolid, Yucatan",20.6897,-88.2022,5,0.12,33.74,23.03,0.21000000000000754,0.9699999999999627,1.72,0,0
2024-01-15,yucatan,"Valladolid, Yucatan",20.6897,-88.2022,5,0.05,33.16,21.89,0.26000000000000756,0.4899999999999627,1.77,0,0
2024-01-16,yucatan,"Valladolid, Yucatan",20.6897,-88.2022,5,4.47,33.76,22.13,4.640000000000008,4.729999999999962,6.24,0,0
2024-01-17,yucatan,"Valladolid, Yucatan",20.6897,-88.2022,5,11.34,30.68,22.19,15.860000000000007,16.06999999999996,17.58,1,0
2024-01-18,yucatan,"Valladolid, Yucatan",20.6897,-88.2022,5,1.52,31.91,21.73,17.330000000000005,17.58999999999996,19.1,0,0
2024-01-19,yucatan,"Valladolid, Yucatan",20.6897,-88.2022,5,0.6,33.07,21.74,13.460000000000006,18.189999999999962,19.689999999999998,0,0
2024-01-20,yucatan,"Valladolid, Yucatan",20.6897,-88.2022,5,2.86,30.71,21.91,4.9800000000000075,20.95999999999996,22.549999999999997,0,0
2024-01-21,yucatan,"Valladolid, Yucatan",20.6897,-88.2022,5,3.48,27.43,20.68,6.940000000000007,24.31999999999996,25.29,0,0
2024-01-22,yucatan,"Valladolid, Yucatan",20.6897,-88.2022,5,16.58,28.8,20.65,22.920000000000005,40.84999999999996,41.339999999999996,1,0
2024-01-23,yucatan,"Valladolid, Yucatan",20.6897,-88.2022,5,8.36,30.02,23.0,28.420000000000005,44.73999999999996,49.47,2,0
2024-01-24,yucatan,"Valladolid, Yucatan",20.6897,-88.2022,5,0.36,31.17,22.51,25.300000000000004,33.75999999999996,49.83,0,0
2024-01-25,yucatan,"Valladolid, Yucatan",20.6897,-88.2022,5,0.0,32.18,22.86,8.720000000000006,32.23999999999996,49.83,0,0
2024-01-26,yucatan,"Valladolid, Yucatan",20.6897,-88.2022,5,0.0,31.72,22.91,0.3600000000000071,31.639999999999958,49.83,0,0
2024-01-27,yucatan,"Valladolid, Yucatan",20.6897,-88.2022,5,18.7,32.09,21.84,18.700000000000006,47.47999999999996,68.44,1,0
2024-01-28,yucatan,"Valladolid, Yucatan",20.6897,-88.2022,5,14.22,29.28,20.35,32.92000000000001,58.21999999999996,82.53999999999999,2,0
2024-01-29,yucatan,"Valladolid, Yucatan",20.6897,-88.2022,5,0.0,25.6,16.79,32.92000000000001,41.63999999999996,82.49,0,0
2024-01-30,yucatan,"Valladolid, Yucatan",20.6897,-88.2022,5,0.0,26.31,15.81,14.220000000000008,33.27999999999996,78.02,0,0
2024-01-31,yucatan,"Valladolid, Yucatan",20.6897,-88.2022,5,0.0,27.07,13.9,0.0,32.91999999999996,66.67999999999999,0,0
2024-02-01,yucatan,"Valladolid, Yucatan",20.6897,-88.2022,5,0.0,28.32,15.99,0.0,32.91999999999996,65.16,0,0
2024-02-02,yucatan,"Valladolid, Yucatan",20.6897,-88.2022,5,0.0,29.57,18.05,0.0,32.91999999999996,64.56,0,0
2024-02-03,yucatan,"Valladolid, Yucatan",20.6897,-88.2022,5,0.0,30.16,17.91,0.0,14.219999999999962,61.699999999999996,0,0
2024-02-04,yucatan,"Valladolid, Yucatan",20.6897,-88.2022,5,0.0,32.09,20.9,0.0,0.0,58.22,0,0
2024-02-05,yucatan,"Valladolid, Yucatan",20.6897,-88.2022,5,0.12,27.38,18.16,0.1200000000000071,0.11999999999996092,41.76,0,0
2024-02-06,yucatan,"Valladolid, Yucatan",20.6897,-88.2022,5,0.3,26.18,16.09,0.4200000000000071,0.4199999999999609,33.7,0,0
2024-02-07,yucatan,"Valladolid, Yucatan",20.6897,-88.2022,5,0.01,28.75,13.52,0.4300000000000071,0.4299999999999609,33.35,0,0
2024-02-08,yucatan,"Valladolid, Yucatan",20.6897,-88.2022,5,0.56,28.75,14.96,0.8700000000000072,0.9899999999999609,33.91,0,0
2024-02-09,yucatan,"Valladolid, Yucatan",20.6897,-88.2022,5,0.53,30.01,18.61,1.1000000000000072,1.519999999999961,34.44,0,0
2024-02-10,yucatan,"Valladolid, Yucatan",20.6897,-88.2022,5,0.0,32.18,20.68,1.0900000000000072,1.519999999999961,15.74,0,0
2024-02-11,yucatan,"Valladolid, Yucatan",20.6897,-88.2022,5,0.0,33.5,22.61,0.5300000000000072,1.519999999999961,1.52,0,0
2024-02-12,yucatan,"Valladolid, Yucatan",20.6897,-88.2022,5,0.01,35.75,23.43,0.010000000000007217,1.4099999999999608,1.53,0,0
2024-02-13,yucatan,"Valladolid, Yucatan",20.6897,-88.2022,5,0.0,30.71,19.91,0.010000000000007217,1.109999999999961,1.53,0,0
2024-02-14,yucatan,"Valladolid, Yucatan",20.6897,-88.2022,5,0.0,31.95,17.52,0.010000000000007217,1.099999999999961,1.53,0,0
2024-02-15,yucatan,"Valladolid, Yucatan",20.6897,-88.2022,5,2.37,32.29,19.13,2.370000000000007,2.909999999999961,3.9000000000000004,0,0
2024-02-16,yucatan,"Valladolid, Yucatan",20.6897,-88.2022,5,2.54,32.99,21.77,4.910000000000007,4.919999999999961,6.44,0,0
2024-02-17,yucatan,"Valladolid, Yucatan",20.6897,-88.2022,5,2.59,33.19,20.76,7.500000000000007,7.509999999999961,9.030000000000001,0,0
2024-02-18,yucatan,"Valladolid, Yucatan",20.6897,-88.2022,5,18.31,26.23,18.4,23.440000000000005,25.819999999999958,27.34,1,0
2024-02-19,yucatan,"Valladolid, Yucatan",20.6897,-88.2022,5,0.13,28.2,16.02,21.030000000000005,25.939999999999962,27.349999999999998,0,0
2024-02-20,yucatan,"Valladolid, Yucatan",20.6897,-88.2022,5,0.0,29.5,13.94,18.440000000000005,25.939999999999962,27.049999999999997,0,0
2024-02-21,yucatan,"Valladolid, Yucatan",20.6897,-88.2022,5,0.0,29.33,14.13,0.1300000000000071,25.939999999999962,27.04,0,0
2024-02-22,yucatan,"Valladolid, Yucatan",20.6897,-88.2022,5,0.0,30.13,15.55,0.0,23.56999999999996,26.48,0,0
2024-02-23,yucatan,"Valladolid, Yucatan",20.6897,-88.2022,5,0.0,32.45,15.59,0.0,21.02999999999996,25.95,0,0
2024-02-24,yucatan,"Valladolid, Yucatan",20.6897,-88.2022,5,0.0,31.82,17.87,0.0,18.439999999999962,25.95,0,0
2024-02-25,yucatan,"Valladolid, Yucatan",20.6897,-88.2022,5,0.0,31.73,15.74,0.0,0.12999999999996092,25.95,0,0
2024-02-26,yucatan,"Valladolid, Yucatan",20.6897,-88.2022,5,0.0,32.14,17.61,0.0,0.0,25.939999999999998,0,0
2024-02-27,yucatan,"Valladolid, Yucatan",20.6897,-88.2022,5,0.0,32.18,16.73,0.0,0.0,25.939999999999998,0,0
2024-02-28,yucatan,"Valladolid, Yucatan",20.6897,-88.2022,5,0.0,33.66,20.18,0.0,0.0,25.939999999999998,0,0
2024-02-29,yucatan,"Valladolid, Yucatan",20.6897,-88.2022,5,0.0,33.87,21.12,0.0,0.0,23.57,0,0
2024-03-01,yucatan,"Valladolid, Yucatan",20.6897,-88.2022,5,0.0,33.97,20.71,0.0,0.0,21.029999999999998,0,0
2024-03-02,yucatan,"Valladolid, Yucatan",20.6897,-88.2022,5,0.06,34.96,22.26,0.0600000000000071,0.05999999999996092,18.5,0,0
2024-03-03,yucatan,"Valladolid, Yucatan",20.6897,-88.2022,5,0.31,34.95,22.45,0.3700000000000071,0.3699999999999609,0.5,0,0
2024-03-04,yucatan,"Valladolid, Yucatan",20.6897,-88.2022,5,0.3,34.07,23.66,0.670000000000007,0.6699999999999608,0.6699999999999999,0,0
2024-03-05,yucatan,"Valladolid, Yucatan",20.6897,-88.2022,5,0.0,35.23,22.97,0.610000000000007,0.6699999999999608,0.6699999999999999,0,0
2024-03-06,yucatan,"Valladolid, Yucatan",20.6897,-88.2022,5,6.16,35.89,23.12,6.460000000000007,6.829999999999961,6.83,1,0
2024-03-07,yucatan,"Valladolid, Yucatan",20.6897,-88.2022,5,1.33,35.12,23.9,7.490000000000007,8.159999999999961,8.16,0,0
2024-03-08,yucatan,"Valladolid, Yucatan",20.6897,-88.2022,5,0.0,34.88,23.12,7.490000000000007,8.159999999999961,8.16,0,0
2024-03-09,yucatan,"Valladolid, Yucatan",20.6897,-88.2022,5,0.0,37.32,23.7,1.3300000000000072,8.09999999999996,8.16,0,0
2024-03-10,yucatan,"Valladolid, Yucatan",20.6897,-88.2022,5,5.84,35.54,24.35,5.840000000000007,13.62999999999996,14.0,1,0
2024-03-11,yucatan,"Valladolid, Yucatan",20.6897,-88.2022,5,4.35,34.87,23.38,10.190000000000007,17.67999999999996,18.35,0,0
2024-03-12,yucatan,"Valladolid, Yucatan",20.6897,-88.2022,5,0.01,35.06,22.58,10.200000000000006,17.68999999999996,18.36,0,0
2024-03-13,yucatan,"Valladolid, Yucatan",20.6897,-88.2022,5,0.0,34.97,21.42,4.3600000000000065,11.52999999999996,18.36,0,0
2024-03-14,yucatan,"Valladolid, Yucatan",20.6897,-88.2022,5,0.0,34.36,23.35,0.010000000000007106,10.19999999999996,18.36,0,0
2024-03-15,yucatan,"Valladolid, Yucatan",20.6897,-88.2022,5,0.0,34.96,22.61,0.0,10.19999999999996,18.36,0,0
2024-03-16,yucatan,"Valladolid, Yucatan",20.6897,-88.2022,5,0.0,35.23,22.43,0.0,10.19999999999996,18.3,0,0
2024-03-17,yucatan,"Valladolid, Yucatan",20.6897,-88.2022,5,0.0,35.83,23.83,0.0,4.35999999999996,17.99,0,0
2024-03-18,yucatan,"Valladolid, Yucatan",20.6897,-88.2022,5,0.0,37.16,23.09,0.0,0.00999999999996092,17.689999999999998,0,0
2024-03-19,yucatan,"Valladolid, Yucatan",20.6897,-88.2022,5,0.03,36.51,23.82,0.030000000000007104,0.02999999999996092,17.72,0,0
2024-03-20,yucatan,"Valladolid, Yucatan",20.6897,-88.2022,5,0.02,35.9,24.18,0.05000000000000711,0.04999999999996092,11.58,0,0
2024-03-21,yucatan,"Valladolid, Yucatan",20.6897,-88.2022,5,0.0,37.25,24.41,0.05000000000000711,0.04999999999996092,10.25,0,0
2024-03-22,yucatan,"Valladolid, Yucatan",20.6897,-88.2022,5,7.94,37.52,25.33,7.960000000000007,7.989999999999961,18.189999999999998,1,0
2024-03-23,yucatan,"Valladolid, Yucatan",20.6897,-88.2022,5,2.39,35.71,22.08,10.330000000000007,10.379999999999962,20.58,0,0
2024-03-24,yucatan,"Valladolid, Yucatan",20.6897,-88.2022,5,0.0,36.06,18.92,10.330000000000007,10.379999999999962,14.74,0,0
2024-03-25,yucatan,"Valladolid, Yucatan",20.6897,-88.2022,5,0.0,36.32,22.72,2.3900000000000072,10.379999999999962,10.39,0,0
2024-03-26,yucatan,"Valladolid, Yucatan",20.6897,-88.2022,5,0.13,38.79,25.11,0.1300000000000071,10.479999999999961,10.51,0,0
2024-03-27,yucatan,"Valladolid, Yucatan",20.6897,-88.2022,5,0.12,39.62,26.0,0.2500000000000071,10.579999999999961,10.63,0,0
2024-03-28,yucatan,"Valladolid, Yucatan",20.6897,-88.2022,5,0.0,33.8,21.81,0.2500000000000071,10.579999999999961,10.63,0,0
2024-03-29,yucatan,"Valladolid, Yucatan",20.6897,-88.2022,5,0.0,34.05,18.99,0.1200000000000071,2.639999999999961,10.63,0,0
2024-03-30,yucatan,"Valladolid, Yucatan",20.6897,-88.2022,5,0.0,35.73,18.21,0.0,0.24999999999996092,10.63,0,0
2024-03-31,yucatan,"Valladolid, Yucatan",20.6897,-88.2022,5,0.01,36.73,20.92,0.010000000000007106,0.25999999999996093,10.64,0,0
2024-04-01,yucatan,"Valladolid, Yucatan",20.6897,-88.2022,5,0.0,37.12,20.72,0.010000000000007106,0.25999999999996093,10.64,0,0
2024-04-02,yucatan,"Valladolid, Yucatan",20.6897,-88.2022,5,0.0,37.3,24.88,0.010000000000007106,0.12999999999996092,10.610000000000001,0,0
2024-04-03,yucatan,"Valladolid, Yucatan",20.6897,-88.2022,5,0.0,39.0,25.98,0.0,0.00999999999996092,10.59,0,0
2024-04-04,yucatan,"Valladolid, Yucatan",20.6897,-88.2022,5,0.0,35.36,23.11,0.0,0.00999999999996092,10.59,0,0
2024-04-05,yucatan,"Valladolid, Yucatan",20.6897,-88.2022,5,0.0,35.99,20.69,0.0,0.00999999999996092,2.65,0,0
2024-04-06,yucatan,"Valladolid, Yucatan",20.6897,-88.2022,5,0.0,37.25,21.75,0.0,0.00999999999996092,0.26,0,0
2024-04-07,yucatan,"Valladolid, Yucatan",20.6897,-88.2022,5,0.0,37.65,22.49,0.0,0.0,0.26,0,0
2024-04-08,yucatan,"Valladolid, Yucatan",20.6897,-88.2022,5,0.0,36.79,22.18,0.0,0.0,0.26,0,0
2024-04-09,yucatan,"Valladolid, Yucatan",20.6897,-88.2022,5,0.0,36.25,24.73,0.0,0.0,0.13,0,0
2024-04-10,yucatan,"Valladolid, Yucatan",20.6897,-88.2022,5,1.42,37.0,25.85,1.420000000000007,1.4199999999999608,1.43,0,0
2024-04-11,yucatan,"Valladolid, Yucatan",20.6897,-88.2022,5,4.87,36.41,22.4,6.290000000000007,6.289999999999961,6.3,0,0
2024-04-12,yucatan,"Valladolid, Yucatan",20.6897,-88.2022,5,0.02,35.95,19.66,6.310000000000007,6.3099999999999605,6.319999999999999,0,0
2024-04-13,yucatan,"Valladolid, Yucatan",20.6897,-88.2022,5,0.0,36.65,23.07,4.890000000000007,6.3099999999999605,6.319999999999999,0,0
2024-04-14,yucatan,"Valladolid, Yucatan",20.6897,-88.2022,5,0.0,37.36,21.31,0.020000000000007106,6.3099999999999605,6.31,0,0
2024-04-15,yucatan,"Valladolid, Yucatan",20.6897,-88.2022,5,0.0,37.32,21.96,0.0,6.3099999999999605,6.31,0,0
2024-04-16,yucatan,"Valladolid, Yucatan",20.6897,-88.2022,5,0.0,37.26,23.46,0.0,6.3099999999999605,6.31,0,0
2024-04-17,yucatan,"Valladolid, Yucatan",20.6897,-88.2022,5,0.0,37.09,24.01,0.0,4.889999999999961,6.31,0,0
2024-04-18,yucatan,"Valladolid, Yucatan",20.6897,-88.2022,5,0.0,36.69,24.45,0.0,0.01999999999996092,6.31,0,0
2024-04-19,yucatan,"Valladolid, Yucatan",20.6897,-88.2022,5,0.0,37.35,22.98,0.0,0.0,6.31,0,0
2024-04-20,yucatan,"Valladolid, Yucatan",20.6897,-88.2022,5,0.0,37.61,22.0,0.0,0.0,6.31,0,0
2024-04-21,yucatan,"Valladolid, Yucatan",20.6897,-88.2022,5,0.0,38.12,24.1,0.0,0.0,6.31,0,0
2024-04-22,yucatan,"Valladolid, Yucatan",20.6897,-88.2022,5,0.0,38.1,22.69,0.0,0.0,6.31,0,0
2024-04-23,yucatan,"Valladolid, Yucatan",20.6897,-88.2022,5,0.0,37.95,24.57,0.0,0.0,6.31,0,0
2024-04-24,yucatan,"Valladolid, Yucatan",20.6897,-88.2022,5,5.31,37.88,23.99,5.310000000000007,5.3099999999999605,10.2,1,0
2024-04-25,yucatan,"Valladolid, Yucatan",20.6897,-88.2022,5,25.22,35.5,22.98,30.530000000000005,30.52999999999996,30.549999999999997,2,1
2024-04-26,yucatan,"Valladolid, Yucatan",20.6897,-88.2022,5,0.48,34.8,23.25,31.010000000000005,31.00999999999996,31.009999999999998,0,0
2024-04-27,yucatan,"Valladolid, Yucatan",20.6897,-88.2022,5,0.0,34.77,23.91,25.700000000000006,31.00999999999996,31.009999999999998,0,0
2024-04-28,yucatan,"Valladolid, Yucatan",20.6897,-88.2022,5,0.07,35.43,24.7,0.5500000000000071,31.07999999999996,31.08,0,0
2024-04-29,yucatan,"Valladolid, Yucatan",20.6897,-88.2022,5,0.02,35.32,26.02,0.09000000000000712,31.09999999999996,31.099999999999998,0,0
2024-04-30,yucatan,"Valladolid, Yucatan",20.6897,-88.2022,5,2.64,36.68,25.5,2.730000000000007,33.73999999999996,33.739999999999995,0,0
2024-05-01,yucatan,"Valladolid, Yucatan",20.6897,-88.2022,5,0.46,37.13,24.26,3.120000000000007,28.88999999999996,34.199999999999996,0,0
2024-05-02,yucatan,"Valladolid, Yucatan",20.6897,-88.2022,5,0.0,37.07,23.86,3.100000000000007,3.669999999999961,34.199999999999996,0,0
2024-05-03,yucatan,"Valladolid, Yucatan",20.6897,-88.2022,5,0.0,36.29,23.87,0.4600000000000071,3.189999999999961,34.199999999999996,0,0
2024-05-04,yucatan,"Valladolid, Yucatan",20.6897,-88.2022,5,0.0,36.96,24.4,0.0,3.189999999999961,34.199999999999996,0,0
2024-05-05,yucatan,"Valladolid, Yucatan",20.6897,-88.2022,5,0.0,36.74,24.1,0.0,3.119999999999961,34.199999999999996,0,0
2024-05-06,yucatan,"Valladolid, Yucatan",20.6897,-88.2022,5,0.0,37.7,25.2,0.0,3.099999999999961,34.199999999999996,0,0
2024-05-07,yucatan,"Valladolid, Yucatan",20.6897,-88.2022,5,0.0,38.33,25.49,0.0,0.45999999999996094,34.199999999999996,0,0
2024-05-08,yucatan,"Valladolid, Yucatan",20.6897,-88.2022,5,0.0,38.14,25.52,0.0,0.0,28.89,0,0
2024-05-09,yucatan,"Valladolid, Yucatan",20.6897,-88.2022,5,0.0,39.08,25.72,0.0,0.0,3.67,0,0
2024-05-10,yucatan,"Valladolid, Yucatan",20.6897,-88.2022,5,0.0,38.05,26.18,0.0,0.0,3.19,0,0
2024-05-11,yucatan,"Valladolid, Yucatan",20.6897,-88.2022,5,0.0,38.99,26.16,0.0,0.0,3.19,0,0
2024-05-12,yucatan,"Valladolid, Yucatan",20.6897,-88.2022,5,0.0,38.81,25.68,0.0,0.0,3.12,0,0
2024-05-13,yucatan,"Valladolid, Yucatan",20.6897,-88.2022,5,0.0,38.41,26.9,0.0,0.0,3.1,0,0
2024-05-14,yucatan,"Valladolid, Yucatan",20.6897,-88.2022,5,0.0,35.72,27.3,0.0,0.0,0.46,0,0
2024-05-15,yucatan,"Valladolid, Yucatan",20.6897,-88.2022,5,0.0,36.8,27.13,0.0,0.0,0.0,0,0
2024-05-16,yucatan,"Valladolid, Yucatan",20.6897,-88.2022,5,0.0,38.51,26.78,0.0,0.0,0.0,0,0
2024-05-17,yucatan,"Valladolid, Yucatan",20.6897,-88.2022,5,0.0,37.8,27.41,0.0,0.0,0.0,0,0
2024-05-18,yucatan,"Valladolid, Yucatan",20.6897,-88.2022,5,0.0,35.5,27.9,0.0,0.0,0.0,0,0
2024-05-19,yucatan,"Valladolid, Yucatan",20.6897,-88.2022,5,0.0,36.06,26.78,0.0,0.0,0.0,0,0
2024-05-20,yucatan,"Valladolid, Yucatan",20.6897,-88.2022,5,0.0,40.08,24.61,0.0,0.0,0.0,0,0
2024-05-21,yucatan,"Valladolid, Yucatan",20.6897,-88.2022,5,0.0,39.43,25.51,0.0,0.0,0.0,0,0
2024-05-22,yucatan,"Valladolid, Yucatan",20.6897,-88.2022,5,0.0,39.2,26.34,0.0,0.0,0.0,0,0
2024-05-23,yucatan,"Valladolid, Yucatan",20.6897,-88.2022,5,0.0,39.06,26.13,0.0,0.0,0.0,0,0
2024-05-24,yucatan,"Valladolid, Yucatan",20.6897,-88.2022,5,0.0,38.51,25.68,0.0,0.0,0.0,0,0
2024-05-25,yucatan,"Valladolid, Yucatan",20.6897,-88.2022,5,0.0,39.06,26.18,0.0,0.0,0.0,0,0
2024-05-26,yucatan,"Valladolid, Yucatan",20.6897,-88.2022,5,0.0,39.03,27.08,0.0,0.0,0.0,0,0
2024-05-27,yucatan,"Valladolid, Yucatan",20.6897,-88.2022,5,0.0,40.12,26.85,0.0,0.0,0.0,0,0
2024-05-28,yucatan,"Valladolid, Yucatan",20.6897,-88.2022,5,0.21,39.03,27.33,0.2100000000000071,0.2099999999999609,0.21,0,0
2024-05-29,yucatan,"Valladolid, Yucatan",20.6897,-88.2022,5,0.0,40.19,25.7,0.2100000000000071,0.2099999999999609,0.21,0,0
2024-05-30,yucatan,"Valladolid, Yucatan",20.6897,-88.2022,5,0.1,39.29,25.63,0.3100000000000071,0.3099999999999609,0.31,0,0
2024-05-31,yucatan,"Valladolid, Yucatan",20.6897,-88.2022,5,0.0,38.72,26.33,0.10000000000000711,0.3099999999999609,0.31,0,0
2024-06-01,yucatan,"Valladolid, Yucatan",20.6897,-88.2022,5,0.0,38.81,25.57,0.10000000000000711,0.3099999999999609,0.31,0,0
2024-06-02,yucatan,"Valladolid, Yucatan",20.6897,-88.2022,5,1.15,40.06,26.45,1.150000000000007,1.4599999999999609,1.46,0,0
2024-06-03,yucatan,"Valladolid, Yucatan",20.6897,-88.2022,5,0.06,40.04,26.19,1.210000000000007,1.519999999999961,1.52,0,0
2024-06-04,yucatan,"Valladolid, Yucatan",20.6897,-88.2022,5,0.0,39.0,26.92,1.210000000000007,1.309999999999961,1.52,0,0
2024-06-05,yucatan,"Valladolid, Yucatan",20.6897,-88.2022,5,0.0,39.8,26.57,0.0600000000000071,1.309999999999961,1.52,0,0
2024-06-06,yucatan,"Valladolid, Yucatan",20.6897,-88.2022,5,0.0,40.28,26.84,0.0,1.2099999999999609,1.52,0,0
2024-06-07,yucatan,"Valladolid, Yucatan",20.6897,-88.2022,5,0.0,39.78,27.59,0.0,1.2099999999999609,1.52,0,0
2024-06-08,yucatan,"Valladolid, Yucatan",20.6897,-88.2022,5,6.57,40.23,27.11,6.570000000000007,7.779999999999961,8.09,1,0
2024-06-09,yucatan,"Valladolid, Yucatan",20.6897,-88.2022,5,16.12,37.78,26.46,22.69000000000001,22.749999999999964,24.21,2,0
2024-06-10,yucatan,"Valladolid, Yucatan",20.6897,-88.2022,5,3.93,37.23,25.81,26.620000000000008,26.619999999999962,28.14,0,0
2024-06-11,yucatan,"Valladolid, Yucatan",20.6897,-88.2022,5,25.02,32.93,26.34,45.07000000000001,51.63999999999996,52.95,1,1
2024-06-12,yucatan,"Valladolid, Yucatan",20.6897,-88.2022,5,23.88,31.79,26.84,52.830000000000005,75.51999999999995,76.83,2,1
2024-06-13,yucatan,"Valladolid, Yucatan",20.6897,-88.2022,5,10.12,32.15,26.41,59.02,85.63999999999996,86.85000000000001,3,0
2024-06-14,yucatan,"Valladolid, Yucatan",20.6897,-88.2022,5,0.36,31.11,25.7,34.36,85.99999999999996,87.21000000000001,0,0
2024-06-15,yucatan,"Valladolid, Yucatan",20.6897,-88.2022,5,15.09,29.48,25.41,25.570000000000007,94.51999999999995,102.3,1,0
2024-06-16,yucatan,"Valladolid, Yucatan",20.6897,-88.2022,5,31.35,28.29,25.29,46.80000000000001,109.74999999999994,132.5,2,1
2024-06-17,yucatan,"Valladolid, Yucatan",20.6897,-88.2022,5,6.62,28.85,25.18,53.06000000000001,112.43999999999996,139.06,3,0
2024-06-18,yucatan,"Valladolid, Yucatan",20.6897,-88.2022,5,7.2,29.05,25.6,45.170000000000016,94.61999999999996,146.26,4,0
2024-06-19,yucatan,"Valladolid, Yucatan",20.6897,-88.2022,5,8.74,27.79,25.32,22.56000000000001,79.47999999999995,155.0,5,0
2024-06-20,yucatan,"Valladolid, Yucatan",20.6897,-88.2022,5,22.16,28.14,23.85,38.10000000000001,91.51999999999995,177.16,6,1
2024-06-21,yucatan,"Valladolid, Yucatan",20.6897,-88.2022,5,43.31,27.06,23.86,74.21000000000001,134.46999999999997,220.47,7,1
2024-06-22,yucatan,"Valladolid, Yucatan",20.6897,-88.2022,5,37.07,28.79,25.45,102.54000000000002,156.44999999999996,250.97,8,1
2024-06-23,yucatan,"Valladolid, Yucatan",20.6897,-88.2022,5,20.95,27.5,24.23,101.33000000000001,146.04999999999995,255.8,9,1
2024-06-24,yucatan,"Valladolid, Yucatan",20.6897,-88.2022,5,5.45,29.23,23.71,63.470000000000006,144.87999999999997,257.32,10,0
2024-06-25,yucatan,"Valladolid, Yucatan",20.6897,-88.2022,5,5.84,29.63,24.82,32.24000000000001,143.51999999999995,238.14000000000001,11,0
2024-06-26,yucatan,"Valladolid, Yucatan",20.6897,-88.2022,5,0.64,30.81,24.71,11.930000000000007,135.41999999999996,214.89999999999998,0,0
2024-06-27,yucatan,"Valladolid, Yucatan",20.6897,-88.2022,5,4.3,29.86,25.28,10.780000000000006,117.55999999999996,209.08,0,0
2024-06-28,yucatan,"Valladolid, Yucatan",20.6897,-88.2022,5,23.07,29.16,25.52,28.010000000000005,97.31999999999995,231.79,1,1
2024-06-29,yucatan,"Valladolid, Yucatan",20.6897,-88.2022,5,19.68,27.45,24.91,47.050000000000004,79.92999999999995,236.38,2,0
2024-06-30,yucatan,"Valladolid, Yucatan",20.6897,-88.2022,5,12.72,28.96,25.49,55.470000000000006,71.69999999999996,217.75,3,0
2024-07-01,yucatan,"Valladolid, Yucatan",20.6897,-88.2022,5,5.27,29.89,25.09,37.67000000000001,71.51999999999995,216.4,4,0
2024-07-02,yucatan,"Valladolid, Yucatan",20.6897,-88.2022,5,4.93,30.2,24.89,22.92000000000001,70.60999999999996,214.13,0,0
2024-07-03,yucatan,"Valladolid, Yucatan",20.6897,-88.2022,5,0.37,31.06,24.45,10.570000000000006,70.33999999999996,205.76,0,0
2024-07-04,yucatan,"Valladolid, Yucatan",20.6897,-88.2022,5,15.65,29.92,24.83,20.950000000000006,81.68999999999997,199.25,1,0
2024-07-05,yucatan,"Valladolid, Yucatan",20.6897,-88.2022,5,35.99,27.35,24.98,52.010000000000005,94.60999999999996,191.93,2,1
2024-07-06,yucatan,"Valladolid, Yucatan",20.6897,-88.2022,5,2.88,29.85,24.82,54.52000000000002,77.80999999999995,157.74,0,0
2024-07-07,yucatan,"Valladolid, Yucatan",20.6897,-88.2022,5,4.53,29.58,25.23,43.40000000000002,69.61999999999995,141.32,0,0
2024-07-08,yucatan,"Valladolid, Yucatan",20.6897,-88.2022,5,4.07,30.06,25.14,11.480000000000008,68.41999999999996,139.94,0,0
2024-07-09,yucatan,"Valladolid, Yucatan",20.6897,-88.2022,5,0.6,30.62,25.55,9.200000000000008,64.08999999999996,134.7,0,0
2024-07-10,yucatan,"Valladolid, Yucatan",20.6897,-88.2022,5,0.13,29.49,24.95,4.800000000000008,63.84999999999996,134.19,0,0
2024-07-11,yucatan,"Valladolid, Yucatan",20.6897,-88.2022,5,1.52,29.96,24.35,2.250000000000007,49.719999999999956,131.41,0,0
2024-07-12,yucatan,"Valladolid, Yucatan",20.6897,-88.2022,5,2.62,30.15,24.44,4.270000000000007,16.34999999999996,110.96000000000001,0,0
2024-07-13,yucatan,"Valladolid, Yucatan",20.6897,-88.2022,5,3.5,29.72,25.16,7.640000000000008,16.96999999999996,94.78,0,0
2024-07-14,yucatan,"Valladolid, Yucatan",20.6897,-88.2022,5,4.31,30.43,25.2,10.430000000000007,16.749999999999957,86.37,0,0
2024-07-15,yucatan,"Valladolid, Yucatan",20.6897,-88.2022,5,6.86,30.63,24.61,14.670000000000005,19.539999999999957,87.96000000000001,1,0
2024-07-16,yucatan,"Valladolid, Yucatan",20.6897,-88.2022,5,3.6,30.44,25.27,14.770000000000007,22.539999999999957,86.63,0,0
2024-07-17,yucatan,"Valladolid, Yucatan",20.6897,-88.2022,5,4.76,31.08,23.68,15.220000000000008,27.16999999999996,91.02,0,0
2024-07-18,yucatan,"Valladolid, Yucatan",20.6897,-88.2022,5,7.82,30.43,24.74,16.180000000000007,33.469999999999956,83.19,1,0
2024-07-19,yucatan,"Valladolid, Yucatan",20.6897,-88.2022,5,21.89,28.8,24.92,34.470000000000006,52.73999999999995,69.09,2,1
2024-07-20,yucatan,"Valladolid, Yucatan",20.6897,-88.2022,5,3.56,29.35,24.58,33.27000000000001,52.799999999999955,69.77000000000001,0,0
2024-07-21,yucatan,"Valladolid, Yucatan",20.6897,-88.2022,5,2.37,30.41,25.82,27.820000000000007,50.85999999999996,67.61000000000001,0,0
2024-07-22,yucatan,"Valladolid, Yucatan",20.6897,-88.2022,5,9.18,29.47,25.21,15.110000000000007,53.17999999999995,72.72,1,0
2024-07-23,yucatan,"Valladolid, Yucatan",20.6897,-88.2022,5,1.75,30.39,25.04,13.300000000000006,51.329999999999956,73.87,0,0
2024-07-24,yucatan,"Valladolid, Yucatan",20.6897,-88.2022,5,0.39,30.92,25.1,11.320000000000007,46.95999999999995,74.13000000000001,0,0
2024-07-25,yucatan,"Valladolid, Yucatan",20.6897,-88.2022,5,2.5,29.73,24.99,4.640000000000008,41.63999999999995,75.11,0,0
2024-07-26,yucatan,"Valladolid, Yucatan",20.6897,-88.2022,5,1.87,30.0,24.81,4.760000000000007,21.619999999999955,74.36000000000001,0,0
2024-07-27,yucatan,"Valladolid, Yucatan",20.6897,-88.2022,5,1.91,30.19,24.92,6.280000000000007,19.969999999999956,72.77000000000001,0,0
2024-07-28,yucatan,"Valladolid, Yucatan",20.6897,-88.2022,5,1.66,29.49,24.8,5.440000000000007,19.259999999999955,70.12,0,0
2024-07-29,yucatan,"Valladolid, Yucatan",20.6897,-88.2022,5,0.22,30.58,25.0,3.790000000000007,10.299999999999955,63.48,0,0
2024-07-30,yucatan,"Valladolid, Yucatan",20.6897,-88.2022,5,0.0,30.53,24.52,1.880000000000007,8.549999999999955,59.88,0,0
2024-07-31,yucatan,"Valladolid, Yucatan",20.6897,-88.2022,5,0.47,30.64,24.48,0.690000000000007,8.629999999999953,55.59,0,0
2024-08-01,yucatan,"Valladolid, Yucatan",20.6897,-88.2022,5,7.55,30.46,24.29,8.020000000000007,13.679999999999954,55.32,1,0
2024-08-02,yucatan,"Valladolid, Yucatan",20.6897,-88.2022,5,3.73,30.18,24.02,11.750000000000007,15.539999999999955,37.16,0,0
2024-08-03,yucatan,"Valladolid, Yucatan",20.6897,-88.2022,5,8.48,29.54,24.55,19.760000000000005,22.109999999999957,42.08,1,0
2024-08-04,yucatan,"Valladolid, Yucatan",20.6897,-88.2022,5,2.09,30.37,24.37,14.300000000000008,22.539999999999957,41.8,0,0
2024-08-05,yucatan,"Valladolid, Yucatan",20.6897,-88.2022,5,0.2,30.89,24.79,10.770000000000007,22.519999999999957,32.82,0,0
2024-08-06,yucatan,"Valladolid, Yucatan",20.6897,-88.2022,5,0.12,31.2,25.31,2.410000000000007,22.639999999999954,31.19,0,0
2024-08-07,yucatan,"Valladolid, Yucatan",20.6897,-88.2022,5,8.65,30.75,25.93,8.970000000000008,30.819999999999954,39.45,1,0
2024-08-08,yucatan,"Valladolid, Yucatan",20.6897,-88.2022,5,3.99,31.36,25.54,12.760000000000009,27.259999999999955,40.94,0,0
2024-08-09,yucatan,"Valladolid, Yucatan",20.6897,-88.2022,5,9.36,29.57,25.16,22.000000000000007,32.88999999999996,48.43000000000001,1,0
2024-08-10,yucatan,"Valladolid, Yucatan",20.6897,-88.2022,5,9.15,29.32,25.58,22.500000000000007,33.55999999999995,55.67,2,0
2024-08-11,yucatan,"Valladolid, Yucatan",20.6897,-88.2022,5,16.9,29.22,24.92,35.410000000000004,48.369999999999955,70.91,3,0
2024-08-12,yucatan,"Valladolid, Yucatan",20.6897,-88.2022,5,4.95,30.08,25.0,31.000000000000004,53.119999999999955,75.64,0,0
2024-08-13,yucatan,"Valladolid, Yucatan",20.6897,-88.2022,5,16.93,29.7,25.3,38.78,69.92999999999995,92.57000000000001,1,0
2024-08-14,yucatan,"Valladolid, Yucatan",20.6897,-88.2022,5,6.84,30.4,25.32,28.720000000000006,68.11999999999995,98.94,2,0
2024-08-15,yucatan,"Valladolid, Yucatan",20.6897,-88.2022,5,5.03,30.02,24.67,28.800000000000008,69.15999999999995,96.41999999999999,3,0
2024-08-16,yucatan,"Valladolid, Yucatan",20.6897,-88.2022,5,0.94,31.4,24.7,12.810000000000008,60.73999999999995,93.63000000000001,0,0
2024-08-17,yucatan,"Valladolid, Yucatan",20.6897,-88.2022,5,1.48,31.03,25.26,7.450000000000007,53.06999999999995,86.63,0,0
2024-08-18,yucatan,"Valladolid, Yucatan",20.6897,-88.2022,5,2.66,31.29,25.09,5.080000000000007,38.829999999999956,87.2,0,0
2024-08-19,yucatan,"Valladolid, Yucatan",20.6897,-88.2022,5,0.72,30.84,24.32,4.860000000000007,34.59999999999995,87.72,0,0
2024-08-20,yucatan,"Valladolid, Yucatan",20.6897,-88.2022,5,1.73,30.97,24.45,5.110000000000007,19.399999999999952,89.33,0,0
2024-08-21,yucatan,"Valladolid, Yucatan",20.6897,-88.2022,5,16.09,29.93,25.09,18.540000000000006,28.649999999999952,96.77,1,0
2024-08-22,yucatan,"Valladolid, Yucatan",20.6897,-88.2022,5,7.6,30.37,24.3,25.42000000000001,31.21999999999995,100.38,2,0
2024-08-23,yucatan,"Valladolid, Yucatan",20.6897,-88.2022,5,10.94,29.67,24.75,34.63000000000001,41.219999999999956,101.96000000000001,3,0
2024-08-24,yucatan,"Valladolid, Yucatan",20.6897,-88.2022,5,13.9,29.45,24.67,32.440000000000005,53.63999999999995,106.71,4,0
2024-08-25,yucatan,"Valladolid, Yucatan",20.6897,-88.2022,5,3.86,29.47,24.38,28.700000000000006,54.839999999999954,93.67,0,0
2024-08-26,yucatan,"Valladolid, Yucatan",20.6897,-88.2022,5,8.44,29.66,24.62,26.200000000000006,62.55999999999995,97.16,1,0
2024-08-27,yucatan,"Valladolid, Yucatan",20.6897,-88.2022,5,6.34,29.98,25.17,18.640000000000008,67.16999999999994,86.57,2,0
2024-08-28,yucatan,"Valladolid, Yucatan",20.6897,-88.2022,5,11.72,30.04,24.77,26.500000000000007,62.799999999999955,91.44999999999999,3,0
2024-08-29,yucatan,"Valladolid, Yucatan",20.6897,-88.2022,5,14.44,29.35,25.17,32.50000000000001,69.63999999999996,100.86,4,0
2024-08-30,yucatan,"Valladolid, Yucatan",20.6897,-88.2022,5,11.87,29.91,24.76,38.03,70.56999999999995,111.78999999999999,5,0
2024-08-31,yucatan,"Valladolid, Yucatan",20.6897,-88.2022,5,8.24,29.86,25.13,34.550000000000004,64.90999999999995,118.55,6,0
2024-09-01,yucatan,"Valladolid, Yucatan",20.6897,-88.2022,5,7.64,30.02,24.59,27.750000000000007,68.68999999999996,123.52999999999999,7,0
2024-09-02,yucatan,"Valladolid, Yucatan",20.6897,-88.2022,5,20.81,28.97,25.21,36.690000000000005,81.05999999999996,143.62,8,1
2024-09-03,yucatan,"Valladolid, Yucatan",20.6897,-88.2022,5,10.81,28.85,24.75,39.260000000000005,85.52999999999996,152.7,9,0
2024-09-04,yucatan,"Valladolid, Yucatan",20.6897,-88.2022,5,4.45,29.69,25.03,36.07000000000001,78.25999999999995,141.06,0,0
2024-09-05,yucatan,"Valladolid, Yucatan",20.6897,-88.2022,5,6.55,30.49,25.48,21.81000000000001,70.36999999999996,140.01,1,0
2024-09-06,yucatan,"Valladolid, Yucatan",20.6897,-88.2022,5,9.98,29.76,24.91,20.980000000000008,68.47999999999995,139.05,2,0
2024-09-07,yucatan,"Valladolid, Yucatan",20.6897,-88.2022,5,3.31,29.74,25.42,19.840000000000007,63.549999999999955,128.46,0,0
2024-09-08,yucatan,"Valladolid, Yucatan",20.6897,-88.2022,5,6.18,30.29,26.16,19.470000000000006,62.08999999999996,130.78,1,0
2024-09-09,yucatan,"Valladolid, Yucatan",20.6897,-88.2022,5,8.64,30.5,25.99,18.13000000000001,49.91999999999996,130.98000000000002,2,0
2024-09-10,yucatan,"Valladolid, Yucatan",20.6897,-88.2022,5,3.76,30.5,26.41,18.580000000000005,42.869999999999955,128.4,0,0
2024-09-11,yucatan,"Valladolid, Yucatan",20.6897,-88.2022,5,0.22,30.99,25.98,12.620000000000008,38.63999999999996,116.9,0,0
2024-09-12,yucatan,"Valladolid, Yucatan",20.6897,-88.2022,5,0.0,31.7,25.39,3.980000000000007,32.089999999999954,102.46000000000001,0,0
2024-09-13,yucatan,"Valladolid, Yucatan",20.6897,-88.2022,5,0.0,31.77,25.07,0.2200000000000071,22.109999999999957,90.59,0,0
2024-09-14,yucatan,"Valladolid, Yucatan",20.6897,-88.2022,5,1.42,31.61,26.0,1.420000000000007,20.219999999999953,83.77000000000001,0,0
2024-09-15,yucatan,"Valladolid, Yucatan",20.6897,-88.2022,5,2.68,31.61,25.45,4.100000000000007,16.719999999999956,78.81,0,0
2024-09-16,yucatan,"Valladolid, Yucatan",20.6897,-88.2022,5,15.53,30.21,25.71,19.630000000000006,23.609999999999953,73.53,1,0
2024-09-17,yucatan,"Valladolid, Yucatan",20.6897,-88.2022,5,17.12,29.82,26.0,35.33000000000001,36.969999999999956,79.84,2,0
2024-09-18,yucatan,"Valladolid, Yucatan",20.6897,-88.2022,5,5.13,29.68,25.75,37.78000000000001,41.87999999999995,80.52,3,0
2024-09-19,yucatan,"Valladolid, Yucatan",20.6897,-88.2022,5,8.96,31.31,25.42,31.210000000000008,50.839999999999954,82.93,4,0
2024-09-20,yucatan,"Valladolid, Yucatan",20.6897,-88.2022,5,9.85,30.09,25.03,23.940000000000005,60.689999999999955,82.8,5,0
2024-09-21,yucatan,"Valladolid, Yucatan",20.6897,-88.2022,5,21.23,29.33,24.45,40.040000000000006,80.49999999999994,100.72,6,1
2024-09-22,yucatan,"Valladolid, Yucatan",20.6897,-88.2022,5,6.93,30.63,24.08,38.010000000000005,84.74999999999996,101.47,7,0
2024-09-23,yucatan,"Valladolid, Yucatan",20.6897,-88.2022,5,3.53,29.89,24.3,31.69000000000001,72.74999999999996,96.36,0,0
2024-09-24,yucatan,"Valladolid, Yucatan",20.6897,-88.2022,5,2.89,30.23,25.15,13.35000000000001,58.51999999999995,95.49,0,0
2024-09-25,yucatan,"Valladolid, Yucatan",20.6897,-88.2022,5,20.84,27.17,24.97,27.260000000000012,74.22999999999995,116.10999999999999,1,1
2024-09-26,yucatan,"Valladolid, Yucatan",20.6897,-88.2022,5,10.33,30.38,25.37,34.06000000000001,75.59999999999995,126.44,2,0
2024-09-27,yucatan,"Valladolid, Yucatan",20.6897,-88.2022,5,0.89,30.16,24.68,32.06000000000001,66.63999999999994,127.33,0,0
2024-09-28,yucatan,"Valladolid, Yucatan",20.6897,-88.2022,5,0.51,29.81,24.56,11.730000000000011,45.919999999999945,126.41999999999999,0,0
2024-09-29,yucatan,"Valladolid, Yucatan",20.6897,-88.2022,5,2.99,29.82,24.86,4.390000000000011,41.97999999999995,126.73,0,0
2024-09-30,yucatan,"Valladolid, Yucatan",20.6897,-88.2022,5,7.97,28.27,24.9,11.47000000000001,46.419999999999945,119.17,1,0
2024-10-01,yucatan,"Valladolid, Yucatan",20.6897,-88.2022,5,8.03,28.36,24.95,18.99000000000001,51.559999999999945,110.07999999999998,2,0
2024-10-02,yucatan,"Valladolid, Yucatan",20.6897,-88.2022,5,8.25,28.42,24.8,24.250000000000007,38.96999999999995,113.19999999999999,3,0
2024-10-03,yucatan,"Valladolid, Yucatan",20.6897,-88.2022,5,3.39,29.72,24.61,19.67000000000001,32.02999999999995,107.62999999999998,0,0
2024-10-04,yucatan,"Valladolid, Yucatan",20.6897,-88.2022,5,14.06,29.32,24.97,25.70000000000001,45.19999999999995,111.83999999999999,1,0
2024-10-05,yucatan,"Valladolid, Yucatan",20.6897,-88.2022,5,37.32,28.47,25.28,54.77000000000001,82.00999999999996,127.92999999999999,2,1
2024-10-06,yucatan,"Valladolid, Yucatan",20.6897,-88.2022,5,18.85,29.73,24.73,70.23000000000002,97.86999999999995,139.85,3,0
2024-10-07,yucatan,"Valladolid, Yucatan",20.6897,-88.2022,5,12.69,29.74,24.6,68.86000000000001,102.58999999999995,149.01,4,0
2024-10-08,yucatan,"Valladolid, Yucatan",20.6897,-88.2022,5,9.46,28.55,25.0,41.00000000000001,104.01999999999995,155.58,5,0
2024-10-09,yucatan,"Valladolid, Yucatan",20.6897,-88.2022,5,0.9,28.73,23.49,23.050000000000008,96.66999999999994,135.64000000000001,0,0
2024-10-10,yucatan,"Valladolid, Yucatan",20.6897,-88.2022,5,1.6,29.09,22.39,11.960000000000008,94.87999999999997,126.91,0,0
2024-10-11,yucatan,"Valladolid, Yucatan",20.6897,-88.2022,5,0.05,28.51,21.98,2.550000000000007,80.86999999999996,126.07,0,0
2024-10-12,yucatan,"Valladolid, Yucatan",20.6897,-88.2022,5,0.02,29.13,21.38,1.6700000000000073,43.56999999999995,125.58000000000001,0,0
2024-10-13,yucatan,"Valladolid, Yucatan",20.6897,-88.2022,5,1.44,28.67,22.87,1.5100000000000071,26.15999999999995,124.03,0,0
2024-10-14,yucatan,"Valladolid, Yucatan",20.6897,-88.2022,5,8.29,29.61,23.38,9.750000000000007,21.75999999999995,124.35,1,0
2024-10-15,yucatan,"Valladolid, Yucatan",20.6897,-88.2022,5,6.52,29.55,24.25,16.250000000000007,18.81999999999995,122.84,2,0
2024-10-16,yucatan,"Valladolid, Yucatan",20.6897,-88.2022,5,22.19,27.84,23.47,37.00000000000001,40.10999999999995,136.78,3,1
2024-10-17,yucatan,"Valladolid, Yucatan",20.6897,-88.2022,5,7.39,28.43,22.91,36.10000000000001,45.89999999999995,140.78,4,0
2024-10-18,yucatan,"Valladolid, Yucatan",20.6897,-88.2022,5,18.54,28.57,23.17,48.120000000000005,64.38999999999996,145.26000000000002,5,0
2024-10-19,yucatan,"Valladolid, Yucatan",20.6897,-88.2022,5,26.04,26.72,24.29,51.970000000000006,90.40999999999995,133.98,6,1
2024-10-20,yucatan,"Valladolid, Yucatan",20.6897,-88.2022,5,7.23,28.47,24.36,51.81,96.19999999999995,122.36000000000001,7,0
2024-10-21,yucatan,"Valladolid, Yucatan",20.6897,-88.2022,5,0.53,29.2,23.73,33.800000000000004,88.43999999999996,110.19999999999999,0,0
2024-10-22,yucatan,"Valladolid, Yucatan",20.6897,-88.2022,5,0.32,29.2,22.72,8.080000000000007,82.23999999999995,101.06,0,0
2024-10-23,yucatan,"Valladolid, Yucatan",20.6897,-88.2022,5,0.64,29.11,21.61,1.490000000000007,60.68999999999995,100.8,0,0
2024-10-24,yucatan,"Valladolid, Yucatan",20.6897,-88.2022,5,0.13,28.25,21.52,1.090000000000007,53.42999999999995,99.33,0,0
2024-10-25,yucatan,"Valladolid, Yucatan",20.6897,-88.2022,5,1.56,29.4,21.09,2.330000000000007,36.44999999999995,100.84,0,0
2024-10-26,yucatan,"Valladolid, Yucatan",20.6897,-88.2022,5,19.9,27.77,24.11,21.590000000000007,30.30999999999995,120.72,1,0
2024-10-27,yucatan,"Valladolid, Yucatan",20.6897,-88.2022,5,2.22,27.84,23.42,23.680000000000007,25.299999999999947,121.5,0,0
2024-10-28,yucatan,"Valladolid, Yucatan",20.6897,-88.2022,5,1.38,28.6,22.92,23.500000000000007,26.14999999999995,114.59,0,0
2024-10-29,yucatan,"Valladolid, Yucatan",20.6897,-88.2022,5,18.26,28.58,22.82,21.86000000000001,44.08999999999995,126.33,1,0
2024-10-30,yucatan,"Valladolid, Yucatan",20.6897,-88.2022,5,10.27,28.34,23.76,29.91000000000001,53.71999999999995,114.41,2,0
2024-10-31,yucatan,"Valladolid, Yucatan",20.6897,-88.2022,5,5.72,27.7,24.37,34.25000000000001,59.30999999999995,112.74,3,0
2024-11-01,yucatan,"Valladolid, Yucatan",20.6897,-88.2022,5,1.12,29.0,22.41,17.110000000000007,58.86999999999995,95.32000000000001,0,0
2024-11-02,yucatan,"Valladolid, Yucatan",20.6897,-88.2022,5,4.57,29.28,21.29,11.410000000000007,43.53999999999995,73.85,0,0
2024-11-03,yucatan,"Valladolid, Yucatan",20.6897,-88.2022,5,0.29,29.17,22.57,5.9800000000000075,41.60999999999996,66.91000000000001,0,0
2024-11-04,yucatan,"Valladolid, Yucatan",20.6897,-88.2022,5,1.79,29.71,22.3,6.6500000000000075,42.01999999999995,68.17,0,0
2024-11-05,yucatan,"Valladolid, Yucatan",20.6897,-88.2022,5,0.1,29.78,22.49,2.1800000000000073,23.85999999999995,67.95,0,0
2024-11-06,yucatan,"Valladolid, Yucatan",20.6897,-88.2022,5,0.11,29.11,22.28,2.000000000000007,13.699999999999951,67.42,0,0
2024-11-07,yucatan,"Valladolid, Yucatan",20.6897,-88.2022,5,0.43,30.08,23.06,0.6400000000000071,8.40999999999995,67.72,0,0
2024-11-08,yucatan,"Valladolid, Yucatan",20.6897,-88.2022,5,1.56,28.67,24.07,2.100000000000007,8.849999999999952,67.72,0,0
2024-11-09,yucatan,"Valladolid, Yucatan",20.6897,-88.2022,5,3.43,29.97,23.59,5.420000000000007,7.709999999999951,51.25,0,0
2024-11-10,yucatan,"Valladolid, Yucatan",20.6897,-88.2022,5,1.03,29.92,23.87,6.020000000000008,8.449999999999951,50.06,0,0
2024-11-11,yucatan,"Valladolid, Yucatan",20.6897,-88.2022,5,0.63,29.91,24.03,5.090000000000007,7.28999999999995,49.31,0,0
2024-11-12,yucatan,"Valladolid, Yucatan",20.6897,-88.2022,5,3.59,29.31,22.68,5.250000000000007,10.779999999999951,34.64,0,0
2024-11-13,yucatan,"Valladolid, Yucatan",20.6897,-88.2022,5,1.72,29.79,23.51,5.9400000000000075,12.389999999999949,26.09,0,0
2024-11-14,yucatan,"Valladolid, Yucatan",20.6897,-88.2022,5,17.43,28.22,24.16,22.74000000000001,29.38999999999995,37.8,1,0
2024-11-15,yucatan,"Valladolid, Yucatan",20.6897,-88.2022,5,2.55,28.94,23.43,21.70000000000001,30.379999999999953,39.23,0,0
2024-11-16,yucatan,"Valladolid, Yucatan",20.6897,-88.2022,5,2.26,29.28,23.55,22.24000000000001,29.20999999999995,36.919999999999995,0,0
2024-11-17,yucatan,"Valladolid, Yucatan",20.6897,-88.2022,5,23.08,28.84,23.6,27.890000000000008,51.25999999999995,59.709999999999994,1,1
2024-11-18,yucatan,"Valladolid, Yucatan",20.6897,-88.2022,5,4.4,29.78,24.78,29.74000000000001,55.029999999999944,62.31999999999999,0,0
2024-11-19,yucatan,"Valladolid, Yucatan",20.6897,-88.2022,5,2.72,30.5,25.63,30.20000000000001,54.15999999999995,64.94,0,0
2024-11-20,yucatan,"Valladolid, Yucatan",20.6897,-88.2022,5,2.1,27.97,22.49,9.220000000000011,54.53999999999995,66.92999999999999,0,0
2024-11-21,yucatan,"Valladolid, Yucatan",20.6897,-88.2022,5,0.11,26.3,20.06,4.930000000000011,37.21999999999994,66.61,0,0
2024-11-22,yucatan,"Valladolid, Yucatan",20.6897,-88.2022,5,0.01,24.15,16.98,2.220000000000011,34.67999999999995,65.06,0,0
2024-11-23,yucatan,"Valladolid, Yucatan",20.6897,-88.2022,5,0.0,24.85,15.75,0.12000000000001065,32.41999999999995,61.63,0,0
2024-11-24,yucatan,"Valladolid, Yucatan",20.6897,-88.2022,5,0.0,26.08,17.17,0.010000000000010658,9.33999999999995,60.6,0,0
2024-11-25,yucatan,"Valladolid, Yucatan",20.6897,-88.2022,5,0.0,25.73,16.29,0.0,4.939999999999951,59.97,0,0
2024-11-26,yucatan,"Valladolid, Yucatan",20.6897,-88.2022,5,0.0,27.38,17.96,0.0,2.2199999999999505,56.38,0,0
2024-11-27,yucatan,"Valladolid, Yucatan",20.6897,-88.2022,5,0.01,28.07,18.9,0.010000000000010658,0.12999999999995027,54.669999999999995,0,0
2024-11-28,yucatan,"Valladolid, Yucatan",20.6897,-88.2022,5,0.0,28.13,20.09,0.010000000000010658,0.019999999999950262,37.239999999999995,0,0
2024-11-29,yucatan,"Valladolid, Yucatan",20.6897,-88.2022,5,0.0,27.49,19.41,0.010000000000010658,0.009999999999950262,34.69,0,0
2024-11-30,yucatan,"Valladolid, Yucatan",20.6897,-88.2022,5,0.09,27.79,19.3,0.09000000000001065,0.09999999999995025,32.519999999999996,0,0
2024-12-01,yucatan,"Valladolid, Yucatan",20.6897,-88.2022,5,0.05,27.3,20.59,0.14000000000001067,0.14999999999995026,9.49,0,0
2024-12-02,yucatan,"Valladolid, Yucatan",20.6897,-88.2022,5,0.0,25.7,19.12,0.14000000000001067,0.14999999999995026,5.09,0,0
2024-12-03,yucatan,"Valladolid, Yucatan",20.6897,-88.2022,5,0.0,24.89,17.78,0.05000000000001066,0.14999999999995026,2.37,0,0
2024-12-04,yucatan,"Valladolid, Yucatan",20.6897,-88.2022,5,0.0,24.47,16.08,0.0,0.13999999999995025,0.27,0,0
2024-12-05,yucatan,"Valladolid, Yucatan",20.6897,-88.2022,5,0.0,24.68,14.8,0.0,0.13999999999995025,0.16000000000000003,0,0
2024-12-06,yucatan,"Valladolid, Yucatan",20.6897,-88.2022,5,0.0,25.99,17.26,0.0,0.13999999999995025,0.15000000000000002,0,0
2024-12-07,yucatan,"Valladolid, Yucatan",20.6897,-88.2022,5,0.0,26.69,18.25,0.0,0.049999999999950265,0.15000000000000002,0,0
2024-12-08,yucatan,"Valladolid, Yucatan",20.6897,-88.2022,5,0.0,26.79,18.91,0.0,0.0,0.15000000000000002,0,0
2024-12-09,yucatan,"Valladolid, Yucatan",20.6897,-88.2022,5,0.0,26.7,18.47,0.0,0.0,0.15000000000000002,0,0
2024-12-10,yucatan,"Valladolid, Yucatan",20.6897,-88.2022,5,0.07,28.71,20.39,0.07000000000001066,0.06999999999995027,0.22000000000000003,0,0
2024-12-11,yucatan,"Valladolid, Yucatan",20.6897,-88.2022,5,4.41,27.67,20.94,4.480000000000011,4.479999999999951,4.62,0,0
2024-12-12,yucatan,"Valladolid, Yucatan",20.6897,-88.2022,5,0.32,25.12,18.72,4.800000000000011,4.799999999999951,4.94,0,0
2024-12-13,yucatan,"Valladolid, Yucatan",20.6897,-88.2022,5,0.11,27.51,16.56,4.8400000000000105,4.90999999999995,5.05,0,0
2024-12-14,yucatan,"Valladolid, Yucatan",20.6897,-88.2022,5,3.14,27.06,21.03,3.570000000000011,8.049999999999951,8.100000000000001,0,0
2024-12-15,yucatan,"Valladolid, Yucatan",20.6897,-88.2022,5,0.56,27.27,20.29,3.810000000000011,8.609999999999951,8.61,0,0
2024-12-16,yucatan,"Valladolid, Yucatan",20.6897,-88.2022,5,0.85,27.93,20.29,4.5500000000000105,9.459999999999951,9.459999999999999,0,0
2024-12-17,yucatan,"Valladolid, Yucatan",20.6897,-88.2022,5,0.68,29.02,20.96,2.0900000000000105,10.06999999999995,10.14,0,0
2024-12-18,yucatan,"Valladolid, Yucatan",20.6897,-88.2022,5,7.98,29.28,20.52,9.51000000000001,13.63999999999995,18.12,1,0
2024-12-19,yucatan,"Valladolid, Yucatan",20.6897,-88.2022,5,1.86,28.55,21.58,10.52000000000001,15.17999999999995,19.98,0,0
2024-12-20,yucatan,"Valladolid, Yucatan",20.6897,-88.2022,5,0.2,28.03,20.28,10.040000000000012,15.269999999999952,20.18,0,0
2024-12-21,yucatan,"Valladolid, Yucatan",20.6897,-88.2022,5,0.01,26.66,18.62,2.07000000000001,12.13999999999995,20.19,0,0
2024-12-22,yucatan,"Valladolid, Yucatan",20.6897,-88.2022,5,0.0,25.82,16.37,0.2100000000000098,11.57999999999995,20.19,0,0
2024-12-23,yucatan,"Valladolid, Yucatan",20.6897,-88.2022,5,0.01,26.84,16.65,0.02000000000000977,10.73999999999995,20.2,0,0
2024-12-24,yucatan,"Valladolid, Yucatan",20.6897,-88.2022,5,0.02,28.11,16.26,0.03000000000000977,10.07999999999995,20.15,0,0
2024-12-25,yucatan,"Valladolid, Yucatan",20.6897,-88.2022,5,0.0,29.22,19.54,0.030000000000009772,2.0999999999999504,15.74,0,0
2024-12-26,yucatan,"Valladolid, Yucatan",20.6897,-88.2022,5,6.36,27.42,21.55,6.38000000000001,6.599999999999951,21.78,1,0
2024-12-27,yucatan,"Valladolid, Yucatan",20.6897,-88.2022,5,1.3,29.57,21.88,7.66000000000001,7.69999999999995,22.970000000000002,0,0
2024-12-28,yucatan,"Valladolid, Yucatan",20.6897,-88.2022,5,0.02,30.69,21.3,7.68000000000001,7.709999999999951,19.85,0,0
2024-12-29,yucatan,"Valladolid, Yucatan",20.6897,-88.2022,5,0.41,31.62,22.07,1.7300000000000098,8.119999999999951,19.7,0,0
2024-12-30,yucatan,"Valladolid, Yucatan",20.6897,-88.2022,5,0.06,31.21,21.68,0.49000000000000976,8.169999999999952,18.910000000000004,0,0
2024-12-31,yucatan,"Valladolid, Yucatan",20.6897,-88.2022,5,0.51,30.61,21.38,0.9800000000000098,8.659999999999952,18.740000000000002,0,0
2025-01-01,yucatan,"Valladolid, Yucatan",20.6897,-88.2022,5,0.29,29.08,22.11,0.8600000000000099,8.949999999999951,11.050000000000002,0,0
2025-01-02,yucatan,"Valladolid, Yucatan",20.6897,-88.2022,5,0.23,27.8,21.76,1.0300000000000098,2.81999999999995,9.42,0,0
2025-01-03,yucatan,"Valladolid, Yucatan",20.6897,-88.2022,5,0.0,29.38,19.85,0.5200000000000098,1.5199999999999503,9.22,0,0
2025-01-04,yucatan,"Valladolid, Yucatan",20.6897,-88.2022,5,0.01,27.56,17.95,0.2400000000000098,1.5099999999999503,9.22,0,0
2025-01-05,yucatan,"Valladolid, Yucatan",20.6897,-88.2022,5,0.02,28.94,17.45,0.03000000000000977,1.1199999999999504,9.240000000000002,0,0
2025-01-06,yucatan,"Valladolid, Yucatan",20.6897,-88.2022,5,2.24,31.14,20.21,2.27000000000001,3.2999999999999505,11.47,0,0
2025-01-07,yucatan,"Valladolid, Yucatan",20.6897,-88.2022,5,0.11,28.9,20.3,2.37000000000001,2.89999999999995,11.56,0,0
2025-01-08,yucatan,"Valladolid, Yucatan",20.6897,-88.2022,5,0.03,28.29,18.17,2.38000000000001,2.639999999999951,11.59,0,0
2025-01-09,yucatan,"Valladolid, Yucatan",20.6897,-88.2022,5,0.01,27.63,17.76,0.15000000000000976,2.4199999999999506,5.24,0,0
2025-01-10,yucatan,"Valladolid, Yucatan",20.6897,-88.2022,5,0.0,30.26,16.25,0.04000000000000977,2.4199999999999506,3.9400000000000004,0,0
2025-01-11,yucatan,"Valladolid, Yucatan",20.6897,-88.2022,5,0.09,31.47,18.76,0.10000000000000978,2.4999999999999503,4.010000000000001,0,0
2025-01-12,yucatan,"Valladolid, Yucatan",20.6897,-88.2022,5,0.0,31.66,19.98,0.09000000000000978,2.4799999999999507,3.6000000000000005,0,0
2025-01-13,yucatan,"Valladolid, Yucatan",20.6897,-88.2022,5,3.73,32.21,21.41,3.8200000000000096,3.96999999999995,7.27,0,0
2025-01-14,yucatan,"Valladolid, Yucatan",20.6897,-88.2022,5,0.56,32.98,22.82,4.29000000000001,4.41999999999995,7.32,0,0
2025-01-15,yucatan,"Valladolid, Yucatan",20.6897,-88.2022,5,0.61,32.36,21.19,4.90000000000001,4.99999999999995,7.640000000000001,0,0
2025-01-16,yucatan,"Valladolid, Yucatan",20.6897,-88.2022,5,1.59,32.74,22.32,2.76000000000001,6.57999999999995,9.0,0,0
2025-01-17,yucatan,"Valladolid, Yucatan",20.6897,-88.2022,5,0.21,32.54,20.1,2.41000000000001,6.78999999999995,9.21,0,0
2025-01-18,yucatan,"Valladolid, Yucatan",20.6897,-88.2022,5,0.0,32.55,20.45,1.80000000000001,6.69999999999995,9.200000000000001,0,0
2025-01-19,yucatan,"Valladolid, Yucatan",20.6897,-88.2022,5,1.22,33.94,21.58,1.4300000000000097,7.91999999999995,10.4,0,0
2025-01-20,yucatan,"Valladolid, Yucatan",20.6897,-88.2022,5,8.15,27.75,20.48,9.37000000000001,12.33999999999995,16.310000000000002,1,0
2025-01-21,yucatan,"Valladolid, Yucatan",20.6897,-88.2022,5,16.59,30.21,20.57,25.960000000000008,28.369999999999948,32.79,2,0
2025-01-22,yucatan,"Valladolid, Yucatan",20.6897,-88.2022,5,2.42,25.55,18.59,27.16000000000001,30.17999999999995,35.18,0,0
2025-01-23,yucatan,"Valladolid, Yucatan",20.6897,-88.2022,5,0.72,27.12,17.55,19.73000000000001,29.309999999999953,35.89,0,0
2025-01-24,yucatan,"Valladolid, Yucatan",20.6897,-88.2022,5,0.07,26.36,17.87,3.2100000000000106,29.169999999999952,35.96,0,0
2025-01-25,yucatan,"Valladolid, Yucatan",20.6897,-88.2022,5,0.0,27.14,16.96,0.7900000000000107,29.169999999999952,35.87,0,0
2025-01-26,yucatan,"Valladolid, Yucatan",20.6897,-88.2022,5,0.04,29.44,14.88,0.11000000000001067,27.989999999999952,35.91,0,0
2025-01-27,yucatan,"Valladolid, Yucatan",20.6897,-88.2022,5,0.04,32.13,20.53,0.08000000000001066,19.879999999999953,32.22,0,0
2025-01-28,yucatan,"Valladolid, Yucatan",20.6897,-88.2022,5,0.0,32.29,20.42,0.08000000000001066,3.2899999999999503,31.659999999999997,0,0
2025-01-29,yucatan,"Valladolid, Yucatan",20.6897,-88.2022,5,0.01,31.67,20.2,0.05000000000001066,0.8799999999999503,31.06,0,0
2025-01-30,yucatan,"Valladolid, Yucatan",20.6897,-88.2022,5,0.16,31.57,21.95,0.17000000000001067,0.31999999999995027,29.63,0,0
2025-01-31,yucatan,"Valladolid, Yucatan",20.6897,-88.2022,5,0.16,33.08,23.15,0.3300000000000107,0.4099999999999503,29.58,0,0
2025-02-01,yucatan,"Valladolid, Yucatan",20.6897,-88.2022,5,0.0,33.83,22.33,0.32000000000001066,0.4099999999999503,29.58,0,0
2025-02-02,yucatan,"Valladolid, Yucatan",20.6897,-88.2022,5,0.01,32.07,20.89,0.17000000000001067,0.37999999999995027,28.369999999999997,0,0
2025-02-03,yucatan,"Valladolid, Yucatan",20.6897,-88.2022,5,0.34,32.63,22.07,0.3500000000000107,0.6799999999999502,20.56,0,0
2025-02-04,yucatan,"Valladolid, Yucatan",20.6897,-88.2022,5,0.27,32.48,21.18,0.6200000000000108,0.9499999999999502,4.239999999999997,0,0
2025-02-05,yucatan,"Valladolid, Yucatan",20.6897,-88.2022,5,0.0,32.73,21.57,0.6100000000000108,0.9399999999999502,1.8199999999999965,0,0
2025-02-06,yucatan,"Valladolid, Yucatan",20.6897,-88.2022,5,0.0,33.46,21.22,0.2700000000000107,0.7799999999999503,1.0999999999999965,0,0
2025-02-07,yucatan,"Valladolid, Yucatan",20.6897,-88.2022,5,0.0,32.29,19.83,0.0,0.6199999999999504,1.0299999999999965,0,0
2025-02-08,yucatan,"Valladolid, Yucatan",20.6897,-88.2022,5,0.0,30.66,19.48,0.0,0.6199999999999504,1.0299999999999965,0,0
2025-02-09,yucatan,"Valladolid, Yucatan",20.6897,-88.2022,5,0.0,33.5,20.59,0.0,0.6099999999999504,0.9899999999999964,0,0
2025-02-10,yucatan,"Valladolid, Yucatan",20.6897,-88.2022,5,0.0,33.13,21.58,0.0,0.2699999999999503,0.9499999999999964,0,0
2025-02-11,yucatan,"Valladolid, Yucatan",20.6897,-88.2022,5,0.0,33.08,20.92,0.0,0.0,0.9499999999999964,0,0
2025-02-12,yucatan,"Valladolid, Yucatan",20.6897,-88.2022,5,0.0,33.67,22.35,0.0,0.0,0.9399999999999964,0,0
2025-02-13,yucatan,"Valladolid, Yucatan",20.6897,-88.2022,5,0.01,34.14,23.49,0.010000000000010658,0.009999999999950262,0.7899999999999965,0,0
2025-02-14,yucatan,"Valladolid, Yucatan",20.6897,-88.2022,5,0.53,34.12,21.87,0.5400000000000107,0.5399999999999503,1.1599999999999966,0,0
2025-02-15,yucatan,"Valladolid, Yucatan",20.6897,-88.2022,5,0.53,33.29,22.25,1.0700000000000107,1.0699999999999503,1.6899999999999964,0,0
2025-02-16,yucatan,"Valladolid, Yucatan",20.6897,-88.2022,5,7.69,34.19,22.78,8.75000000000001,8.75999999999995,9.369999999999997,1,0
2025-02-17,yucatan,"Valladolid, Yucatan",20.6897,-88.2022,5,10.74,32.68,22.18,18.960000000000015,19.49999999999995,19.769999999999996,2,0
2025-02-18,yucatan,"Valladolid, Yucatan",20.6897,-88.2022,5,0.0,32.82,21.61,18.430000000000014,19.49999999999995,19.499999999999996,0,0
2025-02-19,yucatan,"Valladolid, Yucatan",20.6897,-88.2022,5,18.62,33.89,21.82,29.360000000000014,38.119999999999955,38.12,1,0
2025-02-20,yucatan,"Valladolid, Yucatan",20.6897,-88.2022,5,26.06,26.06,22.56,44.68000000000001,64.16999999999996,64.17999999999999,2,1
2025-02-21,yucatan,"Valladolid, Yucatan",20.6897,-88.2022,5,5.55,28.01,20.98,50.23000000000001,69.18999999999996,69.72999999999999,3,0
2025-02-22,yucatan,"Valladolid, Yucatan",20.6897,-88.2022,5,1.35,29.79,20.0,32.960000000000015,70.00999999999995,71.08,0,0
2025-02-23,yucatan,"Valladolid, Yucatan",20.6897,-88.2022,5,0.66,31.73,20.08,7.560000000000014,62.979999999999954,71.74,0,0
2025-02-24,yucatan,"Valladolid, Yucatan",20.6897,-88.2022,5,2.4,29.54,21.19,4.410000000000014,54.63999999999995,74.14,0,0
2025-02-25,yucatan,"Valladolid, Yucatan",20.6897,-88.2022,5,0.03,28.68,17.25,3.090000000000014,54.66999999999995,74.17,0,0
2025-02-26,yucatan,"Valladolid, Yucatan",20.6897,-88.2022,5,0.0,30.65,16.2,2.430000000000014,36.049999999999955,74.17,0,0
2025-02-27,yucatan,"Valladolid, Yucatan",20.6897,-88.2022,5,0.0,31.99,16.85,0.03000000000001421,9.989999999999954,74.16,0,0
2025-02-28,yucatan,"Valladolid, Yucatan",20.6897,-88.2022,5,0.0,31.77,20.49,0.0,4.439999999999954,73.63,0,0
2025-03-01,yucatan,"Valladolid, Yucatan",20.6897,-88.2022,5,0.0,32.56,18.56,0.0,3.0899999999999537,73.1,0,0
2025-03-02,yucatan,"Valladolid, Yucatan",20.6897,-88.2022,5,0.0,33.2,19.88,0.0,2.4299999999999535,65.41,0,0
2025-03-03,yucatan,"Valladolid, Yucatan",20.6897,-88.2022,5,0.0,33.49,19.82,0.0,0.029999999999953814,54.669999999999995,0,0
2025-03-04,yucatan,"Valladolid, Yucatan",20.6897,-88.2022,5,0.0,32.9,20.63,0.0,0.0,54.669999999999995,0,0
2025-03-05,yucatan,"Valladolid, Yucatan",20.6897,-88.2022,5,0.11,35.44,21.58,0.11000000000001421,0.10999999999995382,36.16,0,0
2025-03-06,yucatan,"Valladolid, Yucatan",20.6897,-88.2022,5,0.08,33.41,21.96,0.1900000000000142,0.18999999999995382,10.179999999999996,0,0
2025-03-07,yucatan,"Valladolid, Yucatan",20.6897,-88.2022,5,0.0,34.5,19.96,0.1900000000000142,0.18999999999995382,4.629999999999996,0,0
2025-03-08,yucatan,"Valladolid, Yucatan",20.6897,-88.2022,5,0.0,35.0,21.71,0.08000000000001421,0.18999999999995382,3.2799999999999967,0,0
2025-03-09,yucatan,"Valladolid, Yucatan",20.6897,-88.2022,5,0.32,36.07,23.01,0.3200000000000142,0.5099999999999538,2.9399999999999964,0,0
2025-03-10,yucatan,"Valladolid, Yucatan",20.6897,-88.2022,5,1.17,32.49,20.84,1.4900000000000142,1.6799999999999538,1.7099999999999964,0,0
2025-03-11,yucatan,"Valladolid, Yucatan",20.6897,-88.2022,5,0.01,32.91,18.37,1.5000000000000142,1.6899999999999538,1.6899999999999964,0,0
2025-03-12,yucatan,"Valladolid, Yucatan",20.6897,-88.2022,5,0.0,34.73,18.48,1.1800000000000141,1.5799999999999537,1.6899999999999964,0,0
2025-03-13,yucatan,"Valladolid, Yucatan",20.6897,-88.2022,5,0.0,36.14,22.55,0.010000000000014211,1.4999999999999538,1.6899999999999964,0,0
2025-03-14,yucatan,"Valladolid, Yucatan",20.6897,-88.2022,5,0.0,35.37,23.75,0.0,1.4999999999999538,1.6899999999999964,0,0
2025-03-15,yucatan,"Valladolid, Yucatan",20.6897,-88.2022,5,0.0,34.96,23.77,0.0,1.4999999999999538,1.6899999999999964,0,0
2025-03-16,yucatan,"Valladolid, Yucatan",20.6897,-88.2022,5,4.3,37.26,23.79,4.300000000000014,5.479999999999953,5.989999999999997,0,0
2025-03-17,yucatan,"Valladolid, Yucatan",20.6897,-88.2022,5,0.02,31.89,19.53,4.320000000000014,4.329999999999953,6.009999999999995,0,0
2025-03-18,yucatan,"Valladolid, Yucatan",20.6897,-88.2022,5,0.0,32.65,16.34,4.320000000000014,4.319999999999953,6.009999999999995,0,0
2025-03-19,yucatan,"Valladolid, Yucatan",20.6897,-88.2022,5,0.0,34.02,17.59,0.02000000000001421,4.319999999999953,5.899999999999995,0,0
2025-03-20,yucatan,"Valladolid, Yucatan",20.6897,-88.2022,5,0.0,34.8,19.3,0.0,4.319999999999953,5.819999999999995,0,0
2025-03-21,yucatan,"Valladolid, Yucatan",20.6897,-88.2022,5,0.0,33.88,20.89,0.0,4.319999999999953,5.819999999999995,0,0
2025-03-22,yucatan,"Valladolid, Yucatan",20.6897,-88.2022,5,0.0,34.0,21.3,0.0,4.319999999999953,5.819999999999995,0,0
2025-03-23,yucatan,"Valladolid, Yucatan",20.6897,-88.2022,5,0.15,35.13,21.57,0.1500000000000142,0.1699999999999538,5.649999999999996,0,0
2025-03-24,yucatan,"Valladolid, Yucatan",20.6897,-88.2022,5,0.66,34.95,22.49,0.8100000000000143,0.8099999999999539,5.139999999999996,0,0
2025-03-25,yucatan,"Valladolid, Yucatan",20.6897,-88.2022,5,5.21,34.82,22.14,6.020000000000014,6.019999999999953,10.339999999999996,1,0
2025-03-26,yucatan,"Valladolid, Yucatan",20.6897,-88.2022,5,1.54,35.69,21.59,7.410000000000014,7.559999999999954,11.879999999999995,0,0
2025-03-27,yucatan,"Valladolid, Yucatan",20.6897,-88.2022,5,0.26,34.93,21.54,7.010000000000014,7.819999999999954,12.139999999999997,0,0
2025-03-28,yucatan,"Valladolid, Yucatan",20.6897,-88.2022,5,0.0,34.51,22.04,1.8000000000000151,7.819999999999954,12.139999999999997,0,0
2025-03-29,yucatan,"Valladolid, Yucatan",20.6897,-88.2022,5,0.0,35.71,24.32,0.2600000000000151,7.819999999999954,12.139999999999997,0,0
2025-03-30,yucatan,"Valladolid, Yucatan",20.6897,-88.2022,5,0.0,36.46,24.55,0.0,7.669999999999954,7.839999999999996,0,0
2025-03-31,yucatan,"Valladolid, Yucatan",20.6897,-88.2022,5,0.0,35.99,24.27,0.0,7.009999999999954,7.819999999999997,0,0
2025-04-01,yucatan,"Valladolid, Yucatan",20.6897,-88.2022,5,0.0,36.38,24.2,0.0,1.7999999999999547,7.819999999999997,0,0
2025-04-02,yucatan,"Valladolid, Yucatan",20.6897,-88.2022,5,0.0,35.35,26.11,0.0,0.2599999999999547,7.819999999999997,0,0
2025-04-03,yucatan,"Valladolid, Yucatan",20.6897,-88.2022,5,0.01,34.93,25.81,0.0100000000000151,0.009999999999954703,7.8299999999999965,0,0
2025-04-04,yucatan,"Valladolid, Yucatan",20.6897,-88.2022,5,0.01,35.07,26.7,0.0200000000000151,0.019999999999954703,7.839999999999997,0,0
2025-04-05,yucatan,"Valladolid, Yucatan",20.6897,-88.2022,5,0.0,34.79,26.32,0.0200000000000151,0.019999999999954703,7.839999999999997,0,0
2025-04-06,yucatan,"Valladolid, Yucatan",20.6897,-88.2022,5,0.0,36.01,25.52,0.0100000000000151,0.019999999999954703,7.689999999999997,0,0
2025-04-07,yucatan,"Valladolid, Yucatan",20.6897,-88.2022,5,18.75,36.28,23.14,18.750000000000014,18.769999999999953,25.779999999999998,1,0
2025-04-08,yucatan,"Valladolid, Yucatan",20.6897,-88.2022,5,2.78,30.58,20.89,21.530000000000015,21.549999999999955,23.349999999999998,0,0
2025-04-09,yucatan,"Valladolid, Yucatan",20.6897,-88.2022,5,0.0,31.66,18.17,21.530000000000015,21.549999999999955,21.81,0,0
2025-04-10,yucatan,"Valladolid, Yucatan",20.6897,-88.2022,5,0.0,33.18,15.4,2.780000000000014,21.539999999999953,21.549999999999997,0,0
2025-04-11,yucatan,"Valladolid, Yucatan",20.6897,-88.2022,5,0.0,32.96,16.99,0.0,21.529999999999955,21.549999999999997,0,0
2025-04-12,yucatan,"Valladolid, Yucatan",20.6897,-88.2022,5,0.0,33.51,17.03,0.0,21.529999999999955,21.549999999999997,0,0
2025-04-13,yucatan,"Valladolid, Yucatan",20.6897,-88.2022,5,0.0,33.93,18.03,0.0,21.529999999999955,21.549999999999997,0,0
2025-04-14,yucatan,"Valladolid, Yucatan",20.6897,-88.2022,5,0.0,34.37,17.81,0.0,2.7799999999999536,21.549999999999997,0,0
2025-04-15,yucatan,"Valladolid, Yucatan",20.6897,-88.2022,5,0.89,35.56,18.81,0.8900000000000142,0.8899999999999538,22.439999999999994,0,0
2025-04-16,yucatan,"Valladolid, Yucatan",20.6897,-88.2022,5,3.49,35.12,20.33,4.380000000000014,4.379999999999954,25.929999999999996,0,0
2025-04-17,yucatan,"Valladolid, Yucatan",20.6897,-88.2022,5,0.0,35.92,18.5,4.380000000000015,4.379999999999955,25.919999999999998,0,0
2025-04-18,yucatan,"Valladolid, Yucatan",20.6897,-88.2022,5,0.0,35.35,20.77,3.4900000000000144,4.379999999999955,25.909999999999997,0,0
2025-04-19,yucatan,"Valladolid, Yucatan",20.6897,-88.2022,5,0.0,34.43,22.59,0.0,4.379999999999955,25.909999999999997,0,0
2025-04-20,yucatan,"Valladolid, Yucatan",20.6897,-88.2022,5,0.0,34.8,22.84,0.0,4.379999999999955,25.909999999999997,0,0
2025-04-21,yucatan,"Valladolid, Yucatan",20.6897,-88.2022,5,0.0,35.56,23.88,0.0,4.379999999999955,7.159999999999997,0,0
2025-04-22,yucatan,"Valladolid, Yucatan",20.6897,-88.2022,5,0.0,35.53,22.79,0.0,3.489999999999954,4.379999999999997,0,0
2025-04-23,yucatan,"Valladolid, Yucatan",20.6897,-88.2022,5,0.0,35.94,22.85,0.0,0.0,4.379999999999997,0,0
2025-04-24,yucatan,"Valladolid, Yucatan",20.6897,-88.2022,5,0.0,35.62,24.09,0.0,0.0,4.379999999999997,0,0
2025-04-25,yucatan,"Valladolid, Yucatan",20.6897,-88.2022,5,0.0,35.82,22.25,0.0,0.0,4.379999999999997,0,0
2025-04-26,yucatan,"Valladolid, Yucatan",20.6897,-88.2022,5,3.54,35.88,20.64,3.5400000000000142,3.539999999999954,7.919999999999997,0,0
2025-04-27,yucatan,"Valladolid, Yucatan",20.6897,-88.2022,5,2.59,36.05,22.42,6.130000000000014,6.129999999999954,10.509999999999996,0,0
2025-04-28,yucatan,"Valladolid, Yucatan",20.6897,-88.2022,5,0.37,36.98,22.57,6.500000000000014,6.499999999999954,10.879999999999995,0,0
2025-04-29,yucatan,"Valladolid, Yucatan",20.6897,-88.2022,5,0.21,36.4,23.12,3.170000000000014,6.709999999999954,10.199999999999998,0,0
2025-04-30,yucatan,"Valladolid, Yucatan",20.6897,-88.2022,5,0.0,36.44,21.71,0.5800000000000142,6.709999999999954,6.709999999999996,0,0
2025-05-01,yucatan,"Valladolid, Yucatan",20.6897,-88.2022,5,0.0,36.56,22.13,0.2100000000000142,6.709999999999954,6.709999999999996,0,0
2025-05-02,yucatan,"Valladolid, Yucatan",20.6897,-88.2022,5,0.0,36.34,22.7,0.0,6.709999999999954,6.709999999999996,0,0
2025-05-03,yucatan,"Valladolid, Yucatan",20.6897,-88.2022,5,0.0,37.7,23.71,0.0,3.1699999999999537,6.709999999999996,0,0
2025-05-04,yucatan,"Valladolid, Yucatan",20.6897,-88.2022,5,0.0,38.19,24.36,0.0,0.5799999999999538,6.709999999999996,0,0
2025-05-05,yucatan,"Valladolid, Yucatan",20.6897,-88.2022,5,0.0,38.0,25.19,0.0,0.2099999999999538,6.709999999999996,0,0
2025-05-06,yucatan,"Valladolid, Yucatan",20.6897,-88.2022,5,0.0,37.61,25.07,0.0,0.0,6.709999999999996,0,0
2025-05-07,yucatan,"Valladolid, Yucatan",20.6897,-88.2022,5,0.0,37.52,24.88,0.0,0.0,6.709999999999996,0,0
2025-05-08,yucatan,"Valladolid, Yucatan",20.6897,-88.2022,5,0.0,37.46,26.13,0.0,0.0,6.709999999999996,0,0
2025-05-09,yucatan,"Valladolid, Yucatan",20.6897,-88.2022,5,2.57,36.91,26.04,2.570000000000014,2.5699999999999537,9.279999999999996,0,0
2025-05-10,yucatan,"Valladolid, Yucatan",20.6897,-88.2022,5,48.65,35.5,24.6,51.22000000000001,51.21999999999995,54.38999999999999,1,1
2025-05-11,yucatan,"Valladolid, Yucatan",20.6897,-88.2022,5,9.94,32.85,22.82,61.16000000000001,61.15999999999995,61.739999999999995,2,0
2025-05-12,yucatan,"Valladolid, Yucatan",20.6897,-88.2022,5,0.02,34.02,21.2,58.610000000000014,61.17999999999995,61.38999999999999,0,0
2025-05-13,yucatan,"Valladolid, Yucatan",20.6897,-88.2022,5,0.2,35.77,20.52,10.160000000000014,61.379999999999946,61.37999999999999,0,0
2025-05-14,yucatan,"Valladolid, Yucatan",20.6897,-88.2022,5,0.04,36.37,24.41,0.2600000000000142,61.41999999999995,61.419999999999995,0,0
2025-05-15,yucatan,"Valladolid, Yucatan",20.6897,-88.2022,5,0.0,36.21,24.5,0.24000000000001423,61.41999999999995,61.419999999999995,0,0
2025-05-16,yucatan,"Valladolid, Yucatan",20.6897,-88.2022,5,0.0,36.68,24.64,0.04000000000001421,58.84999999999995,61.419999999999995,0,0
2025-05-17,yucatan,"Valladolid, Yucatan",20.6897,-88.2022,5,0.0,37.06,23.45,0.0,10.19999999999995,61.419999999999995,0,0
2025-05-18,yucatan,"Valladolid, Yucatan",20.6897,-88.2022,5,0.0,36.66,24.95,0.0,0.25999999999995027,61.419999999999995,0,0
2025-05-19,yucatan,"Valladolid, Yucatan",20.6897,-88.2022,5,0.0,37.24,25.36,0.0,0.23999999999995028,61.419999999999995,0,0
2025-05-20,yucatan,"Valladolid, Yucatan",20.6897,-88.2022,5,0.0,37.2,25.88,0.0,0.03999999999995026,61.419999999999995,0,0
2025-05-21,yucatan,"Valladolid, Yucatan",20.6897,-88.2022,5,0.0,37.77,25.66,0.0,0.0,61.419999999999995,0,0
2025-05-22,yucatan,"Valladolid, Yucatan",20.6897,-88.2022,5,0.0,38.15,25.82,0.0,0.0,61.419999999999995,0,0
2025-05-23,yucatan,"Valladolid, Yucatan",20.6897,-88.2022,5,0.04,35.74,25.01,0.04000000000001421,0.03999999999995026,58.88999999999999,0,0
2025-05-24,yucatan,"Valladolid, Yucatan",20.6897,-88.2022,5,0.01,37.9,24.77,0.050000000000014214,0.049999999999950265,10.249999999999993,0,0
2025-05-25,yucatan,"Valladolid, Yucatan",20.6897,-88.2022,5,0.0,37.13,25.83,0.050000000000014214,0.049999999999950265,0.3099999999999929,0,0
2025-05-26,yucatan,"Valladolid, Yucatan",20.6897,-88.2022,5,0.0,37.0,25.24,0.010000000000014211,0.049999999999950265,0.2899999999999929,0,0
2025-05-27,yucatan,"Valladolid, Yucatan",20.6897,-88.2022,5,0.0,36.08,26.14,0.0,0.049999999999950265,0.08999999999999289,0,0
2025-05-28,yucatan,"Valladolid, Yucatan",20.6897,-88.2022,5,0.0,36.84,26.32,0.0,0.049999999999950265,0.0499999999999929,0,0
2025-05-29,yucatan,"Valladolid, Yucatan",20.6897,-88.2022,5,0.0,37.57,26.81,0.0,0.049999999999950265,0.0499999999999929,0,0
2025-05-30,yucatan,"Valladolid, Yucatan",20.6897,-88.2022,5,0.0,38.79,24.86,0.0,0.009999999999950262,0.0499999999999929,0,0
2025-05-31,yucatan,"Valladolid, Yucatan",20.6897,-88.2022,5,0.0,39.78,24.47,0.0,0.0,0.0499999999999929,0,0
2025-06-01,yucatan,"Valladolid, Yucatan",20.6897,-88.2022,5,0.02,38.97,25.42,0.02000000000001421,0.019999999999950262,0.0699999999999929,0,0
2025-06-02,yucatan,"Valladolid, Yucatan",20.6897,-88.2022,5,10.62,38.2,25.86,10.640000000000013,10.639999999999949,10.689999999999992,1,0
2025-06-03,yucatan,"Valladolid, Yucatan",20.6897,-88.2022,5,11.3,32.68,25.62,21.940000000000012,21.939999999999948,21.989999999999995,2,0
2025-06-04,yucatan,"Valladolid, Yucatan",20.6897,-88.2022,5,2.97,32.51,25.16,24.890000000000015,24.90999999999995,24.959999999999994,0,0
2025-06-05,yucatan,"Valladolid, Yucatan",20.6897,-88.2022,5,1.09,34.91,25.14,15.360000000000015,25.99999999999995,26.049999999999994,0,0
2025-06-06,yucatan,"Valladolid, Yucatan",20.6897,-88.2022,5,0.0,36.09,24.5,4.060000000000015,25.99999999999995,26.009999999999994,0,0
2025-06-07,yucatan,"Valladolid, Yucatan",20.6897,-88.2022,5,0.0,36.65,24.77,1.0900000000000143,25.99999999999995,25.999999999999993,0,0
2025-06-08,yucatan,"Valladolid, Yucatan",20.6897,-88.2022,5,0.06,37.09,24.29,0.06000000000001421,26.03999999999995,26.05999999999999,0,0
2025-06-09,yucatan,"Valladolid, Yucatan",20.6897,-88.2022,5,0.04,37.21,24.55,0.10000000000001422,15.459999999999951,26.099999999999994,0,0
2025-06-10,yucatan,"Valladolid, Yucatan",20.6897,-88.2022,5,2.78,36.98,24.52,2.880000000000014,6.93999999999995,28.879999999999992,0,0
2025-06-11,yucatan,"Valladolid, Yucatan",20.6897,-88.2022,5,1.02,36.32,24.5,3.840000000000014,4.9899999999999505,29.89999999999999,0,0
2025-06-12,yucatan,"Valladolid, Yucatan",20.6897,-88.2022,5,0.3,36.41,25.73,4.100000000000014,4.19999999999995,30.199999999999992,0,0
2025-06-13,yucatan,"Valladolid, Yucatan",20.6897,-88.2022,5,2.27,34.9,25.41,3.590000000000014,6.46999999999995,32.46999999999999,0,0
2025-06-14,yucatan,"Valladolid, Yucatan",20.6897,-88.2022,5,3.02,35.49,25.23,5.590000000000014,9.48999999999995,35.489999999999995,0,0
2025-06-15,yucatan,"Valladolid, Yucatan",20.6897,-88.2022,5,0.48,34.37,24.88,5.770000000000014,9.90999999999995,35.949999999999996,0,0
2025-06-16,yucatan,"Valladolid, Yucatan",20.6897,-88.2022,5,0.34,37.12,24.97,3.840000000000014,10.209999999999951,25.66999999999999,0,0
2025-06-17,yucatan,"Valladolid, Yucatan",20.6897,-88.2022,5,0.45,35.09,25.18,1.2700000000000142,7.87999999999995,14.819999999999993,0,0
2025-06-18,yucatan,"Valladolid, Yucatan",20.6897,-88.2022,5,5.56,33.1,26.25,6.350000000000014,12.419999999999948,17.40999999999999,1,0
2025-06-19,yucatan,"Valladolid, Yucatan",20.6897,-88.2022,5,8.4,32.61,25.07,14.410000000000014,20.519999999999953,24.71999999999999,2,0
2025-06-20,yucatan,"Valladolid, Yucatan",20.6897,-88.2022,5,3.67,32.35,24.17,17.630000000000017,21.919999999999952,28.389999999999993,0,0
2025-06-21,yucatan,"Valladolid, Yucatan",20.6897,-88.2022,5,2.08,35.19,24.13,14.150000000000015,20.979999999999954,30.46999999999999,0,0
2025-06-22,yucatan,"Valladolid, Yucatan",20.6897,-88.2022,5,3.01,32.83,23.99,8.760000000000014,23.509999999999952,33.419999999999995,0,0
2025-06-23,yucatan,"Valladolid, Yucatan",20.6897,-88.2022,5,13.38,33.37,23.89,18.470000000000013,36.549999999999955,46.75999999999999,1,0
2025-06-24,yucatan,"Valladolid, Yucatan",20.6897,-88.2022,5,5.16,32.57,24.64,21.55000000000002,41.25999999999995,49.13999999999999,2,0
2025-06-25,yucatan,"Valladolid, Yucatan",20.6897,-88.2022,5,18.61,31.88,24.43,37.15000000000002,54.30999999999995,66.72999999999999,3,0
2025-06-26,yucatan,"Valladolid, Yucatan",20.6897,-88.2022,5,18.79,29.72,23.97,42.56000000000002,64.69999999999996,85.22,4,0
2025-06-27,yucatan,"Valladolid, Yucatan",20.6897,-88.2022,5,13.09,27.53,23.65,50.490000000000016,74.11999999999995,96.03999999999999,5,0
2025-06-28,yucatan,"Valladolid, Yucatan",20.6897,-88.2022,5,5.81,30.42,24.39,37.69000000000002,77.84999999999995,98.82999999999998,6,0
2025-06-29,yucatan,"Valladolid, Yucatan",20.6897,-88.2022,5,1.66,31.57,23.91,20.560000000000016,76.49999999999994,100.00999999999999,0,0
2025-06-30,yucatan,"Valladolid, Yucatan",20.6897,-88.2022,5,0.43,31.36,23.66,7.900000000000017,63.549999999999955,100.1,0,0
2025-07-01,yucatan,"Valladolid, Yucatan",20.6897,-88.2022,5,0.12,32.97,23.56,2.2100000000000177,58.50999999999995,99.76999999999998,0,0
2025-07-02,yucatan,"Valladolid, Yucatan",20.6897,-88.2022,5,0.04,33.81,24.3,0.5900000000000177,39.93999999999995,94.24999999999999,0,0
2025-07-03,yucatan,"Valladolid, Yucatan",20.6897,-88.2022,5,0.0,33.33,22.25,0.16000000000001777,21.14999999999995,85.85,0,0
2025-07-04,yucatan,"Valladolid, Yucatan",20.6897,-88.2022,5,0.0,35.66,22.78,0.040000000000017764,8.059999999999949,82.17999999999999,0,0
2025-07-05,yucatan,"Valladolid, Yucatan",20.6897,-88.2022,5,0.0,35.75,23.94,0.0,2.2499999999999503,80.1,0,0
2025-07-06,yucatan,"Valladolid, Yucatan",20.6897,-88.2022,5,0.59,34.87,24.22,0.5900000000000177,1.1799999999999502,77.67999999999999,0,0
2025-07-07,yucatan,"Valladolid, Yucatan",20.6897,-88.2022,5,4.4,30.9,24.99,4.990000000000018,5.149999999999951,68.69999999999999,0,0
2025-07-08,yucatan,"Valladolid, Yucatan",20.6897,-88.2022,5,5.83,32.7,23.95,10.820000000000018,10.85999999999995,69.36999999999999,1,0
2025-07-09,yucatan,"Valladolid, Yucatan",20.6897,-88.2022,5,10.54,31.12,23.34,20.770000000000017,21.35999999999995,61.29999999999999,2,0
2025-07-10,yucatan,"Valladolid, Yucatan",20.6897,-88.2022,5,1.34,32.97,24.26,17.71000000000002,22.69999999999995,43.849999999999994,0,0
2025-07-11,yucatan,"Valladolid, Yucatan",20.6897,-88.2022,5,1.6,35.08,23.68,13.480000000000016,24.29999999999995,32.35999999999999,0,0
2025-07-12,yucatan,"Valladolid, Yucatan",20.6897,-88.2022,5,1.2,34.18,24.44,4.140000000000018,25.49999999999995,27.749999999999993,0,0
2025-07-13,yucatan,"Valladolid, Yucatan",20.6897,-88.2022,5,0.65,34.05,24.25,3.450000000000018,25.55999999999995,26.73999999999999,0,0
2025-07-14,yucatan,"Valladolid, Yucatan",20.6897,-88.2022,5,0.08,36.21,24.89,1.9300000000000177,21.23999999999995,26.389999999999993,0,0
2025-07-15,yucatan,"Valladolid, Yucatan",20.6897,-88.2022,5,1.09,36.35,24.33,1.8200000000000178,16.49999999999995,27.359999999999992,0,0
2025-07-16,yucatan,"Valladolid, Yucatan",20.6897,-88.2022,5,7.61,35.31,24.53,8.780000000000019,13.56999999999995,34.92999999999999,1,0
2025-07-17,yucatan,"Valladolid, Yucatan",20.6897,-88.2022,5,2.1,33.04,24.51,10.800000000000018,14.32999999999995,37.029999999999994,0,0
2025-07-18,yucatan,"Valladolid, Yucatan",20.6897,-88.2022,5,0.58,35.82,24.35,10.290000000000019,13.30999999999995,37.60999999999999,0,0
2025-07-19,yucatan,"Valladolid, Yucatan",20.6897,-88.2022,5,2.0,34.98,25.25,4.6800000000000175,14.10999999999995,39.60999999999999,0,0
2025-07-20,yucatan,"Valladolid, Yucatan",20.6897,-88.2022,5,2.11,36.29,25.44,4.690000000000017,15.56999999999995,41.12999999999999,0,0
2025-07-21,yucatan,"Valladolid, Yucatan",20.6897,-88.2022,5,0.96,35.32,24.56,5.070000000000018,16.44999999999995,37.68999999999999,0,0
2025-07-22,yucatan,"Valladolid, Yucatan",20.6897,-88.2022,5,3.47,34.42,25.4,6.540000000000018,18.82999999999995,35.32999999999999,0,0
2025-07-23,yucatan,"Valladolid, Yucatan",20.6897,-88.2022,5,3.24,33.89,25.07,7.670000000000018,14.459999999999951,28.029999999999994,0,0
2025-07-24,yucatan,"Valladolid, Yucatan",20.6897,-88.2022,5,11.43,31.37,24.76,18.14000000000002,23.78999999999995,38.11999999999999,1,0
2025-07-25,yucatan,"Valladolid, Yucatan",20.6897,-88.2022,5,3.96,30.47,24.32,18.630000000000017,27.16999999999995,40.47999999999999,0,0
2025-07-26,yucatan,"Valladolid, Yucatan",20.6897,-88.2022,5,1.38,31.91,24.5,16.770000000000017,26.549999999999947,40.66,0,0
2025-07-27,yucatan,"Valladolid, Yucatan",20.6897,-88.2022,5,0.07,35.06,24.53,5.410000000000018,24.50999999999995,40.07999999999999,0,0
2025-07-28,yucatan,"Valladolid, Yucatan",20.6897,-88.2022,5,14.4,30.96,24.82,15.85000000000002,37.949999999999946,54.39999999999999,1,0
2025-07-29,yucatan,"Valladolid, Yucatan",20.6897,-88.2022,5,5.87,31.25,23.99,20.340000000000018,40.34999999999995,59.18,2,0
2025-07-30,yucatan,"Valladolid, Yucatan",20.6897,-88.2022,5,2.07,32.2,23.95,22.340000000000018,39.17999999999995,53.63999999999999,0,0
2025-07-31,yucatan,"Valladolid, Yucatan",20.6897,-88.2022,5,8.07,32.03,23.91,16.01000000000002,35.81999999999995,59.61,1,0
2025-08-01,yucatan,"Valladolid, Yucatan",20.6897,-88.2022,5,4.4,32.31,24.37,14.540000000000017,36.25999999999995,63.42999999999999,0,0
2025-08-02,yucatan,"Valladolid, Yucatan",20.6897,-88.2022,5,0.64,33.93,24.85,13.110000000000019,35.519999999999946,62.06999999999999,0,0
2025-08-03,yucatan,"Valladolid, Yucatan",20.6897,-88.2022,5,1.0,35.63,24.05,6.040000000000018,36.449999999999946,60.959999999999994,0,0
2025-08-04,yucatan,"Valladolid, Yucatan",20.6897,-88.2022,5,2.72,34.94,24.4,4.360000000000018,24.76999999999995,62.72,0,0
2025-08-05,yucatan,"Valladolid, Yucatan",20.6897,-88.2022,5,3.2,33.38,24.22,6.920000000000018,22.09999999999995,62.44999999999999,0,0
2025-08-06,yucatan,"Valladolid, Yucatan",20.6897,-88.2022,5,2.22,32.9,25.17,8.140000000000018,22.24999999999995,61.43,0,0
2025-08-07,yucatan,"Valladolid, Yucatan",20.6897,-88.2022,5,9.18,32.42,24.57,14.600000000000017,23.35999999999995,59.18,1,0
2025-08-08,yucatan,"Valladolid, Yucatan",20.6897,-88.2022,5,21.04,30.99,24.22,32.44000000000002,39.99999999999995,76.25999999999999,2,1
2025-08-09,yucatan,"Valladolid, Yucatan",20.6897,-88.2022,5,12.34,30.25,23.81,42.56000000000002,51.699999999999946,87.22,3,0
2025-08-10,yucatan,"Valladolid, Yucatan",20.6897,-88.2022,5,6.1,31.87,23.49,39.48000000000002,56.79999999999995,93.25,4,0
2025-08-11,yucatan,"Valladolid, Yucatan",20.6897,-88.2022,5,2.4,29.63,24.07,20.84000000000002,56.47999999999995,81.24999999999999,0,0
2025-08-12,yucatan,"Valladolid, Yucatan",20.6897,-88.2022,5,9.52,31.21,23.61,18.02000000000002,62.79999999999995,84.9,1,0
2025-08-13,yucatan,"Valladolid, Yucatan",20.6897,-88.2022,5,29.94,29.21,23.34,41.86000000000002,90.51999999999995,112.77,2,1
2025-08-14,yucatan,"Valladolid, Yucatan",20.6897,-88.2022,5,6.64,29.68,24.83,46.10000000000002,87.97999999999995,111.34,3,0
2025-08-15,yucatan,"Valladolid, Yucatan",20.6897,-88.2022,5,3.12,29.66,24.17,39.700000000000024,70.05999999999995,110.05999999999999,0,0
2025-08-16,yucatan,"Valladolid, Yucatan",20.6897,-88.2022,5,2.42,30.24,24.29,12.180000000000025,60.139999999999944,111.83999999999999,0,0
2025-08-17,yucatan,"Valladolid, Yucatan",20.6897,-88.2022,5,8.24,30.63,23.59,13.780000000000026,62.27999999999995,119.08,1,0
2025-08-18,yucatan,"Valladolid, Yucatan",20.6897,-88.2022,5,5.77,31.04,24.03,16.43000000000002,65.64999999999995,122.13,2,0
2025-08-19,yucatan,"Valladolid, Yucatan",20.6897,-88.2022,5,0.46,30.94,23.49,14.470000000000026,56.589999999999954,119.38999999999999,0,0
2025-08-20,yucatan,"Valladolid, Yucatan",20.6897,-88.2022,5,0.0,31.65,24.06,6.230000000000023,26.64999999999995,117.16999999999999,0,0
2025-08-21,yucatan,"Valladolid, Yucatan",20.6897,-88.2022,5,2.02,31.72,24.35,2.480000000000023,22.029999999999948,110.01,0,0
2025-08-22,yucatan,"Valladolid, Yucatan",20.6897,-88.2022,5,0.58,32.25,23.35,2.600000000000023,19.48999999999995,89.55,0,0
2025-08-23,yucatan,"Valladolid, Yucatan",20.6897,-88.2022,5,0.0,32.35,24.29,2.600000000000023,17.06999999999995,77.21,0,0
2025-08-24,yucatan,"Valladolid, Yucatan",20.6897,-88.2022,5,0.19,31.66,24.01,0.7700000000000231,9.01999999999995,71.3,0,0
2025-08-25,yucatan,"Valladolid, Yucatan",20.6897,-88.2022,5,2.15,31.29,23.49,2.340000000000023,5.399999999999951,71.04999999999998,0,0
2025-08-26,yucatan,"Valladolid, Yucatan",20.6897,-88.2022,5,6.18,32.05,23.67,8.520000000000023,11.119999999999951,67.71,1,0
2025-08-27,yucatan,"Valladolid, Yucatan",20.6897,-88.2022,5,18.24,30.8,24.81,26.57000000000002,29.35999999999995,56.00999999999999,2,0
2025-08-28,yucatan,"Valladolid, Yucatan",20.6897,-88.2022,5,4.12,30.49,24.43,28.540000000000024,31.45999999999995,53.489999999999995,0,0
2025-08-29,yucatan,"Valladolid, Yucatan",20.6897,-88.2022,5,12.16,28.94,24.08,34.520000000000024,43.03999999999995,62.52999999999999,1,0
2025-08-30,yucatan,"Valladolid, Yucatan",20.6897,-88.2022,5,2.53,30.19,24.01,18.810000000000027,45.56999999999995,62.639999999999986,0,0
2025-08-31,yucatan,"Valladolid, Yucatan",20.6897,-88.2022,5,6.94,30.21,24.19,21.630000000000024,52.31999999999995,61.339999999999996,1,0
2025-09-01,yucatan,"Valladolid, Yucatan",20.6897,-88.2022,5,2.02,31.46,24.48,11.490000000000025,52.189999999999955,57.58999999999999,0,0
2025-09-02,yucatan,"Valladolid, Yucatan",20.6897,-88.2022,5,0.05,31.12,23.89,9.010000000000026,46.05999999999995,57.17999999999999,0,0
2025-09-03,yucatan,"Valladolid, Yucatan",20.6897,-88.2022,5,0.01,31.76,24.56,2.080000000000025,27.829999999999952,57.18999999999999,0,0
2025-09-04,yucatan,"Valladolid, Yucatan",20.6897,-88.2022,5,0.05,33.71,24.21,0.11000000000002488,23.759999999999952,55.21999999999999,0,0
2025-09-05,yucatan,"Valladolid, Yucatan",20.6897,-88.2022,5,0.01,33.92,24.59,0.07000000000002488,11.609999999999951,54.65,0,0
2025-09-06,yucatan,"Valladolid, Yucatan",20.6897,-88.2022,5,0.36,34.44,24.68,0.42000000000002485,9.439999999999952,55.01,0,0
2025-09-07,yucatan,"Valladolid, Yucatan",20.6897,-88.2022,5,10.52,33.25,24.53,10.890000000000024,13.01999999999995,65.33999999999999,1,0
2025-09-08,yucatan,"Valladolid, Yucatan",20.6897,-88.2022,5,3.7,32.5,24.79,14.580000000000023,14.69999999999995,66.88999999999999,0,0
2025-09-09,yucatan,"Valladolid, Yucatan",20.6897,-88.2022,5,5.6,32.34,24.58,19.820000000000025,20.24999999999995,66.30999999999999,1,0
2025-09-10,yucatan,"Valladolid, Yucatan",20.6897,-88.2022,5,5.66,31.16,24.47,14.960000000000026,25.899999999999952,53.73,2,0
2025-09-11,yucatan,"Valladolid, Yucatan",20.6897,-88.2022,5,2.03,31.8,24.02,13.290000000000026,27.87999999999995,51.63999999999999,0,0
2025-09-12,yucatan,"Valladolid, Yucatan",20.6897,-88.2022,5,6.76,30.95,24.16,14.450000000000024,34.62999999999995,46.23999999999999,1,0
2025-09-13,yucatan,"Valladolid, Yucatan",20.6897,-88.2022,5,3.82,32.12,23.12,12.610000000000024,38.08999999999995,47.529999999999994,0,0
2025-09-14,yucatan,"Valladolid, Yucatan",20.6897,-88.2022,5,14.56,30.68,24.41,25.140000000000025,42.12999999999995,55.14999999999999,1,0
2025-09-15,yucatan,"Valladolid, Yucatan",20.6897,-88.2022,5,4.97,30.06,24.2,23.350000000000023,43.39999999999995,58.099999999999994,0,0
2025-09-16,yucatan,"Valladolid, Yucatan",20.6897,-88.2022,5,3.25,27.23,23.27,22.780000000000026,41.049999999999955,61.29999999999999,0,0
2025-09-17,yucatan,"Valladolid, Yucatan",20.6897,-88.2022,5,5.85,30.11,22.81,14.070000000000025,41.23999999999995,67.13999999999999,1,0
2025-09-18,yucatan,"Valladolid, Yucatan",20.6897,-88.2022,5,10.91,30.29,23.11,20.010000000000026,50.11999999999995,78.0,2,0
2025-09-19,yucatan,"Valladolid, Yucatan",20.6897,-88.2022,5,11.55,27.97,24.16,28.310000000000027,54.909999999999954,89.53999999999999,3,0
2025-09-20,yucatan,"Valladolid, Yucatan",20.6897,-88.2022,5,14.96,28.76,24.13,37.42000000000003,66.04999999999995,104.13999999999999,4,0
2025-09-21,yucatan,"Valladolid, Yucatan",20.6897,-88.2022,5,6.2,28.53,24.39,32.71000000000003,57.68999999999995,99.82,5,0
2025-09-22,yucatan,"Valladolid, Yucatan",20.6897,-88.2022,5,8.88,28.71,23.84,30.040000000000028,61.59999999999995,105.0,6,0
2025-09-23,yucatan,"Valladolid, Yucatan",20.6897,-88.2022,5,7.93,27.51,24.45,23.010000000000026,66.27999999999994,107.33,7,0
2025-09-24,yucatan,"Valladolid, Yucatan",20.6897,-88.2022,5,1.09,29.43,23.72,17.900000000000027,61.51999999999995,102.75999999999999,0,0
2025-09-25,yucatan,"Valladolid, Yucatan",20.6897,-88.2022,5,5.97,30.85,24.14,14.990000000000023,56.579999999999956,106.7,1,0
2025-09-26,yucatan,"Valladolid, Yucatan",20.6897,-88.2022,5,1.76,31.28,23.75,8.820000000000025,46.78999999999996,101.7,0,0
2025-09-27,yucatan,"Valladolid, Yucatan",20.6897,-88.2022,5,1.19,30.45,24.19,8.920000000000025,33.01999999999995,99.07,0,0
2025-09-28,yucatan,"Valladolid, Yucatan",20.6897,-88.2022,5,14.95,28.43,24.37,17.900000000000023,41.76999999999995,99.46,1,0
2025-09-29,yucatan,"Valladolid, Yucatan",20.6897,-88.2022,5,27.96,29.61,24.47,44.10000000000002,60.84999999999995,122.44999999999999,2,1
2025-09-30,yucatan,"Valladolid, Yucatan",20.6897,-88.2022,5,16.6,29.3,24.35,59.510000000000026,69.51999999999995,135.79999999999998,3,0
2025-10-01,yucatan,"Valladolid, Yucatan",20.6897,-88.2022,5,7.51,30.36,24.52,52.07000000000003,75.93999999999996,137.46,4,0
2025-10-02,yucatan,"Valladolid, Yucatan",20.6897,-88.2022,5,2.56,29.8,24.72,26.670000000000027,72.52999999999994,129.10999999999999,0,0
2025-10-03,yucatan,"Valladolid, Yucatan",20.6897,-88.2022,5,18.76,28.48,24.01,28.830000000000027,89.52999999999996,136.32,1,0
2025-10-04,yucatan,"Valladolid, Yucatan",20.6897,-88.2022,5,13.69,29.27,23.24,35.010000000000026,102.02999999999994,135.04999999999998,2,0
2025-10-05,yucatan,"Valladolid, Yucatan",20.6897,-88.2022,5,8.69,28.85,23.55,41.14000000000003,95.76999999999995,137.54000000000002,3,0
2025-10-06,yucatan,"Valladolid, Yucatan",20.6897,-88.2022,5,34.73,26.38,24.27,57.110000000000014,102.53999999999995,163.39,4,1
2025-10-07,yucatan,"Valladolid, Yucatan",20.6897,-88.2022,5,13.46,26.84,23.62,56.88000000000002,99.39999999999995,168.92000000000002,5,0
2025-10-08,yucatan,"Valladolid, Yucatan",20.6897,-88.2022,5,3.93,28.98,24.16,52.12000000000001,95.81999999999995,171.76,0,0
2025-10-09,yucatan,"Valladolid, Yucatan",20.6897,-88.2022,5,2.36,30.14,23.41,19.75000000000002,95.61999999999995,168.15,0,0
2025-10-10,yucatan,"Valladolid, Yucatan",20.6897,-88.2022,5,0.88,29.81,23.72,7.170000000000021,77.73999999999994,167.26999999999998,0,0
2025-10-11,yucatan,"Valladolid, Yucatan",20.6897,-88.2022,5,0.07,29.06,22.51,3.3100000000000214,64.11999999999995,166.14999999999998,0,0
2025-10-12,yucatan,"Valladolid, Yucatan",20.6897,-88.2022,5,1.42,28.6,20.58,2.3700000000000214,56.849999999999945,152.62,0,0
2025-10-13,yucatan,"Valladolid, Yucatan",20.6897,-88.2022,5,0.48,29.14,22.81,1.9700000000000213,22.59999999999995,125.13999999999999,0,0
2025-10-14,yucatan,"Valladolid, Yucatan",20.6897,-88.2022,5,1.69,28.79,22.3,3.590000000000021,10.82999999999995,110.22999999999999,0,0
2025-10-15,yucatan,"Valladolid, Yucatan",20.6897,-88.2022,5,0.83,29.41,22.24,3.0000000000000213,7.729999999999951,103.54999999999998,0,0
2025-10-16,yucatan,"Valladolid, Yucatan",20.6897,-88.2022,5,0.55,29.65,23.77,3.070000000000021,5.91999999999995,101.53999999999999,0,0
2025-10-17,yucatan,"Valladolid, Yucatan",20.6897,-88.2022,5,13.16,29.21,23.62,14.54000000000002,18.19999999999995,95.94,1,0
2025-10-18,yucatan,"Valladolid, Yucatan",20.6897,-88.2022,5,4.24,28.55,24.28,17.95000000000002,22.369999999999948,86.49,0,0
2025-10-19,yucatan,"Valladolid, Yucatan",20.6897,-88.2022,5,8.03,29.38,24.06,25.43000000000002,28.97999999999995,85.82999999999998,1,0
2025-10-20,yucatan,"Valladolid, Yucatan",20.6897,-88.2022,5,8.1,28.6,23.73,20.37000000000002,36.59999999999995,59.19999999999999,2,0
2025-10-21,yucatan,"Valladolid, Yucatan",20.6897,-88.2022,5,14.26,29.4,23.19,30.390000000000015,49.16999999999995,59.99999999999999,3,0
2025-10-22,yucatan,"Valladolid, Yucatan",20.6897,-88.2022,5,2.68,29.67,23.26,25.04000000000002,51.019999999999946,58.74999999999999,0,0
2025-10-23,yucatan,"Valladolid, Yucatan",20.6897,-88.2022,5,0.61,29.66,23.35,17.55000000000002,51.07999999999995,56.99999999999999,0,0
2025-10-24,yucatan,"Valladolid, Yucatan",20.6897,-88.2022,5,0.04,28.99,22.22,3.3300000000000196,37.959999999999944,56.15999999999999,0,0
2025-10-25,yucatan,"Valladolid, Yucatan",20.6897,-88.2022,5,1.52,30.03,21.81,2.1700000000000195,35.23999999999995,57.60999999999999,0,0
2025-10-26,yucatan,"Valladolid, Yucatan",20.6897,-88.2022,5,0.11,30.2,23.22,1.6700000000000197,27.31999999999995,56.3,0,0
2025-10-27,yucatan,"Valladolid, Yucatan",20.6897,-88.2022,5,2.01,29.96,23.81,3.640000000000019,21.229999999999947,57.82999999999999,0,0
2025-10-28,yucatan,"Valladolid, Yucatan",20.6897,-88.2022,5,0.33,29.91,23.03,2.4500000000000193,7.29999999999995,56.46999999999999,0,0
2025-10-29,yucatan,"Valladolid, Yucatan",20.6897,-88.2022,5,0.04,27.58,20.49,2.3800000000000194,4.6599999999999495,55.67999999999999,0,0
2025-10-30,yucatan,"Valladolid, Yucatan",20.6897,-88.2022,5,0.04,25.7,19.25,0.41000000000001957,4.08999999999995,55.16999999999999,0,0
2025-10-31,yucatan,"Valladolid, Yucatan",20.6897,-88.2022,5,0.0,26.24,17.6,0.08000000000001954,4.04999999999995,42.00999999999999,0,0
2025-11-01,yucatan,"Valladolid, Yucatan",20.6897,-88.2022,5,0.0,27.12,17.75,0.04000000000001954,2.52999999999995,37.76999999999999,0,0
2025-11-02,yucatan,"Valladolid, Yucatan",20.6897,-88.2022,5,0.0,27.55,18.12,0.0,2.41999999999995,29.73999999999999,0,0
2025-11-03,yucatan,"Valladolid, Yucatan",20.6897,-88.2022,5,0.16,27.64,18.65,0.16000000000001954,0.5699999999999503,21.799999999999994,0,0
2025-11-04,yucatan,"Valladolid, Yucatan",20.6897,-88.2022,5,0.33,28.62,19.39,0.49000000000001953,0.5699999999999503,7.869999999999993,0,0
2025-11-05,yucatan,"Valladolid, Yucatan",20.6897,-88.2022,5,17.28,28.45,22.82,17.77000000000002,17.809999999999953,22.46999999999999,1,0
2025-11-06,yucatan,"Valladolid, Yucatan",20.6897,-88.2022,5,10.04,28.89,22.74,27.65000000000002,27.809999999999953,31.89999999999999,2,0
2025-11-07,yucatan,"Valladolid, Yucatan",20.6897,-88.2022,5,4.78,29.1,22.32,32.10000000000002,32.589999999999954,36.63999999999999,0,0
2025-11-08,yucatan,"Valladolid, Yucatan",20.6897,-88.2022,5,0.74,29.4,22.85,15.56000000000002,33.329999999999956,35.85999999999999,0,0
2025-11-09,yucatan,"Valladolid, Yucatan",20.6897,-88.2022,5,17.51,29.44,22.79,23.030000000000022,50.839999999999954,53.25999999999999,1,0
2025-11-10,yucatan,"Valladolid, Yucatan",20.6897,-88.2022,5,8.73,26.19,20.32,26.98000000000002,59.409999999999954,59.97999999999999,2,0
2025-11-11,yucatan,"Valladolid, Yucatan",20.6897,-88.2022,5,0.03,24.0,18.13,26.270000000000024,59.10999999999995,59.67999999999999,0,0
2025-11-12,yucatan,"Valladolid, Yucatan",20.6897,-88.2022,5,0.0,24.3,15.97,8.760000000000021,41.82999999999995,59.63999999999999,0,0
2025-11-13,yucatan,"Valladolid, Yucatan",20.6897,-88.2022,5,0.6,26.67,19.57,0.6300000000000213,32.38999999999995,60.199999999999996,0,0
2025-11-14,yucatan,"Valladolid, Yucatan",20.6897,-88.2022,5,0.07,27.56,20.51,0.6700000000000212,27.67999999999995,60.269999999999996,0,0
2025-11-15,yucatan,"Valladolid, Yucatan",20.6897,-88.2022,5,0.1,28.11,19.88,0.7700000000000213,27.039999999999953,60.37,0,0
2025-11-16,yucatan,"Valladolid, Yucatan",20.6897,-88.2022,5,0.05,28.33,19.93,0.22000000000002135,9.57999999999995,60.419999999999995,0,0
2025-11-17,yucatan,"Valladolid, Yucatan",20.6897,-88.2022,5,0.23,27.25,21.38,0.3800000000000213,1.0799999999999503,60.489999999999995,0,0
2025-11-18,yucatan,"Valladolid, Yucatan",20.6897,-88.2022,5,0.59,27.81,20.87,0.8700000000000213,1.6399999999999502,60.74999999999999,0,0
2025-11-19,yucatan,"Valladolid, Yucatan",20.6897,-88.2022,5,0.13,28.73,20.06,0.9500000000000213,1.7699999999999503,43.599999999999994,0,0
2025-11-20,yucatan,"Valladolid, Yucatan",20.6897,-88.2022,5,1.39,29.34,20.34,2.110000000000021,2.55999999999995,34.949999999999996,0,0
2025-11-21,yucatan,"Valladolid, Yucatan",20.6897,-88.2022,5,0.25,28.81,20.6,1.7700000000000213,2.73999999999995,30.419999999999995,0,0
2025-11-22,yucatan,"Valladolid, Yucatan",20.6897,-88.2022,5,0.02,29.02,20.64,1.6600000000000212,2.65999999999995,29.699999999999996,0,0
2025-11-23,yucatan,"Valladolid, Yucatan",20.6897,-88.2022,5,0.04,29.16,19.32,0.3100000000000213,2.64999999999995,12.229999999999993,0,0
2025-11-24,yucatan,"Valladolid, Yucatan",20.6897,-88.2022,5,0.0,29.82,20.29,0.060000000000021314,2.41999999999995,3.499999999999993,0,0
2025-11-25,yucatan,"Valladolid, Yucatan",20.6897,-88.2022,5,0.0,30.78,21.02,0.04000000000002131,1.82999999999995,3.469999999999993,0,0
2025-11-26,yucatan,"Valladolid, Yucatan",20.6897,-88.2022,5,0.4,30.87,21.88,0.40000000000002134,2.09999999999995,3.869999999999993,0,0
2025-11-27,yucatan,"Valladolid, Yucatan",20.6897,-88.2022,5,0.26,30.38,21.55,0.6600000000000213,0.9699999999999502,3.529999999999993,0,0
2025-11-28,yucatan,"Valladolid, Yucatan",20.6897,-88.2022,5,0.2,27.75,19.99,0.8600000000000214,0.9199999999999503,3.6599999999999926,0,0
2025-11-29,yucatan,"Valladolid, Yucatan",20.6897,-88.2022,5,0.0,29.27,17.48,0.46000000000002134,0.8999999999999503,3.559999999999993,0,0
2025-11-30,yucatan,"Valladolid, Yucatan",20.6897,-88.2022,5,0.0,30.87,19.06,0.20000000000002133,0.8599999999999504,3.5099999999999927,0,0
2025-12-01,yucatan,"Valladolid, Yucatan",20.6897,-88.2022,5,0.2,31.47,20.65,0.20000000000002133,1.0599999999999503,3.479999999999993,0,0
2025-12-02,yucatan,"Valladolid, Yucatan",20.6897,-88.2022,5,0.37,31.76,21.33,0.5700000000000214,1.4299999999999504,3.259999999999993,0,0
2025-12-03,yucatan,"Valladolid, Yucatan",20.6897,-88.2022,5,0.0,32.02,20.38,0.5700000000000214,1.0299999999999503,3.1299999999999932,0,0
2025-12-04,yucatan,"Valladolid, Yucatan",20.6897,-88.2022,5,0.01,32.08,20.63,0.3800000000000213,0.7799999999999502,1.749999999999993,0,0
2025-12-05,yucatan,"Valladolid, Yucatan",20.6897,-88.2022,5,0.02,32.23,21.09,0.030000000000021315,0.5999999999999502,1.519999999999993,0,0
2025-12-06,yucatan,"Valladolid, Yucatan",20.6897,-88.2022,5,0.06,33.03,22.35,0.09000000000002131,0.6599999999999503,1.559999999999993,0,0
2025-12-07,yucatan,"Valladolid, Yucatan",20.6897,-88.2022,5,0.13,33.03,21.6,0.21000000000002134,0.7899999999999503,1.6499999999999928,0,0
2025-12-08,yucatan,"Valladolid, Yucatan",20.6897,-88.2022,5,11.87,32.51,22.84,12.06000000000002,12.45999999999995,13.519999999999992,1,0
2025-12-09,yucatan,"Valladolid, Yucatan",20.6897,-88.2022,5,4.24,30.16,22.5,16.24000000000002,16.32999999999995,17.75999999999999,0,0
2025-12-10,yucatan,"Valladolid, Yucatan",20.6897,-88.2022,5,0.12,31.74,20.51,16.23000000000002,16.44999999999995,17.479999999999993,0,0
2025-12-11,yucatan,"Valladolid, Yucatan",20.6897,-88.2022,5,0.03,30.56,22.2,4.390000000000022,16.46999999999995,17.249999999999993,0,0
2025-12-12,yucatan,"Valladolid, Yucatan",20.6897,-88.2022,5,2.82,30.59,19.49,2.970000000000021,19.26999999999995,19.869999999999994,0,0
2025-12-13,yucatan,"Valladolid, Yucatan",20.6897,-88.2022,5,9.84,30.45,21.19,12.69000000000002,29.04999999999995,29.709999999999994,1,0
2025-12-14,yucatan,"Valladolid, Yucatan",20.6897,-88.2022,5,3.66,30.33,21.98,16.32000000000002,32.57999999999995,33.36999999999999,0,0
2025-12-15,yucatan,"Valladolid, Yucatan",20.6897,-88.2022,5,0.08,29.83,20.92,13.580000000000021,20.78999999999995,33.24999999999999,0,0
2025-12-16,yucatan,"Valladolid, Yucatan",20.6897,-88.2022,5,0.06,29.52,19.48,3.8000000000000216,16.60999999999995,32.93999999999999,0,0
2025-12-17,yucatan,"Valladolid, Yucatan",20.6897,-88.2022,5,0.0,30.87,17.95,0.14000000000002133,16.489999999999952,32.93999999999999,0,0
2025-12-18,yucatan,"Valladolid, Yucatan",20.6897,-88.2022,5,0.06,30.44,19.91,0.12000000000002131,16.51999999999995,32.989999999999995,0,0
2025-12-19,yucatan,"Valladolid, Yucatan",20.6897,-88.2022,5,15.63,28.88,21.81,15.690000000000023,29.32999999999995,48.599999999999994,1,0
2025-12-20,yucatan,"Valladolid, Yucatan",20.6897,-88.2022,5,4.44,30.44,20.95,20.130000000000024,23.92999999999995,52.97999999999999,0,0
2025-12-21,yucatan,"Valladolid, Yucatan",20.6897,-88.2022,5,3.01,29.86,21.98,23.080000000000023,23.27999999999995,55.85999999999999,0,0
2025-12-22,yucatan,"Valladolid, Yucatan",20.6897,-88.2022,5,1.16,29.82,21.27,8.61000000000002,24.359999999999953,45.15,0,0
2025-12-23,yucatan,"Valladolid, Yucatan",20.6897,-88.2022,5,1.69,30.65,20.16,5.860000000000021,25.98999999999995,42.599999999999994,0,0
2025-12-24,yucatan,"Valladolid, Yucatan",20.6897,-88.2022,5,0.83,30.4,21.85,3.680000000000021,26.81999999999995,43.30999999999999,0,0
2025-12-25,yucatan,"Valladolid, Yucatan",20.6897,-88.2022,5,0.01,29.57,19.8,2.530000000000021,26.76999999999995,43.29,0,0
2025-12-26,yucatan,"Valladolid, Yucatan",20.6897,-88.2022,5,0.0,29.75,18.47,0.8400000000000213,11.13999999999995,40.47,0,0
2025-12-27,yucatan,"Valladolid, Yucatan",20.6897,-88.2022,5,0.0,30.37,18.54,0.010000000000021316,6.6999999999999496,30.629999999999992,0,0
2025-12-28,yucatan,"Valladolid, Yucatan",20.6897,-88.2022,5,0.03,30.59,18.25,0.030000000000021315,3.71999999999995,26.999999999999993,0,0
2025-12-29,yucatan,"Valladolid, Yucatan",20.6897,-88.2022,5,0.87,30.8,20.59,0.9000000000000213,3.42999999999995,27.789999999999996,0,0
2025-12-30,yucatan,"Valladolid, Yucatan",20.6897,-88.2022,5,0.25,29.95,18.93,1.1500000000000212,1.9899999999999503,27.979999999999993,0,0
2025-12-31,yucatan,"Valladolid, Yucatan",20.6897,-88.2022,5,0.02,26.89,16.87,1.1400000000000212,1.1799999999999504,27.999999999999993,0,0
2026-01-01,yucatan,"Valladolid, Yucatan",20.6897,-88.2022,5,0.0,27.12,13.73,0.27000000000002133,1.1699999999999504,27.939999999999994,0,0
2026-01-02,yucatan,"Valladolid, Yucatan",20.6897,-88.2022,5,0.0,28.81,14.38,0.020000000000021317,1.1699999999999504,12.309999999999993,0,0
2026-01-03,yucatan,"Valladolid, Yucatan",20.6897,-88.2022,5,0.0,30.12,17.4,0.0,1.1699999999999504,7.869999999999992,0,0
2026-01-04,yucatan,"Valladolid, Yucatan",20.6897,-88.2022,5,0.0,30.7,19.07,0.0,1.1399999999999504,4.859999999999992,0,0
2026-01-05,yucatan,"Valladolid, Yucatan",20.6897,-88.2022,5,0.02,30.72,16.65,0.020000000000021317,0.28999999999995024,3.7199999999999926,0,0
2026-01-06,yucatan,"Valladolid, Yucatan",20.6897,-88.2022,5,0.03,31.24,17.92,0.05000000000002132,0.06999999999995027,2.059999999999993,0,0
2026-01-07,yucatan,"Valladolid, Yucatan",20.6897,-88.2022,5,2.1,30.84,18.27,2.1500000000000212,2.14999999999995,3.329999999999993,0,0
2026-01-08,yucatan,"Valladolid, Yucatan",20.6897,-88.2022,5,0.76,30.09,21.36,2.890000000000021,2.9099999999999504,4.079999999999993,0,0
2026-01-09,yucatan,"Valladolid, Yucatan",20.6897,-88.2022,5,0.0,32.62,21.77,2.8600000000000216,2.9099999999999504,4.079999999999993,0,0
2026-01-10,yucatan,"Valladolid, Yucatan",20.6897,-88.2022,5,1.39,32.35,21.83,2.1500000000000212,4.29999999999995,5.469999999999993,0,0
2026-01-11,yucatan,"Valladolid, Yucatan",20.6897,-88.2022,5,0.4,30.91,20.19,1.7900000000000214,4.69999999999995,5.839999999999993,0,0
2026-01-12,yucatan,"Valladolid, Yucatan",20.6897,-88.2022,5,1.78,30.57,19.63,3.570000000000021,6.459999999999951,6.749999999999993,0,0
2026-01-13,yucatan,"Valladolid, Yucatan",20.6897,-88.2022,5,0.15,30.61,19.43,2.330000000000021,6.57999999999995,6.649999999999993,0,0
2026-01-14,yucatan,"Valladolid, Yucatan",20.6897,-88.2022,5,0.03,30.63,17.48,1.960000000000021,4.509999999999951,6.659999999999993,0,0
2026-01-15,yucatan,"Valladolid, Yucatan",20.6897,-88.2022,5,0.03,28.69,17.2,0.2100000000000213,3.77999999999995,6.689999999999993,0,0
2026-01-16,yucatan,"Valladolid, Yucatan",20.6897,-88.2022,5,0.0,28.7,14.11,0.060000000000021314,3.7799999999999505,6.689999999999993,0,0
2026-01-17,yucatan,"Valladolid, Yucatan",20.6897,-88.2022,5,18.81,29.67,17.27,18.84000000000002,21.19999999999995,25.499999999999993,1,0
2026-01-18,yucatan,"Valladolid, Yucatan",20.6897,-88.2022,5,2.82,28.49,18.67,21.63000000000002,23.61999999999995,28.319999999999993,0,0
2026-01-19,yucatan,"Valladolid, Yucatan",20.6897,-88.2022,5,0.21,25.56,15.98,21.84000000000002,22.04999999999995,28.509999999999994,0,0
2026-01-20,yucatan,"Valladolid, Yucatan",20.6897,-88.2022,5,0.0,27.65,14.99,3.030000000000021,21.89999999999995,28.479999999999993,0,0
2026-01-21,yucatan,"Valladolid, Yucatan",20.6897,-88.2022,5,0.08,30.9,18.09,0.2900000000000213,21.94999999999995,26.459999999999994,0,0
2026-01-22,yucatan,"Valladolid, Yucatan",20.6897,-88.2022,5,0.2,32.2,19.25,0.28000000000002134,22.119999999999948,25.89999999999999,0,0
2026-01-23,yucatan,"Valladolid, Yucatan",20.6897,-88.2022,5,0.19,32.59,19.62,0.4700000000000213,22.30999999999995,26.089999999999993,0,0
2026-01-24,yucatan,"Valladolid, Yucatan",20.6897,-88.2022,5,0.0,32.14,19.87,0.39000000000002133,3.4999999999999503,24.699999999999992,0,0
2026-01-25,yucatan,"Valladolid, Yucatan",20.6897,-88.2022,5,0.0,32.5,20.61,0.1900000000000213,0.6799999999999502,24.299999999999994,0,0
2026-01-26,yucatan,"Valladolid, Yucatan",20.6897,-88.2022,5,0.49,33.33,20.9,0.4900000000000213,0.9599999999999502,23.00999999999999,0,0
2026-01-27,yucatan,"Valladolid, Yucatan",20.6897,-88.2022,5,0.09,26.38,18.5,0.5800000000000213,1.0499999999999503,22.949999999999992,0,0
2026-01-28,yucatan,"Valladolid, Yucatan",20.6897,-88.2022,5,0.22,26.48,15.83,0.8000000000000214,1.1899999999999502,23.139999999999993,0,0
2026-01-29,yucatan,"Valladolid, Yucatan",20.6897,-88.2022,5,0.02,28.22,14.73,0.33000000000002133,1.0099999999999503,23.129999999999992,0,0
2026-01-30,yucatan,"Valladolid, Yucatan",20.6897,-88.2022,5,0.05,29.19,15.16,0.29000000000002135,0.8699999999999504,23.179999999999993,0,0
2026-01-31,yucatan,"Valladolid, Yucatan",20.6897,-88.2022,5,0.2,24.52,15.42,0.27000000000002133,1.0699999999999503,4.569999999999993,0,0
2026-02-01,yucatan,"Valladolid, Yucatan",20.6897,-88.2022,5,0.0,23.58,13.25,0.2500000000000213,1.0699999999999503,1.749999999999993,0,0
2026-02-02,yucatan,"Valladolid, Yucatan",20.6897,-88.2022,5,0.0,25.49,10.94,0.20000000000002133,0.5799999999999503,1.539999999999993,0,0
2026-02-03,yucatan,"Valladolid, Yucatan",20.6897,-88.2022,5,0.0,27.48,12.16,0.0,0.48999999999995025,1.539999999999993,0,0
2026-02-04,yucatan,"Valladolid, Yucatan",20.6897,-88.2022,5,0.0,28.75,13.18,0.0,0.2699999999999503,1.4599999999999929,0,0
2026-02-05,yucatan,"Valladolid, Yucatan",20.6897,-88.2022,5,0.02,26.51,14.07,0.020000000000021317,0.2699999999999503,1.279999999999993,0,0
2026-02-06,yucatan,"Valladolid, Yucatan",20.6897,-88.2022,5,0.0,26.47,12.03,0.020000000000021317,0.21999999999995026,1.089999999999993,0,0
2026-02-07,yucatan,"Valladolid, Yucatan",20.6897,-88.2022,5,0.0,27.95,11.39,0.020000000000021317,0.019999999999950262,1.089999999999993,0,0
2026-02-08,yucatan,"Valladolid, Yucatan",20.6897,-88.2022,5,0.0,29.67,13.91,0.0,0.019999999999950262,1.089999999999993,0,0
2026-02-09,yucatan,"Valladolid, Yucatan",20.6897,-88.2022,5,0.0,30.21,14.66,0.0,0.019999999999950262,0.599999999999993,0,0
2026-02-10,yucatan,"Valladolid, Yucatan",20.6897,-88.2022,5,0.0,31.01,15.81,0.0,0.019999999999950262,0.5099999999999929,0,0
2026-02-11,yucatan,"Valladolid, Yucatan",20.6897,-88.2022,5,0.02,32.16,18.02,0.020000000000021317,0.03999999999995026,0.3099999999999929,0,0
2026-02-12,yucatan,"Valladolid, Yucatan",20.6897,-88.2022,5,0.01,32.59,19.07,0.030000000000021315,0.02999999999995026,0.2999999999999929,0,0
2026-02-13,yucatan,"Valladolid, Yucatan",20.6897,-88.2022,5,0.0,32.66,19.06,0.030000000000021315,0.02999999999995026,0.2499999999999929,0,0
2026-02-14,yucatan,"Valladolid, Yucatan",20.6897,-88.2022,5,0.0,32.12,18.89,0.010000000000021316,0.02999999999995026,0.0499999999999929,0,0
2026-02-15,yucatan,"Valladolid, Yucatan",20.6897,-88.2022,5,0.0,34.24,19.08,0.0,0.02999999999995026,0.0499999999999929,0,0
2026-02-16,yucatan,"Valladolid, Yucatan",20.6897,-88.2022,5,0.0,34.41,19.02,0.0,0.02999999999995026,0.0499999999999929,0,0
2026-02-17,yucatan,"Valladolid, Yucatan",20.6897,-88.2022,5,0.0,33.67,21.01,0.0,0.02999999999995026,0.0499999999999929,0,0
2026-02-18,yucatan,"Valladolid, Yucatan",20.6897,-88.2022,5,0.0,33.42,19.89,0.0,0.009999999999950262,0.0499999999999929,0,0
2026-02-19,yucatan,"Valladolid, Yucatan",20.6897,-88.2022,5,0.0,33.67,22.88,0.0,0.0,0.029999999999992893,0,0
2026-02-20,yucatan,"Valladolid, Yucatan",20.6897,-88.2022,5,0.0,33.87,24.03,0.0,0.0,0.029999999999992893,0,0
2026-02-21,yucatan,"Valladolid, Yucatan",20.6897,-88.2022,5,0.0,34.59,23.95,0.0,0.0,0.029999999999992893,0,0
2026-02-22,yucatan,"Valladolid, Yucatan",20.6897,-88.2022,5,3.79,34.27,21.29,3.7900000000000214,3.7899999999999503,3.8199999999999927,0,0
2026-02-23,yucatan,"Valladolid, Yucatan",20.6897,-88.2022,5,0.72,26.25,18.79,4.510000000000021,4.50999999999995,4.539999999999993,0,0
2026-02-24,yucatan,"Valladolid, Yucatan",20.6897,-88.2022,5,0.0,28.77,18.19,4.510000000000021,4.50999999999995,4.539999999999993,0,0
2026-02-25,yucatan,"Valladolid, Yucatan",20.6897,-88.2022,5,0.0,30.24,14.82,0.7200000000000213,4.50999999999995,4.519999999999993,0,0
2026-02-26,yucatan,"Valladolid, Yucatan",20.6897,-88.2022,5,0.0,33.84,18.3,0.0,4.50999999999995,4.509999999999993,0,0
2026-02-27,yucatan,"Valladolid, Yucatan",20.6897,-88.2022,5,0.07,34.86,21.39,0.07000000000002132,4.57999999999995,4.579999999999992,0,0
2026-02-28,yucatan,"Valladolid, Yucatan",20.6897,-88.2022,5,7.71,35.81,21.39,7.780000000000022,12.28999999999995,12.289999999999992,1,0
2026-03-01,yucatan,"Valladolid, Yucatan",20.6897,-88.2022,5,12.34,30.83,22.44,20.120000000000022,20.83999999999995,24.629999999999992,2,0
2026-03-02,yucatan,"Valladolid, Yucatan",20.6897,-88.2022,5,5.0,32.11,22.15,25.050000000000022,25.119999999999948,29.629999999999992,0,0
2026-03-03,yucatan,"Valladolid, Yucatan",20.6897,-88.2022,5,2.35,32.11,21.35,19.690000000000023,27.46999999999995,31.979999999999993,0,0
2026-03-04,yucatan,"Valladolid, Yucatan",20.6897,-88.2022,5,0.69,32.51,20.33,8.04000000000002,28.159999999999947,32.669999999999995,0,0
2026-03-05,yucatan,"Valladolid, Yucatan",20.6897,-88.2022,5,6.05,31.78,23.62,9.090000000000021,34.20999999999995,38.71999999999999,1,0
2026-03-06,yucatan,"Valladolid, Yucatan",20.6897,-88.2022,5,3.55,31.27,23.01,10.29000000000002,37.68999999999995,42.26999999999999,0,0
2026-03-07,yucatan,"Valladolid, Yucatan",20.6897,-88.2022,5,2.69,31.85,23.46,12.29000000000002,32.66999999999995,44.959999999999994,0,0
2026-03-08,yucatan,"Valladolid, Yucatan",20.6897,-88.2022,5,3.49,32.76,23.15,9.730000000000022,23.81999999999995,44.65999999999999,0,0
2026-03-09,yucatan,"Valladolid, Yucatan",20.6897,-88.2022,5,0.35,33.23,21.37,6.530000000000022,19.16999999999995,44.28999999999999,0,0
2026-03-10,yucatan,"Valladolid, Yucatan",20.6897,-88.2022,5,0.08,33.26,21.37,3.9200000000000217,16.89999999999995,44.36999999999999,0,0
2026-03-11,yucatan,"Valladolid, Yucatan",20.6897,-88.2022,5,0.25,32.73,21.88,0.6800000000000213,16.45999999999995,44.61999999999999,0,0
2026-03-12,yucatan,"Valladolid, Yucatan",20.6897,-88.2022,5,6.68,33.75,22.48,7.010000000000021,17.08999999999995,51.3,1,0
2026-03-13,yucatan,"Valladolid, Yucatan",20.6897,-88.2022,5,13.67,30.04,22.18,20.600000000000023,27.20999999999995,64.89999999999999,2,0
2026-03-14,yucatan,"Valladolid, Yucatan",20.6897,-88.2022,5,11.23,31.08,22.05,31.58000000000002,35.74999999999995,68.41999999999999,3,0
2026-03-15,yucatan,"Valladolid, Yucatan",20.6897,-88.2022,5,1.57,31.88,21.26,26.47000000000002,33.82999999999995,57.64999999999999,0,0
2026-03-16,yucatan,"Valladolid, Yucatan",20.6897,-88.2022,5,4.22,33.32,21.46,17.02000000000002,37.699999999999946,56.86999999999999,0,0
2026-03-17,yucatan,"Valladolid, Yucatan",20.6897,-88.2022,5,12.54,24.56,21.21,18.33000000000002,50.159999999999954,67.06,1,0
2026-03-18,yucatan,"Valladolid, Yucatan",20.6897,-88.2022,5,1.97,26.67,19.82,18.730000000000018,51.87999999999995,68.34,0,0
2026-03-19,yucatan,"Valladolid, Yucatan",20.6897,-88.2022,5,0.07,26.13,17.47,14.58000000000002,45.26999999999995,62.35999999999999,0,0
2026-03-20,yucatan,"Valladolid, Yucatan",20.6897,-88.2022,5,0.01,29.13,16.45,2.050000000000021,31.60999999999995,58.81999999999999,0,0
2026-03-21,yucatan,"Valladolid, Yucatan",20.6897,-88.2022,5,0.0,30.1,18.19,0.08000000000002132,20.379999999999953,56.12999999999999,0,0
2026-03-22,yucatan,"Valladolid, Yucatan",20.6897,-88.2022,5,0.0,31.0,18.52,0.010000000000021316,18.809999999999953,52.63999999999999,0,0
2026-03-23,yucatan,"Valladolid, Yucatan",20.6897,-88.2022,5,0.0,31.41,19.08,0.0,14.58999999999995,52.28999999999999,0,0
2026-03-24,yucatan,"Valladolid, Yucatan",20.6897,-88.2022,5,0.0,-999.0,-999.0,0.0,2.04999999999995,52.209999999999994,0,0
2026-03-25,yucatan,"Valladolid, Yucatan",20.6897,-88.2022,5,0.0,-999.0,-999.0,0.0,0.07999999999995026,51.959999999999994,0,0
2026-03-26,yucatan,"Valladolid, Yucatan",20.6897,-88.2022,5,0.0,-999.0,-999.0,0.0,0.009999999999950262,45.27999999999999,0,0
2026-03-27,yucatan,"Valladolid, Yucatan",20.6897,-88.2022,5,1.78,32.64,20.32,1.7800000000000213,1.7799999999999503,33.38999999999999,0,0
2026-03-28,yucatan,"Valladolid, Yucatan",20.6897,-88.2022,5,2.17,32.74,20.75,3.9500000000000215,3.9499999999999504,24.32999999999999,0,0
2026-03-29,yucatan,"Valladolid, Yucatan",20.6897,-88.2022,5,6.41,31.05,20.28,10.36000000000002,10.35999999999995,29.169999999999995,1,0
2026-03-30,yucatan,"Valladolid, Yucatan",20.6897,-88.2022,5,2.03,31.74,19.92,10.610000000000023,12.38999999999995,26.979999999999993,0,0
2026-03-31,yucatan,"Valladolid, Yucatan",20.6897,-88.2022,5,2.79,30.85,20.62,11.230000000000022,15.17999999999995,17.229999999999993,0,0
2026-04-01,yucatan,"Valladolid, Yucatan",20.6897,-88.2022,5,5.07,29.81,21.96,9.890000000000022,20.24999999999995,20.32999999999999,1,0
2026-04-02,yucatan,"Valladolid, Yucatan",20.6897,-88.2022,5,11.04,28.32,21.39,18.90000000000002,31.28999999999995,31.29999999999999,2,0
2026-04-03,yucatan,"Valladolid, Yucatan",20.6897,-88.2022,5,6.09,29.59,21.28,22.200000000000024,35.59999999999995,37.379999999999995,3,0
2026-04-04,yucatan,"Valladolid, Yucatan",20.6897,-88.2022,5,0.0,-999.0,-999.0,17.130000000000024,33.42999999999995,37.379999999999995,0,0
2026-04-05,yucatan,"Valladolid, Yucatan",20.6897,-88.2022,5,0.0,-999.0,-999.0,6.090000000000021,27.01999999999995,37.379999999999995,0,0
2026-04-06,yucatan,"Valladolid, Yucatan",20.6897,-88.2022,5,0.0,-999.0,-999.0,0.0,24.98999999999995,37.379999999999995,0,0
2026-04-07,yucatan,"Valladolid, Yucatan",20.6897,-88.2022,5,0.0,-999.0,-999.0,0.0,22.19999999999995,37.379999999999995,0,0
2026-04-08,yucatan,"Valladolid, Yucatan",20.6897,-88.2022,5,0.0,-999.0,-999.0,0.0,17.12999999999995,37.379999999999995,0,0
2026-04-09,yucatan,"Valladolid, Yucatan",20.6897,-88.2022,5,0.0,-999.0,-999.0,0.0,6.08999999999995,37.379999999999995,0,0
2026-04-10,yucatan,"Valladolid, Yucatan",20.6897,-88.2022,5,0.0,-999.0,-999.0,0.0,0.0,35.599999999999994,0,0
2026-04-11,yucatan,"Valladolid, Yucatan",20.6897,-88.2022,5,0.0,-999.0,-999.0,0.0,0.0,33.42999999999999,0,0
2026-04-12,yucatan,"Valladolid, Yucatan",20.6897,-88.2022,5,0.0,-999.0,-999.0,0.0,0.0,27.019999999999996,0,0
2026-04-13,yucatan,"Valladolid, Yucatan",20.6897,-88.2022,5,0.0,-999.0,-999.0,0.0,0.0,24.989999999999995,0,0
2026-04-14,yucatan,"Valladolid, Yucatan",20.6897,-88.2022,5,0.0,-999.0,-999.0,0.0,0.0,22.199999999999996,0,0
2026-04-15,yucatan,"Valladolid, Yucatan",20.6897,-88.2022,5,0.0,-999.0,-999.0,0.0,0.0,17.129999999999995,0,0
2026-04-16,yucatan,"Valladolid, Yucatan",20.6897,-88.2022,5,0.0,-999.0,-999.0,0.0,0.0,6.089999999999993,0,0
2026-04-17,yucatan,"Valladolid, Yucatan",20.6897,-88.2022,5,0.0,-999.0,-999.0,0.0,0.0,0.0,0,0
2026-04-18,yucatan,"Valladolid, Yucatan",20.6897,-88.2022,5,0.0,-999.0,-999.0,0.0,0.0,0.0,0,0
2026-04-19,yucatan,"Valladolid, Yucatan",20.6897,-88.2022,5,0.0,-999.0,-999.0,0.0,0.0,0.0,0,0
2026-04-20,yucatan,"Valladolid, Yucatan",20.6897,-88.2022,5,0.0,-999.0,-999.0,0.0,0.0,0.0,0,0
2026-04-21,yucatan,"Valladolid, Yucatan",20.6897,-88.2022,5,0.0,-999.0,-999.0,0.0,0.0,0.0,0,0
2026-04-22,yucatan,"Valladolid, Yucatan",20.6897,-88.2022,5,0.0,-999.0,-999.0,0.0,0.0,0.0,0,0
2026-04-23,yucatan,"Valladolid, Yucatan",20.6897,-88.2022,5,0.0,-999.0,-999.0,0.0,0.0,0.0,0,0
2026-04-24,yucatan,"Valladolid, Yucatan",20.6897,-88.2022,5,0.0,-999.0,-999.0,0.0,0.0,0.0,0,0
2026-04-25,yucatan,"Valladolid, Yucatan",20.6897,-88.2022,5,0.0,-999.0,-999.0,0.0,0.0,0.0,0,0
2026-04-26,yucatan,"Valladolid, Yucatan",20.6897,-88.2022,5,0.0,-999.0,-999.0,0.0,0.0,0.0,0,0
2026-04-27,yucatan,"Valladolid, Yucatan",20.6897,-88.2022,5,0.0,-999.0,-999.0,0.0,0.0,0.0,0,0
2026-04-28,yucatan,"Valladolid, Yucatan",20.6897,-88.2022,5,0.0,-999.0,-999.0,0.0,0.0,0.0,0,0
2026-04-29,yucatan,"Valladolid, Yucatan",20.6897,-88.2022,5,0.0,-999.0,-999.0,0.0,0.0,0.0,0,0
2026-04-30,yucatan,"Valladolid, Yucatan",20.6897,-88.2022,5,0.0,-999.0,-999.0,0.0,0.0,0.0,0,0
2026-05-01,yucatan,"Valladolid, Yucatan",20.6897,-88.2022,5,0.0,-999.0,-999.0,0.0,0.0,0.0,0,0
2026-05-02,yucatan,"Valladolid, Yucatan",20.6897,-88.2022,5,0.0,-999.0,-999.0,0.0,0.0,0.0,0,0
2026-05-03,yucatan,"Valladolid, Yucatan",20.6897,-88.2022,5,0.0,-999.0,-999.0,0.0,0.0,0.0,0,0
2026-05-04,yucatan,"Valladolid, Yucatan",20.6897,-88.2022,5,0.0,-999.0,-999.0,0.0,0.0,0.0,0,0
2026-05-05,yucatan,"Valladolid, Yucatan",20.6897,-88.2022,5,0.0,-999.0,-999.0,0.0,0.0,0.0,0,0
2026-05-06,yucatan,"Valladolid, Yucatan",20.6897,-88.2022,5,0.0,-999.0,-999.0,0.0,0.0,0.0,0,0
2026-05-07,yucatan,"Valladolid, Yucatan",20.6897,-88.2022,5,0.0,-999.0,-999.0,0.0,0.0,0.0,0,0
2026-05-08,yucatan,"Valladolid, Yucatan",20.6897,-88.2022,5,0.0,-999.0,-999.0,0.0,0.0,0.0,0,0
2026-05-09,yucatan,"Valladolid, Yucatan",20.6897,-88.2022,5,0.0,-999.0,-999.0,0.0,0.0,0.0,0,0
2026-05-10,yucatan,"Valladolid, Yucatan",20.6897,-88.2022,5,0.0,-999.0,-999.0,0.0,0.0,0.0,0,0
2026-05-11,yucatan,"Valladolid, Yucatan",20.6897,-88.2022,5,0.0,-999.0,-999.0,0.0,0.0,0.0,0,0
2026-05-12,yucatan,"Valladolid, Yucatan",20.6897,-88.2022,5,0.0,-999.0,-999.0,0.0,0.0,0.0,0,0
2026-05-13,yucatan,"Valladolid, Yucatan",20.6897,-88.2022,5,0.0,-999.0,-999.0,0.0,0.0,0.0,0,0
2026-05-14,yucatan,"Valladolid, Yucatan",20.6897,-88.2022,5,0.0,-999.0,-999.0,0.0,0.0,0.0,0,0
2026-05-15,yucatan,"Valladolid, Yucatan",20.6897,-88.2022,5,0.0,-999.0,-999.0,0.0,0.0,0.0,0,0
2026-05-16,yucatan,"Valladolid, Yucatan",20.6897,-88.2022,5,0.0,-999.0,-999.0,0.0,0.0,0.0,0,0
2026-05-17,yucatan,"Valladolid, Yucatan",20.6897,-88.2022,5,0.0,-999.0,-999.0,0.0,0.0,0.0,0,0
2026-05-18,yucatan,"Valladolid, Yucatan",20.6897,-88.2022,5,0.0,-999.0,-999.0,0.0,0.0,0.0,0,0
2026-05-19,yucatan,"Valladolid, Yucatan",20.6897,-88.2022,5,0.0,-999.0,-999.0,0.0,0.0,0.0,0,0
2026-05-20,yucatan,"Valladolid, Yucatan",20.6897,-88.2022,5,0.0,-999.0,-999.0,0.0,0.0,0.0,0,0
2026-05-21,yucatan,"Valladolid, Yucatan",20.6897,-88.2022,5,0.0,-999.0,-999.0,0.0,0.0,0.0,0,0
2026-05-22,yucatan,"Valladolid, Yucatan",20.6897,-88.2022,5,0.0,-999.0,-999.0,0.0,0.0,0.0,0,0
2026-05-23,yucatan,"Valladolid, Yucatan",20.6897,-88.2022,5,0.0,-999.0,-999.0,0.0,0.0,0.0,0,0
2026-05-24,yucatan,"Valladolid, Yucatan",20.6897,-88.2022,5,0.0,-999.0,-999.0,0.0,0.0,0.0,0,0
2026-05-25,yucatan,"Valladolid, Yucatan",20.6897,-88.2022,5,0.0,-999.0,-999.0,0.0,0.0,0.0,0,0
2026-05-26,yucatan,"Valladolid, Yucatan",20.6897,-88.2022,5,0.0,-999.0,-999.0,0.0,0.0,0.0,0,0
2026-05-27,yucatan,"Valladolid, Yucatan",20.6897,-88.2022,5,0.0,-999.0,-999.0,0.0,0.0,0.0,0,0
2026-05-28,yucatan,"Valladolid, Yucatan",20.6897,-88.2022,5,0.0,-999.0,-999.0,0.0,0.0,0.0,0,0
2026-05-29,yucatan,"Valladolid, Yucatan",20.6897,-88.2022,5,0.0,-999.0,-999.0,0.0,0.0,0.0,0,0
2026-05-30,yucatan,"Valladolid, Yucatan",20.6897,-88.2022,5,0.0,-999.0,-999.0,0.0,0.0,0.0,0,0
2026-05-31,yucatan,"Valladolid, Yucatan",20.6897,-88.2022,5,0.0,-999.0,-999.0,0.0,0.0,0.0,0,0
2026-06-01,yucatan,"Valladolid, Yucatan",20.6897,-88.2022,5,0.0,-999.0,-999.0,0.0,0.0,0.0,0,0
2026-06-02,yucatan,"Valladolid, Yucatan",20.6897,-88.2022,5,0.0,-999.0,-999.0,0.0,0.0,0.0,0,0
2026-06-03,yucatan,"Valladolid, Yucatan",20.6897,-88.2022,5,0.0,-999.0,-999.0,0.0,0.0,0.0,0,0
2026-06-04,yucatan,"Valladolid, Yucatan",20.6897,-88.2022,5,0.0,-999.0,-999.0,0.0,0.0,0.0,0,0
2026-06-05,yucatan,"Valladolid, Yucatan",20.6897,-88.2022,5,0.0,-999.0,-999.0,0.0,0.0,0.0,0,0
2026-06-06,yucatan,"Valladolid, Yucatan",20.6897,-88.2022,5,0.0,-999.0,-999.0,0.0,0.0,0.0,0,0
2026-06-07,yucatan,"Valladolid, Yucatan",20.6897,-88.2022,5,0.0,-999.0,-999.0,0.0,0.0,0.0,0,0
2026-06-08,yucatan,"Valladolid, Yucatan",20.6897,-88.2022,5,0.0,-999.0,-999.0,0.0,0.0,0.0,0,0
2026-06-09,yucatan,"Valladolid, Yucatan",20.6897,-88.2022,5,0.0,-999.0,-999.0,0.0,0.0,0.0,0,0
2026-06-10,yucatan,"Valladolid, Yucatan",20.6897,-88.2022,5,0.0,-999.0,-999.0,0.0,0.0,0.0,0,0
2026-06-11,yucatan,"Valladolid, Yucatan",20.6897,-88.2022,5,0.0,-999.0,-999.0,0.0,0.0,0.0,0,0
2026-06-12,yucatan,"Valladolid, Yucatan",20.6897,-88.2022,5,0.0,-999.0,-999.0,0.0,0.0,0.0,0,0
2026-06-13,yucatan,"Valladolid, Yucatan",20.6897,-88.2022,5,0.0,-999.0,-999.0,0.0,0.0,0.0,0,0
2026-06-14,yucatan,"Valladolid, Yucatan",20.6897,-88.2022,5,0.0,-999.0,-999.0,0.0,0.0,0.0,0,0
2026-06-15,yucatan,"Valladolid, Yucatan",20.6897,-88.2022,5,0.0,-999.0,-999.0,0.0,0.0,0.0,0,0
2026-06-16,yucatan,"Valladolid, Yucatan",20.6897,-88.2022,5,0.0,-999.0,-999.0,0.0,0.0,0.0,0,0
2026-06-17,yucatan,"Valladolid, Yucatan",20.6897,-88.2022,5,0.0,-999.0,-999.0,0.0,0.0,0.0,0,0
2026-06-18,yucatan,"Valladolid, Yucatan",20.6897,-88.2022,5,0.0,-999.0,-999.0,0.0,0.0,0.0,0,0
2026-06-19,yucatan,"Valladolid, Yucatan",20.6897,-88.2022,5,0.0,-999.0,-999.0,0.0,0.0,0.0,0,0
2026-06-20,yucatan,"Valladolid, Yucatan",20.6897,-88.2022,5,0.0,-999.0,-999.0,0.0,0.0,0.0,0,0
2026-06-21,yucatan,"Valladolid, Yucatan",20.6897,-88.2022,5,0.0,-999.0,-999.0,0.0,0.0,0.0,0,0
2026-06-22,yucatan,"Valladolid, Yucatan",20.6897,-88.2022,5,0.0,-999.0,-999.0,0.0,0.0,0.0,0,0
2026-06-23,yucatan,"Valladolid, Yucatan",20.6897,-88.2022,5,0.0,-999.0,-999.0,0.0,0.0,0.0,0,0
2026-06-24,yucatan,"Valladolid, Yucatan",20.6897,-88.2022,5,0.0,-999.0,-999.0,0.0,0.0,0.0,0,0
2026-06-25,yucatan,"Valladolid, Yucatan",20.6897,-88.2022,5,0.0,-999.0,-999.0,0.0,0.0,0.0,0,0
2026-06-26,yucatan,"Valladolid, Yucatan",20.6897,-88.2022,5,0.0,-999.0,-999.0,0.0,0.0,0.0,0,0
2026-06-27,yucatan,"Valladolid, Yucatan",20.6897,-88.2022,5,0.0,-999.0,-999.0,0.0,0.0,0.0,0,0
2026-06-28,yucatan,"Valladolid, Yucatan",20.6897,-88.2022,5,0.0,-999.0,-999.0,0.0,0.0,0.0,0,0
2026-06-29,yucatan,"Valladolid, Yucatan",20.6897,-88.2022,5,0.0,-999.0,-999.0,0.0,0.0,0.0,0,0
2026-06-30,yucatan,"Valladolid, Yucatan",20.6897,-88.2022,5,0.0,-999.0,-999.0,0.0,0.0,0.0,0,0
2026-07-01,yucatan,"Valladolid, Yucatan",20.6897,-88.2022,5,0.0,-999.0,-999.0,0.0,0.0,0.0,0,0
2026-07-02,yucatan,"Valladolid, Yucatan",20.6897,-88.2022,5,0.0,-999.0,-999.0,0.0,0.0,0.0,0,0
2026-07-03,yucatan,"Valladolid, Yucatan",20.6897,-88.2022,5,0.0,-999.0,-999.0,0.0,0.0,0.0,0,0
2026-07-04,yucatan,"Valladolid, Yucatan",20.6897,-88.2022,5,0.0,-999.0,-999.0,0.0,0.0,0.0,0,0
2026-07-05,yucatan,"Valladolid, Yucatan",20.6897,-88.2022,5,0.0,-999.0,-999.0,0.0,0.0,0.0,0,0
2026-07-06,yucatan,"Valladolid, Yucatan",20.6897,-88.2022,5,0.0,-999.0,-999.0,0.0,0.0,0.0,0,0
2026-07-07,yucatan,"Valladolid, Yucatan",20.6897,-88.2022,5,0.0,-999.0,-999.0,0.0,0.0,0.0,0,0
2026-07-08,yucatan,"Valladolid, Yucatan",20.6897,-88.2022,5,0.0,-999.0,-999.0,0.0,0.0,0.0,0,0
2026-07-09,yucatan,"Valladolid, Yucatan",20.6897,-88.2022,5,0.0,-999.0,-999.0,0.0,0.0,0.0,0,0
2026-07-10,yucatan,"Valladolid, Yucatan",20.6897,-88.2022,5,0.0,-999.0,-999.0,0.0,0.0,0.0,0,0
2026-07-11,yucatan,"Valladolid, Yucatan",20.6897,-88.2022,5,0.0,-999.0,-999.0,0.0,0.0,0.0,0,0
2026-07-12,yucatan,"Valladolid, Yucatan",20.6897,-88.2022,5,0.0,-999.0,-999.0,0.0,0.0,0.0,0,0
2026-07-13,yucatan,"Valladolid, Yucatan",20.6897,-88.2022,5,0.0,-999.0,-999.0,0.0,0.0,0.0,0,0
