date,lluvia_mm,temp_max,temp_min,lluvia_3d,lluvia_7d,lluvia_14d,dias_lluvia_consec,lluvia_lag3,lluvia_lag5,lluvia_lag7,lluvia_3d_lag3,lluvia_3d_lag5,lluvia_7d_lag5,lluvia_7d_lag7,evento_lluvia,evento_lluvia_lag5,evento_lluvia_lag7,dias_consec_lag3,dias_consec_lag5,sequia_proxy
2018-01-01,2.15,18.42,9.05,,,,0,,,,,,,,0,,,,,0
2018-01-02,0.89,15.72,8.97,,,,0,,,,,,,,0,,,,,0
2018-01-03,0.69,11.84,7.49,3.73,,,0,,,,,,,,0,,,,,0
2018-01-04,0.34,15.42,7.98,1.92,,,0,2.15,,,,,,,0,,,0.0,,0
2018-01-05,0.25,17.5,10.93,1.2799999999999998,,,0,0.89,,,,,,,0,,,0.0,,0
2018-01-06,0.14,19.68,14.21,0.73,,,0,0.69,2.15,,3.73,,,,0,0.0,,0.0,0.0,0
2018-01-07,0.11,23.5,14.87,0.5,4.57,,0,0.34,0.89,,1.92,,,,0,0.0,,0.0,0.0,0
2018-01-08,0.07,22.78,14.62,0.32,2.49,,0,0.25,0.69,2.15,1.2799999999999998,3.73,,,0,0.0,0.0,0.0,0.0,0
2018-01-09,0.0,21.69,11.97,0.18,1.5999999999999999,,0,0.14,0.34,0.89,0.73,1.92,,,0,0.0,0.0,0.0,0.0,0
2018-01-10,0.0,25.09,13.38,0.07,0.91,,0,0.11,0.25,0.69,0.5,1.2799999999999998,,,0,0.0,0.0,0.0,0.0,0
2018-01-11,0.0,27.92,15.45,0.0,0.5700000000000001,,0,0.07,0.14,0.34,0.32,0.73,,,0,0.0,0.0,0.0,0.0,0
2018-01-12,0.77,17.69,9.88,0.77,1.09,,0,0.0,0.11,0.25,0.18,0.5,4.57,,0,0.0,0.0,0.0,0.0,0
2018-01-13,1.34,17.54,9.47,2.1100000000000003,2.29,,0,0.0,0.07,0.14,0.07,0.32,2.49,,0,0.0,0.0,0.0,0.0,0
2018-01-14,3.19,14.02,12.14,5.3,5.370000000000001,9.94,0,0.0,0.0,0.11,0.0,0.18,1.5999999999999999,4.57,0,0.0,0.0,0.0,0.0,0
2018-01-15,0.33,19.06,12.61,4.859999999999999,5.63,8.12,0,0.77,0.0,0.07,0.77,0.07,0.91,2.49,0,0.0,0.0,0.0,0.0,0
2018-01-16,9.7,18.76,13.25,13.219999999999999,15.329999999999998,16.93,1,1.34,0.0,0.0,2.1100000000000003,0.0,0.5700000000000001,1.5999999999999999,0,0.0,0.0,0.0,0.0,0
2018-01-17,5.61,10.28,5.96,15.64,20.939999999999998,21.849999999999998,2,3.19,0.77,0.0,5.3,0.77,1.09,0.91,0,0.0,0.0,0.0,0.0,0
2018-01-18,0.96,12.31,6.33,16.27,21.9,22.47,0,0.33,1.34,0.0,4.859999999999999,2.1100000000000003,2.29,0.5700000000000001,0,0.0,0.0,0.0,0.0,0
2018-01-19,0.61,19.52,11.4,7.180000000000001,21.74,22.83,0,9.7,3.19,0.77,13.219999999999999,5.3,5.370000000000001,1.09,0,0.0,0.0,1.0,0.0,0
2018-01-20,2.65,23.74,14.07,4.22,23.049999999999997,25.340000000000003,0,5.61,0.33,1.34,15.64,4.859999999999999,5.63,2.29,0,0.0,0.0,2.0,0.0,0
2018-01-21,0.04,26.27,15.3,3.3,19.9,25.27,0,0.96,9.7,3.19,16.27,13.219999999999999,15.329999999999998,5.370000000000001,0,0.0,0.0,0.0,1.0,0
2018-01-22,3.54,25.94,16.79,6.23,23.11,28.74,0,0.61,5.61,0.33,7.180000000000001,15.64,20.939999999999998,5.63,0,0.0,0.0,0.0,2.0,0
2018-01-23,3.63,20.18,13.3,7.21,17.04,32.37,0,2.65,0.96,9.7,4.22,16.27,21.9,15.329999999999998,0,0.0,0.0,0.0,0.0,0
2018-01-24,12.16,17.25,12.59,19.33,23.59,44.53,1,0.04,0.61,5.61,3.3,7.180000000000001,21.74,20.939999999999998,0,0.0,0.0,0.0,0.0,0
2018-01-25,8.8,16.55,11.13,24.590000000000003,31.43,53.33,2,3.54,2.65,0.96,6.23,4.22,23.049999999999997,21.9,0,0.0,0.0,0.0,0.0,0
2018-01-26,2.5,21.38,13.39,23.46,33.32,55.06,0,3.63,0.04,0.61,7.21,3.3,19.9,21.74,0,0.0,0.0,0.0,0.0,0
2018-01-27,1.82,22.49,16.37,13.120000000000001,32.49,55.54,0,12.16,3.54,2.65,19.33,6.23,23.11,23.049999999999997,0,0.0,0.0,1.0,0.0,0
2018-01-28,36.23,20.6,17.05,40.55,68.68,88.58,1,8.8,3.63,0.04,24.590000000000003,7.21,17.04,19.9,1,0.0,0.0,2.0,0.0,0
2018-01-29,38.98,18.16,12.9,77.03,104.11999999999999,127.22999999999999,2,2.5,12.16,3.54,23.46,19.33,23.59,23.11,1,0.0,0.0,0.0,1.0,0
2018-01-30,0.21,12.92,10.62,75.42,100.69999999999999,117.74,0,1.82,8.8,3.63,13.120000000000001,24.590000000000003,31.43,17.04,0,0.0,0.0,0.0,2.0,0
2018-01-31,0.0,19.03,9.48,39.19,88.53999999999999,112.13,0,36.23,2.5,12.16,40.55,23.46,33.32,23.59,0,0.0,0.0,1.0,0.0,0
2018-02-01,0.0,23.6,14.34,0.21,79.73999999999998,111.16999999999999,0,38.98,1.82,8.8,77.03,13.120000000000001,32.49,31.43,0,0.0,0.0,2.0,0.0,0
2018-02-02,0.78,21.98,14.37,0.78,78.01999999999998,111.33999999999999,0,0.21,36.23,2.5,75.42,40.55,68.68,33.32,0,1.0,0.0,0.0,1.0,0
2018-02-03,0.34,22.0,15.03,1.12,76.53999999999999,109.03,0,0.0,38.98,1.82,39.19,77.03,104.11999999999999,32.49,0,1.0,0.0,0.0,2.0,0
2018-02-04,0.0,26.01,16.36,1.12,40.309999999999995,108.99,0,0.0,0.21,36.23,0.21,75.42,100.69999999999999,68.68,0,0.0,1.0,0.0,0.0,0
2018-02-05,0.01,24.81,17.43,0.35000000000000003,1.34,105.46,0,0.78,0.0,38.98,0.78,39.19,88.53999999999999,104.11999999999999,0,0.0,1.0,0.0,0.0,0
2018-02-06,0.0,24.98,15.68,0.01,1.1300000000000001,101.82999999999998,0,0.34,0.0,0.21,1.12,0.21,79.73999999999998,100.69999999999999,0,0.0,0.0,0.0,0.0,0
2018-02-07,3.6,25.05,16.76,3.61,4.73,93.27,0,0.0,0.78,0.0,1.12,0.78,78.01999999999998,88.53999999999999,0,0.0,0.0,0.0,0.0,0
2018-02-08,16.9,18.14,13.56,20.5,21.63,101.36999999999999,1,0.01,0.34,0.0,0.35000000000000003,1.12,76.53999999999999,79.73999999999998,0,0.0,0.0,0.0,0.0,0
2018-02-09,3.79,20.33,13.47,24.29,24.639999999999997,102.66,0,0.0,0.0,0.78,0.01,1.12,40.309999999999995,78.01999999999998,0,0.0,0.0,0.0,0.0,0
2018-02-10,0.01,24.58,15.29,20.7,24.31,100.85,0,3.6,0.01,0.34,3.61,0.35000000000000003,1.34,76.53999999999999,0,0.0,0.0,0.0,0.0,0
2018-02-11,0.05,26.92,17.34,3.85,24.36,64.67,0,16.9,0.0,0.0,20.5,0.01,1.1300000000000001,40.309999999999995,0,0.0,0.0,1.0,0.0,0
2018-02-12,3.58,20.8,14.35,3.64,27.93,29.27,0,3.79,3.6,0.01,24.29,3.61,4.73,1.34,0,0.0,0.0,0.0,0.0,0
2018-02-13,0.86,19.51,14.1,4.49,28.79,29.919999999999998,0,0.01,16.9,0.0,20.7,20.5,21.63,1.1300000000000001,0,0.0,0.0,0.0,1.0,0
2018-02-14,1.45,22.51,16.26,5.890000000000001,26.64,31.369999999999997,0,0.05,3.79,3.6,3.85,24.29,24.639999999999997,4.73,0,0.0,0.0,0.0,0.0,0
2018-02-15,0.13,24.81,14.38,2.44,9.870000000000001,31.5,0,3.58,0.01,16.9,3.64,20.7,24.31,21.63,0,0.0,0.0,0.0,0.0,0
2018-02-16,0.03,25.75,15.36,1.61,6.11,30.75,0,0.86,0.05,3.79,4.49,3.85,24.36,24.639999999999997,0,0.0,0.0,0.0,0.0,0
2018-02-17,0.02,24.83,15.91,0.18,6.12,30.430000000000003,0,1.45,3.58,0.01,5.890000000000001,3.64,27.93,24.31,0,0.0,0.0,0.0,0.0,0
2018-02-18,0.37,24.16,16.31,0.42,6.44,30.8,0,0.13,0.86,0.05,2.44,4.49,28.79,24.36,0,0.0,0.0,0.0,0.0,0
2018-02-19,0.04,25.94,15.95,0.43,2.9,30.830000000000002,0,0.03,1.45,3.58,1.61,5.890000000000001,26.64,27.93,0,0.0,0.0,0.0,0.0,0
2018-02-20,1.66,27.16,17.64,2.07,3.7,32.49,0,0.02,0.13,0.86,0.18,2.44,9.870000000000001,28.79,0,0.0,0.0,0.0,0.0,0
2018-02-21,1.69,27.63,19.21,3.3899999999999997,3.94,30.58,0,0.37,0.03,1.45,0.42,1.61,6.11,26.64,0,0.0,0.0,0.0,0.0,0
2018-02-22,0.43,25.52,18.33,3.78,4.24,14.11,0,0.04,0.02,0.13,0.43,0.18,6.12,9.870000000000001,0,0.0,0.0,0.0,0.0,0
2018-02-23,0.33,26.15,17.26,2.45,4.54,10.65,0,1.66,0.37,0.03,2.07,0.42,6.44,6.11,0,0.0,0.0,0.0,0.0,0
2018-02-24,0.0,27.69,17.21,0.76,4.5200000000000005,10.639999999999999,0,1.69,0.04,0.02,3.3899999999999997,0.43,2.9,6.12,0,0.0,0.0,0.0,0.0,0
2018-02-25,0.01,28.66,18.95,0.34,4.16,10.6,0,0.43,1.66,0.37,3.78,2.07,3.7,6.44,0,0.0,0.0,0.0,0.0,0
2018-02-26,0.54,26.58,18.88,0.55,4.66,7.5600000000000005,0,0.33,1.69,0.04,2.45,3.3899999999999997,3.94,2.9,0,0.0,0.0,0.0,0.0,0
2018-02-27,0.04,28.23,17.37,0.5900000000000001,3.04,6.74,0,0.0,0.43,1.66,0.76,3.78,4.24,3.7,0,0.0,0.0,0.0,0.0,0
2018-02-28,0.0,28.83,16.68,0.5800000000000001,1.35,5.29,0,0.01,0.33,1.69,0.34,2.45,4.54,3.94,0,0.0,0.0,0.0,0.0,0
2018-03-01,0.67,30.52,17.83,0.7100000000000001,1.5900000000000003,5.83,0,0.54,0.0,0.43,0.55,0.76,4.5200000000000005,4.24,0,0.0,0.0,0.0,0.0,0
2018-03-02,0.03,23.76,16.77,0.7000000000000001,1.29,5.83,0,0.04,0.01,0.33,0.5900000000000001,0.34,4.16,4.54,0,0.0,0.0,0.0,0.0,0
2018-03-03,0.0,26.26,17.3,0.7000000000000001,1.29,5.8100000000000005,0,0.0,0.54,0.0,0.5800000000000001,0.55,4.66,4.5200000000000005,0,0.0,0.0,0.0,0.0,0
2018-03-04,0.0,27.56,16.64,0.03,1.28,5.44,0,0.67,0.04,0.01,0.7100000000000001,0.5900000000000001,3.04,4.16,0,0.0,0.0,0.0,0.0,0
2018-03-05,0.0,28.93,17.17,0.0,0.7400000000000001,5.4,0,0.03,0.0,0.54,0.7000000000000001,0.5800000000000001,1.35,4.66,0,0.0,0.0,0.0,0.0,0
2018-03-06,1.81,28.89,17.71,1.81,2.5100000000000002,5.55,0,0.0,0.67,0.04,0.7000000000000001,0.7100000000000001,1.5900000000000003,3.04,0,0.0,0.0,0.0,0.0,0
2018-03-07,28.64,20.74,16.06,30.45,31.150000000000002,32.5,1,0.0,0.03,0.0,0.03,0.7000000000000001,1.29,1.35,1,0.0,0.0,0.0,0.0,0
2018-03-08,2.16,22.92,15.47,32.61,32.64,34.230000000000004,0,0.0,0.0,0.67,0.0,0.7000000000000001,1.29,1.5900000000000003,0,0.0,0.0,0.0,0.0,0
2018-03-09,0.6,27.27,17.72,31.400000000000002,33.21,34.5,0,1.81,0.0,0.03,1.81,0.03,1.28,1.29,0,0.0,0.0,0.0,0.0,0
2018-03-10,0.01,30.34,17.68,2.77,33.22,34.510000000000005,0,28.64,0.0,0.0,30.45,0.0,0.7400000000000001,1.29,0,0.0,0.0,1.0,0.0,0
2018-03-11,0.09,30.44,19.76,0.7,33.31,34.589999999999996,0,2.16,1.81,0.0,32.61,1.81,2.5100000000000002,1.28,0,0.0,0.0,0.0,0.0,0
2018-03-12,17.57,20.19,15.5,17.67,50.879999999999995,51.62,1,0.6,28.64,0.0,31.400000000000002,30.45,31.150000000000002,0.7400000000000001,0,1.0,0.0,0.0,1.0,0
2018-03-13,6.98,22.64,15.4,24.64,56.050000000000004,58.56,2,0.01,2.16,1.81,2.77,32.61,32.64,2.5100000000000002,0,0.0,0.0,0.0,0.0,0
2018-03-14,6.44,21.38,17.7,30.990000000000002,33.85,65.0,3,0.09,0.6,28.64,0.7,31.400000000000002,33.21,31.150000000000002,0,0.0,1.0,0.0,0.0,0
2018-03-15,2.02,26.6,17.88,15.440000000000001,33.71,66.35,0,17.57,0.01,2.16,17.67,2.77,33.22,32.64,0,0.0,0.0,1.0,0.0,0
2018-03-16,0.08,28.86,18.19,8.540000000000001,33.19,66.39999999999999,0,6.98,0.09,0.6,24.64,0.7,33.31,33.21,0,0.0,0.0,2.0,0.0,0
2018-03-17,0.32,29.13,19.32,2.42,33.5,66.72,0,6.44,17.57,0.01,30.990000000000002,17.67,50.879999999999995,33.22,0,0.0,0.0,3.0,1.0,0
2018-03-18,0.05,30.97,19.87,0.45,33.46,66.77,0,2.02,6.98,0.09,15.440000000000001,24.64,56.050000000000004,33.31,0,0.0,0.0,0.0,2.0,0
2018-03-19,0.05,32.48,20.56,0.42000000000000004,15.940000000000001,66.82,0,0.08,6.44,17.57,8.540000000000001,30.990000000000002,33.85,50.879999999999995,0,0.0,0.0,0.0,3.0,0
2018-03-20,6.02,25.61,19.98,6.119999999999999,14.98,71.03,1,0.32,2.02,6.98,2.42,15.440000000000001,33.71,56.050000000000004,0,0.0,0.0,0.0,0.0,0
2018-03-21,21.22,23.46,18.69,27.29,29.759999999999998,63.61,2,0.05,0.08,6.44,0.45,8.540000000000001,33.19,33.85,1,0.0,0.0,0.0,0.0,0
2018-03-22,7.91,24.19,18.19,35.15,35.65,69.36,3,0.05,0.32,2.02,0.42000000000000004,2.42,33.5,33.71,0,0.0,0.0,0.0,0.0,0
2018-03-23,3.75,25.57,18.48,32.879999999999995,39.32,72.50999999999999,0,6.02,0.05,0.08,6.119999999999999,0.45,33.46,33.19,0,0.0,0.0,1.0,0.0,0
2018-03-24,0.09,28.51,17.44,11.75,39.09,72.59,0,21.22,0.05,0.32,27.29,0.42000000000000004,15.940000000000001,33.5,0,0.0,0.0,2.0,0.0,0
2018-03-25,0.0,28.34,17.81,3.84,39.04,72.5,0,7.91,6.02,0.05,35.15,6.119999999999999,14.98,33.46,0,0.0,0.0,3.0,1.0,0
2018-03-26,0.03,29.63,17.91,0.12,39.019999999999996,54.96,0,3.75,21.22,0.05,32.879999999999995,27.29,29.759999999999998,15.940000000000001,0,1.0,0.0,0.0,2.0,0
2018-03-27,0.01,30.57,19.51,0.04,33.010000000000005,47.99,0,0.09,7.91,6.02,11.75,35.15,35.65,14.98,0,0.0,0.0,0.0,3.0,0
2018-03-28,0.0,30.96,20.18,0.04,11.790000000000001,41.55,0,0.0,3.75,21.22,3.84,32.879999999999995,39.32,29.759999999999998,0,0.0,1.0,0.0,0.0,0
2018-03-29,5.43,28.05,19.37,5.4399999999999995,9.309999999999999,44.96,1,0.03,0.09,7.91,0.12,11.75,39.09,35.65,0,0.0,0.0,0.0,0.0,0
2018-03-30,3.19,23.02,17.45,8.62,8.75,48.06999999999999,0,0.01,0.0,3.75,0.04,3.84,39.04,39.32,0,0.0,0.0,0.0,0.0,0
2018-03-31,0.1,25.21,16.07,8.719999999999999,8.76,47.849999999999994,0,0.0,0.03,0.09,0.04,0.12,39.019999999999996,39.09,0,0.0,0.0,0.0,0.0,0
2018-04-01,0.07,28.27,17.52,3.36,8.83,47.87,0,5.43,0.01,0.0,5.4399999999999995,0.04,33.010000000000005,39.04,0,0.0,0.0,1.0,0.0,0
2018-04-02,0.0,29.94,17.7,0.17,8.8,47.82,0,3.19,0.0,0.03,8.62,0.04,11.790000000000001,39.019999999999996,0,0.0,0.0,0.0,0.0,0
2018-04-03,0.23,31.82,19.75,0.30000000000000004,9.02,42.03,0,0.1,5.43,0.01,8.719999999999999,5.4399999999999995,9.309999999999999,33.010000000000005,0,0.0,0.0,0.0,1.0,0
2018-04-04,27.32,26.98,20.72,27.55,36.34,48.129999999999995,1,0.07,3.19,0.0,3.36,8.62,8.75,11.790000000000001,1,0.0,0.0,0.0,0.0,0
2018-04-05,8.02,26.56,19.7,35.57,38.93,48.24,2,0.0,0.1,5.43,0.17,8.719999999999999,8.76,9.309999999999999,0,0.0,0.0,0.0,0.0,0
2018-04-06,0.5,28.94,19.99,35.84,36.24,44.989999999999995,0,0.23,0.07,3.19,0.30000000000000004,3.36,8.83,8.75,0,0.0,0.0,0.0,0.0,0
2018-04-07,0.11,33.13,20.58,8.629999999999999,36.25,45.01,0,27.32,0.0,0.1,27.55,0.17,8.8,8.76,0,0.0,0.0,1.0,0.0,0
2018-04-08,2.82,27.27,19.65,3.4299999999999997,39.0,47.83,0,8.02,0.23,0.07,35.57,0.30000000000000004,9.02,8.83,0,0.0,0.0,2.0,0.0,0
2018-04-09,0.29,31.55,19.97,3.2199999999999998,39.29,48.089999999999996,0,0.5,27.32,0.0,35.84,27.55,36.34,8.8,0,1.0,0.0,0.0,1.0,0
2018-04-10,22.58,26.05,20.57,25.689999999999998,61.64,70.66,1,0.11,8.02,0.23,8.629999999999999,35.57,38.93,9.02,1,0.0,0.0,0.0,2.0,0
2018-04-11,7.01,23.72,18.46,29.879999999999995,41.32999999999999,77.67,2,2.82,0.5,27.32,3.4299999999999997,35.84,36.24,36.34,0,0.0,1.0,0.0,0.0,0
2018-04-12,1.21,27.33,18.16,30.799999999999997,34.519999999999996,73.44999999999999,0,0.29,0.11,8.02,3.2199999999999998,8.629999999999999,36.25,38.93,0,0.0,0.0,0.0,0.0,0
2018-04-13,0.11,31.56,21.59,8.33,34.129999999999995,70.36999999999999,0,22.58,2.82,0.5,25.689999999999998,3.4299999999999997,39.0,36.24,0,0.0,0.0,1.0,0.0,0
2018-04-14,0.81,28.87,16.16,2.13,34.83,71.08,0,7.01,0.29,0.11,29.879999999999995,3.2199999999999998,39.29,36.25,0,0.0,0.0,2.0,0.0,0
2018-04-15,1.06,22.62,13.78,1.98,33.07,72.07,0,1.21,22.58,2.82,30.799999999999997,25.689999999999998,61.64,39.0,0,1.0,0.0,0.0,1.0,0
2018-04-16,0.0,23.66,14.1,1.8699999999999999,32.78,72.07,0,0.11,7.01,0.29,8.33,29.879999999999995,41.32999999999999,39.29,0,0.0,0.0,0.0,2.0,0
2018-04-17,0.0,27.48,15.07,1.06,10.2,71.84,0,0.81,1.21,22.58,2.13,30.799999999999997,34.519999999999996,61.64,0,0.0,1.0,0.0,0.0,0
2018-04-18,0.0,30.04,18.48,0.0,3.19,44.519999999999996,0,1.06,0.11,7.01,1.98,8.33,34.129999999999995,41.32999999999999,0,0.0,0.0,0.0,0.0,0
2018-04-19,0.52,26.36,17.83,0.52,2.5,37.019999999999996,0,0.0,0.81,1.21,1.8699999999999999,2.13,34.83,34.519999999999996,0,0.0,0.0,0.0,0.0,0
2018-04-20,0.19,26.0,17.26,0.71,2.58,36.709999999999994,0,0.0,1.06,0.11,1.06,1.98,33.07,34.129999999999995,0,0.0,0.0,0.0,0.0,0
2018-04-21,0.04,31.42,19.69,0.75,1.81,36.64,0,0.0,0.0,0.81,0.0,1.8699999999999999,32.78,34.83,0,0.0,0.0,0.0,0.0,0
2018-04-22,1.05,28.82,19.77,1.28,1.8,34.87,0,0.52,0.0,1.06,0.52,1.06,10.2,33.07,0,0.0,0.0,0.0,0.0,0
2018-04-23,1.64,27.91,20.99,2.73,3.44,36.22,0,0.19,0.0,0.0,0.71,0.0,3.19,32.78,0,0.0,0.0,0.0,0.0,0
2018-04-24,8.82,28.85,20.6,11.51,12.26,22.46,1,0.04,0.52,0.0,0.75,0.52,2.5,10.2,0,0.0,0.0,0.0,0.0,0
2018-04-25,12.35,28.68,20.46,22.81,24.61,27.8,2,1.05,0.19,0.0,1.28,0.71,2.58,3.19,0,0.0,0.0,0.0,0.0,0
2018-04-26,15.35,27.26,20.79,36.519999999999996,39.44,41.94,3,1.64,0.04,0.52,2.73,0.75,1.81,2.5,0,0.0,0.0,0.0,0.0,0
2018-04-27,8.2,26.49,19.9,35.9,47.45,50.03,4,8.82,1.05,0.19,11.51,1.28,1.8,2.58,0,0.0,0.0,1.0,0.0,0
2018-04-28,13.53,25.32,19.51,37.08,60.94,62.75,5,12.35,1.64,0.04,22.81,2.73,3.44,1.81,0,0.0,0.0,2.0,0.0,0
2018-04-29,5.68,25.63,20.1,27.409999999999997,65.57,67.37,6,15.35,8.82,1.05,36.519999999999996,11.51,12.26,1.8,0,0.0,0.0,3.0,1.0,0
2018-04-30,3.02,25.57,20.54,22.23,66.95,70.39,0,8.2,12.35,1.64,35.9,22.81,24.61,3.44,0,0.0,0.0,4.0,2.0,0
2018-05-01,3.37,29.83,20.77,12.07,61.49999999999999,73.76,0,13.53,15.35,8.82,37.08,36.519999999999996,39.44,12.26,0,0.0,0.0,5.0,3.0,0
2018-05-02,0.85,30.13,21.98,7.24,49.99999999999999,74.61,0,5.68,8.2,12.35,27.409999999999997,35.9,47.45,24.61,0,0.0,0.0,6.0,4.0,0
2018-05-03,0.23,30.31,20.9,4.45,34.88,74.32000000000001,0,3.02,13.53,15.35,22.23,37.08,60.94,39.44,0,0.0,0.0,0.0,5.0,0
2018-05-04,3.28,28.49,19.88,4.359999999999999,29.959999999999997,77.41,0,3.37,5.68,8.2,12.07,27.409999999999997,65.57,47.45,0,0.0,0.0,0.0,6.0,0
2018-05-05,9.38,26.47,19.95,12.89,25.810000000000002,86.75,1,0.85,3.02,13.53,7.24,22.23,66.95,60.94,0,0.0,0.0,0.0,0.0,0
2018-05-06,6.56,25.82,19.88,19.22,26.69,92.26,2,0.23,3.37,5.68,4.45,12.07,61.49999999999999,65.57,0,0.0,0.0,0.0,0.0,0
2018-05-07,4.33,25.87,18.9,20.27,28.0,94.95,0,3.28,0.85,3.02,4.359999999999999,7.24,49.99999999999999,66.95,0,0.0,0.0,0.0,0.0,0
2018-05-08,1.12,24.73,19.45,12.01,25.75,87.25,0,9.38,0.23,3.37,12.89,4.45,34.88,61.49999999999999,0,0.0,0.0,1.0,0.0,0
2018-05-09,0.8,26.6,19.01,6.25,25.700000000000003,75.7,0,6.56,3.28,0.85,19.22,4.359999999999999,29.959999999999997,49.99999999999999,0,0.0,0.0,2.0,0.0,0
2018-05-10,0.47,26.19,19.3,2.39,25.94,60.82,0,4.33,9.38,0.23,20.27,12.89,25.810000000000002,34.88,0,0.0,0.0,0.0,1.0,0
2018-05-11,0.43,29.02,19.76,1.7,23.09,53.050000000000004,0,1.12,6.56,3.28,12.01,19.22,26.69,29.959999999999997,0,0.0,0.0,0.0,2.0,0
2018-05-12,0.05,31.83,20.38,0.95,13.76,39.57000000000001,0,0.8,4.33,9.38,6.25,20.27,28.0,25.810000000000002,0,0.0,0.0,0.0,0.0,0
2018-05-13,0.39,30.28,21.72,0.87,7.59,34.28,0,0.47,1.12,6.56,2.39,12.01,25.75,26.69,0,0.0,0.0,0.0,0.0,0
2018-05-14,0.34,28.74,21.46,0.78,3.6,31.6,0,0.43,0.8,4.33,1.7,6.25,25.700000000000003,28.0,0,0.0,0.0,0.0,0.0,0
2018-05-15,0.2,29.21,21.21,0.9299999999999999,2.68,28.430000000000003,0,0.05,0.47,1.12,0.95,2.39,25.94,25.75,0,0.0,0.0,0.0,0.0,0
2018-05-16,0.05,29.4,20.51,0.5900000000000001,1.93,27.630000000000003,0,0.39,0.43,0.8,0.87,1.7,23.09,25.700000000000003,0,0.0,0.0,0.0,0.0,0
2018-05-17,0.08,29.93,19.42,0.33,1.54,27.48,0,0.34,0.05,0.47,0.78,0.95,13.76,25.94,0,0.0,0.0,0.0,0.0,0
2018-05-18,0.0,30.63,19.2,0.13,1.11,24.200000000000003,0,0.2,0.39,0.43,0.9299999999999999,0.87,7.59,23.09,0,0.0,0.0,0.0,0.0,0
2018-05-19,0.05,32.44,20.26,0.13,1.11,14.870000000000001,0,0.05,0.34,0.05,0.5900000000000001,0.78,3.6,13.76,0,0.0,0.0,0.0,0.0,0
2018-05-20,1.14,32.06,21.99,1.19,1.8599999999999999,9.450000000000003,0,0.08,0.2,0.39,0.33,0.9299999999999999,2.68,7.59,0,0.0,0.0,0.0,0.0,0
2018-05-21,5.9,29.29,22.86,7.09,7.42,11.020000000000003,1,0.0,0.05,0.34,0.13,0.5900000000000001,1.93,3.6,0,0.0,0.0,0.0,0.0,0
2018-05-22,4.28,29.92,22.02,11.32,11.5,14.180000000000001,0,0.05,0.08,0.2,0.13,0.33,1.54,2.68,0,0.0,0.0,0.0,0.0,0
2018-05-23,0.33,30.25,21.14,10.51,11.780000000000001,13.710000000000003,0,1.14,0.0,0.05,1.19,0.13,1.11,1.93,0,0.0,0.0,0.0,0.0,0
2018-05-24,0.55,29.84,20.21,5.159999999999999,12.250000000000002,13.790000000000003,0,5.9,0.05,0.08,7.09,0.13,1.11,1.54,0,0.0,0.0,1.0,0.0,0
2018-05-25,0.17,30.37,19.64,1.0499999999999992,12.420000000000002,13.530000000000003,0,4.28,1.14,0.0,11.32,1.19,1.8599999999999999,1.11,0,0.0,0.0,0.0,0.0,0
2018-05-26,0.05,30.48,19.37,0.7699999999999991,12.42,13.530000000000001,0,0.33,5.9,0.05,10.51,7.09,7.42,1.11,0,0.0,0.0,0.0,1.0,0
2018-05-27,0.0,31.42,20.04,0.21999999999999914,11.28,13.140000000000002,0,0.55,4.28,1.14,5.159999999999999,11.32,11.5,1.8599999999999999,0,0.0,0.0,0.0,0.0,0
2018-05-28,0.0,32.21,20.46,0.049999999999999115,5.380000000000001,12.800000000000002,0,0.17,0.33,5.9,1.0499999999999992,10.51,11.780000000000001,7.42,0,0.0,0.0,0.0,0.0,0
2018-05-29,0.0,33.17,21.65,0.0,1.1,12.600000000000001,0,0.05,0.55,4.28,0.7699999999999991,5.159999999999999,12.250000000000002,11.5,0,0.0,0.0,0.0,0.0,0
2018-05-30,0.01,33.5,22.57,0.009999999999999112,0.78,12.560000000000002,0,0.0,0.17,0.33,0.21999999999999914,1.0499999999999992,12.420000000000002,11.780000000000001,0,0.0,0.0,0.0,0.0,0
2018-05-31,0.02,32.54,22.87,0.02999999999999911,0.25,12.500000000000004,0,0.0,0.05,0.55,0.049999999999999115,0.7699999999999991,12.42,12.250000000000002,0,0.0,0.0,0.0,0.0,0
2018-06-01,1.25,30.97,22.46,1.2799999999999991,1.33,13.750000000000004,0,0.0,0.0,0.17,0.0,0.21999999999999914,11.28,12.420000000000002,0,0.0,0.0,0.0,0.0,0
2018-06-02,2.23,30.94,22.51,3.499999999999999,3.51,15.930000000000003,0,0.01,0.0,0.05,0.009999999999999112,0.049999999999999115,5.380000000000001,12.42,0,0.0,0.0,0.0,0.0,0
2018-06-03,2.11,31.4,20.96,5.589999999999999,5.62,16.900000000000002,0,0.02,0.0,0.0,0.02999999999999911,0.0,1.1,11.28,0,0.0,0.0,0.0,0.0,0
2018-06-04,0.5,31.7,21.35,4.839999999999999,6.12,11.500000000000004,0,1.25,0.01,0.0,1.2799999999999991,0.009999999999999112,0.78,5.380000000000001,0,0.0,0.0,0.0,0.0,0
2018-06-05,0.29,32.76,21.58,2.899999999999999,6.41,7.510000000000002,0,2.23,0.02,0.0,3.499999999999999,0.02999999999999911,0.25,1.1,0,0.0,0.0,0.0,0.0,0
2018-06-06,4.97,32.31,23.32,5.759999999999999,11.370000000000001,12.150000000000002,0,2.11,1.25,0.01,5.589999999999999,1.2799999999999991,1.33,0.78,0,0.0,0.0,0.0,0.0,0
2018-06-07,7.05,31.58,22.72,12.309999999999999,18.4,18.65,1,0.5,2.23,0.02,4.839999999999999,3.499999999999999,3.51,0.25,0,0.0,0.0,0.0,0.0,0
2018-06-08,4.27,30.77,22.89,16.29,21.42,22.75,0,0.29,2.11,1.25,2.899999999999999,5.589999999999999,5.62,1.33,0,0.0,0.0,0.0,0.0,0
2018-06-09,3.85,29.37,22.56,15.169999999999998,23.04,26.55,0,4.97,0.5,2.23,5.759999999999999,4.839999999999999,6.12,3.51,0,0.0,0.0,0.0,0.0,0
2018-06-10,0.92,30.48,21.72,9.039999999999997,21.85,27.470000000000002,0,7.05,0.29,2.11,12.309999999999999,2.899999999999999,6.41,5.62,0,0.0,0.0,1.0,0.0,0
2018-06-11,0.09,32.19,21.99,4.859999999999999,21.44,27.560000000000002,0,4.27,4.97,0.5,16.29,5.759999999999999,11.370000000000001,6.12,0,0.0,0.0,0.0,0.0,0
2018-06-12,22.66,28.09,23.02,23.669999999999998,43.81,50.22,1,3.85,7.05,0.29,15.169999999999998,12.309999999999999,18.4,6.41,1,0.0,0.0,0.0,1.0,0
2018-06-13,15.08,27.5,21.62,37.83,53.92,65.29,2,0.92,4.27,4.97,9.039999999999997,16.29,21.42,11.370000000000001,0,0.0,0.0,0.0,0.0,0
2018-06-14,6.19,28.54,21.34,43.93,53.06,71.46000000000001,3,0.09,3.85,7.05,4.859999999999999,15.169999999999998,23.04,18.4,0,0.0,0.0,0.0,0.0,0
2018-06-15,4.03,28.02,21.81,25.299999999999997,52.82000000000001,74.24000000000001,0,22.66,0.92,4.27,23.669999999999998,9.039999999999997,21.85,21.42,0,0.0,0.0,1.0,0.0,0
2018-06-16,12.5,29.04,22.95,22.72,61.47,84.51,1,15.08,0.09,3.85,37.83,4.859999999999999,21.44,23.04,0,0.0,0.0,2.0,0.0,0
2018-06-17,8.76,28.65,22.69,25.289999999999996,69.31,91.16000000000001,2,6.19,22.66,0.92,43.93,23.669999999999998,43.81,21.85,0,1.0,0.0,3.0,1.0,0
2018-06-18,8.07,28.54,22.83,29.33,77.28999999999999,98.73,3,4.03,15.08,0.09,25.299999999999997,37.83,53.92,21.44,0,0.0,0.0,0.0,2.0,0
2018-06-19,1.83,29.06,23.09,18.659999999999997,56.46,100.27,0,12.5,6.19,22.66,22.72,43.93,53.06,43.81,0,0.0,1.0,1.0,3.0,0
2018-06-20,6.72,27.42,22.76,16.619999999999997,48.1,102.02,1,8.76,4.03,15.08,25.289999999999996,25.299999999999997,52.82000000000001,53.92,0,0.0,0.0,2.0,0.0,0
2018-06-21,9.64,30.11,22.43,18.189999999999998,51.550000000000004,104.61,2,8.07,12.5,6.19,29.33,22.72,61.47,53.06,0,0.0,0.0,3.0,1.0,0
2018-06-22,4.53,29.39,22.75,20.89,52.050000000000004,104.87,0,1.83,8.76,4.03,18.659999999999997,25.289999999999996,69.31,52.82000000000001,0,0.0,0.0,0.0,2.0,0
2018-06-23,1.51,30.48,22.59,15.679999999999998,41.06,102.53,0,6.72,8.07,12.5,16.619999999999997,29.33,77.28999999999999,61.47,0,0.0,0.0,1.0,3.0,0
2018-06-24,4.14,30.07,21.66,10.179999999999996,36.440000000000005,105.75,0,9.64,1.83,8.76,18.189999999999998,18.659999999999997,56.46,69.31,0,0.0,0.0,2.0,0.0,0
2018-06-25,9.99,30.23,23.39,15.639999999999997,38.36000000000001,115.65,1,4.53,6.72,8.07,20.89,16.619999999999997,48.1,77.28999999999999,0,0.0,0.0,0.0,1.0,0
2018-06-26,6.0,28.31,21.9,20.129999999999995,42.53,98.99000000000001,2,1.51,9.64,1.83,15.679999999999998,18.189999999999998,51.550000000000004,56.46,0,0.0,0.0,0.0,2.0,0
2018-06-27,11.97,27.81,21.78,27.959999999999994,47.78,95.88,3,4.14,4.53,6.72,10.179999999999996,20.89,52.050000000000004,48.1,0,0.0,0.0,0.0,0.0,0
2018-06-28,3.59,28.5,21.05,21.559999999999995,41.730000000000004,93.28,0,9.99,1.51,9.64,15.639999999999997,15.679999999999998,41.06,51.550000000000004,0,0.0,0.0,1.0,0.0,0
2018-06-29,0.8,28.77,21.03,16.359999999999996,38.00000000000001,90.05,0,6.0,4.14,4.53,20.129999999999995,10.179999999999996,36.440000000000005,52.050000000000004,0,0.0,0.0,2.0,0.0,0
2018-06-30,0.28,29.74,20.99,4.669999999999996,36.77,77.83,0,11.97,9.99,1.51,27.959999999999994,15.639999999999997,38.36000000000001,41.06,0,0.0,0.0,3.0,1.0,0
2018-07-01,0.1,29.28,21.37,1.1799999999999966,32.73000000000001,69.17000000000002,0,3.59,6.0,4.14,21.559999999999995,20.129999999999995,42.53,36.440000000000005,0,0.0,0.0,0.0,2.0,0
2018-07-02,3.21,28.71,21.99,3.5899999999999963,25.950000000000006,64.31,0,0.8,11.97,9.99,16.359999999999996,27.959999999999994,47.78,38.36000000000001,0,0.0,0.0,0.0,3.0,0
2018-07-03,2.08,27.61,21.3,5.389999999999996,22.03,64.56,0,0.28,3.59,6.0,4.669999999999996,21.559999999999995,41.730000000000004,42.53,0,0.0,0.0,0.0,0.0,0
2018-07-04,3.58,28.89,20.67,8.869999999999997,13.640000000000004,61.42,0,0.1,0.8,11.97,1.1799999999999966,16.359999999999996,38.00000000000001,47.78,0,0.0,0.0,0.0,0.0,0
2018-07-05,7.09,27.97,21.46,12.749999999999996,17.140000000000004,58.870000000000005,1,3.21,0.28,3.59,3.5899999999999963,4.669999999999996,36.77,41.730000000000004,0,0.0,0.0,0.0,0.0,0
2018-07-06,13.83,26.47,21.41,24.499999999999996,30.17,68.17,2,2.08,0.1,0.8,5.389999999999996,1.1799999999999966,32.73000000000001,38.00000000000001,0,0.0,0.0,0.0,0.0,0
2018-07-07,3.92,26.78,20.24,24.839999999999996,33.81,70.58,0,3.58,3.21,0.28,8.869999999999997,3.5899999999999963,25.950000000000006,36.77,0,0.0,0.0,0.0,0.0,0
2018-07-08,1.98,27.87,20.1,19.729999999999997,35.69,68.42,0,7.09,2.08,0.1,12.749999999999996,5.389999999999996,22.03,32.73000000000001,0,0.0,0.0,1.0,0.0,0
2018-07-09,5.71,27.19,20.57,11.609999999999996,38.190000000000005,64.14,1,13.83,3.58,3.21,24.499999999999996,8.869999999999997,13.640000000000004,25.950000000000006,0,0.0,0.0,2.0,0.0,0
2018-07-10,5.92,27.54,20.78,13.609999999999996,42.03,64.06,2,3.92,7.09,2.08,24.839999999999996,12.749999999999996,17.140000000000004,22.03,0,0.0,0.0,0.0,1.0,0
2018-07-11,3.55,27.89,19.95,15.179999999999996,42.0,55.64,0,1.98,13.83,3.58,19.729999999999997,24.499999999999996,30.17,13.640000000000004,0,0.0,0.0,0.0,2.0,0
2018-07-12,4.01,28.29,20.32,13.479999999999997,38.92,56.06,0,5.71,3.92,7.09,11.609999999999996,24.839999999999996,33.81,17.140000000000004,0,0.0,0.0,1.0,0.0,0
2018-07-13,3.32,28.4,20.6,10.879999999999995,28.41,58.580000000000005,0,5.92,1.98,13.83,13.609999999999996,19.729999999999997,35.69,30.17,0,0.0,0.0,2.0,0.0,0
2018-07-14,1.18,28.87,20.57,8.509999999999996,25.67,59.480000000000004,0,3.55,5.71,3.92,15.179999999999996,11.609999999999996,38.190000000000005,33.81,0,0.0,0.0,0.0,1.0,0
2018-07-15,0.64,29.17,19.63,5.139999999999996,24.330000000000002,60.02,0,4.01,5.92,1.98,13.479999999999997,13.609999999999996,42.03,35.69,0,0.0,0.0,0.0,2.0,0
2018-07-16,1.27,29.29,20.46,3.0899999999999963,19.890000000000004,58.080000000000005,0,3.32,3.55,5.71,10.879999999999995,15.179999999999996,42.0,38.190000000000005,0,0.0,0.0,0.0,0.0,0
2018-07-17,3.46,28.23,21.25,5.3699999999999966,17.430000000000003,59.46,0,1.18,4.01,5.92,8.509999999999996,13.479999999999997,38.92,42.03,0,0.0,0.0,0.0,0.0,0
2018-07-18,0.36,30.67,20.31,5.089999999999997,14.240000000000002,56.24,0,0.64,3.32,3.55,5.139999999999996,10.879999999999995,28.41,42.0,0,0.0,0.0,0.0,0.0,0
2018-07-19,0.59,31.55,19.65,4.409999999999997,10.820000000000004,49.74000000000001,0,1.27,1.18,4.01,3.0899999999999963,8.509999999999996,25.67,38.92,0,0.0,0.0,0.0,0.0,0
2018-07-20,0.45,31.32,21.11,1.3999999999999964,7.950000000000004,36.36,0,3.46,0.64,3.32,5.3699999999999966,5.139999999999996,24.330000000000002,28.41,0,0.0,0.0,0.0,0.0,0
2018-07-21,0.73,30.37,21.43,1.7699999999999965,7.5000000000000036,33.17,0,0.36,1.27,1.18,5.089999999999997,3.0899999999999963,19.890000000000004,25.67,0,0.0,0.0,0.0,0.0,0
2018-07-22,0.07,30.54,20.96,1.2499999999999964,6.930000000000003,31.26,0,0.59,3.46,0.64,4.409999999999997,5.3699999999999966,17.430000000000003,24.330000000000002,0,0.0,0.0,0.0,0.0,0
2018-07-23,0.0,32.08,20.91,0.7999999999999965,5.660000000000004,25.550000000000004,0,0.45,0.36,1.27,1.3999999999999964,5.089999999999997,14.240000000000002,19.890000000000004,0,0.0,0.0,0.0,0.0,0
2018-07-24,0.03,32.79,21.96,0.09999999999999645,2.2300000000000035,19.660000000000004,0,0.73,0.59,3.46,1.7699999999999965,4.409999999999997,10.820000000000004,17.430000000000003,0,0.0,0.0,0.0,0.0,0
2018-07-25,0.38,30.47,22.41,0.4099999999999965,2.2500000000000036,16.490000000000002,0,0.07,0.45,0.36,1.2499999999999964,1.3999999999999964,7.950000000000004,14.240000000000002,0,0.0,0.0,0.0,0.0,0
2018-07-26,3.68,31.88,22.4,4.089999999999996,5.340000000000003,16.160000000000004,0,0.0,0.73,0.59,0.7999999999999965,1.7699999999999965,7.5000000000000036,10.820000000000004,0,0.0,0.0,0.0,0.0,0
2018-07-27,5.81,30.12,23.15,9.869999999999997,10.700000000000003,18.650000000000006,1,0.03,0.07,0.45,0.09999999999999645,1.2499999999999964,6.930000000000003,7.950000000000004,0,0.0,0.0,0.0,0.0,0
2018-07-28,0.4,31.8,22.49,9.889999999999997,10.370000000000003,17.870000000000005,0,0.38,0.0,0.73,0.4099999999999965,0.7999999999999965,5.660000000000004,7.5000000000000036,0,0.0,0.0,0.0,0.0,0
2018-07-29,0.66,31.68,22.79,6.869999999999996,10.960000000000004,17.890000000000004,0,3.68,0.03,0.07,4.089999999999996,0.09999999999999645,2.2300000000000035,6.930000000000003,0,0.0,0.0,0.0,0.0,0
2018-07-30,0.39,32.49,22.17,1.4499999999999975,11.350000000000005,17.010000000000005,0,5.81,0.38,0.0,9.869999999999997,0.4099999999999965,2.2500000000000036,5.660000000000004,0,0.0,0.0,1.0,0.0,0
2018-07-31,3.94,30.44,22.17,4.9899999999999975,15.260000000000003,17.490000000000002,0,0.4,3.68,0.03,9.889999999999997,4.089999999999996,5.340000000000003,2.2300000000000035,0,0.0,0.0,0.0,0.0,0
2018-08-01,7.36,28.68,22.03,11.689999999999998,22.240000000000006,24.490000000000002,1,0.66,5.81,0.38,6.869999999999996,9.869999999999997,10.700000000000003,2.2500000000000036,0,0.0,0.0,0.0,1.0,0
2018-08-02,12.92,27.73,21.9,24.22,31.480000000000004,36.82000000000001,2,0.39,0.4,3.68,1.4499999999999975,9.889999999999997,10.370000000000003,5.340000000000003,0,0.0,0.0,0.0,0.0,0
2018-08-03,15.24,25.57,20.79,35.519999999999996,40.910000000000004,51.61,3,3.94,0.66,5.81,4.9899999999999975,6.869999999999996,10.960000000000004,10.700000000000003,0,0.0,0.0,0.0,0.0,0
2018-08-04,18.49,29.14,20.77,46.64999999999999,59.0,69.37,4,7.36,0.39,0.4,11.689999999999998,1.4499999999999975,11.350000000000005,10.370000000000003,0,0.0,0.0,1.0,0.0,0
2018-08-05,15.0,27.65,21.09,48.72999999999999,73.34,84.3,5,12.92,3.94,0.66,24.22,4.9899999999999975,15.260000000000003,10.960000000000004,0,0.0,0.0,2.0,0.0,0
2018-08-06,10.99,26.95,21.74,44.48,83.94000000000001,95.28999999999999,6,15.24,7.36,0.39,35.519999999999996,11.689999999999998,22.240000000000006,11.350000000000005,0,0.0,0.0,3.0,1.0,0
2018-08-07,4.29,27.15,21.52,30.279999999999998,84.29,99.55000000000001,0,18.49,12.92,3.94,46.64999999999999,24.22,31.480000000000004,15.260000000000003,0,0.0,0.0,4.0,2.0,0
2018-08-08,5.74,28.61,20.59,21.019999999999996,82.67000000000002,104.91,1,15.0,15.24,7.36,48.72999999999999,35.519999999999996,40.910000000000004,22.240000000000006,0,0.0,0.0,5.0,3.0,0
2018-08-09,4.11,28.83,20.71,14.139999999999997,73.86000000000001,105.34,0,10.99,18.49,12.92,44.48,46.64999999999999,59.0,31.480000000000004,0,0.0,0.0,6.0,4.0,0
2018-08-10,12.65,28.21,21.12,22.5,71.27000000000001,112.18,1,4.29,15.0,15.24,30.279999999999998,48.72999999999999,73.34,40.910000000000004,0,0.0,0.0,0.0,5.0,0
2018-08-11,5.91,26.99,22.29,22.669999999999995,58.690000000000005,117.69,2,5.74,10.99,18.49,21.019999999999996,44.48,83.94000000000001,59.0,0,0.0,0.0,1.0,6.0,0
2018-08-12,1.03,26.2,21.07,19.589999999999996,44.720000000000006,118.06,0,4.11,4.29,15.0,14.139999999999997,30.279999999999998,84.29,73.34,0,0.0,0.0,0.0,0.0,0
2018-08-13,4.44,28.08,19.95,11.379999999999997,38.17,122.11,0,12.65,5.74,10.99,22.5,21.019999999999996,82.67000000000002,83.94000000000001,0,0.0,0.0,1.0,1.0,0
2018-08-14,5.61,27.49,20.99,11.079999999999998,39.49,123.78,1,5.91,4.11,4.29,22.669999999999995,14.139999999999997,73.86000000000001,84.29,0,0.0,0.0,2.0,0.0,0
2018-08-15,6.23,26.78,21.42,16.279999999999998,39.980000000000004,122.65,2,1.03,12.65,5.74,19.589999999999996,22.5,71.27000000000001,82.67000000000002,0,0.0,0.0,0.0,1.0,0
2018-08-16,2.32,27.04,20.81,14.159999999999997,38.190000000000005,112.05000000000001,0,4.44,5.91,4.11,11.379999999999997,22.669999999999995,58.690000000000005,73.86000000000001,0,0.0,0.0,0.0,2.0,0
2018-08-17,3.23,27.03,21.18,11.779999999999998,28.770000000000003,100.04,0,5.61,1.03,12.65,11.079999999999998,19.589999999999996,44.720000000000006,71.27000000000001,0,0.0,0.0,1.0,0.0,0
2018-08-18,1.82,27.91,21.56,7.3699999999999966,24.680000000000003,83.37000000000002,0,6.23,4.44,5.91,16.279999999999998,11.379999999999997,38.17,58.690000000000005,0,0.0,0.0,2.0,0.0,0
2018-08-19,3.01,28.14,22.05,8.059999999999997,26.660000000000004,71.38,0,2.32,5.61,1.03,14.159999999999997,11.079999999999998,39.49,44.720000000000006,0,0.0,0.0,0.0,1.0,0
2018-08-20,3.33,26.99,22.63,8.159999999999997,25.550000000000004,63.720000000000006,0,3.23,6.23,4.44,11.779999999999998,16.279999999999998,39.980000000000004,38.17,0,0.0,0.0,0.0,2.0,0
2018-08-21,8.98,27.28,21.52,15.319999999999997,28.92,68.41000000000001,1,1.82,2.32,5.61,7.3699999999999966,14.159999999999997,38.190000000000005,39.49,0,0.0,0.0,0.0,0.0,0
2018-08-22,6.37,27.48,21.24,18.679999999999996,29.060000000000002,69.04,2,3.01,3.23,6.23,8.059999999999997,11.779999999999998,28.770000000000003,39.980000000000004,0,0.0,0.0,0.0,0.0,0
2018-08-23,2.0,28.69,21.02,17.349999999999998,28.740000000000002,66.93,0,3.33,1.82,2.32,8.159999999999997,7.3699999999999966,24.680000000000003,38.190000000000005,0,0.0,0.0,0.0,0.0,0
2018-08-24,0.62,28.53,21.36,8.989999999999997,26.130000000000006,54.900000000000006,0,8.98,3.01,3.23,15.319999999999997,8.059999999999997,26.660000000000004,28.770000000000003,0,0.0,0.0,1.0,0.0,0
2018-08-25,3.42,28.52,21.96,6.0399999999999965,27.730000000000004,52.41000000000001,0,6.37,3.33,1.82,18.679999999999996,8.159999999999997,25.550000000000004,24.680000000000003,0,0.0,0.0,2.0,0.0,0
2018-08-26,4.16,28.73,21.13,8.199999999999996,28.880000000000003,55.54000000000001,0,2.0,8.98,3.01,17.349999999999998,15.319999999999997,28.92,26.660000000000004,0,0.0,0.0,0.0,1.0,0
2018-08-27,4.12,28.98,20.84,11.699999999999996,29.670000000000005,55.220000000000006,0,0.62,6.37,3.33,8.989999999999997,18.679999999999996,29.060000000000002,25.550000000000004,0,0.0,0.0,0.0,2.0,0
2018-08-28,4.67,28.5,20.67,12.949999999999996,25.360000000000007,54.28000000000001,0,3.42,2.0,8.98,6.0399999999999965,17.349999999999998,28.740000000000002,28.92,0,0.0,0.0,0.0,0.0,0
2018-08-29,10.41,30.02,20.58,19.199999999999996,29.400000000000006,58.46000000000001,1,4.16,0.62,6.37,8.199999999999996,8.989999999999997,26.130000000000006,29.060000000000002,0,0.0,0.0,0.0,0.0,0
2018-08-30,4.47,27.74,22.28,19.549999999999994,31.870000000000005,60.610000000000014,0,4.12,3.42,2.0,11.699999999999996,6.0399999999999965,27.730000000000004,28.740000000000002,0,0.0,0.0,0.0,0.0,0
2018-08-31,3.86,28.73,21.69,18.739999999999995,35.11000000000001,61.24000000000001,0,4.67,4.16,0.62,12.949999999999996,8.199999999999996,28.880000000000003,26.130000000000006,0,0.0,0.0,0.0,0.0,0
2018-09-01,0.37,29.74,21.17,8.699999999999996,32.06,59.790000000000006,0,10.41,4.12,3.42,19.199999999999996,11.699999999999996,29.670000000000005,27.730000000000004,0,0.0,0.0,1.0,0.0,0
2018-09-02,0.25,29.55,22.82,4.479999999999996,28.150000000000006,57.03000000000001,0,4.47,4.67,4.16,19.549999999999994,12.949999999999996,25.360000000000007,28.880000000000003,0,0.0,0.0,0.0,0.0,0
2018-09-03,1.62,29.96,22.3,2.2399999999999967,25.650000000000006,55.32000000000001,0,3.86,10.41,4.12,18.739999999999995,19.199999999999996,29.400000000000006,29.670000000000005,0,0.0,0.0,0.0,1.0,0
2018-09-04,3.67,28.57,22.2,5.5399999999999965,24.650000000000002,50.010000000000005,0,0.37,4.47,4.67,8.699999999999996,19.549999999999994,31.870000000000005,25.360000000000007,0,0.0,0.0,0.0,0.0,0
2018-09-05,11.43,26.85,22.62,16.719999999999995,25.67,55.07000000000001,1,0.25,3.86,10.41,4.479999999999996,18.739999999999995,35.11000000000001,29.400000000000006,0,0.0,0.0,0.0,0.0,0
2018-09-06,5.02,27.38,21.85,20.119999999999994,26.220000000000006,58.09000000000001,2,1.62,0.37,4.47,2.2399999999999967,8.699999999999996,32.06,31.870000000000005,0,0.0,0.0,0.0,0.0,0
2018-09-07,1.39,28.15,21.97,17.839999999999996,23.750000000000004,58.860000000000014,0,3.67,0.25,3.86,5.5399999999999965,4.479999999999996,28.150000000000006,35.11000000000001,0,0.0,0.0,0.0,0.0,0
2018-09-08,2.02,28.93,22.2,8.429999999999996,25.400000000000006,57.46000000000001,0,11.43,1.62,0.37,16.719999999999995,2.2399999999999967,25.650000000000006,32.06,0,0.0,0.0,1.0,0.0,0
2018-09-09,1.06,28.63,22.94,4.469999999999997,26.210000000000004,54.36000000000001,0,5.02,3.67,0.25,20.119999999999994,5.5399999999999965,24.650000000000002,28.150000000000006,0,0.0,0.0,2.0,0.0,0
2018-09-10,9.0,28.08,22.63,12.079999999999998,33.59,59.24000000000001,1,1.39,11.43,1.62,17.839999999999996,16.719999999999995,25.67,25.650000000000006,0,0.0,0.0,0.0,1.0,0
2018-09-11,12.52,28.19,22.9,22.58,42.440000000000005,67.09,2,2.02,5.02,3.67,8.429999999999996,20.119999999999994,26.220000000000006,24.650000000000002,0,0.0,0.0,0.0,2.0,0
2018-09-12,18.31,25.87,21.84,39.83,49.32000000000001,74.99000000000001,3,1.06,1.39,11.43,4.469999999999997,17.839999999999996,23.750000000000004,25.67,0,0.0,0.0,0.0,0.0,0
2018-09-13,4.41,26.62,21.26,35.239999999999995,48.71,74.93,0,9.0,2.02,5.02,12.079999999999998,8.429999999999996,25.400000000000006,26.220000000000006,0,0.0,0.0,1.0,0.0,0
2018-09-14,5.42,26.2,22.34,28.14,52.74,76.49000000000001,1,12.52,1.06,1.39,22.58,4.469999999999997,26.210000000000004,23.750000000000004,0,0.0,0.0,2.0,0.0,0
2018-09-15,9.0,27.76,22.31,18.83,59.720000000000006,85.12,2,18.31,9.0,2.02,39.83,12.079999999999998,33.59,25.400000000000006,0,0.0,0.0,3.0,1.0,0
2018-09-16,4.53,27.33,22.01,18.949999999999996,63.190000000000005,89.4,0,4.41,12.52,1.06,35.239999999999995,22.58,42.440000000000005,26.210000000000004,0,0.0,0.0,0.0,2.0,0
2018-09-17,2.48,27.39,21.74,16.009999999999998,56.67,90.26,0,5.42,18.31,9.0,28.14,39.83,49.32000000000001,33.59,0,0.0,0.0,1.0,3.0,0
2018-09-18,4.26,26.89,22.53,11.269999999999996,48.410000000000004,90.85,0,9.0,4.41,12.52,18.83,35.239999999999995,48.71,42.440000000000005,0,0.0,0.0,2.0,0.0,0
2018-09-19,2.11,27.48,21.57,8.849999999999996,32.21,81.53,0,4.53,5.42,18.31,18.949999999999996,28.14,52.74,49.32000000000001,0,0.0,0.0,0.0,1.0,0
2018-09-20,0.85,28.3,21.73,7.219999999999995,28.650000000000002,77.36000000000001,0,2.48,9.0,4.41,16.009999999999998,18.83,59.720000000000006,48.71,0,0.0,0.0,0.0,2.0,0
2018-09-21,1.88,29.17,21.49,4.839999999999995,25.110000000000007,77.85000000000001,0,4.26,4.53,5.42,11.269999999999996,18.949999999999996,63.190000000000005,52.74,0,0.0,0.0,0.0,0.0,0
2018-09-22,7.49,28.5,21.9,10.219999999999995,23.600000000000005,83.32,1,2.11,2.48,9.0,8.849999999999996,16.009999999999998,56.67,59.720000000000006,0,0.0,0.0,0.0,0.0,0
2018-09-23,7.59,28.56,22.17,16.959999999999994,26.660000000000004,89.85000000000001,2,0.85,4.26,4.53,7.219999999999995,11.269999999999996,48.410000000000004,63.190000000000005,0,0.0,0.0,0.0,0.0,0
2018-09-24,8.05,27.81,21.63,23.129999999999995,32.230000000000004,88.9,3,1.88,2.11,2.48,4.839999999999995,8.849999999999996,32.21,56.67,0,0.0,0.0,0.0,0.0,0
2018-09-25,4.28,27.15,21.35,19.919999999999995,32.25000000000001,80.66,0,7.49,0.85,4.26,10.219999999999995,7.219999999999995,28.650000000000002,48.410000000000004,0,0.0,0.0,1.0,0.0,0
2018-09-26,2.16,27.64,20.23,14.489999999999995,32.300000000000004,64.51,0,7.59,1.88,2.11,16.959999999999994,4.839999999999995,25.110000000000007,32.21,0,0.0,0.0,2.0,0.0,0
2018-09-27,10.62,27.32,21.16,17.059999999999995,42.07000000000001,70.72000000000001,1,8.05,7.49,0.85,23.129999999999995,10.219999999999995,23.600000000000005,28.650000000000002,0,0.0,0.0,3.0,1.0,0
2018-09-28,7.04,25.62,21.03,19.819999999999993,47.230000000000004,72.34,2,4.28,7.59,1.88,19.919999999999995,16.959999999999994,26.660000000000004,25.110000000000007,0,0.0,0.0,0.0,2.0,0
2018-09-29,4.86,26.27,19.94,22.519999999999996,44.60000000000001,68.2,0,2.16,8.05,7.49,14.489999999999995,23.129999999999995,32.230000000000004,23.600000000000005,0,0.0,0.0,0.0,3.0,0
2018-09-30,6.42,26.11,19.43,18.319999999999997,43.43000000000001,70.09,1,10.62,4.28,7.59,17.059999999999995,19.919999999999995,32.25000000000001,26.660000000000004,0,0.0,0.0,1.0,0.0,0
2018-10-01,4.57,26.11,20.92,15.849999999999998,39.95,72.18,0,7.04,2.16,8.05,19.819999999999993,14.489999999999995,32.300000000000004,32.230000000000004,0,0.0,0.0,2.0,0.0,0
2018-10-02,9.54,26.11,19.81,20.529999999999994,45.21000000000001,77.46000000000001,1,4.86,10.62,4.28,22.519999999999996,17.059999999999995,42.07000000000001,32.25000000000001,0,0.0,0.0,0.0,1.0,0
2018-10-03,15.7,25.84,21.39,29.809999999999995,58.75,91.05000000000001,2,6.42,7.04,2.16,18.319999999999997,19.819999999999993,47.230000000000004,32.300000000000004,0,0.0,0.0,1.0,2.0,0
2018-10-04,4.2,26.59,20.9,29.439999999999994,52.330000000000005,94.4,0,4.57,4.86,10.62,15.849999999999998,22.519999999999996,44.60000000000001,42.07000000000001,0,0.0,0.0,0.0,0.0,0
2018-10-05,4.03,27.06,19.91,23.929999999999996,49.32000000000001,96.55000000000001,0,9.54,6.42,7.04,20.529999999999994,18.319999999999997,43.43000000000001,47.230000000000004,0,0.0,0.0,1.0,1.0,0
2018-10-06,0.18,27.39,21.01,8.409999999999997,44.64000000000001,89.24,0,15.7,4.57,4.86,29.809999999999995,15.849999999999998,39.95,44.60000000000001,0,0.0,0.0,2.0,0.0,0
2018-10-07,1.44,27.46,20.32,5.649999999999997,39.660000000000004,83.09,0,4.2,9.54,6.42,29.439999999999994,20.529999999999994,45.21000000000001,43.43000000000001,0,0.0,0.0,0.0,1.0,0
2018-10-08,3.97,26.55,21.1,5.589999999999996,39.06,79.00999999999999,0,4.03,15.7,4.57,23.929999999999996,29.809999999999995,58.75,39.95,0,0.0,0.0,0.0,2.0,0
2018-10-09,1.34,29.54,21.63,6.7499999999999964,30.860000000000003,76.07000000000001,0,0.18,4.2,9.54,8.409999999999997,29.439999999999994,52.330000000000005,45.21000000000001,0,0.0,0.0,0.0,0.0,0
2018-10-10,7.3,27.35,23.04,12.609999999999996,22.460000000000004,81.21,1,1.44,4.03,15.7,5.649999999999997,23.929999999999996,49.32000000000001,58.75,0,0.0,0.0,0.0,0.0,0
2018-10-11,2.28,27.49,20.5,10.919999999999996,20.540000000000003,72.87,0,3.97,0.18,4.2,5.589999999999996,8.409999999999997,44.64000000000001,52.330000000000005,0,0.0,0.0,0.0,0.0,0
2018-10-12,9.14,26.52,22.62,18.719999999999995,25.650000000000006,74.97,1,1.34,1.44,4.03,6.7499999999999964,5.649999999999997,39.660000000000004,49.32000000000001,0,0.0,0.0,0.0,0.0,0
2018-10-13,0.62,28.37,21.89,12.039999999999996,26.090000000000003,70.73,0,7.3,3.97,0.18,12.609999999999996,5.589999999999996,39.06,44.64000000000001,0,0.0,0.0,1.0,0.0,0
2018-10-14,1.24,27.54,22.64,10.999999999999996,25.890000000000004,65.55,0,2.28,1.34,1.44,10.919999999999996,6.7499999999999964,30.860000000000003,39.660000000000004,0,0.0,0.0,0.0,0.0,0
2018-10-15,4.68,27.2,23.55,6.539999999999996,26.6,65.66000000000001,0,9.14,7.3,3.97,18.719999999999995,12.609999999999996,22.460000000000004,39.06,0,0.0,0.0,1.0,1.0,0
2018-10-16,18.68,25.17,18.31,24.599999999999994,43.94,74.80000000000001,1,0.62,2.28,1.34,12.039999999999996,10.919999999999996,20.540000000000003,30.860000000000003,0,0.0,0.0,0.0,0.0,0
2018-10-17,32.64,19.02,16.64,56.0,69.28,91.74000000000001,2,1.24,9.14,7.3,10.999999999999996,18.719999999999995,25.650000000000006,22.460000000000004,1,0.0,0.0,0.0,1.0,0
2018-10-18,19.26,19.95,17.12,70.58,86.26,106.80000000000001,3,4.68,0.62,2.28,6.539999999999996,12.039999999999996,26.090000000000003,20.540000000000003,0,0.0,0.0,0.0,0.0,0
2018-10-19,11.47,22.17,17.93,63.370000000000005,88.59,114.24000000000001,4,18.68,1.24,9.14,24.599999999999994,10.999999999999996,25.890000000000004,25.650000000000006,0,0.0,0.0,1.0,0.0,0
2018-10-20,19.95,24.24,20.06,50.68,107.91999999999999,134.01000000000002,5,32.64,4.68,0.62,56.0,6.539999999999996,26.6,26.090000000000003,0,0.0,0.0,2.0,0.0,0
2018-10-21,37.93,24.4,21.46,69.35,144.61,170.5,6,19.26,18.68,1.24,70.58,24.599999999999994,43.94,25.890000000000004,1,0.0,0.0,3.0,1.0,0
2018-10-22,10.67,24.34,19.18,68.55,150.6,177.20000000000002,7,11.47,32.64,4.68,63.370000000000005,56.0,69.28,26.6,0,1.0,0.0,4.0,2.0,0
2018-10-23,2.53,25.04,18.3,51.13,134.45000000000002,178.39000000000001,0,19.95,19.26,18.68,50.68,70.58,86.26,43.94,0,0.0,0.0,5.0,3.0,0
2018-10-24,0.16,27.44,20.45,13.36,101.97,171.25,0,37.93,11.47,32.64,69.35,63.370000000000005,88.59,69.28,0,0.0,1.0,6.0,4.0,0
2018-10-25,0.0,27.22,20.66,2.69,82.71,168.97,0,10.67,19.95,19.26,68.55,50.68,107.91999999999999,86.26,0,0.0,0.0,7.0,5.0,0
2018-10-26,5.48,26.13,19.79,5.640000000000001,76.72,165.31,1,2.53,37.93,11.47,51.13,69.35,144.61,88.59,0,1.0,0.0,0.0,6.0,0
2018-10-27,24.38,23.66,18.32,29.86,81.15,189.07,2,0.16,10.67,19.95,13.36,68.55,150.6,107.91999999999999,1,0.0,0.0,0.0,7.0,0
2018-10-28,11.73,22.94,17.85,41.59,54.95,199.56,3,0.0,2.53,37.93,2.69,51.13,134.45000000000002,144.61,0,0.0,1.0,0.0,0.0,0
2018-10-29,4.87,24.11,20.41,40.98,49.15,199.75000000000003,0,5.48,0.16,10.67,5.640000000000001,13.36,101.97,150.6,0,0.0,0.0,1.0,0.0,0
2018-10-30,0.68,25.89,19.25,17.28,47.3,181.75,0,24.38,0.0,2.53,29.86,2.69,82.71,134.45000000000002,0,0.0,0.0,2.0,0.0,0
2018-10-31,0.29,27.78,20.58,5.84,47.43,149.4,0,11.73,5.48,0.16,41.59,5.640000000000001,76.72,101.97,0,0.0,0.0,3.0,1.0,0
2018-11-01,12.33,26.33,19.86,13.3,59.76,142.47,1,4.87,24.38,0.0,40.98,29.86,81.15,82.71,0,1.0,0.0,0.0,2.0,0
2018-11-02,23.31,21.95,18.37,35.92999999999999,77.59,154.31,2,0.68,11.73,5.48,17.28,41.59,54.95,76.72,1,0.0,0.0,0.0,3.0,0
2018-11-03,3.58,23.34,17.44,39.22,56.79,137.94000000000003,0,0.29,4.87,24.38,5.84,40.98,49.15,81.15,0,0.0,1.0,0.0,0.0,0
2018-11-04,4.32,25.31,19.73,31.209999999999994,49.38,104.33000000000001,0,12.33,0.68,11.73,13.3,17.28,47.3,54.95,0,0.0,0.0,1.0,0.0,0
2018-11-05,0.22,25.92,19.34,8.119999999999997,44.73,93.88000000000001,0,23.31,0.29,4.87,35.92999999999999,5.84,47.43,49.15,0,0.0,0.0,2.0,0.0,0
2018-11-06,0.01,28.52,20.06,4.549999999999997,44.06,91.36000000000001,0,3.58,12.33,0.68,39.22,13.3,59.76,47.3,0,0.0,0.0,0.0,1.0,0
2018-11-07,0.02,27.21,20.16,0.24999999999999645,43.79,91.22,0,4.32,23.31,0.29,31.209999999999994,35.92999999999999,77.59,47.43,0,1.0,0.0,0.0,2.0,0
2018-11-08,0.0,26.54,19.79,0.029999999999996446,31.46,91.22,0,0.22,3.58,12.33,8.119999999999997,39.22,56.79,59.76,0,0.0,0.0,0.0,0.0,0
2018-11-09,0.01,26.45,19.46,0.029999999999996446,8.16,85.75000000000001,0,0.01,4.32,23.31,4.549999999999997,31.209999999999994,49.38,77.59,0,0.0,1.0,0.0,0.0,0
2018-11-10,0.55,20.25,15.36,0.5599999999999965,5.130000000000001,61.92000000000001,0,0.02,0.22,3.58,0.24999999999999645,8.119999999999997,44.73,56.79,0,0.0,0.0,0.0,0.0,0
2018-11-11,0.02,23.35,14.97,0.5799999999999965,0.8300000000000001,50.21000000000001,0,0.0,0.01,4.32,0.029999999999996446,4.549999999999997,44.06,49.38,0,0.0,0.0,0.0,0.0,0
2018-11-12,6.35,27.28,18.57,6.919999999999996,6.96,51.690000000000005,1,0.01,0.02,0.22,0.029999999999996446,0.24999999999999645,43.79,44.73,0,0.0,0.0,0.0,0.0,0
2018-11-13,9.13,18.85,5.25,15.499999999999996,16.080000000000002,60.14000000000001,2,0.55,0.0,0.01,0.5599999999999965,0.029999999999996446,31.46,44.06,0,0.0,0.0,0.0,0.0,0
2018-11-14,4.29,6.9,4.55,19.77,20.35,64.14000000000001,0,0.02,0.01,0.02,0.5799999999999965,0.029999999999996446,8.16,43.79,0,0.0,0.0,0.0,0.0,0
2018-11-15,0.03,15.31,4.87,13.449999999999998,20.38,51.84000000000001,0,6.35,0.55,0.0,6.919999999999996,0.5599999999999965,5.130000000000001,31.46,0,0.0,0.0,1.0,0.0,0
2018-11-16,0.3,18.49,10.33,4.619999999999998,20.669999999999998,28.83000000000001,0,9.13,0.02,0.01,15.499999999999996,0.5799999999999965,0.8300000000000001,8.16,0,0.0,0.0,2.0,0.0,0
2018-11-17,0.02,23.49,16.68,0.3499999999999982,20.139999999999997,25.270000000000007,0,4.29,6.35,0.55,19.77,6.919999999999996,6.96,5.130000000000001,0,0.0,0.0,0.0,1.0,0
2018-11-18,0.0,23.91,16.75,0.3199999999999982,20.119999999999997,20.95000000000001,0,0.03,9.13,0.02,13.449999999999998,15.499999999999996,16.080000000000002,0.8300000000000001,0,0.0,0.0,0.0,2.0,0
2018-11-19,0.07,24.76,17.57,0.08999999999999823,13.840000000000002,20.800000000000008,0,0.3,4.29,6.35,4.619999999999998,19.77,20.35,6.96,0,0.0,0.0,0.0,0.0,0
2018-11-20,5.37,23.79,15.05,5.439999999999999,10.079999999999998,26.16000000000001,1,0.02,0.03,9.13,0.3499999999999982,13.449999999999998,20.38,16.080000000000002,0,0.0,0.0,0.0,0.0,0
2018-11-21,0.71,21.15,14.72,6.149999999999999,6.499999999999998,26.850000000000005,0,0.0,0.3,4.29,0.3199999999999982,4.619999999999998,20.669999999999998,20.35,0,0.0,0.0,0.0,0.0,0
2018-11-22,1.17,22.3,16.33,7.249999999999998,7.639999999999998,28.02000000000001,0,0.07,0.02,0.03,0.08999999999999823,0.3499999999999982,20.139999999999997,20.38,0,0.0,0.0,0.0,0.0,0
2018-11-23,0.22,25.51,16.12,2.0999999999999983,7.559999999999998,28.230000000000008,0,5.37,0.0,0.3,5.439999999999999,0.3199999999999982,20.119999999999997,20.669999999999998,0,0.0,0.0,1.0,0.0,0
2018-11-24,0.03,25.15,19.21,1.4199999999999982,7.5699999999999985,27.710000000000008,0,0.71,0.07,0.02,6.149999999999999,0.08999999999999823,13.840000000000002,20.139999999999997,0,0.0,0.0,0.0,0.0,0
2018-11-25,0.05,27.24,18.64,0.2999999999999982,7.619999999999998,27.74000000000001,0,1.17,5.37,0.0,7.249999999999998,5.439999999999999,10.079999999999998,20.119999999999997,0,0.0,0.0,0.0,1.0,0
2018-11-26,14.11,21.11,11.61,14.189999999999998,21.659999999999997,35.50000000000001,1,0.22,0.71,0.07,2.0999999999999983,6.149999999999999,6.499999999999998,13.840000000000002,0,0.0,0.0,0.0,0.0,0
2018-11-27,0.08,17.83,9.53,14.239999999999998,16.369999999999994,26.450000000000006,0,0.03,1.17,5.37,1.4199999999999982,7.249999999999998,7.639999999999998,10.079999999999998,0,0.0,0.0,0.0,0.0,0
2018-11-28,0.64,21.04,15.39,14.829999999999998,16.299999999999997,22.800000000000008,0,0.05,0.22,0.71,0.2999999999999982,2.0999999999999983,7.559999999999998,6.499999999999998,0,0.0,0.0,0.0,0.0,0
2018-11-29,0.77,26.07,18.84,1.4899999999999982,15.899999999999997,23.540000000000006,0,14.11,0.03,1.17,14.189999999999998,1.4199999999999982,7.5699999999999985,7.639999999999998,0,0.0,0.0,1.0,0.0,0
2018-11-30,0.02,28.31,18.9,1.4299999999999982,15.699999999999996,23.260000000000005,0,0.08,0.05,0.22,14.239999999999998,0.2999999999999982,7.619999999999998,7.559999999999998,0,0.0,0.0,0.0,0.0,0
2018-12-01,0.0,28.85,19.03,0.7899999999999983,15.669999999999996,23.240000000000006,0,0.64,14.11,0.03,14.829999999999998,14.189999999999998,21.659999999999997,7.5699999999999985,0,0.0,0.0,0.0,1.0,0
2018-12-02,0.0,26.58,18.72,0.019999999999998224,15.619999999999996,23.240000000000006,0,0.77,0.08,0.05,1.4899999999999982,14.239999999999998,16.369999999999994,7.619999999999998,0,0.0,0.0,0.0,0.0,0
2018-12-03,3.59,24.73,17.92,3.589999999999998,5.099999999999996,26.760000000000005,0,0.02,0.64,14.11,1.4299999999999982,14.829999999999998,16.299999999999997,21.659999999999997,0,0.0,0.0,0.0,0.0,0
2018-12-04,6.35,20.91,16.56,9.939999999999998,11.369999999999996,27.74000000000001,1,0.0,0.77,0.08,0.7899999999999983,1.4899999999999982,15.899999999999997,16.369999999999994,0,0.0,0.0,0.0,0.0,0
2018-12-05,13.6,19.21,15.89,23.54,24.329999999999995,40.63000000000001,2,0.0,0.02,0.64,0.019999999999998224,1.4299999999999982,15.699999999999996,16.299999999999997,0,0.0,0.0,0.0,0.0,0
2018-12-06,5.43,22.66,16.18,25.379999999999995,28.989999999999995,44.89,3,3.59,0.0,0.77,3.589999999999998,0.7899999999999983,15.669999999999996,15.899999999999997,0,0.0,0.0,0.0,0.0,0
2018-12-07,0.43,24.91,18.12,19.459999999999997,29.399999999999995,45.10000000000001,0,6.35,0.0,0.02,9.939999999999998,0.019999999999998224,15.619999999999996,15.699999999999996,0,0.0,0.0,1.0,0.0,0
2018-12-08,5.44,26.26,17.62,11.299999999999997,34.839999999999996,50.510000000000005,1,13.6,3.59,0.0,23.54,3.589999999999998,5.099999999999996,15.669999999999996,0,0.0,0.0,2.0,0.0,0
2018-12-09,14.28,19.94,12.88,20.15,49.11999999999999,64.74000000000001,2,5.43,6.35,0.0,25.379999999999995,9.939999999999998,11.369999999999996,15.619999999999996,0,0.0,0.0,3.0,1.0,0
2018-12-10,1.3,16.87,12.27,21.02,46.82999999999999,51.93000000000001,0,0.43,13.6,3.59,19.459999999999997,23.54,24.329999999999995,5.099999999999996,0,0.0,0.0,0.0,2.0,0
2018-12-11,0.89,17.02,11.78,16.47,41.37,52.74000000000001,0,5.44,5.43,6.35,11.299999999999997,25.379999999999995,28.989999999999995,11.369999999999996,0,0.0,0.0,1.0,3.0,0
2018-12-12,0.04,22.74,13.22,2.23,27.809999999999995,52.14000000000001,0,14.28,0.43,13.6,20.15,19.459999999999997,29.399999999999995,24.329999999999995,0,0.0,0.0,2.0,0.0,0
2018-12-13,0.17,27.01,17.3,1.1,22.549999999999994,51.540000000000006,0,1.3,5.44,5.43,21.02,11.299999999999997,34.839999999999996,28.989999999999995,0,0.0,0.0,0.0,1.0,0
2018-12-14,3.33,21.92,11.92,3.54,25.449999999999996,54.85,0,0.89,14.28,0.43,16.47,20.15,49.11999999999999,29.399999999999995,0,0.0,0.0,0.0,2.0,0
2018-12-15,0.03,16.82,9.28,3.53,20.039999999999996,54.88,0,0.04,1.3,5.44,2.23,21.02,46.82999999999999,34.839999999999996,0,0.0,0.0,0.0,0.0,0
2018-12-16,0.04,17.71,8.81,3.4,5.799999999999996,54.92,0,0.17,0.89,14.28,1.1,16.47,41.37,49.11999999999999,0,0.0,0.0,0.0,0.0,0
2018-12-17,0.07,19.04,9.7,0.14,4.569999999999997,51.400000000000006,0,3.33,0.04,1.3,3.54,2.23,27.809999999999995,46.82999999999999,0,0.0,0.0,0.0,0.0,0
2018-12-18,0.0,22.11,12.77,0.11000000000000001,3.6799999999999966,45.050000000000004,0,0.03,0.17,0.89,3.53,1.1,22.549999999999994,41.37,0,0.0,0.0,0.0,0.0,0
2018-12-19,0.0,23.61,15.05,0.07,3.6399999999999966,31.450000000000006,0,0.04,3.33,0.04,3.4,3.54,25.449999999999996,27.809999999999995,0,0.0,0.0,0.0,0.0,0
2018-12-20,0.0,22.17,13.17,0.0,3.4699999999999966,26.020000000000007,0,0.07,0.03,0.17,0.14,3.53,20.039999999999996,22.549999999999994,0,0.0,0.0,0.0,0.0,0
2018-12-21,0.0,18.55,11.43,0.0,0.13999999999999646,25.590000000000007,0,0.0,0.04,3.33,0.11000000000000001,3.4,5.799999999999996,25.449999999999996,0,0.0,0.0,0.0,0.0,0
2018-12-22,0.0,23.42,11.7,0.0,0.10999999999999646,20.150000000000006,0,0.0,0.07,0.03,0.07,0.14,4.569999999999997,20.039999999999996,0,0.0,0.0,0.0,0.0,0
2018-12-23,0.01,21.09,13.71,0.01,0.07999999999999645,5.880000000000007,0,0.0,0.0,0.04,0.0,0.11000000000000001,3.6799999999999966,5.799999999999996,0,0.0,0.0,0.0,0.0,0
2018-12-24,0.1,18.91,13.1,0.11,0.10999999999999645,4.680000000000008,0,0.0,0.0,0.07,0.0,0.07,3.6399999999999966,4.569999999999997,0,0.0,0.0,0.0,0.0,0
2018-12-25,0.01,22.87,15.63,0.12,0.11999999999999644,3.8000000000000074,0,0.0,0.0,0.0,0.0,0.0,3.4699999999999966,3.6799999999999966,0,0.0,0.0,0.0,0.0,0
2018-12-26,0.02,24.62,16.23,0.13,0.13999999999999646,3.780000000000007,0,0.01,0.0,0.0,0.01,0.0,0.13999999999999646,3.6399999999999966,0,0.0,0.0,0.0,0.0,0
2018-12-27,0.0,28.56,17.3,0.03,0.13999999999999646,3.610000000000007,0,0.1,0.0,0.0,0.11,0.0,0.10999999999999646,3.4699999999999966,0,0.0,0.0,0.0,0.0,0
2018-12-28,0.05,24.7,16.91,0.07,0.18999999999999645,0.3300000000000071,0,0.01,0.01,0.0,0.12,0.01,0.07999999999999645,0.13999999999999646,0,0.0,0.0,0.0,0.0,0
2018-12-29,0.15,22.79,17.8,0.2,0.3399999999999964,0.45000000000000717,0,0.02,0.1,0.0,0.13,0.11,0.10999999999999645,0.10999999999999646,0,0.0,0.0,0.0,0.0,0
2018-12-30,1.1,21.82,16.49,1.3,1.4299999999999966,1.5100000000000073,0,0.0,0.01,0.01,0.03,0.12,0.11999999999999644,0.07999999999999645,0,0.0,0.0,0.0,0.0,0
2018-12-31,0.12,26.87,16.66,1.37,1.4499999999999966,1.5600000000000072,0,0.05,0.02,0.1,0.07,0.13,0.13999999999999646,0.10999999999999645,0,0.0,0.0,0.0,0.0,0
2019-01-01,0.21,22.46,17.5,1.4300000000000002,1.6499999999999966,1.7700000000000073,0,0.15,0.0,0.01,0.2,0.03,0.13999999999999646,0.11999999999999644,0,0.0,0.0,0.0,0.0,0
2019-01-02,0.98,23.58,16.86,1.31,2.6099999999999968,2.750000000000007,0,1.1,0.05,0.02,1.3,0.07,0.18999999999999645,0.13999999999999646,0,0.0,0.0,0.0,0.0,0
2019-01-03,2.44,23.71,16.46,3.63,5.049999999999997,5.190000000000007,0,0.12,0.15,0.0,1.37,0.2,0.3399999999999964,0.13999999999999646,0,0.0,0.0,0.0,0.0,0
2019-01-04,1.82,20.5,14.61,5.24,6.819999999999997,7.010000000000007,0,0.21,1.1,0.05,1.4300000000000002,1.3,1.4299999999999966,0.18999999999999645,0,0.0,0.0,0.0,0.0,0
2019-01-05,0.69,21.22,14.73,4.95,7.359999999999997,7.700000000000007,0,0.98,0.12,0.15,1.31,1.37,1.4499999999999966,0.3399999999999964,0,0.0,0.0,0.0,0.0,0
2019-01-06,0.15,22.52,16.04,2.66,6.409999999999996,7.840000000000007,0,2.44,0.21,1.1,3.63,1.4300000000000002,1.6499999999999966,1.4299999999999966,0,0.0,0.0,0.0,0.0,0
2019-01-07,0.05,25.05,15.89,0.8899999999999999,6.339999999999997,7.790000000000007,0,1.82,0.98,0.12,5.24,1.31,2.6099999999999968,1.4499999999999966,0,0.0,0.0,0.0,0.0,0
2019-01-08,0.39,23.46,15.55,0.5900000000000001,6.519999999999997,8.170000000000007,0,0.69,2.44,0.21,4.95,3.63,5.049999999999997,1.6499999999999966,0,0.0,0.0,0.0,0.0,0
2019-01-09,4.27,19.41,16.3,4.71,9.809999999999995,12.420000000000007,0,0.15,1.82,0.98,2.66,5.24,6.819999999999997,2.6099999999999968,0,0.0,0.0,0.0,0.0,0
2019-01-10,0.94,20.99,14.9,5.6,8.309999999999997,13.360000000000007,0,0.05,0.69,2.44,0.8899999999999999,4.95,7.359999999999997,5.049999999999997,0,0.0,0.0,0.0,0.0,0
2019-01-11,0.04,24.28,13.78,5.249999999999999,6.529999999999996,13.350000000000007,0,0.39,0.15,1.82,0.5900000000000001,2.66,6.409999999999996,6.819999999999997,0,0.0,0.0,0.0,0.0,0
2019-01-12,0.21,24.72,15.95,1.19,6.049999999999995,13.410000000000005,0,4.27,0.05,0.69,4.71,0.8899999999999999,6.339999999999997,7.359999999999997,0,0.0,0.0,0.0,0.0,0
2019-01-13,2.24,22.4,16.77,2.49,8.139999999999997,14.550000000000006,0,0.94,0.39,0.15,5.6,0.5900000000000001,6.519999999999997,6.409999999999996,0,0.0,0.0,0.0,0.0,0
2019-01-14,1.15,22.04,16.58,3.6,9.239999999999995,15.580000000000007,0,0.04,4.27,0.05,5.249999999999999,4.71,9.809999999999995,6.339999999999997,0,0.0,0.0,0.0,0.0,0
2019-01-15,1.12,21.69,16.22,4.51,9.969999999999997,16.490000000000006,0,0.21,0.94,0.39,1.19,5.6,8.309999999999997,6.519999999999997,0,0.0,0.0,0.0,0.0,0
2019-01-16,1.83,22.08,15.57,4.1,7.529999999999997,17.340000000000007,0,2.24,0.04,4.27,2.49,5.249999999999999,6.529999999999996,9.809999999999995,0,0.0,0.0,0.0,0.0,0
2019-01-17,0.98,23.59,16.42,3.93,7.569999999999997,15.880000000000006,0,1.15,0.21,0.94,3.6,1.19,6.049999999999995,8.309999999999997,0,0.0,0.0,0.0,0.0,0
2019-01-18,0.01,24.93,15.91,2.82,7.539999999999997,14.070000000000006,0,1.12,2.24,0.04,4.51,2.49,8.139999999999997,6.529999999999996,0,0.0,0.0,0.0,0.0,0
2019-01-19,2.69,23.73,14.38,3.6799999999999997,10.019999999999996,16.070000000000007,0,1.83,1.15,0.21,4.1,3.6,9.239999999999995,6.049999999999995,0,0.0,0.0,0.0,0.0,0
2019-01-20,0.0,17.71,10.07,2.6999999999999997,7.779999999999996,15.920000000000005,0,0.98,1.12,2.24,3.93,4.51,9.969999999999997,8.139999999999997,0,0.0,0.0,0.0,0.0,0
2019-01-21,0.12,20.63,9.24,2.81,6.7499999999999964,15.990000000000007,0,0.01,1.83,1.15,2.82,4.1,7.529999999999997,9.239999999999995,0,0.0,0.0,0.0,0.0,0
2019-01-22,0.0,25.78,11.66,0.12,5.629999999999996,15.600000000000007,0,2.69,0.98,1.12,3.6799999999999997,3.93,7.569999999999997,9.969999999999997,0,0.0,0.0,0.0,0.0,0
2019-01-23,2.72,22.0,10.89,2.8400000000000003,6.519999999999996,14.050000000000008,0,0.0,0.01,1.83,2.6999999999999997,2.82,7.539999999999997,7.529999999999997,0,0.0,0.0,0.0,0.0,0
2019-01-24,0.0,21.56,9.67,2.72,5.539999999999996,13.110000000000008,0,0.12,2.69,0.98,2.81,3.6799999999999997,10.019999999999996,7.569999999999997,0,0.0,0.0,0.0,0.0,0
2019-01-25,4.14,18.48,13.98,6.859999999999999,9.669999999999996,17.210000000000008,0,0.0,0.0,0.01,0.12,2.6999999999999997,7.779999999999996,7.539999999999997,0,0.0,0.0,0.0,0.0,0
2019-01-26,0.77,23.65,15.01,4.91,7.7499999999999964,17.770000000000007,0,2.72,0.12,2.69,2.8400000000000003,2.81,6.7499999999999964,10.019999999999996,0,0.0,0.0,0.0,0.0,0
2019-01-27,7.15,18.66,14.32,12.06,14.899999999999997,22.680000000000007,1,0.0,0.0,0.0,2.72,0.12,5.629999999999996,7.779999999999996,0,0.0,0.0,0.0,0.0,0
2019-01-28,0.05,24.44,13.53,7.9700000000000015,14.829999999999998,21.58000000000001,0,4.14,2.72,0.12,6.859999999999999,2.8400000000000003,6.519999999999996,6.7499999999999964,0,0.0,0.0,0.0,0.0,0
2019-01-29,1.69,19.41,11.74,8.89,16.519999999999996,22.150000000000006,0,0.77,0.0,0.0,4.91,2.72,5.539999999999996,5.629999999999996,0,0.0,0.0,0.0,0.0,0
2019-01-30,0.17,22.23,11.41,1.9100000000000008,13.969999999999997,20.490000000000006,0,7.15,4.14,2.72,12.06,6.859999999999999,9.669999999999996,6.519999999999996,0,0.0,0.0,1.0,0.0,0
2019-01-31,0.05,24.56,15.45,1.9100000000000008,14.019999999999998,19.560000000000006,0,0.05,0.77,0.0,7.9700000000000015,4.91,7.7499999999999964,5.539999999999996,0,0.0,0.0,0.0,0.0,0
2019-02-01,0.01,24.71,15.27,0.2300000000000009,9.889999999999997,19.560000000000006,0,1.69,7.15,4.14,8.89,12.06,14.899999999999997,9.669999999999996,0,0.0,0.0,0.0,1.0,0
2019-02-02,0.01,25.16,16.48,0.0700000000000009,9.129999999999997,16.880000000000006,0,0.17,0.05,0.77,1.9100000000000008,7.9700000000000015,14.829999999999998,7.7499999999999964,0,0.0,0.0,0.0,0.0,0
2019-02-03,0.0,26.94,16.98,0.02000000000000089,1.9799999999999964,16.880000000000006,0,0.05,1.69,7.15,1.9100000000000008,8.89,16.519999999999996,14.899999999999997,0,0.0,0.0,0.0,0.0,0
2019-02-04,0.0,27.74,17.21,0.010000000000000888,1.9299999999999964,16.76000000000001,0,0.01,0.17,0.05,0.2300000000000009,1.9100000000000008,13.969999999999997,14.829999999999998,0,0.0,0.0,0.0,0.0,0
2019-02-05,0.02,27.87,17.58,0.02000000000000089,0.25999999999999646,16.78000000000001,0,0.01,0.05,1.69,0.0700000000000009,1.9100000000000008,14.019999999999998,16.519999999999996,0,0.0,0.0,0.0,0.0,0
2019-02-06,0.0,28.71,18.66,0.02000000000000089,0.08999999999999644,14.060000000000006,0,0.0,0.01,0.17,0.02000000000000089,0.2300000000000009,9.889999999999997,13.969999999999997,0,0.0,0.0,0.0,0.0,0
2019-02-07,0.05,29.15,18.5,0.0700000000000009,0.08999999999999644,14.110000000000007,0,0.0,0.01,0.05,0.010000000000000888,0.0700000000000009,9.129999999999997,14.019999999999998,0,0.0,0.0,0.0,0.0,0
2019-02-08,11.88,22.68,12.53,11.930000000000001,11.959999999999997,21.85000000000001,1,0.02,0.0,0.01,0.02000000000000089,0.02000000000000089,1.9799999999999964,9.889999999999997,0,0.0,0.0,0.0,0.0,0
2019-02-09,1.83,18.02,11.18,13.760000000000002,13.779999999999998,22.91000000000001,0,0.0,0.0,0.01,0.02000000000000089,0.010000000000000888,1.9299999999999964,9.129999999999997,0,0.0,0.0,0.0,0.0,0
2019-02-10,0.41,23.09,13.14,14.120000000000001,14.189999999999998,16.17000000000001,0,0.05,0.02,0.0,0.0700000000000009,0.02000000000000089,0.25999999999999646,1.9799999999999964,0,0.0,0.0,0.0,0.0,0
2019-02-11,0.01,27.19,14.74,2.25,14.199999999999998,16.13000000000001,0,11.88,0.0,0.0,11.930000000000001,0.02000000000000089,0.08999999999999644,1.9299999999999964,0,0.0,0.0,1.0,0.0,0
2019-02-12,3.71,23.86,13.32,4.13,17.889999999999997,18.15000000000001,0,1.83,0.05,0.02,13.760000000000002,0.0700000000000009,0.08999999999999644,0.25999999999999646,0,0.0,0.0,0.0,0.0,0
2019-02-13,0.05,21.18,12.01,3.7699999999999996,17.939999999999998,18.030000000000012,0,0.41,11.88,0.0,14.120000000000001,11.930000000000001,11.959999999999997,0.08999999999999644,0,0.0,0.0,0.0,1.0,0
2019-02-14,0.03,28.26,13.83,3.79,17.919999999999998,18.01000000000001,0,0.01,1.83,0.05,2.25,13.760000000000002,13.779999999999998,0.08999999999999644,0,0.0,0.0,0.0,0.0,0
2019-02-15,0.0,31.32,18.41,0.08,6.0399999999999965,18.000000000000007,0,3.71,0.41,11.88,4.13,14.120000000000001,14.189999999999998,11.959999999999997,0,0.0,0.0,0.0,0.0,0
2019-02-16,0.0,32.09,18.94,0.03,4.209999999999996,17.99000000000001,0,0.05,0.01,1.83,3.7699999999999996,2.25,14.199999999999998,13.779999999999998,0,0.0,0.0,0.0,0.0,0
2019-02-17,0.0,33.77,20.68,0.0,3.7999999999999963,17.99000000000001,0,0.03,3.71,0.41,3.79,4.13,17.889999999999997,14.189999999999998,0,0.0,0.0,0.0,0.0,0
2019-02-18,0.66,26.51,17.72,0.66,4.449999999999997,18.65000000000001,0,0.0,0.05,0.01,0.08,3.7699999999999996,17.939999999999998,14.199999999999998,0,0.0,0.0,0.0,0.0,0
2019-02-19,1.08,28.81,17.33,1.7400000000000002,1.8199999999999965,19.710000000000008,0,0.0,0.03,3.71,0.03,3.79,17.919999999999998,17.889999999999997,0,0.0,0.0,0.0,0.0,0
2019-02-20,0.61,27.0,17.03,2.35,2.3799999999999963,20.320000000000007,0,0.0,0.0,0.05,0.0,0.08,6.0399999999999965,17.939999999999998,0,0.0,0.0,0.0,0.0,0
2019-02-21,0.16,28.31,16.13,1.85,2.5099999999999967,20.43000000000001,0,0.66,0.0,0.03,0.66,0.03,4.209999999999996,17.919999999999998,0,0.0,0.0,0.0,0.0,0
2019-02-22,0.0,30.77,17.83,0.77,2.5099999999999967,8.550000000000008,0,1.08,0.0,0.0,1.7400000000000002,0.0,3.7999999999999963,6.0399999999999965,0,0.0,0.0,0.0,0.0,0
2019-02-23,0.1,30.79,18.87,0.26,2.6099999999999968,6.820000000000007,0,0.61,0.66,0.0,2.35,0.66,4.449999999999997,4.209999999999996,0,0.0,0.0,0.0,0.0,0
2019-02-24,4.77,24.04,15.04,4.869999999999999,7.379999999999996,11.180000000000007,0,0.16,1.08,0.0,1.85,1.7400000000000002,1.8199999999999965,3.7999999999999963,0,0.0,0.0,0.0,0.0,0
2019-02-25,1.45,24.38,13.84,6.319999999999999,8.169999999999996,12.620000000000006,0,0.0,0.61,0.66,0.77,2.35,2.3799999999999963,4.449999999999997,0,0.0,0.0,0.0,0.0,0
2019-02-26,0.02,27.65,16.08,6.239999999999999,7.109999999999996,8.930000000000009,0,0.1,0.16,1.08,0.26,1.85,2.5099999999999967,1.8199999999999965,0,0.0,0.0,0.0,0.0,0
2019-02-27,0.0,28.54,17.52,1.47,6.499999999999996,8.880000000000008,0,4.77,0.0,0.61,4.869999999999999,0.77,2.5099999999999967,2.3799999999999963,0,0.0,0.0,0.0,0.0,0
2019-02-28,0.02,30.6,16.72,0.04,6.359999999999997,8.870000000000008,0,1.45,0.1,0.16,6.319999999999999,0.26,2.6099999999999968,2.5099999999999967,0,0.0,0.0,0.0,0.0,0
2019-03-01,0.1,28.47,17.06,0.12000000000000001,6.459999999999996,8.970000000000008,0,0.02,4.77,0.0,6.239999999999999,4.869999999999999,7.379999999999996,2.5099999999999967,0,0.0,0.0,0.0,0.0,0
2019-03-02,0.01,29.61,18.42,0.13,6.369999999999996,8.980000000000008,0,0.0,1.45,0.1,1.47,6.319999999999999,8.169999999999996,2.6099999999999968,0,0.0,0.0,0.0,0.0,0
2019-03-03,0.0,33.33,18.76,0.11,1.5999999999999963,8.980000000000008,0,0.02,0.02,4.77,0.04,6.239999999999999,7.109999999999996,7.379999999999996,0,0.0,0.0,0.0,0.0,0
2019-03-04,4.26,26.13,14.66,4.27,4.409999999999997,12.580000000000007,0,0.1,0.0,1.45,0.12000000000000001,1.47,6.499999999999996,8.169999999999996,0,0.0,0.0,0.0,0.0,0
2019-03-05,2.18,17.54,10.56,6.4399999999999995,6.569999999999997,13.680000000000007,0,0.01,0.02,0.02,0.13,0.04,6.359999999999997,7.109999999999996,0,0.0,0.0,0.0,0.0,0
2019-03-06,1.25,19.25,10.98,7.6899999999999995,7.819999999999997,14.320000000000006,0,0.0,0.1,0.0,0.11,0.12000000000000001,6.459999999999996,6.499999999999996,0,0.0,0.0,0.0,0.0,0
2019-03-07,0.04,26.57,13.75,3.47,7.839999999999996,14.200000000000006,0,4.26,0.01,0.02,4.27,0.13,6.369999999999996,6.359999999999997,0,0.0,0.0,0.0,0.0,0
2019-03-08,0.01,29.42,17.03,1.3,7.749999999999997,14.210000000000006,0,2.18,0.0,0.1,6.4399999999999995,0.11,1.5999999999999963,6.459999999999996,0,0.0,0.0,0.0,0.0,0
2019-03-09,0.0,32.08,18.01,0.05,7.739999999999997,14.110000000000007,0,1.25,4.26,0.01,7.6899999999999995,4.27,4.409999999999997,6.369999999999996,0,0.0,0.0,0.0,0.0,0
2019-03-10,0.0,31.02,20.61,0.01,7.739999999999997,9.340000000000007,0,0.04,2.18,0.0,3.47,6.4399999999999995,6.569999999999997,1.5999999999999963,0,0.0,0.0,0.0,0.0,0
2019-03-11,0.08,30.13,18.65,0.08,3.5599999999999965,7.970000000000007,0,0.01,1.25,4.26,1.3,7.6899999999999995,7.819999999999997,4.409999999999997,0,0.0,0.0,0.0,0.0,0
2019-03-12,0.13,29.2,17.73,0.21000000000000002,1.5099999999999965,8.080000000000007,0,0.0,0.04,2.18,0.05,3.47,7.839999999999996,6.569999999999997,0,0.0,0.0,0.0,0.0,0
2019-03-13,0.01,33.38,19.14,0.22000000000000003,0.26999999999999647,8.090000000000007,0,0.0,0.01,1.25,0.01,1.3,7.749999999999997,7.819999999999997,0,0.0,0.0,0.0,0.0,0
2019-03-14,0.01,32.33,20.46,0.15,0.23999999999999644,8.080000000000007,0,0.08,0.0,0.04,0.08,0.05,7.739999999999997,7.839999999999996,0,0.0,0.0,0.0,0.0,0
2019-03-15,16.23,23.18,13.4,16.25,16.459999999999997,24.210000000000008,1,0.13,0.0,0.01,0.21000000000000002,0.01,7.739999999999997,7.749999999999997,0,0.0,0.0,0.0,0.0,0
2019-03-16,1.11,21.17,11.47,17.349999999999998,17.569999999999997,25.310000000000006,0,0.01,0.08,0.0,0.22000000000000003,0.08,3.5599999999999965,7.739999999999997,0,0.0,0.0,0.0,0.0,0
2019-03-17,1.08,21.22,12.85,18.42,18.65,26.390000000000008,0,0.01,0.13,0.0,0.15,0.21000000000000002,1.5099999999999965,7.739999999999997,0,0.0,0.0,0.0,0.0,0
2019-03-18,6.36,19.47,13.1,8.55,24.93,28.49000000000001,1,16.23,0.01,0.08,16.25,0.22000000000000003,0.26999999999999647,3.5599999999999965,0,0.0,0.0,1.0,0.0,0
2019-03-19,3.17,20.54,13.01,10.61,27.97,29.48000000000001,0,1.11,0.01,0.13,17.349999999999998,0.15,0.23999999999999644,1.5099999999999965,0,0.0,0.0,0.0,0.0,0
2019-03-20,1.62,23.11,15.72,11.15,29.58,29.85000000000001,0,1.08,16.23,0.01,18.42,16.25,16.459999999999997,0.26999999999999647,0,0.0,0.0,0.0,1.0,0
2019-03-21,4.98,23.13,17.23,9.77,34.55,34.79000000000001,0,6.36,1.11,0.01,8.55,17.349999999999998,17.569999999999997,0.23999999999999644,0,0.0,0.0,1.0,0.0,0
2019-03-22,2.38,25.77,17.06,8.98,20.699999999999996,37.16000000000001,0,3.17,1.08,16.23,10.61,18.42,18.65,16.459999999999997,0,0.0,0.0,0.0,0.0,0
2019-03-23,0.6,28.27,17.46,7.96,20.189999999999998,37.76000000000001,0,1.62,6.36,1.11,11.15,8.55,24.93,17.569999999999997,0,0.0,0.0,0.0,1.0,0
2019-03-24,0.06,29.01,17.5,3.04,19.169999999999995,37.820000000000014,0,4.98,3.17,1.08,9.77,10.61,27.97,18.65,0,0.0,0.0,0.0,0.0,0
2019-03-25,0.1,28.92,17.54,0.76,12.909999999999997,37.84000000000001,0,2.38,1.62,6.36,8.98,11.15,29.58,24.93,0,0.0,0.0,0.0,0.0,0
2019-03-26,0.44,25.95,15.85,0.6,10.179999999999996,38.15000000000001,0,0.6,4.98,3.17,7.96,9.77,34.55,27.97,0,0.0,0.0,0.0,0.0,0
2019-03-27,0.34,25.03,16.82,0.8800000000000001,8.899999999999995,38.480000000000004,0,0.06,2.38,1.62,3.04,8.98,20.699999999999996,29.58,0,0.0,0.0,0.0,0.0,0
2019-03-28,0.01,26.56,15.23,0.7899999999999999,3.929999999999996,38.48000000000001,0,0.1,0.6,4.98,0.76,7.96,20.189999999999998,34.55,0,0.0,0.0,0.0,0.0,0
2019-03-29,0.0,29.21,14.83,0.35000000000000003,1.5499999999999965,22.250000000000007,0,0.44,0.06,2.38,0.6,3.04,19.169999999999995,20.699999999999996,0,0.0,0.0,0.0,0.0,0
2019-03-30,0.03,30.66,16.43,0.04,0.9799999999999964,21.17000000000001,0,0.34,0.1,0.6,0.8800000000000001,0.76,12.909999999999997,20.189999999999998,0,0.0,0.0,0.0,0.0,0
2019-03-31,6.48,24.9,12.79,6.510000000000001,7.399999999999997,26.570000000000007,1,0.01,0.44,0.06,0.7899999999999999,0.6,10.179999999999996,19.169999999999995,0,0.0,0.0,0.0,0.0,0
2019-04-01,0.21,23.67,12.85,6.720000000000001,7.509999999999997,20.42000000000001,0,0.0,0.34,0.1,0.35000000000000003,0.8800000000000001,8.899999999999995,12.909999999999997,0,0.0,0.0,0.0,0.0,0
2019-04-02,0.15,25.24,14.52,6.840000000000001,7.219999999999997,17.400000000000006,0,0.03,0.01,0.44,0.04,0.7899999999999999,3.929999999999996,10.179999999999996,0,0.0,0.0,0.0,0.0,0
2019-04-03,0.14,29.45,17.22,0.5,7.019999999999997,15.920000000000009,0,6.48,0.0,0.34,6.510000000000001,0.35000000000000003,1.5499999999999965,8.899999999999995,0,0.0,0.0,1.0,0.0,0
2019-04-04,0.08,32.66,18.81,0.37000000000000005,7.089999999999997,11.020000000000008,0,0.21,0.03,0.01,6.720000000000001,0.04,0.9799999999999964,3.929999999999996,0,0.0,0.0,0.0,0.0,0
2019-04-05,0.24,31.73,20.81,0.46,7.329999999999997,8.880000000000008,0,0.15,6.48,0.0,6.840000000000001,6.510000000000001,7.399999999999997,1.5499999999999965,0,0.0,0.0,0.0,1.0,0
2019-04-06,1.59,32.67,20.48,1.9100000000000001,8.889999999999997,9.870000000000008,0,0.14,0.21,0.03,0.5,6.720000000000001,7.509999999999997,0.9799999999999964,0,0.0,0.0,0.0,0.0,0
2019-04-07,0.2,32.04,20.94,2.0300000000000002,2.6099999999999968,10.010000000000007,0,0.08,0.15,6.48,0.37000000000000005,6.840000000000001,7.219999999999997,7.399999999999997,0,0.0,0.0,0.0,0.0,0
2019-04-08,10.6,27.31,19.76,12.39,12.999999999999996,20.510000000000005,1,0.24,0.14,0.21,0.46,0.5,7.019999999999997,7.509999999999997,0,0.0,0.0,0.0,0.0,0
2019-04-09,0.53,28.37,18.55,11.33,13.379999999999995,20.600000000000005,0,1.59,0.08,0.15,1.9100000000000001,0.37000000000000005,7.089999999999997,7.219999999999997,0,0.0,0.0,0.0,0.0,0
2019-04-10,0.0,32.19,17.08,11.129999999999999,13.239999999999995,20.260000000000005,0,0.2,0.24,0.14,2.0300000000000002,0.46,7.329999999999997,7.019999999999997,0,0.0,0.0,0.0,0.0,0
2019-04-11,0.0,34.21,19.75,0.53,13.159999999999997,20.250000000000007,0,10.6,1.59,0.08,12.39,1.9100000000000001,8.889999999999997,7.089999999999997,0,0.0,0.0,1.0,0.0,0
2019-04-12,0.0,31.76,19.46,0.0,12.919999999999996,20.250000000000007,0,0.53,0.2,0.24,11.33,2.0300000000000002,2.6099999999999968,7.329999999999997,0,0.0,0.0,0.0,0.0,0
2019-04-13,0.0,33.7,19.24,0.0,11.329999999999995,20.220000000000006,0,0.0,10.6,1.59,11.129999999999999,12.39,12.999999999999996,8.889999999999997,0,0.0,0.0,0.0,1.0,0
2019-04-14,0.05,22.69,15.45,0.05,11.179999999999996,13.790000000000006,0,0.0,0.53,0.2,0.53,11.33,13.379999999999995,2.6099999999999968,0,0.0,0.0,0.0,0.0,0
2019-04-15,0.0,27.18,15.08,0.05,0.5799999999999965,13.580000000000005,0,0.0,0.0,10.6,0.0,11.129999999999999,13.239999999999995,12.999999999999996,0,0.0,0.0,0.0,0.0,0
2019-04-16,0.05,31.42,16.74,0.1,0.09999999999999645,13.480000000000008,0,0.0,0.0,0.53,0.0,0.53,13.159999999999997,13.379999999999995,0,0.0,0.0,0.0,0.0,0
2019-04-17,0.06,34.01,20.33,0.11,0.15999999999999645,13.400000000000006,0,0.05,0.0,0.0,0.05,0.0,12.919999999999996,13.239999999999995,0,0.0,0.0,0.0,0.0,0
2019-04-18,0.12,31.5,19.7,0.22999999999999998,0.2799999999999965,13.440000000000007,0,0.0,0.0,0.0,0.05,0.0,11.329999999999995,13.159999999999997,0,0.0,0.0,0.0,0.0,0
2019-04-19,1.41,26.98,18.33,1.5899999999999999,1.6899999999999964,14.610000000000007,0,0.05,0.05,0.0,0.1,0.05,11.179999999999996,12.919999999999996,0,0.0,0.0,0.0,0.0,0
2019-04-20,0.03,30.08,17.05,1.5599999999999998,1.7199999999999964,13.050000000000006,0,0.06,0.0,0.0,0.11,0.05,0.5799999999999965,11.329999999999995,0,0.0,0.0,0.0,0.0,0
2019-04-21,0.0,32.09,16.4,1.44,1.6699999999999964,12.850000000000007,0,0.12,0.05,0.05,0.22999999999999998,0.1,0.09999999999999645,11.179999999999996,0,0.0,0.0,0.0,0.0,0
2019-04-22,0.0,32.57,18.65,0.03,1.6699999999999964,2.250000000000007,0,1.41,0.06,0.0,1.5899999999999999,0.11,0.15999999999999645,0.5799999999999965,0,0.0,0.0,0.0,0.0,0
2019-04-23,0.06,32.97,19.09,0.06,1.6799999999999964,1.7800000000000071,0,0.03,0.12,0.05,1.5599999999999998,0.22999999999999998,0.2799999999999965,0.09999999999999645,0,0.0,0.0,0.0,0.0,0
2019-04-24,0.05,36.09,20.25,0.11,1.6699999999999964,1.830000000000007,0,0.0,1.41,0.06,1.44,1.5899999999999999,1.6899999999999964,0.15999999999999645,0,0.0,0.0,0.0,0.0,1
2019-04-25,0.28,29.51,20.9,0.39,1.8299999999999965,2.110000000000007,0,0.0,0.03,0.12,0.03,1.5599999999999998,1.7199999999999964,0.2799999999999965,0,0.0,0.0,0.0,0.0,0
2019-04-26,0.04,28.1,17.89,0.37,0.45999999999999647,2.150000000000007,0,0.06,0.0,1.41,0.06,1.44,1.6699999999999964,1.6899999999999964,0,0.0,0.0,0.0,0.0,0
2019-04-27,0.07,30.07,16.81,0.39,0.49999999999999656,2.2200000000000073,0,0.05,0.0,0.03,0.11,0.03,1.6699999999999964,1.7199999999999964,0,0.0,0.0,0.0,0.0,0
2019-04-28,0.22,33.58,19.4,0.33,0.7199999999999965,2.3900000000000072,0,0.28,0.06,0.0,0.39,0.06,1.6799999999999964,1.6699999999999964,0,0.0,0.0,0.0,0.0,0
2019-04-29,0.16,33.7,20.41,0.45000000000000007,0.8799999999999966,2.5500000000000074,0,0.04,0.05,0.0,0.37,0.11,1.6699999999999964,1.6699999999999964,0,0.0,0.0,0.0,0.0,0
2019-04-30,0.03,34.76,22.44,0.41,0.8499999999999965,2.530000000000007,0,0.07,0.28,0.06,0.39,0.39,1.8299999999999965,1.6799999999999964,0,0.0,0.0,0.0,0.0,0
2019-05-01,0.1,34.63,21.56,0.29000000000000004,0.8999999999999966,2.570000000000007,0,0.22,0.04,0.05,0.33,0.37,0.45999999999999647,1.6699999999999964,0,0.0,0.0,0.0,0.0,0
2019-05-02,0.26,35.29,21.52,0.39,0.8799999999999966,2.710000000000007,0,0.16,0.07,0.28,0.45000000000000007,0.39,0.49999999999999656,1.8299999999999965,0,0.0,0.0,0.0,0.0,1
2019-05-03,0.37,33.98,22.18,0.73,1.2099999999999964,1.670000000000007,0,0.03,0.22,0.04,0.41,0.33,0.7199999999999965,0.45999999999999647,0,0.0,0.0,0.0,0.0,0
2019-05-04,2.3,34.19,22.27,2.9299999999999997,3.439999999999996,3.9400000000000066,0,0.1,0.16,0.07,0.29000000000000004,0.45000000000000007,0.8799999999999966,0.49999999999999656,0,0.0,0.0,0.0,0.0,0
2019-05-05,8.12,31.5,23.16,10.79,11.339999999999996,12.060000000000006,1,0.26,0.03,0.22,0.39,0.41,0.8499999999999965,0.7199999999999965,0,0.0,0.0,0.0,0.0,0
2019-05-06,2.15,33.61,22.97,12.569999999999999,13.329999999999995,14.210000000000006,0,0.37,0.1,0.16,0.73,0.29000000000000004,0.8999999999999966,0.8799999999999966,0,0.0,0.0,0.0,0.0,0
2019-05-07,0.6,34.97,22.76,10.87,13.899999999999995,14.750000000000005,0,2.3,0.26,0.03,2.9299999999999997,0.39,0.8799999999999966,0.8499999999999965,0,0.0,0.0,0.0,0.0,0
2019-05-08,0.07,36.58,22.53,2.82,13.869999999999994,14.770000000000007,0,8.12,0.37,0.1,10.79,0.73,1.2099999999999964,0.8999999999999966,0,0.0,0.0,1.0,0.0,0
2019-05-09,0.02,37.43,22.65,0.69,13.629999999999994,14.510000000000005,0,2.15,2.3,0.26,12.569999999999999,2.9299999999999997,3.439999999999996,0.8799999999999966,0,0.0,0.0,0.0,0.0,0
2019-05-10,0.13,33.27,22.46,0.22,13.389999999999995,14.600000000000007,0,0.6,8.12,0.37,10.87,10.79,11.339999999999996,1.2099999999999964,0,0.0,0.0,0.0,1.0,0
2019-05-11,0.43,33.0,22.8,0.58,11.519999999999994,14.960000000000006,0,0.07,2.15,2.3,2.82,12.569999999999999,13.329999999999995,3.439999999999996,0,0.0,0.0,0.0,0.0,0
2019-05-12,0.39,31.44,22.34,0.95,3.7899999999999947,15.130000000000004,0,0.02,0.6,8.12,0.69,10.87,13.899999999999995,11.339999999999996,0,0.0,0.0,0.0,0.0,0
2019-05-13,0.19,33.63,22.75,1.01,1.8299999999999947,15.160000000000005,0,0.13,0.07,2.15,0.22,2.82,13.869999999999994,13.329999999999995,0,0.0,0.0,0.0,0.0,0
2019-05-14,0.89,32.6,22.54,1.4700000000000002,2.1199999999999948,16.020000000000007,0,0.43,0.02,0.6,0.58,0.69,13.629999999999994,13.899999999999995,0,0.0,0.0,0.0,0.0,0
2019-05-15,15.51,30.03,23.31,16.59,17.559999999999995,31.430000000000007,1,0.39,0.13,0.07,0.95,0.22,13.389999999999995,13.869999999999994,0,0.0,0.0,0.0,0.0,0
2019-05-16,3.05,30.1,22.72,19.45,20.589999999999996,34.220000000000006,0,0.19,0.43,0.02,1.01,0.58,11.519999999999994,13.629999999999994,0,0.0,0.0,0.0,0.0,0
2019-05-17,0.77,32.78,22.19,19.330000000000002,21.229999999999997,34.620000000000005,0,0.89,0.39,0.13,1.4700000000000002,0.95,3.7899999999999947,13.389999999999995,0,0.0,0.0,0.0,0.0,0
2019-05-18,0.21,35.67,22.72,4.03,21.009999999999998,32.53,0,15.51,0.19,0.43,16.59,1.01,1.8299999999999947,11.519999999999994,0,0.0,0.0,1.0,0.0,0
2019-05-19,0.07,35.16,23.47,1.05,20.689999999999998,24.480000000000004,0,3.05,0.89,0.39,19.45,1.4700000000000002,2.1199999999999948,3.7899999999999947,0,0.0,0.0,0.0,0.0,0
2019-05-20,0.05,34.54,23.07,0.33,20.549999999999994,22.380000000000006,0,0.77,15.51,0.19,19.330000000000002,16.59,17.559999999999995,1.8299999999999947,0,0.0,0.0,0.0,1.0,0
2019-05-21,0.07,36.8,22.18,0.19,19.729999999999993,21.85000000000001,0,0.21,3.05,0.89,4.03,19.45,20.589999999999996,2.1199999999999948,0,0.0,0.0,0.0,0.0,0
2019-05-22,0.11,35.44,23.33,0.23,4.329999999999995,21.890000000000008,0,0.07,0.77,15.51,1.05,19.330000000000002,21.229999999999997,17.559999999999995,0,0.0,0.0,0.0,0.0,1
2019-05-23,1.46,33.76,23.43,1.64,2.739999999999995,23.330000000000005,0,0.05,0.21,3.05,0.33,4.03,21.009999999999998,20.589999999999996,0,0.0,0.0,0.0,0.0,0
2019-05-24,2.16,32.23,22.1,3.73,4.1299999999999955,25.360000000000007,0,0.07,0.07,0.77,0.19,1.05,20.689999999999998,21.229999999999997,0,0.0,0.0,0.0,0.0,0
2019-05-25,0.31,31.55,20.77,3.93,4.229999999999995,25.240000000000006,0,0.11,0.05,0.21,0.23,0.33,20.549999999999994,21.009999999999998,0,0.0,0.0,0.0,0.0,0
2019-05-26,0.17,31.83,21.85,2.64,4.329999999999995,25.020000000000007,0,1.46,0.07,0.07,1.64,0.19,19.729999999999993,20.689999999999998,0,0.0,0.0,0.0,0.0,0
2019-05-27,0.04,31.98,20.95,0.52,4.319999999999995,24.870000000000008,0,2.16,0.11,0.05,3.73,0.23,4.329999999999995,20.549999999999994,0,0.0,0.0,0.0,0.0,0
2019-05-28,0.23,33.84,20.77,0.44000000000000006,4.479999999999995,24.210000000000008,0,0.31,1.46,0.07,3.93,1.64,2.739999999999995,19.729999999999993,0,0.0,0.0,0.0,0.0,0
2019-05-29,0.09,34.38,22.98,0.36,4.4599999999999955,8.790000000000008,0,0.17,2.16,0.11,2.64,3.73,4.1299999999999955,4.329999999999995,0,0.0,0.0,0.0,0.0,0
2019-05-30,1.17,34.14,23.4,1.49,4.1699999999999955,6.910000000000007,0,0.04,0.31,1.46,0.52,3.93,4.229999999999995,2.739999999999995,0,0.0,0.0,0.0,0.0,0
2019-05-31,4.79,28.39,23.57,6.05,6.799999999999995,10.930000000000007,0,0.23,0.17,2.16,0.44000000000000006,2.64,4.329999999999995,4.1299999999999955,0,0.0,0.0,0.0,0.0,0
2019-06-01,7.97,30.57,22.06,13.93,14.459999999999996,18.690000000000005,1,0.09,0.04,0.31,0.36,0.52,4.319999999999995,4.229999999999995,0,0.0,0.0,0.0,0.0,0
2019-06-02,19.21,28.0,22.11,31.97,33.5,37.830000000000005,2,1.17,0.23,0.17,1.49,0.44000000000000006,4.479999999999995,4.329999999999995,0,0.0,0.0,0.0,0.0,0
2019-06-03,36.5,27.64,21.93,63.68,69.96000000000001,74.28,3,4.79,0.09,0.04,6.05,0.36,4.4599999999999955,4.319999999999995,1,0.0,0.0,0.0,0.0,0
2019-06-04,18.28,26.99,23.03,73.99000000000001,88.00999999999999,92.49000000000001,4,7.97,1.17,0.23,13.93,1.49,4.1699999999999955,4.479999999999995,0,0.0,0.0,1.0,0.0,0
2019-06-05,7.55,29.54,23.2,62.33,95.47,99.93,5,19.21,4.79,0.09,31.97,6.05,6.799999999999995,4.4599999999999955,0,0.0,0.0,2.0,0.0,0
2019-06-06,4.19,31.33,23.78,30.020000000000003,98.49000000000001,102.66000000000001,0,36.5,7.97,1.17,63.68,13.93,14.459999999999996,4.1699999999999955,0,0.0,0.0,3.0,1.0,0
2019-06-07,2.8,31.3,24.55,14.54,96.5,103.30000000000001,0,18.28,19.21,4.79,73.99000000000001,31.97,33.5,6.799999999999995,0,0.0,0.0,4.0,2.0,0
2019-06-08,0.73,31.45,24.69,7.720000000000001,89.26,103.72000000000001,0,7.55,36.5,7.97,62.33,63.68,69.96000000000001,14.459999999999996,0,1.0,0.0,5.0,3.0,0
2019-06-09,1.24,32.0,24.12,4.77,71.29,104.79,0,4.19,18.28,19.21,30.020000000000003,73.99000000000001,88.00999999999999,33.5,0,0.0,0.0,0.0,4.0,0
2019-06-10,1.61,30.09,22.74,3.58,36.4,106.36,0,2.8,7.55,36.5,14.54,62.33,95.47,69.96000000000001,0,0.0,1.0,0.0,5.0,0
2019-06-11,4.57,28.62,21.1,7.42,22.69,110.70000000000002,0,0.73,4.19,18.28,7.720000000000001,30.020000000000003,98.49000000000001,88.00999999999999,0,0.0,0.0,0.0,0.0,0
2019-06-12,2.82,30.82,21.82,9.0,17.96,113.43,0,1.24,2.8,7.55,4.77,14.54,96.5,95.47,0,0.0,0.0,0.0,0.0,0
2019-06-13,13.08,27.03,21.71,20.47,26.85,125.34,1,1.61,0.73,4.19,3.58,7.720000000000001,89.26,98.49000000000001,0,0.0,0.0,0.0,0.0,0
2019-06-14,7.42,28.24,22.21,23.32,31.47,127.97,2,4.57,1.24,2.8,7.42,4.77,71.29,96.5,0,0.0,0.0,0.0,0.0,0
2019-06-15,0.41,30.44,21.78,20.91,31.15,120.41,0,2.82,1.61,0.73,9.0,3.58,36.4,89.26,0,0.0,0.0,0.0,0.0,0
2019-06-16,1.19,31.3,22.36,9.02,31.1,102.39000000000001,0,13.08,4.57,1.24,20.47,7.42,22.69,71.29,0,0.0,0.0,1.0,0.0,0
2019-06-17,0.8,32.01,22.76,2.4,30.29,66.69000000000001,0,7.42,2.82,1.61,23.32,9.0,17.96,36.4,0,0.0,0.0,2.0,0.0,0
2019-06-18,6.47,29.95,22.83,8.459999999999999,32.19,54.88000000000001,1,0.41,13.08,4.57,20.91,20.47,26.85,22.69,0,0.0,0.0,0.0,1.0,0
2019-06-19,2.02,30.77,23.63,9.290000000000001,31.39,49.35000000000001,0,1.19,7.42,2.82,9.02,23.32,31.47,17.96,0,0.0,0.0,0.0,2.0,0
2019-06-20,0.04,32.43,23.57,8.53,18.35,45.2,0,0.8,0.41,13.08,2.4,20.91,31.15,26.85,0,0.0,0.0,0.0,0.0,0
2019-06-21,0.08,31.52,23.45,2.14,11.01,42.480000000000004,0,6.47,1.19,7.42,8.459999999999999,9.02,31.1,31.47,0,0.0,0.0,1.0,0.0,0
2019-06-22,3.44,30.56,23.64,3.56,14.04,45.190000000000005,0,2.02,0.8,0.41,9.290000000000001,2.4,30.29,31.15,0,0.0,0.0,0.0,0.0,0
2019-06-23,4.62,30.7,23.53,8.14,17.47,48.57000000000001,0,0.04,6.47,1.19,8.53,8.459999999999999,32.19,31.1,0,0.0,0.0,0.0,1.0,0
2019-06-24,3.74,32.29,23.65,11.8,20.41,50.70000000000001,0,0.08,2.02,0.8,2.14,9.290000000000001,31.39,30.29,0,0.0,0.0,0.0,0.0,0
2019-06-25,3.41,29.61,23.71,11.77,17.35,49.540000000000006,0,3.44,0.04,6.47,3.56,8.53,18.35,32.19,0,0.0,0.0,0.0,0.0,0
2019-06-26,8.84,29.02,22.01,15.989999999999998,24.17,55.56000000000001,1,4.62,0.08,2.02,8.14,2.14,11.01,31.39,0,0.0,0.0,0.0,0.0,0
2019-06-27,8.89,28.95,21.6,21.14,33.02,51.370000000000005,2,3.74,3.44,0.04,11.8,3.56,14.04,18.35,0,0.0,0.0,0.0,0.0,0
2019-06-28,9.27,28.2,20.89,27.0,42.21000000000001,53.22000000000001,3,3.41,4.62,0.08,11.77,8.14,17.47,11.01,0,0.0,0.0,0.0,0.0,0
2019-06-29,3.38,27.39,19.88,21.54,42.15,56.190000000000005,0,8.84,3.74,3.44,15.989999999999998,11.8,20.41,14.04,0,0.0,0.0,1.0,0.0,0
2019-06-30,2.54,28.16,21.02,15.189999999999998,40.07,57.540000000000006,0,8.89,3.41,4.62,21.14,11.77,17.35,17.47,0,0.0,0.0,2.0,0.0,0
2019-07-01,3.08,28.37,20.56,8.999999999999998,39.41,59.82000000000001,0,9.27,8.84,3.74,27.0,15.989999999999998,24.17,20.41,0,0.0,0.0,3.0,1.0,0
2019-07-02,1.83,29.61,22.5,7.449999999999998,37.830000000000005,55.180000000000014,0,3.38,8.89,3.41,21.54,21.14,33.02,17.35,0,0.0,0.0,0.0,2.0,0
2019-07-03,3.25,30.14,21.41,8.159999999999998,32.24,56.41000000000001,0,2.54,9.27,8.84,15.189999999999998,27.0,42.21000000000001,24.17,0,0.0,0.0,0.0,3.0,0
2019-07-04,0.05,30.19,20.88,5.129999999999998,23.4,56.42000000000001,0,3.08,3.38,8.89,8.999999999999998,21.54,42.15,33.02,0,0.0,0.0,0.0,0.0,0
2019-07-05,0.68,30.8,20.85,3.979999999999998,14.81,57.02000000000001,0,1.83,2.54,9.27,7.449999999999998,15.189999999999998,40.07,42.21000000000001,0,0.0,0.0,0.0,0.0,0
2019-07-06,2.47,27.63,20.97,3.1999999999999984,13.899999999999999,56.050000000000004,0,3.25,3.08,3.38,8.159999999999998,8.999999999999998,39.41,42.15,0,0.0,0.0,0.0,0.0,0
2019-07-07,0.38,29.55,21.5,3.5299999999999985,11.74,51.81000000000001,0,0.05,1.83,2.54,5.129999999999998,7.449999999999998,37.830000000000005,40.07,0,0.0,0.0,0.0,0.0,0
2019-07-08,1.15,31.07,21.15,3.9999999999999982,9.81,49.220000000000006,0,0.68,3.25,3.08,3.979999999999998,8.159999999999998,32.24,39.41,0,0.0,0.0,0.0,0.0,0
2019-07-09,2.53,31.72,21.93,4.059999999999998,10.51,48.34000000000001,0,2.47,0.05,1.83,3.1999999999999984,5.129999999999998,23.4,37.830000000000005,0,0.0,0.0,0.0,0.0,0
2019-07-10,5.86,30.76,22.16,9.54,13.120000000000001,45.36000000000001,1,0.38,0.68,3.25,3.5299999999999985,3.979999999999998,14.81,32.24,0,0.0,0.0,0.0,0.0,0
2019-07-11,1.32,30.55,22.44,9.709999999999997,14.389999999999999,37.790000000000006,0,1.15,2.47,0.05,3.9999999999999982,3.1999999999999984,13.899999999999999,23.4,0,0.0,0.0,0.0,0.0,0
2019-07-12,6.04,30.5,22.62,13.219999999999999,19.75,34.56000000000001,1,2.53,0.38,0.68,4.059999999999998,3.5299999999999985,11.74,14.81,0,0.0,0.0,0.0,0.0,0
2019-07-13,0.35,30.96,22.88,7.709999999999998,17.630000000000003,31.53000000000001,0,5.86,1.15,2.47,9.54,3.9999999999999982,9.81,13.899999999999999,0,0.0,0.0,1.0,0.0,0
2019-07-14,2.43,28.86,23.25,8.819999999999999,19.68,31.42000000000001,0,1.32,2.53,0.38,9.709999999999997,4.059999999999998,10.51,11.74,0,0.0,0.0,0.0,0.0,0
2019-07-15,0.72,29.51,22.1,3.4999999999999982,19.25,29.06000000000001,0,6.04,5.86,1.15,13.219999999999999,9.54,13.120000000000001,9.81,0,0.0,0.0,1.0,1.0,0
2019-07-16,6.66,28.57,21.66,9.809999999999999,23.38,33.89000000000001,1,0.35,1.32,2.53,7.709999999999998,9.709999999999997,14.389999999999999,10.51,0,0.0,0.0,0.0,0.0,0
2019-07-17,1.67,30.4,21.96,9.049999999999999,19.189999999999998,32.31000000000001,0,2.43,6.04,5.86,8.819999999999999,13.219999999999999,19.75,13.120000000000001,0,0.0,0.0,0.0,1.0,0
2019-07-18,2.99,28.93,20.65,11.319999999999999,20.86,35.25000000000001,0,0.72,0.35,1.32,3.4999999999999982,7.709999999999998,17.630000000000003,14.389999999999999,0,0.0,0.0,0.0,0.0,0
2019-07-19,2.67,29.23,20.99,7.329999999999998,17.490000000000002,37.24000000000001,0,6.66,2.43,6.04,9.809999999999999,8.819999999999999,19.68,19.75,0,0.0,0.0,1.0,0.0,0
2019-07-20,3.15,29.86,20.07,8.809999999999999,20.29,37.92000000000001,0,1.67,0.72,0.35,9.049999999999999,3.4999999999999982,19.25,17.630000000000003,0,0.0,0.0,0.0,0.0,0
2019-07-21,3.12,30.04,20.92,8.939999999999998,20.98,40.660000000000004,0,2.99,6.66,2.43,11.319999999999999,9.809999999999999,23.38,19.68,0,0.0,0.0,0.0,1.0,0
2019-07-22,2.84,29.42,21.18,9.109999999999998,23.1,42.35000000000001,0,2.67,1.67,0.72,7.329999999999998,9.049999999999999,19.189999999999998,19.25,0,0.0,0.0,0.0,0.0,0
2019-07-23,6.82,29.21,22.68,12.779999999999998,23.259999999999998,46.64,1,3.15,2.99,6.66,8.809999999999999,11.319999999999999,20.86,23.38,0,0.0,0.0,0.0,0.0,0
2019-07-24,7.44,28.54,21.87,17.099999999999998,29.029999999999998,48.220000000000006,2,3.12,2.67,1.67,8.939999999999998,7.329999999999998,17.490000000000002,19.189999999999998,0,0.0,0.0,0.0,0.0,0
2019-07-25,20.94,25.21,20.87,35.2,46.980000000000004,67.84,3,2.84,3.15,2.99,9.109999999999998,8.809999999999999,20.29,20.86,1,0.0,0.0,0.0,0.0,0
2019-07-26,2.91,28.05,20.26,31.29,47.22,64.71000000000001,0,6.82,3.12,2.67,12.779999999999998,8.939999999999998,20.98,17.490000000000002,0,0.0,0.0,1.0,0.0,0
2019-07-27,3.47,28.39,20.57,27.319999999999997,47.54,67.83000000000001,0,7.44,2.84,3.15,17.099999999999998,9.109999999999998,23.1,20.29,0,0.0,0.0,2.0,0.0,0
2019-07-28,8.25,27.7,20.6,14.629999999999997,52.67,73.65,1,20.94,6.82,3.12,35.2,12.779999999999998,23.259999999999998,20.98,0,0.0,0.0,3.0,1.0,0
2019-07-29,2.59,28.68,20.43,14.309999999999997,52.42,75.52000000000001,0,2.91,7.44,2.84,31.29,17.099999999999998,29.029999999999998,23.1,0,0.0,0.0,0.0,2.0,0
2019-07-30,1.98,28.2,19.9,12.819999999999997,47.58,70.84000000000002,0,3.47,20.94,6.82,27.319999999999997,35.2,46.980000000000004,23.259999999999998,0,1.0,0.0,0.0,3.0,0
2019-07-31,2.8,28.47,21.04,7.369999999999996,42.940000000000005,71.97000000000001,0,8.25,2.91,7.44,14.629999999999997,31.29,47.22,29.029999999999998,0,0.0,0.0,1.0,0.0,0
2019-08-01,2.3,29.04,21.79,7.0799999999999965,24.3,71.28000000000002,0,2.59,3.47,20.94,14.309999999999997,27.319999999999997,47.54,46.980000000000004,0,0.0,1.0,0.0,0.0,0
2019-08-02,0.85,29.86,21.28,5.949999999999996,22.24,69.46000000000001,0,1.98,8.25,2.91,12.819999999999997,14.629999999999997,52.67,47.22,0,0.0,0.0,0.0,1.0,0
2019-08-03,1.81,30.19,20.93,4.959999999999996,20.580000000000002,68.12,0,2.8,2.59,3.47,7.369999999999996,14.309999999999997,52.42,47.54,0,0.0,0.0,0.0,0.0,0
2019-08-04,5.78,30.31,22.3,8.439999999999998,18.11,70.78,1,2.3,1.98,8.25,7.0799999999999965,12.819999999999997,47.58,52.67,0,0.0,0.0,0.0,0.0,0
2019-08-05,4.01,31.04,22.13,11.599999999999998,19.53,71.95000000000002,0,0.85,2.8,2.59,5.949999999999996,7.369999999999996,42.940000000000005,52.42,0,0.0,0.0,0.0,0.0,0
2019-08-06,1.72,30.22,22.44,11.509999999999996,19.27,66.85000000000001,0,1.81,2.3,1.98,4.959999999999996,7.0799999999999965,24.3,47.58,0,0.0,0.0,0.0,0.0,0
2019-08-07,1.49,31.34,22.4,7.219999999999996,17.959999999999997,60.900000000000006,0,5.78,0.85,2.8,8.439999999999998,5.949999999999996,22.24,42.940000000000005,0,0.0,0.0,1.0,0.0,0
2019-08-08,0.73,31.78,22.27,3.9399999999999964,16.39,40.69000000000001,0,4.01,1.81,2.3,11.599999999999998,4.959999999999996,20.580000000000002,24.3,0,0.0,0.0,0.0,0.0,0
2019-08-09,3.4,31.49,22.22,5.619999999999996,18.939999999999998,41.18000000000001,0,1.72,5.78,0.85,11.509999999999996,8.439999999999998,18.11,22.24,0,0.0,0.0,0.0,1.0,0
2019-08-10,7.08,32.33,22.18,11.209999999999996,24.21,44.790000000000006,1,1.49,4.01,1.81,7.219999999999996,11.599999999999998,19.53,20.580000000000002,0,0.0,0.0,0.0,0.0,0
2019-08-11,3.9,29.54,22.66,14.379999999999997,22.33,40.440000000000005,0,0.73,1.72,5.78,3.9399999999999964,11.509999999999996,19.27,18.11,0,0.0,0.0,0.0,0.0,0
2019-08-12,0.71,30.84,21.38,11.689999999999996,19.03,38.56,0,3.4,1.49,4.01,5.619999999999996,7.219999999999996,17.959999999999997,19.53,0,0.0,0.0,0.0,0.0,0
2019-08-13,0.71,31.75,21.76,5.319999999999997,18.02,37.290000000000006,0,7.08,0.73,1.72,11.209999999999996,3.9399999999999964,16.39,19.27,0,0.0,0.0,1.0,0.0,0
2019-08-14,0.95,32.13,21.08,2.3699999999999966,17.48,35.440000000000005,0,3.9,3.4,1.49,14.379999999999997,5.619999999999996,18.939999999999998,17.959999999999997,0,0.0,0.0,0.0,0.0,0
2019-08-15,2.52,31.51,22.33,4.179999999999996,19.27,35.660000000000004,0,0.71,7.08,0.73,11.689999999999996,11.209999999999996,24.21,16.39,0,0.0,0.0,0.0,1.0,0
2019-08-16,0.22,31.51,22.41,3.6899999999999964,16.09,35.03000000000001,0,0.71,3.9,3.4,5.319999999999997,14.379999999999997,22.33,18.939999999999998,0,0.0,0.0,0.0,0.0,0
2019-08-17,0.14,31.02,22.29,2.8799999999999963,9.15,33.36000000000001,0,0.95,0.71,7.08,2.3699999999999966,11.689999999999996,19.03,24.21,0,0.0,0.0,0.0,0.0,0
2019-08-18,1.02,30.32,22.28,1.3799999999999961,6.27,28.60000000000001,0,2.52,0.71,3.9,4.179999999999996,5.319999999999997,18.02,22.33,0,0.0,0.0,0.0,0.0,0
2019-08-19,5.87,30.08,23.01,7.029999999999996,11.43,30.460000000000008,1,0.22,0.95,0.71,3.6899999999999964,2.3699999999999966,17.48,19.03,0,0.0,0.0,0.0,0.0,0
2019-08-20,2.64,27.98,21.8,9.529999999999998,13.36,31.38000000000001,0,0.14,2.52,0.71,2.8799999999999963,4.179999999999996,19.27,18.02,0,0.0,0.0,0.0,0.0,0
2019-08-21,1.19,30.23,21.45,9.699999999999998,13.600000000000001,31.080000000000005,0,1.02,0.22,0.95,1.3799999999999961,3.6899999999999964,16.09,17.48,0,0.0,0.0,0.0,0.0,0
2019-08-22,4.44,31.02,22.23,8.269999999999996,15.520000000000001,34.790000000000006,0,5.87,0.14,2.52,7.029999999999996,2.8799999999999963,9.15,19.27,0,0.0,0.0,1.0,0.0,0
2019-08-23,5.38,31.61,23.12,11.009999999999996,20.68,36.77000000000001,1,2.64,1.02,0.22,9.529999999999998,1.3799999999999961,6.27,16.09,0,0.0,0.0,0.0,0.0,0
2019-08-24,1.61,31.31,23.86,11.429999999999996,22.15,31.300000000000008,0,1.19,5.87,0.14,9.699999999999998,7.029999999999996,11.43,9.15,0,0.0,0.0,0.0,1.0,0
2019-08-25,1.05,31.11,23.47,8.039999999999996,22.18,28.450000000000006,0,4.44,2.64,1.02,8.269999999999996,9.529999999999998,13.36,6.27,0,0.0,0.0,0.0,0.0,0
2019-08-26,0.42,33.85,23.71,3.0799999999999965,16.73,28.160000000000007,0,5.38,1.19,5.87,11.009999999999996,9.699999999999998,13.600000000000001,11.43,0,0.0,0.0,1.0,0.0,0
2019-08-27,1.39,32.09,22.68,2.8599999999999963,15.48,28.84000000000001,0,1.61,4.44,2.64,11.429999999999996,8.269999999999996,15.520000000000001,13.36,0,0.0,0.0,0.0,0.0,0
2019-08-28,2.88,29.72,22.28,4.689999999999996,17.169999999999998,30.770000000000007,0,1.05,5.38,1.19,8.039999999999996,11.009999999999996,20.68,13.600000000000001,0,0.0,0.0,0.0,1.0,0
2019-08-29,2.02,29.62,21.53,6.289999999999996,14.75,30.270000000000007,0,0.42,1.61,4.44,3.0799999999999965,11.429999999999996,22.15,15.520000000000001,0,0.0,0.0,0.0,0.0,0
2019-08-30,0.09,31.62,21.13,4.989999999999997,9.46,30.140000000000008,0,1.39,1.05,5.38,2.8599999999999963,8.039999999999996,22.18,20.68,0,0.0,0.0,0.0,0.0,0
2019-08-31,2.72,31.56,20.49,4.8299999999999965,10.57,32.720000000000006,0,2.88,0.42,1.61,4.689999999999996,3.0799999999999965,16.73,22.15,0,0.0,0.0,0.0,0.0,0
2019-09-01,2.98,30.42,20.03,5.7899999999999965,12.499999999999998,34.68000000000001,0,2.02,1.39,1.05,6.289999999999996,2.8599999999999963,15.48,22.18,0,0.0,0.0,0.0,0.0,0
2019-09-02,1.18,30.68,19.72,6.879999999999996,13.259999999999998,29.990000000000006,0,0.09,2.88,0.42,4.989999999999997,4.689999999999996,17.169999999999998,16.73,0,0.0,0.0,0.0,0.0,0
2019-09-03,6.86,29.29,22.14,11.019999999999996,18.73,34.21000000000001,1,2.72,2.02,1.39,4.8299999999999965,6.289999999999996,14.75,15.48,0,0.0,0.0,0.0,0.0,0
2019-09-04,2.95,32.1,22.35,10.989999999999997,18.8,35.970000000000006,0,2.98,0.09,2.88,5.7899999999999965,4.989999999999997,9.46,17.169999999999998,0,0.0,0.0,0.0,0.0,0
2019-09-05,3.28,32.04,23.65,13.089999999999996,20.060000000000002,34.81000000000001,0,1.18,2.72,2.02,6.879999999999996,4.8299999999999965,10.57,14.75,0,0.0,0.0,0.0,0.0,0
2019-09-06,6.85,28.64,22.4,13.079999999999995,26.82,36.28000000000001,1,6.86,2.98,0.09,11.019999999999996,5.7899999999999965,12.499999999999998,9.46,0,0.0,0.0,1.0,0.0,0
2019-09-07,6.6,29.37,20.79,16.729999999999997,30.7,41.27000000000001,2,2.95,1.18,2.72,10.989999999999997,6.879999999999996,13.259999999999998,10.57,0,0.0,0.0,0.0,0.0,0
2019-09-08,5.72,29.91,21.35,19.169999999999995,33.44,45.940000000000005,3,3.28,6.86,2.98,13.089999999999996,11.019999999999996,18.73,12.499999999999998,0,0.0,0.0,0.0,1.0,0
2019-09-09,5.37,30.36,21.18,17.689999999999994,37.629999999999995,50.89000000000001,4,6.85,2.95,1.18,13.079999999999995,10.989999999999997,18.8,13.259999999999998,0,0.0,0.0,1.0,0.0,0
2019-09-10,5.84,30.77,21.78,16.929999999999996,36.61,55.34000000000001,5,6.6,3.28,6.86,16.729999999999997,13.089999999999996,20.060000000000002,18.73,0,0.0,0.0,2.0,0.0,0
2019-09-11,19.63,27.32,22.14,30.839999999999996,53.28999999999999,72.09,6,5.72,6.85,2.95,19.169999999999995,13.079999999999995,26.82,18.8,0,0.0,0.0,3.0,1.0,0
2019-09-12,14.37,26.23,21.03,39.839999999999996,64.38,84.44000000000001,7,5.37,6.6,3.28,17.689999999999994,16.729999999999997,30.7,20.060000000000002,0,0.0,0.0,4.0,2.0,0
2019-09-13,18.08,26.72,20.54,52.08,75.61,102.43,8,5.84,5.72,6.85,16.929999999999996,19.169999999999995,33.44,26.82,0,0.0,0.0,5.0,3.0,0
2019-09-14,12.46,26.89,22.1,44.91,81.47,112.17,9,19.63,5.37,6.6,30.839999999999996,17.689999999999994,37.629999999999995,30.7,0,0.0,0.0,6.0,4.0,0
2019-09-15,1.92,28.0,20.16,32.46,77.66999999999999,111.11,0,14.37,5.84,5.72,39.839999999999996,16.929999999999996,36.61,33.44,0,0.0,0.0,7.0,5.0,0
2019-09-16,0.07,29.43,20.03,14.450000000000001,72.37,110.0,0,18.08,19.63,5.37,52.08,30.839999999999996,53.28999999999999,37.629999999999995,0,0.0,0.0,8.0,6.0,0
2019-09-17,0.67,30.05,21.23,2.66,67.2,103.81,0,12.46,14.37,5.84,44.91,39.839999999999996,64.38,36.61,0,0.0,0.0,9.0,7.0,0
2019-09-18,1.9,29.87,21.73,2.6399999999999997,49.470000000000006,102.76,0,1.92,18.08,19.63,32.46,52.08,75.61,53.28999999999999,0,0.0,0.0,0.0,8.0,0
2019-09-19,1.62,27.96,22.68,4.19,36.72,101.10000000000001,0,0.07,12.46,14.37,14.450000000000001,44.91,81.47,64.38,0,0.0,0.0,0.0,9.0,0
2019-09-20,0.68,29.59,21.39,4.2,19.32,94.92999999999999,0,0.67,1.92,18.08,2.66,32.46,77.66999999999999,75.61,0,0.0,0.0,0.0,0.0,0
2019-09-21,1.8,28.92,22.32,4.1,8.66,90.13,0,1.9,0.07,12.46,2.6399999999999997,14.450000000000001,72.37,81.47,0,0.0,0.0,0.0,0.0,0
2019-09-22,0.86,29.12,21.09,3.34,7.6000000000000005,85.27,0,1.62,0.67,1.92,4.19,2.66,67.2,77.66999999999999,0,0.0,0.0,0.0,0.0,0
2019-09-23,3.67,29.22,19.61,6.33,11.2,83.57,0,0.68,1.9,0.07,4.2,2.6399999999999997,49.470000000000006,72.37,0,0.0,0.0,0.0,0.0,0
2019-09-24,4.5,29.51,21.01,9.03,15.03,82.23,0,1.8,1.62,0.67,4.1,4.19,36.72,67.2,0,0.0,0.0,0.0,0.0,0
2019-09-25,3.58,29.88,22.51,11.75,16.71,66.18,0,0.86,0.68,1.9,3.34,4.2,19.32,49.470000000000006,0,0.0,0.0,0.0,0.0,0
2019-09-26,2.64,30.54,22.92,10.72,17.73,54.45,0,3.67,1.8,1.62,6.33,4.1,8.66,36.72,0,0.0,0.0,0.0,0.0,0
2019-09-27,1.61,28.89,22.22,7.83,18.66,37.98000000000001,0,4.5,0.86,0.68,9.03,3.34,7.6000000000000005,19.32,0,0.0,0.0,0.0,0.0,0
2019-09-28,13.09,27.35,22.32,17.34,29.95,38.61000000000001,1,3.58,3.67,1.8,11.75,6.33,11.2,8.66,0,0.0,0.0,0.0,0.0,0
2019-09-29,5.93,27.22,22.9,20.63,35.019999999999996,42.620000000000005,2,2.64,4.5,0.86,10.72,9.03,15.03,7.6000000000000005,0,0.0,0.0,0.0,0.0,0
2019-09-30,1.77,29.85,22.97,20.79,33.12,44.32000000000001,0,1.61,3.58,3.67,7.83,11.75,16.71,11.2,0,0.0,0.0,0.0,0.0,0
2019-10-01,8.58,27.98,22.36,16.28,37.199999999999996,52.23000000000001,1,13.09,2.64,4.5,17.34,10.72,17.73,15.03,0,0.0,0.0,1.0,0.0,0
2019-10-02,2.07,28.08,21.66,12.42,35.69,52.400000000000006,0,5.93,1.61,3.58,20.63,7.83,18.66,16.71,0,0.0,0.0,2.0,0.0,0
2019-10-03,7.73,27.74,20.88,18.380000000000003,40.78,58.510000000000005,1,1.77,13.09,2.64,20.79,17.34,29.95,17.73,0,0.0,0.0,0.0,1.0,0
2019-10-04,4.29,28.29,20.56,14.09,43.46,62.120000000000005,0,8.58,5.93,1.61,16.28,20.63,35.019999999999996,18.66,0,0.0,0.0,1.0,2.0,0
2019-10-05,5.05,28.41,20.7,17.07,35.42,65.37,1,2.07,1.77,13.09,12.42,20.79,33.12,29.95,0,0.0,0.0,0.0,0.0,0
2019-10-06,4.02,27.83,20.43,13.36,33.51,68.53000000000002,0,7.73,8.58,5.93,18.380000000000003,16.28,37.199999999999996,35.019999999999996,0,0.0,0.0,1.0,1.0,0
2019-10-07,46.4,27.01,21.53,55.47,78.14,111.26,1,4.29,2.07,1.77,14.09,12.42,35.69,33.12,1,0.0,0.0,0.0,0.0,0
2019-10-08,19.7,25.9,21.15,70.12,89.25999999999999,126.46000000000001,2,5.05,7.73,8.58,17.07,18.380000000000003,40.78,37.199999999999996,0,0.0,0.0,1.0,1.0,0
2019-10-09,2.12,27.56,19.64,68.21999999999998,89.30999999999999,125.0,0,4.02,4.29,2.07,13.36,14.09,43.46,35.69,0,0.0,0.0,0.0,0.0,0
2019-10-10,1.9,28.4,22.3,23.72,83.48,124.26,0,46.4,5.05,7.73,55.47,17.07,35.42,40.78,0,0.0,0.0,1.0,1.0,0
2019-10-11,13.71,28.6,22.64,17.73,92.89999999999999,136.36,1,19.7,4.02,4.29,70.12,13.36,33.51,43.46,0,0.0,0.0,2.0,0.0,0
2019-10-12,20.3,23.41,18.02,35.91,108.14999999999999,143.57,2,2.12,46.4,5.05,68.21999999999998,55.47,78.14,35.42,1,1.0,0.0,0.0,1.0,0
2019-10-13,0.67,25.52,17.8,34.68,104.8,138.31,0,1.9,19.7,4.02,23.72,70.12,89.25999999999999,33.51,0,0.0,0.0,0.0,2.0,0
2019-10-14,0.19,26.69,19.44,21.16,58.589999999999996,136.73000000000002,0,13.71,2.12,46.4,17.73,68.21999999999998,89.30999999999999,78.14,0,0.0,1.0,1.0,0.0,0
2019-10-15,0.38,27.09,21.13,1.24,39.269999999999996,128.53,0,20.3,1.9,19.7,35.91,23.72,83.48,89.25999999999999,0,0.0,0.0,2.0,0.0,0
2019-10-16,21.15,24.5,20.28,21.72,58.29999999999999,147.61,1,0.67,13.71,2.12,34.68,17.73,92.89999999999999,89.30999999999999,1,0.0,0.0,0.0,1.0,0
2019-10-17,36.83,25.84,20.3,58.36,93.22999999999999,176.70999999999998,2,0.19,20.3,1.9,21.16,35.91,108.14999999999999,83.48,1,1.0,0.0,0.0,2.0,0
2019-10-18,1.54,26.31,20.39,59.52,81.05999999999999,173.96,0,0.38,0.67,13.71,1.24,34.68,104.8,92.89999999999999,0,0.0,0.0,0.0,0.0,0
2019-10-19,4.6,27.26,22.3,42.970000000000006,65.35999999999999,173.51000000000002,0,21.15,0.19,20.3,21.72,21.16,58.589999999999996,108.14999999999999,0,0.0,1.0,1.0,0.0,0
2019-10-20,1.27,29.09,22.95,7.410000000000007,65.95999999999998,170.76,0,36.83,0.38,0.67,58.36,1.24,39.269999999999996,104.8,0,0.0,0.0,2.0,0.0,0
2019-10-21,3.53,29.4,23.46,9.400000000000006,69.29999999999998,127.89,0,1.54,21.15,0.19,59.52,21.72,58.29999999999999,58.589999999999996,0,1.0,0.0,0.0,1.0,0
2019-10-22,6.81,26.14,21.59,11.610000000000007,75.72999999999999,115.0,1,4.6,36.83,0.38,42.970000000000006,58.36,93.22999999999999,39.269999999999996,0,1.0,0.0,0.0,2.0,0
2019-10-23,15.73,23.61,21.53,26.070000000000007,70.30999999999999,128.61,2,1.27,1.54,21.15,7.410000000000007,59.52,81.05999999999999,58.29999999999999,0,0.0,1.0,0.0,0.0,0
2019-10-24,3.13,23.87,22.01,25.670000000000005,36.60999999999999,129.84,0,3.53,4.6,36.83,9.400000000000006,42.970000000000006,65.35999999999999,93.22999999999999,0,0.0,1.0,0.0,0.0,0
2019-10-25,18.16,23.46,15.27,37.02000000000001,53.22999999999999,134.29,1,6.81,1.27,1.54,11.610000000000007,7.410000000000007,65.95999999999998,81.05999999999999,0,0.0,0.0,1.0,0.0,0
2019-10-26,0.84,17.58,13.41,22.130000000000006,49.46999999999999,114.83000000000001,0,15.73,3.53,4.6,26.070000000000007,9.400000000000006,69.29999999999998,65.35999999999999,0,0.0,0.0,2.0,0.0,0
2019-10-27,0.05,24.46,16.28,19.050000000000008,48.24999999999999,114.21000000000001,0,3.13,6.81,1.27,25.670000000000005,11.610000000000007,75.72999999999999,65.95999999999998,0,0.0,0.0,0.0,1.0,0
2019-10-28,0.14,26.24,18.76,1.0300000000000071,44.85999999999999,114.16000000000001,0,18.16,15.73,3.53,37.02000000000001,26.070000000000007,70.30999999999999,69.29999999999998,0,0.0,0.0,1.0,2.0,0
2019-10-29,0.53,27.64,20.09,0.7200000000000072,38.57999999999999,114.31,0,0.84,3.13,6.81,22.130000000000006,25.670000000000005,36.60999999999999,75.72999999999999,0,0.0,0.0,0.0,0.0,0
2019-10-30,15.61,27.16,22.43,16.28000000000001,38.459999999999994,108.77000000000001,1,0.05,18.16,15.73,19.050000000000008,37.02000000000001,53.22999999999999,70.30999999999999,0,0.0,0.0,0.0,1.0,0
2019-10-31,21.61,23.08,9.52,37.75000000000001,56.93999999999999,93.55000000000001,2,0.14,0.84,3.13,1.0300000000000071,22.130000000000006,49.46999999999999,36.60999999999999,1,0.0,0.0,0.0,0.0,0
2019-11-01,1.77,19.09,9.77,38.99000000000001,40.55,93.78,0,0.53,0.05,18.16,0.7200000000000072,19.050000000000008,48.24999999999999,53.22999999999999,0,0.0,0.0,0.0,0.0,0
2019-11-02,16.16,19.95,14.53,39.540000000000006,55.86999999999999,105.34,1,15.61,0.14,0.84,16.28000000000001,1.0300000000000071,44.85999999999999,49.46999999999999,0,0.0,0.0,1.0,0.0,0
2019-11-03,10.25,21.95,17.22,28.180000000000007,66.07,114.32000000000001,2,21.61,0.53,0.05,37.75000000000001,0.7200000000000072,38.57999999999999,48.24999999999999,0,0.0,0.0,2.0,0.0,0
2019-11-04,0.56,24.43,17.31,26.970000000000006,66.49,111.35000000000001,0,1.77,15.61,0.14,38.99000000000001,16.28000000000001,38.459999999999994,44.85999999999999,0,0.0,0.0,0.0,1.0,0
2019-11-05,3.8,25.09,19.37,14.610000000000007,69.75999999999999,108.34,0,16.16,21.61,0.53,39.540000000000006,37.75000000000001,56.93999999999999,38.57999999999999,0,1.0,0.0,1.0,2.0,0
2019-11-06,6.28,25.66,20.01,10.640000000000008,60.42999999999999,98.89,1,10.25,1.77,15.61,28.180000000000007,38.99000000000001,40.55,38.459999999999994,0,0.0,0.0,2.0,0.0,0
2019-11-07,0.32,25.61,20.08,10.400000000000007,39.13999999999999,96.08,0,0.56,16.16,21.61,26.970000000000006,39.540000000000006,55.86999999999999,56.93999999999999,0,0.0,1.0,0.0,1.0,0
2019-11-08,11.91,24.01,16.78,18.51000000000001,49.27999999999999,89.83000000000001,1,3.8,10.25,1.77,14.610000000000007,28.180000000000007,66.07,40.55,0,0.0,0.0,0.0,2.0,0
2019-11-09,2.49,20.34,15.21,14.720000000000008,35.60999999999999,91.48,0,6.28,0.56,16.16,10.640000000000008,26.970000000000006,66.49,55.86999999999999,0,0.0,0.0,1.0,0.0,0
2019-11-10,1.41,22.91,16.21,15.810000000000008,26.769999999999992,92.84,0,0.32,3.8,10.25,10.400000000000007,14.610000000000007,69.75999999999999,66.07,0,0.0,0.0,0.0,0.0,0
2019-11-11,1.19,26.13,18.48,5.090000000000007,27.399999999999995,93.89000000000001,0,11.91,6.28,0.56,18.51000000000001,10.640000000000008,60.42999999999999,66.49,0,0.0,0.0,1.0,1.0,0
2019-11-12,17.75,20.64,8.91,20.35000000000001,41.349999999999994,111.11000000000001,1,2.49,0.32,3.8,14.720000000000008,10.400000000000007,39.13999999999999,69.75999999999999,0,0.0,0.0,0.0,0.0,0
2019-11-13,0.19,16.48,8.45,19.13000000000001,35.25999999999999,95.69000000000001,0,1.41,11.91,6.28,15.810000000000008,18.51000000000001,49.27999999999999,60.42999999999999,0,0.0,0.0,0.0,1.0,0
2019-11-14,3.84,20.85,14.11,21.78000000000001,38.779999999999994,77.92,0,1.19,2.49,0.32,5.090000000000007,14.720000000000008,35.60999999999999,39.13999999999999,0,0.0,0.0,0.0,0.0,0
2019-11-15,2.45,17.51,11.77,6.4800000000000075,29.319999999999993,78.60000000000001,0,17.75,1.41,11.91,20.35000000000001,15.810000000000008,26.769999999999992,49.27999999999999,0,0.0,0.0,1.0,0.0,0
2019-11-16,0.81,19.85,13.22,7.100000000000007,27.63999999999999,63.25000000000001,0,0.19,1.19,2.49,19.13000000000001,5.090000000000007,27.399999999999995,35.60999999999999,0,0.0,0.0,0.0,0.0,0
2019-11-17,0.06,22.74,14.89,3.3200000000000074,26.289999999999996,53.06000000000001,0,3.84,17.75,1.41,21.78000000000001,20.35000000000001,41.349999999999994,26.769999999999992,0,0.0,0.0,0.0,1.0,0
2019-11-18,0.06,22.97,16.55,0.9300000000000072,25.159999999999993,52.56,0,2.45,0.19,1.19,6.4800000000000075,19.13000000000001,35.25999999999999,27.399999999999995,0,0.0,0.0,0.0,0.0,0
2019-11-19,0.09,24.68,17.47,0.2100000000000071,7.499999999999993,48.85000000000001,0,0.81,3.84,17.75,7.100000000000007,21.78000000000001,38.779999999999994,41.349999999999994,0,0.0,0.0,0.0,0.0,0
2019-11-20,0.03,24.96,18.5,0.1800000000000071,7.339999999999993,42.60000000000001,0,0.06,2.45,0.19,3.3200000000000074,6.4800000000000075,29.319999999999993,35.25999999999999,0,0.0,0.0,0.0,0.0,0
2019-11-21,0.0,25.51,18.37,0.1200000000000071,3.499999999999993,42.28000000000001,0,0.06,0.81,3.84,0.9300000000000072,7.100000000000007,27.63999999999999,38.779999999999994,0,0.0,0.0,0.0,0.0,0
2019-11-22,0.0,26.63,18.87,0.030000000000007104,1.049999999999993,30.370000000000008,0,0.09,0.06,2.45,0.2100000000000071,3.3200000000000074,26.289999999999996,29.319999999999993,0,0.0,0.0,0.0,0.0,0
2019-11-23,2.93,24.39,18.5,2.9300000000000073,3.169999999999993,30.81000000000001,0,0.03,0.06,0.81,0.1800000000000071,0.9300000000000072,25.159999999999993,27.63999999999999,0,0.0,0.0,0.0,0.0,0
2019-11-24,4.0,23.24,17.4,6.930000000000007,7.109999999999992,33.400000000000006,0,0.0,0.09,0.06,0.1200000000000071,0.2100000000000071,7.499999999999993,26.289999999999996,0,0.0,0.0,0.0,0.0,0
2019-11-25,0.12,25.6,17.06,7.050000000000007,7.169999999999993,32.330000000000005,0,0.0,0.03,0.06,0.030000000000007104,0.1800000000000071,7.339999999999993,25.159999999999993,0,0.0,0.0,0.0,0.0,0
2019-11-26,0.0,27.59,18.25,4.120000000000006,7.079999999999992,14.580000000000007,0,2.93,0.0,0.09,2.9300000000000073,0.1200000000000071,3.499999999999993,7.499999999999993,0,0.0,0.0,0.0,0.0,0
2019-11-27,0.12,28.89,20.31,0.2400000000000071,7.169999999999993,14.510000000000007,0,4.0,0.0,0.03,6.930000000000007,0.030000000000007104,1.049999999999993,7.339999999999993,0,0.0,0.0,0.0,0.0,0
2019-11-28,2.77,24.57,19.53,2.8900000000000072,9.939999999999994,13.440000000000008,0,0.12,2.93,0.0,7.050000000000007,2.9300000000000073,3.169999999999993,3.499999999999993,0,0.0,0.0,0.0,0.0,0
2019-11-29,1.01,25.67,20.11,3.9000000000000075,10.949999999999994,12.000000000000007,0,0.0,4.0,0.0,4.120000000000006,6.930000000000007,7.109999999999992,1.049999999999993,0,0.0,0.0,0.0,0.0,0
2019-11-30,0.31,26.61,19.1,4.090000000000007,8.329999999999991,11.500000000000007,0,0.12,0.12,2.93,0.2400000000000071,7.050000000000007,7.169999999999993,3.169999999999993,0,0.0,0.0,0.0,0.0,0
2019-12-01,4.3,25.78,19.35,5.620000000000006,8.629999999999992,15.740000000000007,0,2.77,0.0,4.0,2.8900000000000072,4.120000000000006,7.079999999999992,7.109999999999992,0,0.0,0.0,0.0,0.0,0
2019-12-02,6.3,20.14,15.27,10.910000000000007,14.809999999999993,21.980000000000008,1,1.01,0.12,0.12,3.9000000000000075,0.2400000000000071,7.169999999999993,7.169999999999993,0,0.0,0.0,0.0,0.0,0
2019-12-03,0.4,23.71,15.18,11.000000000000007,15.209999999999994,22.290000000000006,0,0.31,2.77,0.0,4.090000000000007,2.8900000000000072,9.939999999999994,7.079999999999992,0,0.0,0.0,0.0,0.0,0
2019-12-04,0.4,23.51,17.08,7.100000000000007,15.489999999999993,22.660000000000007,0,4.3,1.01,0.12,5.620000000000006,3.9000000000000075,10.949999999999994,7.169999999999993,0,0.0,0.0,0.0,0.0,0
2019-12-05,0.03,24.84,17.47,0.8300000000000072,12.749999999999993,22.690000000000005,0,6.3,0.31,2.77,10.910000000000007,4.090000000000007,8.329999999999991,9.939999999999994,0,0.0,0.0,1.0,0.0,0
2019-12-06,0.07,25.12,18.12,0.5000000000000071,11.809999999999993,22.760000000000005,0,0.4,4.3,1.01,11.000000000000007,5.620000000000006,8.629999999999992,10.949999999999994,0,0.0,0.0,0.0,0.0,0
2019-12-07,0.39,23.12,17.76,0.4900000000000071,11.889999999999993,20.220000000000006,0,0.4,6.3,0.31,7.100000000000007,10.910000000000007,14.809999999999993,8.329999999999991,0,0.0,0.0,0.0,1.0,0
2019-12-08,0.02,23.96,16.68,0.4800000000000071,7.609999999999992,16.240000000000006,0,0.03,0.4,4.3,0.8300000000000072,11.000000000000007,15.209999999999994,8.629999999999992,0,0.0,0.0,0.0,0.0,0
2019-12-09,0.0,26.08,16.65,0.41000000000000714,1.309999999999993,16.120000000000008,0,0.07,0.4,6.3,0.5000000000000071,7.100000000000007,15.489999999999993,14.809999999999993,0,0.0,0.0,0.0,0.0,0
2019-12-10,4.83,27.76,16.74,4.850000000000007,5.739999999999993,20.95000000000001,0,0.39,0.03,0.4,0.4900000000000071,0.8300000000000072,12.749999999999993,15.209999999999994,0,0.0,0.0,0.0,0.0,0
2019-12-11,2.3,15.59,11.88,7.130000000000007,7.639999999999993,23.130000000000006,0,0.02,0.07,0.4,0.4800000000000071,0.5000000000000071,11.809999999999993,15.489999999999993,0,0.0,0.0,0.0,0.0,0
2019-12-12,0.12,20.17,12.19,7.250000000000007,7.729999999999993,20.480000000000008,0,0.0,0.39,0.03,0.41000000000000714,0.4900000000000071,11.889999999999993,12.749999999999993,0,0.0,0.0,0.0,0.0,0
2019-12-13,0.01,24.85,15.98,2.430000000000007,7.669999999999993,19.480000000000008,0,4.83,0.02,0.07,4.850000000000007,0.4800000000000071,7.609999999999992,11.809999999999993,0,0.0,0.0,0.0,0.0,0
2019-12-14,0.0,25.0,17.02,0.1300000000000071,7.279999999999993,19.17000000000001,0,2.3,0.0,0.39,7.130000000000007,0.41000000000000714,1.309999999999993,11.889999999999993,0,0.0,0.0,0.0,0.0,0
2019-12-15,0.0,27.2,15.84,0.010000000000007106,7.259999999999993,14.870000000000006,0,0.12,4.83,0.02,7.250000000000007,4.850000000000007,5.739999999999993,7.609999999999992,0,0.0,0.0,0.0,0.0,0
2019-12-16,0.0,28.19,17.05,0.0,7.259999999999993,8.570000000000007,0,0.01,2.3,0.0,2.430000000000007,7.130000000000007,7.639999999999993,1.309999999999993,0,0.0,0.0,0.0,0.0,0
2019-12-17,7.75,19.6,11.39,7.750000000000007,10.179999999999993,15.920000000000007,1,0.0,0.12,4.83,0.1300000000000071,7.250000000000007,7.729999999999993,5.739999999999993,0,0.0,0.0,0.0,0.0,0
2019-12-18,0.26,13.05,7.16,8.010000000000007,8.139999999999993,15.780000000000006,0,0.0,0.01,2.3,0.010000000000007106,2.430000000000007,7.669999999999993,7.639999999999993,0,0.0,0.0,0.0,0.0,0
2019-12-19,0.48,15.49,8.56,8.490000000000007,8.499999999999993,16.230000000000008,0,0.0,0.0,0.12,0.0,0.1300000000000071,7.279999999999993,7.729999999999993,0,0.0,0.0,0.0,0.0,0
2019-12-20,0.27,18.42,11.21,1.0100000000000071,8.759999999999993,16.430000000000007,0,7.75,0.0,0.01,7.750000000000007,0.010000000000007106,7.259999999999993,7.669999999999993,0,0.0,0.0,1.0,0.0,0
2019-12-21,1.71,18.98,14.29,2.460000000000007,10.469999999999992,17.750000000000007,0,0.26,0.0,0.0,8.010000000000007,0.0,7.259999999999993,7.279999999999993,0,0.0,0.0,0.0,0.0,0
2019-12-22,2.76,14.96,11.73,4.740000000000007,13.229999999999992,20.490000000000006,0,0.48,7.75,0.0,8.490000000000007,7.750000000000007,10.179999999999993,7.259999999999993,0,0.0,0.0,0.0,1.0,0
2019-12-23,0.03,19.11,12.02,4.500000000000007,13.259999999999991,20.520000000000007,0,0.27,0.26,0.0,1.0100000000000071,8.010000000000007,8.139999999999993,7.259999999999993,0,0.0,0.0,0.0,0.0,0
2019-12-24,0.0,21.73,13.67,2.7900000000000067,5.509999999999993,15.690000000000007,0,1.71,0.48,7.75,2.460000000000007,8.490000000000007,8.499999999999993,10.179999999999993,0,0.0,0.0,0.0,0.0,0
2019-12-25,0.0,25.14,15.9,0.030000000000007104,5.249999999999993,13.390000000000008,0,2.76,0.27,0.26,4.740000000000007,1.0100000000000071,8.759999999999993,8.139999999999993,0,0.0,0.0,0.0,0.0,0
2019-12-26,0.04,23.89,15.48,0.040000000000007106,4.8099999999999925,13.310000000000006,0,0.03,1.71,0.48,4.500000000000007,2.460000000000007,10.469999999999992,8.499999999999993,0,0.0,0.0,0.0,0.0,0
2019-12-27,0.01,23.57,16.33,0.05000000000000711,4.549999999999993,13.310000000000006,0,0.0,2.76,0.27,2.7900000000000067,4.740000000000007,13.229999999999992,8.759999999999993,0,0.0,0.0,0.0,0.0,0
2019-12-28,0.0,26.63,16.45,0.05000000000000711,2.8399999999999928,13.310000000000006,0,0.0,0.03,1.71,0.030000000000007104,4.500000000000007,13.259999999999991,10.469999999999992,0,0.0,0.0,0.0,0.0,0
2019-12-29,0.03,28.19,18.08,0.040000000000007106,0.1099999999999929,13.340000000000007,0,0.04,0.0,2.76,0.040000000000007106,2.7900000000000067,5.509999999999993,13.229999999999992,0,0.0,0.0,0.0,0.0,0
2019-12-30,0.78,22.24,15.03,0.8100000000000072,0.8599999999999929,14.120000000000006,0,0.01,0.0,0.03,0.05000000000000711,0.030000000000007104,5.249999999999993,13.259999999999991,0,0.0,0.0,0.0,0.0,0
2019-12-31,3.19,21.79,14.39,4.000000000000007,4.049999999999993,9.560000000000006,0,0.0,0.04,0.0,0.05000000000000711,0.040000000000007106,4.8099999999999925,5.509999999999993,0,0.0,0.0,0.0,0.0,0
2020-01-01,0.14,26.34,16.85,4.110000000000007,4.189999999999992,9.440000000000007,0,0.03,0.01,0.0,0.040000000000007106,0.05000000000000711,4.549999999999993,5.249999999999993,0,0.0,0.0,0.0,0.0,0
2020-01-02,0.06,30.99,18.15,3.3900000000000072,4.209999999999993,9.020000000000007,0,0.78,0.0,0.04,0.8100000000000072,0.05000000000000711,2.8399999999999928,4.8099999999999925,0,0.0,0.0,0.0,0.0,0
2020-01-03,0.05,24.41,16.2,0.2500000000000071,4.249999999999993,8.800000000000008,0,3.19,0.03,0.01,4.000000000000007,0.040000000000007106,0.1099999999999929,4.549999999999993,0,0.0,0.0,0.0,0.0,0
2020-01-04,3.25,17.95,10.45,3.360000000000007,7.499999999999993,10.340000000000007,0,0.14,0.78,0.0,4.110000000000007,0.8100000000000072,0.8599999999999929,2.8399999999999928,0,0.0,0.0,0.0,0.0,0
2020-01-05,0.2,17.58,8.08,3.500000000000007,7.669999999999993,7.780000000000007,0,0.06,3.19,0.03,3.3900000000000072,4.000000000000007,4.049999999999993,0.1099999999999929,0,0.0,0.0,0.0,0.0,0
2020-01-06,0.16,23.33,10.76,3.610000000000007,7.049999999999993,7.910000000000007,0,0.05,0.14,0.78,0.2500000000000071,4.110000000000007,4.189999999999992,0.8599999999999929,0,0.0,0.0,0.0,0.0,0
2020-01-07,1.0,19.85,13.81,1.3600000000000072,4.859999999999993,8.910000000000007,0,3.25,0.06,3.19,3.360000000000007,3.3900000000000072,4.209999999999993,4.049999999999993,0,0.0,0.0,0.0,0.0,0
2020-01-08,1.0,21.74,14.17,2.1600000000000072,5.7199999999999935,9.910000000000007,0,0.2,0.05,0.14,3.500000000000007,0.2500000000000071,4.249999999999993,4.189999999999992,0,0.0,0.0,0.0,0.0,0
2020-01-09,0.03,25.65,13.74,2.030000000000007,5.689999999999992,9.900000000000007,0,0.16,3.25,0.06,3.610000000000007,3.360000000000007,7.499999999999993,4.209999999999993,0,0.0,0.0,0.0,0.0,0
2020-01-10,0.02,28.19,15.46,1.0500000000000071,5.659999999999993,9.910000000000007,0,1.0,0.2,0.05,1.3600000000000072,3.500000000000007,7.669999999999993,4.249999999999993,0,0.0,0.0,0.0,0.0,0
2020-01-11,0.21,21.79,15.1,0.2600000000000072,2.619999999999993,10.120000000000008,0,1.0,0.16,3.25,2.1600000000000072,3.610000000000007,7.049999999999993,7.499999999999993,0,0.0,0.0,0.0,0.0,0
2020-01-12,0.08,21.5,12.72,0.3100000000000072,2.499999999999993,10.170000000000007,0,0.03,1.0,0.2,2.030000000000007,1.3600000000000072,4.859999999999993,7.669999999999993,0,0.0,0.0,0.0,0.0,0
2020-01-13,0.6,24.78,16.29,0.8900000000000072,2.939999999999993,9.990000000000007,0,0.02,1.0,0.16,1.0500000000000071,2.1600000000000072,5.7199999999999935,7.049999999999993,0,0.0,0.0,0.0,0.0,0
2020-01-14,1.03,25.58,17.12,1.710000000000007,2.9699999999999926,7.830000000000007,0,0.21,0.03,1.0,0.2600000000000072,2.030000000000007,5.689999999999992,4.859999999999993,0,0.0,0.0,0.0,0.0,0
2020-01-15,1.23,26.05,17.37,2.860000000000007,3.199999999999993,8.920000000000007,0,0.08,0.02,1.0,0.3100000000000072,1.0500000000000071,5.659999999999993,5.7199999999999935,0,0.0,0.0,0.0,0.0,0
2020-01-16,5.29,24.16,16.53,7.550000000000007,8.459999999999994,14.150000000000007,1,0.6,0.21,0.03,0.8900000000000072,0.2600000000000072,2.619999999999993,5.689999999999992,0,0.0,0.0,0.0,0.0,0
2020-01-17,0.35,25.36,16.81,6.870000000000006,8.789999999999994,14.450000000000006,0,1.03,0.08,0.02,1.710000000000007,0.3100000000000072,2.499999999999993,5.659999999999993,0,0.0,0.0,0.0,0.0,0
2020-01-18,5.62,23.58,18.05,11.260000000000007,14.199999999999992,16.820000000000007,1,1.23,0.6,0.21,2.860000000000007,0.8900000000000072,2.939999999999993,2.619999999999993,0,0.0,0.0,0.0,0.0,0
2020-01-19,47.01,23.04,12.83,52.980000000000004,61.12999999999999,63.63000000000001,2,5.29,1.03,0.08,7.550000000000007,1.710000000000007,2.9699999999999926,2.499999999999993,1,0.0,0.0,1.0,0.0,0
2020-01-20,26.02,14.7,10.82,78.65,86.54999999999998,89.49000000000001,3,0.35,1.23,0.6,6.870000000000006,2.860000000000007,3.199999999999993,2.939999999999993,1,0.0,0.0,0.0,0.0,0
2020-01-21,3.81,17.37,11.28,76.84,89.32999999999998,92.30000000000001,0,5.62,5.29,1.03,11.260000000000007,7.550000000000007,8.459999999999994,2.9699999999999926,0,0.0,0.0,1.0,1.0,0
2020-01-22,0.56,23.35,14.13,30.390000000000008,88.65999999999998,91.86,0,47.01,0.35,1.23,52.980000000000004,6.870000000000006,8.789999999999994,3.199999999999993,0,0.0,0.0,2.0,0.0,0
2020-01-23,1.47,23.46,16.28,5.840000000000007,84.83999999999999,93.30000000000001,0,26.02,5.62,5.29,78.65,11.260000000000007,14.199999999999992,8.459999999999994,0,0.0,0.0,3.0,1.0,0
2020-01-24,4.11,21.88,16.57,6.140000000000008,88.6,97.39000000000001,0,3.81,47.01,0.35,76.84,52.980000000000004,61.12999999999999,8.789999999999994,0,1.0,0.0,0.0,2.0,0
2020-01-25,0.34,23.39,16.2,5.920000000000006,83.32,97.52,0,0.56,26.02,5.62,30.390000000000008,78.65,86.54999999999998,14.199999999999992,0,1.0,0.0,0.0,3.0,0
2020-01-26,0.1,24.44,16.68,4.550000000000007,36.40999999999999,97.54,0,1.47,3.81,47.01,5.840000000000007,76.84,89.32999999999998,61.12999999999999,0,0.0,1.0,0.0,0.0,0
2020-01-27,0.02,24.31,17.59,0.46000000000000624,10.409999999999993,96.96000000000001,0,4.11,0.56,26.02,6.140000000000008,30.390000000000008,88.65999999999998,86.54999999999998,0,0.0,1.0,0.0,0.0,0
2020-01-28,0.03,26.09,16.64,0.1500000000000062,6.629999999999993,95.96000000000001,0,0.34,1.47,3.81,5.920000000000006,5.840000000000007,84.83999999999999,89.32999999999998,0,0.0,0.0,0.0,0.0,0
2020-01-29,4.14,19.7,15.33,4.190000000000006,10.209999999999994,98.87,0,0.1,4.11,0.56,4.550000000000007,6.140000000000008,88.6,88.65999999999998,0,0.0,0.0,0.0,0.0,0
2020-01-30,0.11,23.6,15.14,4.2800000000000065,8.849999999999993,93.69,0,0.02,0.34,1.47,0.46000000000000624,5.920000000000006,83.32,84.83999999999999,0,0.0,0.0,0.0,0.0,0
2020-01-31,5.1,20.25,16.98,9.350000000000005,9.839999999999993,98.44,1,0.03,0.1,4.11,0.1500000000000062,4.550000000000007,36.40999999999999,88.6,0,0.0,0.0,0.0,0.0,0
2020-02-01,7.24,16.88,13.58,12.450000000000006,16.739999999999995,100.06,2,4.14,0.02,0.34,4.190000000000006,0.46000000000000624,10.409999999999993,83.32,0,0.0,0.0,0.0,0.0,0
2020-02-02,0.52,19.67,12.62,12.860000000000007,17.159999999999993,53.57000000000001,0,0.11,0.03,0.1,4.2800000000000065,0.1500000000000062,6.629999999999993,36.40999999999999,0,0.0,0.0,0.0,0.0,0
2020-02-03,0.04,27.09,15.32,7.800000000000006,17.179999999999993,27.590000000000007,0,5.1,4.14,0.02,9.350000000000005,4.190000000000006,10.209999999999994,10.409999999999993,0,0.0,0.0,1.0,0.0,0
2020-02-04,0.0,25.12,17.88,0.5600000000000063,17.149999999999995,23.78000000000001,0,7.24,0.11,0.03,12.450000000000006,4.2800000000000065,8.849999999999993,6.629999999999993,0,0.0,0.0,2.0,0.0,0
2020-02-05,0.11,27.46,19.16,0.1500000000000062,13.119999999999994,23.330000000000005,0,0.52,5.1,4.14,12.860000000000007,9.350000000000005,9.839999999999993,10.209999999999994,0,0.0,0.0,0.0,1.0,0
2020-02-06,1.06,22.66,14.74,1.1700000000000061,14.069999999999993,22.92000000000001,0,0.04,7.24,0.11,7.800000000000006,12.450000000000006,16.739999999999995,8.849999999999993,0,0.0,0.0,0.0,2.0,0
2020-02-07,1.13,22.39,14.78,2.300000000000006,10.099999999999993,19.94000000000001,0,0.0,0.52,5.1,0.5600000000000063,12.860000000000007,17.159999999999993,9.839999999999993,0,0.0,0.0,0.0,0.0,0
2020-02-08,0.27,24.37,17.35,2.460000000000006,3.129999999999993,19.870000000000008,0,0.11,0.04,7.24,0.1500000000000062,7.800000000000006,17.179999999999993,16.739999999999995,0,0.0,0.0,0.0,0.0,0
2020-02-09,0.11,27.35,17.69,1.5100000000000062,2.7199999999999926,19.880000000000006,0,1.06,0.0,0.52,1.1700000000000061,0.5600000000000063,17.149999999999995,17.159999999999993,0,0.0,0.0,0.0,0.0,0
2020-02-10,0.0,28.25,18.74,0.3800000000000062,2.6799999999999926,19.860000000000007,0,1.13,0.11,0.04,2.300000000000006,0.1500000000000062,13.119999999999994,17.179999999999993,0,0.0,0.0,0.0,0.0,0
2020-02-11,0.01,28.66,18.27,0.12000000000000621,2.689999999999993,19.840000000000007,0,0.27,1.06,0.0,2.460000000000006,1.1700000000000061,14.069999999999993,17.149999999999995,0,0.0,0.0,0.0,0.0,0
2020-02-12,0.31,28.32,17.41,0.3200000000000062,2.889999999999993,16.01000000000001,0,0.11,1.13,0.11,1.5100000000000062,2.300000000000006,10.099999999999993,13.119999999999994,0,0.0,0.0,0.0,0.0,0
2020-02-13,10.72,19.73,14.66,11.040000000000006,12.549999999999994,26.620000000000008,1,0.0,0.27,1.06,0.3800000000000062,2.460000000000006,3.129999999999993,14.069999999999993,0,0.0,0.0,0.0,0.0,0
2020-02-14,1.08,19.05,12.96,12.110000000000007,12.499999999999995,22.60000000000001,0,0.01,0.11,1.13,0.12000000000000621,1.5100000000000062,2.7199999999999926,10.099999999999993,0,0.0,0.0,0.0,0.0,0
2020-02-15,0.12,23.72,13.6,11.920000000000005,12.349999999999993,15.480000000000008,0,0.31,0.0,0.27,0.3200000000000062,0.3800000000000062,2.6799999999999926,3.129999999999993,0,0.0,0.0,0.0,0.0,0
2020-02-16,0.0,26.51,16.54,1.2000000000000055,12.239999999999993,14.960000000000006,0,10.72,0.01,0.11,11.040000000000006,0.12000000000000621,2.689999999999993,2.7199999999999926,0,0.0,0.0,1.0,0.0,0
2020-02-17,0.0,26.61,17.57,0.12000000000000532,12.239999999999993,14.920000000000007,0,1.08,0.31,0.0,12.110000000000007,0.3200000000000062,2.889999999999993,2.6799999999999926,0,0.0,0.0,0.0,0.0,0
2020-02-18,0.0,28.47,17.12,0.0,12.229999999999993,14.920000000000007,0,0.12,10.72,0.01,11.920000000000005,11.040000000000006,12.549999999999994,2.689999999999993,0,0.0,0.0,0.0,1.0,0
2020-02-19,0.02,26.68,16.34,0.02000000000000533,11.939999999999994,14.830000000000007,0,0.0,1.08,0.31,1.2000000000000055,12.110000000000007,12.499999999999995,2.889999999999993,0,0.0,0.0,0.0,0.0,0
2020-02-20,8.85,27.25,18.04,8.870000000000005,10.069999999999993,22.620000000000008,1,0.0,0.12,10.72,0.12000000000000532,11.920000000000005,12.349999999999993,12.549999999999994,0,0.0,0.0,0.0,0.0,0
2020-02-21,10.78,18.29,10.27,19.650000000000006,19.769999999999992,32.27000000000001,2,0.0,0.0,1.08,0.0,1.2000000000000055,12.239999999999993,12.499999999999995,0,0.0,0.0,0.0,0.0,0
2020-02-22,0.69,20.52,9.97,20.320000000000004,20.339999999999993,32.690000000000005,0,0.02,0.0,0.12,0.02000000000000533,0.12000000000000532,12.239999999999993,12.349999999999993,0,0.0,0.0,0.0,0.0,0
2020-02-23,0.12,27.34,13.73,11.590000000000005,20.45999999999999,32.7,0,8.85,0.0,0.0,8.870000000000005,0.0,12.229999999999993,12.239999999999993,0,0.0,0.0,1.0,0.0,0
2020-02-24,0.0,29.92,16.7,0.8100000000000053,20.45999999999999,32.7,0,10.78,0.02,0.0,19.650000000000006,0.02000000000000533,11.939999999999994,12.239999999999993,0,0.0,0.0,2.0,0.0,0
2020-02-25,0.2,27.7,17.06,0.32000000000000534,20.659999999999993,32.89000000000001,0,0.69,8.85,0.0,20.320000000000004,8.870000000000005,10.069999999999993,12.229999999999993,0,0.0,0.0,0.0,1.0,0
2020-02-26,12.13,20.48,11.2,12.330000000000005,32.769999999999996,44.71000000000001,1,0.12,10.78,0.02,11.590000000000005,19.650000000000006,19.769999999999992,11.939999999999994,0,0.0,0.0,0.0,2.0,0
2020-02-27,0.05,16.32,9.6,12.380000000000006,23.96999999999999,34.040000000000006,0,0.0,0.69,8.85,0.8100000000000053,20.320000000000004,20.339999999999993,10.069999999999993,0,0.0,0.0,0.0,0.0,0
2020-02-28,0.66,17.09,12.95,12.840000000000007,13.849999999999994,33.62000000000001,0,0.2,0.12,10.78,0.32000000000000534,11.590000000000005,20.45999999999999,19.769999999999992,0,0.0,0.0,0.0,0.0,0
2020-02-29,1.06,21.24,12.94,1.7700000000000053,14.219999999999994,34.56,0,12.13,0.0,0.69,12.330000000000005,0.8100000000000053,20.45999999999999,20.339999999999993,0,0.0,0.0,1.0,0.0,0
2020-03-01,0.0,28.66,14.57,1.7200000000000053,14.099999999999993,34.56,0,0.05,0.2,0.12,12.380000000000006,0.32000000000000534,20.659999999999993,20.45999999999999,0,0.0,0.0,0.0,0.0,0
2020-03-02,0.0,31.15,18.65,1.0600000000000054,14.099999999999993,34.56,0,0.66,12.13,0.0,12.840000000000007,12.330000000000005,32.769999999999996,20.45999999999999,0,0.0,0.0,0.0,1.0,0
2020-03-03,0.01,31.59,19.1,0.01000000000000533,13.909999999999993,34.57000000000001,0,1.06,0.05,0.2,1.7700000000000053,12.380000000000006,23.96999999999999,20.659999999999993,0,0.0,0.0,0.0,0.0,0
2020-03-04,0.0,31.35,19.28,0.01000000000000533,1.779999999999993,34.55000000000001,0,0.0,0.66,12.13,1.7200000000000053,12.840000000000007,13.849999999999994,32.769999999999996,0,0.0,0.0,0.0,0.0,0
2020-03-05,2.66,22.12,14.9,2.6700000000000053,4.3899999999999935,28.360000000000007,0,0.0,1.06,0.05,1.0600000000000054,1.7700000000000053,14.219999999999994,23.96999999999999,0,0.0,0.0,0.0,0.0,0
2020-03-06,0.95,18.34,12.59,3.6100000000000056,4.679999999999993,18.530000000000005,0,0.01,0.0,0.66,0.01000000000000533,1.7200000000000053,14.099999999999993,13.849999999999994,0,0.0,0.0,0.0,0.0,0
2020-03-07,1.09,18.25,13.94,4.7000000000000055,4.709999999999993,18.930000000000007,0,0.0,0.0,1.06,0.01000000000000533,1.0600000000000054,14.099999999999993,14.219999999999994,0,0.0,0.0,0.0,0.0,0
2020-03-08,1.39,23.43,15.55,3.430000000000005,6.0999999999999925,20.200000000000006,0,2.66,0.01,0.0,2.6700000000000053,0.01000000000000533,13.909999999999993,14.099999999999993,0,0.0,0.0,0.0,0.0,0
2020-03-09,0.28,26.23,15.04,2.760000000000005,6.379999999999993,20.480000000000008,0,0.95,0.0,0.0,3.6100000000000056,0.01000000000000533,1.779999999999993,14.099999999999993,0,0.0,0.0,0.0,0.0,0
2020-03-10,1.81,25.36,16.67,3.4800000000000053,8.179999999999993,22.090000000000007,0,1.09,2.66,0.01,4.7000000000000055,2.6700000000000053,4.3899999999999935,13.909999999999993,0,0.0,0.0,0.0,0.0,0
2020-03-11,0.11,25.8,16.07,2.200000000000005,8.289999999999994,10.070000000000007,0,1.39,0.95,0.0,3.430000000000005,3.6100000000000056,4.679999999999993,1.779999999999993,0,0.0,0.0,0.0,0.0,0
2020-03-12,0.03,28.59,16.38,1.9500000000000053,5.659999999999993,10.050000000000006,0,0.28,1.09,2.66,2.760000000000005,4.7000000000000055,4.709999999999993,4.3899999999999935,0,0.0,0.0,0.0,0.0,0
2020-03-13,0.0,29.82,18.43,0.14000000000000534,4.709999999999993,9.390000000000006,0,1.81,1.39,0.95,3.4800000000000053,3.430000000000005,6.0999999999999925,4.679999999999993,0,0.0,0.0,0.0,0.0,0
2020-03-14,0.0,29.12,17.93,0.030000000000005328,3.619999999999993,8.330000000000007,0,0.11,0.28,1.09,2.200000000000005,2.760000000000005,6.379999999999993,4.709999999999993,0,0.0,0.0,0.0,0.0,0
2020-03-15,0.28,27.12,18.48,0.28000000000000536,2.509999999999993,8.610000000000008,0,0.03,1.81,1.39,1.9500000000000053,3.4800000000000053,8.179999999999993,6.0999999999999925,0,0.0,0.0,0.0,0.0,0
2020-03-16,0.36,27.42,18.28,0.6400000000000053,2.5899999999999928,8.970000000000008,0,0.0,0.11,0.28,0.14000000000000534,2.200000000000005,8.289999999999994,6.379999999999993,0,0.0,0.0,0.0,0.0,0
2020-03-17,0.08,28.08,18.7,0.7200000000000053,0.8599999999999929,9.040000000000008,0,0.0,0.03,1.81,0.030000000000005328,1.9500000000000053,5.659999999999993,8.179999999999993,0,0.0,0.0,0.0,0.0,0
2020-03-18,0.01,29.72,18.36,0.45000000000000534,0.7599999999999929,9.050000000000008,0,0.28,0.0,0.11,0.28000000000000536,0.14000000000000534,4.709999999999993,8.289999999999994,0,0.0,0.0,0.0,0.0,0
2020-03-19,0.0,30.84,18.93,0.09000000000000533,0.7299999999999929,6.390000000000008,0,0.36,0.0,0.03,0.6400000000000053,0.030000000000005328,3.619999999999993,5.659999999999993,0,0.0,0.0,0.0,0.0,0
2020-03-20,0.76,30.67,20.35,0.7700000000000053,1.4899999999999929,6.200000000000007,0,0.08,0.28,0.0,0.7200000000000053,0.28000000000000536,2.509999999999993,4.709999999999993,0,0.0,0.0,0.0,0.0,0
2020-03-21,2.97,27.83,19.29,3.7300000000000058,4.459999999999993,8.080000000000007,0,0.01,0.36,0.0,0.45000000000000534,0.6400000000000053,2.5899999999999928,3.619999999999993,0,0.0,0.0,0.0,0.0,0
2020-03-22,0.04,29.32,18.03,3.7700000000000053,4.219999999999993,6.730000000000007,0,0.0,0.08,0.28,0.09000000000000533,0.7200000000000053,0.8599999999999929,2.509999999999993,0,0.0,0.0,0.0,0.0,0
2020-03-23,0.0,30.63,17.88,3.010000000000005,3.859999999999993,6.450000000000006,0,0.76,0.01,0.36,0.7700000000000053,0.45000000000000534,0.7599999999999929,2.5899999999999928,0,0.0,0.0,0.0,0.0,0
2020-03-24,0.0,33.81,18.81,0.04000000000000533,3.779999999999993,4.640000000000007,0,2.97,0.0,0.08,3.7300000000000058,0.09000000000000533,0.7299999999999929,0.8599999999999929,0,0.0,0.0,0.0,0.0,0
2020-03-25,0.0,33.09,20.85,0.0,3.7699999999999934,4.5300000000000065,0,0.04,0.76,0.01,3.7700000000000053,0.7700000000000053,1.4899999999999929,0.7599999999999929,0,0.0,0.0,0.0,0.0,0
2020-03-26,0.0,33.35,19.72,0.0,3.7699999999999934,4.500000000000007,0,0.0,2.97,0.0,3.010000000000005,3.7300000000000058,4.459999999999993,0.7299999999999929,0,0.0,0.0,0.0,0.0,0
2020-03-27,0.0,35.64,20.01,0.0,3.0099999999999936,4.500000000000007,0,0.0,0.04,0.76,0.04000000000000533,3.7700000000000053,4.219999999999993,1.4899999999999929,0,0.0,0.0,0.0,0.0,1
2020-03-28,0.03,35.1,21.08,0.030000000000005328,0.0699999999999929,4.530000000000007,0,0.0,0.0,2.97,0.0,3.010000000000005,3.859999999999993,4.459999999999993,0,0.0,0.0,0.0,0.0,1
2020-03-29,2.65,30.22,20.71,2.680000000000005,2.6799999999999926,6.9000000000000075,0,0.0,0.0,0.04,0.0,0.04000000000000533,3.779999999999993,4.219999999999993,0,0.0,0.0,0.0,0.0,0
2020-03-30,0.52,30.65,19.73,3.200000000000005,3.1999999999999926,7.060000000000007,0,0.0,0.0,0.0,0.0,0.0,3.7699999999999934,3.859999999999993,0,0.0,0.0,0.0,0.0,0
2020-03-31,0.18,31.26,19.6,3.3500000000000054,3.379999999999993,7.160000000000006,0,0.03,0.0,0.0,0.030000000000005328,0.0,3.7699999999999934,3.779999999999993,0,0.0,0.0,0.0,0.0,0
2020-04-01,0.03,30.3,18.18,0.7300000000000053,3.4099999999999926,7.180000000000007,0,2.65,0.0,0.0,2.680000000000005,0.0,3.0099999999999936,3.7699999999999934,0,0.0,0.0,0.0,0.0,0
2020-04-02,0.08,33.29,19.35,0.2900000000000053,3.4899999999999927,7.260000000000007,0,0.52,0.03,0.0,3.200000000000005,0.030000000000005328,0.0699999999999929,3.7699999999999934,0,0.0,0.0,0.0,0.0,0
2020-04-03,0.17,33.47,21.33,0.28000000000000536,3.6599999999999926,6.670000000000007,0,0.18,2.65,0.0,3.3500000000000054,2.680000000000005,2.6799999999999926,3.0099999999999936,0,0.0,0.0,0.0,0.0,0
2020-04-04,0.3,33.07,22.35,0.5500000000000054,3.9299999999999926,4.000000000000007,0,0.03,0.52,0.03,0.7300000000000053,3.200000000000005,3.1999999999999926,0.0699999999999929,0,0.0,0.0,0.0,0.0,0
2020-04-05,2.7,30.84,21.8,3.1700000000000057,3.979999999999993,6.660000000000007,0,0.08,0.18,2.65,0.2900000000000053,3.3500000000000054,3.379999999999993,2.6799999999999926,0,0.0,0.0,0.0,0.0,0
2020-04-06,0.48,32.64,21.0,3.4800000000000058,3.939999999999993,7.140000000000008,0,0.17,0.03,0.52,0.28000000000000536,0.7300000000000053,3.4099999999999926,3.1999999999999926,0,0.0,0.0,0.0,0.0,0
2020-04-07,0.53,32.85,22.33,3.7100000000000053,4.289999999999993,7.670000000000007,0,0.3,0.08,0.18,0.5500000000000054,0.2900000000000053,3.4899999999999927,3.379999999999993,0,0.0,0.0,0.0,0.0,0
2020-04-08,0.47,33.93,23.23,1.4800000000000053,4.729999999999992,8.140000000000008,0,2.7,0.17,0.03,3.1700000000000057,0.28000000000000536,3.6599999999999926,3.4099999999999926,0,0.0,0.0,0.0,0.0,0
2020-04-09,1.11,33.82,23.94,2.1100000000000056,5.759999999999994,9.250000000000007,0,0.48,0.3,0.08,3.4800000000000058,0.5500000000000054,3.9299999999999926,3.4899999999999927,0,0.0,0.0,0.0,0.0,0
2020-04-10,2.13,31.43,23.75,3.7100000000000053,7.719999999999993,11.380000000000006,0,0.53,2.7,0.17,3.7100000000000053,3.1700000000000057,3.979999999999993,3.6599999999999926,0,0.0,0.0,0.0,0.0,0
2020-04-11,1.08,33.52,22.81,4.320000000000006,8.499999999999993,12.430000000000007,0,0.47,0.48,0.3,1.4800000000000053,3.4800000000000058,3.939999999999993,3.9299999999999926,0,0.0,0.0,0.0,0.0,0
2020-04-12,0.01,37.58,24.16,3.220000000000005,5.8099999999999925,9.790000000000008,0,1.11,0.53,2.7,2.1100000000000056,3.7100000000000053,4.289999999999993,3.979999999999993,0,0.0,0.0,0.0,0.0,0
2020-04-13,0.09,31.41,23.25,1.1800000000000055,5.419999999999993,9.360000000000008,0,2.13,0.47,0.48,3.7100000000000053,1.4800000000000053,4.729999999999992,3.939999999999993,0,0.0,0.0,0.0,0.0,0
2020-04-14,3.0,33.05,22.41,3.1000000000000054,7.8899999999999935,12.180000000000009,0,1.08,1.11,0.53,4.320000000000006,2.1100000000000056,5.759999999999994,4.289999999999993,0,0.0,0.0,0.0,0.0,0
2020-04-15,16.21,24.95,20.43,19.300000000000008,23.629999999999995,28.360000000000007,1,0.01,2.13,0.47,3.220000000000005,3.7100000000000053,7.719999999999993,4.729999999999992,0,0.0,0.0,0.0,0.0,0
2020-04-16,2.51,28.27,20.41,21.720000000000006,25.029999999999994,30.790000000000006,0,0.09,1.08,1.11,1.1800000000000055,4.320000000000006,8.499999999999993,5.759999999999994,0,0.0,0.0,0.0,0.0,0
2020-04-17,0.34,32.8,21.7,19.06000000000001,23.24,30.960000000000008,0,3.0,0.01,2.13,3.1000000000000054,3.220000000000005,5.8099999999999925,7.719999999999993,0,0.0,0.0,0.0,0.0,0
2020-04-18,0.06,33.55,22.6,2.910000000000007,22.219999999999995,30.720000000000006,0,16.21,0.09,1.08,19.300000000000008,1.1800000000000055,5.419999999999993,8.499999999999993,0,0.0,0.0,1.0,0.0,0
2020-04-19,0.31,36.0,21.88,0.7100000000000071,22.519999999999996,28.330000000000005,0,2.51,3.0,0.01,21.720000000000006,3.1000000000000054,7.8899999999999935,5.8099999999999925,0,0.0,0.0,0.0,0.0,0
2020-04-20,0.1,33.07,24.21,0.4700000000000071,22.529999999999998,27.950000000000006,0,0.34,16.21,0.09,19.06000000000001,19.300000000000008,23.629999999999995,5.419999999999993,0,0.0,0.0,0.0,1.0,0
2020-04-21,0.03,33.96,23.72,0.4400000000000071,19.56,27.450000000000006,0,0.06,2.51,3.0,2.910000000000007,21.720000000000006,25.029999999999994,7.8899999999999935,0,0.0,0.0,0.0,0.0,0
2020-04-22,0.01,37.46,23.31,0.14000000000000712,3.3599999999999963,26.990000000000006,0,0.31,0.34,16.21,0.7100000000000071,19.06000000000001,23.24,23.629999999999995,0,0.0,0.0,0.0,0.0,1
2020-04-23,1.78,37.42,25.15,1.8200000000000072,2.6299999999999963,27.660000000000007,0,0.1,0.06,2.51,0.4700000000000071,2.910000000000007,22.219999999999995,25.029999999999994,0,0.0,0.0,0.0,0.0,1
2020-04-24,0.7,33.84,23.46,2.4900000000000073,2.9899999999999967,26.230000000000008,0,0.03,0.31,0.34,0.4400000000000071,0.7100000000000071,22.519999999999996,23.24,0,0.0,0.0,0.0,0.0,0
2020-04-25,23.95,33.53,25.27,26.430000000000007,26.879999999999995,49.10000000000001,1,0.01,0.1,0.06,0.14000000000000712,0.4700000000000071,22.529999999999998,22.219999999999995,1,0.0,0.0,0.0,0.0,0
2020-04-26,20.2,27.69,21.85,44.85000000000001,46.769999999999996,69.29,2,1.78,0.03,0.31,1.8200000000000072,0.4400000000000071,19.56,22.519999999999996,1,0.0,0.0,0.0,0.0,0
2020-04-27,0.35,29.26,20.56,44.50000000000001,47.019999999999996,69.55,0,0.7,0.01,0.1,2.4900000000000073,0.14000000000000712,3.3599999999999963,22.529999999999998,0,0.0,0.0,0.0,0.0,0
2020-04-28,0.19,32.12,21.03,20.740000000000006,47.17999999999999,66.74000000000001,0,23.95,1.78,0.03,26.430000000000007,1.8200000000000072,2.6299999999999963,19.56,0,0.0,0.0,1.0,0.0,0
2020-04-29,0.9,33.42,21.57,1.440000000000007,48.06999999999999,51.43000000000001,0,20.2,0.7,0.01,44.85000000000001,2.4900000000000073,2.9899999999999967,3.3599999999999963,0,0.0,0.0,2.0,0.0,0
2020-04-30,14.8,26.88,20.41,15.890000000000008,61.089999999999996,63.720000000000006,1,0.35,23.95,1.78,44.50000000000001,26.430000000000007,26.879999999999995,2.6299999999999963,0,1.0,0.0,0.0,1.0,0
2020-05-01,1.75,28.96,19.19,17.45000000000001,62.13999999999999,65.13000000000001,0,0.19,20.2,0.7,20.740000000000006,44.85000000000001,46.769999999999996,2.9899999999999967,0,1.0,0.0,0.0,2.0,0
2020-05-02,1.9,29.57,20.92,18.45000000000001,40.089999999999996,66.97,0,0.9,0.35,23.95,1.440000000000007,44.50000000000001,47.019999999999996,26.879999999999995,0,0.0,1.0,0.0,0.0,0
2020-05-03,0.09,30.77,20.47,3.740000000000007,19.979999999999997,66.75,0,14.8,0.19,20.2,15.890000000000008,20.740000000000006,47.17999999999999,46.769999999999996,0,0.0,1.0,1.0,0.0,0
2020-05-04,0.15,31.24,21.61,2.140000000000007,19.779999999999994,66.80000000000001,0,1.75,0.9,0.35,17.45000000000001,1.440000000000007,48.06999999999999,47.019999999999996,0,0.0,0.0,0.0,0.0,0
2020-05-05,2.73,32.11,22.52,2.9700000000000073,22.319999999999997,69.50000000000001,0,1.9,14.8,0.19,18.45000000000001,15.890000000000008,61.089999999999996,47.17999999999999,0,0.0,0.0,0.0,1.0,0
2020-05-06,19.02,28.66,21.71,21.900000000000006,40.44,88.51,1,0.09,1.75,0.9,3.740000000000007,17.45000000000001,62.13999999999999,48.06999999999999,0,0.0,0.0,0.0,0.0,0
2020-05-07,7.05,26.65,20.99,28.800000000000008,32.69,93.78,2,0.15,1.9,14.8,2.140000000000007,18.45000000000001,40.089999999999996,61.089999999999996,0,0.0,0.0,0.0,0.0,0
2020-05-08,3.46,30.75,21.03,29.53000000000001,34.4,96.54,0,2.73,0.09,1.75,2.9700000000000073,3.740000000000007,19.979999999999997,62.13999999999999,0,0.0,0.0,0.0,0.0,0
2020-05-09,32.35,29.23,18.73,42.860000000000014,64.85,104.94000000000001,1,19.02,0.15,1.9,21.900000000000006,2.140000000000007,19.779999999999994,40.089999999999996,1,0.0,0.0,1.0,0.0,0
2020-05-10,2.69,26.41,17.62,38.50000000000001,67.45,87.43,0,7.05,2.73,0.09,28.800000000000008,2.9700000000000073,22.319999999999997,19.979999999999997,0,0.0,0.0,2.0,0.0,0
2020-05-11,2.65,26.55,18.66,37.69000000000001,69.94999999999999,89.73000000000002,0,3.46,19.02,0.15,29.53000000000001,21.900000000000006,40.44,19.779999999999994,0,0.0,0.0,0.0,1.0,0
2020-05-12,0.66,29.0,20.93,6.000000000000007,67.88,90.2,0,32.35,7.05,2.73,42.860000000000014,28.800000000000008,32.69,22.319999999999997,0,0.0,0.0,1.0,2.0,0
2020-05-13,0.33,30.57,22.1,3.6400000000000072,49.19,89.63000000000001,0,2.69,3.46,19.02,38.50000000000001,29.53000000000001,34.4,40.44,0,0.0,0.0,0.0,0.0,0
2020-05-14,0.6,32.34,22.93,1.5900000000000072,42.74,75.43000000000002,0,2.65,32.35,7.05,37.69000000000001,42.860000000000014,64.85,32.69,0,1.0,0.0,0.0,1.0,0
2020-05-15,1.21,33.64,23.84,2.1400000000000072,40.49,74.89000000000001,0,0.66,2.69,3.46,6.000000000000007,38.50000000000001,67.45,34.4,0,0.0,0.0,0.0,0.0,0
2020-05-16,8.25,34.34,23.48,10.060000000000008,16.39,81.24000000000001,1,0.33,2.65,32.35,3.6400000000000072,37.69000000000001,69.94999999999999,64.85,0,0.0,1.0,0.0,0.0,0
2020-05-17,13.31,29.91,21.74,22.77000000000001,27.01,94.46000000000001,2,0.6,0.66,2.69,1.5900000000000072,6.000000000000007,67.88,67.45,0,0.0,0.0,0.0,0.0,0
2020-05-18,0.39,29.77,21.58,21.950000000000006,24.75,94.70000000000002,0,1.21,0.33,2.65,2.1400000000000072,3.6400000000000072,49.19,69.94999999999999,0,0.0,0.0,0.0,0.0,0
2020-05-19,0.07,32.0,21.01,13.770000000000008,24.160000000000004,92.04,0,8.25,0.6,0.66,10.060000000000008,1.5900000000000072,42.74,67.88,0,0.0,0.0,1.0,0.0,0
2020-05-20,0.21,33.76,22.22,0.6700000000000071,24.040000000000003,73.23000000000002,0,13.31,1.21,0.33,22.77000000000001,2.1400000000000072,40.49,49.19,0,0.0,0.0,2.0,0.0,0
2020-05-21,18.91,32.91,23.34,19.19000000000001,42.35,85.09000000000002,1,0.39,8.25,0.6,21.950000000000006,10.060000000000008,16.39,42.74,0,0.0,0.0,0.0,1.0,0
2020-05-22,1.48,32.06,23.92,20.60000000000001,42.62,83.11000000000001,0,0.07,13.31,1.21,13.770000000000008,22.77000000000001,27.01,40.49,0,0.0,0.0,0.0,2.0,0
2020-05-23,0.79,31.58,23.66,21.180000000000007,35.160000000000004,51.55000000000001,0,0.21,0.39,8.25,0.6700000000000071,21.950000000000006,24.75,16.39,0,0.0,0.0,0.0,0.0,0
2020-05-24,2.17,31.8,23.0,4.440000000000007,24.020000000000003,51.03000000000001,0,18.91,0.07,13.31,19.19000000000001,13.770000000000008,24.160000000000004,27.01,0,0.0,0.0,1.0,0.0,0
2020-05-25,0.25,32.54,22.67,3.210000000000007,23.880000000000003,48.63000000000001,0,1.48,0.21,0.39,20.60000000000001,0.6700000000000071,24.040000000000003,24.75,0,0.0,0.0,0.0,0.0,0
2020-05-26,0.61,31.08,21.72,3.030000000000007,24.42,48.580000000000005,0,0.79,18.91,0.07,21.180000000000007,19.19000000000001,42.35,24.160000000000004,0,0.0,0.0,0.0,1.0,0
2020-05-27,4.08,30.56,22.87,4.940000000000007,28.29,52.33000000000001,0,2.17,1.48,0.21,4.440000000000007,20.60000000000001,42.62,24.040000000000003,0,0.0,0.0,0.0,0.0,0
2020-05-28,17.59,31.74,22.64,22.28000000000001,26.97,69.32000000000001,1,0.25,0.79,18.91,3.210000000000007,21.180000000000007,35.160000000000004,42.35,0,0.0,0.0,0.0,0.0,0
2020-05-29,5.72,26.98,20.49,27.390000000000004,31.209999999999997,73.83000000000001,2,0.61,2.17,1.48,3.030000000000007,4.440000000000007,24.020000000000003,42.62,0,0.0,0.0,0.0,0.0,0
2020-05-30,1.73,25.36,19.24,25.040000000000003,32.15,67.31000000000002,0,4.08,0.25,0.79,4.940000000000007,3.210000000000007,23.880000000000003,35.160000000000004,0,0.0,0.0,0.0,0.0,0
2020-05-31,4.15,27.79,18.95,11.600000000000003,34.129999999999995,58.150000000000006,0,17.59,0.61,2.17,22.28000000000001,3.030000000000007,24.42,24.020000000000003,0,0.0,0.0,1.0,0.0,0
2020-06-01,5.27,27.46,21.22,11.150000000000002,39.15,63.03,1,5.72,4.08,0.25,27.390000000000004,4.940000000000007,28.29,23.880000000000003,0,0.0,0.0,2.0,0.0,0
2020-06-02,10.93,27.85,22.21,20.35,49.47,73.89,2,1.73,17.59,0.61,25.040000000000003,22.28000000000001,26.97,24.42,0,0.0,0.0,0.0,1.0,0
2020-06-03,18.21,27.41,22.4,34.410000000000004,63.6,91.89000000000001,3,4.15,5.72,4.08,11.600000000000003,27.390000000000004,31.209999999999997,28.29,0,0.0,0.0,0.0,2.0,0
2020-06-04,21.59,27.66,22.52,50.730000000000004,67.60000000000001,94.57000000000001,4,5.27,1.73,17.59,11.150000000000002,25.040000000000003,32.15,26.97,1,0.0,0.0,1.0,0.0,0
2020-06-05,9.86,26.79,21.98,49.66,71.74,102.95,5,10.93,4.15,5.72,20.35,11.600000000000003,34.129999999999995,31.209999999999997,0,0.0,0.0,2.0,0.0,0
2020-06-06,1.17,28.26,19.79,32.62,71.17999999999999,103.33,0,18.21,5.27,1.73,34.410000000000004,11.150000000000002,39.15,32.15,0,0.0,0.0,3.0,1.0,0
2020-06-07,0.32,29.66,22.31,11.35,67.35000000000001,101.48,0,21.59,10.93,4.15,50.730000000000004,20.35,49.47,34.129999999999995,0,0.0,0.0,4.0,2.0,0
2020-06-08,0.51,31.83,23.01,2.0,62.59,101.74,0,9.86,18.21,5.27,49.66,34.410000000000004,63.6,39.15,0,0.0,0.0,5.0,3.0,0
2020-06-09,0.26,32.76,23.78,1.09,51.92,101.39,0,1.17,21.59,10.93,32.62,50.730000000000004,67.60000000000001,49.47,0,1.0,0.0,0.0,4.0,0
2020-06-10,15.12,28.85,23.48,15.889999999999999,48.83,112.43,1,0.32,9.86,18.21,11.35,49.66,71.74,63.6,0,0.0,0.0,0.0,5.0,0
2020-06-11,48.15,25.75,22.58,63.53,75.39,142.99,2,0.51,1.17,21.59,2.0,32.62,71.17999999999999,67.60000000000001,1,0.0,1.0,0.0,0.0,0
2020-06-12,28.43,26.34,21.26,91.69999999999999,93.96,165.7,3,0.26,0.32,9.86,1.09,11.35,67.35000000000001,71.74,1,0.0,0.0,0.0,0.0,0
2020-06-13,1.59,24.7,18.96,78.16999999999999,94.38,165.56,0,15.12,0.51,1.17,15.889999999999999,2.0,62.59,71.17999999999999,0,0.0,0.0,1.0,0.0,0
2020-06-14,0.33,25.09,16.93,30.35,94.39,161.74,0,48.15,0.26,0.32,63.53,1.09,51.92,67.35000000000001,0,0.0,0.0,2.0,0.0,0
2020-06-15,0.22,26.24,17.45,2.14,94.1,156.69,0,28.43,15.12,0.51,91.69999999999999,15.889999999999999,48.83,62.59,0,0.0,0.0,3.0,1.0,0
2020-06-16,2.02,26.58,18.88,2.5700000000000003,95.85999999999999,147.78,0,1.59,48.15,0.26,78.16999999999999,63.53,75.39,51.92,0,1.0,0.0,0.0,2.0,0
2020-06-17,2.66,28.13,19.96,4.9,83.4,132.23000000000002,0,0.33,28.43,15.12,30.35,91.69999999999999,93.96,48.83,0,1.0,0.0,0.0,3.0,0
2020-06-18,2.28,28.48,21.76,6.96,37.529999999999994,112.92,0,0.22,1.59,48.15,2.14,78.16999999999999,94.38,75.39,0,0.0,1.0,0.0,0.0,0
2020-06-19,2.06,28.41,21.96,7.0,11.159999999999993,105.12,0,2.02,0.33,28.43,2.5700000000000003,30.35,94.39,93.96,0,0.0,1.0,0.0,0.0,0
2020-06-20,2.24,28.2,22.28,6.58,11.809999999999993,106.19,0,2.66,0.22,1.59,4.9,2.14,94.1,94.38,0,0.0,0.0,0.0,0.0,0
2020-06-21,2.36,29.04,21.58,6.66,13.839999999999993,108.23,0,2.28,2.02,0.33,6.96,2.5700000000000003,95.85999999999999,94.39,0,0.0,0.0,0.0,0.0,0
2020-06-22,1.91,30.55,21.98,6.51,15.529999999999992,109.63,0,2.06,2.66,0.22,7.0,4.9,83.4,94.1,0,0.0,0.0,0.0,0.0,0
2020-06-23,2.11,30.53,23.13,6.379999999999999,15.619999999999994,111.48,0,2.24,2.28,2.02,6.58,6.96,37.529999999999994,95.85999999999999,0,0.0,0.0,0.0,0.0,0
2020-06-24,19.44,28.28,21.47,23.46,32.39999999999999,115.80000000000001,1,2.36,2.06,2.66,6.66,7.0,11.159999999999993,83.4,0,0.0,0.0,0.0,0.0,0
2020-06-25,29.31,27.64,23.41,50.86,59.42999999999999,96.96000000000001,2,1.91,2.24,2.28,6.51,6.58,11.809999999999993,37.529999999999994,1,0.0,0.0,0.0,0.0,0
2020-06-26,0.93,27.63,22.16,49.68,58.29999999999999,69.46000000000001,0,2.11,2.36,2.06,6.379999999999999,6.66,13.839999999999993,11.159999999999993,0,0.0,0.0,0.0,0.0,0
2020-06-27,1.19,27.45,21.93,31.43,57.24999999999999,69.06,0,19.44,1.91,2.24,23.46,6.51,15.529999999999992,11.809999999999993,0,0.0,0.0,1.0,0.0,0
2020-06-28,0.16,28.17,20.48,2.2800000000000002,55.05,68.89,0,29.31,2.11,2.36,50.86,6.379999999999999,15.619999999999994,13.839999999999993,0,0.0,0.0,2.0,0.0,0
2020-06-29,0.39,27.79,21.7,1.74,53.529999999999994,69.06,0,0.93,19.44,1.91,49.68,23.46,32.39999999999999,15.529999999999992,0,0.0,0.0,0.0,1.0,0
2020-06-30,0.84,28.87,23.89,1.3900000000000001,52.25999999999999,67.88000000000001,0,1.19,29.31,2.11,31.43,50.86,59.42999999999999,15.619999999999994,0,1.0,0.0,0.0,2.0,0
2020-07-01,0.82,29.17,22.84,2.05,33.63999999999999,66.04,0,0.16,0.93,19.44,2.2800000000000002,49.68,58.29999999999999,32.39999999999999,0,0.0,0.0,0.0,0.0,0
2020-07-02,2.86,27.63,21.54,4.52,7.189999999999992,66.62,0,0.39,1.19,29.31,1.74,31.43,57.24999999999999,59.42999999999999,0,0.0,1.0,0.0,0.0,0
2020-07-03,4.03,27.53,21.4,7.710000000000001,10.289999999999994,68.59,0,0.84,0.16,0.93,1.3900000000000001,2.2800000000000002,55.05,58.29999999999999,0,0.0,0.0,0.0,0.0,0
2020-07-04,4.43,27.88,21.08,11.32,13.529999999999994,70.78000000000002,0,0.82,0.39,1.19,2.05,1.74,53.529999999999994,57.24999999999999,0,0.0,0.0,0.0,0.0,0
2020-07-05,5.25,29.02,21.19,13.71,18.619999999999994,73.67000000000002,1,2.86,0.84,0.16,4.52,1.3900000000000001,52.25999999999999,55.05,0,0.0,0.0,0.0,0.0,0
2020-07-06,4.04,28.92,22.7,13.719999999999999,22.269999999999992,75.80000000000001,0,4.03,0.82,0.39,7.710000000000001,2.05,33.63999999999999,53.529999999999994,0,0.0,0.0,0.0,0.0,0
2020-07-07,1.36,29.02,22.4,10.65,22.789999999999992,75.05000000000001,0,4.43,2.86,0.84,11.32,4.52,7.189999999999992,52.25999999999999,0,0.0,0.0,0.0,0.0,0
2020-07-08,2.72,28.84,22.6,8.120000000000001,24.689999999999994,58.330000000000005,0,5.25,4.03,0.82,13.71,7.710000000000001,10.289999999999994,33.63999999999999,0,0.0,0.0,1.0,0.0,0
2020-07-09,0.79,30.34,22.63,4.870000000000001,22.619999999999994,29.81000000000001,0,4.04,4.43,2.86,13.719999999999999,11.32,13.529999999999994,7.189999999999992,0,0.0,0.0,0.0,0.0,0
2020-07-10,1.23,29.25,22.59,4.74,19.819999999999993,30.110000000000007,0,1.36,5.25,4.03,10.65,13.71,18.619999999999994,10.289999999999994,0,0.0,0.0,0.0,1.0,0
2020-07-11,8.93,26.89,22.32,10.95,24.319999999999993,37.85000000000001,1,2.72,4.04,4.43,8.120000000000001,13.719999999999999,22.269999999999992,13.529999999999994,0,0.0,0.0,0.0,0.0,0
2020-07-12,2.23,28.72,21.76,12.39,21.299999999999994,39.92000000000001,0,0.79,1.36,5.25,4.870000000000001,10.65,22.789999999999992,18.619999999999994,0,0.0,0.0,0.0,0.0,0
2020-07-13,0.57,29.91,21.27,11.73,17.829999999999995,40.10000000000001,0,1.23,2.72,4.04,4.74,8.120000000000001,24.689999999999994,22.269999999999992,0,0.0,0.0,0.0,0.0,0
2020-07-14,0.54,29.78,21.52,3.34,17.009999999999994,39.800000000000004,0,8.93,0.79,1.36,10.95,4.870000000000001,22.619999999999994,22.789999999999992,0,0.0,0.0,1.0,0.0,0
2020-07-15,1.19,29.01,21.14,2.3,15.479999999999992,40.17000000000001,0,2.23,1.23,2.72,12.39,4.74,19.819999999999993,24.689999999999994,0,0.0,0.0,0.0,0.0,0
2020-07-16,1.3,28.05,21.54,3.0300000000000002,15.989999999999993,38.61000000000001,0,0.57,8.93,0.79,11.73,10.95,24.319999999999993,22.619999999999994,0,0.0,0.0,0.0,1.0,0
2020-07-17,2.16,29.3,20.73,4.65,16.919999999999995,36.74000000000001,0,0.54,2.23,1.23,3.34,12.39,21.299999999999994,19.819999999999993,0,0.0,0.0,0.0,0.0,0
2020-07-18,1.21,29.08,21.11,4.67,9.199999999999992,33.52,0,1.19,0.57,8.93,2.3,11.73,17.829999999999995,24.319999999999993,0,0.0,0.0,0.0,0.0,0
2020-07-19,3.54,29.51,20.76,6.91,10.509999999999993,31.810000000000006,0,1.3,0.54,2.23,3.0300000000000002,3.34,17.009999999999994,21.299999999999994,0,0.0,0.0,0.0,0.0,0
2020-07-20,1.13,30.1,21.93,5.880000000000001,11.069999999999993,28.900000000000006,0,2.16,1.19,0.57,4.65,2.3,15.479999999999992,17.829999999999995,0,0.0,0.0,0.0,0.0,0
2020-07-21,1.22,29.45,22.69,5.890000000000001,11.749999999999993,28.76000000000001,0,1.21,1.3,0.54,4.67,3.0300000000000002,15.989999999999993,17.009999999999994,0,0.0,0.0,0.0,0.0,0
2020-07-22,3.82,29.93,22.17,6.17,14.379999999999994,29.860000000000007,0,3.54,2.16,1.19,6.91,4.65,16.919999999999995,15.479999999999992,0,0.0,0.0,0.0,0.0,0
2020-07-23,5.21,29.14,22.76,10.25,18.289999999999992,34.28000000000001,1,1.13,1.21,1.3,5.880000000000001,4.67,9.199999999999992,15.989999999999993,0,0.0,0.0,0.0,0.0,0
2020-07-24,3.09,30.4,23.09,12.12,19.21999999999999,36.14000000000001,0,1.22,3.54,2.16,5.890000000000001,6.91,10.509999999999993,16.919999999999995,0,0.0,0.0,0.0,0.0,0
2020-07-25,3.33,31.17,22.69,11.63,21.339999999999993,30.540000000000006,0,3.82,1.13,1.21,6.17,5.880000000000001,11.069999999999993,9.199999999999992,0,0.0,0.0,0.0,0.0,0
2020-07-26,1.46,32.17,23.46,7.88,19.25999999999999,29.77000000000001,0,5.21,1.22,3.54,10.25,5.890000000000001,11.749999999999993,10.509999999999993,0,0.0,0.0,1.0,0.0,0
2020-07-27,7.31,29.93,23.59,12.1,25.439999999999994,36.510000000000005,1,3.09,3.82,1.13,12.12,6.17,14.379999999999994,11.069999999999993,0,0.0,0.0,0.0,0.0,0
2020-07-28,16.26,27.06,23.63,25.03,40.47999999999999,52.23000000000001,2,3.33,5.21,1.22,11.63,10.25,18.289999999999992,11.749999999999993,0,0.0,0.0,0.0,1.0,0
2020-07-29,3.17,27.22,23.02,26.740000000000002,39.82999999999999,54.21000000000001,0,1.46,3.09,3.82,7.88,12.12,19.21999999999999,14.379999999999994,0,0.0,0.0,0.0,0.0,0
2020-07-30,7.13,26.64,21.63,26.560000000000002,41.74999999999999,60.040000000000006,1,7.31,3.33,5.21,12.1,11.63,21.339999999999993,18.289999999999992,0,0.0,0.0,1.0,0.0,0
2020-07-31,7.82,27.39,21.8,18.12,46.48,65.70000000000002,2,16.26,1.46,3.09,25.03,7.88,19.25999999999999,19.21999999999999,0,0.0,0.0,2.0,0.0,0
2020-08-01,5.33,28.99,21.58,20.28,48.48,69.82000000000001,3,3.17,7.31,3.33,26.740000000000002,12.1,25.439999999999994,21.339999999999993,0,0.0,0.0,0.0,1.0,0
2020-08-02,10.54,27.68,22.1,23.69,57.559999999999995,76.82000000000001,4,7.13,16.26,1.46,26.560000000000002,25.03,40.47999999999999,19.25999999999999,0,0.0,0.0,1.0,2.0,0
2020-08-03,2.46,28.85,21.02,18.330000000000002,52.709999999999994,78.15,0,7.82,3.17,7.31,18.12,26.740000000000002,39.82999999999999,25.439999999999994,0,0.0,0.0,2.0,0.0,0
2020-08-04,1.35,29.39,20.65,14.35,37.79999999999999,78.28,0,5.33,7.13,16.26,20.28,26.560000000000002,41.74999999999999,40.47999999999999,0,0.0,0.0,3.0,1.0,0
2020-08-05,2.46,29.22,21.46,6.27,37.089999999999996,76.92000000000002,0,10.54,7.82,3.17,23.69,18.12,46.48,39.82999999999999,0,0.0,0.0,4.0,2.0,0
2020-08-06,5.49,28.22,22.53,9.3,35.44999999999999,77.2,1,2.46,5.33,7.13,18.330000000000002,20.28,48.48,41.74999999999999,0,0.0,0.0,0.0,3.0,0
2020-08-07,23.53,27.17,22.85,31.480000000000004,51.15999999999999,97.64000000000001,2,1.35,10.54,7.82,14.35,23.69,57.559999999999995,46.48,1,0.0,0.0,0.0,4.0,0
2020-08-08,23.33,26.63,21.27,52.35,69.16,117.64000000000001,3,2.46,2.46,5.33,6.27,18.330000000000002,52.709999999999994,48.48,1,0.0,0.0,0.0,0.0,0
2020-08-09,23.97,25.95,21.75,70.83,82.58999999999999,140.15,4,5.49,1.35,10.54,9.3,14.35,37.79999999999999,57.559999999999995,1,0.0,0.0,1.0,0.0,0
2020-08-10,11.44,27.12,20.92,58.739999999999995,91.57,144.28,5,23.53,2.46,2.46,31.480000000000004,6.27,37.089999999999996,52.709999999999994,0,0.0,0.0,2.0,0.0,0
2020-08-11,8.42,26.92,21.46,43.83,98.63999999999999,136.44,6,23.33,5.49,1.35,52.35,9.3,35.44999999999999,37.79999999999999,0,0.0,0.0,3.0,1.0,0
2020-08-12,2.88,26.77,20.6,22.74,99.05999999999999,136.15,0,23.97,23.53,2.46,70.83,31.480000000000004,51.15999999999999,37.089999999999996,0,1.0,0.0,4.0,2.0,0
2020-08-13,5.39,27.96,20.77,16.689999999999998,98.95999999999998,134.41,1,11.44,23.33,5.49,58.739999999999995,52.35,69.16,35.44999999999999,0,1.0,0.0,5.0,3.0,0
2020-08-14,5.95,27.57,21.52,14.219999999999999,81.37999999999998,132.54000000000002,2,8.42,23.97,23.53,43.83,70.83,82.58999999999999,51.15999999999999,0,1.0,1.0,6.0,4.0,0
2020-08-15,6.94,27.62,20.79,18.28,64.99,134.15,3,2.88,11.44,23.33,22.74,58.739999999999995,91.57,69.16,0,0.0,1.0,0.0,5.0,0
2020-08-16,5.41,27.56,20.84,18.3,46.42999999999999,129.02,4,5.39,8.42,23.97,16.689999999999998,43.83,98.63999999999999,82.58999999999999,0,0.0,1.0,1.0,6.0,0
2020-08-17,5.57,27.23,21.46,17.92,40.559999999999995,132.13,5,5.95,2.88,11.44,14.219999999999999,22.74,99.05999999999999,91.57,0,0.0,0.0,2.0,0.0,0
2020-08-18,1.6,26.84,20.96,12.58,33.739999999999995,132.38000000000002,0,6.94,5.39,8.42,18.28,16.689999999999998,98.95999999999998,98.63999999999999,0,0.0,0.0,3.0,1.0,0
2020-08-19,4.36,28.46,21.56,11.530000000000001,35.22,134.28,0,5.41,5.95,2.88,18.3,14.219999999999999,81.37999999999998,99.05999999999999,0,0.0,0.0,4.0,2.0,0
2020-08-20,5.53,28.73,21.34,11.490000000000002,35.35999999999999,134.32,1,5.57,6.94,5.39,17.92,18.28,64.99,98.95999999999998,0,0.0,0.0,5.0,3.0,0
2020-08-21,2.83,29.55,21.95,12.720000000000002,32.239999999999995,113.62,0,1.6,5.41,5.95,12.58,18.3,46.42999999999999,81.37999999999998,0,0.0,0.0,0.0,4.0,0
2020-08-22,3.32,29.31,22.3,11.68,28.619999999999994,93.61000000000001,0,4.36,5.57,6.94,11.530000000000001,17.92,40.559999999999995,64.99,0,0.0,0.0,0.0,5.0,0
2020-08-23,7.74,28.06,22.89,13.89,30.949999999999996,77.38000000000001,1,5.53,1.6,5.41,11.490000000000002,12.58,33.739999999999995,46.42999999999999,0,0.0,0.0,1.0,0.0,0
2020-08-24,13.83,26.78,21.8,24.89,39.209999999999994,79.77000000000001,2,2.83,4.36,5.57,12.720000000000002,11.530000000000001,35.22,40.559999999999995,0,0.0,0.0,0.0,0.0,0
2020-08-25,18.48,25.58,22.16,40.05,56.08999999999999,89.83000000000001,3,3.32,5.53,1.6,11.68,11.490000000000002,35.35999999999999,33.739999999999995,0,0.0,0.0,0.0,1.0,0
2020-08-26,4.47,27.48,21.06,36.779999999999994,56.199999999999996,91.42,0,7.74,2.83,4.36,13.89,12.720000000000002,32.239999999999995,35.22,0,0.0,0.0,1.0,0.0,0
2020-08-27,8.29,27.65,22.81,31.239999999999995,58.959999999999994,94.32000000000001,1,13.83,3.32,5.53,24.89,11.68,28.619999999999994,35.35999999999999,0,0.0,0.0,2.0,0.0,0
2020-08-28,5.81,28.58,22.11,18.569999999999993,61.93999999999999,94.18,2,18.48,7.74,2.83,40.05,13.89,30.949999999999996,32.239999999999995,0,0.0,0.0,3.0,1.0,0
2020-08-29,2.97,28.82,23.15,17.069999999999997,61.58999999999999,90.21000000000001,0,4.47,13.83,3.32,36.779999999999994,24.89,39.209999999999994,28.619999999999994,0,0.0,0.0,0.0,2.0,0
2020-08-30,0.93,30.5,23.12,9.709999999999996,54.77999999999999,85.73,0,8.29,18.48,7.74,31.239999999999995,40.05,56.08999999999999,30.949999999999996,0,0.0,0.0,1.0,3.0,0
2020-08-31,0.49,31.42,23.65,4.389999999999997,41.43999999999999,80.65,0,5.81,4.47,13.83,18.569999999999993,36.779999999999994,56.199999999999996,39.209999999999994,0,0.0,0.0,2.0,0.0,0
2020-09-01,0.06,31.72,22.39,1.4799999999999964,23.019999999999992,79.11,0,2.97,8.29,18.48,17.069999999999997,31.239999999999995,58.959999999999994,56.08999999999999,0,0.0,0.0,0.0,1.0,0
2020-09-02,0.14,30.39,21.53,0.6899999999999964,18.68999999999999,74.89,0,0.93,5.81,4.47,9.709999999999996,18.569999999999993,61.93999999999999,56.199999999999996,0,0.0,0.0,0.0,2.0,0
2020-09-03,10.7,28.21,21.93,10.899999999999995,21.099999999999994,80.06,1,0.49,2.97,8.29,4.389999999999997,17.069999999999997,61.58999999999999,58.959999999999994,0,0.0,0.0,0.0,0.0,0
2020-09-04,22.32,25.78,22.79,33.16,37.61,99.55000000000001,2,0.06,0.93,5.81,1.4799999999999964,9.709999999999996,54.77999999999999,61.93999999999999,1,0.0,0.0,0.0,0.0,0
2020-09-05,28.72,24.97,22.59,61.739999999999995,63.36,124.94999999999999,3,0.14,0.49,2.97,0.6899999999999964,4.389999999999997,41.43999999999999,61.58999999999999,1,0.0,0.0,0.0,0.0,0
2020-09-06,19.96,26.0,22.46,71.0,82.39,137.17000000000002,4,10.7,0.06,0.93,10.899999999999995,1.4799999999999964,23.019999999999992,54.77999999999999,0,0.0,0.0,1.0,0.0,0
2020-09-07,12.0,27.17,22.72,60.68,93.89999999999999,135.34,5,22.32,0.14,0.49,33.16,0.6899999999999964,18.68999999999999,41.43999999999999,0,0.0,0.0,2.0,0.0,0
2020-09-08,2.99,28.33,21.64,34.95,96.83,119.85,0,28.72,10.7,0.06,61.739999999999995,10.899999999999995,21.099999999999994,23.019999999999992,0,0.0,0.0,3.0,1.0,0
2020-09-09,12.28,28.92,22.27,27.27,108.97,127.66,1,19.96,22.32,0.14,71.0,33.16,37.61,18.68999999999999,0,1.0,0.0,4.0,2.0,0
2020-09-10,14.19,27.44,22.76,29.46,112.46,133.56,2,12.0,28.72,10.7,60.68,61.739999999999995,63.36,21.099999999999994,0,1.0,0.0,5.0,3.0,0
2020-09-11,12.85,27.49,22.48,39.31999999999999,102.98999999999998,140.6,3,2.99,19.96,22.32,34.95,71.0,82.39,37.61,0,0.0,1.0,0.0,4.0,0
2020-09-12,12.51,25.31,21.8,39.55,86.77999999999999,150.14000000000001,4,12.28,12.0,28.72,27.27,60.68,93.89999999999999,63.36,0,0.0,1.0,1.0,5.0,0
2020-09-13,1.6,26.96,20.79,26.96,68.42,150.81,0,14.19,2.99,19.96,29.46,34.95,96.83,82.39,0,0.0,0.0,2.0,0.0,0
2020-09-14,7.48,26.87,21.47,21.59,63.89999999999999,157.79999999999998,1,12.85,12.28,12.0,39.31999999999999,27.27,108.97,93.89999999999999,0,0.0,0.0,3.0,1.0,0
2020-09-15,10.69,26.82,21.34,19.77,71.6,168.43,2,12.51,14.19,2.99,39.55,29.46,112.46,96.83,0,0.0,0.0,4.0,2.0,0
2020-09-16,10.0,27.48,23.43,28.169999999999998,69.32,178.29,3,1.6,12.85,12.28,26.96,39.31999999999999,102.98999999999998,108.97,0,0.0,0.0,0.0,3.0,0
2020-09-17,14.97,24.95,22.16,35.66,70.1,182.56,4,7.48,12.51,14.19,21.59,39.55,86.77999999999999,112.46,0,0.0,0.0,1.0,4.0,0
2020-09-18,11.82,26.35,20.88,36.79,69.07,172.06000000000003,5,10.69,1.6,12.85,19.77,26.96,68.42,102.98999999999998,0,0.0,0.0,2.0,0.0,0
2020-09-19,7.71,24.0,19.7,34.5,64.27,151.05,6,10.0,7.48,12.51,28.169999999999998,21.59,63.89999999999999,86.77999999999999,0,0.0,0.0,3.0,1.0,0
2020-09-20,4.19,25.27,18.73,23.720000000000002,66.86,135.28,0,14.97,10.69,1.6,35.66,19.77,71.6,68.42,0,0.0,0.0,4.0,2.0,0
2020-09-21,0.12,25.76,18.32,12.02,59.5,123.40000000000002,0,11.82,10.0,7.48,36.79,28.169999999999998,69.32,63.89999999999999,0,0.0,0.0,5.0,3.0,0
2020-09-22,0.12,26.5,19.42,4.430000000000001,48.93,120.53,0,7.71,14.97,10.69,34.5,35.66,70.1,71.6,0,0.0,0.0,6.0,4.0,0
2020-09-23,0.1,27.34,19.9,0.33999999999999997,39.03,108.35000000000001,0,4.19,11.82,10.0,23.720000000000002,36.79,69.07,69.32,0,0.0,0.0,0.0,5.0,0
2020-09-24,0.92,27.67,20.55,1.1400000000000001,24.979999999999997,95.08000000000001,0,0.12,7.71,14.97,12.02,34.5,64.27,70.1,0,0.0,0.0,0.0,6.0,0
2020-09-25,2.75,27.46,20.73,3.77,15.909999999999997,84.98000000000002,0,0.12,4.19,11.82,4.430000000000001,23.720000000000002,66.86,69.07,0,0.0,0.0,0.0,0.0,0
2020-09-26,2.28,26.68,22.31,5.949999999999999,10.479999999999995,74.75,0,0.1,0.12,7.71,0.33999999999999997,12.02,59.5,64.27,0,0.0,0.0,0.0,0.0,0
2020-09-27,1.02,28.24,21.32,6.05,7.309999999999996,74.17000000000002,0,0.92,0.12,4.19,1.1400000000000001,4.430000000000001,48.93,66.86,0,0.0,0.0,0.0,0.0,0
2020-09-28,13.3,28.67,22.78,16.6,20.489999999999995,79.99000000000001,1,2.75,0.1,0.12,3.77,0.33999999999999997,39.03,59.5,0,0.0,0.0,0.0,0.0,0
2020-09-29,66.78,23.54,16.39,81.10000000000001,87.14999999999999,136.08,2,2.28,0.92,0.12,5.949999999999999,1.1400000000000001,24.979999999999997,48.93,1,0.0,0.0,0.0,0.0,0
2020-09-30,0.01,21.92,16.25,80.09000000000002,87.06,126.09000000000002,0,1.02,2.75,0.1,6.05,3.77,15.909999999999997,39.03,0,0.0,0.0,0.0,0.0,0
2020-10-01,0.01,21.83,14.78,66.80000000000001,86.14999999999999,111.13000000000001,0,13.3,2.28,0.92,16.6,5.949999999999999,10.479999999999995,24.979999999999997,0,0.0,0.0,1.0,0.0,0
2020-10-02,0.72,22.28,14.65,0.7400000000000142,84.11999999999999,100.03,0,66.78,1.02,2.75,81.10000000000001,6.05,7.309999999999996,15.909999999999997,0,0.0,0.0,2.0,0.0,0
2020-10-03,2.53,23.76,17.34,3.260000000000014,84.36999999999999,94.85000000000001,0,0.01,13.3,2.28,80.09000000000002,16.6,20.489999999999995,10.479999999999995,0,0.0,0.0,0.0,1.0,0
2020-10-04,0.11,23.87,16.19,3.360000000000014,83.46,90.77000000000001,0,0.01,66.78,1.02,66.80000000000001,81.10000000000001,87.14999999999999,7.309999999999996,0,1.0,0.0,0.0,2.0,0
2020-10-05,0.22,23.21,17.51,2.860000000000014,70.37999999999998,90.87,0,0.72,0.01,13.3,0.7400000000000142,80.09000000000002,87.06,20.489999999999995,0,0.0,0.0,0.0,0.0,0
2020-10-06,0.06,23.72,14.81,0.3900000000000142,3.6599999999999855,90.81,0,2.53,0.01,66.78,3.260000000000014,66.80000000000001,86.14999999999999,87.14999999999999,0,0.0,1.0,0.0,0.0,0
2020-10-07,0.53,24.18,16.06,0.8100000000000143,4.1799999999999855,91.24000000000001,0,0.11,0.72,0.01,3.360000000000014,0.7400000000000142,84.11999999999999,87.06,0,0.0,0.0,0.0,0.0,0
2020-10-08,0.33,26.94,18.53,0.9200000000000144,4.499999999999986,90.65,0,0.22,2.53,0.01,2.860000000000014,3.260000000000014,84.36999999999999,86.14999999999999,0,0.0,0.0,0.0,0.0,0
2020-10-09,0.06,28.73,20.31,0.9200000000000143,3.839999999999985,87.96000000000001,0,0.06,0.11,0.72,0.3900000000000142,3.360000000000014,83.46,84.11999999999999,0,0.0,0.0,0.0,0.0,0
2020-10-10,1.0,28.65,22.5,1.3900000000000143,2.309999999999986,86.68,0,0.53,0.22,2.53,0.8100000000000143,2.860000000000014,70.37999999999998,84.36999999999999,0,0.0,0.0,0.0,0.0,0
2020-10-11,2.33,28.3,22.23,3.3900000000000143,4.529999999999986,87.99000000000001,0,0.33,0.06,0.11,0.9200000000000144,0.3900000000000142,3.6599999999999855,83.46,0,0.0,0.0,0.0,0.0,0
2020-10-12,7.58,28.55,21.81,10.910000000000014,11.889999999999986,82.27,1,0.06,0.53,0.22,0.9200000000000143,0.8100000000000143,4.1799999999999855,70.37999999999998,0,0.0,0.0,0.0,0.0,0
2020-10-13,7.51,26.17,22.53,17.420000000000016,19.339999999999986,23.0,2,1.0,0.33,0.06,1.3900000000000143,0.9200000000000144,4.499999999999986,3.6599999999999855,0,0.0,0.0,0.0,0.0,0
2020-10-14,6.6,25.76,21.3,21.690000000000012,25.409999999999982,29.589999999999996,3,2.33,0.06,0.53,3.3900000000000143,0.9200000000000143,3.839999999999985,4.1799999999999855,0,0.0,0.0,0.0,0.0,0
2020-10-15,2.22,27.48,20.52,16.330000000000013,27.299999999999986,31.8,0,7.58,1.0,0.33,10.910000000000014,1.3900000000000143,2.309999999999986,4.499999999999986,0,0.0,0.0,1.0,0.0,0
2020-10-16,18.89,25.32,20.42,27.710000000000015,46.12999999999999,49.97,1,7.51,2.33,0.06,17.420000000000016,3.3900000000000143,4.529999999999986,3.839999999999985,0,0.0,0.0,2.0,0.0,0
2020-10-17,5.17,24.8,20.37,26.280000000000015,50.29999999999999,52.61,2,6.6,7.58,1.0,21.690000000000012,10.910000000000014,11.889999999999986,2.309999999999986,0,0.0,0.0,3.0,1.0,0
2020-10-18,0.35,26.36,19.25,24.410000000000014,48.319999999999986,52.85,0,2.22,7.51,2.33,16.330000000000013,17.420000000000016,19.339999999999986,4.529999999999986,0,0.0,0.0,0.0,2.0,0
2020-10-19,3.09,26.34,19.92,8.610000000000014,43.829999999999984,55.720000000000006,0,18.89,6.6,7.58,27.710000000000015,21.690000000000012,25.409999999999982,11.889999999999986,0,0.0,0.0,1.0,3.0,0
2020-10-20,2.36,26.16,19.41,5.800000000000014,38.679999999999986,58.02,0,5.17,2.22,7.51,26.280000000000015,16.330000000000013,27.299999999999986,19.339999999999986,0,0.0,0.0,2.0,0.0,0
2020-10-21,0.58,25.9,17.97,6.0300000000000145,32.65999999999998,58.07,0,0.35,18.89,6.6,24.410000000000014,27.710000000000015,46.12999999999999,25.409999999999982,0,0.0,0.0,0.0,1.0,0
2020-10-22,0.01,26.63,17.85,2.950000000000014,30.449999999999985,57.75,0,3.09,5.17,2.22,8.610000000000014,26.280000000000015,50.29999999999999,27.299999999999986,0,0.0,0.0,0.0,2.0,0
2020-10-23,0.0,27.66,17.76,0.5900000000000142,11.559999999999986,57.69,0,2.36,0.35,18.89,5.800000000000014,24.410000000000014,48.319999999999986,46.12999999999999,0,0.0,0.0,0.0,0.0,0
2020-10-24,0.41,26.41,17.78,0.4200000000000142,6.799999999999986,57.1,0,0.58,3.09,5.17,6.0300000000000145,8.610000000000014,43.829999999999984,50.29999999999999,0,0.0,0.0,0.0,0.0,0
2020-10-25,0.03,26.89,18.23,0.44000000000001416,6.479999999999986,54.8,0,0.01,2.36,0.35,2.950000000000014,5.800000000000014,38.679999999999986,48.319999999999986,0,0.0,0.0,0.0,0.0,0
2020-10-26,0.01,27.59,19.15,0.45000000000001417,3.3999999999999857,47.230000000000004,0,0.0,0.58,3.09,0.5900000000000142,6.0300000000000145,32.65999999999998,43.829999999999984,0,0.0,0.0,0.0,0.0,0
2020-10-27,0.0,26.87,20.14,0.04000000000001421,1.0399999999999858,39.72,0,0.41,0.01,2.36,0.4200000000000142,2.950000000000014,30.449999999999985,38.679999999999986,0,0.0,0.0,0.0,0.0,0
2020-10-28,2.96,26.16,19.27,2.970000000000014,3.4199999999999857,36.080000000000005,0,0.03,0.0,0.58,0.44000000000001416,0.5900000000000142,11.559999999999986,32.65999999999998,0,0.0,0.0,0.0,0.0,0
2020-10-29,12.18,21.78,16.98,15.140000000000015,15.589999999999986,46.040000000000006,1,0.01,0.41,0.01,0.45000000000001417,0.4200000000000142,6.799999999999986,30.449999999999985,0,0.0,0.0,0.0,0.0,0
2020-10-30,0.02,20.94,15.06,15.160000000000014,15.609999999999985,27.169999999999998,0,0.0,0.03,0.0,0.04000000000001421,0.44000000000001416,6.479999999999986,11.559999999999986,0,0.0,0.0,0.0,0.0,0
2020-10-31,0.03,23.04,13.63,12.230000000000015,15.229999999999986,22.03,0,2.96,0.01,0.41,2.970000000000014,0.45000000000001417,3.3999999999999857,6.799999999999986,0,0.0,0.0,0.0,0.0,0
2020-11-01,1.76,22.98,15.58,1.8100000000000143,16.959999999999987,23.439999999999998,0,12.18,0.0,0.03,15.140000000000015,0.04000000000001421,1.0399999999999858,6.479999999999986,0,0.0,0.0,1.0,0.0,0
2020-11-02,4.14,20.08,16.2,5.930000000000014,21.089999999999982,24.49,0,0.02,2.96,0.01,15.160000000000014,2.970000000000014,3.4199999999999857,3.3999999999999857,0,0.0,0.0,0.0,0.0,0
2020-11-03,4.12,21.23,17.08,10.020000000000014,25.209999999999983,26.25,0,0.03,12.18,0.0,12.230000000000015,15.140000000000015,15.589999999999986,1.0399999999999858,0,0.0,0.0,0.0,1.0,0
2020-11-04,0.13,22.34,15.36,8.390000000000015,22.37999999999999,25.799999999999997,0,1.76,0.02,2.96,1.8100000000000143,15.160000000000014,15.609999999999985,3.4199999999999857,0,0.0,0.0,0.0,0.0,0
2020-11-05,0.48,22.9,16.32,4.730000000000015,10.679999999999986,26.27,0,4.14,0.03,12.18,5.930000000000014,12.230000000000015,15.229999999999986,15.589999999999986,0,0.0,0.0,0.0,0.0,0
2020-11-06,0.38,22.64,15.76,0.9900000000000142,11.039999999999985,26.65,0,4.12,1.76,0.02,10.020000000000014,1.8100000000000143,16.959999999999987,15.609999999999985,0,0.0,0.0,0.0,0.0,0
2020-11-07,0.12,24.45,16.74,0.9800000000000142,11.129999999999985,26.36,0,0.13,4.14,0.03,8.390000000000015,5.930000000000014,21.089999999999982,15.229999999999986,0,0.0,0.0,0.0,0.0,0
2020-11-08,0.05,26.27,18.9,0.5500000000000143,9.419999999999984,26.38,0,0.48,4.12,1.76,4.730000000000015,10.020000000000014,25.209999999999983,16.959999999999987,0,0.0,0.0,0.0,0.0,0
2020-11-09,0.0,26.58,19.06,0.1700000000000142,5.279999999999986,26.37,0,0.38,0.13,4.14,0.9900000000000142,8.390000000000015,22.37999999999999,21.089999999999982,0,0.0,0.0,0.0,0.0,0
2020-11-10,0.03,28.87,19.27,0.08000000000001421,1.1899999999999857,26.4,0,0.12,0.48,4.12,0.9800000000000142,4.730000000000015,10.679999999999986,25.209999999999983,0,0.0,0.0,0.0,0.0,0
2020-11-11,1.34,26.84,19.19,1.3700000000000143,2.399999999999986,24.779999999999998,0,0.05,0.38,0.13,0.5500000000000143,0.9900000000000142,11.039999999999985,22.37999999999999,0,0.0,0.0,0.0,0.0,0
2020-11-12,0.13,26.42,19.73,1.5000000000000142,2.049999999999986,12.729999999999999,0,0.0,0.12,0.48,0.1700000000000142,0.9800000000000142,11.129999999999985,10.679999999999986,0,0.0,0.0,0.0,0.0,0
2020-11-13,0.06,26.31,19.15,1.5300000000000142,1.7299999999999858,12.77,0,0.03,0.05,0.38,0.08000000000001421,0.5500000000000143,9.419999999999984,11.039999999999985,0,0.0,0.0,0.0,0.0,0
2020-11-14,0.13,27.28,18.74,0.3200000000000142,1.7399999999999858,12.87,0,1.34,0.0,0.12,1.3700000000000143,0.1700000000000142,5.279999999999986,11.129999999999985,0,0.0,0.0,0.0,0.0,0
2020-11-15,5.68,26.6,19.45,5.870000000000014,7.369999999999986,16.79,1,0.13,0.03,0.05,1.5000000000000142,0.08000000000001421,1.1899999999999857,9.419999999999984,0,0.0,0.0,0.0,0.0,0
2020-11-16,3.89,23.6,17.11,9.700000000000015,11.259999999999986,16.54,0,0.06,1.34,0.0,1.5300000000000142,1.3700000000000143,2.399999999999986,5.279999999999986,0,0.0,0.0,0.0,0.0,0
2020-11-17,33.65,23.27,19.2,43.22000000000001,44.87999999999998,46.06999999999999,1,0.13,0.13,0.03,0.3200000000000142,1.5000000000000142,2.049999999999986,1.1899999999999857,1,0.0,0.0,0.0,0.0,0
2020-11-18,23.53,21.17,16.91,61.070000000000014,67.07,69.47,2,5.68,0.06,1.34,5.870000000000014,1.5300000000000142,1.7299999999999858,2.399999999999986,1,0.0,0.0,1.0,0.0,0
2020-11-19,0.56,20.89,16.04,57.740000000000016,67.49999999999999,69.55000000000001,0,3.89,0.13,0.13,9.700000000000015,0.3200000000000142,1.7399999999999858,2.049999999999986,0,0.0,0.0,0.0,0.0,0
2020-11-20,3.71,21.37,16.29,27.800000000000015,71.14999999999999,72.88,0,33.65,5.68,0.06,43.22000000000001,5.870000000000014,7.369999999999986,1.7299999999999858,0,0.0,0.0,1.0,1.0,0
2020-11-21,0.55,24.06,17.55,4.8200000000000145,71.57,73.31,0,23.53,3.89,0.13,61.070000000000014,9.700000000000015,11.259999999999986,1.7399999999999858,0,0.0,0.0,2.0,0.0,0
2020-11-22,0.36,23.12,17.21,4.620000000000013,66.24999999999999,73.62,0,0.56,33.65,5.68,57.740000000000016,43.22000000000001,44.87999999999998,7.369999999999986,0,1.0,0.0,0.0,1.0,0
2020-11-23,0.07,22.51,16.61,0.9800000000000142,62.429999999999986,73.69,0,3.71,23.53,3.89,27.800000000000015,61.070000000000014,67.07,11.259999999999986,0,1.0,0.0,0.0,2.0,0
2020-11-24,0.0,25.21,15.85,0.4300000000000142,28.779999999999987,73.66,0,0.55,0.56,33.65,4.8200000000000145,57.740000000000016,67.49999999999999,44.87999999999998,0,0.0,1.0,0.0,0.0,0
2020-11-25,0.03,28.17,18.89,0.10000000000001422,5.279999999999986,72.35000000000001,0,0.36,3.71,23.53,4.620000000000013,27.800000000000015,71.14999999999999,67.07,0,0.0,1.0,0.0,0.0,0
2020-11-26,0.06,26.22,19.28,0.09000000000001421,4.779999999999986,72.28,0,0.07,0.55,0.56,0.9800000000000142,4.8200000000000145,71.57,67.49999999999999,0,0.0,0.0,0.0,0.0,0
2020-11-27,0.03,27.01,18.73,0.1200000000000142,1.0999999999999859,72.25,0,0.0,0.36,3.71,0.4300000000000142,4.620000000000013,66.24999999999999,71.14999999999999,0,0.0,0.0,0.0,0.0,0
2020-11-28,0.11,26.84,18.63,0.20000000000001422,0.6599999999999858,72.23,0,0.03,0.07,0.55,0.10000000000001422,0.9800000000000142,62.429999999999986,71.57,0,0.0,0.0,0.0,0.0,0
2020-11-29,10.92,25.55,19.2,11.060000000000015,11.219999999999986,77.47000000000001,1,0.06,0.0,0.36,0.09000000000001421,0.4300000000000142,28.779999999999987,66.24999999999999,0,0.0,0.0,0.0,0.0,0
2020-11-30,14.98,19.64,12.34,26.010000000000016,26.12999999999999,88.56,2,0.03,0.03,0.07,0.1200000000000142,0.10000000000001422,5.279999999999986,62.429999999999986,0,0.0,0.0,0.0,0.0,0
2020-12-01,0.16,19.07,10.42,26.060000000000016,26.289999999999985,55.07,0,0.11,0.06,0.0,0.20000000000001422,0.09000000000001421,4.779999999999986,28.779999999999987,0,0.0,0.0,0.0,0.0,0
2020-12-02,0.06,25.05,16.96,15.200000000000015,26.319999999999986,31.6,0,10.92,0.03,0.03,11.060000000000015,0.1200000000000142,1.0999999999999859,5.279999999999986,0,0.0,0.0,1.0,0.0,0
2020-12-03,4.29,20.16,13.12,4.510000000000014,30.549999999999986,35.33,0,14.98,0.11,0.06,26.010000000000016,0.20000000000001422,0.6599999999999858,4.779999999999986,0,0.0,0.0,2.0,0.0,0
2020-12-04,0.21,19.16,11.9,4.560000000000014,30.729999999999986,31.830000000000002,0,0.16,10.92,0.03,26.060000000000016,11.060000000000015,11.219999999999986,1.0999999999999859,0,0.0,0.0,0.0,1.0,0
2020-12-05,1.0,21.74,13.91,5.500000000000014,31.619999999999987,32.28,0,0.06,14.98,0.11,15.200000000000015,26.010000000000016,26.12999999999999,0.6599999999999858,0,0.0,0.0,0.0,2.0,0
2020-12-06,1.0,18.89,12.57,2.210000000000014,21.69999999999999,32.92,0,4.29,0.16,10.92,4.510000000000014,26.060000000000016,26.289999999999985,11.219999999999986,0,0.0,0.0,0.0,0.0,0
2020-12-07,0.75,19.31,11.28,2.750000000000014,7.4699999999999855,33.6,0,0.21,0.06,14.98,4.560000000000014,15.200000000000015,26.319999999999986,26.12999999999999,0,0.0,0.0,0.0,0.0,0
2020-12-08,0.0,19.43,10.41,1.7500000000000142,7.309999999999985,33.6,0,1.0,4.29,0.16,5.500000000000014,4.510000000000014,30.549999999999986,26.289999999999985,0,0.0,0.0,0.0,0.0,0
2020-12-09,0.01,20.69,11.07,0.7600000000000142,7.259999999999986,33.58,0,1.0,0.21,0.06,2.210000000000014,4.560000000000014,30.729999999999986,26.319999999999986,0,0.0,0.0,0.0,0.0,0
2020-12-10,0.0,24.07,13.43,0.010000000000014211,2.9699999999999855,33.519999999999996,0,0.75,1.0,4.29,2.750000000000014,5.500000000000014,31.619999999999987,30.549999999999986,0,0.0,0.0,0.0,0.0,0
2020-12-11,0.0,26.81,16.62,0.010000000000014211,2.7599999999999856,33.49,0,0.0,1.0,0.21,1.7500000000000142,2.210000000000014,21.69999999999999,30.729999999999986,0,0.0,0.0,0.0,0.0,0
2020-12-12,0.01,25.17,16.7,0.010000000000014211,1.7699999999999858,33.39,0,0.01,0.75,1.0,0.7600000000000142,2.750000000000014,7.4699999999999855,31.619999999999987,0,0.0,0.0,0.0,0.0,0
2020-12-13,0.05,27.4,17.22,0.060000000000014216,0.8199999999999859,22.520000000000003,0,0.0,0.0,1.0,0.010000000000014211,1.7500000000000142,7.309999999999985,21.69999999999999,0,0.0,0.0,0.0,0.0,0
2020-12-14,7.25,20.11,13.43,7.310000000000014,7.319999999999986,14.79,1,0.0,0.01,0.75,0.010000000000014211,0.7600000000000142,7.259999999999986,7.4699999999999855,0,0.0,0.0,0.0,0.0,0
2020-12-15,0.0,25.59,13.92,7.300000000000014,7.319999999999986,14.629999999999999,0,0.01,0.0,0.0,0.010000000000014211,0.010000000000014211,2.9699999999999855,7.309999999999985,0,0.0,0.0,0.0,0.0,0
2020-12-16,1.16,20.41,15.61,8.410000000000014,8.469999999999986,15.729999999999999,0,0.05,0.0,0.01,0.060000000000014216,0.010000000000014211,2.7599999999999856,7.259999999999986,0,0.0,0.0,0.0,0.0,0
2020-12-17,4.36,16.93,14.39,5.520000000000015,12.829999999999988,15.8,0,7.25,0.01,0.0,7.310000000000014,0.010000000000014211,1.7699999999999858,2.9699999999999855,0,0.0,0.0,1.0,0.0,0
2020-12-18,1.28,23.1,15.88,6.800000000000015,14.109999999999987,16.87,0,0.0,0.05,0.0,7.300000000000014,0.060000000000014216,0.8199999999999859,2.7599999999999856,0,0.0,0.0,0.0,0.0,0
2020-12-19,0.12,26.22,16.95,5.760000000000015,14.219999999999986,15.99,0,1.16,7.25,0.01,8.410000000000014,7.310000000000014,7.319999999999986,1.7699999999999858,0,0.0,0.0,0.0,1.0,0
2020-12-20,3.94,21.35,17.03,5.340000000000014,18.109999999999985,18.93,0,4.36,0.0,0.05,5.520000000000015,7.300000000000014,7.319999999999986,0.8199999999999859,0,0.0,0.0,0.0,0.0,0
2020-12-21,2.5,22.2,16.36,6.560000000000014,13.359999999999985,20.68,0,1.28,1.16,7.25,6.800000000000015,8.410000000000014,8.469999999999986,7.319999999999986,0,0.0,0.0,0.0,0.0,0
2020-12-22,0.45,23.68,17.12,6.890000000000014,13.809999999999986,21.130000000000003,0,0.12,4.36,0.0,5.760000000000015,5.520000000000015,12.829999999999988,7.319999999999986,0,0.0,0.0,0.0,0.0,0
2020-12-23,0.01,27.68,17.12,2.960000000000014,12.659999999999986,21.13,0,3.94,1.28,1.16,5.340000000000014,6.800000000000015,14.109999999999987,8.469999999999986,0,0.0,0.0,0.0,0.0,0
2020-12-24,6.96,21.18,10.06,7.420000000000014,15.259999999999987,28.09,1,2.5,0.12,4.36,6.560000000000014,5.760000000000015,14.219999999999986,12.829999999999988,0,0.0,0.0,0.0,0.0,0
2020-12-25,0.11,16.15,7.67,7.080000000000014,14.089999999999986,28.2,0,0.45,3.94,1.28,6.890000000000014,5.340000000000014,18.109999999999985,14.109999999999987,0,0.0,0.0,0.0,0.0,0
2020-12-26,0.11,19.85,10.74,7.180000000000014,14.079999999999986,28.3,0,0.01,2.5,0.12,2.960000000000014,6.560000000000014,13.359999999999985,14.219999999999986,0,0.0,0.0,0.0,0.0,0
2020-12-27,0.02,23.12,14.12,0.2400000000000142,10.159999999999986,28.27,0,6.96,0.45,3.94,7.420000000000014,6.890000000000014,13.809999999999986,18.109999999999985,0,0.0,0.0,1.0,0.0,0
2020-12-28,0.03,23.05,14.63,0.16000000000001421,7.689999999999985,21.05,0,0.11,0.01,2.5,7.080000000000014,2.960000000000014,12.659999999999986,13.359999999999985,0,0.0,0.0,0.0,0.0,0
2020-12-29,0.01,23.79,13.45,0.06000000000001421,7.249999999999986,21.060000000000002,0,0.11,6.96,0.45,7.180000000000014,7.420000000000014,15.259999999999987,13.809999999999986,0,0.0,0.0,0.0,1.0,0
2020-12-30,0.01,26.46,14.52,0.05000000000001421,7.249999999999986,19.91,0,0.02,0.11,0.01,0.2400000000000142,7.080000000000014,14.089999999999986,12.659999999999986,0,0.0,0.0,0.0,0.0,0
2020-12-31,0.25,26.07,17.51,0.27000000000001423,0.5399999999999858,15.799999999999999,0,0.03,0.11,6.96,0.16000000000001421,7.180000000000014,14.079999999999986,15.259999999999987,0,0.0,0.0,0.0,0.0,0
2021-01-01,3.83,22.95,16.27,4.090000000000014,4.259999999999986,18.35,0,0.01,0.02,0.11,0.06000000000001421,0.2400000000000142,10.159999999999986,14.089999999999986,0,0.0,0.0,0.0,0.0,0
2021-01-02,5.14,18.25,11.94,9.220000000000013,9.289999999999985,23.369999999999997,1,0.01,0.03,0.11,0.05000000000001421,0.16000000000001421,7.689999999999985,14.079999999999986,0,0.0,0.0,0.0,0.0,0
2021-01-03,0.4,22.11,11.44,9.370000000000013,9.669999999999986,19.830000000000002,0,0.25,0.01,0.02,0.27000000000001423,0.06000000000001421,7.249999999999986,10.159999999999986,0,0.0,0.0,0.0,0.0,0
2021-01-04,0.68,23.88,16.78,6.220000000000014,10.319999999999986,18.009999999999998,0,3.83,0.01,0.03,4.090000000000014,0.05000000000001421,7.249999999999986,7.689999999999985,0,0.0,0.0,0.0,0.0,0
2021-01-05,0.82,22.98,18.08,1.9000000000000141,11.129999999999985,18.38,0,5.14,0.25,0.01,9.220000000000013,0.27000000000001423,0.5399999999999858,7.249999999999986,0,0.0,0.0,1.0,0.0,0
2021-01-06,0.65,27.55,17.94,2.1500000000000146,11.769999999999985,19.02,0,0.4,3.83,0.01,9.370000000000013,4.090000000000014,4.259999999999986,7.249999999999986,0,0.0,0.0,0.0,0.0,0
2021-01-07,3.08,19.8,13.75,4.550000000000015,14.599999999999985,15.14,0,0.68,5.14,0.25,6.220000000000014,9.220000000000013,9.289999999999985,0.5399999999999858,0,0.0,0.0,0.0,1.0,0
2021-01-08,0.58,21.1,13.77,4.310000000000015,11.349999999999985,15.61,0,0.82,0.4,3.83,1.9000000000000141,9.370000000000013,9.669999999999986,4.259999999999986,0,0.0,0.0,0.0,0.0,0
2021-01-09,3.74,20.01,15.26,7.400000000000015,9.949999999999987,19.24,0,0.65,0.68,5.14,2.1500000000000146,6.220000000000014,10.319999999999986,9.289999999999985,0,0.0,0.0,0.0,0.0,0
2021-01-10,2.24,24.44,16.05,6.560000000000015,11.789999999999987,21.46,0,3.08,0.82,0.4,4.550000000000015,1.9000000000000141,11.129999999999985,9.669999999999986,0,0.0,0.0,0.0,0.0,0
2021-01-11,12.85,18.07,7.96,18.830000000000013,23.959999999999987,34.28,1,0.58,0.65,0.68,4.310000000000015,2.1500000000000146,11.769999999999985,10.319999999999986,0,0.0,0.0,0.0,0.0,0
2021-01-12,2.19,15.81,10.09,17.280000000000015,25.329999999999988,36.46,0,3.74,3.08,0.82,7.400000000000015,4.550000000000015,14.599999999999985,11.129999999999985,0,0.0,0.0,0.0,0.0,0
2021-01-13,0.75,17.15,9.82,15.790000000000013,25.42999999999999,37.2,0,2.24,0.58,0.65,6.560000000000015,4.310000000000015,11.349999999999985,11.769999999999985,0,0.0,0.0,0.0,0.0,0
2021-01-14,0.16,23.68,13.31,3.1000000000000143,22.509999999999987,37.11,0,12.85,3.74,3.08,18.830000000000013,7.400000000000015,9.949999999999987,14.599999999999985,0,0.0,0.0,1.0,0.0,0
2021-01-15,1.16,19.75,15.48,2.070000000000014,23.08999999999999,34.44,0,2.19,2.24,0.58,17.280000000000015,6.560000000000015,11.789999999999987,11.349999999999985,0,0.0,0.0,0.0,0.0,0
2021-01-16,1.53,17.85,12.85,2.850000000000014,20.879999999999985,30.83,0,0.75,12.85,3.74,15.790000000000013,18.830000000000013,23.959999999999987,9.949999999999987,0,0.0,0.0,0.0,1.0,0
2021-01-17,3.85,24.39,15.77,6.540000000000014,22.489999999999988,34.28,0,0.16,2.19,2.24,3.1000000000000143,17.280000000000015,25.329999999999988,11.789999999999987,0,0.0,0.0,0.0,0.0,0
2021-01-18,1.67,22.64,16.54,7.050000000000015,11.309999999999985,35.27,0,1.16,0.75,12.85,2.070000000000014,15.790000000000013,25.42999999999999,23.959999999999987,0,0.0,0.0,0.0,0.0,0
2021-01-19,0.82,25.4,16.07,6.340000000000015,9.939999999999985,35.27,0,1.53,0.16,2.19,2.850000000000014,3.1000000000000143,22.509999999999987,25.329999999999988,0,0.0,0.0,0.0,0.0,0
2021-01-20,39.8,23.56,18.29,42.29000000000001,48.98999999999998,74.42,1,3.85,1.16,0.75,6.540000000000014,2.070000000000014,23.08999999999999,25.42999999999999,1,0.0,0.0,0.0,0.0,0
2021-01-21,0.14,25.78,16.72,40.76000000000001,48.96999999999998,71.48,0,1.67,1.53,0.16,7.050000000000015,2.850000000000014,20.879999999999985,22.509999999999987,0,0.0,0.0,0.0,0.0,0
2021-01-22,0.02,27.05,17.45,39.96000000000001,47.82999999999998,70.92,0,0.82,3.85,1.16,6.340000000000015,6.540000000000014,22.489999999999988,23.08999999999999,0,0.0,0.0,0.0,0.0,0
2021-01-23,0.07,25.85,18.34,0.23000000000001425,46.369999999999976,67.25,0,39.8,1.67,1.53,42.29000000000001,7.050000000000015,11.309999999999985,20.879999999999985,0,0.0,0.0,1.0,0.0,0
2021-01-24,0.12,25.59,18.33,0.21000000000001423,42.63999999999998,65.13,0,0.14,0.82,3.85,40.76000000000001,6.340000000000015,9.939999999999985,22.489999999999988,0,0.0,0.0,0.0,0.0,0
2021-01-25,0.01,28.96,17.19,0.20000000000001422,40.97999999999998,52.29,0,0.02,39.8,1.67,39.96000000000001,42.29000000000001,48.98999999999998,11.309999999999985,0,1.0,0.0,0.0,1.0,0
2021-01-26,0.19,27.86,19.06,0.3200000000000142,40.34999999999998,50.29,0,0.07,0.14,0.82,0.23000000000001425,40.76000000000001,48.96999999999998,9.939999999999985,0,0.0,0.0,0.0,0.0,0
2021-01-27,7.97,24.63,15.49,8.170000000000014,8.519999999999985,57.510000000000005,1,0.12,0.02,39.8,0.21000000000001423,39.96000000000001,47.82999999999998,48.98999999999998,0,0.0,1.0,0.0,0.0,0
2021-01-28,12.33,17.22,13.62,20.490000000000016,20.709999999999987,69.67999999999999,2,0.01,0.07,0.14,0.20000000000001422,0.23000000000001425,46.369999999999976,48.96999999999998,0,0.0,0.0,0.0,0.0,0
2021-01-29,3.02,20.9,13.57,23.320000000000014,23.709999999999987,71.54,0,0.19,0.12,0.02,0.3200000000000142,0.21000000000001423,42.63999999999998,47.82999999999998,0,0.0,0.0,0.0,0.0,0
2021-01-30,0.19,25.07,15.3,15.540000000000015,23.829999999999984,70.2,0,7.97,0.01,0.07,8.170000000000014,0.20000000000001422,40.97999999999998,46.369999999999976,0,0.0,0.0,1.0,0.0,0
2021-01-31,4.85,24.71,16.13,8.060000000000013,28.559999999999985,71.2,0,12.33,0.19,0.12,20.490000000000016,0.3200000000000142,40.34999999999998,42.63999999999998,0,0.0,0.0,2.0,0.0,0
2021-02-01,16.87,19.04,13.85,21.910000000000014,45.41999999999999,86.4,1,3.02,7.97,0.01,23.320000000000014,8.170000000000014,8.519999999999985,40.97999999999998,0,0.0,0.0,0.0,1.0,0
2021-02-02,0.17,19.16,10.98,21.890000000000015,45.39999999999999,85.75,0,0.19,12.33,0.19,15.540000000000015,20.490000000000016,20.709999999999987,40.34999999999998,0,0.0,0.0,0.0,2.0,0
2021-02-03,0.18,21.97,12.94,17.220000000000017,37.60999999999999,46.13,0,4.85,3.02,7.97,8.060000000000013,23.320000000000014,23.709999999999987,8.519999999999985,0,0.0,0.0,0.0,0.0,0
2021-02-04,0.01,27.48,14.64,0.3600000000000142,25.289999999999985,46.0,0,16.87,0.19,12.33,21.910000000000014,15.540000000000015,23.829999999999984,20.709999999999987,0,0.0,0.0,1.0,0.0,0
2021-02-05,0.02,28.07,17.11,0.2100000000000142,22.289999999999985,46.00000000000001,0,0.17,4.85,3.02,21.890000000000015,8.060000000000013,28.559999999999985,23.709999999999987,0,0.0,0.0,0.0,0.0,0
2021-02-06,0.02,27.42,16.85,0.050000000000014214,22.119999999999987,45.95,0,0.18,16.87,0.19,17.220000000000017,21.910000000000014,45.41999999999999,23.829999999999984,0,0.0,0.0,0.0,1.0,0
2021-02-07,0.73,23.61,17.29,0.7700000000000142,17.999999999999986,46.56,0,0.01,0.17,4.85,0.3600000000000142,21.890000000000015,45.39999999999999,28.559999999999985,0,0.0,0.0,0.0,0.0,0
2021-02-08,0.03,27.98,16.39,0.7800000000000142,1.1599999999999857,46.58,0,0.02,0.18,16.87,0.2100000000000142,17.220000000000017,37.60999999999999,45.41999999999999,0,0.0,0.0,0.0,0.0,0
2021-02-09,0.12,26.9,18.1,0.8800000000000142,1.1099999999999857,46.510000000000005,0,0.02,0.01,0.17,0.050000000000014214,0.3600000000000142,25.289999999999985,45.39999999999999,0,0.0,0.0,0.0,0.0,0
2021-02-10,0.1,26.46,18.57,0.2500000000000142,1.0299999999999858,38.64000000000001,0,0.73,0.02,0.18,0.7700000000000142,0.2100000000000142,22.289999999999985,37.60999999999999,0,0.0,0.0,0.0,0.0,0
2021-02-11,3.53,27.93,18.89,3.750000000000014,4.549999999999986,29.84,0,0.03,0.02,0.01,0.7800000000000142,0.050000000000014214,22.119999999999987,25.289999999999985,0,0.0,0.0,0.0,0.0,0
2021-02-12,11.09,21.01,13.16,14.720000000000013,15.619999999999985,37.91,1,0.12,0.73,0.02,0.8800000000000142,0.7700000000000142,17.999999999999986,22.289999999999985,0,0.0,0.0,0.0,0.0,0
2021-02-13,1.5,21.1,13.17,16.12000000000001,17.099999999999987,39.22,0,0.1,0.03,0.02,0.2500000000000142,0.7800000000000142,1.1599999999999857,22.119999999999987,0,0.0,0.0,0.0,0.0,0
2021-02-14,0.97,23.48,13.86,13.560000000000013,17.339999999999986,35.34,0,3.53,0.12,0.73,3.750000000000014,0.8800000000000142,1.1099999999999857,17.999999999999986,0,0.0,0.0,0.0,0.0,0
2021-02-15,4.37,15.98,10.98,6.840000000000012,21.679999999999986,22.84,0,11.09,0.1,0.03,14.720000000000013,0.2500000000000142,1.0299999999999858,1.1599999999999857,0,0.0,0.0,1.0,0.0,0
2021-02-16,1.91,20.61,12.08,7.250000000000012,23.469999999999985,24.58,0,1.5,3.53,0.12,16.12000000000001,3.750000000000014,4.549999999999986,1.1099999999999857,0,0.0,0.0,0.0,0.0,0
2021-02-17,0.04,25.68,13.8,6.320000000000013,23.409999999999986,24.439999999999998,0,0.97,11.09,0.1,13.560000000000013,14.720000000000013,15.619999999999985,1.0299999999999858,0,0.0,0.0,0.0,1.0,0
2021-02-18,2.8,21.84,13.46,4.750000000000012,22.679999999999986,27.23,0,4.37,1.5,3.53,6.840000000000012,16.12000000000001,17.099999999999987,4.549999999999986,0,0.0,0.0,0.0,0.0,0
2021-02-19,3.95,12.81,6.1,6.790000000000012,15.539999999999985,31.16,0,1.91,0.97,11.09,7.250000000000012,13.560000000000013,17.339999999999986,15.619999999999985,0,0.0,0.0,0.0,0.0,0
2021-02-20,0.4,18.29,9.18,7.150000000000012,14.439999999999985,31.540000000000003,0,0.04,4.37,1.5,6.320000000000013,6.840000000000012,21.679999999999986,17.099999999999987,0,0.0,0.0,0.0,0.0,0
2021-02-21,0.01,25.75,11.0,4.360000000000012,13.479999999999984,30.82,0,2.8,1.91,0.97,4.750000000000012,7.250000000000012,23.469999999999985,17.339999999999986,0,0.0,0.0,0.0,0.0,0
2021-02-22,0.21,22.71,14.2,0.6200000000000124,9.319999999999986,31.0,0,3.95,0.04,4.37,6.790000000000012,6.320000000000013,23.409999999999986,21.679999999999986,0,0.0,0.0,0.0,0.0,0
2021-02-23,0.34,24.47,16.23,0.5600000000000125,7.749999999999986,31.22,0,0.4,2.8,1.91,7.150000000000012,4.750000000000012,22.679999999999986,23.469999999999985,0,0.0,0.0,0.0,0.0,0
2021-02-24,0.01,27.09,15.52,0.5600000000000125,7.7199999999999855,31.13,0,0.01,3.95,0.04,4.360000000000012,6.790000000000012,15.539999999999985,23.409999999999986,0,0.0,0.0,0.0,0.0,0
2021-02-25,0.0,26.71,16.84,0.3500000000000125,4.919999999999986,27.599999999999998,0,0.21,0.4,2.8,0.6200000000000124,7.150000000000012,14.439999999999985,22.679999999999986,0,0.0,0.0,0.0,0.0,0
2021-02-26,0.0,28.61,16.81,0.010000000000012435,0.9699999999999859,16.509999999999998,0,0.34,0.01,3.95,0.5600000000000125,4.360000000000012,13.479999999999984,15.539999999999985,0,0.0,0.0,0.0,0.0,0
2021-02-27,0.0,29.08,18.24,0.0,0.5699999999999859,15.01,0,0.01,0.21,0.4,0.5600000000000125,0.6200000000000124,9.319999999999986,14.439999999999985,0,0.0,0.0,0.0,0.0,0
2021-02-28,0.81,29.56,19.19,0.8100000000000125,1.369999999999986,14.85,0,0.0,0.34,0.01,0.3500000000000125,0.5600000000000125,7.749999999999986,13.479999999999984,0,0.0,0.0,0.0,0.0,0
2021-03-01,1.15,30.22,20.26,1.9600000000000124,2.309999999999986,11.629999999999999,0,0.0,0.01,0.21,0.010000000000012435,0.5600000000000125,7.7199999999999855,9.319999999999986,0,0.0,0.0,0.0,0.0,0
2021-03-02,8.81,20.41,13.65,10.770000000000014,10.779999999999987,18.53,1,0.0,0.0,0.34,0.0,0.3500000000000125,4.919999999999986,7.749999999999986,0,0.0,0.0,0.0,0.0,0
2021-03-03,0.05,24.01,12.44,10.010000000000012,10.819999999999988,18.540000000000003,0,0.81,0.0,0.01,0.8100000000000125,0.010000000000012435,0.9699999999999859,7.7199999999999855,0,0.0,0.0,0.0,0.0,0
2021-03-04,0.11,25.53,15.6,8.970000000000013,10.929999999999987,15.850000000000001,0,1.15,0.0,0.0,1.9600000000000124,0.0,0.5699999999999859,4.919999999999986,0,0.0,0.0,0.0,0.0,0
2021-03-05,0.09,29.83,16.78,0.25000000000001066,11.019999999999987,11.990000000000002,0,8.81,0.81,0.0,10.770000000000014,0.8100000000000125,1.369999999999986,0.9699999999999859,0,0.0,0.0,1.0,0.0,0
2021-03-06,2.78,22.19,15.61,2.9800000000000106,13.799999999999986,14.370000000000001,0,0.05,1.15,0.0,10.010000000000012,1.9600000000000124,2.309999999999986,0.5699999999999859,0,0.0,0.0,0.0,0.0,0
2021-03-07,0.32,23.56,14.42,3.1900000000000106,13.309999999999986,14.680000000000001,0,0.11,8.81,0.81,8.970000000000013,10.770000000000014,10.779999999999987,1.369999999999986,0,0.0,0.0,0.0,1.0,0
2021-03-08,3.54,21.69,16.52,6.64000000000001,15.699999999999985,18.01,0,0.09,0.05,1.15,0.25000000000001066,10.010000000000012,10.819999999999988,2.309999999999986,0,0.0,0.0,0.0,0.0,0
2021-03-09,1.21,23.57,16.12,5.070000000000011,8.099999999999985,18.880000000000003,0,2.78,0.11,8.81,2.9800000000000106,8.970000000000013,10.929999999999987,10.779999999999987,0,0.0,0.0,0.0,0.0,0
2021-03-10,0.1,26.4,15.27,4.85000000000001,8.149999999999984,18.970000000000002,0,0.32,0.09,0.05,3.1900000000000106,0.25000000000001066,11.019999999999987,10.819999999999988,0,0.0,0.0,0.0,0.0,0
2021-03-11,2.94,28.1,16.07,4.250000000000011,10.979999999999986,21.910000000000004,0,3.54,2.78,0.11,6.64000000000001,2.9800000000000106,13.799999999999986,10.929999999999987,0,0.0,0.0,0.0,0.0,0
2021-03-12,5.44,28.23,17.58,8.480000000000011,16.329999999999984,27.35,1,1.21,0.32,0.09,5.070000000000011,3.1900000000000106,13.309999999999986,11.019999999999987,0,0.0,0.0,0.0,0.0,0
2021-03-13,0.02,28.26,17.0,8.400000000000011,13.569999999999986,27.370000000000005,0,0.1,3.54,2.78,4.85000000000001,6.64000000000001,15.699999999999985,13.799999999999986,0,0.0,0.0,0.0,0.0,0
2021-03-14,0.0,31.99,17.82,5.460000000000011,13.249999999999986,26.560000000000002,0,2.94,1.21,0.32,4.250000000000011,5.070000000000011,8.099999999999985,13.309999999999986,0,0.0,0.0,0.0,0.0,0
2021-03-15,0.02,29.34,18.9,0.04000000000001066,9.729999999999986,25.430000000000003,0,5.44,0.1,3.54,8.480000000000011,4.85000000000001,8.149999999999984,15.699999999999985,0,0.0,0.0,1.0,0.0,0
2021-03-16,0.08,31.6,19.91,0.10000000000001066,8.599999999999985,16.7,0,0.02,2.94,1.21,8.400000000000011,4.250000000000011,10.979999999999986,8.099999999999985,0,0.0,0.0,0.0,0.0,0
2021-03-17,0.05,32.92,21.36,0.15000000000001068,8.549999999999986,16.7,0,0.0,5.44,0.1,5.460000000000011,8.480000000000011,16.329999999999984,8.149999999999984,0,0.0,0.0,0.0,1.0,0
2021-03-18,0.25,23.95,15.98,0.38000000000001066,5.859999999999986,16.84,0,0.02,0.02,2.94,0.04000000000001066,8.400000000000011,13.569999999999986,10.979999999999986,0,0.0,0.0,0.0,0.0,0
2021-03-19,0.85,23.03,14.44,1.1500000000000106,1.2699999999999858,17.6,0,0.08,0.0,5.44,0.10000000000001066,5.460000000000011,13.249999999999986,16.329999999999984,0,0.0,0.0,0.0,0.0,0
2021-03-20,1.17,23.03,14.75,2.2700000000000102,2.4199999999999857,15.99,0,0.05,0.02,0.02,0.15000000000001068,0.04000000000001066,9.729999999999986,13.569999999999986,0,0.0,0.0,0.0,0.0,0
2021-03-21,0.57,25.38,15.0,2.5900000000000105,2.9899999999999856,16.240000000000002,0,0.25,0.08,0.0,0.38000000000001066,0.10000000000001066,8.599999999999985,13.249999999999986,0,0.0,0.0,0.0,0.0,0
2021-03-22,0.02,31.15,15.94,1.7600000000000104,2.9899999999999856,12.72,0,0.85,0.05,0.02,1.1500000000000106,0.15000000000001068,8.549999999999986,9.729999999999986,0,0.0,0.0,0.0,0.0,0
2021-03-23,0.0,32.43,20.62,0.5900000000000106,2.9099999999999855,11.51,0,1.17,0.25,0.08,2.2700000000000102,0.38000000000001066,5.859999999999986,8.599999999999985,0,0.0,0.0,0.0,0.0,0
2021-03-24,0.04,32.8,18.15,0.060000000000010656,2.8999999999999857,11.450000000000001,0,0.57,0.85,0.05,2.5900000000000105,1.1500000000000106,1.2699999999999858,8.549999999999986,0,0.0,0.0,0.0,0.0,0
2021-03-25,0.0,31.88,17.29,0.04000000000001065,2.6499999999999857,8.510000000000002,0,0.02,1.17,0.25,1.7600000000000104,2.2700000000000102,2.4199999999999857,5.859999999999986,0,0.0,0.0,0.0,0.0,0
2021-03-26,0.0,30.58,17.84,0.04000000000001065,1.7999999999999856,3.07,0,0.0,0.57,0.85,0.5900000000000106,2.5900000000000105,2.9899999999999856,1.2699999999999858,0,0.0,0.0,0.0,0.0,0
2021-03-27,0.02,33.12,19.31,0.02000000000001066,0.6499999999999857,3.07,0,0.04,0.02,1.17,0.060000000000010656,1.7600000000000104,2.9899999999999856,2.4199999999999857,0,0.0,0.0,0.0,0.0,0
2021-03-28,9.47,32.71,20.11,9.49000000000001,9.549999999999986,12.540000000000001,1,0.0,0.0,0.57,0.04000000000001065,0.5900000000000106,2.9099999999999855,2.9899999999999856,0,0.0,0.0,0.0,0.0,0
2021-03-29,5.7,25.1,15.69,15.190000000000012,15.229999999999986,18.220000000000002,2,0.0,0.04,0.02,0.04000000000001065,0.060000000000010656,2.8999999999999857,2.9899999999999856,0,0.0,0.0,0.0,0.0,0
2021-03-30,0.0,30.0,16.91,15.170000000000012,15.229999999999986,18.14,0,0.02,0.0,0.0,0.02000000000001066,0.04000000000001065,2.6499999999999857,2.9099999999999855,0,0.0,0.0,0.0,0.0,0
2021-03-31,2.21,30.48,19.57,7.910000000000011,17.399999999999984,20.300000000000004,0,9.47,0.0,0.04,9.49000000000001,0.04000000000001065,1.7999999999999856,2.8999999999999857,0,0.0,0.0,1.0,0.0,0
2021-04-01,8.68,25.45,19.41,10.890000000000011,26.079999999999984,28.730000000000004,1,5.7,0.02,0.0,15.190000000000012,0.02000000000001066,0.6499999999999857,2.6499999999999857,0,0.0,0.0,2.0,0.0,0
2021-04-02,11.06,22.26,14.97,21.95000000000001,37.139999999999986,38.94,2,0.0,9.47,0.0,15.170000000000012,9.49000000000001,9.549999999999986,1.7999999999999856,0,0.0,0.0,0.0,1.0,0
2021-04-03,2.57,23.98,16.4,22.31000000000001,39.68999999999999,40.339999999999996,0,2.21,5.7,0.02,7.910000000000011,15.190000000000012,15.229999999999986,0.6499999999999857,0,0.0,0.0,0.0,2.0,0
2021-04-04,0.16,24.59,15.17,13.790000000000012,30.379999999999985,39.93,0,8.68,0.0,9.47,10.890000000000011,15.170000000000012,15.229999999999986,9.549999999999986,0,0.0,0.0,1.0,0.0,0
2021-04-05,0.14,26.42,15.34,2.8700000000000103,24.819999999999986,40.050000000000004,0,11.06,2.21,5.7,21.95000000000001,7.910000000000011,17.399999999999984,15.229999999999986,0,0.0,0.0,2.0,0.0,0
2021-04-06,0.08,27.98,18.29,0.38000000000001066,24.899999999999984,40.13,0,2.57,8.68,0.0,22.31000000000001,10.890000000000011,26.079999999999984,15.229999999999986,0,0.0,0.0,0.0,1.0,0
2021-04-07,0.04,33.08,20.38,0.26000000000001067,22.729999999999983,40.13,0,0.16,11.06,2.21,13.790000000000012,21.95000000000001,37.139999999999986,17.399999999999984,0,0.0,0.0,0.0,2.0,0
2021-04-08,0.04,32.26,21.72,0.16000000000001066,14.089999999999986,40.17,0,0.14,2.57,8.68,2.8700000000000103,22.31000000000001,39.68999999999999,26.079999999999984,0,0.0,0.0,0.0,0.0,0
2021-04-09,0.08,35.23,20.6,0.16000000000001066,3.1099999999999857,40.25000000000001,0,0.08,0.16,11.06,0.38000000000001066,13.790000000000012,30.379999999999985,37.139999999999986,0,0.0,0.0,0.0,0.0,1
2021-04-10,0.02,34.99,22.98,0.14000000000001064,0.5599999999999858,40.25,0,0.04,0.14,2.57,0.26000000000001067,2.8700000000000103,24.819999999999986,39.68999999999999,0,0.0,0.0,0.0,0.0,0
2021-04-11,0.05,32.43,21.33,0.15000000000001068,0.4499999999999858,30.830000000000002,0,0.04,0.08,0.16,0.16000000000001066,0.38000000000001066,24.899999999999984,30.379999999999985,0,0.0,0.0,0.0,0.0,0
2021-04-12,0.06,33.7,20.99,0.13000000000001066,0.36999999999998584,25.189999999999998,0,0.08,0.04,0.14,0.16000000000001066,0.26000000000001067,22.729999999999983,24.819999999999986,0,0.0,0.0,0.0,0.0,0
2021-04-13,0.03,34.97,22.08,0.14000000000001067,0.3199999999999858,25.22,0,0.02,0.04,0.08,0.14000000000001064,0.16000000000001066,14.089999999999986,24.899999999999984,0,0.0,0.0,0.0,0.0,0
2021-04-14,0.31,33.96,21.67,0.4000000000000107,0.5899999999999858,23.319999999999997,0,0.05,0.08,0.04,0.15000000000001068,0.16000000000001066,3.1099999999999857,22.729999999999983,0,0.0,0.0,0.0,0.0,0
2021-04-15,0.11,34.49,22.71,0.45000000000001067,0.6599999999999858,14.75,0,0.06,0.02,0.04,0.13000000000001066,0.14000000000001064,0.5599999999999858,14.089999999999986,0,0.0,0.0,0.0,0.0,0
2021-04-16,0.05,35.89,22.99,0.47000000000001074,0.6299999999999858,3.7399999999999998,0,0.03,0.05,0.08,0.14000000000001067,0.15000000000001068,0.4499999999999858,3.1099999999999857,0,0.0,0.0,0.0,0.0,1
2021-04-17,1.73,32.91,22.99,1.8900000000000108,2.3399999999999856,2.9,0,0.31,0.06,0.02,0.4000000000000107,0.13000000000001066,0.36999999999998584,0.5599999999999858,0,0.0,0.0,0.0,0.0,0
2021-04-18,5.46,26.86,19.33,7.240000000000011,7.749999999999986,8.2,1,0.11,0.03,0.05,0.45000000000001067,0.14000000000001067,0.3199999999999858,0.4499999999999858,0,0.0,0.0,0.0,0.0,0
2021-04-19,3.25,28.45,18.91,10.440000000000012,10.939999999999985,11.309999999999999,0,0.05,0.31,0.06,0.47000000000001074,0.4000000000000107,0.5899999999999858,0.36999999999998584,0,0.0,0.0,0.0,0.0,0
2021-04-20,1.67,27.45,20.88,10.38000000000001,12.579999999999986,12.899999999999999,0,1.73,0.11,0.03,1.8900000000000108,0.45000000000001067,0.6599999999999858,0.3199999999999858,0,0.0,0.0,0.0,0.0,0
2021-04-21,3.3,26.63,20.56,8.220000000000011,15.569999999999986,16.16,0,5.46,0.05,0.31,7.240000000000011,0.47000000000001074,0.6299999999999858,0.5899999999999858,0,0.0,0.0,1.0,0.0,0
2021-04-22,0.14,29.97,20.3,5.110000000000011,15.599999999999985,16.26,0,3.25,1.73,0.11,10.440000000000012,1.8900000000000108,2.3399999999999856,0.6599999999999858,0,0.0,0.0,0.0,0.0,0
2021-04-23,0.0,33.74,21.43,3.4400000000000115,15.549999999999985,16.18,0,1.67,5.46,0.05,10.38000000000001,7.240000000000011,7.749999999999986,0.6299999999999858,0,0.0,0.0,0.0,1.0,0
2021-04-24,0.57,33.35,22.5,0.7100000000000115,14.389999999999986,16.73,0,3.3,3.25,1.73,8.220000000000011,10.440000000000012,10.939999999999985,2.3399999999999856,0,0.0,0.0,0.0,0.0,0
2021-04-25,0.1,28.82,21.06,0.6700000000000115,9.029999999999985,16.779999999999998,0,0.14,1.67,5.46,5.110000000000011,10.38000000000001,12.579999999999986,7.749999999999986,0,0.0,0.0,0.0,0.0,0
2021-04-26,0.03,32.01,20.67,0.7000000000000115,5.809999999999985,16.75,0,0.0,3.3,3.25,3.4400000000000115,8.220000000000011,15.569999999999986,10.939999999999985,0,0.0,0.0,0.0,0.0,0
2021-04-27,0.02,32.53,21.19,0.15000000000001154,4.159999999999986,16.74,0,0.57,0.14,1.67,0.7100000000000115,5.110000000000011,15.599999999999985,12.579999999999986,0,0.0,0.0,0.0,0.0,0
2021-04-28,0.04,35.87,23.06,0.09000000000001154,0.8999999999999857,16.47,0,0.1,0.0,3.3,0.6700000000000115,3.4400000000000115,15.549999999999985,15.569999999999986,0,0.0,0.0,0.0,0.0,1
2021-04-29,0.28,34.59,23.7,0.34000000000001157,1.0399999999999858,16.64,0,0.03,0.57,0.14,0.7000000000000115,0.7100000000000115,14.389999999999986,15.599999999999985,0,0.0,0.0,0.0,0.0,0
2021-04-30,12.88,30.45,22.46,13.200000000000012,13.919999999999987,29.47,1,0.02,0.1,0.0,0.15000000000001154,0.6700000000000115,9.029999999999985,15.549999999999985,0,0.0,0.0,0.0,0.0,0
2021-05-01,7.76,30.3,22.19,20.920000000000012,21.109999999999985,35.5,2,0.04,0.03,0.57,0.09000000000001154,0.7000000000000115,5.809999999999985,14.389999999999986,0,0.0,0.0,0.0,0.0,0
2021-05-02,0.41,34.17,22.42,21.05000000000001,21.419999999999984,30.45,0,0.28,0.02,0.1,0.34000000000001157,0.15000000000001154,4.159999999999986,9.029999999999985,0,0.0,0.0,0.0,0.0,0
2021-05-03,0.0,34.78,22.49,8.17000000000001,21.389999999999986,27.200000000000003,0,12.88,0.04,0.03,13.200000000000012,0.09000000000001154,0.8999999999999857,5.809999999999985,0,0.0,0.0,1.0,0.0,0
2021-05-04,0.1,34.22,22.87,0.5100000000000107,21.469999999999988,25.630000000000003,0,7.76,0.28,0.02,20.920000000000012,0.34000000000001157,1.0399999999999858,4.159999999999986,0,0.0,0.0,2.0,0.0,0
2021-05-05,7.55,30.1,22.43,7.65000000000001,28.979999999999983,29.88,1,0.41,12.88,0.04,21.05000000000001,13.200000000000012,13.919999999999987,0.8999999999999857,0,0.0,0.0,0.0,1.0,0
2021-05-06,10.02,29.15,21.56,17.67000000000001,38.719999999999985,39.76,2,0.0,7.76,0.28,8.17000000000001,20.920000000000012,21.109999999999985,1.0399999999999858,0,0.0,0.0,0.0,2.0,0
2021-05-07,9.82,28.28,21.28,27.390000000000008,35.65999999999998,49.58,3,0.1,0.41,12.88,0.5100000000000107,21.05000000000001,21.419999999999984,13.919999999999987,0,0.0,0.0,0.0,0.0,0
2021-05-08,0.46,30.01,19.85,20.30000000000001,28.359999999999985,49.47,0,7.55,0.0,7.76,7.65000000000001,8.17000000000001,21.389999999999986,21.109999999999985,0,0.0,0.0,1.0,0.0,0
2021-05-09,0.11,33.37,20.69,10.390000000000011,28.059999999999985,49.48,0,10.02,0.1,0.41,17.67000000000001,0.5100000000000107,21.469999999999988,21.419999999999984,0,0.0,0.0,2.0,0.0,0
2021-05-10,9.43,32.97,23.18,10.00000000000001,37.48999999999998,58.88,1,9.82,7.55,0.0,27.390000000000008,7.65000000000001,28.979999999999983,21.389999999999986,0,0.0,0.0,3.0,1.0,0
2021-05-11,9.73,31.1,22.32,19.27000000000001,47.11999999999998,68.59,2,0.46,10.02,0.1,20.30000000000001,17.67000000000001,38.719999999999985,21.469999999999988,0,0.0,0.0,0.0,2.0,0
2021-05-12,46.72,26.67,22.17,65.88000000000001,86.28999999999999,115.27,3,0.11,9.82,7.55,10.390000000000011,27.390000000000008,35.65999999999998,28.979999999999983,1,0.0,0.0,0.0,3.0,0
2021-05-13,27.14,24.9,20.02,83.59,103.41,142.13,4,9.43,0.46,10.02,10.00000000000001,20.30000000000001,28.359999999999985,38.719999999999985,1,0.0,0.0,1.0,0.0,0
2021-05-14,13.05,25.44,20.73,86.91000000000001,106.63999999999999,142.3,5,9.73,0.11,9.82,19.27000000000001,10.390000000000011,28.059999999999985,35.65999999999998,0,0.0,0.0,2.0,0.0,0
2021-05-15,0.9,27.6,20.6,41.09000000000001,107.07999999999998,135.44,0,46.72,9.43,0.46,65.88000000000001,10.00000000000001,37.48999999999998,28.359999999999985,0,0.0,0.0,3.0,1.0,0
2021-05-16,0.99,28.43,20.7,14.940000000000008,107.96,136.02,0,27.14,9.73,0.11,83.59,19.27000000000001,47.11999999999998,28.059999999999985,0,0.0,0.0,4.0,2.0,0
2021-05-17,1.77,30.91,21.37,3.6600000000000072,100.29999999999998,137.79,0,13.05,46.72,9.43,86.91000000000001,65.88000000000001,86.28999999999999,37.48999999999998,0,1.0,0.0,5.0,3.0,0
2021-05-18,0.49,31.71,22.39,3.250000000000007,91.05999999999999,138.18,0,0.9,27.14,9.73,41.09000000000001,83.59,103.41,47.11999999999998,0,1.0,0.0,0.0,4.0,0
2021-05-19,5.56,31.65,22.05,7.8200000000000065,49.899999999999984,136.19,1,0.99,13.05,46.72,14.940000000000008,86.91000000000001,106.63999999999999,86.28999999999999,0,0.0,1.0,0.0,5.0,0
2021-05-20,2.69,27.48,21.32,8.740000000000006,25.449999999999985,128.86,0,1.77,0.9,27.14,3.6600000000000072,41.09000000000001,107.07999999999998,103.41,0,0.0,1.0,0.0,0.0,0
2021-05-21,1.43,27.62,21.02,9.680000000000005,13.829999999999986,120.47,0,0.49,0.99,13.05,3.250000000000007,14.940000000000008,107.96,106.63999999999999,0,0.0,0.0,0.0,0.0,0
2021-05-22,1.03,28.11,20.82,5.1500000000000075,13.959999999999985,121.04,0,5.56,1.77,0.9,7.8200000000000065,3.6600000000000072,100.29999999999998,107.07999999999998,0,0.0,0.0,1.0,0.0,0
2021-05-23,1.27,28.39,20.26,3.730000000000007,14.239999999999984,122.20000000000002,0,2.69,0.49,0.99,8.740000000000006,3.250000000000007,91.05999999999999,107.96,0,0.0,0.0,0.0,0.0,0
2021-05-24,2.29,29.4,21.12,4.590000000000007,14.759999999999986,115.06,0,1.43,5.56,1.77,9.680000000000005,7.8200000000000065,49.899999999999984,100.29999999999998,0,0.0,0.0,0.0,1.0,0
2021-05-25,1.72,30.54,21.39,5.280000000000007,15.989999999999986,107.05,0,1.03,2.69,0.49,5.1500000000000075,8.740000000000006,25.449999999999985,91.05999999999999,0,0.0,0.0,0.0,0.0,0
2021-05-26,0.46,30.28,21.07,4.470000000000007,10.889999999999985,60.79,0,1.27,1.43,5.56,3.730000000000007,9.680000000000005,13.829999999999986,49.899999999999984,0,0.0,0.0,0.0,0.0,0
2021-05-27,0.22,29.7,21.11,2.400000000000007,8.419999999999986,33.87,0,2.29,1.03,2.69,4.590000000000007,5.1500000000000075,13.959999999999985,25.449999999999985,0,0.0,0.0,0.0,0.0,0
2021-05-28,0.08,31.55,21.41,0.7600000000000071,7.069999999999986,20.9,0,1.72,1.27,1.43,5.280000000000007,3.730000000000007,14.239999999999984,13.829999999999986,0,0.0,0.0,0.0,0.0,0
2021-05-29,6.1,30.9,22.96,6.400000000000007,12.139999999999986,26.1,1,0.46,2.29,1.03,4.470000000000007,4.590000000000007,14.759999999999986,13.959999999999985,0,0.0,0.0,0.0,0.0,0
2021-05-30,5.5,28.96,22.55,11.680000000000007,16.369999999999987,30.61,2,0.22,1.72,1.27,2.400000000000007,5.280000000000007,15.989999999999986,14.239999999999984,0,0.0,0.0,0.0,0.0,0
2021-05-31,2.58,29.59,21.35,14.180000000000007,16.659999999999986,31.42,0,0.08,0.46,2.29,0.7600000000000071,4.470000000000007,10.889999999999985,14.759999999999986,0,0.0,0.0,0.0,0.0,0
2021-06-01,6.64,29.93,21.27,14.720000000000006,21.579999999999984,37.57,1,6.1,0.22,1.72,6.400000000000007,2.400000000000007,8.419999999999986,15.989999999999986,0,0.0,0.0,1.0,0.0,0
2021-06-02,6.85,29.47,21.21,16.070000000000007,27.969999999999985,38.86,2,5.5,0.08,0.46,11.680000000000007,0.7600000000000071,7.069999999999986,10.889999999999985,0,0.0,0.0,2.0,0.0,0
2021-06-03,6.25,29.07,21.03,19.740000000000006,33.999999999999986,42.42,3,2.58,6.1,0.22,14.180000000000007,6.400000000000007,12.139999999999986,8.419999999999986,0,0.0,0.0,0.0,1.0,0
2021-06-04,36.31,24.81,21.62,49.41000000000001,70.22999999999999,77.30000000000001,4,6.64,5.5,0.08,14.720000000000006,11.680000000000007,16.369999999999987,7.069999999999986,1,0.0,0.0,1.0,2.0,0
2021-06-05,1.39,28.41,20.77,43.95000000000001,65.52,77.66,0,6.85,2.58,6.1,16.070000000000007,14.180000000000007,16.659999999999986,12.139999999999986,0,0.0,0.0,2.0,0.0,0
2021-06-06,0.08,31.59,22.87,37.78000000000001,60.09999999999999,76.47000000000001,0,6.25,6.64,5.5,19.740000000000006,14.720000000000006,21.579999999999984,16.369999999999987,0,0.0,0.0,3.0,1.0,0
2021-06-07,0.13,32.3,23.11,1.600000000000007,57.64999999999999,74.31,0,36.31,6.85,2.58,49.41000000000001,16.070000000000007,27.969999999999985,16.659999999999986,0,0.0,0.0,4.0,2.0,0
2021-06-08,0.89,29.69,22.96,1.1000000000000072,51.89999999999999,73.48,0,1.39,6.25,6.64,43.95000000000001,19.740000000000006,33.999999999999986,21.579999999999984,0,0.0,0.0,0.0,3.0,0
2021-06-09,3.68,29.48,22.52,4.700000000000007,48.72999999999999,76.7,0,0.08,36.31,6.85,37.78000000000001,49.41000000000001,70.22999999999999,27.969999999999985,0,1.0,0.0,0.0,4.0,0
2021-06-10,8.89,25.25,21.29,13.460000000000008,51.36999999999999,85.37,1,0.13,1.39,6.25,1.600000000000007,43.95000000000001,65.52,33.999999999999986,0,0.0,0.0,0.0,0.0,0
2021-06-11,6.15,26.8,20.5,18.720000000000006,21.209999999999987,91.44,2,0.89,0.08,36.31,1.1000000000000072,37.78000000000001,60.09999999999999,70.22999999999999,0,0.0,1.0,0.0,0.0,0
2021-06-12,25.25,26.52,20.92,40.290000000000006,45.069999999999986,110.59,3,3.68,0.13,1.39,4.700000000000007,1.600000000000007,57.64999999999999,65.52,1,0.0,0.0,0.0,0.0,0
2021-06-13,41.76,24.04,21.98,73.16,86.74999999999999,146.85,4,8.89,0.89,0.08,13.460000000000008,1.1000000000000072,51.89999999999999,60.09999999999999,1,0.0,0.0,1.0,0.0,0
2021-06-14,42.6,24.5,20.99,109.61,129.22,186.87,5,6.15,3.68,0.13,18.720000000000006,4.700000000000007,48.72999999999999,57.64999999999999,1,0.0,0.0,2.0,0.0,0
2021-06-15,21.72,25.95,20.61,106.08000000000001,150.04999999999998,201.95,6,25.25,8.89,0.89,40.290000000000006,13.460000000000008,51.36999999999999,51.89999999999999,1,0.0,0.0,3.0,1.0,0
2021-06-16,10.19,26.82,20.04,74.51,156.56,205.29000000000002,7,41.76,6.15,3.68,73.16,18.720000000000006,21.209999999999987,48.72999999999999,0,0.0,0.0,4.0,2.0,0
2021-06-17,15.85,26.04,20.25,47.760000000000005,163.51999999999998,214.89000000000001,8,42.6,25.25,8.89,109.61,40.290000000000006,45.069999999999986,51.36999999999999,0,1.0,0.0,5.0,3.0,0
2021-06-18,10.1,24.62,21.91,36.14000000000001,167.46999999999997,188.68,9,21.72,41.76,6.15,106.08000000000001,73.16,86.74999999999999,21.209999999999987,0,1.0,0.0,6.0,4.0,0
2021-06-19,2.66,29.03,21.99,28.610000000000007,144.87999999999997,189.95,0,10.19,42.6,25.25,74.51,109.61,129.22,45.069999999999986,0,1.0,1.0,7.0,5.0,0
2021-06-20,0.79,30.17,22.77,13.550000000000008,103.90999999999998,190.66,0,15.85,21.72,41.76,47.760000000000005,106.08000000000001,150.04999999999998,86.74999999999999,0,1.0,1.0,8.0,6.0,0
2021-06-21,0.76,30.17,22.65,4.210000000000007,62.069999999999986,191.29000000000002,0,10.1,10.19,42.6,36.14000000000001,74.51,156.56,129.22,0,0.0,1.0,9.0,7.0,0
2021-06-22,18.12,28.94,24.24,19.67000000000001,58.469999999999985,208.51999999999998,1,2.66,15.85,21.72,28.610000000000007,47.760000000000005,163.51999999999998,150.04999999999998,0,0.0,1.0,0.0,8.0,0
2021-06-23,2.47,27.9,22.97,21.35000000000001,50.749999999999986,207.31,0,0.79,10.1,10.19,13.550000000000008,36.14000000000001,167.46999999999997,156.56,0,0.0,0.0,0.0,9.0,0
2021-06-24,2.72,28.13,22.26,23.31000000000001,37.61999999999998,201.14000000000001,0,0.76,2.66,15.85,4.210000000000007,28.610000000000007,144.87999999999997,163.51999999999998,0,0.0,0.0,0.0,0.0,0
2021-06-25,5.37,29.25,21.81,10.560000000000008,32.889999999999986,200.35999999999999,1,18.12,0.79,10.1,19.67000000000001,13.550000000000008,103.90999999999998,167.46999999999997,0,0.0,0.0,1.0,0.0,0
2021-06-26,5.5,28.28,20.88,13.590000000000007,35.72999999999999,180.60999999999999,2,2.47,0.76,2.66,21.35000000000001,4.210000000000007,62.069999999999986,144.87999999999997,0,0.0,0.0,0.0,0.0,0
2021-06-27,6.04,25.87,22.56,16.910000000000007,40.97999999999999,144.89000000000001,3,2.72,18.12,0.79,23.31000000000001,19.67000000000001,58.469999999999985,103.90999999999998,0,0.0,0.0,0.0,1.0,0
2021-06-28,5.39,25.79,21.33,16.930000000000007,45.609999999999985,107.67999999999999,4,5.37,2.47,0.76,10.560000000000008,21.35000000000001,50.749999999999986,62.069999999999986,0,0.0,0.0,1.0,0.0,0
2021-06-29,13.88,25.27,22.33,25.31000000000001,41.36999999999999,99.84,5,5.5,2.72,18.12,13.590000000000007,23.31000000000001,37.61999999999998,58.469999999999985,0,0.0,0.0,2.0,0.0,0
2021-06-30,23.65,24.86,21.64,42.92000000000001,62.54999999999998,113.3,6,6.04,5.37,2.47,16.910000000000007,10.560000000000008,32.889999999999986,50.749999999999986,1,0.0,0.0,3.0,1.0,0
2021-07-01,12.77,25.63,20.97,50.30000000000001,72.6,110.22,7,5.39,5.5,2.72,16.930000000000007,13.590000000000007,35.72999999999999,37.61999999999998,0,0.0,0.0,4.0,2.0,0
2021-07-02,5.1,25.8,20.89,41.52,72.32999999999998,105.22,8,13.88,6.04,5.37,25.31000000000001,16.910000000000007,40.97999999999999,32.889999999999986,0,0.0,0.0,5.0,3.0,0
2021-07-03,4.32,27.16,21.77,22.190000000000005,71.14999999999998,106.88,0,23.65,5.39,5.5,42.92000000000001,16.930000000000007,45.609999999999985,35.72999999999999,0,0.0,0.0,6.0,4.0,0
2021-07-04,1.06,28.88,21.67,10.480000000000008,66.16999999999999,107.14999999999999,0,12.77,13.88,6.04,50.30000000000001,25.31000000000001,41.36999999999999,40.97999999999999,0,0.0,0.0,7.0,5.0,0
2021-07-05,0.48,27.81,22.28,5.860000000000007,61.259999999999984,106.87,0,5.1,23.65,5.39,41.52,42.92000000000001,62.54999999999998,45.609999999999985,0,1.0,0.0,8.0,6.0,0
2021-07-06,2.3,28.81,22.27,3.840000000000007,49.67999999999998,91.05,0,4.32,12.77,13.88,22.190000000000005,50.30000000000001,72.6,41.36999999999999,0,0.0,0.0,0.0,7.0,0
2021-07-07,2.95,28.53,22.55,5.7300000000000075,28.979999999999986,91.53,0,1.06,5.1,23.65,10.480000000000008,41.52,72.32999999999998,62.54999999999998,0,0.0,1.0,0.0,8.0,0
2021-07-08,10.23,27.9,23.57,15.480000000000008,26.439999999999987,99.04,1,0.48,4.32,12.77,5.860000000000007,22.190000000000005,71.14999999999998,72.6,0,0.0,0.0,0.0,0.0,0
2021-07-09,4.06,27.19,23.22,17.24000000000001,25.399999999999988,97.73,0,2.3,1.06,5.1,3.840000000000007,10.480000000000008,66.16999999999999,72.32999999999998,0,0.0,0.0,0.0,0.0,0
2021-07-10,2.11,26.29,21.93,16.400000000000006,23.189999999999984,94.34,0,2.95,0.48,4.32,5.7300000000000075,5.860000000000007,61.259999999999984,71.14999999999998,0,0.0,0.0,0.0,0.0,0
2021-07-11,0.82,26.42,20.63,6.990000000000006,22.949999999999985,89.12,0,10.23,2.3,1.06,15.480000000000008,3.840000000000007,49.67999999999998,66.16999999999999,0,0.0,0.0,1.0,0.0,0
2021-07-12,2.39,26.87,20.08,5.320000000000007,24.859999999999985,86.12,0,4.06,2.95,0.48,17.24000000000001,5.7300000000000075,28.979999999999986,61.259999999999984,0,0.0,0.0,0.0,0.0,0
2021-07-13,4.49,26.4,20.33,7.700000000000008,27.04999999999999,76.72999999999999,0,2.11,10.23,2.3,16.400000000000006,15.480000000000008,26.439999999999987,49.67999999999998,0,0.0,0.0,0.0,1.0,0
2021-07-14,17.46,25.65,19.03,24.34000000000001,41.55999999999999,70.54,1,0.82,4.06,2.95,6.990000000000006,17.24000000000001,25.399999999999988,28.979999999999986,0,0.0,0.0,0.0,0.0,0
2021-07-15,17.83,24.75,20.75,39.78000000000001,49.15999999999998,75.6,2,2.39,2.11,10.23,5.320000000000007,16.400000000000006,23.189999999999984,26.439999999999987,0,0.0,0.0,0.0,0.0,0
2021-07-16,1.69,27.52,20.49,36.980000000000004,46.789999999999985,72.19000000000001,0,4.49,0.82,4.06,7.700000000000008,6.990000000000006,22.949999999999985,25.399999999999988,0,0.0,0.0,0.0,0.0,0
2021-07-17,3.01,27.07,21.42,22.53000000000001,47.68999999999998,70.88,0,17.46,2.39,2.11,24.34000000000001,5.320000000000007,24.859999999999985,23.189999999999984,0,0.0,0.0,1.0,0.0,0
2021-07-18,7.59,25.36,20.56,12.29000000000001,54.45999999999998,77.41,1,17.83,4.49,0.82,39.78000000000001,7.700000000000008,27.04999999999999,22.949999999999985,0,0.0,0.0,2.0,0.0,0
2021-07-19,1.54,27.56,21.01,12.140000000000011,53.609999999999985,78.47000000000001,0,1.69,17.46,2.39,36.980000000000004,24.34000000000001,41.55999999999999,24.859999999999985,0,0.0,0.0,0.0,1.0,0
2021-07-20,1.4,28.15,21.57,10.53000000000001,50.51999999999999,77.57,0,3.01,17.83,4.49,22.53000000000001,39.78000000000001,49.15999999999998,27.04999999999999,0,0.0,0.0,0.0,2.0,0
2021-07-21,8.53,27.97,20.8,11.47000000000001,41.58999999999999,83.15,1,7.59,1.69,17.46,12.29000000000001,36.980000000000004,46.789999999999985,41.55999999999999,0,0.0,0.0,1.0,0.0,0
2021-07-22,3.8,26.7,21.85,13.730000000000011,27.559999999999988,76.72,0,1.54,3.01,17.83,12.140000000000011,22.53000000000001,47.68999999999998,49.15999999999998,0,0.0,0.0,0.0,0.0,0
2021-07-23,0.68,27.14,20.52,13.01000000000001,26.549999999999986,73.34,0,1.4,7.59,1.69,10.53000000000001,12.29000000000001,54.45999999999998,46.789999999999985,0,0.0,0.0,0.0,1.0,0
2021-07-24,0.21,27.59,21.27,4.69000000000001,23.74999999999999,71.44,0,8.53,1.54,3.01,11.47000000000001,12.140000000000011,53.609999999999985,47.68999999999998,0,0.0,0.0,1.0,0.0,0
2021-07-25,0.92,27.85,21.23,1.8100000000000107,17.079999999999988,71.53999999999999,0,3.8,1.4,7.59,13.730000000000011,10.53000000000001,50.51999999999999,54.45999999999998,0,0.0,0.0,0.0,0.0,0
2021-07-26,0.15,27.69,20.87,1.2800000000000105,15.689999999999989,69.3,0,0.68,8.53,1.54,13.01000000000001,11.47000000000001,41.58999999999999,53.609999999999985,0,0.0,0.0,0.0,1.0,0
2021-07-27,1.13,28.05,21.77,2.2000000000000104,15.419999999999987,65.94,0,0.21,3.8,1.4,4.69000000000001,13.730000000000011,27.559999999999988,50.51999999999999,0,0.0,0.0,0.0,0.0,0
2021-07-28,1.31,28.66,21.24,2.5900000000000105,8.199999999999989,49.79,0,0.92,0.68,8.53,1.8100000000000107,13.01000000000001,26.549999999999986,41.58999999999999,0,0.0,0.0,0.0,0.0,0
2021-07-29,22.76,27.98,20.87,25.200000000000014,27.15999999999999,54.72,1,0.15,0.21,3.8,1.2800000000000105,4.69000000000001,23.74999999999999,27.559999999999988,1,0.0,0.0,0.0,0.0,0
2021-07-30,15.48,27.04,22.02,39.55000000000001,41.959999999999994,68.51,2,1.13,0.92,0.68,2.2000000000000104,1.8100000000000107,17.079999999999988,26.549999999999986,0,0.0,0.0,0.0,0.0,0
2021-07-31,4.76,26.05,21.48,43.000000000000014,46.50999999999999,70.25999999999999,0,1.31,0.15,0.21,2.5900000000000105,1.2800000000000105,15.689999999999989,23.74999999999999,0,0.0,0.0,0.0,0.0,0
2021-08-01,3.38,27.09,21.34,23.62000000000001,48.969999999999985,66.05,0,22.76,1.13,0.92,25.200000000000014,2.2000000000000104,15.419999999999987,17.079999999999988,0,0.0,0.0,1.0,0.0,0
2021-08-02,2.83,28.64,21.76,10.97000000000001,51.64999999999999,67.33999999999999,0,15.48,1.31,0.15,39.55000000000001,2.5900000000000105,8.199999999999989,15.689999999999989,0,0.0,0.0,2.0,0.0,0
2021-08-03,3.67,28.95,21.3,9.88000000000001,54.18999999999999,69.61,0,4.76,22.76,1.13,43.000000000000014,25.200000000000014,27.15999999999999,15.419999999999987,0,1.0,0.0,0.0,1.0,0
2021-08-04,4.04,28.62,21.47,10.54000000000001,56.91999999999999,65.12,0,3.38,15.48,1.31,23.62000000000001,39.55000000000001,41.959999999999994,8.199999999999989,0,0.0,0.0,0.0,2.0,0
2021-08-05,2.91,28.14,21.5,10.620000000000012,37.069999999999986,64.23,0,2.83,4.76,22.76,10.97000000000001,43.000000000000014,46.50999999999999,27.15999999999999,0,0.0,1.0,0.0,0.0,0
2021-08-06,2.12,28.49,21.25,9.070000000000011,23.70999999999999,65.67,0,3.67,3.38,15.48,9.88000000000001,23.62000000000001,48.969999999999985,41.959999999999994,0,0.0,0.0,0.0,0.0,0
2021-08-07,9.52,27.46,21.02,14.550000000000011,28.469999999999988,74.97999999999999,1,4.04,2.83,4.76,10.54000000000001,10.97000000000001,51.64999999999999,46.50999999999999,0,0.0,0.0,0.0,0.0,0
2021-08-08,2.91,25.7,21.96,14.550000000000011,27.99999999999999,76.97,0,2.91,3.67,3.38,10.620000000000012,9.88000000000001,54.18999999999999,48.969999999999985,0,0.0,0.0,0.0,0.0,0
2021-08-09,3.83,27.33,20.8,16.260000000000012,28.999999999999993,80.65,0,2.12,4.04,2.83,9.070000000000011,10.54000000000001,56.91999999999999,51.64999999999999,0,0.0,0.0,0.0,0.0,0
2021-08-10,4.52,26.79,20.96,11.26000000000001,29.849999999999987,84.04,0,9.52,2.91,3.67,14.550000000000011,10.620000000000012,37.069999999999986,54.18999999999999,0,0.0,0.0,1.0,0.0,0
2021-08-11,1.74,27.22,21.06,10.09000000000001,27.54999999999999,84.47,0,2.91,2.12,4.04,14.550000000000011,9.070000000000011,23.70999999999999,56.91999999999999,0,0.0,0.0,0.0,0.0,0
2021-08-12,2.56,27.08,21.37,8.820000000000011,27.19999999999999,64.27,0,3.83,9.52,2.91,16.260000000000012,14.550000000000011,28.469999999999988,37.069999999999986,0,0.0,0.0,0.0,1.0,0
2021-08-13,4.68,27.88,21.42,8.980000000000011,29.759999999999987,53.47,0,4.52,2.91,2.12,11.26000000000001,14.550000000000011,27.99999999999999,23.70999999999999,0,0.0,0.0,0.0,0.0,0
2021-08-14,5.2,27.84,21.18,12.44000000000001,25.43999999999999,53.91,1,1.74,3.83,9.52,10.09000000000001,16.260000000000012,28.999999999999993,28.469999999999988,0,0.0,0.0,0.0,0.0,0
2021-08-15,3.65,28.44,20.52,13.53000000000001,26.17999999999999,54.18,0,2.56,4.52,2.91,8.820000000000011,11.26000000000001,29.849999999999987,27.99999999999999,0,0.0,0.0,0.0,0.0,0
2021-08-16,6.39,28.33,20.94,15.24000000000001,28.739999999999988,57.739999999999995,1,4.68,1.74,3.83,8.980000000000011,10.09000000000001,27.54999999999999,28.999999999999993,0,0.0,0.0,0.0,0.0,0
2021-08-17,0.73,28.89,22.34,10.77000000000001,24.94999999999999,54.800000000000004,0,5.2,2.56,4.52,12.44000000000001,8.820000000000011,27.19999999999999,29.849999999999987,0,0.0,0.0,1.0,0.0,0
2021-08-18,2.83,28.32,22.17,9.95000000000001,26.03999999999999,53.59,0,3.65,4.68,1.74,13.53000000000001,8.980000000000011,29.759999999999987,27.54999999999999,0,0.0,0.0,0.0,0.0,0
2021-08-19,1.04,27.89,21.84,4.60000000000001,24.51999999999999,51.72,0,6.39,5.2,2.56,15.24000000000001,12.44000000000001,25.43999999999999,27.19999999999999,0,0.0,0.0,1.0,1.0,0
2021-08-20,64.44,26.28,21.25,68.31,84.27999999999999,114.03999999999999,1,0.73,3.65,4.68,10.77000000000001,13.53000000000001,26.17999999999999,29.759999999999987,1,0.0,0.0,0.0,0.0,0
2021-08-21,55.57,25.02,22.51,121.05000000000001,134.64999999999998,160.08999999999997,2,2.83,6.39,5.2,9.95000000000001,15.24000000000001,28.739999999999988,25.43999999999999,1,0.0,0.0,0.0,1.0,0
2021-08-22,9.67,27.04,21.79,129.68,140.67,166.85,3,1.04,0.73,3.65,4.60000000000001,10.77000000000001,24.94999999999999,26.17999999999999,0,0.0,0.0,0.0,0.0,0
2021-08-23,8.52,26.53,20.94,73.76,142.79999999999998,171.54,4,64.44,2.83,6.39,68.31,9.95000000000001,26.03999999999999,28.739999999999988,0,0.0,0.0,1.0,0.0,0
2021-08-24,8.94,25.95,20.26,27.13,151.00999999999996,175.95999999999998,5,55.57,1.04,0.73,121.05000000000001,4.60000000000001,24.51999999999999,24.94999999999999,0,0.0,0.0,2.0,0.0,0
2021-08-25,15.45,25.68,22.1,32.91,163.63,189.67,6,9.67,64.44,2.83,129.68,68.31,84.27999999999999,26.03999999999999,0,1.0,0.0,3.0,1.0,0
2021-08-26,6.72,26.65,20.75,31.109999999999996,169.31,193.82999999999998,7,8.52,55.57,1.04,73.76,121.05000000000001,134.64999999999998,24.51999999999999,0,1.0,0.0,4.0,2.0,0
2021-08-27,0.66,27.3,19.6,22.83,105.52999999999999,189.81,0,8.94,9.67,64.44,27.13,129.68,140.67,84.27999999999999,0,0.0,1.0,5.0,3.0,0
2021-08-28,1.38,27.6,20.95,8.76,51.33999999999998,185.98999999999998,0,15.45,8.52,55.57,32.91,73.76,142.79999999999998,134.64999999999998,0,0.0,1.0,6.0,4.0,0
2021-08-29,6.22,27.14,22.44,8.26,47.88999999999998,188.55999999999997,1,6.72,8.94,9.67,31.109999999999996,27.13,151.00999999999996,140.67,0,0.0,0.0,7.0,5.0,0
2021-08-30,6.1,27.54,22.42,13.7,45.469999999999985,188.26999999999998,2,0.66,15.45,8.52,22.83,32.91,163.63,142.79999999999998,0,0.0,0.0,0.0,6.0,0
2021-08-31,6.58,26.73,22.83,18.9,43.109999999999985,194.12,3,1.38,6.72,8.94,8.76,31.109999999999996,169.31,151.00999999999996,0,0.0,0.0,0.0,7.0,0
2021-09-01,16.25,26.97,23.16,28.93,43.90999999999998,207.54,4,6.22,0.66,15.45,8.26,22.83,105.52999999999999,163.63,0,0.0,0.0,1.0,0.0,0
2021-09-02,8.12,28.36,22.38,30.949999999999996,45.30999999999999,214.62,5,6.1,1.38,6.72,13.7,8.76,51.33999999999998,169.31,0,0.0,0.0,2.0,0.0,0
2021-09-03,5.96,26.41,21.47,30.33,50.609999999999985,156.14,6,6.58,6.22,0.66,18.9,8.26,47.88999999999998,105.52999999999999,0,0.0,0.0,3.0,1.0,0
2021-09-04,7.3,26.68,22.02,21.38,56.52999999999999,107.86999999999998,7,16.25,6.1,1.38,28.93,13.7,45.469999999999985,51.33999999999998,0,0.0,0.0,4.0,2.0,0
2021-09-05,17.82,26.57,22.13,31.08,68.13,116.01999999999998,8,8.12,6.58,6.22,30.949999999999996,18.9,43.109999999999985,47.88999999999998,0,0.0,0.0,5.0,3.0,0
2021-09-06,11.98,26.69,22.12,37.099999999999994,74.00999999999999,119.47999999999998,9,5.96,16.25,6.1,30.33,28.93,43.90999999999998,45.469999999999985,0,0.0,0.0,6.0,4.0,0
2021-09-07,3.03,27.62,21.43,32.83,70.46,113.56999999999998,0,7.3,8.12,6.58,21.38,30.949999999999996,45.30999999999999,43.109999999999985,0,0.0,0.0,7.0,5.0,0
2021-09-08,8.2,27.57,21.06,23.21,62.40999999999999,106.31999999999998,1,17.82,5.96,16.25,31.08,30.33,50.609999999999985,43.90999999999998,0,0.0,0.0,8.0,6.0,0
2021-09-09,5.77,27.32,20.8,17.0,60.05999999999998,105.36999999999998,2,11.98,7.3,8.12,37.099999999999994,21.38,56.52999999999999,45.30999999999999,0,0.0,0.0,9.0,7.0,0
2021-09-10,5.17,25.77,20.25,19.14,59.26999999999998,109.87999999999998,3,3.03,17.82,5.96,32.83,31.08,68.13,50.609999999999985,0,0.0,0.0,0.0,8.0,0
2021-09-11,24.38,26.39,19.76,35.31999999999999,76.34999999999998,132.88,4,8.2,11.98,7.3,23.21,37.099999999999994,74.00999999999999,56.52999999999999,1,0.0,0.0,1.0,9.0,0
2021-09-12,14.7,25.0,19.43,44.25,73.22999999999999,141.35999999999999,5,5.77,3.03,17.82,17.0,32.83,70.46,68.13,0,0.0,0.0,2.0,0.0,0
2021-09-13,2.58,25.7,21.46,41.66,63.82999999999998,137.84,0,5.17,8.2,11.98,19.14,23.21,62.40999999999999,74.00999999999999,0,0.0,0.0,3.0,1.0,0
2021-09-14,3.61,28.51,22.41,20.89,64.40999999999998,134.86999999999998,0,24.38,5.77,3.03,35.31999999999999,17.0,60.05999999999998,70.46,0,0.0,0.0,4.0,2.0,0
2021-09-15,1.95,29.36,23.51,8.14,58.15999999999998,120.56999999999998,0,14.7,5.17,8.2,44.25,19.14,59.26999999999998,62.40999999999999,0,0.0,0.0,5.0,3.0,0
2021-09-16,3.71,28.14,23.48,9.27,56.09999999999999,116.15999999999998,0,2.58,24.38,5.77,41.66,35.31999999999999,76.34999999999998,60.05999999999998,0,1.0,0.0,0.0,4.0,0
2021-09-17,12.22,27.99,22.94,17.880000000000003,63.149999999999984,122.41999999999999,1,3.61,14.7,5.17,20.89,44.25,73.22999999999999,59.26999999999998,0,0.0,0.0,0.0,5.0,0
2021-09-18,37.96,24.8,22.5,53.89,76.72999999999999,153.07999999999998,2,1.95,2.58,24.38,8.14,41.66,63.82999999999998,76.34999999999998,1,0.0,1.0,0.0,0.0,0
2021-09-19,11.84,26.23,21.21,62.019999999999996,73.86999999999999,147.1,3,3.71,3.61,14.7,9.27,20.89,64.40999999999998,73.22999999999999,0,0.0,0.0,0.0,0.0,0
2021-09-20,1.02,27.7,21.45,50.82,72.30999999999999,136.14,0,12.22,1.95,2.58,17.880000000000003,8.14,58.15999999999998,63.82999999999998,0,0.0,0.0,1.0,0.0,0
2021-09-21,1.03,27.72,21.45,13.89,69.72999999999999,134.13999999999996,0,37.96,3.71,3.61,53.89,9.27,56.09999999999999,64.40999999999998,0,0.0,0.0,2.0,0.0,0
2021-09-22,16.82,25.82,22.03,18.87,84.6,142.76,1,11.84,12.22,1.95,62.019999999999996,17.880000000000003,63.149999999999984,58.15999999999998,0,0.0,0.0,3.0,1.0,0
2021-09-23,14.36,23.09,20.22,32.21,95.25,151.34999999999997,2,1.02,37.96,3.71,50.82,53.89,76.72999999999999,56.09999999999999,0,1.0,0.0,0.0,2.0,0
2021-09-24,0.32,25.38,19.18,31.5,83.35,146.49999999999997,0,1.03,11.84,12.22,13.89,62.019999999999996,73.86999999999999,63.149999999999984,0,0.0,0.0,0.0,3.0,0
2021-09-25,0.09,25.5,19.05,14.77,45.47999999999998,122.21,0,16.82,1.02,37.96,18.87,50.82,72.30999999999999,76.72999999999999,0,0.0,1.0,1.0,0.0,0
2021-09-26,0.09,26.23,19.66,0.5,33.72999999999999,107.6,0,14.36,1.03,11.84,32.21,13.89,69.72999999999999,73.86999999999999,0,0.0,0.0,2.0,0.0,0
2021-09-27,0.03,27.31,20.51,0.21,32.73999999999999,105.04999999999998,0,0.32,16.82,1.02,31.5,18.87,84.6,72.30999999999999,0,0.0,0.0,0.0,1.0,0
2021-09-28,1.21,28.7,20.79,1.33,32.91999999999999,102.64999999999999,0,0.09,14.36,1.03,14.77,32.21,95.25,69.72999999999999,0,0.0,0.0,0.0,2.0,0
2021-09-29,1.49,29.35,22.9,2.73,17.589999999999986,102.18999999999998,0,0.09,0.32,16.82,0.5,31.5,83.35,84.6,0,0.0,0.0,0.0,0.0,0
2021-09-30,6.62,27.42,22.73,9.32,9.849999999999985,105.1,1,0.03,0.09,14.36,0.21,14.77,45.47999999999998,95.25,0,0.0,0.0,0.0,0.0,0
2021-10-01,6.71,27.96,21.49,14.82,16.239999999999984,99.58999999999999,2,1.21,0.09,0.32,1.33,0.5,33.72999999999999,83.35,0,0.0,0.0,0.0,0.0,0
2021-10-02,6.79,27.37,22.32,20.12,22.939999999999984,68.41999999999999,3,1.49,0.03,0.09,2.73,0.21,32.73999999999999,45.47999999999998,0,0.0,0.0,0.0,0.0,0
2021-10-03,8.94,25.4,21.91,22.439999999999998,31.789999999999985,65.51999999999998,4,6.62,1.21,0.09,9.32,1.33,32.91999999999999,33.72999999999999,0,0.0,0.0,1.0,0.0,0
2021-10-04,21.27,26.15,20.79,37.0,53.02999999999999,85.76999999999998,5,6.71,1.49,0.03,14.82,2.73,17.589999999999986,32.73999999999999,1,0.0,0.0,2.0,0.0,0
2021-10-05,25.82,25.66,21.1,56.03,77.63999999999999,110.55999999999999,6,6.79,6.62,1.21,20.12,9.32,9.849999999999985,32.91999999999999,1,0.0,0.0,3.0,1.0,0
2021-10-06,1.81,24.94,20.07,48.900000000000006,77.96,95.54999999999998,0,8.94,6.71,1.49,22.439999999999998,14.82,16.239999999999984,17.589999999999986,0,0.0,0.0,4.0,2.0,0
2021-10-07,0.01,24.82,17.26,27.64,71.34999999999998,81.19999999999999,0,21.27,6.79,6.62,37.0,20.12,22.939999999999984,9.849999999999985,0,0.0,0.0,5.0,3.0,0
2021-10-08,0.26,23.8,17.88,2.08,64.89999999999999,81.13999999999999,0,25.82,8.94,6.71,56.03,22.439999999999998,31.789999999999985,16.239999999999984,0,0.0,0.0,6.0,4.0,0
2021-10-09,0.13,27.51,19.87,0.4,58.23999999999998,81.17999999999998,0,1.81,21.27,6.79,48.900000000000006,37.0,53.02999999999999,22.939999999999984,0,1.0,0.0,0.0,5.0,0
2021-10-10,0.01,28.77,21.03,0.4,49.30999999999999,81.09999999999998,0,0.01,25.82,8.94,27.64,56.03,77.63999999999999,31.789999999999985,0,1.0,0.0,0.0,6.0,0
2021-10-11,0.02,31.47,21.36,0.16,28.059999999999985,81.08999999999999,0,0.26,1.81,21.27,2.08,48.900000000000006,77.96,53.02999999999999,0,0.0,1.0,0.0,0.0,0
2021-10-12,0.19,29.05,22.72,0.22,2.429999999999986,80.06999999999998,0,0.13,0.01,25.82,0.4,27.64,71.34999999999998,77.63999999999999,0,0.0,1.0,0.0,0.0,0
2021-10-13,0.13,29.28,22.72,0.33999999999999997,0.7499999999999858,78.71,0,0.01,0.26,1.81,0.4,2.08,64.89999999999999,77.96,0,0.0,0.0,0.0,0.0,0
2021-10-14,0.1,29.65,22.27,0.42,0.8399999999999859,72.18999999999998,0,0.02,0.13,0.01,0.16,0.4,58.23999999999998,71.34999999999998,0,0.0,0.0,0.0,0.0,0
2021-10-15,0.24,28.07,21.08,0.47,0.8199999999999859,65.71999999999998,0,0.19,0.01,0.26,0.22,0.4,49.30999999999999,64.89999999999999,0,0.0,0.0,0.0,0.0,0
2021-10-16,12.91,25.41,19.93,13.25,13.599999999999985,71.83999999999999,1,0.13,0.02,0.13,0.33999999999999997,0.16,28.059999999999985,58.23999999999998,0,0.0,0.0,0.0,0.0,0
2021-10-17,45.04,20.38,15.54,58.19,58.62999999999998,107.93999999999998,2,0.1,0.19,0.01,0.42,0.22,2.429999999999986,49.30999999999999,1,0.0,0.0,0.0,0.0,0
2021-10-18,0.51,23.31,16.1,58.459999999999994,59.11999999999998,87.17999999999999,0,0.24,0.13,0.02,0.47,0.33999999999999997,0.7499999999999858,28.059999999999985,0,0.0,0.0,0.0,0.0,0
2021-10-19,0.63,25.49,17.96,46.18,59.55999999999999,61.98999999999998,0,12.91,0.1,0.19,13.25,0.42,0.8399999999999859,2.429999999999986,0,0.0,0.0,1.0,0.0,0
2021-10-20,6.83,25.71,20.43,7.97,66.25999999999999,67.00999999999999,1,45.04,0.24,0.13,58.19,0.47,0.8199999999999859,0.7499999999999858,0,0.0,0.0,2.0,0.0,0
2021-10-21,16.88,26.0,20.08,24.34,83.03999999999999,83.87999999999998,2,0.51,12.91,0.1,58.459999999999994,13.25,13.599999999999985,0.8399999999999859,0,0.0,0.0,0.0,1.0,0
2021-10-22,12.83,24.9,20.5,36.54,95.62999999999998,96.44999999999999,3,0.63,45.04,0.24,46.18,58.19,58.62999999999998,0.8199999999999859,0,1.0,0.0,0.0,2.0,0
2021-10-23,0.73,26.64,19.38,30.439999999999998,83.44999999999999,97.04999999999998,0,6.83,0.51,12.91,7.97,58.459999999999994,59.11999999999998,13.599999999999985,0,0.0,0.0,1.0,0.0,0
2021-10-24,1.61,27.72,21.16,15.17,40.01999999999999,98.64999999999999,0,16.88,0.63,45.04,24.34,46.18,59.55999999999999,58.62999999999998,0,0.0,1.0,2.0,0.0,0
2021-10-25,1.34,28.27,22.37,3.68,40.849999999999994,99.96999999999997,0,12.83,6.83,0.51,36.54,7.97,66.25999999999999,59.11999999999998,0,0.0,0.0,3.0,1.0,0
2021-10-26,0.55,28.11,21.9,3.5,40.76999999999999,100.32999999999998,0,0.73,16.88,0.63,30.439999999999998,24.34,83.03999999999999,59.55999999999999,0,0.0,0.0,0.0,2.0,0
2021-10-27,0.46,31.76,22.89,2.35,34.39999999999999,100.65999999999998,0,1.61,12.83,6.83,15.17,36.54,95.62999999999998,66.25999999999999,0,0.0,0.0,0.0,3.0,0
2021-10-28,5.91,23.62,20.06,6.92,23.429999999999993,106.46999999999998,1,1.34,0.73,16.88,3.68,30.439999999999998,83.44999999999999,83.03999999999999,0,0.0,0.0,0.0,0.0,0
2021-10-29,2.81,23.91,17.98,9.18,13.409999999999993,109.03999999999998,0,0.55,1.61,12.83,3.5,15.17,40.01999999999999,95.62999999999998,0,0.0,0.0,0.0,0.0,0
2021-10-30,0.05,25.09,17.16,8.77,12.729999999999993,96.17999999999998,0,0.46,1.34,0.73,2.35,3.68,40.849999999999994,83.44999999999999,0,0.0,0.0,0.0,0.0,0
2021-10-31,0.0,25.58,18.3,2.86,11.119999999999994,51.139999999999986,0,5.91,0.55,1.61,6.92,3.5,40.76999999999999,40.01999999999999,0,0.0,0.0,1.0,0.0,0
2021-11-01,0.09,24.84,19.52,0.14,9.869999999999994,50.719999999999985,0,2.81,0.46,1.34,9.18,2.35,34.39999999999999,40.849999999999994,0,0.0,0.0,0.0,0.0,0
2021-11-02,0.0,24.21,17.37,0.09,9.319999999999993,50.08999999999998,0,0.05,5.91,0.55,8.77,6.92,23.429999999999993,40.76999999999999,0,0.0,0.0,0.0,1.0,0
2021-11-03,0.0,24.32,16.6,0.09,8.859999999999994,43.259999999999984,0,0.0,2.81,0.46,2.86,9.18,13.409999999999993,34.39999999999999,0,0.0,0.0,0.0,0.0,0
2021-11-04,0.82,23.76,17.46,0.82,3.769999999999993,27.199999999999985,0,0.09,0.05,5.91,0.14,8.77,12.729999999999993,23.429999999999993,0,0.0,0.0,0.0,0.0,0
2021-11-05,0.82,21.99,15.06,1.64,1.7799999999999927,15.189999999999987,0,0.0,0.0,2.81,0.09,2.86,11.119999999999994,13.409999999999993,0,0.0,0.0,0.0,0.0,0
2021-11-06,1.25,23.05,17.96,2.8899999999999997,2.9799999999999924,15.709999999999987,0,0.0,0.09,0.05,0.09,0.14,9.869999999999994,12.729999999999993,0,0.0,0.0,0.0,0.0,0
2021-11-07,3.61,23.04,18.44,5.68,6.589999999999993,17.709999999999987,0,0.82,0.0,0.0,0.82,0.09,9.319999999999993,11.119999999999994,0,0.0,0.0,0.0,0.0,0
2021-11-08,0.92,23.01,17.25,5.78,7.419999999999993,17.289999999999985,0,0.82,0.0,0.09,1.64,0.09,8.859999999999994,9.869999999999994,0,0.0,0.0,0.0,0.0,0
2021-11-09,1.64,23.37,16.81,6.17,9.059999999999993,18.379999999999985,0,1.25,0.82,0.0,2.8899999999999997,0.82,3.769999999999993,9.319999999999993,0,0.0,0.0,0.0,0.0,0
2021-11-10,0.26,24.29,16.67,2.8200000000000003,9.319999999999993,18.179999999999986,0,3.61,0.82,0.0,5.68,1.64,1.7799999999999927,8.859999999999994,0,0.0,0.0,0.0,0.0,0
2021-11-11,0.1,25.98,17.52,2.0000000000000004,8.599999999999993,12.369999999999985,0,0.92,1.25,0.82,5.78,2.8899999999999997,2.9799999999999924,3.769999999999993,0,0.0,0.0,0.0,0.0,0
2021-11-12,1.16,23.97,16.72,1.5200000000000005,8.939999999999994,10.719999999999986,0,1.64,3.61,0.82,6.17,5.68,6.589999999999993,1.7799999999999927,0,0.0,0.0,0.0,0.0,0
2021-11-13,6.11,22.53,15.73,7.370000000000001,13.799999999999994,16.779999999999987,1,0.26,0.92,1.25,2.8200000000000003,5.78,7.419999999999993,2.9799999999999924,0,0.0,0.0,0.0,0.0,0
2021-11-14,0.52,23.89,17.05,7.790000000000001,10.709999999999994,17.299999999999986,0,0.1,1.64,3.61,2.0000000000000004,6.17,9.059999999999993,6.589999999999993,0,0.0,0.0,0.0,0.0,0
2021-11-15,0.01,23.21,15.57,6.6400000000000015,9.799999999999992,17.219999999999985,0,1.16,0.26,0.92,1.5200000000000005,2.8200000000000003,9.319999999999993,7.419999999999993,0,0.0,0.0,0.0,0.0,0
2021-11-16,0.04,23.02,13.2,0.570000000000001,8.199999999999994,17.259999999999984,0,6.11,0.1,1.64,7.370000000000001,2.0000000000000004,8.599999999999993,9.059999999999993,0,0.0,0.0,1.0,0.0,0
2021-11-17,0.0,25.82,15.84,0.05000000000000089,7.939999999999993,17.259999999999984,0,0.52,1.16,0.26,7.790000000000001,1.5200000000000005,8.939999999999994,9.319999999999993,0,0.0,0.0,0.0,0.0,0
2021-11-18,16.14,24.59,19.14,16.18,23.979999999999993,32.579999999999984,1,0.01,6.11,0.1,6.6400000000000015,7.370000000000001,13.799999999999994,8.599999999999993,0,0.0,0.0,0.0,1.0,0
2021-11-19,38.91,20.95,15.51,55.05,61.72999999999999,70.66999999999999,2,0.04,0.52,1.16,0.570000000000001,7.790000000000001,10.709999999999994,8.939999999999994,1,0.0,0.0,0.0,0.0,0
2021-11-20,3.53,22.38,15.82,58.58,59.14999999999999,72.94999999999997,0,0.0,0.01,6.11,0.05000000000000089,6.6400000000000015,9.799999999999992,13.799999999999994,0,0.0,0.0,0.0,0.0,0
2021-11-21,4.93,24.19,16.46,47.37,63.55999999999999,74.26999999999998,0,16.14,0.04,0.52,16.18,0.570000000000001,8.199999999999994,10.709999999999994,0,0.0,0.0,1.0,0.0,0
2021-11-22,36.62,24.11,18.57,45.08,100.16999999999999,109.96999999999997,1,38.91,0.0,0.01,55.05,0.05000000000000089,7.939999999999993,9.799999999999992,1,0.0,0.0,2.0,0.0,0
2021-11-23,12.06,21.66,17.15,53.61,112.18999999999998,120.38999999999997,2,3.53,16.14,0.04,58.58,16.18,23.979999999999993,8.199999999999994,0,0.0,0.0,0.0,1.0,0
2021-11-24,0.11,24.66,16.72,48.79,112.29999999999998,120.23999999999998,0,4.93,38.91,0.0,47.37,55.05,61.72999999999999,7.939999999999993,0,1.0,0.0,0.0,2.0,0
2021-11-25,1.81,25.26,17.87,13.98,97.97,121.94999999999997,0,36.62,3.53,16.14,45.08,58.58,59.14999999999999,23.979999999999993,0,0.0,0.0,1.0,0.0,0
2021-11-26,12.38,22.43,14.94,14.3,71.44,133.17,1,12.06,4.93,38.91,53.61,47.37,63.55999999999999,61.72999999999999,0,0.0,1.0,2.0,0.0,0
2021-11-27,0.19,21.65,15.07,14.38,68.1,127.24999999999999,0,0.11,36.62,3.53,48.79,45.08,100.16999999999999,59.14999999999999,0,1.0,0.0,0.0,1.0,0
2021-11-28,0.98,22.33,16.75,13.55,64.14999999999999,127.70999999999998,0,1.81,12.06,4.93,13.98,53.61,112.18999999999998,63.55999999999999,0,0.0,0.0,0.0,2.0,0
2021-11-29,0.21,20.37,14.27,1.38,27.739999999999995,127.90999999999998,0,12.38,0.11,36.62,14.3,48.79,112.29999999999998,100.16999999999999,0,0.0,1.0,1.0,0.0,0
2021-11-30,0.13,21.63,13.78,1.32,15.809999999999993,127.99999999999997,0,0.19,1.81,12.06,14.38,13.98,97.97,112.18999999999998,0,0.0,0.0,0.0,0.0,0
2021-12-01,0.12,22.65,15.52,0.45999999999999996,15.819999999999995,128.11999999999998,0,0.98,12.38,0.11,13.55,14.3,71.44,112.29999999999998,0,0.0,0.0,0.0,1.0,0
2021-12-02,0.08,23.51,14.31,0.33,14.089999999999993,112.05999999999999,0,0.21,0.19,1.81,1.38,14.38,68.1,97.97,0,0.0,0.0,0.0,0.0,0
2021-12-03,0.0,23.39,17.38,0.2,1.7099999999999929,73.14999999999998,0,0.13,0.98,12.38,1.32,13.55,64.14999999999999,71.44,0,0.0,0.0,0.0,0.0,0
2021-12-04,0.01,24.53,17.08,0.09,1.529999999999993,69.63,0,0.12,0.21,0.19,0.45999999999999996,1.38,27.739999999999995,68.1,0,0.0,0.0,0.0,0.0,0
2021-12-05,0.0,25.76,16.96,0.01,0.5499999999999929,64.69999999999999,0,0.08,0.13,0.98,0.33,1.32,15.809999999999993,64.14999999999999,0,0.0,0.0,0.0,0.0,0
2021-12-06,0.0,27.27,17.5,0.01,0.3399999999999929,28.079999999999988,0,0.0,0.12,0.21,0.2,0.45999999999999996,15.819999999999995,27.739999999999995,0,0.0,0.0,0.0,0.0,0
2021-12-07,0.0,24.98,17.14,0.0,0.2099999999999929,16.01999999999999,0,0.01,0.08,0.13,0.09,0.33,14.089999999999993,15.809999999999993,0,0.0,0.0,0.0,0.0,0
2021-12-08,0.0,26.05,18.61,0.0,0.08999999999999289,15.909999999999988,0,0.0,0.0,0.12,0.01,0.2,1.7099999999999929,15.819999999999995,0,0.0,0.0,0.0,0.0,0
2021-12-09,0.0,26.65,19.06,0.0,0.009999999999992895,14.099999999999987,0,0.0,0.01,0.08,0.01,0.09,1.529999999999993,14.089999999999993,0,0.0,0.0,0.0,0.0,0
2021-12-10,0.0,27.26,18.54,0.0,0.009999999999992895,1.7199999999999858,0,0.0,0.0,0.0,0.0,0.01,0.5499999999999929,1.7099999999999929,0,0.0,0.0,0.0,0.0,0
2021-12-11,4.46,26.37,19.14,4.46,4.459999999999993,5.989999999999986,0,0.0,0.0,0.01,0.0,0.01,0.3399999999999929,1.529999999999993,0,0.0,0.0,0.0,0.0,0
2021-12-12,7.03,20.49,13.86,11.49,11.489999999999993,12.039999999999985,1,0.0,0.0,0.0,0.0,0.0,0.2099999999999929,0.5499999999999929,0,0.0,0.0,0.0,0.0,0
2021-12-13,0.51,22.88,15.06,12.0,11.999999999999993,12.339999999999987,0,0.0,0.0,0.0,0.0,0.0,0.08999999999999289,0.3399999999999929,0,0.0,0.0,0.0,0.0,0
2021-12-14,0.53,23.73,16.68,8.07,12.529999999999994,12.739999999999986,0,4.46,0.0,0.0,4.46,0.0,0.009999999999992895,0.2099999999999929,0,0.0,0.0,0.0,0.0,0
2021-12-15,0.12,24.35,17.58,1.1600000000000001,12.649999999999993,12.739999999999986,0,7.03,0.0,0.0,11.49,0.0,0.009999999999992895,0.08999999999999289,0,0.0,0.0,1.0,0.0,0
2021-12-16,0.04,24.88,17.24,0.6900000000000001,12.689999999999992,12.699999999999987,0,0.51,4.46,0.0,12.0,4.46,4.459999999999993,0.009999999999992895,0,0.0,0.0,0.0,0.0,0
2021-12-17,0.02,26.15,16.48,0.18,12.709999999999994,12.719999999999986,0,0.53,7.03,0.0,8.07,11.49,11.489999999999993,0.009999999999992895,0,0.0,0.0,0.0,1.0,0
2021-12-18,0.05,27.3,17.81,0.11,8.299999999999992,12.759999999999987,0,0.12,0.51,4.46,1.1600000000000001,12.0,11.999999999999993,4.459999999999993,0,0.0,0.0,0.0,0.0,0
2021-12-19,9.28,23.84,13.97,9.35,10.549999999999992,22.039999999999985,1,0.04,0.53,7.03,0.6900000000000001,8.07,12.529999999999994,11.489999999999993,0,0.0,0.0,0.0,0.0,0
2021-12-20,0.37,19.99,13.06,9.7,10.409999999999991,22.409999999999986,0,0.02,0.12,0.51,0.18,1.1600000000000001,12.649999999999993,11.999999999999993,0,0.0,0.0,0.0,0.0,0
2021-12-21,1.06,18.88,14.91,10.709999999999999,10.939999999999992,23.469999999999988,0,0.05,0.04,0.53,0.11,0.6900000000000001,12.689999999999992,12.529999999999994,0,0.0,0.0,0.0,0.0,0
2021-12-22,0.11,22.9,14.95,1.5400000000000003,10.929999999999993,23.579999999999988,0,9.28,0.02,0.12,9.35,0.18,12.709999999999994,12.649999999999993,0,0.0,0.0,1.0,0.0,0
2021-12-23,0.03,22.85,16.31,1.2000000000000002,10.919999999999993,23.609999999999985,0,0.37,0.05,0.04,9.7,0.11,8.299999999999992,12.689999999999992,0,0.0,0.0,0.0,0.0,0
2021-12-24,0.0,24.61,16.13,0.14000000000000024,10.899999999999991,23.609999999999985,0,1.06,9.28,0.02,10.709999999999999,9.35,10.549999999999992,12.709999999999994,0,0.0,0.0,0.0,1.0,0
2021-12-25,0.0,26.13,16.4,0.03000000000000022,10.849999999999993,19.149999999999984,0,0.11,0.37,0.05,1.5400000000000003,9.7,10.409999999999991,8.299999999999992,0,0.0,0.0,0.0,0.0,0
2021-12-26,0.01,24.66,15.53,0.010000000000000222,1.579999999999993,12.129999999999985,0,0.03,1.06,9.28,1.2000000000000002,10.709999999999999,10.939999999999992,10.549999999999992,0,0.0,0.0,0.0,0.0,0
2021-12-27,0.0,27.61,15.3,0.010000000000000222,1.2099999999999929,11.619999999999985,0,0.0,0.11,0.37,0.14000000000000024,1.5400000000000003,10.929999999999993,10.409999999999991,0,0.0,0.0,0.0,0.0,0
2021-12-28,0.0,28.42,16.7,0.010000000000000222,0.1499999999999929,11.089999999999986,0,0.0,0.03,1.06,0.03000000000000022,1.2000000000000002,10.919999999999993,10.939999999999992,0,0.0,0.0,0.0,0.0,0
2021-12-29,0.0,28.64,18.48,0.0,0.039999999999992895,10.969999999999986,0,0.01,0.0,0.11,0.010000000000000222,0.14000000000000024,10.899999999999991,10.929999999999993,0,0.0,0.0,0.0,0.0,0
2021-12-30,0.0,28.46,17.31,0.0,0.009999999999992895,10.929999999999986,0,0.0,0.0,0.03,0.010000000000000222,0.03000000000000022,10.849999999999993,10.919999999999993,0,0.0,0.0,0.0,0.0,0
2021-12-31,0.0,28.85,17.97,0.0,0.009999999999992895,10.909999999999986,0,0.0,0.01,0.0,0.010000000000000222,0.010000000000000222,1.579999999999993,10.899999999999991,0,0.0,0.0,0.0,0.0,0
2022-01-01,0.0,29.98,17.74,0.0,0.009999999999992895,10.859999999999985,0,0.0,0.0,0.0,0.0,0.010000000000000222,1.2099999999999929,10.849999999999993,0,0.0,0.0,0.0,0.0,0
2022-01-02,3.63,26.75,13.31,3.63,3.629999999999993,5.209999999999986,0,0.0,0.0,0.01,0.0,0.010000000000000222,0.1499999999999929,1.579999999999993,0,0.0,0.0,0.0,0.0,0
2022-01-03,0.71,16.27,8.06,4.34,4.339999999999993,5.549999999999986,0,0.0,0.0,0.0,0.0,0.0,0.039999999999992895,1.2099999999999929,0,0.0,0.0,0.0,0.0,0
2022-01-04,0.08,22.74,10.76,4.42,4.419999999999993,4.569999999999986,0,0.0,0.0,0.0,0.0,0.0,0.009999999999992895,0.1499999999999929,0,0.0,0.0,0.0,0.0,0
2022-01-05,0.03,25.66,15.04,0.82,4.449999999999993,4.489999999999986,0,3.63,0.0,0.0,3.63,0.0,0.009999999999992895,0.039999999999992895,0,0.0,0.0,0.0,0.0,0
2022-01-06,0.23,26.65,17.29,0.34,4.679999999999993,4.689999999999985,0,0.71,0.0,0.0,4.34,0.0,0.009999999999992895,0.009999999999992895,0,0.0,0.0,0.0,0.0,0
2022-01-07,0.67,23.7,18.7,0.93,5.3499999999999925,5.359999999999985,0,0.08,3.63,0.0,4.42,3.63,3.629999999999993,0.009999999999992895,0,0.0,0.0,0.0,0.0,0
2022-01-08,0.14,28.21,18.01,1.04,5.489999999999993,5.499999999999986,0,0.03,0.71,0.0,0.82,4.34,4.339999999999993,0.009999999999992895,0,0.0,0.0,0.0,0.0,0
2022-01-09,0.49,27.65,18.67,1.3,2.349999999999993,5.979999999999985,0,0.23,0.08,3.63,0.34,4.42,4.419999999999993,3.629999999999993,0,0.0,0.0,0.0,0.0,0
2022-01-10,38.1,20.77,13.0,38.730000000000004,39.739999999999995,44.079999999999984,1,0.67,0.03,0.71,0.93,0.82,4.449999999999993,4.339999999999993,1,0.0,0.0,0.0,0.0,0
2022-01-11,3.13,18.12,11.52,41.720000000000006,42.79,47.20999999999999,0,0.14,0.23,0.08,1.04,0.34,4.679999999999993,4.419999999999993,0,0.0,0.0,0.0,0.0,0
2022-01-12,0.77,19.83,13.77,42.0,43.529999999999994,47.97999999999998,0,0.49,0.67,0.03,1.3,0.93,5.3499999999999925,4.449999999999993,0,0.0,0.0,0.0,0.0,0
2022-01-13,4.1,20.93,14.73,8.0,47.39999999999999,52.079999999999984,0,38.1,0.14,0.23,38.730000000000004,1.04,5.489999999999993,4.679999999999993,0,0.0,0.0,1.0,0.0,0
2022-01-14,0.06,24.11,15.58,4.93,46.79,52.139999999999986,0,3.13,0.49,0.67,41.720000000000006,1.3,2.349999999999993,5.3499999999999925,0,0.0,0.0,0.0,0.0,0
2022-01-15,1.74,26.04,12.95,5.9,48.38999999999999,53.87999999999998,0,0.77,38.1,0.14,42.0,38.730000000000004,39.739999999999995,5.489999999999993,0,1.0,0.0,0.0,1.0,0
2022-01-16,0.19,17.49,9.62,1.9900000000000009,48.089999999999996,50.43999999999998,0,4.1,3.13,0.49,8.0,41.720000000000006,42.79,2.349999999999993,0,0.0,0.0,0.0,0.0,0
2022-01-17,0.84,19.77,12.11,2.770000000000001,10.829999999999993,50.569999999999986,0,0.06,0.77,38.1,4.93,42.0,43.529999999999994,39.739999999999995,0,0.0,1.0,0.0,0.0,0
2022-01-18,0.06,24.77,13.95,1.090000000000001,7.759999999999993,50.54999999999998,0,1.74,4.1,3.13,5.9,8.0,47.39999999999999,42.79,0,0.0,0.0,0.0,0.0,0
2022-01-19,0.0,26.32,16.07,0.900000000000001,6.989999999999993,50.51999999999998,0,0.19,0.06,0.77,1.9900000000000009,4.93,46.79,43.529999999999994,0,0.0,0.0,0.0,0.0,0
2022-01-20,8.09,25.11,13.91,8.15,10.979999999999993,58.37999999999998,1,0.84,1.74,4.1,2.770000000000001,5.9,48.38999999999999,47.39999999999999,0,0.0,0.0,0.0,0.0,0
2022-01-21,2.62,14.08,9.29,10.71,13.539999999999992,60.329999999999984,0,0.06,0.19,0.06,1.090000000000001,1.9900000000000009,48.089999999999996,46.79,0,0.0,0.0,0.0,0.0,0
2022-01-22,0.87,15.63,9.21,11.58,12.669999999999993,61.05999999999998,0,0.0,0.84,1.74,0.900000000000001,2.770000000000001,10.829999999999993,48.38999999999999,0,0.0,0.0,0.0,0.0,0
2022-01-23,0.33,19.55,12.63,3.8200000000000003,12.809999999999993,60.899999999999984,0,8.09,0.06,0.19,8.15,1.090000000000001,7.759999999999993,48.089999999999996,0,0.0,0.0,1.0,0.0,0
2022-01-24,0.08,25.74,14.51,1.28,12.049999999999994,22.879999999999985,0,2.62,0.0,0.84,10.71,0.900000000000001,6.989999999999993,10.829999999999993,0,0.0,0.0,0.0,0.0,0
2022-01-25,0.89,23.47,15.61,1.3,12.879999999999994,20.639999999999986,0,0.87,8.09,0.06,11.58,8.15,10.979999999999993,7.759999999999993,0,0.0,0.0,0.0,1.0,0
2022-01-26,4.52,19.68,15.59,5.489999999999999,17.39999999999999,24.389999999999986,0,0.33,2.62,0.0,3.8200000000000003,10.71,13.539999999999992,6.989999999999993,0,0.0,0.0,0.0,0.0,0
2022-01-27,0.78,19.71,14.96,6.1899999999999995,10.089999999999993,21.069999999999986,0,0.08,0.87,8.09,1.28,11.58,12.669999999999993,10.979999999999993,0,0.0,0.0,0.0,0.0,0
2022-01-28,10.85,20.56,10.53,16.15,18.319999999999993,31.859999999999985,1,0.89,0.33,2.62,1.3,3.8200000000000003,12.809999999999993,13.539999999999992,0,0.0,0.0,0.0,0.0,0
2022-01-29,4.4,12.4,8.64,16.03,21.84999999999999,34.51999999999998,0,4.52,0.08,0.87,5.489999999999999,1.28,12.049999999999994,12.669999999999993,0,0.0,0.0,0.0,0.0,0
2022-01-30,0.37,21.27,11.77,15.620000000000001,21.889999999999993,34.69999999999999,0,0.78,0.89,0.33,6.1899999999999995,1.3,12.879999999999994,12.809999999999993,0,0.0,0.0,0.0,0.0,0
2022-01-31,0.0,26.01,14.41,4.770000000000002,21.80999999999999,33.859999999999985,0,10.85,4.52,0.08,16.15,5.489999999999999,17.39999999999999,12.049999999999994,0,0.0,0.0,1.0,0.0,0
2022-02-01,0.0,25.47,16.59,0.37000000000000177,20.91999999999999,33.79999999999999,0,4.4,0.78,0.89,16.03,6.1899999999999995,10.089999999999993,12.879999999999994,0,0.0,0.0,0.0,0.0,0
2022-02-02,0.01,27.79,16.07,0.010000000000001777,16.40999999999999,33.80999999999999,0,0.37,10.85,4.52,15.620000000000001,16.15,18.319999999999993,17.39999999999999,0,0.0,0.0,0.0,1.0,0
2022-02-03,2.95,27.5,15.59,2.9600000000000017,18.57999999999999,28.669999999999987,0,0.0,4.4,0.78,4.770000000000002,16.03,21.84999999999999,10.089999999999993,0,0.0,0.0,0.0,0.0,0
2022-02-04,6.14,15.21,8.39,9.100000000000001,13.869999999999994,32.18999999999998,1,0.0,0.37,10.85,0.37000000000000177,15.620000000000001,21.889999999999993,18.319999999999993,0,0.0,0.0,0.0,0.0,0
2022-02-05,0.25,13.08,4.11,9.340000000000002,9.719999999999992,31.569999999999986,0,0.01,0.0,4.4,0.010000000000001777,4.770000000000002,21.80999999999999,21.84999999999999,0,0.0,0.0,0.0,0.0,0
2022-02-06,0.25,20.89,7.83,6.6400000000000015,9.599999999999994,31.489999999999984,0,2.95,0.0,0.37,2.9600000000000017,0.37000000000000177,20.91999999999999,21.889999999999993,0,0.0,0.0,0.0,0.0,0
2022-02-07,3.85,16.36,11.62,4.350000000000001,13.449999999999994,35.259999999999984,0,6.14,0.01,0.0,9.100000000000001,0.010000000000001777,16.40999999999999,21.80999999999999,0,0.0,0.0,1.0,0.0,0
2022-02-08,4.65,13.81,9.02,8.750000000000002,18.099999999999994,39.01999999999999,0,0.25,2.95,0.0,9.340000000000002,2.9600000000000017,18.57999999999999,20.91999999999999,0,0.0,0.0,0.0,0.0,0
2022-02-09,0.37,16.83,12.16,8.870000000000001,18.459999999999994,34.86999999999998,0,0.25,6.14,0.01,6.6400000000000015,9.100000000000001,13.869999999999994,16.40999999999999,0,0.0,0.0,0.0,1.0,0
2022-02-10,0.41,22.76,12.99,5.430000000000002,15.919999999999993,34.49999999999999,0,3.85,0.25,2.95,4.350000000000001,9.340000000000002,9.719999999999992,18.57999999999999,0,0.0,0.0,0.0,0.0,0
2022-02-11,0.15,24.34,15.6,0.9300000000000017,9.929999999999994,23.79999999999999,0,4.65,0.25,6.14,8.750000000000002,6.6400000000000015,9.599999999999994,13.869999999999994,0,0.0,0.0,0.0,0.0,0
2022-02-12,4.75,23.33,16.1,5.310000000000001,14.429999999999993,24.149999999999984,0,0.37,3.85,0.25,8.870000000000001,4.350000000000001,13.449999999999994,9.719999999999992,0,0.0,0.0,0.0,0.0,0
2022-02-13,11.32,18.22,8.95,16.220000000000002,25.499999999999993,35.09999999999999,1,0.41,4.65,0.25,5.430000000000002,8.750000000000002,18.099999999999994,9.599999999999994,0,0.0,0.0,0.0,0.0,0
2022-02-14,0.22,16.66,8.52,16.290000000000003,21.869999999999994,35.319999999999986,0,0.15,0.37,3.85,0.9300000000000017,8.870000000000001,18.459999999999994,13.449999999999994,0,0.0,0.0,0.0,0.0,0
2022-02-15,0.19,21.24,11.05,11.730000000000004,17.409999999999993,35.509999999999984,0,4.75,0.41,4.65,5.310000000000001,5.430000000000002,15.919999999999993,18.099999999999994,0,0.0,0.0,0.0,0.0,0
2022-02-16,0.0,26.76,14.25,0.4100000000000036,17.039999999999992,35.499999999999986,0,11.32,0.15,0.37,16.220000000000002,0.9300000000000017,9.929999999999994,18.459999999999994,0,0.0,0.0,1.0,0.0,0
2022-02-17,0.0,30.56,17.41,0.19000000000000355,16.629999999999992,32.54999999999998,0,0.22,4.75,0.41,16.290000000000003,5.310000000000001,14.429999999999993,15.919999999999993,0,0.0,0.0,0.0,0.0,0
2022-02-18,0.71,19.61,13.29,0.7100000000000035,17.189999999999994,27.119999999999987,0,0.19,11.32,0.15,11.730000000000004,16.220000000000002,25.499999999999993,9.929999999999994,0,0.0,0.0,0.0,1.0,0
2022-02-19,0.81,19.83,11.61,1.5200000000000036,13.249999999999993,27.67999999999999,0,0.0,0.22,4.75,0.4100000000000036,16.290000000000003,21.869999999999994,14.429999999999993,0,0.0,0.0,0.0,0.0,0
2022-02-20,0.27,24.35,13.18,1.7900000000000036,2.199999999999993,27.69999999999999,0,0.0,0.19,11.32,0.19000000000000355,11.730000000000004,17.409999999999993,25.499999999999993,0,0.0,0.0,0.0,0.0,0
2022-02-21,0.0,27.23,15.33,1.0800000000000036,1.9799999999999929,23.849999999999987,0,0.71,0.0,0.22,0.7100000000000035,0.4100000000000036,17.039999999999992,21.869999999999994,0,0.0,0.0,0.0,0.0,0
2022-02-22,0.0,29.23,17.0,0.27000000000000357,1.789999999999993,19.19999999999999,0,0.81,0.0,0.19,1.5200000000000036,0.19000000000000355,16.629999999999992,17.409999999999993,0,0.0,0.0,0.0,0.0,0
2022-02-23,0.0,28.09,17.93,0.0,1.789999999999993,18.829999999999988,0,0.27,0.71,0.0,1.7900000000000036,0.7100000000000035,17.189999999999994,17.039999999999992,0,0.0,0.0,0.0,0.0,0
2022-02-24,0.16,27.33,17.16,0.16000000000000356,1.949999999999993,18.579999999999988,0,0.0,0.81,0.0,1.0800000000000036,1.5200000000000036,13.249999999999993,16.629999999999992,0,0.0,0.0,0.0,0.0,0
2022-02-25,3.89,25.17,16.64,4.050000000000003,5.129999999999994,22.319999999999986,0,0.0,0.27,0.71,0.27000000000000357,1.7900000000000036,2.199999999999993,17.189999999999994,0,0.0,0.0,0.0,0.0,0
2022-02-26,1.0,22.64,14.93,5.050000000000004,5.319999999999993,18.569999999999986,0,0.0,0.0,0.81,0.0,1.0800000000000036,1.9799999999999929,13.249999999999993,0,0.0,0.0,0.0,0.0,0
2022-02-27,4.64,21.12,13.23,9.530000000000003,9.689999999999992,11.889999999999986,0,0.16,0.0,0.27,0.16000000000000356,0.27000000000000357,1.789999999999993,2.199999999999993,0,0.0,0.0,0.0,0.0,0
2022-02-28,0.75,19.55,11.78,6.390000000000002,10.439999999999992,12.419999999999984,0,3.89,0.0,0.0,4.050000000000003,0.0,1.789999999999993,1.9799999999999929,0,0.0,0.0,0.0,0.0,0
2022-03-01,0.11,22.26,10.78,5.500000000000003,10.549999999999992,12.339999999999986,0,1.0,0.16,0.0,5.050000000000004,0.16000000000000356,1.949999999999993,1.789999999999993,0,0.0,0.0,0.0,0.0,0
2022-03-02,0.11,24.05,13.19,0.9700000000000035,10.659999999999993,12.449999999999985,0,4.64,3.89,0.0,9.530000000000003,4.050000000000003,5.129999999999994,1.789999999999993,0,0.0,0.0,0.0,0.0,0
2022-03-03,0.33,25.73,14.92,0.5500000000000036,10.829999999999993,12.779999999999985,0,0.75,1.0,0.16,6.390000000000002,5.050000000000004,5.319999999999993,1.949999999999993,0,0.0,0.0,0.0,0.0,0
2022-03-04,0.29,25.28,15.93,0.7300000000000035,7.2299999999999915,12.359999999999987,0,0.11,4.64,3.89,5.500000000000003,9.530000000000003,9.689999999999992,5.129999999999994,0,0.0,0.0,0.0,0.0,0
2022-03-05,0.0,29.66,16.37,0.6200000000000037,6.2299999999999915,11.549999999999986,0,0.11,0.75,1.0,0.9700000000000035,6.390000000000002,10.439999999999992,5.319999999999993,0,0.0,0.0,0.0,0.0,0
2022-03-06,0.0,29.94,17.96,0.29000000000000353,1.589999999999993,11.279999999999987,0,0.33,0.11,4.64,0.5500000000000036,5.500000000000003,10.549999999999992,9.689999999999992,0,0.0,0.0,0.0,0.0,0
2022-03-07,0.36,31.45,18.7,0.36000000000000354,1.1999999999999929,11.639999999999986,0,0.29,0.11,0.75,0.7300000000000035,0.9700000000000035,10.659999999999993,10.439999999999992,0,0.0,0.0,0.0,0.0,0
2022-03-08,0.88,28.14,18.51,1.2400000000000035,1.9699999999999929,12.519999999999985,0,0.0,0.33,0.11,0.6200000000000037,0.5500000000000036,10.829999999999993,10.549999999999992,0,0.0,0.0,0.0,0.0,0
2022-03-09,2.4,24.41,17.3,3.6400000000000032,4.259999999999993,14.919999999999986,0,0.0,0.29,0.11,0.29000000000000353,0.7300000000000035,7.2299999999999915,10.659999999999993,0,0.0,0.0,0.0,0.0,0
2022-03-10,0.11,28.5,15.28,3.3900000000000037,4.039999999999993,14.869999999999987,0,0.36,0.0,0.33,0.36000000000000354,0.6200000000000037,6.2299999999999915,10.829999999999993,0,0.0,0.0,0.0,0.0,0
2022-03-11,0.09,31.17,16.7,2.6000000000000036,3.839999999999993,11.069999999999986,0,0.88,0.0,0.29,1.2400000000000035,0.29000000000000353,1.589999999999993,7.2299999999999915,0,0.0,0.0,0.0,0.0,0
2022-03-12,6.19,19.99,8.15,6.390000000000004,10.029999999999994,16.259999999999984,1,2.4,0.36,0.0,3.6400000000000032,0.36000000000000354,1.1999999999999929,6.2299999999999915,0,0.0,0.0,0.0,0.0,0
2022-03-13,0.02,21.27,7.37,6.300000000000004,10.049999999999994,11.639999999999985,0,0.11,0.88,0.0,3.3900000000000037,1.2400000000000035,1.9699999999999929,1.589999999999993,0,0.0,0.0,0.0,0.0,0
2022-03-14,0.01,28.6,13.99,6.220000000000005,9.699999999999994,10.899999999999986,0,0.09,2.4,0.36,2.6000000000000036,3.6400000000000032,4.259999999999993,1.1999999999999929,0,0.0,0.0,0.0,0.0,0
2022-03-15,0.82,24.37,16.46,0.8500000000000044,9.639999999999993,11.609999999999985,0,6.19,0.11,0.88,6.390000000000004,3.3900000000000037,4.039999999999993,1.9699999999999929,0,0.0,0.0,1.0,0.0,0
2022-03-16,0.54,26.89,14.86,1.3700000000000045,7.779999999999993,12.039999999999987,0,0.02,0.09,2.4,6.300000000000004,2.6000000000000036,3.839999999999993,4.259999999999993,0,0.0,0.0,0.0,0.0,0
2022-03-17,0.88,31.29,19.06,2.2400000000000047,8.549999999999994,12.589999999999986,0,0.01,6.19,0.11,6.220000000000005,6.390000000000004,10.029999999999994,4.039999999999993,0,0.0,0.0,0.0,1.0,0
2022-03-18,0.49,30.63,19.47,1.9100000000000046,8.949999999999994,12.789999999999985,0,0.82,0.02,0.09,0.8500000000000044,6.300000000000004,10.049999999999994,3.839999999999993,0,0.0,0.0,0.0,0.0,0
2022-03-19,3.4,23.08,17.14,4.770000000000005,6.159999999999993,16.189999999999984,0,0.54,0.01,6.19,1.3700000000000045,6.220000000000005,9.699999999999994,10.029999999999994,0,0.0,0.0,0.0,0.0,0
2022-03-20,0.68,25.79,15.92,4.570000000000005,6.819999999999993,16.869999999999987,0,0.88,0.82,0.02,2.2400000000000047,0.8500000000000044,9.639999999999993,10.049999999999994,0,0.0,0.0,0.0,0.0,0
2022-03-21,0.01,31.87,18.86,4.090000000000004,6.819999999999993,16.519999999999985,0,0.49,0.54,0.01,1.9100000000000046,1.3700000000000045,7.779999999999993,9.699999999999994,0,0.0,0.0,0.0,0.0,0
2022-03-22,0.0,31.14,17.76,0.6900000000000045,5.999999999999994,15.639999999999986,0,3.4,0.88,0.82,4.770000000000005,2.2400000000000047,8.549999999999994,9.639999999999993,0,0.0,0.0,0.0,0.0,0
2022-03-23,1.7,23.87,14.94,1.7100000000000044,7.159999999999993,14.939999999999987,0,0.68,0.49,0.54,4.570000000000005,1.9100000000000046,8.949999999999994,7.779999999999993,0,0.0,0.0,0.0,0.0,0
2022-03-24,4.47,18.65,12.89,6.170000000000004,10.749999999999993,19.299999999999983,0,0.01,3.4,0.88,4.090000000000004,4.770000000000005,6.159999999999993,8.549999999999994,0,0.0,0.0,0.0,0.0,0
2022-03-25,0.0,25.0,12.74,6.170000000000004,10.259999999999991,19.209999999999987,0,0.0,0.68,0.49,0.6900000000000045,4.570000000000005,6.819999999999993,8.949999999999994,0,0.0,0.0,0.0,0.0,0
2022-03-26,0.0,25.12,13.06,4.470000000000004,6.859999999999992,13.019999999999985,0,1.7,0.01,3.4,1.7100000000000044,4.090000000000004,6.819999999999993,6.159999999999993,0,0.0,0.0,0.0,0.0,0
2022-03-27,0.01,26.73,13.39,0.010000000000004441,6.189999999999992,13.009999999999986,0,4.47,0.0,0.68,6.170000000000004,0.6900000000000045,5.999999999999994,6.819999999999993,0,0.0,0.0,0.0,0.0,0
2022-03-28,0.0,28.6,15.19,0.010000000000004441,6.179999999999992,12.999999999999986,0,0.0,1.7,0.01,6.170000000000004,1.7100000000000044,7.159999999999993,6.819999999999993,0,0.0,0.0,0.0,0.0,0
2022-03-29,0.0,32.57,17.2,0.010000000000004441,6.179999999999992,12.179999999999986,0,0.0,4.47,0.0,4.470000000000004,6.170000000000004,10.749999999999993,5.999999999999994,0,0.0,0.0,0.0,0.0,0
2022-03-30,0.0,35.66,21.18,0.0,4.479999999999992,11.639999999999985,0,0.01,0.0,1.7,0.010000000000004441,6.170000000000004,10.259999999999991,7.159999999999993,0,0.0,0.0,0.0,0.0,1
2022-03-31,0.04,30.25,18.92,0.04000000000000444,0.0499999999999929,10.799999999999986,0,0.0,0.0,4.47,0.010000000000004441,4.470000000000004,6.859999999999992,10.749999999999993,0,0.0,0.0,0.0,0.0,0
2022-04-01,0.11,30.14,18.91,0.15000000000000444,0.1599999999999929,10.419999999999986,0,0.0,0.01,0.0,0.010000000000004441,0.010000000000004441,6.189999999999992,10.259999999999991,0,0.0,0.0,0.0,0.0,0
2022-04-02,0.03,31.19,19.54,0.18000000000000443,0.1899999999999929,7.049999999999986,0,0.0,0.0,0.0,0.0,0.010000000000004441,6.179999999999992,6.859999999999992,0,0.0,0.0,0.0,0.0,0
2022-04-03,0.02,30.44,19.89,0.16000000000000444,0.19999999999999288,6.3899999999999855,0,0.04,0.0,0.01,0.04000000000000444,0.010000000000004441,6.179999999999992,6.189999999999992,0,0.0,0.0,0.0,0.0,0
2022-04-04,0.02,33.14,20.11,0.07000000000000445,0.2199999999999929,6.399999999999985,0,0.11,0.0,0.0,0.15000000000000444,0.0,4.479999999999992,6.179999999999992,0,0.0,0.0,0.0,0.0,0
2022-04-05,0.0,34.75,22.32,0.040000000000004456,0.2199999999999929,6.399999999999985,0,0.03,0.04,0.0,0.18000000000000443,0.04000000000000444,0.0499999999999929,6.179999999999992,0,0.0,0.0,0.0,0.0,0
2022-04-06,0.0,34.44,21.55,0.020000000000004455,0.2199999999999929,4.699999999999986,0,0.02,0.11,0.0,0.16000000000000444,0.15000000000000444,0.1599999999999929,4.479999999999992,0,0.0,0.0,0.0,0.0,0
2022-04-07,1.42,25.17,17.4,1.4200000000000044,1.5999999999999928,1.6499999999999857,0,0.02,0.03,0.04,0.07000000000000445,0.18000000000000443,0.1899999999999929,0.0499999999999929,0,0.0,0.0,0.0,0.0,0
2022-04-08,0.15,23.24,15.32,1.5700000000000043,1.6399999999999926,1.7999999999999856,0,0.0,0.02,0.11,0.040000000000004456,0.16000000000000444,0.19999999999999288,0.1599999999999929,0,0.0,0.0,0.0,0.0,0
2022-04-09,0.2,26.31,14.79,1.7700000000000045,1.809999999999993,1.9999999999999858,0,0.0,0.02,0.03,0.020000000000004455,0.07000000000000445,0.2199999999999929,0.1899999999999929,0,0.0,0.0,0.0,0.0,0
2022-04-10,0.22,31.49,18.36,0.5700000000000045,2.0099999999999927,2.2099999999999858,0,1.42,0.0,0.02,1.4200000000000044,0.040000000000004456,0.2199999999999929,0.19999999999999288,0,0.0,0.0,0.0,0.0,0
2022-04-11,0.89,34.88,22.93,1.3100000000000045,2.879999999999993,3.0999999999999854,0,0.15,0.0,0.02,1.5700000000000043,0.020000000000004455,0.2199999999999929,0.2199999999999929,0,0.0,0.0,0.0,0.0,0
2022-04-12,0.69,35.41,22.86,1.8000000000000043,3.5699999999999927,3.789999999999986,0,0.2,1.42,0.0,1.7700000000000045,1.4200000000000044,1.5999999999999928,0.2199999999999929,0,0.0,0.0,0.0,0.0,1
2022-04-13,0.21,36.49,24.52,1.7900000000000045,3.7799999999999927,3.999999999999986,0,0.22,0.15,0.0,0.5700000000000045,1.5700000000000043,1.6399999999999926,0.2199999999999929,0,0.0,0.0,0.0,0.0,1
2022-04-14,0.03,32.18,22.52,0.9300000000000043,2.3899999999999926,3.9899999999999856,0,0.89,0.2,1.42,1.3100000000000045,1.7700000000000045,1.809999999999993,1.5999999999999928,0,0.0,0.0,0.0,0.0,0
2022-04-15,0.07,33.09,21.24,0.3100000000000043,2.309999999999993,3.9499999999999855,0,0.69,0.22,0.15,1.8000000000000043,0.5700000000000045,2.0099999999999927,1.6399999999999926,0,0.0,0.0,0.0,0.0,0
2022-04-16,0.02,35.04,21.37,0.12000000000000434,2.129999999999993,3.9399999999999853,0,0.21,0.89,0.2,1.7900000000000045,1.3100000000000045,2.879999999999993,1.809999999999993,0,0.0,0.0,0.0,0.0,1
2022-04-17,0.0,35.32,21.21,0.09000000000000434,1.9099999999999928,3.9199999999999853,0,0.03,0.69,0.22,0.9300000000000043,1.8000000000000043,3.5699999999999927,2.0099999999999927,0,0.0,0.0,0.0,0.0,1
2022-04-18,0.76,32.75,20.69,0.7800000000000044,1.7799999999999927,4.659999999999985,0,0.07,0.21,0.89,0.3100000000000043,1.7900000000000045,3.7799999999999927,2.879999999999993,0,0.0,0.0,0.0,0.0,0
2022-04-19,1.1,29.53,20.68,1.8600000000000043,2.189999999999993,5.759999999999986,0,0.02,0.03,0.69,0.12000000000000434,0.9300000000000043,2.3899999999999926,3.5699999999999927,0,0.0,0.0,0.0,0.0,0
2022-04-20,0.03,33.77,20.14,1.8900000000000043,2.0099999999999927,5.789999999999986,0,0.0,0.07,0.21,0.09000000000000434,0.3100000000000043,2.309999999999993,3.7799999999999927,0,0.0,0.0,0.0,0.0,0
2022-04-21,3.05,31.56,22.3,4.180000000000004,5.029999999999992,7.419999999999986,0,0.76,0.02,0.03,0.7800000000000044,0.12000000000000434,2.129999999999993,2.3899999999999926,0,0.0,0.0,0.0,0.0,0
2022-04-22,0.89,29.7,20.1,3.970000000000004,5.849999999999992,8.159999999999986,0,1.1,0.0,0.07,1.8600000000000043,0.09000000000000434,1.9099999999999928,2.309999999999993,0,0.0,0.0,0.0,0.0,0
2022-04-23,0.3,30.87,19.27,4.240000000000005,6.129999999999993,8.259999999999986,0,0.03,0.76,0.02,1.8900000000000043,0.7800000000000044,1.7799999999999927,2.129999999999993,0,0.0,0.0,0.0,0.0,0
2022-04-24,0.07,32.92,20.08,1.2600000000000044,6.199999999999992,8.109999999999985,0,3.05,1.1,0.0,4.180000000000004,1.8600000000000043,2.189999999999993,1.9099999999999928,0,0.0,0.0,0.0,0.0,0
2022-04-25,1.28,32.18,20.81,1.6500000000000044,6.719999999999993,8.499999999999986,0,0.89,0.03,0.76,3.970000000000004,1.8900000000000043,2.0099999999999927,1.7799999999999927,0,0.0,0.0,0.0,0.0,0
2022-04-26,10.28,25.66,20.31,11.630000000000004,15.899999999999991,18.089999999999986,1,0.3,3.05,1.1,4.240000000000005,4.180000000000004,5.029999999999992,2.189999999999993,0,0.0,0.0,0.0,0.0,0
2022-04-27,5.58,26.31,18.62,17.140000000000004,21.449999999999992,23.459999999999987,2,0.07,0.89,0.03,1.2600000000000044,3.970000000000004,5.849999999999992,2.0099999999999927,0,0.0,0.0,0.0,0.0,0
2022-04-28,0.84,29.07,18.65,16.700000000000006,19.23999999999999,24.269999999999985,0,1.28,0.3,3.05,1.6500000000000044,4.240000000000005,6.129999999999993,5.029999999999992,0,0.0,0.0,0.0,0.0,0
2022-04-29,0.24,32.47,19.69,6.6600000000000055,18.58999999999999,24.439999999999987,0,10.28,0.07,0.89,11.630000000000004,1.2600000000000044,6.199999999999992,5.849999999999992,0,0.0,0.0,1.0,0.0,0
2022-04-30,0.94,33.24,21.34,2.0200000000000053,19.22999999999999,25.359999999999985,0,5.58,1.28,0.3,17.140000000000004,1.6500000000000044,6.719999999999993,6.129999999999993,0,0.0,0.0,2.0,0.0,0
2022-05-01,1.17,32.04,22.13,2.3500000000000054,20.329999999999995,26.529999999999983,0,0.84,10.28,0.07,16.700000000000006,11.630000000000004,15.899999999999991,6.199999999999992,0,0.0,0.0,0.0,1.0,0
2022-05-02,0.19,33.56,21.9,2.300000000000005,19.23999999999999,25.959999999999987,0,0.24,5.58,1.28,6.6600000000000055,17.140000000000004,21.449999999999992,6.719999999999993,0,0.0,0.0,0.0,2.0,0
2022-05-03,0.12,34.33,22.41,1.4800000000000053,9.079999999999993,24.979999999999983,0,0.94,0.84,10.28,2.0200000000000053,16.700000000000006,19.23999999999999,15.899999999999991,0,0.0,0.0,0.0,0.0,0
2022-05-04,0.06,34.5,21.69,0.3700000000000053,3.559999999999993,25.009999999999987,0,1.17,0.24,5.58,2.3500000000000054,6.6600000000000055,18.58999999999999,21.449999999999992,0,0.0,0.0,0.0,0.0,0
2022-05-05,0.04,36.03,21.46,0.22000000000000533,2.759999999999993,21.999999999999986,0,0.19,0.94,0.84,2.300000000000005,2.0200000000000053,19.22999999999999,19.23999999999999,0,0.0,0.0,0.0,0.0,1
2022-05-06,0.03,34.64,23.38,0.13000000000000533,2.5499999999999927,21.139999999999986,0,0.12,1.17,0.24,1.4800000000000053,2.3500000000000054,20.329999999999995,18.58999999999999,0,0.0,0.0,0.0,0.0,0
2022-05-07,0.06,34.98,23.01,0.13000000000000533,1.6699999999999928,20.899999999999984,0,0.06,0.19,0.94,0.3700000000000053,2.300000000000005,19.23999999999999,19.22999999999999,0,0.0,0.0,0.0,0.0,0
2022-05-08,0.01,37.88,23.6,0.10000000000000532,0.5099999999999929,20.839999999999986,0,0.04,0.12,1.17,0.22000000000000533,1.4800000000000053,9.079999999999993,20.329999999999995,0,0.0,0.0,0.0,0.0,1
2022-05-09,0.01,37.5,24.43,0.08000000000000533,0.3299999999999929,19.569999999999986,0,0.03,0.06,0.19,0.13000000000000533,0.3700000000000053,3.559999999999993,19.23999999999999,0,0.0,0.0,0.0,0.0,1
2022-05-10,1.3,34.35,24.32,1.3200000000000054,1.509999999999993,10.589999999999986,0,0.06,0.04,0.12,0.13000000000000533,0.22000000000000533,2.759999999999993,9.079999999999993,0,0.0,0.0,0.0,0.0,0
2022-05-11,5.11,29.21,22.16,6.420000000000005,6.559999999999993,10.119999999999987,1,0.01,0.03,0.06,0.10000000000000532,0.13000000000000533,2.5499999999999927,3.559999999999993,0,0.0,0.0,0.0,0.0,0
2022-05-12,0.17,30.06,19.87,6.580000000000006,6.689999999999993,9.449999999999987,0,0.01,0.06,0.04,0.08000000000000533,0.13000000000000533,1.6699999999999928,2.759999999999993,0,0.0,0.0,0.0,0.0,0
2022-05-13,0.03,31.85,19.4,5.310000000000007,6.689999999999993,9.239999999999986,0,1.3,0.01,0.03,1.3200000000000054,0.10000000000000532,0.5099999999999929,2.5499999999999927,0,0.0,0.0,0.0,0.0,0
2022-05-14,0.03,32.5,20.3,0.23000000000000534,6.659999999999994,8.329999999999986,0,5.11,0.01,0.06,6.420000000000005,0.08000000000000533,0.3299999999999929,1.6699999999999928,0,0.0,0.0,1.0,0.0,0
2022-05-15,0.03,32.03,21.72,0.09,6.6799999999999935,7.189999999999986,0,0.17,1.3,0.01,6.580000000000006,1.3200000000000054,1.509999999999993,0.5099999999999929,0,0.0,0.0,0.0,0.0,0
2022-05-16,0.0,32.99,20.59,0.06000000000000533,6.669999999999993,6.999999999999986,0,0.03,5.11,0.01,5.310000000000007,6.420000000000005,6.559999999999993,0.3299999999999929,0,0.0,0.0,0.0,1.0,0
2022-05-17,0.0,34.13,19.78,0.030000000000005328,5.369999999999993,6.879999999999986,0,0.03,0.17,1.3,0.23000000000000534,6.580000000000006,6.689999999999993,1.509999999999993,0,0.0,0.0,0.0,0.0,0
2022-05-18,0.0,33.14,20.29,0.0,0.2599999999999929,6.819999999999986,0,0.03,0.03,5.11,0.09,5.310000000000007,6.689999999999993,6.559999999999993,0,0.0,0.0,0.0,0.0,0
2022-05-19,0.0,34.06,21.54,0.0,0.08999999999999289,6.779999999999986,0,0.0,0.03,0.17,0.06000000000000533,0.23000000000000534,6.659999999999994,6.689999999999993,0,0.0,0.0,0.0,0.0,0
2022-05-20,0.0,37.38,22.72,0.0,0.05999999999999289,6.749999999999986,0,0.0,0.03,0.03,0.030000000000005328,0.09,6.6799999999999935,6.689999999999993,0,0.0,0.0,0.0,0.0,1
2022-05-21,0.04,37.16,24.28,0.04000000000000533,0.0699999999999929,6.729999999999986,0,0.0,0.0,0.03,0.0,0.06000000000000533,6.669999999999993,6.659999999999994,0,0.0,0.0,0.0,0.0,1
2022-05-22,5.31,34.19,23.74,5.350000000000005,5.3499999999999925,12.029999999999985,1,0.0,0.0,0.03,0.0,0.030000000000005328,5.369999999999993,6.6799999999999935,0,0.0,0.0,0.0,0.0,0
2022-05-23,4.59,31.97,22.27,9.940000000000005,9.939999999999992,16.609999999999985,0,0.0,0.0,0.0,0.0,0.0,0.2599999999999929,6.669999999999993,0,0.0,0.0,0.0,0.0,0
2022-05-24,0.59,31.99,21.62,10.490000000000006,10.529999999999992,15.899999999999984,0,0.04,0.0,0.0,0.04000000000000533,0.0,0.08999999999999289,5.369999999999993,0,0.0,0.0,0.0,0.0,0
2022-05-25,0.48,34.58,22.97,5.6600000000000055,11.009999999999993,11.269999999999985,0,5.31,0.0,0.0,5.350000000000005,0.0,0.05999999999999289,0.2599999999999929,0,0.0,0.0,1.0,0.0,0
2022-05-26,0.94,31.52,22.29,2.010000000000005,11.949999999999992,12.039999999999985,0,4.59,0.04,0.0,9.940000000000005,0.04000000000000533,0.0699999999999929,0.08999999999999289,0,0.0,0.0,0.0,0.0,0
2022-05-27,1.04,30.83,23.22,2.4600000000000053,12.989999999999991,13.049999999999986,0,0.59,5.31,0.0,10.490000000000006,5.350000000000005,5.3499999999999925,0.05999999999999289,0,0.0,0.0,0.0,1.0,0
2022-05-28,2.76,31.21,21.9,4.7400000000000055,15.709999999999994,15.779999999999983,0,0.48,4.59,0.04,5.6600000000000055,9.940000000000005,9.939999999999992,0.0699999999999929,0,0.0,0.0,0.0,0.0,0
2022-05-29,0.44,32.45,20.98,4.2400000000000055,10.839999999999993,16.189999999999984,0,0.94,0.59,5.31,2.010000000000005,10.490000000000006,10.529999999999992,5.3499999999999925,0,0.0,0.0,0.0,0.0,0
2022-05-30,0.27,32.64,22.93,3.470000000000005,6.5199999999999925,16.459999999999987,0,1.04,0.48,4.59,2.4600000000000053,5.6600000000000055,11.009999999999993,9.939999999999992,0,0.0,0.0,0.0,0.0,0
2022-05-31,2.51,31.97,22.78,3.220000000000005,8.439999999999992,18.969999999999985,0,2.76,0.94,0.59,4.7400000000000055,2.010000000000005,11.949999999999992,10.529999999999992,0,0.0,0.0,0.0,0.0,0
2022-06-01,5.18,30.2,21.27,7.960000000000004,13.139999999999992,24.149999999999984,1,0.44,1.04,0.48,4.2400000000000055,2.4600000000000053,12.989999999999991,11.009999999999993,0,0.0,0.0,0.0,0.0,0
2022-06-02,9.52,28.72,21.08,17.210000000000004,21.71999999999999,33.66999999999999,2,0.27,2.76,0.94,3.470000000000005,4.7400000000000055,15.709999999999994,11.949999999999992,0,0.0,0.0,0.0,0.0,0
2022-06-03,0.26,29.98,19.75,14.960000000000004,20.939999999999994,33.929999999999986,0,2.51,0.44,1.04,3.220000000000005,4.2400000000000055,10.839999999999993,12.989999999999991,0,0.0,0.0,0.0,0.0,0
2022-06-04,0.23,31.53,19.0,10.010000000000005,18.40999999999999,34.11999999999998,0,5.18,0.27,2.76,7.960000000000004,3.470000000000005,6.5199999999999925,15.709999999999994,0,0.0,0.0,1.0,0.0,0
2022-06-05,0.07,33.69,20.83,0.5600000000000054,18.039999999999992,28.87999999999998,0,9.52,2.51,0.44,17.210000000000004,3.220000000000005,8.439999999999992,10.839999999999993,0,0.0,0.0,2.0,0.0,0
2022-06-06,0.04,34.33,21.98,0.34000000000000535,17.80999999999999,24.329999999999988,0,0.26,5.18,0.27,14.960000000000004,7.960000000000004,13.139999999999992,6.5199999999999925,0,0.0,0.0,0.0,1.0,0
2022-06-07,0.22,33.69,22.03,0.33000000000000534,15.519999999999992,23.959999999999983,0,0.23,9.52,2.51,10.010000000000005,17.210000000000004,21.71999999999999,8.439999999999992,0,0.0,0.0,0.0,2.0,0
2022-06-08,3.22,32.06,21.95,3.4800000000000058,13.559999999999992,26.699999999999985,0,0.07,0.26,5.18,0.5600000000000054,14.960000000000004,20.939999999999994,13.139999999999992,0,0.0,0.0,0.0,0.0,0
2022-06-09,3.69,31.79,23.08,7.130000000000005,7.729999999999993,29.449999999999985,0,0.04,0.23,9.52,0.34000000000000535,10.010000000000005,18.40999999999999,21.71999999999999,0,0.0,0.0,0.0,0.0,0
2022-06-10,4.72,29.84,22.9,11.630000000000006,12.189999999999992,33.12999999999998,0,0.22,0.07,0.26,0.33000000000000534,0.5600000000000054,18.039999999999992,20.939999999999994,0,0.0,0.0,0.0,0.0,0
2022-06-11,0.42,31.95,21.91,8.830000000000005,12.379999999999992,30.789999999999985,0,3.22,0.04,0.23,3.4800000000000058,0.34000000000000535,17.80999999999999,18.40999999999999,0,0.0,0.0,0.0,0.0,0
2022-06-12,1.04,31.69,21.69,6.180000000000005,13.34999999999999,31.389999999999986,0,3.69,0.22,0.07,7.130000000000005,0.33000000000000534,15.519999999999992,18.039999999999992,0,0.0,0.0,0.0,0.0,0
2022-06-13,1.79,28.89,22.22,3.2500000000000044,15.099999999999993,32.90999999999998,0,4.72,3.22,0.04,11.630000000000006,3.4800000000000058,13.559999999999992,17.80999999999999,0,0.0,0.0,0.0,0.0,0
2022-06-14,24.63,27.79,21.55,27.460000000000004,39.50999999999999,55.02999999999999,1,0.42,3.69,0.22,8.830000000000005,7.130000000000005,7.729999999999993,15.519999999999992,1,0.0,0.0,0.0,0.0,0
2022-06-15,33.5,27.29,22.1,59.92,69.78999999999999,83.35,2,1.04,4.72,3.22,6.180000000000005,11.630000000000006,12.189999999999992,13.559999999999992,1,0.0,0.0,0.0,0.0,0
2022-06-16,11.29,27.22,21.28,69.42,77.38999999999999,85.11999999999999,3,1.79,0.42,3.69,3.2500000000000044,8.830000000000005,12.379999999999992,7.729999999999993,0,0.0,0.0,0.0,0.0,0
2022-06-17,6.35,27.91,21.06,51.14,79.02,91.20999999999998,4,24.63,1.04,4.72,27.460000000000004,6.180000000000005,13.34999999999999,12.189999999999992,0,0.0,0.0,1.0,0.0,0
2022-06-18,5.24,28.38,19.35,22.88,83.83999999999999,96.21999999999998,5,33.5,1.79,0.42,59.92,3.2500000000000044,15.099999999999993,12.379999999999992,0,0.0,0.0,2.0,0.0,0
2022-06-19,6.24,26.79,20.8,17.83,89.03999999999999,102.38999999999999,6,11.29,24.63,1.04,69.42,27.460000000000004,39.50999999999999,13.34999999999999,0,1.0,0.0,3.0,1.0,0
2022-06-20,12.84,27.22,20.98,24.32,100.08999999999999,115.18999999999998,7,6.35,33.5,1.79,51.14,59.92,69.78999999999999,15.099999999999993,0,1.0,0.0,4.0,2.0,0
2022-06-21,65.89,25.02,23.06,84.97,141.34999999999997,180.85999999999999,8,5.24,11.29,24.63,22.88,69.42,77.38999999999999,39.50999999999999,1,0.0,1.0,5.0,3.0,0
2022-06-22,24.74,25.17,21.17,103.47,132.58999999999997,202.38,9,6.24,6.35,33.5,17.83,51.14,79.02,69.78999999999999,1,0.0,1.0,6.0,4.0,0
2022-06-23,1.37,26.81,20.42,92.0,122.66999999999999,200.05999999999997,0,12.84,5.24,11.29,24.32,22.88,83.83999999999999,77.38999999999999,0,0.0,0.0,7.0,5.0,0
2022-06-24,2.87,27.0,20.41,28.979999999999997,119.19,198.20999999999998,0,65.89,6.24,6.35,84.97,17.83,89.03999999999999,79.02,0,0.0,0.0,8.0,6.0,0
2022-06-25,3.49,28.23,20.01,7.73,117.43999999999998,201.28,0,24.74,12.84,5.24,103.47,24.32,100.08999999999999,83.83999999999999,0,0.0,0.0,9.0,7.0,0
2022-06-26,4.84,27.75,20.92,11.2,116.03999999999999,205.07999999999998,0,1.37,65.89,6.24,92.0,84.97,141.34999999999997,89.03999999999999,0,1.0,0.0,0.0,8.0,0
2022-06-27,7.43,28.11,20.9,15.759999999999998,110.62999999999998,210.72,1,2.87,24.74,12.84,28.979999999999997,103.47,132.58999999999997,100.08999999999999,0,1.0,0.0,0.0,9.0,0
2022-06-28,5.25,27.34,21.47,17.52,49.98999999999998,191.34,2,3.49,1.37,65.89,7.73,92.0,122.66999999999999,141.34999999999997,0,0.0,1.0,0.0,0.0,0
2022-06-29,3.19,27.76,20.62,15.870000000000001,28.439999999999987,161.03,0,4.84,2.87,24.74,11.2,28.979999999999997,119.19,132.58999999999997,0,0.0,1.0,0.0,0.0,0
2022-06-30,0.74,28.54,20.26,9.180000000000001,27.809999999999985,150.48,0,7.43,3.49,1.37,15.759999999999998,7.73,117.43999999999998,122.66999999999999,0,0.0,0.0,1.0,0.0,0
2022-07-01,0.58,29.14,20.52,4.51,25.519999999999985,144.71,0,5.25,4.84,2.87,17.52,11.2,116.03999999999999,119.19,0,0.0,0.0,2.0,0.0,0
2022-07-02,0.71,29.65,21.85,2.03,22.739999999999984,140.18,0,3.19,7.43,3.49,15.870000000000001,15.759999999999998,110.62999999999998,117.43999999999998,0,0.0,0.0,0.0,1.0,0
2022-07-03,13.9,29.01,21.45,15.19,31.799999999999986,147.83999999999997,1,0.74,5.25,4.84,9.180000000000001,17.52,49.98999999999998,116.03999999999999,0,0.0,0.0,0.0,2.0,0
2022-07-04,13.16,27.51,22.03,27.77,37.52999999999999,148.16,2,0.58,3.19,7.43,4.51,15.870000000000001,28.439999999999987,110.62999999999998,0,0.0,0.0,0.0,0.0,0
2022-07-05,0.38,26.86,20.83,27.439999999999998,32.65999999999999,82.65,0,0.71,0.74,5.25,2.03,9.180000000000001,27.809999999999985,49.98999999999998,0,0.0,0.0,0.0,0.0,0
2022-07-06,2.21,27.08,21.43,15.75,31.679999999999986,60.120000000000005,0,13.9,0.58,3.19,15.19,4.51,25.519999999999985,28.439999999999987,0,0.0,0.0,1.0,0.0,0
2022-07-07,3.78,28.36,21.75,6.369999999999999,34.719999999999985,62.53,0,13.16,0.71,0.74,27.77,2.03,22.739999999999984,27.809999999999985,0,0.0,0.0,2.0,0.0,0
2022-07-08,4.03,28.23,21.55,10.02,38.16999999999999,63.690000000000005,0,0.38,13.9,0.58,27.439999999999998,15.19,31.799999999999986,25.519999999999985,0,0.0,0.0,0.0,1.0,0
2022-07-09,3.51,27.46,22.4,11.32,40.969999999999985,63.71,0,2.21,13.16,0.71,15.75,27.77,37.52999999999999,22.739999999999984,0,0.0,0.0,0.0,2.0,0
2022-07-10,1.75,27.72,22.26,9.290000000000001,28.819999999999986,60.620000000000005,0,3.78,0.38,13.9,6.369999999999999,27.439999999999998,32.65999999999999,31.799999999999986,0,0.0,0.0,0.0,0.0,0
2022-07-11,0.78,30.29,21.46,6.04,16.439999999999987,53.97,0,4.03,2.21,13.16,10.02,15.75,31.679999999999986,37.52999999999999,0,0.0,0.0,0.0,0.0,0
2022-07-12,1.01,29.07,22.69,3.54,17.069999999999986,49.73,0,3.51,3.78,0.38,11.32,6.369999999999999,34.719999999999985,32.65999999999999,0,0.0,0.0,0.0,0.0,0
2022-07-13,6.87,28.35,22.14,8.66,21.729999999999986,53.41,1,1.75,4.03,2.21,9.290000000000001,10.02,38.16999999999999,31.679999999999986,0,0.0,0.0,0.0,0.0,0
2022-07-14,17.96,25.97,21.26,25.84,35.90999999999998,70.63,2,0.78,3.51,3.78,6.04,11.32,40.969999999999985,34.719999999999985,0,0.0,0.0,0.0,0.0,0
2022-07-15,9.36,25.41,21.31,34.19,41.23999999999998,79.41,3,1.01,1.75,4.03,3.54,9.290000000000001,28.819999999999986,38.16999999999999,0,0.0,0.0,0.0,0.0,0
2022-07-16,7.08,27.71,20.99,34.4,44.80999999999999,85.78,4,6.87,0.78,3.51,8.66,6.04,16.439999999999987,40.969999999999985,0,0.0,0.0,1.0,0.0,0
2022-07-17,1.62,26.98,21.62,18.06,44.679999999999986,73.5,0,17.96,1.01,1.75,25.84,3.54,17.069999999999986,28.819999999999986,0,0.0,0.0,2.0,0.0,0
2022-07-18,0.63,27.18,21.19,9.33,44.52999999999999,60.970000000000006,0,9.36,6.87,0.78,34.19,8.66,21.729999999999986,16.439999999999987,0,0.0,0.0,3.0,1.0,0
2022-07-19,0.14,28.51,21.03,2.39,43.65999999999999,60.730000000000004,0,7.08,17.96,1.01,34.4,25.84,35.90999999999998,17.069999999999986,0,0.0,0.0,4.0,2.0,0
2022-07-20,0.01,28.81,22.54,0.78,36.79999999999999,58.53,0,1.62,9.36,6.87,18.06,34.19,41.23999999999998,21.729999999999986,0,0.0,0.0,0.0,3.0,0
2022-07-21,0.01,29.94,21.26,0.16,18.849999999999984,54.76,0,0.63,7.08,17.96,9.33,34.4,44.80999999999999,35.90999999999998,0,0.0,0.0,0.0,4.0,0
2022-07-22,1.64,28.76,21.82,1.66,11.129999999999987,52.37,0,0.14,1.62,9.36,2.39,18.06,44.679999999999986,41.23999999999998,0,0.0,0.0,0.0,0.0,0
2022-07-23,4.03,28.57,21.87,5.68,8.079999999999986,52.89,0,0.01,0.63,7.08,0.78,9.33,44.52999999999999,44.80999999999999,0,0.0,0.0,0.0,0.0,0
2022-07-24,4.59,27.34,20.36,10.260000000000002,11.049999999999986,55.730000000000004,0,0.01,0.14,1.62,0.16,2.39,43.65999999999999,44.679999999999986,0,0.0,0.0,0.0,0.0,0
2022-07-25,7.75,27.23,20.65,16.37,18.169999999999984,62.7,1,1.64,0.01,0.63,1.66,0.78,36.79999999999999,44.52999999999999,0,0.0,0.0,0.0,0.0,0
2022-07-26,2.91,27.6,21.49,15.25,20.939999999999984,64.6,0,4.03,0.01,0.14,5.68,0.16,18.849999999999984,43.65999999999999,0,0.0,0.0,0.0,0.0,0
2022-07-27,4.72,27.42,21.77,15.38,25.649999999999984,62.449999999999996,0,4.59,1.64,0.01,10.260000000000002,1.66,11.129999999999987,36.79999999999999,0,0.0,0.0,0.0,0.0,0
2022-07-28,2.08,27.69,20.56,9.71,27.719999999999985,46.56999999999999,0,7.75,4.03,0.01,16.37,5.68,8.079999999999986,18.849999999999984,0,0.0,0.0,1.0,0.0,0
2022-07-29,1.12,28.3,20.36,7.920000000000001,27.199999999999985,38.33,0,2.91,4.59,1.64,15.25,10.260000000000002,11.049999999999986,11.129999999999987,0,0.0,0.0,0.0,0.0,0
2022-07-30,3.18,25.99,20.53,6.380000000000001,26.349999999999987,34.43,0,4.72,7.75,4.03,15.38,16.37,18.169999999999984,8.079999999999986,0,0.0,0.0,0.0,1.0,0
2022-07-31,7.75,27.86,19.74,12.05,29.509999999999987,40.56,1,2.08,2.91,4.59,9.71,15.25,20.939999999999984,11.049999999999986,0,0.0,0.0,0.0,0.0,0
2022-08-01,4.33,27.33,21.14,15.26,26.08999999999999,44.26,0,1.12,4.72,7.75,7.920000000000001,15.38,25.649999999999984,18.169999999999984,0,0.0,0.0,0.0,0.0,0
2022-08-02,2.18,27.52,21.23,14.26,25.35999999999999,46.3,0,3.18,2.08,2.91,6.380000000000001,9.71,27.719999999999985,20.939999999999984,0,0.0,0.0,0.0,0.0,0
2022-08-03,0.21,29.04,20.94,6.720000000000001,20.849999999999984,46.5,0,7.75,1.12,4.72,12.05,7.920000000000001,27.199999999999985,25.649999999999984,0,0.0,0.0,1.0,0.0,0
2022-08-04,0.51,28.94,20.78,2.9000000000000004,19.279999999999987,47.0,0,4.33,3.18,2.08,15.26,6.380000000000001,26.349999999999987,27.719999999999985,0,0.0,0.0,0.0,0.0,0
2022-08-05,1.44,27.16,21.4,2.16,19.599999999999987,46.800000000000004,0,2.18,7.75,1.12,14.26,12.05,29.509999999999987,27.199999999999985,0,0.0,0.0,0.0,1.0,0
2022-08-06,2.5,28.99,21.57,4.45,18.919999999999987,45.269999999999996,0,0.21,4.33,3.18,6.720000000000001,15.26,26.08999999999999,26.349999999999987,0,0.0,0.0,0.0,0.0,0
2022-08-07,7.88,27.95,21.1,11.82,19.049999999999986,48.559999999999995,1,0.51,2.18,7.75,2.9000000000000004,14.26,25.35999999999999,29.509999999999987,0,0.0,0.0,0.0,0.0,0
2022-08-08,8.5,27.49,20.88,18.880000000000003,23.219999999999985,49.31,2,1.44,0.21,4.33,2.16,6.720000000000001,20.849999999999984,26.08999999999999,0,0.0,0.0,0.0,0.0,0
2022-08-09,7.76,28.34,20.99,24.14,28.799999999999986,54.16,3,2.5,0.51,2.18,4.45,2.9000000000000004,19.279999999999987,25.35999999999999,0,0.0,0.0,0.0,0.0,0
2022-08-10,3.22,28.98,20.99,19.479999999999997,31.809999999999985,52.66,0,7.88,1.44,0.21,11.82,2.16,19.599999999999987,20.849999999999984,0,0.0,0.0,1.0,0.0,0
2022-08-11,11.83,29.01,20.22,22.810000000000002,43.12999999999999,62.410000000000004,1,8.5,2.5,0.51,18.880000000000003,4.45,18.919999999999987,19.279999999999987,0,0.0,0.0,2.0,0.0,0
2022-08-12,3.93,28.99,21.1,18.98,45.61999999999998,65.22,0,7.76,7.88,1.44,24.14,11.82,19.049999999999986,19.599999999999987,0,0.0,0.0,3.0,1.0,0
2022-08-13,6.73,28.58,22.32,22.490000000000002,49.849999999999994,68.77,1,3.22,8.5,2.5,19.479999999999997,18.880000000000003,23.219999999999985,18.919999999999987,0,0.0,0.0,0.0,2.0,0
2022-08-14,3.76,26.68,22.48,14.42,45.72999999999999,64.78,0,11.83,7.76,7.88,22.810000000000002,24.14,28.799999999999986,19.049999999999986,0,0.0,0.0,1.0,3.0,0
2022-08-15,3.28,27.87,22.79,13.77,40.50999999999999,63.73,0,3.93,3.22,8.5,18.98,19.479999999999997,31.809999999999985,23.219999999999985,0,0.0,0.0,0.0,0.0,0
2022-08-16,7.49,27.33,22.74,14.53,40.23999999999999,69.03999999999999,1,6.73,11.83,7.76,22.490000000000002,22.810000000000002,43.12999999999999,28.799999999999986,0,0.0,0.0,1.0,1.0,0
2022-08-17,3.75,28.29,21.69,14.52,40.76999999999999,72.58000000000001,0,3.76,3.93,3.22,14.42,18.98,45.61999999999998,31.809999999999985,0,0.0,0.0,0.0,0.0,0
2022-08-18,2.17,28.99,21.84,13.41,31.109999999999985,74.24,0,3.28,6.73,11.83,13.77,22.490000000000002,49.849999999999994,43.12999999999999,0,0.0,0.0,0.0,1.0,0
2022-08-19,8.86,28.06,21.27,14.78,36.039999999999985,81.66,1,7.49,3.76,3.93,14.53,14.42,45.72999999999999,45.61999999999998,0,0.0,0.0,1.0,0.0,0
2022-08-20,7.99,27.68,22.21,19.02,37.29999999999999,87.15,2,3.75,3.28,6.73,14.52,13.77,40.50999999999999,49.849999999999994,0,0.0,0.0,0.0,0.0,0
2022-08-21,2.32,28.13,22.23,19.17,35.85999999999999,81.58999999999999,0,2.17,7.49,3.76,13.41,14.53,40.23999999999999,45.72999999999999,0,0.0,0.0,0.0,1.0,0
2022-08-22,2.25,28.81,21.43,12.56,34.82999999999999,75.34,0,8.86,3.75,3.28,14.78,14.52,40.76999999999999,40.50999999999999,0,0.0,0.0,1.0,0.0,0
2022-08-23,1.39,29.41,21.29,5.96,28.729999999999986,68.97,0,7.99,2.17,7.49,19.02,13.41,31.109999999999985,40.23999999999999,0,0.0,0.0,2.0,0.0,0
2022-08-24,4.07,27.43,22.82,7.710000000000001,29.049999999999986,69.82000000000001,0,2.32,8.86,3.75,19.17,14.78,36.039999999999985,40.76999999999999,0,0.0,0.0,0.0,1.0,0
2022-08-25,2.44,26.88,22.5,7.9,29.31999999999999,60.43,0,2.25,7.99,2.17,12.56,19.02,37.29999999999999,31.109999999999985,0,0.0,0.0,0.0,2.0,0
2022-08-26,5.84,28.2,22.1,12.350000000000001,26.299999999999986,62.339999999999996,1,1.39,2.32,8.86,5.96,19.17,35.85999999999999,36.039999999999985,0,0.0,0.0,0.0,0.0,0
2022-08-27,4.37,28.62,21.73,12.65,22.67999999999999,59.980000000000004,0,4.07,2.25,7.99,7.710000000000001,12.56,34.82999999999999,37.29999999999999,0,0.0,0.0,0.0,0.0,0
2022-08-28,5.51,27.44,23.1,15.72,25.869999999999987,61.73,1,2.44,1.39,2.32,7.9,5.96,28.729999999999986,35.85999999999999,0,0.0,0.0,0.0,0.0,0
2022-08-29,3.83,29.54,22.19,13.71,27.44999999999999,62.28,0,5.84,4.07,2.25,12.350000000000001,7.710000000000001,29.049999999999986,34.82999999999999,0,0.0,0.0,1.0,0.0,0
2022-08-30,3.81,28.68,22.48,13.15,29.869999999999987,58.6,0,4.37,2.44,1.39,12.65,7.9,29.31999999999999,28.729999999999986,0,0.0,0.0,0.0,0.0,0
2022-08-31,7.19,28.23,22.6,14.830000000000002,32.98999999999999,62.04,1,5.51,5.84,4.07,15.72,12.350000000000001,26.299999999999986,29.049999999999986,0,0.0,0.0,1.0,1.0,0
2022-09-01,5.97,26.63,21.92,16.97,36.51999999999999,65.84,2,3.83,4.37,2.44,13.71,12.65,22.67999999999999,29.31999999999999,0,0.0,0.0,0.0,0.0,0
2022-09-02,17.57,26.8,22.63,30.729999999999997,48.249999999999986,74.55,3,3.81,5.51,5.84,13.15,15.72,25.869999999999987,26.299999999999986,0,0.0,0.0,0.0,1.0,0
2022-09-03,40.41,26.64,22.32,63.949999999999996,84.28999999999999,106.97,4,7.19,3.83,4.37,14.830000000000002,13.71,27.44999999999999,22.67999999999999,1,0.0,0.0,1.0,0.0,0
2022-09-04,19.9,27.02,21.86,77.88,98.67999999999998,124.54999999999998,5,5.97,3.81,5.51,16.97,13.15,29.869999999999987,25.869999999999987,0,0.0,0.0,2.0,0.0,0
2022-09-05,7.92,27.47,21.11,68.22999999999999,102.76999999999998,130.22,6,17.57,7.19,3.83,30.729999999999997,14.830000000000002,32.98999999999999,27.44999999999999,0,0.0,0.0,3.0,1.0,0
2022-09-06,28.09,26.17,22.31,55.90999999999999,127.04999999999998,156.92000000000002,7,40.41,5.97,3.81,63.949999999999996,16.97,36.51999999999999,29.869999999999987,1,0.0,0.0,4.0,2.0,0
2022-09-07,19.88,26.81,22.15,55.889999999999986,139.73999999999998,172.73,8,19.9,17.57,7.19,77.88,30.729999999999997,48.249999999999986,32.98999999999999,0,0.0,0.0,5.0,3.0,0
2022-09-08,8.56,26.05,20.83,56.52999999999999,142.32999999999998,178.85,9,7.92,40.41,5.97,68.22999999999999,63.949999999999996,84.28999999999999,36.51999999999999,0,1.0,0.0,6.0,4.0,0
2022-09-09,1.82,27.72,20.41,30.25999999999999,126.57999999999998,174.82999999999998,0,28.09,19.9,17.57,55.90999999999999,77.88,98.67999999999998,48.249999999999986,0,0.0,0.0,7.0,5.0,0
2022-09-10,4.9,27.93,21.35,15.279999999999994,91.07,175.36,0,19.88,7.92,40.41,55.889999999999986,68.22999999999999,102.76999999999998,84.28999999999999,0,0.0,1.0,8.0,6.0,0
2022-09-11,4.02,27.37,21.24,10.739999999999993,75.18999999999998,173.86999999999998,0,8.56,28.09,19.9,56.52999999999999,55.90999999999999,127.04999999999998,98.67999999999998,0,1.0,0.0,9.0,7.0,0
2022-09-12,7.97,26.48,20.84,16.889999999999993,75.23999999999998,178.01,1,1.82,19.88,7.92,30.25999999999999,55.889999999999986,139.73999999999998,102.76999999999998,0,0.0,0.0,0.0,8.0,0
2022-09-13,6.82,26.63,20.83,18.80999999999999,53.969999999999985,181.02,2,4.9,8.56,28.09,15.279999999999994,56.52999999999999,142.32999999999998,127.04999999999998,0,0.0,1.0,0.0,9.0,0
2022-09-14,2.97,26.64,20.81,17.759999999999994,37.05999999999999,176.8,0,4.02,1.82,19.88,10.739999999999993,30.25999999999999,126.57999999999998,139.73999999999998,0,0.0,0.0,0.0,0.0,0
2022-09-15,17.49,25.62,21.27,27.279999999999994,45.98999999999999,188.32,1,7.97,4.9,8.56,16.889999999999993,15.279999999999994,91.07,142.32999999999998,0,0.0,0.0,1.0,0.0,0
2022-09-16,17.67,24.63,21.22,38.129999999999995,61.83999999999999,188.42,2,6.82,4.02,1.82,18.80999999999999,10.739999999999993,75.18999999999998,126.57999999999998,0,0.0,0.0,2.0,0.0,0
2022-09-17,11.58,25.81,21.12,46.739999999999995,68.51999999999998,159.58999999999997,3,2.97,7.97,4.9,17.759999999999994,16.889999999999993,75.23999999999998,91.07,0,0.0,0.0,0.0,1.0,0
2022-09-18,12.11,26.0,21.96,41.35999999999999,76.60999999999999,151.8,4,17.49,6.82,4.02,27.279999999999994,18.80999999999999,53.969999999999985,75.18999999999998,0,0.0,0.0,1.0,2.0,0
2022-09-19,12.16,25.51,21.92,35.849999999999994,80.79999999999998,156.04,5,17.67,2.97,7.97,38.129999999999995,17.759999999999994,37.05999999999999,75.23999999999998,0,0.0,0.0,2.0,0.0,0
2022-09-20,10.04,25.33,21.65,34.309999999999995,84.01999999999998,137.99,6,11.58,17.49,6.82,46.739999999999995,27.279999999999994,45.98999999999999,53.969999999999985,0,0.0,0.0,3.0,1.0,0
2022-09-21,3.52,25.97,20.37,25.719999999999995,84.56999999999998,121.63000000000001,0,12.11,17.67,2.97,41.35999999999999,38.129999999999995,61.83999999999999,37.05999999999999,0,0.0,0.0,4.0,2.0,0
2022-09-22,3.58,26.31,19.1,17.139999999999993,70.65999999999998,116.65,0,12.16,11.58,17.49,35.849999999999994,46.739999999999995,68.51999999999998,45.98999999999999,0,0.0,0.0,5.0,3.0,0
2022-09-23,18.73,26.27,21.17,25.829999999999995,71.71999999999998,133.56,1,10.04,12.11,17.67,34.309999999999995,41.35999999999999,76.60999999999999,61.83999999999999,0,0.0,0.0,6.0,4.0,0
2022-09-24,3.64,26.75,20.92,25.949999999999996,63.77999999999999,132.29999999999998,0,3.52,12.16,11.58,25.719999999999995,35.849999999999994,80.79999999999998,68.51999999999998,0,0.0,0.0,0.0,5.0,0
2022-09-25,7.46,27.11,21.68,29.82999999999999,59.12999999999999,135.74,1,3.58,10.04,12.11,17.139999999999993,34.309999999999995,84.01999999999998,76.60999999999999,0,0.0,0.0,0.0,6.0,0
2022-09-26,25.56,25.55,20.34,36.66,72.52999999999997,153.32999999999998,2,18.73,3.52,12.16,25.829999999999995,25.719999999999995,84.56999999999998,80.79999999999998,1,0.0,0.0,1.0,0.0,0
2022-09-27,19.71,25.63,21.58,52.72999999999999,82.19999999999999,166.22,3,3.64,3.58,10.04,25.949999999999996,17.139999999999993,70.65999999999998,84.01999999999998,0,0.0,0.0,0.0,0.0,0
2022-09-28,14.87,24.51,20.2,60.13999999999999,93.54999999999998,178.12,4,7.46,18.73,3.52,29.82999999999999,25.829999999999995,71.71999999999998,84.56999999999998,0,0.0,0.0,1.0,1.0,0
2022-09-29,4.74,22.94,17.72,39.31999999999999,94.70999999999998,165.37,0,25.56,3.64,3.58,36.66,25.949999999999996,63.77999999999999,70.65999999999998,0,0.0,0.0,2.0,0.0,0
2022-09-30,0.3,22.49,16.46,19.909999999999997,76.27999999999999,148.0,0,19.71,7.46,18.73,52.72999999999999,29.82999999999999,59.12999999999999,71.71999999999998,0,0.0,0.0,3.0,1.0,0
2022-10-01,0.05,23.89,15.27,5.089999999999996,72.68999999999998,136.47,0,14.87,25.56,3.64,60.13999999999999,36.66,72.52999999999997,63.77999999999999,0,1.0,0.0,4.0,2.0,0
2022-10-02,0.03,24.03,16.42,0.37999999999999645,65.25999999999999,124.38999999999999,0,4.74,19.71,7.46,39.31999999999999,52.72999999999999,82.19999999999999,59.12999999999999,0,0.0,0.0,0.0,3.0,0
2022-10-03,2.59,24.6,17.29,2.6699999999999964,42.289999999999985,114.82,0,0.3,14.87,25.56,19.909999999999997,60.13999999999999,93.54999999999998,72.52999999999997,0,0.0,1.0,0.0,4.0,0
2022-10-04,10.82,25.18,19.63,13.439999999999998,33.399999999999984,115.6,1,0.05,4.74,19.71,5.089999999999996,39.31999999999999,94.70999999999998,82.19999999999999,0,0.0,0.0,0.0,0.0,0
2022-10-05,12.54,24.35,20.25,25.949999999999996,31.069999999999986,124.61999999999999,2,0.03,0.3,14.87,0.37999999999999645,19.909999999999997,76.27999999999999,93.54999999999998,0,0.0,0.0,0.0,0.0,0
2022-10-06,3.48,24.97,19.86,26.839999999999996,29.809999999999985,124.52,0,2.59,0.05,4.74,2.6699999999999964,5.089999999999996,72.68999999999998,94.70999999999998,0,0.0,0.0,0.0,0.0,0
2022-10-07,5.64,24.21,18.29,21.659999999999997,35.149999999999984,111.42999999999999,1,10.82,0.03,0.3,13.439999999999998,0.37999999999999645,65.25999999999999,76.27999999999999,0,0.0,0.0,1.0,0.0,0
2022-10-08,7.02,24.02,19.55,16.139999999999997,42.11999999999998,114.81,2,12.54,2.59,0.05,25.949999999999996,2.6699999999999964,42.289999999999985,72.68999999999998,0,0.0,0.0,2.0,0.0,0
2022-10-09,10.19,23.94,19.98,22.849999999999994,52.27999999999999,117.53999999999999,3,3.48,10.82,0.03,26.839999999999996,13.439999999999998,33.399999999999984,65.25999999999999,0,0.0,0.0,0.0,1.0,0
2022-10-10,6.97,24.1,17.77,24.179999999999996,56.65999999999998,98.94999999999999,4,5.64,12.54,2.59,21.659999999999997,25.949999999999996,31.069999999999986,42.289999999999985,0,0.0,0.0,1.0,2.0,0
2022-10-11,16.52,22.26,19.01,33.67999999999999,62.359999999999985,95.75999999999999,5,7.02,3.48,10.82,16.139999999999997,26.839999999999996,29.809999999999985,33.399999999999984,0,0.0,0.0,2.0,0.0,0
2022-10-12,1.44,27.28,20.24,24.93,51.25999999999998,82.32999999999998,0,10.19,5.64,12.54,22.849999999999994,21.659999999999997,35.149999999999984,31.069999999999986,0,0.0,0.0,3.0,1.0,0
2022-10-13,0.3,26.79,20.69,18.259999999999998,48.079999999999984,77.89,0,6.97,7.02,3.48,24.179999999999996,16.139999999999997,42.11999999999998,29.809999999999985,0,0.0,0.0,4.0,2.0,0
2022-10-14,2.38,25.73,18.6,4.119999999999999,44.81999999999998,79.97,0,16.52,10.19,5.64,33.67999999999999,22.849999999999994,52.27999999999999,35.149999999999984,0,0.0,0.0,5.0,3.0,0
2022-10-15,1.49,26.2,19.26,4.17,39.289999999999985,81.41,0,1.44,6.97,7.02,24.93,24.179999999999996,56.65999999999998,42.11999999999998,0,0.0,0.0,0.0,4.0,0
2022-10-16,0.61,26.95,19.58,4.4799999999999995,29.709999999999983,81.99,0,0.3,16.52,10.19,18.259999999999998,33.67999999999999,62.359999999999985,52.27999999999999,0,0.0,0.0,0.0,5.0,0
2022-10-17,5.15,27.82,21.36,7.25,27.889999999999986,84.55,1,2.38,1.44,6.97,4.119999999999999,24.93,51.25999999999998,56.65999999999998,0,0.0,0.0,0.0,0.0,0
2022-10-18,54.43,25.07,14.6,60.19,65.79999999999998,128.16,2,1.49,0.3,16.52,4.17,18.259999999999998,48.079999999999984,62.359999999999985,1,0.0,0.0,0.0,0.0,0
2022-10-19,31.62,15.79,13.26,91.2,95.97999999999999,147.24,3,0.61,2.38,1.44,4.4799999999999995,4.119999999999999,44.81999999999998,51.25999999999998,1,0.0,0.0,0.0,0.0,0
2022-10-20,1.09,22.1,13.73,87.14,96.77,144.85000000000002,0,5.15,1.49,0.3,7.25,4.17,39.289999999999985,48.079999999999984,0,0.0,0.0,1.0,0.0,0
2022-10-21,1.06,22.83,17.94,33.77,95.44999999999999,140.26999999999998,0,54.43,0.61,2.38,60.19,4.4799999999999995,29.709999999999983,44.81999999999998,0,0.0,0.0,2.0,0.0,0
2022-10-22,0.46,25.07,18.25,2.6100000000000003,94.41999999999999,133.71,0,31.62,5.15,1.49,91.2,7.25,27.889999999999986,39.289999999999985,0,0.0,0.0,3.0,1.0,0
2022-10-23,0.02,26.75,19.21,1.54,93.83,123.54,0,1.09,54.43,0.61,87.14,60.19,65.79999999999998,29.709999999999983,0,1.0,0.0,0.0,2.0,0
2022-10-24,0.01,27.89,20.1,0.49000000000000005,88.68999999999998,116.58,0,1.06,31.62,5.15,33.77,91.2,95.97999999999999,27.889999999999986,0,1.0,0.0,0.0,3.0,0
2022-10-25,4.07,27.0,16.67,4.1000000000000005,38.33,104.13000000000001,0,0.46,1.09,54.43,2.6100000000000003,87.14,96.77,65.79999999999998,0,0.0,1.0,0.0,0.0,0
2022-10-26,0.4,24.72,17.0,4.480000000000001,7.109999999999994,103.09,0,0.02,1.06,31.62,1.54,33.77,95.44999999999999,95.97999999999999,0,0.0,1.0,0.0,0.0,0
2022-10-27,0.03,26.94,19.43,4.5,6.049999999999994,102.82,0,0.01,0.46,1.09,0.49000000000000005,2.6100000000000003,94.41999999999999,96.77,0,0.0,0.0,0.0,0.0,0
2022-10-28,0.49,28.46,21.32,0.92,5.479999999999993,100.93,0,4.07,0.02,1.06,4.1000000000000005,1.54,93.83,95.44999999999999,0,0.0,0.0,0.0,0.0,0
2022-10-29,7.07,22.46,16.92,7.59,12.089999999999993,106.51,1,0.4,0.01,0.46,4.480000000000001,0.49000000000000005,88.68999999999998,94.41999999999999,0,0.0,0.0,0.0,0.0,0
2022-10-30,0.2,23.47,18.31,7.76,12.269999999999994,106.10000000000001,0,0.03,4.07,0.02,4.5,4.1000000000000005,38.33,93.83,0,0.0,0.0,0.0,0.0,0
2022-10-31,0.06,26.03,19.17,7.329999999999999,12.319999999999995,101.01,0,0.49,0.4,0.01,0.92,4.480000000000001,7.109999999999994,88.68999999999998,0,0.0,0.0,0.0,0.0,0
2022-11-01,0.2,26.77,19.37,0.45999999999999913,8.449999999999992,46.78,0,7.07,0.03,4.07,7.59,4.5,6.049999999999994,38.33,0,0.0,0.0,1.0,0.0,0
2022-11-02,0.52,24.94,18.88,0.7799999999999991,8.569999999999993,15.680000000000001,0,0.2,0.49,0.4,7.76,0.92,5.479999999999993,7.109999999999994,0,0.0,0.0,0.0,0.0,0
2022-11-03,0.21,24.07,18.54,0.929999999999999,8.749999999999993,14.8,0,0.06,7.07,0.03,7.329999999999999,7.59,12.089999999999993,6.049999999999994,0,0.0,0.0,0.0,1.0,0
2022-11-04,0.73,26.8,20.48,1.459999999999999,8.989999999999991,14.47,0,0.2,0.2,0.49,0.45999999999999913,7.76,12.269999999999994,5.479999999999993,0,0.0,0.0,0.0,0.0,0
2022-11-05,0.44,26.5,19.81,1.379999999999999,2.3599999999999928,14.450000000000001,0,0.52,0.06,7.07,0.7799999999999991,7.329999999999999,12.319999999999995,12.089999999999993,0,0.0,0.0,0.0,0.0,0
2022-11-06,0.2,26.58,19.75,1.3699999999999992,2.3599999999999928,14.63,0,0.21,0.2,0.2,0.929999999999999,0.45999999999999913,8.449999999999992,12.269999999999994,0,0.0,0.0,0.0,0.0,0
2022-11-07,6.1,25.55,19.62,6.739999999999998,8.399999999999991,20.72,1,0.73,0.52,0.06,1.459999999999999,0.7799999999999991,8.569999999999993,12.319999999999995,0,0.0,0.0,0.0,0.0,0
2022-11-08,3.11,24.6,17.75,9.409999999999998,11.309999999999993,19.759999999999998,0,0.44,0.21,0.2,1.379999999999999,0.929999999999999,8.749999999999993,8.449999999999992,0,0.0,0.0,0.0,0.0,0
2022-11-09,3.98,24.02,17.96,13.189999999999998,14.769999999999992,23.34,0,0.2,0.73,0.52,1.3699999999999992,1.459999999999999,8.989999999999991,8.569999999999993,0,0.0,0.0,0.0,0.0,0
2022-11-10,0.07,26.14,17.46,7.159999999999999,14.629999999999992,23.38,0,6.1,0.44,0.21,6.739999999999998,1.379999999999999,2.3599999999999928,8.749999999999993,0,0.0,0.0,1.0,0.0,0
2022-11-11,0.0,27.88,18.65,4.049999999999999,13.899999999999991,22.889999999999997,0,3.11,0.2,0.73,9.409999999999998,1.3699999999999992,2.3599999999999928,8.989999999999991,0,0.0,0.0,0.0,0.0,0
2022-11-12,7.94,24.78,14.78,8.01,21.39999999999999,23.759999999999998,1,3.98,6.1,0.44,13.189999999999998,6.739999999999998,8.399999999999991,2.3599999999999928,0,0.0,0.0,0.0,1.0,0
2022-11-13,0.89,21.21,14.15,8.83,22.089999999999993,24.45,0,0.07,3.11,0.2,7.159999999999999,9.409999999999998,11.309999999999993,2.3599999999999928,0,0.0,0.0,0.0,0.0,0
2022-11-14,0.09,26.75,17.19,8.92,16.07999999999999,24.479999999999997,0,0.0,3.98,6.1,4.049999999999999,13.189999999999998,14.769999999999992,8.399999999999991,0,0.0,0.0,0.0,0.0,0
2022-11-15,9.0,22.29,16.29,9.98,21.96999999999999,33.28,1,7.94,0.07,3.11,8.01,7.159999999999999,14.629999999999992,11.309999999999993,0,0.0,0.0,1.0,0.0,0
2022-11-16,6.18,20.53,14.64,15.27,24.169999999999995,38.940000000000005,2,0.89,0.0,3.98,8.83,4.049999999999999,13.899999999999991,14.769999999999992,0,0.0,0.0,0.0,0.0,0
2022-11-17,5.62,17.48,13.97,20.8,29.71999999999999,44.35,3,0.09,7.94,0.07,8.92,8.01,21.39999999999999,14.629999999999992,0,0.0,0.0,0.0,1.0,0
2022-11-18,1.39,21.26,13.77,13.19,31.109999999999992,45.01,0,9.0,0.89,0.0,9.98,8.83,22.089999999999993,13.899999999999991,0,0.0,0.0,1.0,0.0,0
2022-11-19,4.42,22.28,15.97,11.43,27.589999999999996,48.99,0,6.18,0.09,7.94,15.27,8.92,16.07999999999999,21.39999999999999,0,0.0,0.0,2.0,0.0,0
2022-11-20,2.65,15.63,10.52,8.459999999999999,29.349999999999994,51.44,0,5.62,9.0,0.89,20.8,9.98,21.96999999999999,22.089999999999993,0,0.0,0.0,3.0,1.0,0
2022-11-21,2.46,19.36,12.79,9.53,31.719999999999995,47.800000000000004,0,1.39,6.18,0.09,13.19,15.27,24.169999999999995,16.07999999999999,0,0.0,0.0,0.0,2.0,0
2022-11-22,0.43,20.27,13.22,5.54,23.14999999999999,45.120000000000005,0,4.42,5.62,9.0,11.43,20.8,29.71999999999999,21.96999999999999,0,0.0,0.0,0.0,3.0,0
2022-11-23,0.15,22.75,15.27,3.04,17.11999999999999,41.29,0,2.65,1.39,6.18,8.459999999999999,13.19,31.109999999999992,24.169999999999995,0,0.0,0.0,0.0,0.0,0
2022-11-24,0.01,26.4,17.81,0.59,11.509999999999993,41.23,0,2.46,4.42,5.62,9.53,11.43,27.589999999999996,29.71999999999999,0,0.0,0.0,0.0,0.0,0
2022-11-25,0.57,26.33,19.74,0.73,10.689999999999992,41.8,0,0.43,2.65,1.39,5.54,8.459999999999999,29.349999999999994,31.109999999999992,0,0.0,0.0,0.0,0.0,0
2022-11-26,2.79,22.55,18.76,3.37,9.059999999999992,36.65,0,0.15,2.46,4.42,3.04,9.53,31.719999999999995,27.589999999999996,0,0.0,0.0,0.0,0.0,0
2022-11-27,0.7,25.28,18.3,4.0600000000000005,7.109999999999992,36.46,0,0.01,0.43,2.65,0.59,5.54,23.14999999999999,29.349999999999994,0,0.0,0.0,0.0,0.0,0
2022-11-28,0.22,26.68,20.15,3.71,4.869999999999993,36.589999999999996,0,0.57,0.15,2.46,0.73,3.04,17.11999999999999,31.719999999999995,0,0.0,0.0,0.0,0.0,0
2022-11-29,0.08,27.78,19.16,1.0,4.5199999999999925,27.669999999999998,0,2.79,0.01,0.43,3.37,0.59,11.509999999999993,23.14999999999999,0,0.0,0.0,0.0,0.0,0
2022-11-30,16.72,25.39,19.54,17.02,21.089999999999993,38.21,1,0.7,0.57,0.15,4.0600000000000005,0.73,10.689999999999992,17.11999999999999,0,0.0,0.0,0.0,0.0,0
2022-12-01,6.32,23.04,18.27,23.12,27.39999999999999,38.91,2,0.22,2.79,0.01,3.71,3.37,9.059999999999992,11.509999999999993,0,0.0,0.0,0.0,0.0,0
2022-12-02,0.26,23.39,16.48,23.3,27.089999999999993,37.779999999999994,0,0.08,0.7,0.57,1.0,4.0600000000000005,7.109999999999992,10.689999999999992,0,0.0,0.0,0.0,0.0,0
2022-12-03,3.57,22.77,17.32,10.15,27.86999999999999,36.93,0,16.72,0.22,2.79,17.02,3.71,4.869999999999993,9.059999999999992,0,0.0,0.0,1.0,0.0,0
2022-12-04,1.01,23.5,18.48,4.84,28.179999999999993,35.290000000000006,0,6.32,0.08,0.7,23.12,1.0,4.5199999999999925,7.109999999999992,0,0.0,0.0,2.0,0.0,0
2022-12-05,0.06,23.94,16.74,4.640000000000001,28.019999999999992,32.89,0,0.26,16.72,0.22,23.3,17.02,21.089999999999993,4.869999999999993,0,0.0,0.0,0.0,1.0,0
2022-12-06,0.1,25.58,17.83,1.17,28.039999999999992,32.56,0,3.57,6.32,0.08,10.15,23.12,27.39999999999999,4.5199999999999925,0,0.0,0.0,0.0,2.0,0
2022-12-07,0.1,24.67,16.61,0.26,11.419999999999993,32.51,0,1.01,0.26,16.72,4.84,23.3,27.089999999999993,21.089999999999993,0,0.0,0.0,0.0,0.0,0
2022-12-08,0.13,23.88,16.84,0.33,5.229999999999993,32.629999999999995,0,0.06,3.57,6.32,4.640000000000001,10.15,27.86999999999999,27.39999999999999,0,0.0,0.0,0.0,0.0,0
2022-12-09,0.46,23.36,17.31,0.6900000000000001,5.4299999999999935,32.519999999999996,0,0.1,1.01,0.26,1.17,4.84,28.179999999999993,27.089999999999993,0,0.0,0.0,0.0,0.0,0
2022-12-10,0.18,24.16,17.27,0.77,2.039999999999993,29.91,0,0.1,0.06,3.57,0.26,4.640000000000001,28.019999999999992,27.86999999999999,0,0.0,0.0,0.0,0.0,0
2022-12-11,0.02,25.26,16.97,0.66,1.049999999999993,29.23,0,0.13,0.1,1.01,0.33,1.17,28.039999999999992,28.179999999999993,0,0.0,0.0,0.0,0.0,0
2022-12-12,0.02,25.44,18.12,0.21999999999999995,1.009999999999993,29.03,0,0.46,0.1,0.06,0.6900000000000001,0.26,11.419999999999993,28.019999999999992,0,0.0,0.0,0.0,0.0,0
2022-12-13,0.0,28.01,16.93,0.039999999999999945,0.9099999999999929,28.95,0,0.18,0.13,0.1,0.77,0.33,5.229999999999993,28.039999999999992,0,0.0,0.0,0.0,0.0,0
2022-12-14,0.0,26.31,17.11,0.019999999999999945,0.809999999999993,12.23,0,0.02,0.46,0.1,0.66,0.6900000000000001,5.4299999999999935,11.419999999999993,0,0.0,0.0,0.0,0.0,0
2022-12-15,1.89,22.76,16.2,1.89,2.5699999999999927,7.8,0,0.02,0.18,0.13,0.21999999999999995,0.77,2.039999999999993,5.229999999999993,0,0.0,0.0,0.0,0.0,0
2022-12-16,0.46,24.94,17.07,2.35,2.569999999999993,8.0,0,0.0,0.02,0.46,0.039999999999999945,0.66,1.049999999999993,5.4299999999999935,0,0.0,0.0,0.0,0.0,0
2022-12-17,5.85,24.43,15.29,8.2,8.239999999999993,10.28,1,0.0,0.02,0.18,0.019999999999999945,0.21999999999999995,1.009999999999993,2.039999999999993,0,0.0,0.0,0.0,0.0,0
2022-12-18,0.59,21.55,13.35,6.8999999999999995,8.809999999999993,9.86,0,1.89,0.0,0.02,1.89,0.039999999999999945,0.9099999999999929,1.049999999999993,0,0.0,0.0,0.0,0.0,0
2022-12-19,0.0,24.33,15.18,6.4399999999999995,8.789999999999994,9.799999999999999,0,0.46,0.0,0.02,2.35,0.019999999999999945,0.809999999999993,1.009999999999993,0,0.0,0.0,0.0,0.0,0
2022-12-20,1.13,19.85,13.72,1.7199999999999998,9.919999999999995,10.829999999999998,0,5.85,1.89,0.0,8.2,1.89,2.5699999999999927,0.9099999999999929,0,0.0,0.0,1.0,0.0,0
2022-12-21,0.16,19.36,12.25,1.2899999999999998,10.079999999999993,10.889999999999999,0,0.59,0.46,0.0,6.8999999999999995,2.35,2.569999999999993,0.809999999999993,0,0.0,0.0,0.0,0.0,0
2022-12-22,0.0,25.21,14.49,1.2899999999999996,8.189999999999992,10.759999999999998,0,0.0,5.85,1.89,6.4399999999999995,8.2,8.239999999999993,2.5699999999999927,0,0.0,0.0,0.0,1.0,0
2022-12-23,9.88,19.36,4.59,10.040000000000001,17.609999999999992,20.18,1,1.13,0.59,0.46,1.7199999999999998,6.8999999999999995,8.809999999999993,2.569999999999993,0,0.0,0.0,0.0,0.0,0
2022-12-24,1.07,9.33,5.01,10.950000000000001,12.829999999999995,21.07,0,0.16,0.0,5.85,1.2899999999999998,6.4399999999999995,8.789999999999994,8.239999999999993,0,0.0,0.0,0.0,0.0,0
2022-12-25,12.53,10.74,7.46,23.48,24.769999999999996,33.58,1,0.0,1.13,0.59,1.2899999999999996,1.7199999999999998,9.919999999999995,8.809999999999993,0,0.0,0.0,0.0,0.0,0
2022-12-26,0.6,19.3,10.69,14.2,25.369999999999994,34.16,0,9.88,0.16,0.0,10.040000000000001,1.2899999999999998,10.079999999999993,8.789999999999994,0,0.0,0.0,1.0,0.0,0
2022-12-27,0.59,19.33,12.88,13.719999999999999,24.829999999999995,34.75,0,1.07,0.0,1.13,10.950000000000001,1.2899999999999996,8.189999999999992,9.919999999999995,0,0.0,0.0,0.0,0.0,0
2022-12-28,0.01,25.46,13.21,1.2,24.679999999999996,34.76,0,12.53,9.88,0.16,23.48,10.040000000000001,17.609999999999992,10.079999999999993,0,0.0,0.0,1.0,1.0,0
2022-12-29,0.0,26.0,15.45,0.6,24.679999999999996,32.87,0,0.6,1.07,0.0,14.2,10.950000000000001,12.829999999999995,8.189999999999992,0,0.0,0.0,0.0,0.0,0
2022-12-30,0.25,25.03,17.16,0.26,15.049999999999994,32.66,0,0.59,12.53,9.88,13.719999999999999,23.48,24.769999999999996,17.609999999999992,0,0.0,0.0,0.0,1.0,0
2022-12-31,0.04,24.65,16.39,0.29,14.019999999999994,26.85,0,0.01,0.6,1.07,1.2,14.2,25.369999999999994,12.829999999999995,0,0.0,0.0,0.0,0.0,0
2023-01-01,0.0,27.23,17.15,0.29,1.4899999999999947,26.259999999999998,0,0.0,0.59,12.53,0.6,13.719999999999999,24.829999999999995,24.769999999999996,0,0.0,0.0,0.0,0.0,0
2023-01-02,0.0,28.69,17.87,0.04,0.8899999999999947,26.259999999999998,0,0.25,0.01,0.6,0.26,1.2,24.679999999999996,25.369999999999994,0,0.0,0.0,0.0,0.0,0
2023-01-03,0.0,27.74,18.9,0.0,0.29999999999999466,25.13,0,0.04,0.0,0.59,0.29,0.6,24.679999999999996,24.829999999999995,0,0.0,0.0,0.0,0.0,0
2023-01-04,0.0,24.81,15.88,0.0,0.28999999999999465,24.97,0,0.0,0.25,0.01,0.29,0.26,15.049999999999994,24.679999999999996,0,0.0,0.0,0.0,0.0,0
2023-01-05,0.0,23.69,14.3,0.0,0.28999999999999465,24.97,0,0.0,0.04,0.0,0.04,0.29,14.019999999999994,24.679999999999996,0,0.0,0.0,0.0,0.0,0
2023-01-06,0.02,23.51,15.32,0.02,0.05999999999999467,15.11,0,0.0,0.0,0.25,0.0,0.29,1.4899999999999947,15.049999999999994,0,0.0,0.0,0.0,0.0,0
2023-01-07,0.02,26.06,15.78,0.04,0.03999999999999467,14.059999999999999,0,0.0,0.0,0.04,0.0,0.04,0.8899999999999947,14.019999999999994,0,0.0,0.0,0.0,0.0,0
2023-01-08,0.31,25.03,16.0,0.35,0.34999999999999465,1.8399999999999999,0,0.0,0.0,0.0,0.0,0.0,0.29999999999999466,1.4899999999999947,0,0.0,0.0,0.0,0.0,0
2023-01-09,0.2,24.82,15.24,0.53,0.5499999999999947,1.44,0,0.02,0.0,0.0,0.02,0.0,0.28999999999999465,0.8899999999999947,0,0.0,0.0,0.0,0.0,0
2023-01-10,0.04,23.85,17.25,0.5499999999999999,0.5899999999999946,0.89,0,0.02,0.0,0.0,0.04,0.0,0.28999999999999465,0.29999999999999466,0,0.0,0.0,0.0,0.0,0
2023-01-11,0.09,26.94,17.15,0.33,0.6799999999999946,0.97,0,0.31,0.02,0.0,0.35,0.02,0.05999999999999467,0.28999999999999465,0,0.0,0.0,0.0,0.0,0
2023-01-12,6.55,28.21,17.95,6.68,7.229999999999994,7.52,1,0.2,0.02,0.0,0.53,0.04,0.03999999999999467,0.28999999999999465,0,0.0,0.0,0.0,0.0,0
2023-01-13,4.12,18.79,10.73,10.76,11.329999999999995,11.39,0,0.04,0.31,0.02,0.5499999999999999,0.35,0.34999999999999465,0.05999999999999467,0,0.0,0.0,0.0,0.0,0
2023-01-14,0.04,19.84,8.79,10.709999999999999,11.349999999999994,11.39,0,0.09,0.2,0.02,0.33,0.53,0.5499999999999947,0.03999999999999467,0,0.0,0.0,0.0,0.0,0
2023-01-15,0.0,25.51,11.67,4.16,11.039999999999994,11.39,0,6.55,0.04,0.31,6.68,0.5499999999999999,0.5899999999999946,0.34999999999999465,0,0.0,0.0,1.0,0.0,0
2023-01-16,0.0,28.97,16.03,0.04,10.839999999999993,11.39,0,4.12,0.09,0.2,10.76,0.33,0.6799999999999946,0.5499999999999947,0,0.0,0.0,0.0,0.0,0
2023-01-17,0.0,28.65,16.01,0.0,10.799999999999994,11.39,0,0.04,6.55,0.04,10.709999999999999,6.68,7.229999999999994,0.5899999999999946,0,0.0,0.0,0.0,1.0,0
2023-01-18,0.0,29.4,17.31,0.0,10.709999999999994,11.39,0,0.0,4.12,0.09,4.16,10.76,11.329999999999995,0.6799999999999946,0,0.0,0.0,0.0,0.0,0
2023-01-19,0.23,25.25,16.82,0.23,4.389999999999995,11.620000000000001,0,0.0,0.04,6.55,0.04,10.709999999999999,11.349999999999994,7.229999999999994,0,0.0,0.0,0.0,0.0,0
2023-01-20,0.09,26.07,16.6,0.32,0.35999999999999466,11.69,0,0.0,0.0,4.12,0.0,4.16,11.039999999999994,11.329999999999995,0,0.0,0.0,0.0,0.0,0
2023-01-21,0.02,27.54,16.73,0.34,0.3399999999999947,11.69,0,0.0,0.0,0.04,0.0,0.04,10.839999999999993,11.349999999999994,0,0.0,0.0,0.0,0.0,0
2023-01-22,5.77,24.41,17.21,5.88,6.109999999999994,17.15,1,0.23,0.0,0.0,0.23,0.0,10.799999999999994,11.039999999999994,0,0.0,0.0,0.0,0.0,0
2023-01-23,3.5,23.54,16.52,9.29,9.609999999999994,20.45,0,0.09,0.0,0.0,0.32,0.0,10.709999999999994,10.839999999999993,0,0.0,0.0,0.0,0.0,0
2023-01-24,0.07,29.48,17.07,9.34,9.679999999999994,20.48,0,0.02,0.23,0.0,0.34,0.23,4.389999999999995,10.799999999999994,0,0.0,0.0,0.0,0.0,0
2023-01-25,2.28,20.55,13.89,5.85,11.959999999999994,22.67,0,5.77,0.09,0.0,5.88,0.32,0.35999999999999466,10.709999999999994,0,0.0,0.0,1.0,0.0,0
2023-01-26,4.84,14.36,13.12,7.1899999999999995,16.569999999999993,20.96,0,3.5,0.02,0.23,9.29,0.34,0.3399999999999947,4.389999999999995,0,0.0,0.0,0.0,0.0,0
2023-01-27,1.37,19.66,12.32,8.489999999999998,17.849999999999994,18.209999999999997,0,0.07,5.77,0.09,9.34,5.88,6.109999999999994,0.35999999999999466,0,0.0,0.0,0.0,1.0,0
2023-01-28,0.93,24.4,14.37,7.14,18.759999999999994,19.099999999999998,0,2.28,3.5,0.02,5.85,9.29,9.609999999999994,0.3399999999999947,0,0.0,0.0,0.0,0.0,0
2023-01-29,0.04,27.13,17.15,2.3400000000000003,13.029999999999994,19.14,0,4.84,0.07,5.77,7.1899999999999995,9.34,9.679999999999994,6.109999999999994,0,0.0,0.0,0.0,0.0,0
2023-01-30,0.34,26.94,17.14,1.31,9.869999999999994,19.48,0,1.37,2.28,3.5,8.489999999999998,5.85,11.959999999999994,9.609999999999994,0,0.0,0.0,0.0,0.0,0
2023-01-31,0.65,25.72,17.25,1.03,10.449999999999994,20.13,0,0.93,4.84,0.07,7.14,7.1899999999999995,16.569999999999993,9.679999999999994,0,0.0,0.0,0.0,0.0,0
2023-02-01,3.5,23.2,16.57,4.49,11.669999999999995,23.63,0,0.04,1.37,2.28,2.3400000000000003,8.489999999999998,17.849999999999994,11.959999999999994,0,0.0,0.0,0.0,0.0,0
2023-02-02,3.5,24.19,15.3,7.65,10.329999999999995,26.9,0,0.34,0.93,4.84,1.31,7.14,18.759999999999994,16.569999999999993,0,0.0,0.0,0.0,0.0,0
2023-02-03,2.21,16.1,10.64,9.21,11.169999999999995,29.02,0,0.65,0.04,1.37,1.03,2.3400000000000003,13.029999999999994,17.849999999999994,0,0.0,0.0,0.0,0.0,0
2023-02-04,0.06,19.91,8.89,5.77,10.299999999999994,29.06,0,3.5,0.34,0.93,4.49,1.31,9.869999999999994,18.759999999999994,0,0.0,0.0,0.0,0.0,0
2023-02-05,0.06,22.85,13.7,2.33,10.319999999999995,23.349999999999998,0,3.5,0.65,0.04,7.65,1.03,10.449999999999994,13.029999999999994,0,0.0,0.0,0.0,0.0,0
2023-02-06,0.1,25.18,15.56,0.22,10.079999999999995,19.95,0,2.21,3.5,0.34,9.21,4.49,11.669999999999995,9.869999999999994,0,0.0,0.0,0.0,0.0,0
2023-02-07,0.01,28.53,16.4,0.17,9.439999999999994,19.89,0,0.06,3.5,0.65,5.77,7.65,10.329999999999995,10.449999999999994,0,0.0,0.0,0.0,0.0,0
2023-02-08,0.14,28.21,16.69,0.25,6.079999999999995,17.749999999999996,0,0.06,2.21,3.5,2.33,9.21,11.169999999999995,11.669999999999995,0,0.0,0.0,0.0,0.0,0
2023-02-09,1.97,22.47,16.59,2.12,4.5499999999999945,14.88,0,0.1,0.06,3.5,0.22,5.77,10.299999999999994,10.329999999999995,0,0.0,0.0,0.0,0.0,0
2023-02-10,9.96,22.73,12.86,12.07,12.299999999999995,23.470000000000002,1,0.01,0.06,2.21,0.17,2.33,10.319999999999995,11.169999999999995,0,0.0,0.0,0.0,0.0,0
2023-02-11,1.65,16.7,10.03,13.58,13.889999999999995,24.19,0,0.14,0.1,0.06,0.25,0.22,10.079999999999995,10.299999999999994,0,0.0,0.0,0.0,0.0,0
2023-02-12,0.17,20.11,8.93,11.78,13.999999999999996,24.32,0,1.97,0.01,0.06,2.12,0.17,9.439999999999994,10.319999999999995,0,0.0,0.0,0.0,0.0,0
2023-02-13,0.01,26.78,12.42,1.829999999999998,13.909999999999995,23.99,0,9.96,0.14,0.1,12.07,0.25,6.079999999999995,10.079999999999995,0,0.0,0.0,1.0,0.0,0
2023-02-14,0.0,29.66,16.61,0.17999999999999824,13.899999999999995,23.34,0,1.65,1.97,0.01,13.58,2.12,4.5499999999999945,9.439999999999994,0,0.0,0.0,0.0,0.0,0
2023-02-15,0.01,30.3,17.19,0.019999999999998224,13.769999999999996,19.85,0,0.17,9.96,0.14,11.78,12.07,12.299999999999995,6.079999999999995,0,0.0,0.0,0.0,1.0,0
2023-02-16,1.4,30.05,15.52,1.4099999999999981,13.199999999999996,17.75,0,0.01,1.65,1.97,1.829999999999998,13.58,13.889999999999995,4.5499999999999945,0,0.0,0.0,0.0,0.0,0
2023-02-17,3.5,17.3,10.52,4.909999999999998,6.739999999999995,19.04,0,0.0,0.17,9.96,0.17999999999999824,11.78,13.999999999999996,12.299999999999995,0,0.0,0.0,0.0,0.0,0
2023-02-18,0.36,19.9,9.64,5.259999999999999,5.449999999999994,19.340000000000003,0,0.01,0.01,1.65,0.019999999999998224,1.829999999999998,13.909999999999995,13.889999999999995,0,0.0,0.0,0.0,0.0,0
2023-02-19,0.43,24.89,12.85,4.289999999999998,5.709999999999994,19.710000000000004,0,1.4,0.0,0.17,1.4099999999999981,0.17999999999999824,13.899999999999995,13.999999999999996,0,0.0,0.0,0.0,0.0,0
2023-02-20,0.03,27.58,14.88,0.8199999999999982,5.729999999999994,19.64,0,3.5,0.01,0.01,4.909999999999998,0.019999999999998224,13.769999999999996,13.909999999999995,0,0.0,0.0,0.0,0.0,0
2023-02-21,0.0,29.48,16.21,0.4599999999999982,5.729999999999994,19.63,0,0.36,1.4,0.0,5.259999999999999,1.4099999999999981,13.199999999999996,13.899999999999995,0,0.0,0.0,0.0,0.0,0
2023-02-22,0.0,30.41,18.57,0.029999999999998223,5.719999999999994,19.490000000000002,0,0.43,3.5,0.01,4.289999999999998,4.909999999999998,6.739999999999995,13.769999999999996,0,0.0,0.0,0.0,0.0,0
2023-02-23,0.0,31.64,19.13,0.0,4.319999999999995,17.52,0,0.03,0.36,1.4,0.8199999999999982,5.259999999999999,5.449999999999994,13.199999999999996,0,0.0,0.0,0.0,0.0,0
2023-02-24,0.06,28.91,18.29,0.05999999999999822,0.8799999999999947,7.62,0,0.0,0.43,3.5,0.4599999999999982,4.289999999999998,5.709999999999994,6.739999999999995,0,0.0,0.0,0.0,0.0,0
2023-02-25,0.34,27.5,17.67,0.39999999999999825,0.8599999999999947,6.3100000000000005,0,0.0,0.03,0.36,0.029999999999998223,0.8199999999999982,5.729999999999994,5.449999999999994,0,0.0,0.0,0.0,0.0,0
2023-02-26,0.37,28.26,18.25,0.7699999999999982,0.7999999999999947,6.51,0,0.0,0.0,0.43,0.0,0.4599999999999982,5.729999999999994,5.709999999999994,0,0.0,0.0,0.0,0.0,0
2023-02-27,0.0,33.03,19.05,0.7099999999999982,0.7699999999999947,6.5,0,0.06,0.0,0.03,0.05999999999999822,0.029999999999998223,5.719999999999994,5.729999999999994,0,0.0,0.0,0.0,0.0,0
2023-02-28,0.0,32.13,19.36,0.3699999999999982,0.7699999999999947,6.5,0,0.34,0.0,0.0,0.39999999999999825,0.0,4.319999999999995,5.729999999999994,0,0.0,0.0,0.0,0.0,0
2023-03-01,0.0,34.47,19.18,0.0,0.7699999999999947,6.49,0,0.37,0.06,0.0,0.7699999999999982,0.05999999999999822,0.8799999999999947,5.719999999999994,0,0.0,0.0,0.0,0.0,0
2023-03-02,0.0,35.99,21.41,0.0,0.7699999999999947,5.09,0,0.0,0.34,0.0,0.7099999999999982,0.39999999999999825,0.8599999999999947,4.319999999999995,0,0.0,0.0,0.0,0.0,1
2023-03-03,0.01,25.75,16.83,0.009999999999998224,0.7199999999999946,1.5999999999999999,0,0.0,0.37,0.06,0.3699999999999982,0.7699999999999982,0.7999999999999947,0.8799999999999947,0,0.0,0.0,0.0,0.0,0
2023-03-04,0.0,27.49,15.62,0.009999999999998224,0.3799999999999946,1.2399999999999998,0,0.0,0.0,0.34,0.0,0.7099999999999982,0.7699999999999947,0.8599999999999947,0,0.0,0.0,0.0,0.0,0
2023-03-05,0.0,27.94,17.7,0.009999999999998224,0.009999999999994616,0.8099999999999999,0,0.0,0.0,0.37,0.0,0.3699999999999982,0.7699999999999947,0.7999999999999947,0,0.0,0.0,0.0,0.0,0
2023-03-06,0.0,30.23,18.64,0.0,0.009999999999994616,0.78,0,0.01,0.0,0.0,0.009999999999998224,0.0,0.7699999999999947,0.7699999999999947,0,0.0,0.0,0.0,0.0,0
2023-03-07,0.0,30.46,18.8,0.0,0.009999999999994616,0.78,0,0.0,0.0,0.0,0.009999999999998224,0.0,0.7699999999999947,0.7699999999999947,0,0.0,0.0,0.0,0.0,0
2023-03-08,0.0,29.73,18.49,0.0,0.009999999999994616,0.78,0,0.0,0.01,0.0,0.009999999999998224,0.009999999999998224,0.7199999999999946,0.7699999999999947,0,0.0,0.0,0.0,0.0,0
2023-03-09,0.01,29.57,19.02,0.009999999999998224,0.019999999999994616,0.79,0,0.0,0.0,0.0,0.0,0.009999999999998224,0.3799999999999946,0.7699999999999947,0,0.0,0.0,0.0,0.0,0
2023-03-10,0.05,28.86,18.62,0.05999999999999823,0.05999999999999462,0.78,0,0.0,0.0,0.01,0.0,0.009999999999998224,0.009999999999994616,0.7199999999999946,0,0.0,0.0,0.0,0.0,0
2023-03-11,0.01,30.35,18.63,0.06999999999999823,0.06999999999999462,0.45,0,0.0,0.0,0.0,0.0,0.0,0.009999999999994616,0.3799999999999946,0,0.0,0.0,0.0,0.0,0
2023-03-12,0.04,35.3,20.04,0.09999999999999823,0.10999999999999463,0.12000000000000001,0,0.01,0.0,0.0,0.009999999999998224,0.0,0.009999999999994616,0.009999999999994616,0,0.0,0.0,0.0,0.0,1
2023-03-13,1.74,29.14,21.81,1.7899999999999983,1.8499999999999945,1.86,0,0.05,0.0,0.0,0.05999999999999823,0.0,0.009999999999994616,0.009999999999994616,0,0.0,0.0,0.0,0.0,0
2023-03-14,6.54,27.75,20.96,8.319999999999999,8.389999999999995,8.4,1,0.01,0.01,0.0,0.06999999999999823,0.009999999999998224,0.019999999999994616,0.009999999999994616,0,0.0,0.0,0.0,0.0,0
2023-03-15,6.2,25.8,19.31,14.48,14.589999999999995,14.600000000000001,2,0.04,0.05,0.0,0.09999999999999823,0.05999999999999823,0.05999999999999462,0.009999999999994616,0,0.0,0.0,0.0,0.0,0
2023-03-16,0.11,31.72,18.34,12.85,14.689999999999994,14.71,0,1.74,0.01,0.01,1.7899999999999983,0.06999999999999823,0.06999999999999462,0.019999999999994616,0,0.0,0.0,0.0,0.0,0
2023-03-17,2.81,32.16,17.68,9.119999999999997,17.449999999999996,17.51,0,6.54,0.04,0.05,8.319999999999999,0.09999999999999823,0.10999999999999463,0.05999999999999462,0,0.0,0.0,1.0,0.0,0
2023-03-18,16.28,21.93,15.29,19.2,33.72,33.790000000000006,1,6.2,1.74,0.01,14.48,1.7899999999999983,1.8499999999999945,0.06999999999999462,0,0.0,0.0,2.0,0.0,0
2023-03-19,12.23,16.25,10.4,31.32,45.91,46.02,2,0.11,6.54,0.04,12.85,8.319999999999999,8.389999999999995,0.10999999999999463,0,0.0,0.0,0.0,1.0,0
2023-03-20,0.3,20.06,11.75,28.81,44.47,46.32,0,2.81,6.2,1.74,9.119999999999997,14.48,14.589999999999995,1.8499999999999945,0,0.0,0.0,0.0,2.0,0
2023-03-21,0.02,29.24,15.82,12.549999999999997,37.949999999999996,46.34,0,16.28,0.11,6.54,19.2,12.85,14.689999999999994,8.389999999999995,0,0.0,0.0,1.0,0.0,0
2023-03-22,0.03,28.85,18.37,0.3499999999999964,31.779999999999998,46.370000000000005,0,12.23,2.81,6.2,31.32,9.119999999999997,17.449999999999996,14.589999999999995,0,0.0,0.0,2.0,0.0,0
2023-03-23,0.01,30.12,18.27,0.059999999999996445,31.679999999999996,46.370000000000005,0,0.3,16.28,0.11,28.81,19.2,33.72,14.689999999999994,0,0.0,0.0,0.0,1.0,0
2023-03-24,0.03,34.29,19.2,0.06999999999999644,28.9,46.35,0,0.02,12.23,2.81,12.549999999999997,31.32,45.91,17.449999999999996,0,0.0,0.0,0.0,2.0,0
2023-03-25,0.37,31.41,20.71,0.4099999999999964,12.989999999999997,46.71,0,0.03,0.3,16.28,0.3499999999999964,28.81,44.47,33.72,0,0.0,0.0,0.0,0.0,0
2023-03-26,0.06,31.62,21.12,0.4599999999999964,0.8199999999999965,46.730000000000004,0,0.01,0.02,12.23,0.059999999999996445,12.549999999999997,37.949999999999996,45.91,0,0.0,0.0,0.0,0.0,0
2023-03-27,0.04,32.09,20.79,0.4699999999999964,0.5599999999999964,45.03,0,0.03,0.03,0.3,0.06999999999999644,0.3499999999999964,31.779999999999998,44.47,0,0.0,0.0,0.0,0.0,0
2023-03-28,10.22,29.37,20.32,10.319999999999997,10.759999999999998,48.71,1,0.37,0.01,0.02,0.4099999999999964,0.059999999999996445,31.679999999999996,37.949999999999996,0,0.0,0.0,0.0,0.0,0
2023-03-29,13.67,26.57,19.86,23.929999999999996,24.4,56.18,2,0.06,0.03,0.03,0.4599999999999964,0.06999999999999644,28.9,31.779999999999998,0,0.0,0.0,0.0,0.0,0
2023-03-30,0.13,28.43,18.1,24.019999999999996,24.519999999999996,56.2,0,0.04,0.37,0.01,0.4699999999999964,0.4099999999999964,12.989999999999997,31.679999999999996,0,0.0,0.0,0.0,0.0,0
2023-03-31,0.0,31.82,18.77,13.799999999999997,24.49,53.39000000000001,0,10.22,0.06,0.03,10.319999999999997,0.4599999999999964,0.8199999999999965,28.9,0,0.0,0.0,1.0,0.0,0
2023-04-01,0.13,29.98,20.05,0.25999999999999646,24.249999999999996,37.239999999999995,0,13.67,0.04,0.37,23.929999999999996,0.4699999999999964,0.5599999999999964,12.989999999999997,0,0.0,0.0,2.0,0.0,0
2023-04-02,0.06,30.64,19.21,0.18999999999999645,24.249999999999993,25.07,0,0.13,10.22,0.06,24.019999999999996,10.319999999999997,10.759999999999998,0.8199999999999965,0,0.0,0.0,0.0,1.0,0
2023-04-03,0.0,32.72,19.67,0.18999999999999645,24.209999999999994,24.77,0,0.0,13.67,0.04,13.799999999999997,23.929999999999996,24.4,0.5599999999999964,0,0.0,0.0,0.0,2.0,0
2023-04-04,0.0,35.23,20.3,0.059999999999996445,13.989999999999995,24.75,0,0.13,0.13,10.22,0.25999999999999646,24.019999999999996,24.519999999999996,10.759999999999998,0,0.0,0.0,0.0,0.0,0
2023-04-05,0.05,34.48,21.78,0.04999999999999645,0.36999999999999467,24.77,0,0.06,0.0,13.67,0.18999999999999645,13.799999999999997,24.49,24.4,0,0.0,0.0,0.0,0.0,0
2023-04-06,9.44,29.77,20.78,9.489999999999997,9.679999999999994,34.2,1,0.0,0.13,0.13,0.18999999999999645,0.25999999999999646,24.249999999999996,24.519999999999996,0,0.0,0.0,0.0,0.0,0
2023-04-07,13.76,26.72,20.64,23.249999999999996,23.439999999999994,47.93,2,0.0,0.06,0.0,0.059999999999996445,0.18999999999999645,24.249999999999993,24.49,0,0.0,0.0,0.0,0.0,0
2023-04-08,8.35,24.13,20.09,31.549999999999997,31.659999999999997,55.91,3,0.05,0.0,0.13,0.04999999999999645,0.18999999999999645,24.209999999999994,24.249999999999996,0,0.0,0.0,0.0,0.0,0
2023-04-09,3.12,26.76,19.44,25.229999999999997,34.71999999999999,58.97,0,9.44,0.0,0.06,9.489999999999997,0.059999999999996445,13.989999999999995,24.249999999999993,0,0.0,0.0,1.0,0.0,0
2023-04-10,5.66,25.76,19.26,17.129999999999995,40.379999999999995,64.59,1,13.76,0.05,0.0,23.249999999999996,0.04999999999999645,0.36999999999999467,24.209999999999994,0,0.0,0.0,2.0,0.0,0
2023-04-11,18.17,25.5,18.54,26.949999999999996,58.55,72.54,2,8.35,9.44,0.0,31.549999999999997,9.489999999999997,9.679999999999994,13.989999999999995,0,0.0,0.0,3.0,1.0,0
2023-04-12,11.26,24.2,17.96,35.089999999999996,69.75999999999999,70.13,3,3.12,13.76,0.05,25.229999999999997,23.249999999999996,23.439999999999994,0.36999999999999467,0,0.0,0.0,0.0,2.0,0
2023-04-13,0.89,28.54,17.95,30.319999999999993,61.21,70.89,0,5.66,8.35,9.44,17.129999999999995,31.549999999999997,31.659999999999997,9.679999999999994,0,0.0,0.0,1.0,3.0,0
2023-04-14,0.32,31.69,20.57,12.469999999999994,47.769999999999996,71.21000000000001,0,18.17,3.12,13.76,26.949999999999996,25.229999999999997,34.71999999999999,23.439999999999994,0,0.0,0.0,2.0,0.0,0
2023-04-15,0.41,31.66,21.14,1.619999999999993,39.83,71.49,0,11.26,5.66,8.35,35.089999999999996,17.129999999999995,40.379999999999995,31.659999999999997,0,0.0,0.0,3.0,1.0,0
2023-04-16,0.03,28.85,21.34,0.7599999999999929,36.739999999999995,71.46000000000001,0,0.89,18.17,3.12,30.319999999999993,26.949999999999996,58.55,34.71999999999999,0,0.0,0.0,0.0,2.0,0
2023-04-17,0.01,27.18,19.23,0.44999999999999285,31.089999999999993,71.47000000000001,0,0.32,11.26,5.66,12.469999999999994,35.089999999999996,69.75999999999999,40.379999999999995,0,0.0,0.0,0.0,3.0,0
2023-04-18,0.0,31.68,20.32,0.039999999999992895,12.919999999999993,71.47000000000001,0,0.41,0.89,18.17,1.619999999999993,30.319999999999993,61.21,58.55,0,0.0,0.0,0.0,0.0,0
2023-04-19,0.0,31.31,20.73,0.009999999999992895,1.6599999999999928,71.42,0,0.03,0.32,11.26,0.7599999999999929,12.469999999999994,47.769999999999996,69.75999999999999,0,0.0,0.0,0.0,0.0,0
2023-04-20,0.12,33.28,22.11,0.11999999999999289,0.8899999999999929,62.1,0,0.01,0.41,0.89,0.44999999999999285,1.619999999999993,39.83,61.21,0,0.0,0.0,0.0,0.0,0
2023-04-21,0.83,33.61,21.49,0.9499999999999929,1.3999999999999928,49.17,0,0.0,0.03,0.32,0.039999999999992895,0.7599999999999929,36.739999999999995,47.769999999999996,0,0.0,0.0,0.0,0.0,0
2023-04-22,1.34,29.8,22.13,2.289999999999993,2.329999999999993,42.160000000000004,0,0.0,0.01,0.41,0.009999999999992895,0.44999999999999285,31.089999999999993,39.83,0,0.0,0.0,0.0,0.0,0
2023-04-23,2.64,34.92,22.65,4.809999999999993,4.939999999999993,41.68,0,0.12,0.0,0.03,0.11999999999999289,0.039999999999992895,12.919999999999993,36.739999999999995,0,0.0,0.0,0.0,0.0,0
2023-04-24,14.71,27.55,21.43,18.689999999999994,19.639999999999993,50.730000000000004,1,0.83,0.0,0.01,0.9499999999999929,0.009999999999992895,1.6599999999999928,31.089999999999993,0,0.0,0.0,0.0,0.0,0
2023-04-25,1.84,29.47,20.88,19.189999999999994,21.479999999999993,34.400000000000006,0,1.34,0.12,0.0,2.289999999999993,0.11999999999999289,0.8899999999999929,12.919999999999993,0,0.0,0.0,0.0,0.0,0
2023-04-26,2.92,31.5,21.23,19.46999999999999,24.39999999999999,26.06,0,2.64,0.83,0.0,4.809999999999993,0.9499999999999929,1.3999999999999928,1.6599999999999928,0,0.0,0.0,0.0,0.0,0
2023-04-27,8.04,33.91,22.5,12.799999999999992,32.31999999999999,33.21,1,14.71,1.34,0.12,18.689999999999994,2.289999999999993,2.329999999999993,0.8899999999999929,0,0.0,0.0,1.0,0.0,0
2023-04-28,19.58,30.89,21.83,30.539999999999992,51.06999999999999,52.47,2,1.84,2.64,0.83,19.189999999999994,4.809999999999993,4.939999999999993,1.3999999999999928,0,0.0,0.0,0.0,0.0,0
2023-04-29,4.48,25.3,17.17,32.099999999999994,54.209999999999994,56.53999999999999,0,2.92,14.71,1.34,19.46999999999999,18.689999999999994,19.639999999999993,2.329999999999993,0,0.0,0.0,0.0,1.0,0
2023-04-30,0.0,26.76,16.0,24.05999999999999,51.56999999999999,56.510000000000005,0,8.04,1.84,2.64,12.799999999999992,19.189999999999994,21.479999999999993,4.939999999999993,0,0.0,0.0,1.0,0.0,0
2023-05-01,0.0,31.96,18.93,4.479999999999993,36.86,56.5,0,19.58,2.92,14.71,30.539999999999992,19.46999999999999,24.39999999999999,19.639999999999993,0,0.0,0.0,2.0,0.0,0
2023-05-02,0.01,32.43,21.41,0.009999999999992895,35.029999999999994,56.51,0,4.48,8.04,1.84,32.099999999999994,12.799999999999992,32.31999999999999,21.479999999999993,0,0.0,0.0,0.0,1.0,0
2023-05-03,0.05,29.96,21.52,0.0599999999999929,32.15999999999999,56.559999999999995,0,0.0,19.58,2.92,24.05999999999999,30.539999999999992,51.06999999999999,24.39999999999999,0,0.0,0.0,0.0,2.0,0
2023-05-04,0.01,32.69,22.37,0.0699999999999929,24.129999999999992,56.449999999999996,0,0.0,4.48,8.04,4.479999999999993,32.099999999999994,54.209999999999994,32.31999999999999,0,0.0,0.0,0.0,0.0,0
2023-05-05,0.03,33.41,22.77,0.08999999999999289,4.579999999999993,55.65,0,0.01,0.0,19.58,0.009999999999992895,24.05999999999999,51.56999999999999,51.06999999999999,0,0.0,0.0,0.0,0.0,0
2023-05-06,0.19,33.62,23.19,0.22999999999999288,0.28999999999999293,54.5,0,0.05,0.0,4.48,0.0599999999999929,4.479999999999993,36.86,54.209999999999994,0,0.0,0.0,0.0,0.0,0
2023-05-07,0.16,34.29,22.99,0.3799999999999929,0.4499999999999929,52.019999999999996,0,0.01,0.01,0.0,0.0699999999999929,0.009999999999992895,35.029999999999994,51.56999999999999,0,0.0,0.0,0.0,0.0,0
2023-05-08,7.71,33.2,21.86,8.059999999999993,8.159999999999993,45.019999999999996,1,0.03,0.05,0.0,0.08999999999999289,0.0599999999999929,32.15999999999999,36.86,0,0.0,0.0,0.0,0.0,0
2023-05-09,6.1,34.92,23.42,13.969999999999992,14.249999999999993,49.28,2,0.19,0.01,0.01,0.22999999999999288,0.0699999999999929,24.129999999999992,35.029999999999994,0,0.0,0.0,0.0,0.0,0
2023-05-10,0.79,33.4,24.24,14.59999999999999,14.989999999999991,47.15,0,0.16,0.03,0.05,0.3799999999999929,0.08999999999999289,4.579999999999993,32.15999999999999,0,0.0,0.0,0.0,0.0,0
2023-05-11,0.24,35.93,25.21,7.129999999999993,15.219999999999992,39.35,0,7.71,0.19,0.01,8.059999999999993,0.22999999999999288,0.28999999999999293,24.129999999999992,0,0.0,0.0,1.0,0.0,0
2023-05-12,11.7,34.9,24.03,12.729999999999993,26.889999999999993,31.47,1,6.1,0.16,0.03,13.969999999999992,0.3799999999999929,0.4499999999999929,4.579999999999993,0,0.0,0.0,2.0,0.0,0
2023-05-13,17.85,33.36,22.23,29.789999999999996,44.55,44.84,2,0.79,7.71,0.19,14.59999999999999,8.059999999999993,8.159999999999993,0.28999999999999293,0,0.0,0.0,0.0,1.0,0
2023-05-14,1.64,30.14,21.13,31.189999999999994,46.029999999999994,46.48,0,0.24,6.1,0.16,7.129999999999993,13.969999999999992,14.249999999999993,0.4499999999999929,0,0.0,0.0,0.0,2.0,0
2023-05-15,1.74,29.0,21.09,21.229999999999993,40.059999999999995,48.22,0,11.7,0.79,7.71,12.729999999999993,14.59999999999999,14.989999999999991,8.159999999999993,0,0.0,0.0,1.0,0.0,0
2023-05-16,1.59,29.43,21.77,4.969999999999993,35.55,49.800000000000004,0,17.85,0.24,6.1,29.789999999999996,7.129999999999993,15.219999999999992,14.249999999999993,0,0.0,0.0,2.0,0.0,0
2023-05-17,4.64,31.02,22.31,7.969999999999993,39.39999999999999,54.39,0,1.64,11.7,0.79,31.189999999999994,12.729999999999993,26.889999999999993,14.989999999999991,0,0.0,0.0,0.0,1.0,0
2023-05-18,1.75,32.82,22.55,7.979999999999992,40.91,56.129999999999995,0,1.74,17.85,0.24,21.229999999999993,29.789999999999996,44.55,15.219999999999992,0,0.0,0.0,0.0,2.0,0
2023-05-19,0.84,31.1,23.05,7.229999999999992,30.049999999999997,56.94,0,1.59,1.64,11.7,4.969999999999993,31.189999999999994,46.029999999999994,26.889999999999993,0,0.0,0.0,0.0,0.0,0
2023-05-20,0.53,30.2,22.97,3.119999999999993,12.729999999999995,57.28,0,4.64,1.74,17.85,7.969999999999993,21.229999999999993,40.059999999999995,44.55,0,0.0,0.0,0.0,0.0,0
2023-05-21,1.38,28.11,21.72,2.749999999999993,12.469999999999995,58.5,0,1.75,1.59,1.64,7.979999999999992,4.969999999999993,35.55,46.029999999999994,0,0.0,0.0,0.0,0.0,0
2023-05-22,0.56,30.17,21.08,2.469999999999993,11.289999999999997,51.35,0,0.84,4.64,1.74,7.229999999999992,7.969999999999993,39.39999999999999,40.059999999999995,0,0.0,0.0,0.0,0.0,0
2023-05-23,0.0,30.94,21.36,1.9399999999999928,9.699999999999996,45.25,0,0.53,1.75,1.59,3.119999999999993,7.979999999999992,40.91,35.55,0,0.0,0.0,0.0,0.0,0
2023-05-24,0.02,31.95,21.46,0.579999999999993,5.0799999999999965,44.480000000000004,0,1.38,0.84,4.64,2.749999999999993,7.229999999999992,30.049999999999997,39.39999999999999,0,0.0,0.0,0.0,0.0,0
2023-05-25,0.1,30.73,22.11,0.1199999999999929,3.4299999999999966,44.34,0,0.56,0.53,1.75,2.469999999999993,3.119999999999993,12.729999999999995,40.91,0,0.0,0.0,0.0,0.0,0
2023-05-26,0.28,30.2,21.72,0.3999999999999929,2.8699999999999966,32.919999999999995,0,0.0,1.38,0.84,1.9399999999999928,2.749999999999993,12.469999999999995,30.049999999999997,0,0.0,0.0,0.0,0.0,0
2023-05-27,0.08,29.95,20.19,0.4599999999999929,2.4199999999999964,15.15,0,0.02,0.56,0.53,0.579999999999993,2.469999999999993,11.289999999999997,12.729999999999995,0,0.0,0.0,0.0,0.0,0
2023-05-28,1.47,31.44,20.16,1.829999999999993,2.5099999999999962,14.979999999999999,0,0.1,0.0,1.38,0.1199999999999929,1.9399999999999928,9.699999999999996,12.469999999999995,0,0.0,0.0,0.0,0.0,0
2023-05-29,1.67,32.23,22.5,3.2199999999999926,3.6199999999999966,14.909999999999998,0,0.28,0.02,0.56,0.3999999999999929,0.579999999999993,5.0799999999999965,11.289999999999997,0,0.0,0.0,0.0,0.0,0
2023-05-30,7.73,32.01,22.78,10.869999999999994,11.349999999999998,21.049999999999997,1,0.08,0.1,0.0,0.4599999999999929,0.1199999999999929,3.4299999999999966,9.699999999999996,0,0.0,0.0,0.0,0.0,0
2023-05-31,2.27,31.72,22.64,11.669999999999993,13.599999999999998,18.68,0,1.47,0.28,0.02,1.829999999999993,0.3999999999999929,2.8699999999999966,5.0799999999999965,0,0.0,0.0,0.0,0.0,0
2023-06-01,0.01,31.86,23.12,10.009999999999993,13.509999999999998,16.939999999999998,0,1.67,0.08,0.1,3.2199999999999926,0.4599999999999929,2.4199999999999964,3.4299999999999966,0,0.0,0.0,0.0,0.0,0
2023-06-02,0.04,30.99,23.92,2.3199999999999927,13.269999999999996,16.139999999999997,0,7.73,1.47,0.28,10.869999999999994,1.829999999999993,2.5099999999999962,2.8699999999999966,0,0.0,0.0,1.0,0.0,0
2023-06-03,0.13,30.9,23.04,0.1799999999999929,13.319999999999997,15.74,0,2.27,1.67,0.08,11.669999999999993,3.2199999999999926,3.6199999999999966,2.4199999999999964,0,0.0,0.0,0.0,0.0,0
2023-06-04,1.86,30.78,23.1,2.029999999999993,13.709999999999997,16.22,0,0.01,7.73,1.47,10.009999999999993,10.869999999999994,11.349999999999998,2.5099999999999962,0,0.0,0.0,0.0,1.0,0
2023-06-05,9.66,29.7,23.21,11.649999999999993,21.699999999999996,25.32,1,0.04,2.27,1.67,2.3199999999999927,11.669999999999993,13.599999999999998,3.6199999999999966,0,0.0,0.0,0.0,0.0,0
2023-06-06,1.51,31.17,22.27,13.029999999999992,15.479999999999997,26.830000000000002,0,0.13,0.01,7.73,0.1799999999999929,10.009999999999993,13.509999999999998,11.349999999999998,0,0.0,0.0,0.0,0.0,0
2023-06-07,0.03,32.13,21.88,11.199999999999992,13.239999999999995,26.84,0,1.86,0.04,2.27,2.029999999999993,2.3199999999999927,13.269999999999996,13.599999999999998,0,0.0,0.0,0.0,0.0,0
2023-06-08,1.22,31.17,23.41,2.7599999999999927,14.449999999999996,27.96,0,9.66,0.13,0.01,11.649999999999993,0.1799999999999929,13.319999999999997,13.509999999999998,0,0.0,0.0,1.0,0.0,0
2023-06-09,0.81,33.1,23.73,2.059999999999993,15.219999999999997,28.490000000000002,0,1.51,1.86,0.04,13.029999999999992,2.029999999999993,13.709999999999997,13.269999999999996,0,0.0,0.0,0.0,0.0,0
2023-06-10,0.01,33.6,23.62,2.039999999999993,15.099999999999996,28.419999999999998,0,0.03,9.66,0.13,11.199999999999992,11.649999999999993,21.699999999999996,13.319999999999997,0,0.0,0.0,0.0,1.0,0
2023-06-11,0.02,33.51,23.95,0.839999999999993,13.259999999999996,26.970000000000002,0,1.22,1.51,1.86,2.7599999999999927,13.029999999999992,15.479999999999997,13.709999999999997,0,0.0,0.0,0.0,0.0,0
2023-06-12,0.01,34.45,24.29,0.039999999999992895,3.6099999999999963,25.31,0,0.81,0.03,9.66,2.059999999999993,11.199999999999992,13.239999999999995,21.699999999999996,0,0.0,0.0,0.0,0.0,0
2023-06-13,0.0,35.22,23.76,0.029999999999992893,2.099999999999996,17.58,0,0.01,1.22,1.51,2.039999999999993,2.7599999999999927,14.449999999999996,15.479999999999997,0,0.0,0.0,0.0,0.0,1
2023-06-14,0.0,36.98,24.1,0.009999999999992895,2.0699999999999963,15.31,0,0.02,0.81,0.03,0.839999999999993,2.059999999999993,15.219999999999997,13.239999999999995,0,0.0,0.0,0.0,0.0,1
2023-06-15,0.0,37.53,23.83,0.0,0.8499999999999965,15.3,0,0.01,0.01,1.22,0.039999999999992895,2.039999999999993,15.099999999999996,14.449999999999996,0,0.0,0.0,0.0,0.0,1
2023-06-16,0.0,37.28,25.43,0.0,0.03999999999999645,15.26,0,0.0,0.02,0.81,0.029999999999992893,0.839999999999993,13.259999999999996,15.219999999999997,0,0.0,0.0,0.0,0.0,1
2023-06-17,0.0,35.64,25.91,0.0,0.029999999999996446,15.13,0,0.0,0.01,0.01,0.009999999999992895,0.039999999999992895,3.6099999999999963,15.099999999999996,0,0.0,0.0,0.0,0.0,1
2023-06-18,0.0,36.38,24.93,0.0,0.009999999999996447,13.27,0,0.0,0.0,0.02,0.0,0.029999999999992893,2.099999999999996,13.259999999999996,0,0.0,0.0,0.0,0.0,1
2023-06-19,0.0,36.14,24.62,0.0,0.0,3.61,0,0.0,0.0,0.01,0.0,0.009999999999992895,2.0699999999999963,3.6099999999999963,0,0.0,0.0,0.0,0.0,1
2023-06-20,0.0,37.55,23.56,0.0,0.0,2.0999999999999996,0,0.0,0.0,0.0,0.0,0.0,0.8499999999999965,2.099999999999996,0,0.0,0.0,0.0,0.0,1
2023-06-21,0.01,38.85,24.53,0.009999999999992895,0.009999999999996447,2.08,0,0.0,0.0,0.0,0.0,0.0,0.03999999999999645,2.0699999999999963,0,0.0,0.0,0.0,0.0,1
2023-06-22,0.0,37.0,25.54,0.009999999999992895,0.009999999999996447,0.8600000000000001,0,0.0,0.0,0.0,0.0,0.0,0.029999999999996446,0.8499999999999965,0,0.0,0.0,0.0,0.0,1
2023-06-23,0.02,33.7,24.55,0.029999999999992893,0.029999999999996446,0.07,0,0.0,0.0,0.0,0.0,0.0,0.009999999999996447,0.03999999999999645,0,0.0,0.0,0.0,0.0,0
2023-06-24,0.15,31.8,24.74,0.16999999999999288,0.17999999999999644,0.21,0,0.01,0.0,0.0,0.009999999999992895,0.0,0.0,0.029999999999996446,0,0.0,0.0,0.0,0.0,0
2023-06-25,0.34,31.23,23.77,0.5099999999999929,0.5199999999999965,0.53,0,0.0,0.0,0.0,0.009999999999992895,0.0,0.0,0.009999999999996447,0,0.0,0.0,0.0,0.0,0
2023-06-26,0.13,31.9,23.07,0.6199999999999929,0.6499999999999965,0.65,0,0.02,0.01,0.0,0.029999999999992893,0.009999999999992895,0.009999999999996447,0.0,0,0.0,0.0,0.0,0.0,0
2023-06-27,0.09,33.15,23.21,0.559999999999993,0.7399999999999964,0.74,0,0.15,0.0,0.0,0.16999999999999288,0.009999999999992895,0.009999999999996447,0.0,0,0.0,0.0,0.0,0.0,0
2023-06-28,0.27,31.9,23.72,0.48999999999999294,0.9999999999999964,1.01,0,0.34,0.02,0.01,0.5099999999999929,0.029999999999992893,0.029999999999996446,0.009999999999996447,0,0.0,0.0,0.0,0.0,0
2023-06-29,0.37,31.87,23.36,0.7299999999999929,1.3699999999999966,1.38,0,0.13,0.15,0.0,0.6199999999999929,0.16999999999999288,0.17999999999999644,0.009999999999996447,0,0.0,0.0,0.0,0.0,0
2023-06-30,0.13,32.3,24.25,0.7699999999999929,1.4799999999999964,1.51,0,0.09,0.34,0.02,0.559999999999993,0.5099999999999929,0.5199999999999965,0.029999999999996446,0,0.0,0.0,0.0,0.0,0
2023-07-01,0.05,32.79,23.6,0.5499999999999929,1.3799999999999966,1.56,0,0.27,0.13,0.15,0.48999999999999294,0.6199999999999929,0.6499999999999965,0.17999999999999644,0,0.0,0.0,0.0,0.0,0
2023-07-02,0.06,31.39,24.09,0.23999999999999294,1.0999999999999965,1.62,0,0.37,0.09,0.34,0.7299999999999929,0.559999999999993,0.7399999999999964,0.5199999999999965,0,0.0,0.0,0.0,0.0,0
2023-07-03,0.03,34.04,23.61,0.13999999999999296,0.9999999999999964,1.65,0,0.13,0.27,0.13,0.7699999999999929,0.48999999999999294,0.9999999999999964,0.6499999999999965,0,0.0,0.0,0.0,0.0,0
2023-07-04,0.12,33.08,24.03,0.20999999999999294,1.0299999999999965,1.77,0,0.05,0.37,0.09,0.5499999999999929,0.7299999999999929,1.3699999999999966,0.7399999999999964,0,0.0,0.0,0.0,0.0,0
2023-07-05,4.63,31.6,24.08,4.779999999999993,5.389999999999996,6.39,0,0.06,0.13,0.27,0.23999999999999294,0.7699999999999929,1.4799999999999964,0.9999999999999964,0,0.0,0.0,0.0,0.0,0
2023-07-06,7.95,28.13,24.31,12.699999999999992,12.969999999999995,14.34,1,0.03,0.05,0.37,0.13999999999999296,0.5499999999999929,1.3799999999999966,1.3699999999999966,0,0.0,0.0,0.0,0.0,0
2023-07-07,3.81,30.39,23.22,16.389999999999993,16.65,18.13,0,0.12,0.06,0.13,0.20999999999999294,0.23999999999999294,1.0999999999999965,1.4799999999999964,0,0.0,0.0,0.0,0.0,0
2023-07-08,6.69,30.52,23.39,18.449999999999996,23.29,24.669999999999998,1,4.63,0.03,0.05,4.779999999999993,0.13999999999999296,0.9999999999999964,1.3799999999999966,0,0.0,0.0,0.0,0.0,0
2023-07-09,1.67,30.45,23.39,12.169999999999995,24.9,26.0,0,7.95,0.12,0.06,12.699999999999992,0.20999999999999294,1.0299999999999965,1.0999999999999965,0,0.0,0.0,1.0,0.0,0
2023-07-10,4.59,29.24,23.73,12.949999999999994,29.459999999999997,30.46,0,3.81,4.63,0.03,16.389999999999993,4.779999999999993,5.389999999999996,0.9999999999999964,0,0.0,0.0,0.0,0.0,0
2023-07-11,0.57,30.31,22.16,6.829999999999993,29.909999999999997,30.939999999999998,0,6.69,7.95,0.12,18.449999999999996,12.699999999999992,12.969999999999995,1.0299999999999965,0,0.0,0.0,1.0,1.0,0
2023-07-12,0.29,32.17,23.26,5.449999999999993,25.569999999999997,30.96,0,1.67,3.81,4.63,12.169999999999995,16.389999999999993,16.65,5.389999999999996,0,0.0,0.0,0.0,0.0,0
2023-07-13,0.71,30.83,23.01,1.5699999999999927,18.33,31.299999999999997,0,4.59,6.69,7.95,12.949999999999994,18.449999999999996,23.29,12.969999999999995,0,0.0,0.0,0.0,1.0,0
2023-07-14,0.35,32.88,22.92,1.3499999999999928,14.869999999999997,31.52,0,0.57,1.67,3.81,6.829999999999993,12.169999999999995,24.9,16.65,0,0.0,0.0,0.0,0.0,0
2023-07-15,0.1,32.99,22.12,1.1599999999999928,8.279999999999996,31.57,0,0.29,4.59,6.69,5.449999999999993,12.949999999999994,29.459999999999997,23.29,0,0.0,0.0,0.0,0.0,0
2023-07-16,3.69,28.74,22.71,4.139999999999993,10.299999999999997,35.2,0,0.71,0.57,1.67,1.5699999999999927,6.829999999999993,29.909999999999997,24.9,0,0.0,0.0,0.0,0.0,0
2023-07-17,0.65,31.4,22.03,4.439999999999993,6.359999999999997,35.82,0,0.35,0.29,4.59,1.3499999999999928,5.449999999999993,25.569999999999997,29.459999999999997,0,0.0,0.0,0.0,0.0,0
2023-07-18,2.85,29.99,22.42,7.189999999999993,8.639999999999997,38.550000000000004,0,0.1,0.71,0.57,1.1599999999999928,1.5699999999999927,18.33,29.909999999999997,0,0.0,0.0,0.0,0.0,0
2023-07-19,2.01,32.12,21.88,5.509999999999993,10.359999999999996,35.93,0,3.69,0.35,0.29,4.139999999999993,1.3499999999999928,14.869999999999997,25.569999999999997,0,0.0,0.0,0.0,0.0,0
2023-07-20,6.22,30.5,22.59,11.079999999999991,15.869999999999996,34.2,1,0.65,0.1,0.71,4.439999999999993,1.1599999999999928,8.279999999999996,18.33,0,0.0,0.0,0.0,0.0,0
2023-07-21,5.6,30.95,22.41,13.829999999999991,21.119999999999997,35.99,2,2.85,3.69,0.35,7.189999999999993,4.139999999999993,10.299999999999997,14.869999999999997,0,0.0,0.0,0.0,0.0,0
2023-07-22,5.62,30.94,23.0,17.43999999999999,26.639999999999993,34.92,3,2.01,0.65,0.1,5.509999999999993,4.439999999999993,6.359999999999997,8.279999999999996,0,0.0,0.0,0.0,0.0,0
2023-07-23,14.58,27.12,23.23,25.799999999999994,37.53,47.83,4,6.22,2.85,3.69,11.079999999999991,7.189999999999993,8.639999999999997,10.299999999999997,0,0.0,0.0,1.0,0.0,0
2023-07-24,23.38,27.37,22.35,43.57999999999999,60.26,66.62,5,5.6,2.01,0.65,13.829999999999991,5.509999999999993,10.359999999999996,6.359999999999997,1,0.0,0.0,2.0,0.0,0
2023-07-25,4.95,29.18,23.33,42.91,62.36,71.0,0,5.62,6.22,2.85,17.43999999999999,11.079999999999991,15.869999999999996,8.639999999999997,0,0.0,0.0,3.0,1.0,0
2023-07-26,3.04,28.66,21.35,31.36999999999999,63.39,73.75,0,14.58,5.6,2.01,25.799999999999994,13.829999999999991,21.119999999999997,10.359999999999996,0,0.0,0.0,4.0,2.0,0
2023-07-27,7.83,28.69,22.33,15.819999999999993,65.0,80.86999999999999,1,23.38,5.62,6.22,43.57999999999999,17.43999999999999,26.639999999999993,15.869999999999996,0,0.0,0.0,5.0,3.0,0
2023-07-28,13.56,29.31,21.95,24.429999999999993,72.96,94.08,2,4.95,14.58,5.6,42.91,25.799999999999994,37.53,21.119999999999997,0,0.0,0.0,0.0,4.0,0
2023-07-29,11.75,28.24,21.38,33.13999999999999,79.08999999999999,105.73,3,3.04,23.38,5.62,31.36999999999999,43.57999999999999,60.26,26.639999999999993,0,1.0,0.0,0.0,5.0,0
2023-07-30,25.4,26.19,22.5,50.709999999999994,89.91,127.44,4,7.83,4.95,14.58,15.819999999999993,42.91,62.36,37.53,1,0.0,0.0,1.0,0.0,0
2023-07-31,6.84,28.69,21.55,43.98999999999999,73.37,133.63,5,13.56,3.04,23.38,24.429999999999993,31.36999999999999,63.39,60.26,0,0.0,1.0,2.0,0.0,0
2023-08-01,8.22,28.22,22.27,40.45999999999999,76.64,139.0,6,11.75,7.83,4.95,33.13999999999999,15.819999999999993,65.0,62.36,0,0.0,0.0,3.0,1.0,0
2023-08-02,6.98,28.48,22.52,22.039999999999992,80.58,143.97,7,25.4,13.56,3.04,50.709999999999994,24.429999999999993,72.96,63.39,0,0.0,0.0,4.0,2.0,0
2023-08-03,9.24,28.68,21.46,24.43999999999999,81.99,146.98999999999998,8,6.84,11.75,7.83,43.98999999999999,33.13999999999999,79.08999999999999,65.0,0,0.0,0.0,5.0,3.0,0
2023-08-04,5.19,29.75,21.02,21.409999999999993,73.61999999999999,146.57999999999998,9,8.22,25.4,13.56,40.45999999999999,50.709999999999994,89.91,72.96,0,1.0,0.0,6.0,4.0,0
2023-08-05,4.76,29.46,22.17,19.18999999999999,66.63,145.72,0,6.98,6.84,11.75,22.039999999999992,43.98999999999999,73.37,79.08999999999999,0,0.0,0.0,7.0,5.0,0
2023-08-06,1.82,28.88,21.95,11.769999999999989,43.050000000000004,132.96,0,9.24,8.22,25.4,24.43999999999999,40.45999999999999,76.64,89.91,0,0.0,1.0,8.0,6.0,0
2023-08-07,0.29,29.91,22.89,6.8699999999999894,36.50000000000001,109.86999999999999,0,5.19,6.98,6.84,21.409999999999993,22.039999999999992,80.58,73.37,0,0.0,0.0,9.0,7.0,0
2023-08-08,0.85,30.15,22.49,2.9599999999999893,29.13,105.77,0,4.76,9.24,8.22,19.18999999999999,24.43999999999999,81.99,76.64,0,0.0,0.0,0.0,8.0,0
2023-08-09,0.09,31.07,22.98,1.2299999999999893,22.24,102.82000000000001,0,1.82,5.19,6.98,11.769999999999989,21.409999999999993,73.61999999999999,80.58,0,0.0,0.0,0.0,9.0,0
2023-08-10,0.54,31.34,23.71,1.4799999999999893,13.540000000000001,95.53,0,0.29,4.76,9.24,6.8699999999999894,19.18999999999999,66.63,81.99,0,0.0,0.0,0.0,0.0,0
2023-08-11,1.24,31.17,24.3,1.8699999999999892,9.59,83.21,0,0.85,1.82,5.19,2.9599999999999893,11.769999999999989,43.050000000000004,73.61999999999999,0,0.0,0.0,0.0,0.0,0
2023-08-12,4.37,29.75,23.52,6.14999999999999,9.2,75.83,0,0.09,0.29,4.76,1.2299999999999893,6.8699999999999894,36.50000000000001,66.63,0,0.0,0.0,0.0,0.0,0
2023-08-13,6.99,29.95,23.36,12.599999999999989,14.370000000000001,57.42,1,0.54,0.85,1.82,1.4799999999999893,2.9599999999999893,29.13,43.050000000000004,0,0.0,0.0,0.0,0.0,0
2023-08-14,7.98,27.43,23.29,19.33999999999999,22.060000000000002,58.56,2,1.24,0.09,0.29,1.8699999999999892,1.2299999999999893,22.24,36.50000000000001,0,0.0,0.0,0.0,0.0,0
2023-08-15,28.64,26.95,22.99,43.60999999999999,49.85,78.98,3,4.37,0.54,0.85,6.14999999999999,1.4799999999999893,13.540000000000001,29.13,1,0.0,0.0,0.0,0.0,0
2023-08-16,5.23,26.62,22.52,41.849999999999994,54.99000000000001,77.22999999999999,4,6.99,1.24,0.09,12.599999999999989,1.8699999999999892,9.59,22.24,0,0.0,0.0,1.0,0.0,0
2023-08-17,4.5,28.7,21.53,38.36999999999999,58.95,72.49000000000001,0,7.98,4.37,0.54,19.33999999999999,6.14999999999999,9.2,13.540000000000001,0,0.0,0.0,2.0,0.0,0
2023-08-18,9.35,29.05,22.07,19.07999999999999,67.06,76.65,1,28.64,6.99,1.24,43.60999999999999,12.599999999999989,14.370000000000001,9.59,0,0.0,0.0,3.0,1.0,0
2023-08-19,4.35,28.59,21.58,18.199999999999992,67.03999999999999,76.24,0,5.23,7.98,4.37,41.849999999999994,19.33999999999999,22.060000000000002,9.2,0,0.0,0.0,4.0,2.0,0
2023-08-20,6.3,29.07,22.8,19.999999999999993,66.35000000000001,80.72,1,4.5,28.64,6.99,38.36999999999999,43.60999999999999,49.85,14.370000000000001,0,1.0,0.0,0.0,3.0,0
2023-08-21,11.42,28.34,20.89,22.069999999999993,69.78999999999999,91.85,2,9.35,5.23,7.98,19.07999999999999,41.849999999999994,54.99000000000001,22.060000000000002,0,0.0,0.0,1.0,4.0,0
2023-08-22,3.07,28.47,21.42,20.78999999999999,44.22,94.07000000000001,0,4.35,4.5,28.64,18.199999999999992,38.36999999999999,58.95,49.85,0,0.0,1.0,0.0,0.0,0
2023-08-23,16.07,26.35,23.05,30.55999999999999,55.059999999999995,110.05,1,6.3,9.35,5.23,19.999999999999993,19.07999999999999,67.06,54.99000000000001,0,0.0,0.0,1.0,1.0,0
2023-08-24,22.32,27.1,22.58,41.459999999999994,72.88,131.82999999999998,2,11.42,4.35,4.5,22.069999999999993,18.199999999999992,67.03999999999999,58.95,1,0.0,0.0,2.0,0.0,0
2023-08-25,15.74,27.72,20.59,54.12999999999999,79.27,146.33,3,3.07,6.3,9.35,20.78999999999999,19.999999999999993,66.35000000000001,67.06,0,0.0,0.0,0.0,1.0,0
2023-08-26,12.29,26.77,21.31,50.34999999999999,87.21,154.25,4,16.07,11.42,4.35,30.55999999999999,22.069999999999993,69.78999999999999,67.03999999999999,0,0.0,0.0,1.0,2.0,0
2023-08-27,13.23,27.47,21.67,41.25999999999999,94.14,160.49,5,22.32,3.07,6.3,41.459999999999994,20.78999999999999,44.22,66.35000000000001,0,0.0,0.0,2.0,0.0,0
2023-08-28,6.27,28.85,22.26,31.789999999999985,88.99,158.78,6,15.74,16.07,11.42,54.12999999999999,30.55999999999999,55.059999999999995,69.78999999999999,0,0.0,0.0,3.0,1.0,0
2023-08-29,0.22,29.75,21.42,19.719999999999988,86.14,130.35999999999999,0,12.29,22.32,3.07,50.34999999999999,41.459999999999994,72.88,44.22,0,1.0,0.0,4.0,2.0,0
2023-08-30,2.22,29.34,22.09,8.70999999999999,72.28999999999999,127.35000000000001,0,13.23,15.74,16.07,41.25999999999999,54.12999999999999,79.27,55.059999999999995,0,0.0,0.0,5.0,3.0,0
2023-08-31,3.11,29.58,22.0,5.54999999999999,53.08,125.96,0,6.27,12.29,22.32,31.789999999999985,50.34999999999999,87.21,72.88,0,0.0,1.0,6.0,4.0,0
2023-09-01,1.85,28.38,22.23,7.17999999999999,39.19,118.46,0,0.22,13.23,15.74,19.719999999999988,41.25999999999999,94.14,79.27,0,0.0,0.0,0.0,5.0,0
2023-09-02,1.08,28.79,22.38,6.039999999999989,27.979999999999997,115.19,0,2.22,6.27,12.29,8.70999999999999,31.789999999999985,88.99,87.21,0,0.0,0.0,0.0,6.0,0
2023-09-03,1.56,28.39,22.59,4.4899999999999896,16.31,110.45,0,3.11,0.22,13.23,5.54999999999999,19.719999999999988,86.14,94.14,0,0.0,0.0,0.0,0.0,0
2023-09-04,0.44,29.96,22.4,3.0799999999999894,10.48,99.47,0,1.85,2.22,6.27,7.17999999999999,8.70999999999999,72.28999999999999,88.99,0,0.0,0.0,0.0,0.0,0
2023-09-05,2.79,30.12,22.57,4.789999999999989,13.05,99.19,0,1.08,3.11,0.22,6.039999999999989,5.54999999999999,53.08,86.14,0,0.0,0.0,0.0,0.0,0
2023-09-06,7.41,28.86,22.72,10.63999999999999,18.240000000000002,90.53,1,1.56,1.85,2.22,4.4899999999999896,7.17999999999999,39.19,72.28999999999999,0,0.0,0.0,0.0,0.0,0
2023-09-07,2.23,28.43,23.26,12.42999999999999,17.36,70.44,0,0.44,1.08,3.11,3.0799999999999894,6.039999999999989,27.979999999999997,53.08,0,0.0,0.0,0.0,0.0,0
2023-09-08,0.7,28.69,22.87,10.33999999999999,16.21,55.4,0,2.79,1.56,1.85,4.789999999999989,4.4899999999999896,16.31,39.19,0,0.0,0.0,0.0,0.0,0
2023-09-09,4.43,29.22,22.72,7.359999999999989,19.56,47.54,0,7.41,0.44,1.08,10.63999999999999,3.0799999999999894,10.48,27.979999999999997,0,0.0,0.0,1.0,0.0,0
2023-09-10,4.28,29.14,21.16,9.40999999999999,22.28,38.589999999999996,0,2.23,2.79,1.56,12.42999999999999,4.789999999999989,13.05,16.31,0,0.0,0.0,0.0,0.0,0
2023-09-11,1.88,28.94,21.42,10.58999999999999,23.72,34.2,0,0.7,7.41,0.44,10.33999999999999,10.63999999999999,18.240000000000002,10.48,0,0.0,0.0,0.0,1.0,0
2023-09-12,2.72,29.77,21.82,8.87999999999999,23.650000000000002,36.7,0,4.43,2.23,2.79,7.359999999999989,12.42999999999999,17.36,13.05,0,0.0,0.0,0.0,0.0,0
2023-09-13,0.87,29.36,22.28,5.469999999999989,17.11,35.349999999999994,0,4.28,0.7,7.41,9.40999999999999,10.33999999999999,16.21,18.240000000000002,0,0.0,0.0,0.0,0.0,0
2023-09-14,1.75,29.9,22.29,5.339999999999989,16.63,33.989999999999995,0,1.88,4.43,2.23,10.58999999999999,7.359999999999989,19.56,17.36,0,0.0,0.0,0.0,0.0,0
2023-09-15,1.59,30.27,23.08,4.209999999999989,17.52,33.730000000000004,0,2.72,4.28,0.7,8.87999999999999,9.40999999999999,22.28,16.21,0,0.0,0.0,0.0,0.0,0
2023-09-16,2.73,29.94,22.78,6.06999999999999,15.82,35.379999999999995,0,0.87,1.88,4.43,5.469999999999989,10.58999999999999,23.72,19.56,0,0.0,0.0,0.0,0.0,0
2023-09-17,14.91,29.02,21.67,19.22999999999999,26.450000000000003,48.730000000000004,1,1.75,2.72,4.28,5.339999999999989,8.87999999999999,23.650000000000002,22.28,0,0.0,0.0,0.0,0.0,0
2023-09-18,10.68,27.23,22.55,28.31999999999999,35.25,58.97,2,1.59,0.87,1.88,4.209999999999989,5.469999999999989,17.11,23.72,0,0.0,0.0,0.0,0.0,0
2023-09-19,1.81,29.17,21.72,27.399999999999988,34.34,57.99,0,2.73,1.75,2.72,6.06999999999999,5.339999999999989,16.63,23.650000000000002,0,0.0,0.0,0.0,0.0,0
2023-09-20,0.62,30.19,22.21,13.109999999999989,34.089999999999996,51.2,0,14.91,1.59,0.87,19.22999999999999,4.209999999999989,17.52,17.11,0,0.0,0.0,1.0,0.0,0
2023-09-21,0.94,29.83,22.99,3.3699999999999894,33.28,49.91,0,10.68,2.73,1.75,28.31999999999999,6.06999999999999,15.82,16.63,0,0.0,0.0,2.0,0.0,0
2023-09-22,1.09,29.94,22.47,2.6499999999999893,32.78,50.300000000000004,0,1.81,14.91,1.59,27.399999999999988,19.22999999999999,26.450000000000003,17.52,0,0.0,0.0,0.0,1.0,0
2023-09-23,0.68,30.27,22.36,2.7099999999999893,30.73,46.550000000000004,0,0.62,10.68,2.73,13.109999999999989,28.31999999999999,35.25,15.82,0,0.0,0.0,0.0,2.0,0
2023-09-24,1.79,29.73,22.52,3.5599999999999894,17.610000000000003,44.06,0,0.94,1.81,14.91,3.3699999999999894,27.399999999999988,34.34,26.450000000000003,0,0.0,0.0,0.0,0.0,0
2023-09-25,1.14,29.74,20.95,3.6099999999999897,8.070000000000002,43.32,0,1.09,0.62,10.68,2.6499999999999893,13.109999999999989,34.089999999999996,35.25,0,0.0,0.0,0.0,0.0,0
2023-09-26,3.97,29.41,20.0,6.89999999999999,10.23,44.57,0,0.68,0.94,1.81,2.7099999999999893,3.3699999999999894,33.28,34.34,0,0.0,0.0,0.0,0.0,0
2023-09-27,1.2,30.25,21.07,6.309999999999989,10.810000000000002,44.900000000000006,0,1.79,1.09,0.62,3.5599999999999894,2.6499999999999893,32.78,34.089999999999996,0,0.0,0.0,0.0,0.0,0
2023-09-28,3.51,30.12,20.88,8.679999999999989,13.380000000000003,46.660000000000004,0,1.14,0.68,0.94,3.6099999999999897,2.7099999999999893,30.73,33.28,0,0.0,0.0,0.0,0.0,0
2023-09-29,2.13,29.8,20.9,6.839999999999988,14.420000000000002,47.2,0,3.97,1.79,1.09,6.89999999999999,3.5599999999999894,17.610000000000003,32.78,0,0.0,0.0,0.0,0.0,0
2023-09-30,3.26,30.27,20.96,8.899999999999988,17.0,47.730000000000004,0,1.2,1.14,0.68,6.309999999999989,3.6099999999999897,8.070000000000002,30.73,0,0.0,0.0,0.0,0.0,0
2023-10-01,1.82,30.35,21.53,7.209999999999988,17.03,34.64,0,3.51,3.97,1.79,8.679999999999989,6.89999999999999,10.23,17.610000000000003,0,0.0,0.0,0.0,0.0,0
2023-10-02,7.15,30.07,21.75,12.22999999999999,23.040000000000003,31.11,1,2.13,1.2,1.14,6.839999999999988,6.309999999999989,10.810000000000002,8.070000000000002,0,0.0,0.0,0.0,0.0,0
2023-10-03,1.98,30.09,23.69,10.949999999999989,21.050000000000004,31.28,0,3.26,3.51,3.97,8.899999999999988,8.679999999999989,13.380000000000003,10.23,0,0.0,0.0,0.0,0.0,0
2023-10-04,0.13,30.31,23.01,9.25999999999999,19.980000000000004,30.79,0,1.82,2.13,1.2,7.209999999999988,6.839999999999988,14.420000000000002,10.810000000000002,0,0.0,0.0,0.0,0.0,0
2023-10-05,1.82,31.08,22.32,3.9299999999999886,18.290000000000003,31.669999999999998,0,7.15,3.26,3.51,12.22999999999999,8.899999999999988,17.0,13.380000000000003,0,0.0,0.0,1.0,0.0,0
2023-10-06,18.8,28.19,22.87,20.74999999999999,34.96000000000001,49.379999999999995,1,1.98,1.82,2.13,10.949999999999989,7.209999999999988,17.03,14.420000000000002,0,0.0,0.0,0.0,0.0,0
2023-10-07,35.12,25.77,22.54,55.73999999999999,66.82,83.82,2,0.13,7.15,3.26,9.25999999999999,12.22999999999999,23.040000000000003,17.0,1,0.0,0.0,0.0,1.0,0
2023-10-08,39.92,24.37,22.72,93.83999999999999,104.92,121.94999999999999,3,1.82,1.98,1.82,3.9299999999999886,10.949999999999989,21.050000000000004,17.03,1,0.0,0.0,0.0,0.0,0
2023-10-09,6.5,25.83,21.98,81.53999999999999,104.27,127.31,4,18.8,0.13,7.15,20.74999999999999,9.25999999999999,19.980000000000004,23.040000000000003,0,0.0,0.0,1.0,0.0,0
2023-10-10,0.59,28.4,21.43,47.00999999999999,102.88,123.92999999999999,0,35.12,1.82,1.98,55.73999999999999,3.9299999999999886,18.290000000000003,21.050000000000004,0,0.0,0.0,2.0,0.0,0
2023-10-11,0.36,30.3,22.57,7.449999999999986,103.11,123.09,0,39.92,18.8,0.13,93.83999999999999,20.74999999999999,34.96000000000001,19.980000000000004,0,0.0,0.0,3.0,1.0,0
2023-10-12,2.43,29.15,23.84,3.3799999999999857,103.71999999999998,122.01,0,6.5,35.12,1.82,81.53999999999999,55.73999999999999,66.82,18.290000000000003,0,1.0,0.0,4.0,2.0,0
2023-10-13,0.53,30.34,24.17,3.319999999999986,85.44999999999999,120.41000000000001,0,0.59,39.92,18.8,47.00999999999999,93.83999999999999,104.92,34.96000000000001,0,1.0,0.0,0.0,3.0,0
2023-10-14,20.18,26.52,23.91,23.139999999999986,70.51,137.33,1,0.36,6.5,35.12,7.449999999999986,81.53999999999999,104.27,66.82,1,0.0,1.0,0.0,4.0,0
2023-10-15,41.8,24.26,21.01,62.509999999999984,72.39,177.31,2,2.43,0.59,39.92,3.3799999999999857,47.00999999999999,102.88,104.92,1,0.0,1.0,0.0,0.0,0
2023-10-16,9.09,22.91,18.65,71.06999999999998,74.98,179.25,3,0.53,0.36,6.5,3.319999999999986,7.449999999999986,103.11,104.27,0,0.0,0.0,0.0,0.0,0
2023-10-17,0.37,21.63,16.98,51.259999999999984,74.75999999999999,177.64000000000001,0,20.18,2.43,0.59,23.139999999999986,3.3799999999999857,103.71999999999998,102.88,0,0.0,0.0,1.0,0.0,0
2023-10-18,0.16,24.95,16.58,9.619999999999985,74.56,177.67,0,41.8,0.53,0.36,62.509999999999984,3.319999999999986,85.44999999999999,103.11,0,0.0,0.0,2.0,0.0,0
2023-10-19,0.62,26.43,20.98,1.1499999999999857,72.75,176.47,0,9.09,20.18,2.43,71.06999999999998,23.139999999999986,70.51,103.71999999999998,0,1.0,0.0,3.0,1.0,0
2023-10-20,0.04,26.6,20.41,0.8199999999999859,72.26,157.71,0,0.37,41.8,0.53,51.259999999999984,62.509999999999984,72.39,85.44999999999999,0,1.0,0.0,0.0,2.0,0
2023-10-21,0.02,27.08,20.43,0.6799999999999858,52.099999999999994,122.61,0,0.16,9.09,20.18,9.619999999999985,71.06999999999998,74.98,70.51,0,0.0,1.0,0.0,3.0,0
2023-10-22,0.0,27.45,21.05,0.05999999999998579,10.3,82.69,0,0.62,0.37,41.8,1.1499999999999857,51.259999999999984,74.75999999999999,72.39,0,0.0,1.0,0.0,0.0,0
2023-10-23,0.27,27.37,22.74,0.2899999999999858,1.48,76.46,0,0.04,0.16,9.09,0.8199999999999859,9.619999999999985,74.56,74.98,0,0.0,0.0,0.0,0.0,0
2023-10-24,4.28,27.63,23.22,4.5499999999999865,5.390000000000001,80.14999999999999,0,0.02,0.62,0.37,0.6799999999999858,1.1499999999999857,72.75,74.75999999999999,0,0.0,0.0,0.0,0.0,0
2023-10-25,6.56,27.63,22.89,11.109999999999985,11.79,86.35,1,0.0,0.04,0.16,0.05999999999998579,0.8199999999999859,72.26,74.56,0,0.0,0.0,0.0,0.0,0
2023-10-26,8.62,26.8,23.56,19.459999999999987,19.79,92.54,2,0.27,0.02,0.62,0.2899999999999858,0.6799999999999858,52.099999999999994,72.75,0,0.0,0.0,0.0,0.0,0
2023-10-27,1.76,27.27,21.64,16.939999999999984,21.51,93.77000000000001,0,4.28,0.0,0.04,4.5499999999999865,0.05999999999998579,10.3,72.26,0,0.0,0.0,0.0,0.0,0
2023-10-28,2.55,26.37,21.54,12.929999999999986,24.039999999999996,76.14,0,6.56,0.27,0.02,11.109999999999985,0.2899999999999858,1.48,52.099999999999994,0,0.0,0.0,1.0,0.0,0
2023-10-29,0.26,26.17,21.08,4.569999999999983,24.299999999999997,34.6,0,8.62,4.28,0.0,19.459999999999987,4.5499999999999865,5.390000000000001,10.3,0,0.0,0.0,2.0,0.0,0
2023-10-30,20.6,24.33,16.73,23.409999999999986,44.629999999999995,46.11,1,1.76,6.56,0.27,16.939999999999984,11.109999999999985,11.79,1.48,1,0.0,0.0,0.0,1.0,0
2023-10-31,2.25,15.92,12.07,23.109999999999985,42.599999999999994,47.99,0,2.55,8.62,4.28,12.929999999999986,19.459999999999987,19.79,5.390000000000001,0,0.0,0.0,0.0,2.0,0
2023-11-01,1.12,16.25,9.84,23.969999999999988,37.160000000000004,48.949999999999996,0,0.26,1.76,6.56,4.569999999999983,16.939999999999984,21.51,11.79,0,0.0,0.0,0.0,0.0,0
2023-11-02,1.03,20.25,13.09,4.399999999999986,29.57,49.36,0,20.6,2.55,8.62,23.409999999999986,12.929999999999986,24.039999999999996,19.79,0,0.0,0.0,1.0,0.0,0
2023-11-03,0.42,23.56,16.2,2.569999999999986,28.23,49.74,0,2.25,0.26,1.76,23.109999999999985,4.569999999999983,24.299999999999997,21.51,0,0.0,0.0,0.0,0.0,0
2023-11-04,0.04,24.01,17.37,1.4899999999999858,25.720000000000002,49.76,0,1.12,20.6,2.55,23.969999999999988,23.409999999999986,44.629999999999995,24.039999999999996,0,1.0,0.0,0.0,1.0,0
2023-11-05,0.36,23.75,17.66,0.8199999999999857,25.82,50.12,0,1.03,2.25,0.26,4.399999999999986,23.109999999999985,42.599999999999994,24.299999999999997,0,0.0,0.0,0.0,0.0,0
2023-11-06,1.23,23.6,17.29,1.6299999999999857,6.45,51.080000000000005,0,0.42,1.12,20.6,2.569999999999986,23.969999999999988,37.160000000000004,44.629999999999995,0,0.0,1.0,0.0,0.0,0
2023-11-07,0.14,25.52,18.11,1.7299999999999858,4.34,46.940000000000005,0,0.04,1.03,2.25,1.4899999999999858,4.399999999999986,29.57,42.599999999999994,0,0.0,0.0,0.0,0.0,0
2023-11-08,0.18,27.44,19.22,1.5499999999999858,3.4,40.56,0,0.36,0.42,1.12,0.8199999999999857,2.569999999999986,28.23,37.160000000000004,0,0.0,0.0,0.0,0.0,0
2023-11-09,0.61,28.09,20.57,0.9299999999999857,2.9800000000000004,32.550000000000004,0,1.23,0.04,1.03,1.6299999999999857,1.4899999999999858,25.720000000000002,29.57,0,0.0,0.0,0.0,0.0,0
2023-11-10,3.24,25.68,20.56,4.029999999999986,5.800000000000001,34.03,0,0.14,0.36,0.42,1.7299999999999858,0.8199999999999857,25.82,28.23,0,0.0,0.0,0.0,0.0,0
2023-11-11,9.17,24.96,20.01,13.019999999999985,14.93,40.65,1,0.18,1.23,0.04,1.5499999999999858,1.6299999999999857,6.45,25.720000000000002,0,0.0,0.0,0.0,0.0,0
2023-11-12,14.93,21.92,18.56,27.339999999999986,29.5,55.32,2,0.61,0.14,0.36,0.9299999999999857,1.7299999999999858,4.34,25.82,0,0.0,0.0,0.0,0.0,0
2023-11-13,3.59,23.28,17.4,27.689999999999984,31.86,38.31,0,3.24,0.18,1.23,4.029999999999986,1.5499999999999858,3.4,6.45,0,0.0,0.0,0.0,0.0,0
2023-11-14,4.03,21.85,16.81,22.549999999999986,35.75,40.089999999999996,0,9.17,0.61,0.14,13.019999999999985,0.9299999999999857,2.9800000000000004,4.34,0,0.0,0.0,1.0,0.0,0
2023-11-15,1.67,21.83,16.34,9.289999999999985,37.24,40.64,0,14.93,3.24,0.18,27.339999999999986,4.029999999999986,5.800000000000001,3.4,0,0.0,0.0,2.0,0.0,0
2023-11-16,0.16,22.36,15.56,5.859999999999986,36.79,39.77,0,3.59,9.17,0.61,27.689999999999984,13.019999999999985,14.93,2.9800000000000004,0,0.0,0.0,0.0,1.0,0
2023-11-17,0.0,24.65,15.88,1.8299999999999856,33.55,39.35,0,4.03,14.93,3.24,22.549999999999986,27.339999999999986,29.5,5.800000000000001,0,0.0,0.0,0.0,2.0,0
2023-11-18,0.0,24.42,15.69,0.1599999999999858,24.380000000000003,39.31,0,1.67,3.59,9.17,9.289999999999985,27.689999999999984,31.86,14.93,0,0.0,0.0,0.0,0.0,0
2023-11-19,0.01,26.47,16.98,0.00999999999998579,9.460000000000003,38.96,0,0.16,4.03,14.93,5.859999999999986,22.549999999999986,35.75,29.5,0,0.0,0.0,0.0,0.0,0
2023-11-20,0.0,32.08,19.13,0.00999999999998579,5.870000000000002,37.73,0,0.0,1.67,3.59,1.8299999999999856,9.289999999999985,37.24,31.86,0,0.0,0.0,0.0,0.0,0
2023-11-21,5.57,21.56,15.82,5.579999999999986,7.410000000000002,43.16,1,0.0,0.16,4.03,0.1599999999999858,5.859999999999986,36.79,35.75,0,0.0,0.0,0.0,0.0,0
2023-11-22,4.77,16.36,11.06,10.339999999999986,10.510000000000002,47.74999999999999,0,0.01,0.0,1.67,0.00999999999998579,1.8299999999999856,33.55,37.24,0,0.0,0.0,0.0,0.0,0
2023-11-23,1.13,21.03,13.09,11.469999999999985,11.48,48.269999999999996,0,0.0,0.0,0.16,0.00999999999998579,0.1599999999999858,24.380000000000003,36.79,0,0.0,0.0,0.0,0.0,0
2023-11-24,0.28,24.11,17.13,6.1799999999999855,11.760000000000002,45.31,0,5.57,0.01,0.0,5.579999999999986,0.00999999999998579,9.460000000000003,33.55,0,0.0,0.0,1.0,0.0,0
2023-11-25,0.08,25.36,18.07,1.4899999999999858,11.840000000000002,36.22,0,4.77,0.0,0.0,10.339999999999986,0.00999999999998579,5.870000000000002,24.380000000000003,0,0.0,0.0,0.0,0.0,0
2023-11-26,3.02,25.91,18.05,3.3799999999999857,14.850000000000001,24.31,0,1.13,5.57,0.01,11.469999999999985,5.579999999999986,7.410000000000002,9.460000000000003,0,0.0,0.0,0.0,1.0,0
2023-11-27,13.47,20.64,15.12,16.569999999999986,28.32,34.19,1,0.28,4.77,0.0,6.1799999999999855,10.339999999999986,10.510000000000002,5.870000000000002,0,0.0,0.0,0.0,0.0,0
2023-11-28,22.96,17.71,14.43,39.44999999999999,45.71,53.120000000000005,2,0.08,1.13,5.57,1.4899999999999858,11.469999999999985,11.48,7.410000000000002,1,0.0,0.0,0.0,0.0,0
2023-11-29,11.24,19.81,14.87,47.66999999999999,52.18,62.69,3,3.02,0.28,4.77,3.3799999999999857,6.1799999999999855,11.760000000000002,10.510000000000002,0,0.0,0.0,0.0,0.0,0
2023-11-30,0.67,25.7,17.69,34.86999999999999,51.720000000000006,63.2,0,13.47,0.08,1.13,16.569999999999986,1.4899999999999858,11.840000000000002,11.48,0,0.0,0.0,1.0,0.0,0
2023-12-01,0.07,28.47,20.17,11.979999999999986,51.51,63.27,0,22.96,3.02,0.28,39.44999999999999,3.3799999999999857,14.850000000000001,11.760000000000002,0,0.0,0.0,2.0,0.0,0
2023-12-02,3.77,26.29,19.81,4.509999999999986,55.2,67.04,0,11.24,13.47,0.08,47.66999999999999,16.569999999999986,28.32,11.840000000000002,0,0.0,0.0,3.0,1.0,0
2023-12-03,4.35,22.05,15.78,8.189999999999985,56.53,71.38,0,0.67,22.96,3.02,34.86999999999999,39.44999999999999,45.71,14.850000000000001,0,1.0,0.0,0.0,2.0,0
2023-12-04,3.01,23.61,15.2,11.129999999999985,46.07,74.39,0,0.07,11.24,13.47,11.979999999999986,47.66999999999999,52.18,28.32,0,0.0,0.0,0.0,3.0,0
2023-12-05,9.37,20.39,15.83,16.729999999999983,32.48,78.19,1,3.77,0.67,22.96,4.509999999999986,34.86999999999999,51.720000000000006,45.71,0,0.0,1.0,0.0,0.0,0
2023-12-06,26.24,20.6,16.94,38.61999999999998,47.48,99.66,2,4.35,0.07,11.24,8.189999999999985,11.979999999999986,51.51,52.18,1,0.0,0.0,0.0,0.0,0
2023-12-07,1.8,21.75,17.16,37.40999999999998,48.60999999999999,100.33,0,3.01,3.77,0.67,11.129999999999985,4.509999999999986,55.2,51.720000000000006,0,0.0,0.0,0.0,0.0,0
2023-12-08,0.16,26.49,16.97,28.199999999999985,48.7,100.21,0,9.37,4.35,0.07,16.729999999999983,8.189999999999985,56.53,51.51,0,0.0,0.0,1.0,0.0,0
2023-12-09,1.43,26.9,19.39,3.3899999999999855,46.36,101.55999999999999,0,26.24,3.01,3.77,38.61999999999998,11.129999999999985,46.07,55.2,0,0.0,0.0,2.0,0.0,0
2023-12-10,11.04,21.58,11.76,12.629999999999985,53.05,109.58,1,1.8,9.37,4.35,37.40999999999998,16.729999999999983,32.48,56.53,0,0.0,0.0,0.0,1.0,0
2023-12-11,7.96,17.22,11.28,20.429999999999986,58.0,104.07,2,0.16,26.24,3.01,28.199999999999985,38.61999999999998,47.48,46.07,0,1.0,0.0,0.0,2.0,0
2023-12-12,1.21,18.44,13.67,20.209999999999987,49.84,82.32,0,1.43,1.8,9.37,3.3899999999999855,37.40999999999998,48.60999999999999,32.48,0,0.0,0.0,0.0,0.0,0
2023-12-13,1.81,20.43,15.24,10.979999999999986,25.41,72.89,0,11.04,0.16,26.24,12.629999999999985,28.199999999999985,48.7,47.48,0,0.0,1.0,1.0,0.0,0
2023-12-14,10.97,21.64,16.29,13.989999999999988,34.58,83.19,1,7.96,1.43,1.8,20.429999999999986,3.3899999999999855,46.36,48.60999999999999,0,0.0,0.0,2.0,0.0,0
2023-12-15,8.31,21.97,16.76,21.089999999999986,42.730000000000004,91.43,2,1.21,11.04,0.16,20.209999999999987,12.629999999999985,53.05,48.7,0,0.0,0.0,0.0,1.0,0
2023-12-16,9.06,20.51,15.89,28.33999999999999,50.36000000000001,96.72,3,1.81,7.96,1.43,10.979999999999986,20.429999999999986,58.0,46.36,0,0.0,0.0,0.0,2.0,0
2023-12-17,0.07,19.35,13.36,17.439999999999987,39.39000000000001,92.44,0,10.97,1.21,11.04,13.989999999999988,20.209999999999987,49.84,53.05,0,0.0,0.0,1.0,0.0,0
2023-12-18,0.0,19.82,11.23,9.129999999999987,31.43,89.42999999999999,0,8.31,1.81,7.96,21.089999999999986,10.979999999999986,25.41,58.0,0,0.0,0.0,2.0,0.0,0
2023-12-19,0.0,19.25,10.12,0.0699999999999858,30.22,80.06,0,9.06,10.97,1.21,28.33999999999999,13.989999999999988,34.58,49.84,0,0.0,0.0,3.0,1.0,0
2023-12-20,0.0,20.34,12.58,0.0,28.41,53.82,0,0.07,8.31,1.81,17.439999999999987,21.089999999999986,42.730000000000004,25.41,0,0.0,0.0,0.0,2.0,0
2023-12-21,0.22,21.89,16.32,0.2199999999999858,17.66,52.24,0,0.0,9.06,10.97,9.129999999999987,28.33999999999999,50.36000000000001,34.58,0,0.0,0.0,0.0,3.0,0
2023-12-22,0.32,22.14,16.03,0.5399999999999858,9.67,52.4,0,0.0,0.07,8.31,0.0699999999999858,17.439999999999987,39.39000000000001,42.730000000000004,0,0.0,0.0,0.0,0.0,0
2023-12-23,0.21,22.27,17.02,0.7499999999999858,0.82,51.18,0,0.0,0.0,9.06,0.0,9.129999999999987,31.43,50.36000000000001,0,0.0,0.0,0.0,0.0,0
2023-12-24,0.03,25.12,17.14,0.5599999999999858,0.78,40.17,0,0.22,0.0,0.07,0.2199999999999858,0.0699999999999858,30.22,39.39000000000001,0,0.0,0.0,0.0,0.0,0
2023-12-25,1.78,22.77,18.35,2.019999999999986,2.56,33.99,0,0.32,0.0,0.0,0.5399999999999858,0.0,28.41,31.43,0,0.0,0.0,0.0,0.0,0
2023-12-26,2.41,20.44,17.85,4.219999999999986,4.970000000000001,35.19,0,0.21,0.22,0.0,0.7499999999999858,0.2199999999999858,17.66,30.22,0,0.0,0.0,0.0,0.0,0
2023-12-27,3.69,22.07,17.68,7.879999999999986,8.66,37.07000000000001,0,0.03,0.32,0.0,0.5599999999999858,0.5399999999999858,9.67,28.41,0,0.0,0.0,0.0,0.0,0
2023-12-28,5.21,19.58,16.34,11.309999999999985,13.649999999999999,31.31,1,1.78,0.21,0.22,2.019999999999986,0.7499999999999858,0.82,17.66,0,0.0,0.0,0.0,0.0,0
2023-12-29,14.73,17.88,15.3,23.629999999999985,28.06,37.730000000000004,2,2.41,0.03,0.32,4.219999999999986,0.5599999999999858,0.78,9.67,0,0.0,0.0,0.0,0.0,0
2023-12-30,1.92,17.02,14.78,21.859999999999985,29.769999999999996,30.589999999999996,0,3.69,1.78,0.21,7.879999999999986,2.019999999999986,2.56,0.82,0,0.0,0.0,0.0,0.0,0
2023-12-31,0.04,23.26,14.0,16.689999999999987,29.78,30.560000000000002,0,5.21,2.41,0.03,11.309999999999985,4.219999999999986,4.970000000000001,0.78,0,0.0,0.0,1.0,0.0,0
2024-01-01,0.01,23.61,15.9,1.9699999999999858,28.009999999999998,30.57,0,14.73,3.69,1.78,23.629999999999985,7.879999999999986,8.66,2.56,0,0.0,0.0,2.0,0.0,0
2024-01-02,0.14,23.31,16.46,0.1899999999999858,25.74,30.71,0,1.92,5.21,2.41,21.859999999999985,11.309999999999985,13.649999999999999,4.970000000000001,0,0.0,0.0,0.0,1.0,0
2024-01-03,3.59,22.82,17.01,3.7399999999999856,25.639999999999997,34.300000000000004,0,0.04,14.73,3.69,16.689999999999987,23.629999999999985,28.06,8.66,0,0.0,0.0,0.0,2.0,0
2024-01-04,3.15,22.0,15.99,6.879999999999986,23.58,37.230000000000004,0,0.01,1.92,5.21,1.9699999999999858,21.859999999999985,29.769999999999996,13.649999999999999,0,0.0,0.0,0.0,0.0,0
2024-01-05,0.1,25.17,16.73,6.839999999999985,8.95,37.010000000000005,0,0.14,0.04,14.73,0.1899999999999858,16.689999999999987,29.78,28.06,0,0.0,0.0,0.0,0.0,0
2024-01-06,1.52,23.24,16.71,4.769999999999985,8.55,38.32,0,3.59,0.01,1.92,3.7399999999999856,1.9699999999999858,28.009999999999998,29.769999999999996,0,0.0,0.0,0.0,0.0,0
2024-01-07,9.36,20.45,16.96,10.979999999999984,17.87,47.65,1,3.15,0.14,0.04,6.879999999999986,0.1899999999999858,25.74,29.78,0,0.0,0.0,0.0,0.0,0
2024-01-08,0.19,27.39,17.89,11.069999999999984,18.05,46.059999999999995,0,0.1,3.59,0.01,6.839999999999985,3.7399999999999856,25.639999999999997,28.009999999999998,0,0.0,0.0,0.0,0.0,0
2024-01-09,0.02,20.3,12.74,9.569999999999984,17.93,43.67,0,1.52,3.15,0.14,4.769999999999985,6.879999999999986,23.58,25.74,0,0.0,0.0,0.0,0.0,0
2024-01-10,0.43,24.51,12.71,0.639999999999984,14.770000000000001,40.41,0,9.36,0.1,3.59,10.979999999999984,6.839999999999985,8.95,25.639999999999997,0,0.0,0.0,1.0,0.0,0
2024-01-11,0.01,26.78,16.75,0.45999999999998403,11.63,35.21,0,0.19,1.52,3.15,11.069999999999984,4.769999999999985,8.55,23.58,0,0.0,0.0,0.0,0.0,0
2024-01-12,0.01,27.39,14.26,0.449999999999984,11.540000000000001,20.49,0,0.02,9.36,0.1,9.569999999999984,10.979999999999984,17.87,8.95,0,0.0,0.0,0.0,1.0,0
2024-01-13,0.58,21.49,14.29,0.599999999999984,10.6,19.15,0,0.43,0.19,1.52,0.639999999999984,11.069999999999984,18.05,8.55,0,0.0,0.0,0.0,0.0,0
2024-01-14,0.32,21.91,15.74,0.9099999999999839,1.56,19.429999999999996,0,0.01,0.02,9.36,0.45999999999998403,9.569999999999984,17.93,17.87,0,0.0,0.0,0.0,0.0,0
2024-01-15,0.56,25.24,16.57,1.459999999999984,1.9300000000000002,19.98,0,0.01,0.43,0.19,0.449999999999984,0.639999999999984,14.770000000000001,18.05,0,0.0,0.0,0.0,0.0,0
2024-01-16,6.9,18.09,8.75,7.779999999999984,8.81,26.74,1,0.58,0.01,0.02,0.599999999999984,0.45999999999998403,11.63,17.93,0,0.0,0.0,0.0,0.0,0
2024-01-17,0.34,14.87,8.24,7.799999999999984,8.72,23.49,0,0.32,0.01,0.43,0.9099999999999839,0.449999999999984,11.540000000000001,14.770000000000001,0,0.0,0.0,0.0,0.0,0
2024-01-18,0.03,24.23,13.85,7.2699999999999845,8.74,20.369999999999997,0,0.56,0.58,0.01,1.459999999999984,0.599999999999984,10.6,11.63,0,0.0,0.0,0.0,0.0,0
2024-01-19,1.17,22.6,16.02,1.539999999999984,9.900000000000002,21.439999999999998,0,6.9,0.32,0.01,7.779999999999984,0.9099999999999839,1.56,11.540000000000001,0,0.0,0.0,1.0,0.0,0
2024-01-20,11.71,16.82,12.7,12.909999999999984,21.03,31.630000000000003,1,0.34,0.56,0.58,7.799999999999984,1.459999999999984,1.9300000000000002,10.6,0,0.0,0.0,0.0,0.0,0
2024-01-21,28.99,17.76,13.54,41.86999999999998,49.7,51.26,2,0.03,6.9,0.32,7.2699999999999845,7.779999999999984,8.81,1.56,1,0.0,0.0,0.0,1.0,0
2024-01-22,5.75,23.44,17.36,46.44999999999998,54.89,56.82,3,1.17,0.34,0.56,1.539999999999984,7.799999999999984,8.72,1.9300000000000002,0,0.0,0.0,0.0,0.0,0
2024-01-23,0.06,25.75,17.88,34.79999999999998,48.050000000000004,56.86,0,11.71,0.03,6.9,12.909999999999984,7.2699999999999845,8.74,8.81,0,0.0,0.0,1.0,0.0,0
2024-01-24,0.08,27.28,18.11,5.8899999999999855,47.79,56.51,0,28.99,1.17,0.34,41.86999999999998,1.539999999999984,9.900000000000002,8.72,0,0.0,0.0,2.0,0.0,0
2024-01-25,0.77,24.89,17.94,0.9099999999999858,48.53,57.269999999999996,0,5.75,11.71,0.03,46.44999999999998,12.909999999999984,21.03,8.74,0,0.0,0.0,3.0,1.0,0
2024-01-26,0.11,26.55,18.44,0.9599999999999859,47.470000000000006,57.370000000000005,0,0.06,28.99,1.17,34.79999999999998,41.86999999999998,49.7,9.900000000000002,0,1.0,0.0,0.0,2.0,0
2024-01-27,5.58,23.52,16.67,6.459999999999986,41.34,62.37,1,0.08,5.75,11.71,5.8899999999999855,46.44999999999998,54.89,21.03,0,0.0,0.0,0.0,3.0,0
2024-01-28,1.38,18.63,13.53,7.069999999999985,13.730000000000004,63.42999999999999,0,0.77,0.06,28.99,0.9099999999999858,34.79999999999998,48.050000000000004,49.7,0,0.0,1.0,0.0,0.0,0
2024-01-29,1.03,18.26,11.22,7.989999999999986,9.010000000000003,63.9,0,0.11,0.08,5.75,0.9599999999999859,5.8899999999999855,47.79,54.89,0,0.0,0.0,0.0,0.0,0
2024-01-30,0.28,19.01,12.72,2.6899999999999857,9.230000000000004,57.279999999999994,0,5.58,0.77,0.06,6.459999999999986,0.9099999999999858,48.53,48.050000000000004,0,0.0,0.0,1.0,0.0,0
2024-01-31,0.07,19.64,14.39,1.379999999999986,9.220000000000004,57.01,0,1.38,0.11,0.08,7.069999999999985,0.9599999999999859,47.470000000000006,47.79,0,0.0,0.0,0.0,0.0,0
2024-02-01,0.03,20.54,15.62,0.3799999999999858,8.480000000000004,57.01,0,1.03,5.58,0.77,7.989999999999986,6.459999999999986,41.34,48.53,0,0.0,0.0,0.0,1.0,0
2024-02-02,0.0,26.01,16.37,0.0999999999999858,8.370000000000005,55.839999999999996,0,0.28,1.38,0.11,2.6899999999999857,7.069999999999985,13.730000000000004,47.470000000000006,0,0.0,0.0,0.0,0.0,0
2024-02-03,0.0,27.91,17.31,0.029999999999985788,2.7900000000000036,44.129999999999995,0,0.07,1.03,5.58,1.379999999999986,7.989999999999986,9.010000000000003,41.34,0,0.0,0.0,0.0,0.0,0
2024-02-04,0.01,24.83,16.12,0.00999999999998579,1.4200000000000037,15.15,0,0.03,0.28,1.38,0.3799999999999858,2.6899999999999857,9.230000000000004,13.730000000000004,0,0.0,0.0,0.0,0.0,0
2024-02-05,0.0,21.08,12.29,0.00999999999998579,0.39000000000000357,9.4,0,0.0,0.07,1.03,0.0999999999999858,1.379999999999986,9.220000000000004,9.010000000000003,0,0.0,0.0,0.0,0.0,0
2024-02-06,0.01,19.57,10.58,0.01999999999998579,0.12000000000000356,9.35,0,0.0,0.03,0.28,0.029999999999985788,0.3799999999999858,8.480000000000004,9.230000000000004,0,0.0,0.0,0.0,0.0,0
2024-02-07,0.0,22.93,11.88,0.00999999999998579,0.050000000000003555,9.27,0,0.01,0.0,0.07,0.00999999999998579,0.0999999999999858,8.370000000000005,9.220000000000004,0,0.0,0.0,0.0,0.0,0
2024-02-08,0.0,26.25,16.23,0.00999999999998579,0.020000000000003553,8.5,0,0.0,0.0,0.03,0.00999999999998579,0.029999999999985788,2.7900000000000036,8.480000000000004,0,0.0,0.0,0.0,0.0,0
2024-02-09,0.07,25.9,16.68,0.0699999999999858,0.09000000000000356,8.46,0,0.01,0.01,0.0,0.01999999999998579,0.00999999999998579,1.4200000000000037,8.370000000000005,0,0.0,0.0,0.0,0.0,0
2024-02-10,0.0,26.85,16.9,0.0699999999999858,0.09000000000000356,2.88,0,0.0,0.0,0.0,0.00999999999998579,0.00999999999998579,0.39000000000000357,2.7900000000000036,0,0.0,0.0,0.0,0.0,0
2024-02-11,0.08,31.33,18.11,0.1499999999999858,0.16000000000000358,1.58,0,0.0,0.01,0.01,0.00999999999998579,0.01999999999998579,0.12000000000000356,1.4200000000000037,0,0.0,0.0,0.0,0.0,0
2024-02-12,4.65,20.44,13.75,4.729999999999986,4.810000000000004,5.2,0,0.07,0.0,0.0,0.0699999999999858,0.00999999999998579,0.050000000000003555,0.39000000000000357,0,0.0,0.0,0.0,0.0,0
2024-02-13,0.02,19.04,13.13,4.749999999999986,4.820000000000004,4.9399999999999995,0,0.0,0.0,0.01,0.0699999999999858,0.00999999999998579,0.020000000000003553,0.12000000000000356,0,0.0,0.0,0.0,0.0,0
2024-02-14,0.03,24.55,14.72,4.699999999999986,4.850000000000004,4.9,0,0.08,0.07,0.0,0.1499999999999858,0.0699999999999858,0.09000000000000356,0.050000000000003555,0,0.0,0.0,0.0,0.0,0
2024-02-15,0.73,25.45,17.28,0.7799999999999858,5.5800000000000045,5.6000000000000005,0,4.65,0.0,0.0,4.729999999999986,0.0699999999999858,0.09000000000000356,0.020000000000003553,0,0.0,0.0,0.0,0.0,0
2024-02-16,1.0,26.16,18.27,1.7599999999999858,6.510000000000004,6.6000000000000005,0,0.02,0.08,0.07,4.749999999999986,0.1499999999999858,0.16000000000000358,0.09000000000000356,0,0.0,0.0,0.0,0.0,0
2024-02-17,20.81,21.79,12.16,22.539999999999985,27.320000000000004,27.41,1,0.03,4.65,0.0,4.699999999999986,4.729999999999986,4.810000000000004,0.09000000000000356,1,0.0,0.0,0.0,0.0,0
2024-02-18,1.68,15.51,10.05,23.489999999999984,28.920000000000005,29.08,0,0.73,0.02,0.08,0.7799999999999858,4.749999999999986,4.820000000000004,0.16000000000000358,0,0.0,0.0,0.0,0.0,0
2024-02-19,0.01,22.25,10.36,22.499999999999986,24.280000000000005,29.09,0,1.0,0.03,4.65,1.7599999999999858,4.699999999999986,4.850000000000004,4.810000000000004,0,0.0,0.0,0.0,0.0,0
2024-02-20,0.0,23.64,14.8,1.6899999999999857,24.260000000000005,29.080000000000002,0,20.81,0.73,0.02,22.539999999999985,0.7799999999999858,5.5800000000000045,4.820000000000004,0,0.0,0.0,1.0,0.0,0
2024-02-21,0.0,25.55,15.47,0.00999999999998579,24.230000000000004,29.080000000000002,0,1.68,1.0,0.03,23.489999999999984,1.7599999999999858,6.510000000000004,4.850000000000004,0,0.0,0.0,0.0,0.0,0
2024-02-22,0.0,31.33,15.19,0.0,23.500000000000004,29.080000000000002,0,0.01,20.81,0.73,22.499999999999986,22.539999999999985,27.320000000000004,5.5800000000000045,0,1.0,0.0,0.0,1.0,0
2024-02-23,0.01,25.5,15.5,0.00999999999998579,22.51,29.02,0,0.0,1.68,1.0,1.6899999999999857,23.489999999999984,28.920000000000005,6.510000000000004,0,0.0,0.0,0.0,0.0,0
2024-02-24,0.32,23.25,16.8,0.3299999999999858,2.0200000000000036,29.34,0,0.0,0.01,20.81,0.00999999999998579,22.499999999999986,24.280000000000005,27.320000000000004,0,0.0,1.0,0.0,0.0,0
2024-02-25,0.0,25.67,14.6,0.3299999999999858,0.3400000000000036,29.259999999999998,0,0.0,0.0,1.68,0.0,1.6899999999999857,24.260000000000005,28.920000000000005,0,0.0,0.0,0.0,0.0,0
2024-02-26,0.0,29.67,17.81,0.3199999999999858,0.33000000000000357,24.61,0,0.01,0.0,0.01,0.00999999999998579,0.00999999999998579,24.230000000000004,24.280000000000005,0,0.0,0.0,0.0,0.0,0
2024-02-27,0.0,31.97,17.63,0.0,0.33000000000000357,24.59,0,0.32,0.0,0.0,0.3299999999999858,0.0,23.500000000000004,24.260000000000005,0,0.0,0.0,0.0,0.0,0
2024-02-28,0.08,30.31,18.19,0.07999999999998579,0.4100000000000036,24.64,0,0.0,0.01,0.0,0.3299999999999858,0.00999999999998579,22.51,24.230000000000004,0,0.0,0.0,0.0,0.0,0
2024-02-29,3.05,25.88,18.25,3.1299999999999857,3.4600000000000035,26.959999999999997,0,0.0,0.32,0.0,0.3199999999999858,0.3299999999999858,2.0200000000000036,23.500000000000004,0,0.0,0.0,0.0,0.0,0
2024-03-01,0.4,27.33,18.45,3.5299999999999856,3.8500000000000036,26.36,0,0.0,0.0,0.01,0.0,0.3299999999999858,0.3400000000000036,22.51,0,0.0,0.0,0.0,0.0,0
2024-03-02,0.14,27.47,19.18,3.5899999999999856,3.6700000000000035,5.6899999999999995,0,0.08,0.0,0.32,0.07999999999998579,0.3199999999999858,0.33000000000000357,2.0200000000000036,0,0.0,0.0,0.0,0.0,0
2024-03-03,0.0,30.31,18.17,0.5399999999999858,3.6700000000000035,4.01,0,3.05,0.0,0.0,3.1299999999999857,0.0,0.33000000000000357,0.3400000000000036,0,0.0,0.0,0.0,0.0,0
2024-03-04,0.0,30.75,18.77,0.1399999999999858,3.6700000000000035,4.0,0,0.4,0.08,0.0,3.5299999999999856,0.07999999999998579,0.4100000000000036,0.33000000000000357,0,0.0,0.0,0.0,0.0,0
2024-03-05,0.0,29.89,19.58,0.0,3.6700000000000035,4.0,0,0.14,3.05,0.0,3.5899999999999856,3.1299999999999857,3.4600000000000035,0.33000000000000357,0,0.0,0.0,0.0,0.0,0
2024-03-06,0.0,28.92,19.16,0.0,3.5900000000000034,4.0,0,0.0,0.4,0.08,0.5399999999999858,3.5299999999999856,3.8500000000000036,0.4100000000000036,0,0.0,0.0,0.0,0.0,0
2024-03-07,0.03,33.48,18.58,0.029999999999985788,0.5700000000000036,4.03,0,0.0,0.14,3.05,0.1399999999999858,3.5899999999999856,3.6700000000000035,3.4600000000000035,0,0.0,0.0,0.0,0.0,0
2024-03-08,0.0,33.93,21.86,0.029999999999985788,0.17000000000000356,4.0200000000000005,0,0.0,0.0,0.4,0.0,0.5399999999999858,3.6700000000000035,3.8500000000000036,0,0.0,0.0,0.0,0.0,0
2024-03-09,7.2,26.65,18.18,7.229999999999986,7.230000000000004,10.9,1,0.0,0.0,0.14,0.0,0.1399999999999858,3.6700000000000035,3.6700000000000035,0,0.0,0.0,0.0,0.0,0
2024-03-10,4.0,20.53,16.41,11.199999999999985,11.230000000000004,14.9,0,0.03,0.0,0.0,0.029999999999985788,0.0,3.6700000000000035,3.6700000000000035,0,0.0,0.0,0.0,0.0,0
2024-03-11,0.86,24.77,16.05,12.059999999999986,12.090000000000003,15.76,0,0.0,0.0,0.0,0.029999999999985788,0.0,3.5900000000000034,3.6700000000000035,0,0.0,0.0,0.0,0.0,0
2024-03-12,0.16,29.25,17.46,5.019999999999985,12.250000000000004,15.92,0,7.2,0.03,0.0,7.229999999999986,0.029999999999985788,0.5700000000000036,3.6700000000000035,0,0.0,0.0,1.0,0.0,0
2024-03-13,0.01,30.56,18.85,1.0299999999999858,12.260000000000003,15.85,0,4.0,0.0,0.0,11.199999999999985,0.029999999999985788,0.17000000000000356,3.5900000000000034,0,0.0,0.0,0.0,0.0,0
2024-03-14,0.01,32.23,20.9,0.17999999999998578,12.240000000000004,12.81,0,0.86,7.2,0.03,12.059999999999986,7.229999999999986,7.230000000000004,0.5700000000000036,0,0.0,0.0,0.0,1.0,0
2024-03-15,0.0,33.25,21.1,0.01999999999998579,12.240000000000004,12.41,0,0.16,4.0,0.0,5.019999999999985,11.199999999999985,11.230000000000004,0.17000000000000356,0,0.0,0.0,0.0,0.0,0
2024-03-16,0.05,30.54,19.83,0.059999999999985794,5.090000000000003,12.32,0,0.01,0.86,7.2,1.0299999999999858,12.059999999999986,12.090000000000003,7.230000000000004,0,0.0,0.0,0.0,0.0,0
2024-03-17,0.12,31.57,20.69,0.16999999999998577,1.2100000000000035,12.440000000000001,0,0.01,0.16,4.0,0.17999999999998578,5.019999999999985,12.250000000000004,11.230000000000004,0,0.0,0.0,0.0,0.0,0
2024-03-18,8.11,27.91,20.64,8.279999999999985,8.460000000000003,20.55,1,0.0,0.01,0.86,0.01999999999998579,1.0299999999999858,12.260000000000003,12.090000000000003,0,0.0,0.0,0.0,0.0,0
2024-03-19,5.34,24.93,20.04,13.569999999999984,13.640000000000002,25.89,2,0.05,0.01,0.16,0.059999999999985794,0.17999999999998578,12.240000000000004,12.250000000000004,0,0.0,0.0,0.0,0.0,0
2024-03-20,1.44,29.31,20.02,14.889999999999985,15.070000000000002,27.330000000000002,0,0.12,0.0,0.01,0.16999999999998577,0.01999999999998579,12.240000000000004,12.260000000000003,0,0.0,0.0,0.0,0.0,0
2024-03-21,0.05,31.65,19.85,6.829999999999986,15.110000000000003,27.349999999999998,0,8.11,0.05,0.01,8.279999999999985,0.059999999999985794,5.090000000000003,12.240000000000004,0,0.0,0.0,1.0,0.0,0
2024-03-22,0.69,29.77,20.63,2.1799999999999855,15.800000000000002,28.04,0,5.34,0.12,0.0,13.569999999999984,0.16999999999998577,1.2100000000000035,12.240000000000004,0,0.0,0.0,2.0,0.0,0
2024-03-23,0.92,27.53,18.52,1.659999999999986,16.67,21.76,0,1.44,8.11,0.05,14.889999999999985,8.279999999999985,8.460000000000003,5.090000000000003,0,0.0,0.0,0.0,1.0,0
2024-03-24,0.0,32.85,17.91,1.6099999999999857,16.55,17.76,0,0.05,5.34,0.12,6.829999999999986,13.569999999999984,13.640000000000002,1.2100000000000035,0,0.0,0.0,0.0,2.0,0
2024-03-25,0.01,37.1,18.93,0.9299999999999858,8.450000000000003,16.91,0,0.69,1.44,8.11,2.1799999999999855,14.889999999999985,15.070000000000002,8.460000000000003,0,0.0,0.0,0.0,0.0,0
2024-03-26,0.0,28.67,18.82,0.00999999999998579,3.1100000000000034,16.75,0,0.92,0.05,5.34,1.659999999999986,6.829999999999986,15.110000000000003,13.640000000000002,0,0.0,0.0,0.0,0.0,0
2024-03-27,0.16,27.65,17.07,0.1699999999999858,1.8300000000000036,16.9,0,0.0,0.69,1.44,1.6099999999999857,2.1799999999999855,15.800000000000002,15.070000000000002,0,0.0,0.0,0.0,0.0,0
2024-03-28,0.9,24.25,17.58,1.0599999999999858,2.6800000000000037,17.790000000000003,0,0.01,0.92,0.05,0.9299999999999858,1.659999999999986,16.67,15.110000000000003,0,0.0,0.0,0.0,0.0,0
2024-03-29,0.04,29.14,16.32,1.0999999999999859,2.030000000000004,17.830000000000002,0,0.0,0.0,0.69,0.00999999999998579,1.6099999999999857,16.55,15.800000000000002,0,0.0,0.0,0.0,0.0,0
2024-03-30,0.0,32.43,17.65,0.9399999999999858,1.1100000000000037,17.78,0,0.16,0.01,0.92,0.1699999999999858,0.9299999999999858,8.450000000000003,16.67,0,0.0,0.0,0.0,0.0,0
2024-03-31,0.04,33.66,19.97,0.07999999999998579,1.1500000000000035,17.7,0,0.9,0.0,0.0,1.0599999999999858,0.00999999999998579,3.1100000000000034,16.55,0,0.0,0.0,0.0,0.0,0
2024-04-01,0.0,35.61,21.87,0.03999999999998579,1.1400000000000037,9.59,0,0.04,0.16,0.01,1.0999999999999859,0.1699999999999858,1.8300000000000036,8.450000000000003,0,0.0,0.0,0.0,0.0,1
2024-04-02,0.09,34.75,21.3,0.1299999999999858,1.2300000000000038,4.34,0,0.0,0.9,0.0,0.9399999999999858,1.0599999999999858,2.6800000000000037,3.1100000000000034,0,0.0,0.0,0.0,0.0,0
2024-04-03,1.81,25.71,16.57,1.899999999999986,2.8800000000000034,4.71,0,0.04,0.04,0.16,0.07999999999998579,1.0999999999999859,2.030000000000004,1.8300000000000036,0,0.0,0.0,0.0,0.0,0
2024-04-04,0.26,26.58,15.85,2.159999999999986,2.2400000000000038,4.92,0,0.0,0.0,0.9,0.03999999999998579,0.9399999999999858,1.1100000000000037,2.6800000000000037,0,0.0,0.0,0.0,0.0,0
2024-04-05,0.08,29.09,17.38,2.149999999999986,2.280000000000004,4.31,0,0.09,0.04,0.04,0.1299999999999858,0.07999999999998579,1.1500000000000035,2.030000000000004,0,0.0,0.0,0.0,0.0,0
2024-04-06,0.0,32.45,18.97,0.3399999999999858,2.280000000000004,3.39,0,1.81,0.0,0.0,1.899999999999986,0.03999999999998579,1.1400000000000037,1.1100000000000037,0,0.0,0.0,0.0,0.0,0
2024-04-07,0.01,34.26,21.16,0.08999999999998579,2.2500000000000036,3.4,0,0.26,0.09,0.04,2.159999999999986,0.1299999999999858,1.2300000000000038,1.1500000000000035,0,0.0,0.0,0.0,0.0,0
2024-04-08,0.01,35.0,21.68,0.01999999999998579,2.260000000000004,3.4000000000000004,0,0.08,1.81,0.0,2.149999999999986,1.899999999999986,2.8800000000000034,1.1400000000000037,0,0.0,0.0,0.0,0.0,0
2024-04-09,0.0,36.65,22.84,0.01999999999998579,2.170000000000004,3.4000000000000004,0,0.0,0.26,0.09,0.3399999999999858,2.159999999999986,2.2400000000000038,1.2300000000000038,0,0.0,0.0,0.0,0.0,1
2024-04-10,0.0,29.82,20.28,0.00999999999998579,0.36000000000000354,3.24,0,0.01,0.08,1.81,0.08999999999998579,2.149999999999986,2.280000000000004,2.8800000000000034,0,0.0,0.0,0.0,0.0,0
2024-04-11,0.0,26.44,17.49,0.0,0.10000000000000356,2.3400000000000003,0,0.01,0.0,0.26,0.01999999999998579,0.3399999999999858,2.280000000000004,2.2400000000000038,0,0.0,0.0,0.0,0.0,0
2024-04-12,0.23,27.65,16.61,0.2299999999999858,0.25000000000000355,2.5300000000000002,0,0.0,0.01,0.08,0.01999999999998579,0.08999999999998579,2.2500000000000036,2.280000000000004,0,0.0,0.0,0.0,0.0,0
2024-04-13,0.02,29.33,16.9,0.2499999999999858,0.27000000000000357,2.5500000000000003,0,0.0,0.01,0.0,0.00999999999998579,0.01999999999998579,2.260000000000004,2.280000000000004,0,0.0,0.0,0.0,0.0,0
2024-04-14,0.0,31.13,18.38,0.2499999999999858,0.26000000000000356,2.5100000000000002,0,0.0,0.0,0.01,0.0,0.01999999999998579,2.170000000000004,2.2500000000000036,0,0.0,0.0,0.0,0.0,0
2024-04-15,0.0,34.61,20.42,0.01999999999998579,0.25000000000000355,2.5100000000000002,0,0.23,0.0,0.01,0.2299999999999858,0.00999999999998579,0.36000000000000354,2.260000000000004,0,0.0,0.0,0.0,0.0,0
2024-04-16,0.0,37.41,22.79,0.0,0.25000000000000355,2.4200000000000004,0,0.02,0.0,0.0,0.2499999999999858,0.0,0.10000000000000356,2.170000000000004,0,0.0,0.0,0.0,0.0,1
2024-04-17,0.01,36.12,23.44,0.00999999999998579,0.26000000000000356,0.62,0,0.0,0.23,0.0,0.2499999999999858,0.2299999999999858,0.25000000000000355,0.36000000000000354,0,0.0,0.0,0.0,0.0,1
2024-04-18,0.04,35.16,22.41,0.04999999999998579,0.30000000000000354,0.4,0,0.0,0.02,0.0,0.01999999999998579,0.2499999999999858,0.27000000000000357,0.10000000000000356,0,0.0,0.0,0.0,0.0,1
2024-04-19,0.64,33.57,22.01,0.6899999999999858,0.7100000000000035,0.96,0,0.0,0.0,0.23,0.0,0.2499999999999858,0.26000000000000356,0.25000000000000355,0,0.0,0.0,0.0,0.0,0
2024-04-20,0.15,34.17,22.45,0.8299999999999859,0.8400000000000036,1.11,0,0.01,0.0,0.02,0.00999999999998579,0.01999999999998579,0.25000000000000355,0.27000000000000357,0,0.0,0.0,0.0,0.0,0
2024-04-21,11.96,30.68,20.57,12.749999999999986,12.800000000000004,13.06,1,0.04,0.0,0.0,0.04999999999998579,0.0,0.25000000000000355,0.26000000000000356,0,0.0,0.0,0.0,0.0,0
2024-04-22,13.82,26.68,20.02,25.929999999999986,26.620000000000005,26.87,2,0.64,0.01,0.0,0.6899999999999858,0.00999999999998579,0.26000000000000356,0.25000000000000355,0,0.0,0.0,0.0,0.0,0
2024-04-23,0.72,30.09,20.62,26.499999999999986,27.340000000000003,27.59,0,0.15,0.04,0.0,0.8299999999999859,0.04999999999998579,0.30000000000000354,0.25000000000000355,0,0.0,0.0,0.0,0.0,0
2024-04-24,0.09,31.59,20.8,14.629999999999987,27.42,27.68,0,11.96,0.64,0.01,12.749999999999986,0.6899999999999858,0.7100000000000035,0.26000000000000356,0,0.0,0.0,1.0,0.0,0
2024-04-25,0.03,32.54,20.67,0.8399999999999858,27.410000000000004,27.71,0,13.82,0.15,0.04,25.929999999999986,0.8299999999999859,0.8400000000000036,0.30000000000000354,0,0.0,0.0,2.0,0.0,0
2024-04-26,0.01,34.83,22.49,0.1299999999999858,26.780000000000005,27.490000000000002,0,0.72,11.96,0.64,26.499999999999986,12.749999999999986,12.800000000000004,0.7100000000000035,0,0.0,0.0,0.0,1.0,0
2024-04-27,0.0,34.81,24.21,0.03999999999998579,26.630000000000006,27.470000000000002,0,0.09,13.82,0.15,14.629999999999987,25.929999999999986,26.620000000000005,0.8400000000000036,0,0.0,0.0,0.0,2.0,0
2024-04-28,0.02,35.29,22.89,0.029999999999985788,14.690000000000003,27.490000000000002,0,0.03,0.72,11.96,0.8399999999999858,26.499999999999986,27.340000000000003,12.800000000000004,0,0.0,0.0,0.0,0.0,0
2024-04-29,1.11,33.56,22.9,1.129999999999986,1.9800000000000035,28.6,0,0.01,0.09,13.82,0.1299999999999858,14.629999999999987,27.42,26.620000000000005,0,0.0,0.0,0.0,0.0,0
2024-04-30,0.56,32.35,22.71,1.689999999999986,1.8200000000000036,29.16,0,0.0,0.03,0.72,0.03999999999998579,0.8399999999999858,27.410000000000004,27.340000000000003,0,0.0,0.0,0.0,0.0,0
2024-05-01,0.32,36.15,23.34,1.989999999999986,2.0500000000000034,29.47,0,0.02,0.01,0.09,0.029999999999985788,0.1299999999999858,26.780000000000005,27.42,0,0.0,0.0,0.0,0.0,1
2024-05-02,0.64,36.15,25.18,1.5199999999999858,2.6600000000000037,30.07,0,1.11,0.0,0.03,1.129999999999986,0.03999999999998579,26.630000000000006,27.410000000000004,0,0.0,0.0,0.0,0.0,1
2024-05-03,0.93,36.88,24.68,1.889999999999986,3.5800000000000036,30.36,0,0.56,0.02,0.01,1.689999999999986,0.029999999999985788,14.690000000000003,26.780000000000005,0,0.0,0.0,0.0,0.0,1
2024-05-04,0.38,36.29,24.26,1.9499999999999857,3.9600000000000035,30.59,0,0.32,1.11,0.0,1.989999999999986,1.129999999999986,1.9800000000000035,26.630000000000006,0,0.0,0.0,0.0,0.0,1
2024-05-05,0.15,36.9,24.27,1.4599999999999858,4.090000000000003,18.78,0,0.64,0.56,0.02,1.5199999999999858,1.689999999999986,1.8200000000000036,14.690000000000003,0,0.0,0.0,0.0,0.0,1
2024-05-06,0.03,37.73,24.51,0.5599999999999858,3.010000000000004,4.99,0,0.93,0.32,1.11,1.889999999999986,1.989999999999986,2.0500000000000034,1.9800000000000035,0,0.0,0.0,0.0,0.0,1
2024-05-07,0.02,39.61,26.49,0.19999999999998577,2.4700000000000037,4.29,0,0.38,0.64,0.56,1.9499999999999857,1.5199999999999858,2.6600000000000037,1.8200000000000036,0,0.0,0.0,0.0,0.0,1
2024-05-08,0.01,41.48,26.18,0.05999999999998579,2.1600000000000037,4.210000000000001,0,0.15,0.93,0.32,1.4599999999999858,1.889999999999986,3.5800000000000036,2.0500000000000034,0,0.0,0.0,0.0,0.0,1
2024-05-09,0.0,41.77,27.8,0.029999999999985788,1.5200000000000036,4.180000000000001,0,0.03,0.38,0.64,0.5599999999999858,1.9499999999999857,3.9600000000000035,2.6600000000000037,0,0.0,0.0,0.0,0.0,1
2024-05-10,0.0,39.51,26.61,0.00999999999998579,0.5900000000000035,4.170000000000001,0,0.02,0.15,0.93,0.19999999999998577,1.4599999999999858,4.090000000000003,3.5800000000000036,0,0.0,0.0,0.0,0.0,1
2024-05-11,0.01,34.13,23.16,0.00999999999998579,0.22000000000000355,4.180000000000001,0,0.01,0.03,0.38,0.05999999999998579,0.5599999999999858,3.010000000000004,3.9600000000000035,0,0.0,0.0,0.0,0.0,0
2024-05-12,0.0,37.21,22.59,0.00999999999998579,0.07000000000000356,4.16,0,0.0,0.02,0.15,0.029999999999985788,0.19999999999998577,2.4700000000000037,4.090000000000003,0,0.0,0.0,0.0,0.0,1
2024-05-13,0.01,38.77,25.34,0.01999999999998579,0.050000000000003555,3.06,0,0.0,0.01,0.03,0.00999999999998579,0.05999999999998579,2.1600000000000037,3.010000000000004,0,0.0,0.0,0.0,0.0,1
2024-05-14,0.5,33.64,25.48,0.5099999999999858,0.5300000000000036,3.0,0,0.01,0.0,0.02,0.00999999999998579,0.029999999999985788,1.5200000000000036,2.4700000000000037,0,0.0,0.0,0.0,0.0,0
2024-05-15,1.09,36.09,24.28,1.5999999999999859,1.6100000000000037,3.7700000000000005,0,0.0,0.0,0.01,0.00999999999998579,0.00999999999998579,0.5900000000000035,2.1600000000000037,0,0.0,0.0,0.0,0.0,1
2024-05-16,0.21,39.22,25.44,1.7999999999999858,1.8200000000000036,3.3400000000000003,0,0.01,0.01,0.0,0.01999999999998579,0.00999999999998579,0.22000000000000355,1.5200000000000036,0,0.0,0.0,0.0,0.0,1
2024-05-17,0.03,39.16,26.97,1.3299999999999859,1.8500000000000036,2.44,0,0.5,0.0,0.0,0.5099999999999858,0.00999999999998579,0.07000000000000356,0.5900000000000035,0,0.0,0.0,0.0,0.0,1
2024-05-18,1.5,34.36,25.75,1.7399999999999858,3.3400000000000034,3.56,0,1.09,0.01,0.01,1.5999999999999859,0.01999999999998579,0.050000000000003555,0.22000000000000355,0,0.0,0.0,0.0,0.0,0
2024-05-19,2.49,34.97,24.23,4.019999999999986,5.830000000000004,5.9,0,0.21,0.5,0.0,1.7999999999999858,0.5099999999999858,0.5300000000000036,0.07000000000000356,0,0.0,0.0,0.0,0.0,0
2024-05-20,0.06,37.07,25.36,4.049999999999986,5.8800000000000034,5.93,0,0.03,1.09,0.01,1.3299999999999859,1.5999999999999859,1.6100000000000037,0.050000000000003555,0,0.0,0.0,0.0,0.0,0
2024-05-21,0.03,37.36,24.23,2.579999999999986,5.410000000000004,5.94,0,1.5,0.21,0.5,1.7399999999999858,1.7999999999999858,1.8200000000000036,0.5300000000000036,0,0.0,0.0,0.0,0.0,0
2024-05-22,0.11,36.76,25.14,0.1999999999999858,4.430000000000004,6.04,0,2.49,0.03,1.09,4.019999999999986,1.3299999999999859,1.8500000000000036,1.6100000000000037,0,0.0,0.0,0.0,0.0,1
2024-05-23,0.08,37.58,25.72,0.2199999999999858,4.300000000000003,6.12,0,0.06,1.5,0.21,4.049999999999986,1.7399999999999858,3.3400000000000034,1.8200000000000036,0,0.0,0.0,0.0,0.0,1
2024-05-24,0.07,38.65,26.29,0.2599999999999858,4.340000000000003,6.1899999999999995,0,0.03,2.49,0.03,2.579999999999986,4.019999999999986,5.830000000000004,1.8500000000000036,0,0.0,0.0,0.0,0.0,1
2024-05-25,0.04,37.7,25.99,0.18999999999998582,2.880000000000004,6.22,0,0.11,0.06,1.5,0.1999999999999858,4.049999999999986,5.8800000000000034,3.3400000000000034,0,0.0,0.0,0.0,0.0,1
2024-05-26,0.0,41.44,26.96,0.1099999999999858,0.39000000000000357,6.22,0,0.08,0.03,2.49,0.2199999999999858,2.579999999999986,5.410000000000004,5.830000000000004,0,0.0,0.0,0.0,0.0,1
2024-05-27,0.06,38.36,25.58,0.0999999999999858,0.39000000000000357,6.2700000000000005,0,0.07,0.11,0.06,0.2599999999999858,0.1999999999999858,4.430000000000004,5.8800000000000034,0,0.0,0.0,0.0,0.0,1
2024-05-28,0.15,36.71,26.01,0.20999999999998578,0.5100000000000036,5.92,0,0.04,0.08,0.03,0.18999999999998582,0.2199999999999858,4.300000000000003,5.410000000000004,0,0.0,0.0,0.0,0.0,1
2024-05-29,0.77,35.04,24.85,0.9799999999999858,1.1700000000000035,5.6000000000000005,0,0.0,0.07,0.11,0.1099999999999858,0.2599999999999858,4.340000000000003,4.430000000000004,0,0.0,0.0,0.0,0.0,1
2024-05-30,0.11,35.99,23.64,1.0299999999999858,1.2000000000000035,5.500000000000001,0,0.06,0.04,0.08,0.0999999999999858,0.18999999999998582,2.880000000000004,4.300000000000003,0,0.0,0.0,0.0,0.0,1
2024-05-31,0.0,37.27,24.6,0.8799999999999858,1.1300000000000037,5.470000000000001,0,0.15,0.0,0.07,0.20999999999998578,0.1099999999999858,0.39000000000000357,4.340000000000003,0,0.0,0.0,0.0,0.0,1
2024-06-01,0.0,37.2,24.42,0.10999999999998579,1.0900000000000036,3.97,0,0.77,0.06,0.04,0.9799999999999858,0.0999999999999858,0.39000000000000357,2.880000000000004,0,0.0,0.0,0.0,0.0,1
2024-06-02,0.01,37.99,24.09,0.00999999999998579,1.1000000000000036,1.49,0,0.11,0.15,0.0,1.0299999999999858,0.20999999999998578,0.5100000000000036,0.39000000000000357,0,0.0,0.0,0.0,0.0,1
2024-06-03,0.01,38.93,24.13,0.01999999999998579,1.0500000000000036,1.44,0,0.0,0.77,0.06,0.8799999999999858,0.9799999999999858,1.1700000000000035,0.39000000000000357,0,0.0,0.0,0.0,0.0,1
2024-06-04,0.0,39.03,25.34,0.01999999999998579,0.9000000000000036,1.41,0,0.0,0.11,0.15,0.10999999999998579,1.0299999999999858,1.2000000000000035,0.5100000000000036,0,0.0,0.0,0.0,0.0,1
2024-06-05,0.03,38.69,25.84,0.03999999999998579,0.16000000000000356,1.33,0,0.01,0.0,0.77,0.00999999999998579,0.8799999999999858,1.1300000000000037,1.1700000000000035,0,0.0,0.0,0.0,0.0,1
2024-06-06,0.08,37.63,25.28,0.10999999999998579,0.13000000000000356,1.33,0,0.01,0.0,0.11,0.01999999999998579,0.10999999999998579,1.0900000000000036,1.2000000000000035,0,0.0,0.0,0.0,0.0,1
2024-06-07,0.34,34.87,24.5,0.4499999999999858,0.4700000000000036,1.5999999999999999,0,0.0,0.01,0.0,0.01999999999998579,0.00999999999998579,1.1000000000000036,1.1300000000000037,0,0.0,0.0,0.0,0.0,0
2024-06-08,0.68,34.99,23.71,1.0999999999999859,1.1500000000000037,2.24,0,0.03,0.01,0.0,0.03999999999998579,0.01999999999998579,1.0500000000000036,1.0900000000000036,0,0.0,0.0,0.0,0.0,0
2024-06-09,2.26,35.25,23.97,3.2799999999999856,3.4000000000000035,4.5,0,0.08,0.0,0.01,0.10999999999998579,0.01999999999998579,0.9000000000000036,1.1000000000000036,0,0.0,0.0,0.0,0.0,1
2024-06-10,2.19,33.13,24.45,5.129999999999986,5.580000000000004,6.629999999999999,0,0.34,0.03,0.01,0.4499999999999858,0.03999999999998579,0.16000000000000356,1.0500000000000036,0,0.0,0.0,0.0,0.0,0
2024-06-11,0.08,33.59,23.87,4.529999999999985,5.660000000000004,6.56,0,0.68,0.08,0.0,1.0999999999999859,0.10999999999998579,0.13000000000000356,0.9000000000000036,0,0.0,0.0,0.0,0.0,0
2024-06-12,0.04,33.22,23.59,2.309999999999986,5.6700000000000035,5.829999999999999,0,2.26,0.34,0.03,3.2799999999999856,0.4499999999999858,0.4700000000000036,0.16000000000000356,0,0.0,0.0,0.0,0.0,0
2024-06-13,0.13,33.43,24.05,0.2499999999999858,5.720000000000003,5.85,0,2.19,0.68,0.08,5.129999999999986,1.0999999999999859,1.1500000000000037,0.13000000000000356,0,0.0,0.0,0.0,0.0,0
2024-06-14,0.23,32.25,24.49,0.3999999999999858,5.610000000000004,6.08,0,0.08,2.26,0.34,4.529999999999985,3.2799999999999856,3.4000000000000035,0.4700000000000036,0,0.0,0.0,0.0,0.0,0
2024-06-15,0.14,32.3,23.26,0.4999999999999858,5.070000000000003,6.22,0,0.04,2.19,0.68,2.309999999999986,5.129999999999986,5.580000000000004,1.1500000000000037,0,0.0,0.0,0.0,0.0,0
2024-06-16,0.57,32.93,22.61,0.9399999999999857,3.3800000000000034,6.779999999999999,0,0.13,0.08,2.26,0.2499999999999858,4.529999999999985,5.660000000000004,3.4000000000000035,0,0.0,0.0,0.0,0.0,0
2024-06-17,0.36,32.29,22.92,1.0699999999999856,1.5500000000000034,7.13,0,0.23,0.04,2.19,0.3999999999999858,2.309999999999986,5.6700000000000035,5.580000000000004,0,0.0,0.0,0.0,0.0,0
2024-06-18,6.96,33.25,23.92,7.8899999999999855,8.430000000000003,14.09,1,0.14,0.13,0.08,0.4999999999999858,0.2499999999999858,5.720000000000003,5.660000000000004,0,0.0,0.0,0.0,0.0,0
2024-06-19,28.47,27.68,24.13,35.789999999999985,36.86,42.53,2,0.57,0.23,0.04,0.9399999999999857,0.3999999999999858,5.610000000000004,5.6700000000000035,1,0.0,0.0,0.0,0.0,0
2024-06-20,55.17,29.77,24.08,90.6,91.9,97.62,3,0.36,0.14,0.13,1.0699999999999856,0.4999999999999858,5.070000000000003,5.720000000000003,1,0.0,0.0,0.0,0.0,0
2024-06-21,61.2,26.49,23.6,144.84,152.87,158.48000000000002,4,6.96,0.57,0.23,7.8899999999999855,0.9399999999999857,3.3800000000000034,5.610000000000004,1,0.0,0.0,1.0,0.0,0
2024-06-22,32.41,26.95,20.97,148.78,185.14000000000001,190.20999999999998,5,28.47,0.36,0.14,35.789999999999985,1.0699999999999856,1.5500000000000034,5.070000000000003,1,0.0,0.0,2.0,0.0,0
2024-06-23,15.99,30.92,23.33,109.59999999999998,200.55999999999997,203.94,6,55.17,6.96,0.57,90.6,7.8899999999999855,8.430000000000003,3.3800000000000034,0,0.0,0.0,3.0,1.0,0
2024-06-24,9.85,26.6,23.64,58.249999999999986,210.05,211.6,7,61.2,28.47,0.36,144.84,35.789999999999985,36.86,1.5500000000000034,0,1.0,0.0,4.0,2.0,0
2024-06-25,12.46,27.17,22.65,38.29999999999998,215.54999999999998,223.98,8,32.41,55.17,6.96,148.78,90.6,91.9,8.430000000000003,0,1.0,0.0,5.0,3.0,0
2024-06-26,1.44,29.28,22.35,23.749999999999986,188.51999999999998,225.38,0,15.99,61.2,28.47,109.59999999999998,144.84,152.87,36.86,0,1.0,1.0,6.0,4.0,0
2024-06-27,0.89,28.86,23.22,14.789999999999987,134.24,226.14000000000001,0,9.85,32.41,55.17,58.249999999999986,148.78,185.14000000000001,91.9,0,1.0,1.0,7.0,5.0,0
2024-06-28,0.59,27.76,22.17,2.9199999999999857,73.63,226.50000000000003,0,12.46,15.99,61.2,38.29999999999998,109.59999999999998,200.55999999999997,152.87,0,0.0,1.0,8.0,6.0,0
2024-06-29,3.05,28.4,22.41,4.529999999999985,44.27,229.41,0,1.44,9.85,32.41,23.749999999999986,58.249999999999986,210.05,185.14000000000001,0,0.0,1.0,0.0,7.0,0
2024-06-30,96.86,25.15,22.82,100.49999999999999,125.14,325.7,1,0.89,12.46,15.99,14.789999999999987,38.29999999999998,215.54999999999998,200.55999999999997,1,0.0,0.0,0.0,8.0,0
2024-07-01,3.06,26.83,23.42,102.96999999999998,118.35000000000001,328.4,0,0.59,1.44,9.85,2.9199999999999857,23.749999999999986,188.51999999999998,210.05,0,0.0,0.0,0.0,0.0,0
2024-07-02,6.77,27.88,22.31,106.68999999999998,112.66,328.21000000000004,1,3.05,0.89,12.46,4.529999999999985,14.789999999999987,134.24,215.54999999999998,0,0.0,0.0,0.0,0.0,0
2024-07-03,1.33,27.97,21.34,11.159999999999986,112.55,301.07,0,96.86,0.59,1.44,100.49999999999999,2.9199999999999857,73.63,188.51999999999998,0,0.0,0.0,1.0,0.0,0
2024-07-04,0.85,28.89,20.62,8.949999999999985,112.51,246.75,0,3.06,3.05,0.89,102.96999999999998,4.529999999999985,44.27,134.24,0,0.0,0.0,0.0,0.0,0
2024-07-05,2.99,28.8,21.88,5.169999999999986,114.91,188.54000000000002,0,6.77,96.86,0.59,106.68999999999998,100.49999999999999,125.14,73.63,0,1.0,0.0,1.0,1.0,0
2024-07-06,1.07,28.35,21.34,4.909999999999986,112.93,157.2,0,1.33,3.06,3.05,11.159999999999986,102.96999999999998,118.35000000000001,44.27,0,0.0,0.0,0.0,0.0,0
2024-07-07,0.85,30.4,21.3,4.909999999999987,16.92,142.06,0,0.85,6.77,96.86,8.949999999999985,106.68999999999998,112.66,125.14,0,0.0,1.0,0.0,1.0,0
2024-07-08,2.21,29.94,22.55,4.129999999999986,16.07,134.42000000000002,0,2.99,1.33,3.06,5.169999999999986,11.159999999999986,112.55,118.35000000000001,0,0.0,0.0,0.0,0.0,0
2024-07-09,23.19,27.07,23.18,26.249999999999986,32.49,145.15,1,1.07,0.85,6.77,4.909999999999986,8.949999999999985,112.51,112.66,1,0.0,0.0,0.0,0.0,0
2024-07-10,51.97,24.51,22.5,77.36999999999998,83.13,195.68,2,0.85,2.99,1.33,4.909999999999987,5.169999999999986,114.91,112.55,1,0.0,0.0,0.0,0.0,0
2024-07-11,13.61,26.03,23.29,88.76999999999998,95.88999999999999,208.39999999999998,3,2.21,1.07,0.85,4.129999999999986,4.909999999999986,112.93,112.51,0,0.0,0.0,0.0,0.0,0
2024-07-12,11.37,27.58,22.67,76.94999999999999,104.27,219.17999999999998,4,23.19,0.85,2.99,26.249999999999986,4.909999999999987,16.92,114.91,0,0.0,0.0,1.0,0.0,0
2024-07-13,15.77,27.22,21.24,40.749999999999986,118.97,231.9,5,51.97,2.21,1.07,77.36999999999998,4.129999999999986,16.07,112.93,0,0.0,0.0,2.0,0.0,0
2024-07-14,4.78,27.44,21.51,31.919999999999984,122.89999999999999,139.82000000000002,0,13.61,23.19,0.85,88.76999999999998,26.249999999999986,32.49,16.92,0,1.0,0.0,3.0,1.0,0
2024-07-15,4.91,27.32,21.86,25.459999999999983,125.60000000000001,141.67000000000002,0,11.37,51.97,2.21,76.94999999999999,77.36999999999998,83.13,16.07,0,1.0,0.0,4.0,2.0,0
2024-07-16,2.22,28.77,21.5,11.909999999999986,104.63,137.12,0,15.77,13.61,23.19,40.749999999999986,88.76999999999998,95.88999999999999,32.49,0,0.0,1.0,5.0,3.0,0
2024-07-17,2.56,28.8,21.77,9.689999999999987,55.22,138.35,0,4.78,11.37,51.97,31.919999999999984,76.94999999999999,104.27,83.13,0,0.0,1.0,0.0,4.0,0
2024-07-18,16.81,27.96,22.24,21.589999999999986,58.42,154.31,1,4.91,15.77,13.61,25.459999999999983,40.749999999999986,118.97,95.88999999999999,0,0.0,0.0,0.0,5.0,0
2024-07-19,3.87,27.18,22.82,23.239999999999988,50.92,155.18999999999997,0,2.22,4.78,11.37,11.909999999999986,31.919999999999984,122.89999999999999,104.27,0,0.0,0.0,0.0,0.0,0
2024-07-20,11.5,27.88,22.22,32.179999999999986,46.65,165.62,1,2.56,4.91,15.77,9.689999999999987,25.459999999999983,125.60000000000001,118.97,0,0.0,0.0,0.0,0.0,0
2024-07-21,12.3,26.39,22.34,27.669999999999987,54.17,177.07,2,16.81,2.22,4.78,21.589999999999986,11.909999999999986,104.63,122.89999999999999,0,0.0,0.0,1.0,0.0,0
2024-07-22,69.3,25.33,22.29,93.09999999999998,118.56,244.15999999999997,3,3.87,2.56,4.91,23.239999999999988,9.689999999999987,55.22,125.60000000000001,1,0.0,0.0,0.0,0.0,0
2024-07-23,34.88,26.19,23.57,116.47999999999999,151.22,255.85,4,11.5,16.81,2.22,32.179999999999986,21.589999999999986,58.42,104.63,1,0.0,0.0,1.0,1.0,0
2024-07-24,4.18,27.79,22.84,108.35999999999999,152.84,208.06,0,12.3,3.87,2.56,27.669999999999987,23.239999999999988,50.92,55.22,0,0.0,0.0,2.0,0.0,0
2024-07-25,5.6,26.9,22.35,44.65999999999999,141.63,200.05,1,69.3,11.5,16.81,93.09999999999998,32.179999999999986,46.65,58.42,0,0.0,0.0,3.0,1.0,0
2024-07-26,8.91,27.53,22.05,18.689999999999984,146.67,197.59,2,34.88,12.3,3.87,116.47999999999999,27.669999999999987,54.17,50.92,0,0.0,0.0,4.0,2.0,0
2024-07-27,6.47,27.66,22.21,20.979999999999986,141.64,188.29,3,4.18,69.3,11.5,108.35999999999999,93.09999999999998,118.56,46.65,0,1.0,0.0,0.0,3.0,0
2024-07-28,5.34,26.82,22.89,20.719999999999985,134.68,188.85,4,5.6,34.88,12.3,44.65999999999999,116.47999999999999,151.22,54.17,0,1.0,0.0,1.0,4.0,0
2024-07-29,8.86,27.25,22.61,20.669999999999984,74.24000000000001,192.79999999999998,5,8.91,4.18,69.3,18.689999999999984,108.35999999999999,152.84,118.56,0,0.0,1.0,2.0,0.0,0
2024-07-30,3.78,27.28,21.62,17.979999999999986,43.14,194.35999999999999,0,6.47,5.6,34.88,20.979999999999986,44.65999999999999,141.63,151.22,0,0.0,1.0,3.0,1.0,0
2024-07-31,2.03,27.15,20.76,14.669999999999984,40.99,193.82999999999998,0,5.34,8.91,4.18,20.719999999999985,18.689999999999984,146.67,152.84,0,0.0,0.0,4.0,2.0,0
2024-08-01,6.22,27.79,21.61,12.029999999999985,41.61,183.23999999999998,1,8.86,6.47,5.6,20.669999999999984,20.979999999999986,141.64,141.63,0,0.0,0.0,5.0,3.0,0
2024-08-02,5.9,27.1,21.87,14.149999999999986,38.6,185.27,2,3.78,5.34,8.91,17.979999999999986,20.719999999999985,134.68,146.67,0,0.0,0.0,0.0,4.0,0
2024-08-03,1.09,26.92,21.71,13.209999999999987,33.220000000000006,174.85999999999999,0,2.03,8.86,6.47,14.669999999999984,20.669999999999984,74.24000000000001,141.64,0,0.0,0.0,0.0,5.0,0
2024-08-04,2.84,27.27,21.54,9.829999999999986,30.72,165.4,0,6.22,3.78,5.34,12.029999999999985,17.979999999999986,43.14,134.68,0,0.0,0.0,1.0,0.0,0
2024-08-05,4.06,27.72,22.43,7.989999999999985,25.919999999999998,100.16,0,5.9,2.03,8.86,14.149999999999986,14.669999999999984,40.99,74.24000000000001,0,0.0,0.0,2.0,0.0,0
2024-08-06,2.38,27.65,22.57,9.279999999999985,24.519999999999996,67.66000000000001,0,1.09,6.22,3.78,13.209999999999987,12.029999999999985,41.61,43.14,0,0.0,0.0,0.0,1.0,0
2024-08-07,0.61,28.14,23.1,7.049999999999986,23.1,64.09,0,2.84,5.9,2.03,9.829999999999986,14.149999999999986,38.6,40.99,0,0.0,0.0,0.0,2.0,0
2024-08-08,1.23,28.67,23.33,4.2199999999999855,18.11,59.72,0,4.06,1.09,6.22,7.989999999999985,13.209999999999987,33.220000000000006,41.61,0,0.0,0.0,0.0,0.0,0
2024-08-09,7.89,27.79,23.33,9.729999999999986,20.099999999999998,58.7,1,2.38,2.84,5.9,9.279999999999985,9.829999999999986,30.72,38.6,0,0.0,0.0,0.0,0.0,0
2024-08-10,9.56,26.26,22.94,18.679999999999986,28.57,61.790000000000006,2,0.61,4.06,1.09,7.049999999999986,7.989999999999985,25.919999999999998,33.220000000000006,0,0.0,0.0,0.0,0.0,0
2024-08-11,12.74,24.68,22.4,30.189999999999984,38.47,69.19,3,1.23,2.38,2.84,4.2199999999999855,9.279999999999985,24.519999999999996,30.72,0,0.0,0.0,0.0,0.0,0
2024-08-12,9.22,27.97,21.81,31.519999999999985,43.629999999999995,69.55,4,7.89,0.61,4.06,9.729999999999986,7.049999999999986,23.1,25.919999999999998,0,0.0,0.0,1.0,0.0,0
2024-08-13,8.6,27.77,22.6,30.559999999999988,49.85,74.37,5,9.56,1.23,2.38,18.679999999999986,4.2199999999999855,18.11,24.519999999999996,0,0.0,0.0,2.0,0.0,0
2024-08-14,16.95,27.63,22.07,34.76999999999998,66.19,89.28999999999999,6,12.74,7.89,0.61,30.189999999999984,9.729999999999986,20.099999999999998,23.1,0,0.0,0.0,3.0,1.0,0
2024-08-15,7.12,27.59,21.87,32.66999999999998,72.08,90.19,7,9.22,9.56,1.23,31.519999999999985,18.679999999999986,28.57,18.11,0,0.0,0.0,4.0,2.0,0
2024-08-16,9.02,28.39,22.05,33.08999999999998,73.21000000000001,93.31,8,8.6,12.74,7.89,30.559999999999988,30.189999999999984,38.47,20.099999999999998,0,0.0,0.0,5.0,3.0,0
2024-08-17,5.39,27.62,22.27,21.529999999999987,69.03999999999999,97.61,9,16.95,9.22,9.56,34.76999999999998,31.519999999999985,43.629999999999995,28.57,0,0.0,0.0,6.0,4.0,0
2024-08-18,8.04,27.71,22.16,22.449999999999985,64.34,102.81,10,7.12,8.6,12.74,32.66999999999998,30.559999999999988,49.85,38.47,0,0.0,0.0,7.0,5.0,0
2024-08-19,4.74,28.21,22.18,18.169999999999987,59.86000000000001,103.49,0,9.02,16.95,9.22,33.08999999999998,34.76999999999998,66.19,43.629999999999995,0,0.0,0.0,8.0,6.0,0
2024-08-20,3.5,26.89,22.14,16.279999999999987,54.760000000000005,104.61,0,5.39,7.12,8.6,21.529999999999987,32.66999999999998,72.08,49.85,0,0.0,0.0,9.0,7.0,0
2024-08-21,6.64,27.78,22.14,14.879999999999985,44.45,110.64,1,8.04,9.02,16.95,22.449999999999985,33.08999999999998,73.21000000000001,66.19,0,0.0,0.0,10.0,8.0,0
2024-08-22,9.03,28.21,22.31,19.169999999999987,46.36,118.44,2,4.74,5.39,7.12,18.169999999999987,21.529999999999987,69.03999999999999,72.08,0,0.0,0.0,0.0,9.0,0
2024-08-23,5.25,28.23,21.68,20.919999999999987,42.59,115.8,3,3.5,8.04,9.02,16.279999999999987,22.449999999999985,64.34,73.21000000000001,0,0.0,0.0,0.0,10.0,0
2024-08-24,1.24,27.82,21.09,15.519999999999985,38.44,107.48,0,6.64,4.74,5.39,14.879999999999985,18.169999999999987,59.86000000000001,69.03999999999999,0,0.0,0.0,1.0,0.0,0
2024-08-25,2.11,27.89,21.36,8.599999999999987,32.51,96.85000000000001,0,9.03,3.5,8.04,19.169999999999987,16.279999999999987,54.760000000000005,64.34,0,0.0,0.0,2.0,0.0,0
2024-08-26,4.13,27.61,22.4,7.479999999999987,31.9,91.76,0,5.25,6.64,4.74,20.919999999999987,14.879999999999985,44.45,59.86000000000001,0,0.0,0.0,3.0,1.0,0
2024-08-27,6.52,27.53,22.28,12.759999999999987,34.919999999999995,89.67999999999999,1,1.24,9.03,3.5,15.519999999999985,19.169999999999987,46.36,54.760000000000005,0,0.0,0.0,0.0,2.0,0
2024-08-28,5.62,27.62,21.86,16.26999999999999,33.9,78.35,2,2.11,5.25,6.64,8.599999999999987,20.919999999999987,42.59,44.45,0,0.0,0.0,0.0,3.0,0
2024-08-29,4.76,28.4,22.02,16.899999999999988,29.63,75.99000000000001,0,4.13,1.24,9.03,7.479999999999987,15.519999999999985,38.44,46.36,0,0.0,0.0,0.0,0.0,0
2024-08-30,2.57,28.87,22.33,12.949999999999989,26.95,69.53999999999999,0,6.52,2.11,5.25,12.759999999999987,8.599999999999987,32.51,42.59,0,0.0,0.0,1.0,0.0,0
2024-08-31,4.39,28.22,22.91,11.719999999999986,30.1,68.54,0,5.62,4.13,1.24,16.26999999999999,7.479999999999987,31.9,38.44,0,0.0,0.0,2.0,0.0,0
2024-09-01,6.71,27.58,23.33,13.669999999999987,34.7,67.21,1,4.76,6.52,2.11,16.899999999999988,12.759999999999987,34.919999999999995,32.51,0,0.0,0.0,0.0,1.0,0
2024-09-02,3.34,27.58,23.51,14.439999999999987,33.91,65.81,0,2.57,5.62,4.13,12.949999999999989,16.26999999999999,33.9,31.9,0,0.0,0.0,0.0,2.0,0
2024-09-03,3.48,29.24,23.45,13.529999999999987,30.869999999999997,65.78999999999999,0,4.39,4.76,6.52,11.719999999999986,16.899999999999988,29.63,34.919999999999995,0,0.0,0.0,0.0,0.0,0
2024-09-04,3.59,28.11,23.15,10.409999999999988,28.84,62.739999999999995,0,6.71,2.57,5.62,13.669999999999987,12.949999999999989,26.95,33.9,0,0.0,0.0,1.0,0.0,0
2024-09-05,7.71,27.21,23.94,14.779999999999987,31.79,61.419999999999995,1,3.34,4.39,4.76,14.439999999999987,11.719999999999986,30.1,29.63,0,0.0,0.0,0.0,0.0,0
2024-09-06,6.98,26.66,22.97,18.279999999999987,36.2,63.150000000000006,2,3.48,6.71,2.57,13.529999999999987,13.669999999999987,34.7,26.95,0,0.0,0.0,0.0,1.0,0
2024-09-07,30.18,24.92,22.42,44.86999999999999,61.989999999999995,92.09,3,3.59,3.34,4.39,10.409999999999988,14.439999999999987,33.91,30.1,1,0.0,0.0,0.0,0.0,0
2024-09-08,10.5,24.62,21.07,47.65999999999998,65.78,100.48,4,7.71,3.48,6.71,14.779999999999987,13.529999999999987,30.869999999999997,34.7,0,0.0,0.0,1.0,0.0,0
2024-09-09,3.27,24.74,19.76,43.94999999999999,65.71000000000001,99.62,0,6.98,3.59,3.34,18.279999999999987,10.409999999999988,28.84,33.91,0,0.0,0.0,2.0,0.0,0
2024-09-10,1.78,26.54,20.69,15.54999999999999,64.00999999999999,94.88,0,30.18,7.71,3.48,44.86999999999999,14.779999999999987,31.79,30.869999999999997,0,0.0,0.0,3.0,1.0,0
2024-09-11,1.73,28.46,22.23,6.77999999999999,62.15,90.99000000000001,0,10.5,6.98,3.59,47.65999999999998,18.279999999999987,36.2,28.84,0,0.0,0.0,4.0,2.0,0
2024-09-12,2.71,28.51,24.27,6.21999999999999,57.15,88.94,0,3.27,30.18,7.71,43.94999999999999,44.86999999999999,61.989999999999995,31.79,0,1.0,0.0,0.0,3.0,0
2024-09-13,5.73,28.34,24.33,10.169999999999991,55.900000000000006,92.10000000000001,1,1.78,10.5,6.98,15.54999999999999,47.65999999999998,65.78,36.2,0,0.0,0.0,0.0,4.0,0
2024-09-14,4.17,27.99,23.28,12.609999999999989,29.89,91.88000000000001,0,1.73,3.27,30.18,6.77999999999999,43.94999999999999,65.71000000000001,61.989999999999995,0,0.0,1.0,0.0,0.0,0
2024-09-15,12.08,28.72,23.59,21.97999999999999,31.47,97.25,1,2.71,1.78,10.5,6.21999999999999,15.54999999999999,64.00999999999999,65.78,0,0.0,0.0,0.0,0.0,0
2024-09-16,15.03,27.82,24.57,31.27999999999999,43.230000000000004,108.94,2,5.73,1.73,3.27,10.169999999999991,6.77999999999999,62.15,65.71000000000001,0,0.0,0.0,1.0,0.0,0
2024-09-17,4.27,28.2,23.53,31.379999999999992,45.72,109.73,0,4.17,2.71,1.78,12.609999999999989,6.21999999999999,57.15,64.00999999999999,0,0.0,0.0,0.0,0.0,0
2024-09-18,3.83,28.69,23.62,23.12999999999999,47.82,109.97,0,12.08,5.73,1.73,21.97999999999999,10.169999999999991,55.900000000000006,62.15,0,0.0,0.0,1.0,1.0,0
2024-09-19,3.7,29.16,22.83,11.79999999999999,48.81,105.96,0,15.03,4.17,2.71,31.27999999999999,12.609999999999989,29.89,57.15,0,0.0,0.0,2.0,0.0,0
2024-09-20,4.08,29.12,23.18,11.609999999999992,47.16,103.06,0,4.27,12.08,5.73,31.379999999999992,21.97999999999999,31.47,55.900000000000006,0,0.0,0.0,0.0,1.0,0
2024-09-21,4.92,28.57,23.25,12.699999999999992,47.91,77.8,0,3.83,15.03,4.17,23.12999999999999,31.27999999999999,43.230000000000004,29.89,0,0.0,0.0,0.0,2.0,0
2024-09-22,5.51,28.14,23.0,14.509999999999991,41.339999999999996,72.81,1,3.7,4.27,12.08,11.79999999999999,31.379999999999992,45.72,31.47,0,0.0,0.0,0.0,0.0,0
2024-09-23,5.51,27.48,22.64,15.93999999999999,31.82,75.05,2,4.08,3.83,15.03,11.609999999999992,23.12999999999999,47.82,43.230000000000004,0,0.0,0.0,0.0,0.0,0
2024-09-24,6.96,27.72,22.37,17.97999999999999,34.51,80.23,3,4.92,3.7,4.27,12.699999999999992,11.79999999999999,48.81,45.72,0,0.0,0.0,0.0,0.0,0
2024-09-25,7.46,28.06,21.9,19.92999999999999,38.14,85.96,4,5.51,4.08,3.83,14.509999999999991,11.609999999999992,47.16,47.82,0,0.0,0.0,1.0,0.0,0
2024-09-26,23.76,27.09,21.38,38.17999999999999,58.2,107.01,5,5.51,4.92,3.7,15.93999999999999,12.699999999999992,47.91,48.81,1,0.0,0.0,2.0,0.0,0
2024-09-27,4.47,27.09,20.96,35.68999999999999,58.59,105.75,0,6.96,5.51,4.08,17.97999999999999,14.509999999999991,41.339999999999996,47.16,0,0.0,0.0,3.0,1.0,0
2024-09-28,4.85,26.69,22.65,33.07999999999999,58.519999999999996,106.42999999999999,0,7.46,5.51,4.92,19.92999999999999,15.93999999999999,31.82,47.91,0,0.0,0.0,4.0,2.0,0
2024-09-29,6.22,24.27,20.36,15.539999999999988,59.230000000000004,100.57,1,23.76,6.96,5.51,38.17999999999999,17.97999999999999,34.51,41.339999999999996,0,0.0,0.0,5.0,3.0,0
2024-09-30,0.22,26.06,18.83,11.28999999999999,53.940000000000005,85.75999999999999,0,4.47,7.46,5.51,35.68999999999999,19.92999999999999,38.14,31.82,0,0.0,0.0,0.0,4.0,0
2024-10-01,31.65,24.32,20.63,38.08999999999999,78.63,113.14,1,4.85,23.76,6.96,33.07999999999999,38.17999999999999,58.2,34.51,1,1.0,0.0,0.0,5.0,0
2024-10-02,28.55,23.85,20.28,60.41999999999999,99.72,137.86,2,6.22,4.47,7.46,15.539999999999988,35.68999999999999,58.59,38.14,1,0.0,0.0,1.0,0.0,0
2024-10-03,0.21,24.93,19.28,60.40999999999999,76.17,134.37,0,0.22,4.85,23.76,11.28999999999999,33.07999999999999,58.519999999999996,58.2,0,0.0,1.0,0.0,0.0,0
2024-10-04,5.58,25.51,20.85,34.33999999999999,77.28,135.87,1,31.65,6.22,4.47,38.08999999999999,15.539999999999988,59.230000000000004,58.59,0,0.0,0.0,1.0,1.0,0
2024-10-05,2.66,27.29,21.25,8.449999999999989,75.08999999999999,133.61,0,28.55,0.22,4.85,60.41999999999999,11.28999999999999,53.940000000000005,58.519999999999996,0,0.0,0.0,2.0,0.0,0
2024-10-06,7.39,25.13,21.75,15.629999999999988,76.25999999999999,135.48999999999998,1,0.21,31.65,6.22,60.40999999999999,38.08999999999999,78.63,59.230000000000004,0,1.0,0.0,0.0,1.0,0
2024-10-07,6.57,25.98,21.14,16.61999999999999,82.61,136.55,2,5.58,28.55,0.22,34.33999999999999,60.41999999999999,99.72,53.940000000000005,0,1.0,0.0,1.0,2.0,0
2024-10-08,0.82,25.0,19.05,14.77999999999999,51.78,130.41,0,2.66,0.21,31.65,8.449999999999989,60.40999999999999,76.17,78.63,0,0.0,1.0,0.0,0.0,0
2024-10-09,0.29,24.74,17.9,7.67999999999999,23.52,123.24,0,7.39,5.58,28.55,15.629999999999988,34.33999999999999,77.28,99.72,0,0.0,1.0,1.0,1.0,0
2024-10-10,0.02,25.47,16.53,1.1299999999999892,23.33,99.5,0,6.57,2.66,0.21,16.61999999999999,8.449999999999989,75.08999999999999,76.17,0,0.0,0.0,2.0,0.0,0
2024-10-11,0.11,24.52,17.05,0.4199999999999893,17.86,95.14,0,0.82,7.39,5.58,14.77999999999999,15.629999999999988,76.25999999999999,77.28,0,0.0,0.0,0.0,1.0,0
2024-10-12,4.13,24.24,16.95,4.259999999999989,19.330000000000002,94.42,0,0.29,6.57,2.66,7.67999999999999,16.61999999999999,82.61,75.08999999999999,0,0.0,0.0,0.0,2.0,0
2024-10-13,2.46,24.61,18.4,6.6999999999999895,14.4,90.66,0,0.02,0.82,7.39,1.1299999999999892,14.77999999999999,51.78,76.25999999999999,0,0.0,0.0,0.0,0.0,0
2024-10-14,0.38,25.49,18.44,6.969999999999989,8.21,90.82000000000001,0,0.11,0.29,6.57,0.4199999999999893,7.67999999999999,23.52,82.61,0,0.0,0.0,0.0,0.0,0
2024-10-15,0.03,25.96,17.23,2.8699999999999894,7.42,59.199999999999996,0,4.13,0.02,0.82,4.259999999999989,1.1299999999999892,23.33,51.78,0,0.0,0.0,0.0,0.0,0
2024-10-16,1.26,25.63,17.88,1.6699999999999893,8.39,31.91,0,2.46,0.11,0.29,6.6999999999999895,0.4199999999999893,17.86,23.52,0,0.0,0.0,0.0,0.0,0
2024-10-17,6.15,25.34,20.7,7.43999999999999,14.52,37.85,1,0.38,4.13,0.02,6.969999999999989,4.259999999999989,19.330000000000002,23.33,0,0.0,0.0,0.0,0.0,0
2024-10-18,6.16,25.71,19.97,13.56999999999999,20.57,38.43,2,0.03,2.46,0.11,2.8699999999999894,6.6999999999999895,14.4,17.86,0,0.0,0.0,0.0,0.0,0
2024-10-19,3.52,25.07,20.6,15.82999999999999,19.959999999999997,39.29,0,1.26,0.38,4.13,1.6699999999999893,6.969999999999989,8.21,19.330000000000002,0,0.0,0.0,0.0,0.0,0
2024-10-20,71.33,22.71,18.86,81.00999999999999,88.83,103.23,1,6.15,0.03,2.46,7.43999999999999,2.8699999999999894,7.42,14.4,1,0.0,0.0,1.0,0.0,0
2024-10-21,59.69,25.14,20.49,134.54,148.14,156.35,2,6.16,1.26,0.38,13.56999999999999,1.6699999999999893,8.39,8.21,1,0.0,0.0,2.0,0.0,0
2024-10-22,7.5,25.11,19.58,138.51999999999998,155.61,163.03,3,3.52,6.15,0.03,15.82999999999999,7.43999999999999,14.52,7.42,0,0.0,0.0,0.0,1.0,0
2024-10-23,4.26,24.75,17.54,71.44999999999999,158.61,167.0,0,71.33,6.16,1.26,81.00999999999999,13.56999999999999,20.57,8.39,0,0.0,0.0,1.0,2.0,0
2024-10-24,0.57,24.55,19.0,12.329999999999986,153.03,167.55,0,59.69,3.52,6.15,134.54,15.82999999999999,19.959999999999997,14.52,0,0.0,0.0,2.0,0.0,0
2024-10-25,0.86,24.75,19.05,5.689999999999985,147.73000000000002,168.3,0,7.5,71.33,6.16,138.51999999999998,81.00999999999999,88.83,20.57,0,1.0,0.0,3.0,1.0,0
2024-10-26,1.56,24.21,19.6,2.989999999999986,145.76999999999998,165.73,0,4.26,59.69,3.52,71.44999999999999,134.54,148.14,19.959999999999997,0,1.0,0.0,0.0,2.0,0
2024-10-27,2.88,22.75,17.71,5.2999999999999865,77.32,166.15,0,0.57,7.5,71.33,12.329999999999986,138.51999999999998,155.61,88.83,0,0.0,1.0,0.0,3.0,0
2024-10-28,0.38,23.2,19.14,4.819999999999986,18.01,166.15,0,0.86,4.26,59.69,5.689999999999985,71.44999999999999,158.61,148.14,0,0.0,1.0,0.0,0.0,0
2024-10-29,0.77,24.8,19.22,4.029999999999986,11.28,166.89000000000001,0,1.56,0.57,7.5,2.989999999999986,12.329999999999986,153.03,155.61,0,0.0,0.0,0.0,0.0,0
2024-10-30,0.25,27.34,20.24,1.3999999999999861,7.2700000000000005,165.88,0,2.88,0.86,4.26,5.2999999999999865,5.689999999999985,147.73000000000002,158.61,0,0.0,0.0,0.0,0.0,0
2024-10-31,0.56,27.34,20.79,1.5799999999999863,7.26,160.29,0,0.38,1.56,0.57,4.819999999999986,2.989999999999986,145.76999999999998,153.03,0,0.0,0.0,0.0,0.0,0
2024-11-01,3.66,26.59,21.1,4.469999999999986,10.06,157.79,0,0.77,2.88,0.86,4.029999999999986,5.2999999999999865,77.32,147.73000000000002,0,0.0,0.0,0.0,0.0,0
2024-11-02,3.5,26.35,20.14,7.719999999999986,12.0,157.77,0,0.25,0.38,1.56,1.3999999999999861,4.819999999999986,18.01,145.76999999999998,0,0.0,0.0,0.0,0.0,0
2024-11-03,0.25,27.91,19.9,7.409999999999986,9.370000000000001,86.69,0,0.56,0.77,2.88,1.5799999999999863,4.029999999999986,11.28,77.32,0,0.0,0.0,0.0,0.0,0
2024-11-04,0.05,29.36,21.6,3.799999999999986,9.040000000000001,27.05,0,3.66,0.25,0.38,4.469999999999986,1.3999999999999861,7.2700000000000005,18.01,0,0.0,0.0,0.0,0.0,0
2024-11-05,4.16,27.15,22.43,4.459999999999987,12.43,23.71,0,3.5,0.56,0.77,7.719999999999986,1.5799999999999863,7.26,11.28,0,0.0,0.0,0.0,0.0,0
2024-11-06,0.62,26.31,21.45,4.829999999999987,12.8,20.07,0,0.25,3.66,0.25,7.409999999999986,4.469999999999986,10.06,7.2700000000000005,0,0.0,0.0,0.0,0.0,0
2024-11-07,0.6,27.42,21.83,5.379999999999987,12.84,20.1,0,0.05,3.5,0.56,3.799999999999986,7.719999999999986,12.0,7.26,0,0.0,0.0,0.0,0.0,0
2024-11-08,0.06,27.65,21.13,1.2799999999999867,9.24,19.299999999999997,0,4.16,0.25,3.66,4.459999999999987,7.409999999999986,9.370000000000001,10.06,0,0.0,0.0,0.0,0.0,0
2024-11-09,1.2,26.45,19.5,1.8599999999999866,6.9399999999999995,18.94,0,0.62,0.05,3.5,4.829999999999987,3.799999999999986,9.040000000000001,12.0,0,0.0,0.0,0.0,0.0,0
2024-11-10,0.2,26.65,18.52,1.4599999999999866,6.89,16.26,0,0.6,4.16,0.25,5.379999999999987,4.459999999999987,12.43,9.370000000000001,0,0.0,0.0,0.0,0.0,0
2024-11-11,0.14,25.9,18.72,1.539999999999987,6.98,16.02,0,0.06,0.62,0.05,1.2799999999999867,4.829999999999987,12.8,9.040000000000001,0,0.0,0.0,0.0,0.0,0
2024-11-12,0.16,26.19,18.51,0.4999999999999869,2.98,15.41,0,1.2,0.6,4.16,1.8599999999999866,5.379999999999987,12.84,12.43,0,0.0,0.0,0.0,0.0,0
2024-11-13,0.15,27.18,20.01,0.4499999999999869,2.51,15.31,0,0.2,0.06,0.62,1.4599999999999866,1.2799999999999867,9.24,12.8,0,0.0,0.0,0.0,0.0,0
2024-11-14,1.63,24.78,19.55,1.9399999999999868,3.54,16.38,0,0.14,1.2,0.6,1.539999999999987,1.8599999999999866,6.9399999999999995,12.84,0,0.0,0.0,0.0,0.0,0
2024-11-15,1.86,24.56,18.98,3.6399999999999872,5.34,14.58,0,0.16,0.2,0.06,0.4999999999999869,1.4599999999999866,6.89,9.24,0,0.0,0.0,0.0,0.0,0
2024-11-16,0.14,25.68,19.3,3.629999999999987,4.279999999999999,11.22,0,0.15,0.14,1.2,0.4499999999999869,1.539999999999987,6.98,6.9399999999999995,0,0.0,0.0,0.0,0.0,0
2024-11-17,0.0,27.49,19.78,1.9999999999999871,4.079999999999999,10.97,0,1.63,0.16,0.2,1.9399999999999868,0.4999999999999869,2.98,6.89,0,0.0,0.0,0.0,0.0,0
2024-11-18,0.0,29.87,19.47,0.1399999999999869,3.94,10.92,0,1.86,0.15,0.14,3.6399999999999872,0.4499999999999869,2.51,6.98,0,0.0,0.0,0.0,0.0,0
2024-11-19,3.3,27.65,21.48,3.2999999999999865,7.08,10.059999999999999,0,0.14,1.63,0.16,3.629999999999987,1.9399999999999868,3.54,2.98,0,0.0,0.0,0.0,0.0,0
2024-11-20,66.22,23.19,19.99,69.51999999999998,73.15,75.66,1,0.0,1.86,0.15,1.9999999999999871,3.6399999999999872,5.34,2.51,1,0.0,0.0,0.0,0.0,0
2024-11-21,3.25,21.61,17.81,72.76999999999998,74.77000000000001,78.31,0,0.0,0.14,1.63,0.1399999999999869,3.629999999999987,4.279999999999999,3.54,0,0.0,0.0,0.0,0.0,0
2024-11-22,0.06,22.12,16.69,69.52999999999999,72.97000000000001,78.31,0,3.3,0.0,1.86,3.2999999999999865,1.9999999999999871,4.079999999999999,5.34,0,0.0,0.0,0.0,0.0,0
2024-11-23,0.01,22.07,15.94,3.3199999999999856,72.84,77.11999999999999,0,66.22,0.0,0.14,69.51999999999998,0.1399999999999869,3.94,4.279999999999999,0,0.0,0.0,1.0,0.0,0
2024-11-24,0.01,24.31,15.75,0.07999999999998579,72.85000000000001,76.92999999999999,0,3.25,3.3,0.0,72.76999999999998,3.2999999999999865,7.08,4.079999999999999,0,0.0,0.0,0.0,0.0,0
2024-11-25,0.0,25.48,16.67,0.01999999999998579,72.85000000000001,76.78999999999999,0,0.06,66.22,0.0,69.52999999999999,69.51999999999998,73.15,3.94,0,1.0,0.0,0.0,1.0,0
2024-11-26,0.04,23.56,14.33,0.04999999999998579,69.59,76.67,0,0.01,3.25,3.3,3.3199999999999856,72.76999999999998,74.77000000000001,7.08,0,0.0,0.0,0.0,0.0,0
2024-11-27,0.0,25.78,15.93,0.03999999999998579,3.37,76.52,0,0.01,0.06,66.22,0.07999999999998579,69.52999999999999,72.97000000000001,73.15,0,0.0,1.0,0.0,0.0,0
2024-11-28,0.0,28.53,18.99,0.03999999999998579,0.12,74.89,0,0.0,0.01,3.25,0.01999999999998579,3.3199999999999856,72.84,74.77000000000001,0,0.0,0.0,0.0,0.0,0
2024-11-29,1.48,23.29,15.47,1.4799999999999858,1.54,74.50999999999999,0,0.04,0.01,0.06,0.04999999999998579,0.07999999999998579,72.85000000000001,72.97000000000001,0,0.0,0.0,0.0,0.0,0
2024-11-30,0.33,22.58,15.17,1.8099999999999858,1.86,74.7,0,0.0,0.0,0.01,0.03999999999998579,0.01999999999998579,72.85000000000001,72.84,0,0.0,0.0,0.0,0.0,0
2024-12-01,0.15,24.4,15.88,1.9599999999999858,2.0,74.85,0,0.0,0.04,0.01,0.03999999999998579,0.04999999999998579,69.59,72.85000000000001,0,0.0,0.0,0.0,0.0,0
2024-12-02,0.24,25.57,18.04,0.7199999999999858,2.24,75.08999999999999,0,1.48,0.0,0.0,1.4799999999999858,0.03999999999998579,3.37,72.85000000000001,0,0.0,0.0,0.0,0.0,0
2024-12-03,12.73,24.37,17.01,13.119999999999987,14.93,84.52,1,0.33,0.0,0.04,1.8099999999999858,0.03999999999998579,0.12,69.59,0,0.0,0.0,0.0,0.0,0
2024-12-04,2.92,25.33,17.86,15.889999999999986,17.85,21.22,0,0.15,1.48,0.0,1.9599999999999858,1.4799999999999858,1.54,3.37,0,0.0,0.0,0.0,0.0,0
2024-12-05,0.8,24.96,17.57,16.449999999999985,18.65,18.77,0,0.24,0.33,0.0,0.7199999999999858,1.8099999999999858,1.86,0.12,0,0.0,0.0,0.0,0.0,0
2024-12-06,0.97,23.37,17.05,4.689999999999985,18.14,19.680000000000003,0,12.73,0.15,1.48,13.119999999999987,1.9599999999999858,2.0,1.54,0,0.0,0.0,1.0,0.0,0
2024-12-07,0.25,23.96,16.61,2.019999999999986,18.060000000000002,19.92,0,2.92,0.24,0.33,15.889999999999986,0.7199999999999858,2.24,1.86,0,0.0,0.0,0.0,0.0,0
2024-12-08,0.01,25.06,15.91,1.2299999999999858,17.919999999999998,19.92,0,0.8,12.73,0.15,16.449999999999985,13.119999999999987,14.93,2.0,0,0.0,0.0,0.0,1.0,0
2024-12-09,0.0,26.19,17.51,0.2599999999999858,17.68,19.92,0,0.97,2.92,0.24,4.689999999999985,15.889999999999986,17.85,2.24,0,0.0,0.0,0.0,0.0,0
2024-12-10,0.73,27.76,19.69,0.7399999999999858,5.68,20.61,0,0.25,0.8,12.73,2.019999999999986,16.449999999999985,18.65,14.93,0,0.0,0.0,0.0,0.0,0
2024-12-11,14.31,21.22,10.68,15.039999999999987,17.07,34.92,1,0.01,0.97,2.92,1.2299999999999858,4.689999999999985,18.14,17.85,0,0.0,0.0,0.0,0.0,0
2024-12-12,0.08,19.17,11.23,15.119999999999987,16.349999999999998,35.0,0,0.0,0.25,0.8,0.2599999999999858,2.019999999999986,18.060000000000002,18.65,0,0.0,0.0,0.0,0.0,0
2024-12-13,0.09,24.17,15.93,14.479999999999986,15.47,33.61000000000001,0,0.73,0.01,0.97,0.7399999999999858,1.2299999999999858,17.919999999999998,18.14,0,0.0,0.0,0.0,0.0,0
2024-12-14,0.36,24.6,17.63,0.5299999999999858,15.58,33.64,0,14.31,0.0,0.25,15.039999999999987,0.2599999999999858,17.68,18.060000000000002,0,0.0,0.0,1.0,0.0,0
2024-12-15,0.23,24.18,17.49,0.6799999999999857,15.8,33.72,0,0.08,0.73,0.01,15.119999999999987,0.7399999999999858,5.68,17.919999999999998,0,0.0,0.0,0.0,0.0,0
2024-12-16,0.16,24.0,17.15,0.7499999999999858,15.96,33.64000000000001,0,0.09,14.31,0.0,14.479999999999986,15.039999999999987,17.07,17.68,0,0.0,0.0,0.0,1.0,0
2024-12-17,2.61,23.21,18.12,2.999999999999986,17.84,23.52,0,0.36,0.08,0.73,0.5299999999999858,15.119999999999987,16.349999999999998,5.68,0,0.0,0.0,0.0,0.0,0
2024-12-18,4.19,23.33,18.36,6.959999999999987,7.720000000000001,24.790000000000003,0,0.23,0.09,14.31,0.6799999999999857,14.479999999999986,15.47,17.07,0,0.0,0.0,0.0,0.0,0
2024-12-19,8.4,23.1,18.73,15.199999999999985,16.04,32.39,1,0.16,0.36,0.08,0.7499999999999858,0.5299999999999858,15.58,16.349999999999998,0,0.0,0.0,0.0,0.0,0
2024-12-20,3.98,22.22,17.68,16.569999999999986,19.93,35.4,0,2.61,0.23,0.09,2.999999999999986,0.6799999999999857,15.8,15.47,0,0.0,0.0,0.0,0.0,0
2024-12-21,6.43,22.12,17.81,18.809999999999985,26.0,41.58,1,4.19,0.16,0.36,6.959999999999987,0.7499999999999858,15.96,15.58,0,0.0,0.0,0.0,0.0,0
2024-12-22,8.15,20.07,17.73,18.559999999999985,33.92,49.72,2,8.4,2.61,0.23,15.199999999999985,2.999999999999986,17.84,15.8,0,0.0,0.0,1.0,0.0,0
2024-12-23,0.86,22.41,17.23,15.439999999999984,34.62,50.580000000000005,0,3.98,4.19,0.16,16.569999999999986,6.959999999999987,7.720000000000001,15.96,0,0.0,0.0,0.0,0.0,0
2024-12-24,0.22,22.18,17.97,9.229999999999984,32.23,50.07,0,6.43,8.4,2.61,18.809999999999985,15.199999999999985,16.04,17.84,0,0.0,0.0,1.0,1.0,0
2024-12-25,0.04,23.54,17.32,1.119999999999984,28.080000000000002,35.800000000000004,0,8.15,3.98,4.19,18.559999999999985,16.569999999999986,19.93,7.720000000000001,0,0.0,0.0,2.0,0.0,0
2024-12-26,0.06,26.33,17.45,0.319999999999984,19.74,35.78000000000001,0,0.86,6.43,8.4,15.439999999999984,18.809999999999985,26.0,16.04,0,0.0,0.0,0.0,1.0,0
2024-12-27,0.0,27.08,18.13,0.09999999999998402,15.76,35.690000000000005,0,0.22,8.15,3.98,9.229999999999984,18.559999999999985,33.92,19.93,0,0.0,0.0,0.0,2.0,0
2024-12-28,0.0,28.09,16.55,0.05999999999998401,9.33,35.330000000000005,0,0.04,0.86,6.43,1.119999999999984,15.439999999999984,34.62,26.0,0,0.0,0.0,0.0,0.0,0
2024-12-29,0.0,24.69,15.88,0.0,1.18,35.1,0,0.06,0.22,8.15,0.319999999999984,9.229999999999984,32.23,33.92,0,0.0,0.0,0.0,0.0,0
2024-12-30,0.0,26.78,15.58,0.0,0.32,34.940000000000005,0,0.0,0.04,0.86,0.09999999999998402,1.119999999999984,28.080000000000002,34.62,0,0.0,0.0,0.0,0.0,0
2024-12-31,0.1,28.51,17.92,0.09999999999998402,0.2,32.43,0,0.0,0.06,0.22,0.05999999999998401,0.319999999999984,19.74,32.23,0,0.0,0.0,0.0,0.0,0
2025-01-01,2.94,23.78,15.67,3.039999999999984,3.1,31.18,0,0.0,0.0,0.04,0.0,0.09999999999998402,15.76,28.080000000000002,0,0.0,0.0,0.0,0.0,0
2025-01-02,1.35,24.02,18.84,4.389999999999985,4.390000000000001,24.130000000000003,0,0.0,0.0,0.06,0.0,0.05999999999998401,9.33,19.74,0,0.0,0.0,0.0,0.0,0
2025-01-03,3.73,23.38,18.04,8.019999999999985,8.120000000000001,23.880000000000003,0,0.1,0.0,0.0,0.09999999999998402,0.0,1.18,15.76,0,0.0,0.0,0.0,0.0,0
2025-01-04,1.25,23.46,16.72,6.329999999999984,9.370000000000001,18.700000000000003,0,2.94,0.0,0.0,3.039999999999984,0.0,0.32,9.33,0,0.0,0.0,0.0,0.0,0
2025-01-05,0.0,26.79,17.23,4.979999999999984,9.370000000000001,10.55,0,1.35,0.1,0.0,4.389999999999985,0.09999999999998402,0.2,1.18,0,0.0,0.0,0.0,0.0,0
2025-01-06,4.65,21.2,12.57,5.899999999999984,14.02,14.34,0,3.73,2.94,0.0,8.019999999999985,3.039999999999984,3.1,0.32,0,0.0,0.0,0.0,0.0,0
2025-01-07,3.72,17.04,12.37,8.369999999999985,17.64,17.84,0,1.25,1.35,0.1,6.329999999999984,4.389999999999985,4.390000000000001,0.2,0,0.0,0.0,0.0,0.0,0
2025-01-08,4.57,16.25,11.9,12.939999999999985,19.27,22.37,0,0.0,3.73,2.94,4.979999999999984,8.019999999999985,8.120000000000001,3.1,0,0.0,0.0,0.0,0.0,0
2025-01-09,0.63,23.59,11.33,8.919999999999986,18.55,22.939999999999998,0,4.65,1.25,1.35,5.899999999999984,6.329999999999984,9.370000000000001,4.390000000000001,0,0.0,0.0,0.0,0.0,0
2025-01-10,5.0,22.89,13.09,10.199999999999985,19.82,27.939999999999998,0,3.72,0.0,3.73,8.369999999999985,4.979999999999984,9.370000000000001,8.120000000000001,0,0.0,0.0,0.0,0.0,0
2025-01-11,1.22,16.15,8.77,6.849999999999984,19.790000000000003,29.16,0,4.57,4.65,1.25,12.939999999999985,5.899999999999984,14.02,9.370000000000001,0,0.0,0.0,0.0,0.0,0
2025-01-12,0.02,26.23,14.97,6.239999999999984,19.810000000000002,29.18,0,0.63,3.72,0.0,8.919999999999986,8.369999999999985,17.64,9.370000000000001,0,0.0,0.0,0.0,0.0,0
2025-01-13,0.59,20.2,15.09,1.829999999999984,15.749999999999998,29.77,0,5.0,4.57,4.65,10.199999999999985,12.939999999999985,19.27,14.02,0,0.0,0.0,0.0,0.0,0
2025-01-14,0.65,20.96,13.24,1.259999999999984,12.68,30.32,0,1.22,0.63,3.72,6.849999999999984,8.919999999999986,18.55,17.64,0,0.0,0.0,0.0,0.0,0
2025-01-15,0.59,22.81,13.61,1.829999999999984,8.7,27.97,0,0.02,5.0,4.57,6.239999999999984,10.199999999999985,19.82,19.27,0,0.0,0.0,0.0,0.0,0
2025-01-16,1.61,20.83,13.97,2.849999999999984,9.68,28.23,0,0.59,1.22,0.63,1.829999999999984,6.849999999999984,19.790000000000003,18.55,0,0.0,0.0,0.0,0.0,0
2025-01-17,0.03,27.5,13.95,2.229999999999984,4.71,24.53,0,0.65,0.02,5.0,1.259999999999984,6.239999999999984,19.810000000000002,19.82,0,0.0,0.0,0.0,0.0,0
2025-01-18,0.0,29.38,18.88,1.639999999999984,3.49,23.28,0,0.59,0.59,1.22,1.829999999999984,1.829999999999984,15.749999999999998,19.790000000000003,0,0.0,0.0,0.0,0.0,0
2025-01-19,7.86,19.86,13.04,7.889999999999985,11.33,31.14,1,1.61,0.65,0.02,2.849999999999984,1.259999999999984,12.68,19.810000000000002,0,0.0,0.0,0.0,0.0,0
2025-01-20,1.69,18.54,13.04,9.549999999999985,12.430000000000001,28.18,0,0.03,0.59,0.59,2.229999999999984,1.829999999999984,8.7,15.749999999999998,0,0.0,0.0,0.0,0.0,0
2025-01-21,3.75,15.9,3.61,13.299999999999985,15.530000000000001,28.21,0,0.0,1.61,0.65,1.639999999999984,2.849999999999984,9.68,12.68,0,0.0,0.0,0.0,0.0,0
2025-01-22,0.07,14.87,2.74,5.509999999999984,15.010000000000002,23.71,0,7.86,0.03,0.59,7.889999999999985,2.229999999999984,4.71,8.7,0,0.0,0.0,1.0,0.0,0
2025-01-23,0.8,17.78,10.92,4.619999999999984,14.200000000000001,23.880000000000003,0,1.69,0.0,1.61,9.549999999999985,1.639999999999984,3.49,9.68,0,0.0,0.0,0.0,0.0,0
2025-01-24,4.37,13.33,9.87,5.239999999999984,18.54,23.25,0,3.75,7.86,0.03,13.299999999999985,7.889999999999985,11.33,4.71,0,0.0,0.0,0.0,1.0,0
2025-01-25,1.12,21.88,12.16,6.289999999999984,19.66,23.15,0,0.07,1.69,0.0,5.509999999999984,9.549999999999985,12.430000000000001,3.49,0,0.0,0.0,0.0,0.0,0
2025-01-26,0.12,25.31,15.26,5.609999999999984,11.920000000000002,23.25,0,0.8,3.75,7.86,4.619999999999984,13.299999999999985,15.530000000000001,11.33,0,0.0,0.0,0.0,0.0,0
2025-01-27,0.19,24.41,15.84,1.4299999999999842,10.42,22.85,0,4.37,0.07,1.69,5.239999999999984,5.509999999999984,15.010000000000002,12.430000000000001,0,0.0,0.0,0.0,0.0,0
2025-01-28,0.08,25.18,16.16,0.389999999999984,6.75,22.28,0,1.12,0.8,3.75,6.289999999999984,4.619999999999984,14.200000000000001,15.530000000000001,0,0.0,0.0,0.0,0.0,0
2025-01-29,0.04,28.69,16.83,0.309999999999984,6.720000000000001,21.73,0,0.12,4.37,0.07,5.609999999999984,5.239999999999984,18.54,15.010000000000002,0,0.0,0.0,0.0,0.0,0
2025-01-30,0.02,31.27,18.35,0.13999999999998403,5.94,20.14,0,0.19,1.12,0.8,1.4299999999999842,6.289999999999984,19.66,14.200000000000001,0,0.0,0.0,0.0,0.0,0
2025-01-31,4.31,22.92,16.08,4.369999999999983,5.880000000000001,24.42,0,0.08,0.12,4.37,0.389999999999984,5.609999999999984,11.920000000000002,18.54,0,0.0,0.0,0.0,0.0,0
2025-02-01,0.21,22.71,13.83,4.539999999999983,4.970000000000001,24.630000000000003,0,0.04,0.19,1.12,0.309999999999984,1.4299999999999842,10.42,19.66,0,0.0,0.0,0.0,0.0,0
2025-02-02,3.81,23.89,14.44,8.329999999999984,8.66,20.580000000000002,0,0.02,0.08,0.12,0.13999999999998403,0.389999999999984,6.75,11.920000000000002,0,0.0,0.0,0.0,0.0,0
2025-02-03,0.52,25.91,17.19,4.539999999999984,8.990000000000002,19.41,0,4.31,0.04,0.19,4.369999999999983,0.309999999999984,6.720000000000001,10.42,0,0.0,0.0,0.0,0.0,0
2025-02-04,2.76,26.04,17.41,7.089999999999984,11.670000000000002,18.42,0,0.21,0.02,0.08,4.539999999999983,0.13999999999998403,5.94,6.75,0,0.0,0.0,0.0,0.0,0
2025-02-05,0.17,26.91,17.36,3.4499999999999837,11.8,18.52,0,3.81,4.31,0.04,8.329999999999984,4.369999999999983,5.880000000000001,6.720000000000001,0,0.0,0.0,0.0,0.0,0
2025-02-06,0.03,27.76,18.31,2.959999999999984,11.81,17.75,0,0.52,0.21,0.02,4.539999999999984,4.539999999999983,4.970000000000001,5.94,0,0.0,0.0,0.0,0.0,0
2025-02-07,0.08,27.07,18.68,0.27999999999998404,7.580000000000001,13.459999999999999,0,2.76,3.81,4.31,7.089999999999984,8.329999999999984,8.66,5.880000000000001,0,0.0,0.0,0.0,0.0,0
2025-02-08,0.01,27.58,17.49,0.11999999999998401,7.380000000000001,12.35,0,0.17,0.52,0.21,3.4499999999999837,4.539999999999984,8.990000000000002,4.970000000000001,0,0.0,0.0,0.0,0.0,0
2025-02-09,0.01,28.29,18.64,0.09999999999998402,3.5800000000000005,12.24,0,0.03,2.76,3.81,2.959999999999984,7.089999999999984,11.670000000000002,8.66,0,0.0,0.0,0.0,0.0,0
2025-02-10,0.06,27.89,18.97,0.07999999999998401,3.1200000000000006,12.11,0,0.08,0.17,0.52,0.27999999999998404,3.4499999999999837,11.8,8.990000000000002,0,0.0,0.0,0.0,0.0,0
2025-02-11,0.0,29.69,17.86,0.06999999999998402,0.3600000000000009,12.03,0,0.01,0.03,2.76,0.11999999999998401,2.959999999999984,11.81,11.670000000000002,0,0.0,0.0,0.0,0.0,0
2025-02-12,0.07,31.28,20.02,0.12999999999998402,0.2600000000000009,12.059999999999999,0,0.01,0.08,0.17,0.09999999999998402,0.27999999999998404,7.580000000000001,11.8,0,0.0,0.0,0.0,0.0,0
2025-02-13,5.09,28.42,17.02,5.159999999999984,5.320000000000001,17.13,1,0.06,0.01,0.03,0.07999999999998401,0.11999999999998401,7.380000000000001,11.81,0,0.0,0.0,0.0,0.0,0
2025-02-14,1.49,23.67,14.97,6.649999999999984,6.730000000000001,14.31,0,0.0,0.01,0.08,0.06999999999998402,0.09999999999998402,3.5800000000000005,7.580000000000001,0,0.0,0.0,0.0,0.0,0
2025-02-15,0.01,29.84,16.94,6.589999999999984,6.730000000000001,14.11,0,0.07,0.06,0.01,0.12999999999998402,0.07999999999998401,3.1200000000000006,7.380000000000001,0,0.0,0.0,0.0,0.0,0
2025-02-16,5.02,25.32,17.64,6.519999999999984,11.740000000000002,15.319999999999999,1,5.09,0.0,0.01,5.159999999999984,0.06999999999998402,0.3600000000000009,3.5800000000000005,0,0.0,0.0,1.0,0.0,0
2025-02-17,2.1,23.48,15.35,7.129999999999983,13.780000000000001,16.9,0,1.49,0.07,0.06,6.649999999999984,0.12999999999998402,0.2600000000000009,3.1200000000000006,0,0.0,0.0,0.0,0.0,0
2025-02-18,0.6,30.07,17.75,7.719999999999984,14.38,14.739999999999998,0,0.01,5.09,0.0,6.589999999999984,5.159999999999984,5.320000000000001,0.3600000000000009,0,0.0,0.0,0.0,1.0,0
2025-02-19,6.43,25.49,13.65,9.129999999999985,20.740000000000002,21.0,1,5.02,1.49,0.07,6.519999999999984,6.649999999999984,6.730000000000001,0.2600000000000009,0,0.0,0.0,1.0,0.0,0
2025-02-20,2.72,15.2,9.62,9.749999999999984,18.37,23.689999999999998,0,2.1,0.01,5.09,7.129999999999983,6.589999999999984,6.730000000000001,5.320000000000001,0,0.0,0.0,0.0,0.0,0
2025-02-21,6.38,16.25,12.16,15.529999999999985,23.26,29.990000000000002,1,0.6,5.02,1.49,7.719999999999984,6.519999999999984,11.740000000000002,6.730000000000001,0,0.0,0.0,0.0,1.0,0
2025-02-22,4.16,18.35,12.37,13.259999999999984,27.41,34.14,0,6.43,2.1,0.01,9.129999999999985,7.129999999999983,13.780000000000001,6.730000000000001,0,0.0,0.0,1.0,0.0,0
2025-02-23,0.9,25.47,15.24,11.439999999999985,23.29,35.03,0,2.72,0.6,5.02,9.749999999999984,7.719999999999984,14.38,11.740000000000002,0,0.0,0.0,0.0,0.0,0
2025-02-24,0.11,24.53,15.26,5.169999999999984,21.3,35.08,0,6.38,6.43,2.1,15.529999999999985,9.129999999999985,20.740000000000002,13.780000000000001,0,0.0,0.0,1.0,1.0,0
2025-02-25,0.32,27.58,13.72,1.329999999999984,21.02,35.4,0,4.16,2.72,0.6,13.259999999999984,9.749999999999984,18.37,14.38,0,0.0,0.0,0.0,0.0,0
2025-02-26,0.0,29.63,15.29,0.429999999999984,14.590000000000002,35.33,0,0.9,6.38,6.43,11.439999999999985,15.529999999999985,23.26,20.740000000000002,0,0.0,0.0,0.0,1.0,0
2025-02-27,0.56,29.19,17.66,0.8799999999999841,12.430000000000001,30.8,0,0.11,4.16,2.72,5.169999999999984,13.259999999999984,27.41,18.37,0,0.0,0.0,0.0,0.0,0
2025-02-28,0.67,25.11,18.51,1.229999999999984,6.720000000000001,29.98,0,0.32,0.9,6.38,1.329999999999984,11.439999999999985,23.29,23.26,0,0.0,0.0,0.0,0.0,0
2025-03-01,0.11,27.56,17.88,1.339999999999984,2.6700000000000004,30.080000000000002,0,0.0,0.11,4.16,0.429999999999984,5.169999999999984,21.3,27.41,0,0.0,0.0,0.0,0.0,0
2025-03-02,0.04,28.06,18.01,0.8199999999999841,1.8100000000000003,25.1,0,0.56,0.32,0.9,0.8799999999999841,1.329999999999984,21.02,23.29,0,0.0,0.0,0.0,0.0,0
2025-03-03,0.01,32.41,19.0,0.15999999999998402,1.7100000000000002,23.01,0,0.67,0.0,0.11,1.229999999999984,0.429999999999984,14.590000000000002,21.3,0,0.0,0.0,0.0,0.0,0
2025-03-04,0.11,35.49,20.99,0.15999999999998402,1.5,22.52,0,0.11,0.56,0.32,1.339999999999984,0.8799999999999841,12.430000000000001,21.02,0,0.0,0.0,0.0,0.0,1
2025-03-05,0.07,25.14,16.88,0.18999999999998402,1.57,16.16,0,0.04,0.67,0.0,0.8199999999999841,1.229999999999984,6.720000000000001,14.590000000000002,0,0.0,0.0,0.0,0.0,0
2025-03-06,0.0,28.41,16.02,0.17999999999998403,1.01,13.440000000000001,0,0.01,0.11,0.56,0.15999999999998402,1.339999999999984,2.6700000000000004,12.430000000000001,0,0.0,0.0,0.0,0.0,0
2025-03-07,0.0,33.53,18.42,0.06999999999998402,0.34,7.0600000000000005,0,0.11,0.04,0.67,0.15999999999998402,0.8199999999999841,1.8100000000000003,6.720000000000001,0,0.0,0.0,0.0,0.0,0
2025-03-08,0.0,32.89,20.76,0.0,0.23000000000000004,2.9000000000000004,0,0.07,0.01,0.11,0.18999999999998402,0.15999999999998402,1.7100000000000002,2.6700000000000004,0,0.0,0.0,0.0,0.0,0
2025-03-09,0.15,23.45,14.95,0.149999999999984,0.33999999999999997,2.1500000000000004,0,0.0,0.11,0.04,0.17999999999998403,0.15999999999998402,1.5,1.8100000000000003,0,0.0,0.0,0.0,0.0,0
2025-03-10,0.0,24.51,12.95,0.149999999999984,0.32999999999999996,2.04,0,0.0,0.07,0.01,0.06999999999998402,0.18999999999998402,1.57,1.7100000000000002,0,0.0,0.0,0.0,0.0,0
2025-03-11,0.0,29.34,15.28,0.149999999999984,0.22,1.7200000000000002,0,0.0,0.0,0.11,0.0,0.17999999999998403,1.01,1.5,0,0.0,0.0,0.0,0.0,0
2025-03-12,0.0,32.01,17.72,0.0,0.14999999999999997,1.7200000000000002,0,0.15,0.0,0.07,0.149999999999984,0.06999999999998402,0.34,1.57,0,0.0,0.0,0.0,0.0,0
2025-03-13,0.0,32.08,19.54,0.0,0.14999999999999997,1.1600000000000001,0,0.0,0.0,0.0,0.149999999999984,0.0,0.23000000000000004,1.01,0,0.0,0.0,0.0,0.0,0
2025-03-14,0.0,35.18,20.39,0.0,0.14999999999999997,0.49,0,0.0,0.15,0.0,0.149999999999984,0.149999999999984,0.33999999999999997,0.34,0,0.0,0.0,0.0,0.0,1
2025-03-15,0.0,33.73,21.86,0.0,0.14999999999999997,0.38,0,0.0,0.0,0.0,0.0,0.149999999999984,0.32999999999999996,0.23000000000000004,0,0.0,0.0,0.0,0.0,0
2025-03-16,0.32,24.64,16.26,0.319999999999984,0.32,0.6599999999999999,0,0.0,0.0,0.15,0.0,0.149999999999984,0.22,0.33999999999999997,0,0.0,0.0,0.0,0.0,0
2025-03-17,0.0,25.03,14.0,0.319999999999984,0.32,0.6499999999999999,0,0.0,0.0,0.0,0.0,0.0,0.14999999999999997,0.32999999999999996,0,0.0,0.0,0.0,0.0,0
2025-03-18,0.0,29.29,14.18,0.319999999999984,0.32,0.54,0,0.0,0.0,0.0,0.0,0.0,0.14999999999999997,0.22,0,0.0,0.0,0.0,0.0,0
2025-03-19,0.02,32.79,18.34,0.019999999999984013,0.34,0.49,0,0.32,0.0,0.0,0.319999999999984,0.0,0.14999999999999997,0.14999999999999997,0,0.0,0.0,0.0,0.0,0
2025-03-20,6.06,22.75,16.17,6.079999999999983,6.3999999999999995,6.55,1,0.0,0.0,0.0,0.319999999999984,0.0,0.14999999999999997,0.14999999999999997,0,0.0,0.0,0.0,0.0,0
2025-03-21,0.06,26.58,14.66,6.139999999999983,6.459999999999999,6.609999999999999,0,0.0,0.32,0.0,0.319999999999984,0.319999999999984,0.32,0.14999999999999997,0,0.0,0.0,0.0,0.0,0
2025-03-22,0.01,26.51,18.75,6.129999999999984,6.47,6.62,0,0.02,0.0,0.0,0.019999999999984013,0.319999999999984,0.32,0.14999999999999997,0,0.0,0.0,0.0,0.0,0
2025-03-23,0.27,31.97,18.7,0.33999999999998404,6.419999999999999,6.739999999999999,0,6.06,0.0,0.32,6.079999999999983,0.319999999999984,0.32,0.32,0,0.0,0.0,1.0,0.0,0
2025-03-24,0.08,30.88,19.53,0.35999999999998405,6.499999999999999,6.819999999999999,0,0.06,0.02,0.0,6.139999999999983,0.019999999999984013,0.34,0.32,0,0.0,0.0,0.0,0.0,0
2025-03-25,0.57,29.42,19.04,0.9199999999999839,7.069999999999999,7.39,0,0.01,6.06,0.0,6.129999999999984,6.079999999999983,6.3999999999999995,0.32,0,0.0,0.0,0.0,1.0,0
2025-03-26,14.82,29.59,19.09,15.469999999999985,21.87,22.21,1,0.27,0.06,0.02,0.33999999999998404,6.139999999999983,6.459999999999999,0.34,0,0.0,0.0,0.0,0.0,0
2025-03-27,1.25,30.68,20.79,16.639999999999986,17.060000000000002,23.46,0,0.08,0.01,6.06,0.35999999999998405,6.129999999999984,6.47,6.3999999999999995,0,0.0,0.0,0.0,0.0,0
2025-03-28,1.45,31.21,20.25,17.519999999999985,18.45,24.91,0,0.57,0.27,0.06,0.9199999999999839,0.33999999999998404,6.419999999999999,6.459999999999999,0,0.0,0.0,0.0,0.0,0
2025-03-29,0.46,33.24,21.41,3.159999999999984,18.900000000000002,25.37,0,14.82,0.08,0.01,15.469999999999985,0.35999999999998405,6.499999999999999,6.47,0,0.0,0.0,1.0,0.0,0
2025-03-30,0.07,35.73,21.17,1.979999999999984,18.700000000000003,25.12,0,1.25,0.57,0.27,16.639999999999986,0.9199999999999839,7.069999999999999,6.419999999999999,0,0.0,0.0,0.0,0.0,0
2025-03-31,0.13,34.75,22.42,0.659999999999984,18.75,25.25,0,1.45,14.82,0.08,17.519999999999985,15.469999999999985,21.87,6.499999999999999,0,0.0,0.0,0.0,1.0,0
2025-04-01,0.0,34.64,22.25,0.19999999999998402,18.18,25.25,0,0.46,1.25,0.57,3.159999999999984,16.639999999999986,17.060000000000002,7.069999999999999,0,0.0,0.0,0.0,0.0,0
2025-04-02,0.0,37.85,22.19,0.12999999999998402,3.3600000000000017,25.23,0,0.07,1.45,14.82,1.979999999999984,17.519999999999985,18.45,21.87,0,0.0,0.0,0.0,0.0,1
2025-04-03,0.0,36.23,22.4,0.0,2.1100000000000017,19.17,0,0.13,0.46,1.25,0.659999999999984,3.159999999999984,18.900000000000002,17.060000000000002,0,0.0,0.0,0.0,0.0,1
2025-04-04,0.0,35.93,22.48,0.0,0.6600000000000018,19.11,0,0.0,0.07,1.45,0.19999999999998402,1.979999999999984,18.700000000000003,18.45,0,0.0,0.0,0.0,0.0,1
2025-04-05,0.0,35.83,22.82,0.0,0.2000000000000018,19.1,0,0.0,0.13,0.46,0.12999999999998402,0.659999999999984,18.75,18.900000000000002,0,0.0,0.0,0.0,0.0,1
2025-04-06,6.98,23.93,16.6,6.979999999999984,7.110000000000002,25.810000000000002,1,0.0,0.0,0.07,0.0,0.19999999999998402,18.18,18.700000000000003,0,0.0,0.0,0.0,0.0,0
2025-04-07,2.38,23.2,14.9,9.359999999999985,9.360000000000003,28.11,0,0.0,0.0,0.13,0.0,0.12999999999998402,3.3600000000000017,18.75,0,0.0,0.0,0.0,0.0,0
2025-04-08,1.2,21.91,14.97,10.559999999999985,10.560000000000002,28.740000000000002,0,0.0,0.0,0.0,0.0,0.0,2.1100000000000017,18.18,0,0.0,0.0,0.0,0.0,0
2025-04-09,0.01,25.78,14.47,3.589999999999984,10.570000000000002,13.930000000000001,0,6.98,0.0,0.0,6.979999999999984,0.0,0.6600000000000018,3.3600000000000017,0,0.0,0.0,1.0,0.0,0
2025-04-10,0.0,28.03,15.01,1.209999999999984,10.570000000000002,12.680000000000001,0,2.38,0.0,0.0,9.359999999999985,0.0,0.2000000000000018,2.1100000000000017,0,0.0,0.0,0.0,0.0,0
2025-04-11,0.0,27.14,13.59,0.009999999999984013,10.570000000000002,11.230000000000002,0,1.2,6.98,0.0,10.559999999999985,6.979999999999984,7.110000000000002,0.6600000000000018,0,0.0,0.0,0.0,1.0,0
2025-04-12,0.0,27.33,14.08,0.0,10.570000000000002,10.770000000000001,0,0.01,2.38,0.0,3.589999999999984,9.359999999999985,9.360000000000003,0.2000000000000018,0,0.0,0.0,0.0,0.0,0
2025-04-13,0.0,28.8,14.66,0.0,3.5900000000000016,10.700000000000001,0,0.0,1.2,6.98,1.209999999999984,10.559999999999985,10.560000000000002,7.110000000000002,0,0.0,0.0,0.0,0.0,0
2025-04-14,0.0,30.37,16.39,0.0,1.2100000000000017,10.570000000000002,0,0.0,0.01,2.38,0.009999999999984013,3.589999999999984,10.570000000000002,9.360000000000003,0,0.0,0.0,0.0,0.0,0
2025-04-15,0.05,29.45,18.0,0.049999999999984016,0.06000000000000178,10.620000000000003,0,0.0,0.0,1.2,0.0,1.209999999999984,10.570000000000002,10.560000000000002,0,0.0,0.0,0.0,0.0,0
2025-04-16,0.03,28.98,18.51,0.07999999999998401,0.08000000000000178,10.650000000000002,0,0.0,0.0,0.01,0.0,0.009999999999984013,10.570000000000002,10.570000000000002,0,0.0,0.0,0.0,0.0,0
2025-04-17,0.0,31.39,17.27,0.07999999999998401,0.08000000000000178,10.650000000000002,0,0.0,0.0,0.0,0.0,0.0,10.570000000000002,10.570000000000002,0,0.0,0.0,0.0,0.0,0
2025-04-18,0.0,32.94,19.29,0.02999999999998401,0.08000000000000178,10.650000000000002,0,0.05,0.0,0.0,0.049999999999984016,0.0,3.5900000000000016,10.570000000000002,0,0.0,0.0,0.0,0.0,0
2025-04-19,0.01,33.26,21.54,0.009999999999984013,0.09000000000000177,10.660000000000004,0,0.03,0.0,0.0,0.07999999999998401,0.0,1.2100000000000017,10.570000000000002,0,0.0,0.0,0.0,0.0,0
2025-04-20,0.89,33.22,20.93,0.899999999999984,0.9800000000000018,4.570000000000002,0,0.0,0.05,0.0,0.07999999999998401,0.049999999999984016,0.06000000000000178,3.5900000000000016,0,0.0,0.0,0.0,0.0,0
2025-04-21,2.89,30.16,21.67,3.789999999999984,3.870000000000002,5.080000000000002,0,0.0,0.03,0.0,0.02999999999998401,0.07999999999998401,0.08000000000000178,1.2100000000000017,0,0.0,0.0,0.0,0.0,0
2025-04-22,0.87,31.72,21.37,4.649999999999984,4.690000000000002,4.750000000000002,0,0.01,0.0,0.05,0.009999999999984013,0.07999999999998401,0.08000000000000178,0.06000000000000178,0,0.0,0.0,0.0,0.0,0
2025-04-23,0.36,33.05,21.46,4.119999999999984,5.020000000000001,5.100000000000001,0,0.89,0.0,0.03,0.899999999999984,0.02999999999998401,0.08000000000000178,0.08000000000000178,0,0.0,0.0,0.0,0.0,0
2025-04-24,0.18,33.62,22.21,1.409999999999984,5.200000000000002,5.280000000000002,0,2.89,0.01,0.0,3.789999999999984,0.009999999999984013,0.09000000000000177,0.08000000000000178,0,0.0,0.0,0.0,0.0,0
2025-04-25,0.31,31.66,21.91,0.849999999999984,5.510000000000002,5.590000000000002,0,0.87,0.89,0.0,4.649999999999984,0.899999999999984,0.9800000000000018,0.08000000000000178,0,0.0,0.0,0.0,0.0,0
2025-04-26,0.03,32.26,19.95,0.519999999999984,5.530000000000002,5.620000000000002,0,0.36,2.89,0.01,4.119999999999984,3.789999999999984,3.870000000000002,0.09000000000000177,0,0.0,0.0,0.0,0.0,0
2025-04-27,0.01,32.95,20.12,0.349999999999984,4.650000000000002,5.630000000000002,0,0.18,0.87,0.89,1.409999999999984,4.649999999999984,4.690000000000002,0.9800000000000018,0,0.0,0.0,0.0,0.0,0
2025-04-28,0.02,32.22,19.65,0.05999999999998401,1.7800000000000018,5.650000000000002,0,0.31,0.36,2.89,0.849999999999984,4.119999999999984,5.020000000000001,3.870000000000002,0,0.0,0.0,0.0,0.0,0
2025-04-29,0.08,32.93,20.77,0.10999999999998401,0.9900000000000018,5.680000000000002,0,0.03,0.18,0.87,0.519999999999984,1.409999999999984,5.200000000000002,4.690000000000002,0,0.0,0.0,0.0,0.0,0
2025-04-30,0.19,33.49,21.0,0.28999999999998405,0.8200000000000018,5.840000000000002,0,0.01,0.31,0.36,0.349999999999984,0.849999999999984,5.510000000000002,5.020000000000001,0,0.0,0.0,0.0,0.0,0
2025-05-01,0.9,32.68,22.23,1.169999999999984,1.5400000000000018,6.740000000000002,0,0.02,0.03,0.18,0.05999999999998401,0.519999999999984,5.530000000000002,5.200000000000002,0,0.0,0.0,0.0,0.0,0
2025-05-02,0.49,32.8,22.18,1.579999999999984,1.7200000000000017,7.230000000000002,0,0.08,0.01,0.31,0.10999999999998401,0.349999999999984,4.650000000000002,5.510000000000002,0,0.0,0.0,0.0,0.0,0
2025-05-03,7.81,33.27,23.4,9.199999999999983,9.500000000000002,15.030000000000001,1,0.19,0.02,0.03,0.28999999999998405,0.05999999999998401,1.7800000000000018,5.530000000000002,0,0.0,0.0,0.0,0.0,0
2025-05-04,6.2,29.85,22.58,14.499999999999984,15.690000000000001,20.34,2,0.9,0.08,0.01,1.169999999999984,0.10999999999998401,0.9900000000000018,4.650000000000002,0,0.0,0.0,0.0,0.0,0
2025-05-05,0.9,32.92,22.88,14.909999999999984,16.57,18.35,0,0.49,0.19,0.02,1.579999999999984,0.28999999999998405,0.8200000000000018,1.7800000000000018,0,0.0,0.0,0.0,0.0,0
2025-05-06,0.02,37.14,23.38,7.119999999999985,16.51,17.500000000000004,0,7.81,0.9,0.08,9.199999999999983,1.169999999999984,1.5400000000000018,0.9900000000000018,0,0.0,0.0,1.0,0.0,0
2025-05-07,0.94,36.03,24.92,1.8599999999999848,17.26,18.08,0,6.2,0.49,0.19,14.499999999999984,1.579999999999984,1.7200000000000017,0.8200000000000018,0,0.0,0.0,2.0,0.0,0
2025-05-08,0.66,33.29,22.96,1.619999999999985,17.02,18.56,0,0.9,7.81,0.9,14.909999999999984,9.199999999999983,9.500000000000002,1.5400000000000018,0,0.0,0.0,0.0,1.0,0
2025-05-09,21.89,28.12,19.72,23.489999999999984,38.42,40.14,1,0.02,6.2,0.49,7.119999999999985,14.499999999999984,15.690000000000001,1.7200000000000017,1,0.0,0.0,0.0,2.0,0
2025-05-10,2.23,26.16,19.33,24.779999999999983,32.839999999999996,42.339999999999996,0,0.94,0.9,7.81,1.8599999999999848,14.909999999999984,16.57,9.500000000000002,0,0.0,0.0,0.0,0.0,0
2025-05-11,0.11,27.68,18.32,24.229999999999983,26.75,42.440000000000005,0,0.66,0.02,6.2,1.619999999999985,7.119999999999985,16.51,15.690000000000001,0,0.0,0.0,0.0,0.0,0
2025-05-12,0.0,31.17,19.84,2.339999999999982,25.85,42.42,0,21.89,0.94,0.9,23.489999999999984,1.8599999999999848,17.26,16.57,0,0.0,0.0,1.0,0.0,0
2025-05-13,0.01,34.39,21.18,0.11999999999998223,25.840000000000003,42.35,0,2.23,0.66,0.02,24.779999999999983,1.619999999999985,17.02,16.51,0,0.0,0.0,0.0,0.0,0
2025-05-14,0.0,35.87,23.08,0.009999999999982237,24.900000000000002,42.160000000000004,0,0.11,21.89,0.94,24.229999999999983,23.489999999999984,38.42,17.26,0,1.0,0.0,0.0,1.0,0
2025-05-15,0.02,35.99,22.91,0.029999999999982235,24.26,41.28,0,0.0,2.23,0.66,2.339999999999982,24.779999999999983,32.839999999999996,17.02,0,0.0,0.0,0.0,0.0,0
2025-05-16,0.01,36.26,23.19,0.029999999999982235,2.38,40.800000000000004,0,0.01,0.11,21.89,0.11999999999998223,24.229999999999983,26.75,38.42,0,0.0,1.0,0.0,0.0,1
2025-05-17,0.04,35.62,22.94,0.06999999999998224,0.19,33.03,0,0.0,0.0,2.23,0.009999999999982237,2.339999999999982,25.85,32.839999999999996,0,0.0,0.0,0.0,0.0,1
2025-05-18,0.23,35.75,23.38,0.27999999999998226,0.31,27.06,0,0.02,0.01,0.11,0.029999999999982235,0.11999999999998223,25.840000000000003,26.75,0,0.0,0.0,0.0,0.0,1
2025-05-19,0.05,37.89,24.24,0.31999999999998224,0.36000000000000004,26.21,0,0.01,0.0,0.0,0.029999999999982235,0.009999999999982237,24.900000000000002,25.85,0,0.0,0.0,0.0,0.0,1
2025-05-20,0.02,39.13,24.88,0.2999999999999823,0.37,26.21,0,0.04,0.02,0.01,0.06999999999998224,0.029999999999982235,24.26,25.840000000000003,0,0.0,0.0,0.0,0.0,1
2025-05-21,0.48,34.82,24.07,0.5499999999999823,0.85,25.75,0,0.23,0.01,0.0,0.27999999999998226,0.029999999999982235,2.38,24.900000000000002,0,0.0,0.0,0.0,0.0,0
2025-05-22,1.33,33.97,23.48,1.8299999999999823,2.16,26.42,0,0.05,0.04,0.02,0.31999999999998224,0.06999999999998224,0.19,24.26,0,0.0,0.0,0.0,0.0,0
2025-05-23,0.39,33.54,22.59,2.1999999999999824,2.5400000000000005,4.92,0,0.02,0.23,0.01,0.2999999999999823,0.27999999999998226,0.31,2.38,0,0.0,0.0,0.0,0.0,0
2025-05-24,2.93,34.77,22.47,4.649999999999983,5.430000000000001,5.62,0,0.48,0.05,0.04,0.5499999999999823,0.31999999999998224,0.36000000000000004,0.19,0,0.0,0.0,0.0,0.0,0
2025-05-25,6.38,33.22,23.06,9.699999999999982,11.58,11.89,1,1.33,0.02,0.23,1.8299999999999823,0.2999999999999823,0.37,0.31,0,0.0,0.0,0.0,0.0,0
2025-05-26,6.27,34.03,23.59,15.57999999999998,17.8,18.16,2,0.39,0.48,0.05,2.1999999999999824,0.5499999999999823,0.85,0.36000000000000004,0,0.0,0.0,0.0,0.0,0
2025-05-27,6.76,31.69,23.79,19.409999999999982,24.54,24.91,3,2.93,1.33,0.02,4.649999999999983,1.8299999999999823,2.16,0.37,0,0.0,0.0,0.0,0.0,0
2025-05-28,11.52,32.54,24.01,24.549999999999983,35.58,36.43,4,6.38,0.39,0.48,9.699999999999982,2.1999999999999824,2.5400000000000005,0.85,0,0.0,0.0,1.0,0.0,0
2025-05-29,4.72,33.02,23.44,22.999999999999982,38.97,41.129999999999995,0,6.27,2.93,1.33,15.57999999999998,4.649999999999983,5.430000000000001,2.16,0,0.0,0.0,2.0,0.0,0
2025-05-30,8.04,32.53,23.04,24.27999999999998,46.620000000000005,49.16,1,6.76,6.38,0.39,19.409999999999982,9.699999999999982,11.58,2.5400000000000005,0,0.0,0.0,3.0,1.0,0
2025-05-31,20.3,29.42,22.85,33.05999999999998,63.99,69.42,2,11.52,6.27,2.93,24.549999999999983,15.57999999999998,17.8,5.430000000000001,1,0.0,0.0,4.0,2.0,0
2025-06-01,1.89,31.08,22.47,30.229999999999983,59.5,71.08,0,4.72,6.76,6.38,22.999999999999982,19.409999999999982,24.54,11.58,0,0.0,0.0,0.0,3.0,0
2025-06-02,3.09,31.5,23.64,25.279999999999983,56.32,74.11999999999999,0,8.04,11.52,6.27,24.27999999999998,24.549999999999983,35.58,17.8,0,0.0,0.0,1.0,4.0,0
2025-06-03,11.78,30.75,23.8,16.75999999999998,61.339999999999996,85.88,1,20.3,4.72,6.76,33.05999999999998,22.999999999999982,38.97,24.54,0,0.0,0.0,2.0,0.0,0
2025-06-04,2.56,31.88,23.54,17.42999999999998,52.38,87.96,0,1.89,8.04,11.52,30.229999999999983,24.27999999999998,46.620000000000005,35.58,0,0.0,0.0,0.0,1.0,0
2025-06-05,3.85,29.92,23.89,18.18999999999998,51.510000000000005,90.47999999999999,0,3.09,20.3,4.72,25.279999999999983,33.05999999999998,63.99,38.97,0,1.0,0.0,0.0,2.0,0
2025-06-06,9.27,27.43,22.7,15.679999999999982,52.739999999999995,99.36,1,11.78,1.89,8.04,16.75999999999998,30.229999999999983,59.5,46.620000000000005,0,0.0,0.0,1.0,0.0,0
2025-06-07,0.46,30.41,21.46,13.579999999999982,32.9,96.88999999999999,0,2.56,3.09,20.3,17.42999999999998,25.279999999999983,56.32,63.99,0,0.0,1.0,0.0,0.0,0
2025-06-08,0.29,31.84,22.21,10.019999999999982,31.299999999999997,90.8,0,3.85,11.78,1.89,18.18999999999998,16.75999999999998,61.339999999999996,59.5,0,0.0,0.0,0.0,1.0,0
2025-06-09,0.26,32.67,23.33,1.0099999999999822,28.47,84.78999999999999,0,9.27,2.56,3.09,15.679999999999982,17.42999999999998,52.38,56.32,0,0.0,0.0,1.0,0.0,0
2025-06-10,2.05,30.18,23.49,2.599999999999982,18.74,80.08,0,0.46,3.85,11.78,13.579999999999982,18.18999999999998,51.510000000000005,61.339999999999996,0,0.0,0.0,0.0,0.0,0
2025-06-11,5.24,31.38,22.44,7.549999999999982,21.42,73.8,1,0.29,9.27,2.56,10.019999999999982,15.679999999999982,52.739999999999995,52.38,0,0.0,0.0,0.0,1.0,0
2025-06-12,3.85,31.77,23.21,11.139999999999983,21.419999999999998,72.92999999999999,0,0.26,0.46,3.85,1.0099999999999822,13.579999999999982,32.9,51.510000000000005,0,0.0,0.0,0.0,0.0,0
2025-06-13,5.61,29.59,23.01,14.699999999999982,17.759999999999998,70.49999999999999,1,2.05,0.29,9.27,2.599999999999982,10.019999999999982,31.299999999999997,52.739999999999995,0,0.0,0.0,0.0,0.0,0
2025-06-14,12.13,28.97,23.73,21.589999999999982,29.43,62.33,2,5.24,0.26,0.46,7.549999999999982,1.0099999999999822,28.47,32.9,0,0.0,0.0,1.0,0.0,0
2025-06-15,9.8,29.31,22.72,27.539999999999985,38.94,70.24000000000001,3,3.85,2.05,0.29,11.139999999999983,2.599999999999982,18.74,31.299999999999997,0,0.0,0.0,0.0,0.0,0
2025-06-16,19.05,27.64,21.75,40.97999999999998,57.730000000000004,86.2,4,5.61,5.24,0.26,14.699999999999982,7.549999999999982,21.42,28.47,0,0.0,0.0,1.0,1.0,0
2025-06-17,19.9,27.28,21.46,48.74999999999998,75.58,94.32,5,12.13,3.85,2.05,21.589999999999982,11.139999999999983,21.419999999999998,18.74,0,0.0,0.0,2.0,0.0,0
2025-06-18,30.06,25.46,22.05,69.00999999999998,100.4,121.82,6,9.8,5.61,5.24,27.539999999999985,14.699999999999982,17.759999999999998,21.42,1,0.0,0.0,3.0,1.0,0
2025-06-19,25.14,25.21,23.51,75.09999999999998,121.69,143.11,7,19.05,12.13,3.85,40.97999999999998,21.589999999999982,29.43,21.419999999999998,1,0.0,0.0,4.0,2.0,0
2025-06-20,19.24,25.73,23.52,74.43999999999997,135.32,153.07999999999998,8,19.9,9.8,5.61,48.74999999999998,27.539999999999985,38.94,17.759999999999998,0,0.0,0.0,5.0,3.0,0
2025-06-21,11.73,26.03,23.43,56.10999999999997,134.92,164.35000000000002,9,30.06,19.05,12.13,69.00999999999998,40.97999999999998,57.730000000000004,29.43,0,0.0,0.0,6.0,4.0,0
2025-06-22,22.51,25.01,22.44,53.479999999999976,147.63,186.57,10,25.14,19.9,9.8,75.09999999999998,48.74999999999998,75.58,38.94,1,0.0,0.0,7.0,5.0,0
2025-06-23,14.11,25.78,21.01,48.34999999999998,142.69,200.42,11,19.24,30.06,19.05,74.43999999999997,69.00999999999998,100.4,57.730000000000004,0,1.0,0.0,8.0,6.0,0
2025-06-24,11.72,25.37,20.59,48.33999999999998,134.51,210.08999999999997,12,11.73,25.14,19.9,56.10999999999997,75.09999999999998,121.69,75.58,0,1.0,0.0,9.0,7.0,0
2025-06-25,17.86,25.9,19.67,43.68999999999998,122.31,222.71,13,22.51,19.24,30.06,53.479999999999976,74.43999999999997,135.32,100.4,0,0.0,1.0,10.0,8.0,0
2025-06-26,11.8,25.11,20.59,41.37999999999998,108.97,230.66000000000003,14,14.11,11.73,25.14,48.34999999999998,56.10999999999997,134.92,121.69,0,0.0,1.0,11.0,9.0,0
2025-06-27,3.89,26.34,20.06,33.54999999999998,93.62,228.94,0,11.72,22.51,19.24,48.33999999999998,53.479999999999976,147.63,135.32,0,1.0,0.0,12.0,10.0,0
2025-06-28,9.69,26.64,20.77,25.37999999999998,91.58,226.5,1,17.86,14.11,11.73,43.68999999999998,48.34999999999998,142.69,134.92,0,0.0,0.0,13.0,11.0,0
2025-06-29,40.48,26.64,22.52,54.059999999999974,109.54999999999998,257.18,2,11.8,11.72,22.51,41.37999999999998,48.33999999999998,134.51,147.63,1,0.0,1.0,14.0,12.0,0
2025-06-30,16.79,25.4,22.56,66.95999999999998,112.23,254.92000000000002,3,3.89,17.86,14.11,33.54999999999998,43.68999999999998,122.31,142.69,0,0.0,0.0,0.0,13.0,0
2025-07-01,4.09,27.68,22.35,61.359999999999985,104.6,239.11,0,9.69,11.8,11.72,25.37999999999998,41.37999999999998,108.97,134.51,0,0.0,0.0,1.0,14.0,0
2025-07-02,2.74,27.25,21.8,23.619999999999983,89.48,211.79,0,40.48,3.89,17.86,54.059999999999974,33.54999999999998,93.62,122.31,0,0.0,0.0,2.0,0.0,0
2025-07-03,2.0,27.19,21.33,8.829999999999986,79.67999999999999,188.64999999999998,0,16.79,9.69,11.8,66.95999999999998,25.37999999999998,91.58,108.97,0,0.0,0.0,3.0,1.0,0
2025-07-04,0.21,27.83,19.92,4.949999999999986,76.0,169.62,0,4.09,40.48,3.89,61.359999999999985,54.059999999999974,109.54999999999998,93.62,0,1.0,0.0,0.0,2.0,0
2025-07-05,0.91,28.31,21.25,3.119999999999986,67.22,158.79999999999998,0,2.74,16.79,9.69,23.619999999999983,66.95999999999998,112.23,91.58,0,0.0,0.0,0.0,3.0,0
2025-07-06,2.23,28.62,21.94,3.349999999999986,28.97,138.52,0,2.0,4.09,40.48,8.829999999999986,61.359999999999985,104.6,109.54999999999998,0,0.0,1.0,0.0,0.0,0
2025-07-07,7.45,28.08,21.94,10.589999999999986,19.630000000000003,131.85999999999999,1,0.21,2.74,16.79,4.949999999999986,23.619999999999983,89.48,112.23,0,0.0,0.0,0.0,0.0,0
2025-07-08,11.49,26.53,21.67,21.169999999999987,27.03,131.63,2,0.91,2.0,4.09,3.119999999999986,8.829999999999986,79.67999999999999,104.6,0,0.0,0.0,0.0,0.0,0
2025-07-09,5.64,26.33,20.35,24.579999999999988,29.93,119.41,3,2.23,0.21,2.74,3.349999999999986,4.949999999999986,76.0,89.48,0,0.0,0.0,0.0,0.0,0
2025-07-10,1.15,27.93,20.64,18.279999999999987,29.08,108.76,0,7.45,0.91,2.0,10.589999999999986,3.119999999999986,67.22,79.67999999999999,0,0.0,0.0,1.0,0.0,0
2025-07-11,1.45,28.79,20.63,8.239999999999988,30.32,106.32000000000001,0,11.49,2.23,0.21,21.169999999999987,3.349999999999986,28.97,76.0,0,0.0,0.0,2.0,0.0,0
2025-07-12,2.1,27.61,21.1,4.699999999999988,31.51,98.73,0,5.64,7.45,0.91,24.579999999999988,10.589999999999986,19.630000000000003,67.22,0,0.0,0.0,3.0,1.0,0
2025-07-13,2.67,28.34,21.08,6.219999999999988,31.950000000000003,60.92,0,1.15,11.49,2.23,18.279999999999987,21.169999999999987,27.03,28.97,0,0.0,0.0,0.0,2.0,0
2025-07-14,5.3,28.75,20.79,10.069999999999986,29.799999999999997,49.43,1,1.45,5.64,7.45,8.239999999999988,24.579999999999988,29.93,19.630000000000003,0,0.0,0.0,0.0,3.0,0
2025-07-15,0.87,28.09,20.81,8.839999999999987,19.18,46.21,0,2.1,1.15,11.49,4.699999999999988,18.279999999999987,29.08,27.03,0,0.0,0.0,0.0,0.0,0
2025-07-16,0.34,28.27,20.15,6.509999999999987,13.879999999999999,43.81,0,2.67,1.45,5.64,6.219999999999988,8.239999999999988,30.32,29.93,0,0.0,0.0,0.0,0.0,0
2025-07-17,4.75,28.24,21.41,5.9599999999999875,17.48,46.56,0,5.3,2.1,1.15,10.069999999999986,4.699999999999988,31.51,29.08,0,0.0,0.0,1.0,0.0,0
2025-07-18,6.81,26.36,21.65,11.899999999999988,22.84,53.160000000000004,1,0.87,2.67,1.45,8.839999999999987,6.219999999999988,31.950000000000003,30.32,0,0.0,0.0,0.0,0.0,0
2025-07-19,9.43,27.57,21.15,20.989999999999988,30.169999999999998,61.67999999999999,2,0.34,5.3,2.1,6.509999999999987,10.069999999999986,29.799999999999997,31.51,0,0.0,0.0,0.0,1.0,0
2025-07-20,1.6,27.77,21.21,17.83999999999999,29.1,61.05,0,4.75,0.87,2.67,5.9599999999999875,8.839999999999987,19.18,31.950000000000003,0,0.0,0.0,0.0,0.0,0
2025-07-21,1.02,28.05,21.13,12.04999999999999,24.82,54.62,0,6.81,0.34,5.3,11.899999999999988,6.509999999999987,13.879999999999999,29.799999999999997,0,0.0,0.0,1.0,0.0,0
2025-07-22,2.67,28.52,21.26,5.289999999999989,26.619999999999997,45.8,0,9.43,4.75,0.87,20.989999999999988,5.9599999999999875,17.48,19.18,0,0.0,0.0,2.0,0.0,0
2025-07-23,3.01,28.37,22.28,6.699999999999989,29.29,43.17,0,1.6,6.81,0.34,17.83999999999999,11.899999999999988,22.84,13.879999999999999,0,0.0,0.0,0.0,1.0,0
2025-07-24,3.56,28.17,22.11,9.23999999999999,28.099999999999998,45.58,0,1.02,9.43,4.75,12.04999999999999,20.989999999999988,30.169999999999998,17.48,0,0.0,0.0,0.0,2.0,0
2025-07-25,3.28,27.23,21.79,9.849999999999989,24.57,47.41,0,2.67,1.6,6.81,5.289999999999989,17.83999999999999,29.1,22.84,0,0.0,0.0,0.0,0.0,0
2025-07-26,5.65,26.99,21.42,12.48999999999999,20.79,50.96,1,3.01,1.02,9.43,6.699999999999989,12.04999999999999,24.82,30.169999999999998,0,0.0,0.0,0.0,0.0,0
2025-07-27,16.38,25.85,21.87,25.309999999999988,35.56999999999999,64.66999999999999,2,3.56,2.67,1.6,9.23999999999999,5.289999999999989,26.619999999999997,29.1,0,0.0,0.0,0.0,0.0,0
2025-07-28,6.77,26.33,21.06,28.799999999999986,41.32,66.14,3,3.28,3.01,1.02,9.849999999999989,6.699999999999989,29.29,24.82,0,0.0,0.0,0.0,0.0,0
2025-07-29,6.31,26.83,21.44,29.459999999999987,44.96,71.58,4,5.65,3.56,2.67,12.48999999999999,9.23999999999999,28.099999999999998,26.619999999999997,0,0.0,0.0,1.0,0.0,0
2025-07-30,7.14,26.89,21.06,20.219999999999988,49.09,78.38,5,16.38,3.28,3.01,25.309999999999988,9.849999999999989,24.57,29.29,0,0.0,0.0,2.0,0.0,0
2025-07-31,7.11,26.58,21.56,20.559999999999988,52.64,80.74,6,6.77,5.65,3.56,28.799999999999986,12.48999999999999,20.79,28.099999999999998,0,0.0,0.0,3.0,1.0,0
2025-08-01,1.73,27.87,21.64,15.97999999999999,51.089999999999996,75.66,0,6.31,16.38,3.28,29.459999999999987,25.309999999999988,35.56999999999999,24.57,0,0.0,0.0,4.0,2.0,0
2025-08-02,1.08,26.42,22.02,9.91999999999999,46.519999999999996,67.30999999999999,0,7.14,6.77,5.65,20.219999999999988,28.799999999999986,41.32,20.79,0,0.0,0.0,5.0,3.0,0
2025-08-03,1.19,27.29,21.93,3.9999999999999893,31.33,66.9,0,7.11,6.31,16.38,20.559999999999988,29.459999999999987,44.96,35.56999999999999,0,0.0,0.0,6.0,4.0,0
2025-08-04,1.7,27.97,22.02,3.969999999999989,26.259999999999998,67.58,0,1.73,7.14,6.77,15.97999999999999,20.219999999999988,49.09,41.32,0,0.0,0.0,0.0,5.0,0
2025-08-05,4.95,28.74,21.57,7.839999999999989,24.900000000000002,69.86,0,1.08,7.11,6.31,9.91999999999999,20.559999999999988,52.64,44.96,0,0.0,0.0,0.0,6.0,0
2025-08-06,11.85,26.57,22.49,18.49999999999999,29.61,78.69999999999999,1,1.19,1.73,7.14,3.9999999999999893,15.97999999999999,51.089999999999996,49.09,0,0.0,0.0,0.0,0.0,0
2025-08-07,8.26,27.22,22.41,25.059999999999988,30.759999999999998,83.39999999999999,2,1.7,1.08,7.11,3.969999999999989,9.91999999999999,46.519999999999996,52.64,0,0.0,0.0,0.0,0.0,0
2025-08-08,1.39,28.32,21.11,21.499999999999986,30.419999999999998,81.50999999999999,0,4.95,1.19,1.73,7.839999999999989,3.9999999999999893,31.33,51.089999999999996,0,0.0,0.0,0.0,0.0,0
2025-08-09,0.4,28.91,21.05,10.049999999999988,29.74,76.26,0,11.85,1.7,1.08,18.49999999999999,3.969999999999989,26.259999999999998,46.519999999999996,0,0.0,0.0,1.0,0.0,0
2025-08-10,6.61,28.78,21.27,8.39999999999999,35.16,66.49,1,8.26,4.95,1.19,25.059999999999988,7.839999999999989,24.900000000000002,31.33,0,0.0,0.0,2.0,0.0,0
2025-08-11,7.72,29.27,22.12,14.72999999999999,41.18,67.44,2,1.39,11.85,1.7,21.499999999999986,18.49999999999999,29.61,26.259999999999998,0,0.0,0.0,0.0,1.0,0
2025-08-12,2.2,29.07,22.61,16.52999999999999,38.43,63.33,0,0.4,8.26,4.95,10.049999999999988,25.059999999999988,30.759999999999998,24.900000000000002,0,0.0,0.0,0.0,2.0,0
2025-08-13,2.61,28.26,22.33,12.52999999999999,29.19,58.8,0,6.61,1.39,11.85,8.39999999999999,21.499999999999986,30.419999999999998,29.61,0,0.0,0.0,1.0,0.0,0
2025-08-14,5.32,28.55,21.26,10.12999999999999,26.25,57.01,1,7.72,0.4,8.26,14.72999999999999,10.049999999999988,29.74,30.759999999999998,0,0.0,0.0,2.0,0.0,0
2025-08-15,1.65,27.8,21.91,9.57999999999999,26.51,56.92999999999999,0,2.2,6.61,1.39,16.52999999999999,8.39999999999999,35.16,30.419999999999998,0,0.0,0.0,0.0,1.0,0
2025-08-16,3.93,28.9,22.19,10.899999999999991,30.04,59.78,0,2.61,7.72,0.4,12.52999999999999,14.72999999999999,41.18,29.74,0,0.0,0.0,0.0,2.0,0
2025-08-17,3.07,27.94,22.22,8.64999999999999,26.5,61.66,0,5.32,2.2,6.61,10.12999999999999,16.52999999999999,38.43,35.16,0,0.0,0.0,1.0,0.0,0
2025-08-18,3.76,28.49,21.74,10.75999999999999,22.54,63.72,0,1.65,2.61,7.72,9.57999999999999,12.52999999999999,29.19,41.18,0,0.0,0.0,0.0,0.0,0
2025-08-19,2.89,28.7,21.59,9.71999999999999,23.229999999999997,61.660000000000004,0,3.93,5.32,2.2,10.899999999999991,10.12999999999999,26.25,38.43,0,0.0,0.0,0.0,1.0,0
2025-08-20,4.26,28.99,20.63,10.90999999999999,24.88,54.07,0,3.07,1.65,2.61,8.64999999999999,9.57999999999999,26.51,29.19,0,0.0,0.0,0.0,0.0,0
2025-08-21,4.2,28.95,22.97,11.34999999999999,23.76,50.010000000000005,0,3.76,3.93,5.32,10.75999999999999,10.899999999999991,30.04,26.25,0,0.0,0.0,0.0,0.0,0
2025-08-22,7.31,29.19,21.65,15.769999999999989,29.419999999999998,55.93,1,2.89,3.07,1.65,9.71999999999999,8.64999999999999,26.5,26.51,0,0.0,0.0,0.0,0.0,0
2025-08-23,16.93,27.44,23.26,28.43999999999999,42.42,72.46000000000001,2,4.26,3.76,3.93,10.90999999999999,10.75999999999999,22.54,30.04,0,0.0,0.0,0.0,0.0,0
2025-08-24,8.55,27.43,23.42,32.78999999999999,47.9,74.4,3,4.2,2.89,3.07,11.34999999999999,9.71999999999999,23.229999999999997,26.5,0,0.0,0.0,0.0,0.0,0
2025-08-25,6.24,27.77,22.34,31.71999999999999,50.38,72.92,4,7.31,4.26,3.76,15.769999999999989,10.90999999999999,24.88,22.54,0,0.0,0.0,1.0,0.0,0
2025-08-26,16.78,27.21,23.23,31.569999999999993,64.27000000000001,87.5,5,16.93,4.2,2.89,28.43999999999999,11.34999999999999,23.76,23.229999999999997,0,0.0,0.0,2.0,0.0,0
2025-08-27,13.27,27.09,21.86,36.28999999999999,73.28,98.16,6,8.55,7.31,4.26,32.78999999999999,15.769999999999989,29.419999999999998,24.88,0,0.0,0.0,3.0,1.0,0
2025-08-28,2.09,27.79,21.55,32.139999999999986,71.17,94.92999999999999,0,6.24,16.93,4.2,31.71999999999999,28.43999999999999,42.42,23.76,0,0.0,0.0,4.0,2.0,0
2025-08-29,2.42,28.69,21.43,17.779999999999987,66.28,95.7,0,16.78,8.55,7.31,31.569999999999993,32.78999999999999,47.9,29.419999999999998,0,0.0,0.0,5.0,3.0,0
2025-08-30,6.6,28.08,21.79,11.109999999999989,55.95,98.36999999999999,1,13.27,6.24,16.93,36.28999999999999,31.71999999999999,50.38,42.42,0,0.0,0.0,6.0,4.0,0
2025-08-31,9.83,28.02,21.87,18.849999999999987,57.230000000000004,105.13,2,2.09,16.78,8.55,32.139999999999986,31.569999999999993,64.27000000000001,47.9,0,0.0,0.0,0.0,5.0,0
2025-09-01,9.51,26.68,23.23,25.939999999999987,60.5,110.88,3,2.42,13.27,6.24,17.779999999999987,36.28999999999999,73.28,50.38,0,0.0,0.0,0.0,6.0,0
2025-09-02,6.95,27.22,22.73,26.28999999999999,50.67,114.94,4,6.6,2.09,16.78,11.109999999999989,32.139999999999986,71.17,64.27000000000001,0,0.0,0.0,1.0,0.0,0
2025-09-03,4.59,27.49,22.21,21.049999999999986,41.99,115.27000000000001,0,9.83,2.42,13.27,18.849999999999987,17.779999999999987,66.28,73.28,0,0.0,0.0,2.0,0.0,0
2025-09-04,6.95,28.34,22.26,18.489999999999988,46.85,118.02,1,9.51,6.6,2.09,25.939999999999987,11.109999999999989,55.95,71.17,0,0.0,0.0,3.0,1.0,0
2025-09-05,1.53,30.01,22.93,13.06999999999999,45.96,112.24,0,6.95,9.83,2.42,26.28999999999999,18.849999999999987,57.230000000000004,66.28,0,0.0,0.0,4.0,2.0,0
2025-09-06,1.59,30.77,23.09,10.06999999999999,40.949999999999996,96.9,0,4.59,9.51,6.6,21.049999999999986,25.939999999999987,60.5,55.95,0,0.0,0.0,0.0,3.0,0
2025-09-07,2.06,28.59,23.53,5.179999999999989,33.18,90.41,0,6.95,6.95,9.83,18.489999999999988,26.28999999999999,50.67,57.230000000000004,0,0.0,0.0,1.0,4.0,0
2025-09-08,7.27,28.76,23.21,10.919999999999987,30.939999999999998,91.44,1,1.53,4.59,9.51,13.06999999999999,21.049999999999986,41.99,60.5,0,0.0,0.0,0.0,0.0,0
2025-09-09,12.93,27.14,23.13,22.259999999999987,36.92,87.59,2,1.59,6.95,6.95,10.06999999999999,18.489999999999988,46.85,50.67,0,0.0,0.0,0.0,1.0,0
2025-09-10,11.42,27.07,22.8,31.61999999999999,43.75,85.74000000000001,3,2.06,1.53,4.59,5.179999999999989,13.06999999999999,45.96,41.99,0,0.0,0.0,0.0,0.0,0
2025-09-11,15.14,25.93,21.27,39.48999999999999,51.94,98.78999999999999,4,7.27,1.59,6.95,10.919999999999987,10.06999999999999,40.949999999999996,46.85,0,0.0,0.0,1.0,0.0,0
2025-09-12,19.13,27.35,22.48,45.68999999999998,69.53999999999999,115.5,5,12.93,2.06,1.53,22.259999999999987,5.179999999999989,33.18,45.96,0,0.0,0.0,2.0,0.0,0
2025-09-13,5.1,27.15,21.51,39.36999999999998,73.05,114.0,6,11.42,7.27,1.59,31.61999999999999,10.919999999999987,30.939999999999998,40.949999999999996,0,0.0,0.0,3.0,1.0,0
2025-09-14,3.73,27.65,22.63,27.959999999999983,74.72,107.9,0,15.14,12.93,2.06,39.48999999999999,22.259999999999987,36.92,33.18,0,0.0,0.0,4.0,2.0,0
2025-09-15,4.87,26.96,22.38,13.699999999999985,72.32,103.25999999999999,0,19.13,11.42,7.27,45.68999999999998,31.61999999999999,43.75,30.939999999999998,0,0.0,0.0,5.0,3.0,0
2025-09-16,24.49,26.47,22.48,33.08999999999998,83.88,120.8,1,5.1,15.14,12.93,39.36999999999998,39.48999999999999,51.94,36.92,1,0.0,0.0,6.0,4.0,0
2025-09-17,13.65,26.39,22.47,43.009999999999984,86.11,129.85999999999999,2,3.73,19.13,11.42,27.959999999999983,45.68999999999998,69.53999999999999,43.75,0,0.0,0.0,0.0,5.0,0
2025-09-18,10.0,26.95,22.03,48.139999999999986,80.97,132.91,3,4.87,5.1,15.14,13.699999999999985,39.36999999999998,73.05,51.94,0,0.0,0.0,0.0,6.0,0
2025-09-19,3.03,26.94,22.19,26.679999999999986,64.87,134.41,0,24.49,3.73,19.13,33.08999999999998,27.959999999999983,74.72,69.53999999999999,0,0.0,0.0,1.0,0.0,0
2025-09-20,4.72,26.72,22.48,17.749999999999986,64.49,137.54,0,13.65,4.87,5.1,43.009999999999984,13.699999999999985,72.32,73.05,0,0.0,0.0,2.0,0.0,0
2025-09-21,5.78,27.19,22.5,13.529999999999987,66.54,141.26,1,10.0,24.49,3.73,48.139999999999986,33.08999999999998,83.88,74.72,0,1.0,0.0,3.0,1.0,0
2025-09-22,1.33,27.35,22.59,11.829999999999988,62.99999999999999,135.32,0,3.03,13.65,4.87,26.679999999999986,43.009999999999984,86.11,72.32,0,0.0,0.0,0.0,2.0,0
2025-09-23,6.72,27.99,23.02,13.829999999999986,45.230000000000004,129.10999999999999,1,4.72,10.0,24.49,17.749999999999986,48.139999999999986,80.97,83.88,0,0.0,1.0,0.0,3.0,0
2025-09-24,5.02,27.35,22.61,13.069999999999986,36.6,122.71000000000001,2,5.78,3.03,13.65,13.529999999999987,26.679999999999986,64.87,86.11,0,0.0,0.0,1.0,0.0,0
2025-09-25,6.51,27.29,23.43,18.249999999999986,33.11,114.07999999999998,3,1.33,4.72,10.0,11.829999999999988,17.749999999999986,64.49,80.97,0,0.0,0.0,0.0,0.0,0
2025-09-26,7.13,29.08,22.28,18.659999999999986,37.21,102.08,4,6.72,5.78,3.03,13.829999999999986,13.529999999999987,66.54,64.87,0,0.0,0.0,1.0,1.0,0
2025-09-27,16.69,26.76,22.83,30.329999999999988,49.18000000000001,113.67,5,5.02,1.33,4.72,13.069999999999986,11.829999999999988,62.99999999999999,64.49,0,0.0,0.0,2.0,0.0,0
2025-09-28,9.99,26.4,21.61,33.80999999999999,53.39,119.92999999999999,6,6.51,6.72,5.78,18.249999999999986,13.829999999999986,45.230000000000004,66.54,0,0.0,0.0,3.0,1.0,0
2025-09-29,1.09,25.57,20.01,27.76999999999999,53.150000000000006,116.15,0,7.13,5.02,1.33,18.659999999999986,13.069999999999986,36.6,62.99999999999999,0,0.0,0.0,4.0,2.0,0
2025-09-30,2.94,26.95,20.1,14.019999999999985,49.370000000000005,94.6,0,16.69,6.51,6.72,30.329999999999988,18.249999999999986,33.11,45.230000000000004,0,0.0,0.0,5.0,3.0,0
2025-10-01,2.19,25.85,20.07,6.219999999999986,46.54,83.14,0,9.99,7.13,5.02,33.80999999999999,18.659999999999986,37.21,36.6,0,0.0,0.0,6.0,4.0,0
2025-10-02,3.95,25.82,20.41,9.079999999999986,43.980000000000004,77.09,0,1.09,16.69,6.51,27.76999999999999,30.329999999999988,49.18000000000001,33.11,0,0.0,0.0,0.0,5.0,0
2025-10-03,2.95,25.75,20.86,9.089999999999986,39.800000000000004,77.01,0,2.94,9.99,7.13,14.019999999999985,33.80999999999999,53.39,37.21,0,0.0,0.0,0.0,6.0,0
2025-10-04,4.33,25.55,18.51,11.229999999999986,27.44,76.62,0,2.19,1.09,16.69,6.219999999999986,27.76999999999999,53.150000000000006,49.18000000000001,0,0.0,0.0,0.0,0.0,0
2025-10-05,2.86,27.28,20.98,10.139999999999985,20.310000000000002,73.7,0,3.95,2.94,9.99,9.079999999999986,14.019999999999985,49.370000000000005,53.39,0,0.0,0.0,0.0,0.0,0
2025-10-06,1.38,27.3,21.14,8.569999999999986,20.599999999999998,73.75000000000001,0,2.95,2.19,1.09,9.089999999999986,6.219999999999986,46.54,53.150000000000006,0,0.0,0.0,0.0,0.0,0
2025-10-07,32.58,25.31,22.46,36.819999999999986,50.239999999999995,99.60999999999999,1,4.33,3.95,2.94,11.229999999999986,9.079999999999986,43.980000000000004,49.370000000000005,1,0.0,0.0,0.0,0.0,0
2025-10-08,138.69,24.25,23.08,172.64999999999998,186.74,233.27999999999997,2,2.86,2.95,2.19,10.139999999999985,9.089999999999986,39.800000000000004,46.54,1,0.0,0.0,0.0,0.0,0
2025-10-09,55.52,24.69,22.51,226.79,238.31,282.28999999999996,3,1.38,4.33,3.95,8.569999999999986,11.229999999999986,27.44,43.980000000000004,1,0.0,0.0,0.0,0.0,0
2025-10-10,13.23,26.67,21.13,207.43999999999997,248.59,288.39,4,32.58,2.86,2.95,36.819999999999986,10.139999999999985,20.310000000000002,39.800000000000004,0,0.0,0.0,1.0,0.0,0
2025-10-11,18.71,25.14,20.69,87.45999999999998,262.96999999999997,290.40999999999997,5,138.69,1.38,4.33,172.64999999999998,8.569999999999986,20.599999999999998,27.44,0,0.0,0.0,2.0,0.0,0
2025-10-12,0.43,26.23,19.51,32.369999999999976,260.53999999999996,280.84999999999997,0,55.52,32.58,2.86,226.79,36.819999999999986,50.239999999999995,20.310000000000002,0,1.0,0.0,3.0,1.0,0
2025-10-13,1.82,25.78,20.89,20.959999999999972,260.97999999999996,281.5799999999999,0,13.23,138.69,1.38,207.43999999999997,172.64999999999998,186.74,20.599999999999998,0,1.0,0.0,4.0,2.0,0
2025-10-14,3.71,25.37,20.17,5.9599999999999715,232.11,282.34999999999997,0,18.71,55.52,32.58,87.45999999999998,226.79,238.31,50.239999999999995,0,1.0,1.0,5.0,3.0,0
2025-10-15,2.03,24.31,20.05,7.559999999999972,95.45,282.18999999999994,0,0.43,13.23,138.69,32.369999999999976,207.43999999999997,248.59,186.74,0,0.0,1.0,0.0,4.0,0
2025-10-16,0.25,25.96,18.75,5.989999999999972,40.18,278.48999999999995,0,1.82,18.71,55.52,20.959999999999972,87.45999999999998,262.96999999999997,238.31,0,0.0,1.0,0.0,5.0,0
2025-10-17,0.22,26.98,21.3,2.4999999999999716,27.17,275.76,0,3.71,0.43,13.23,5.9599999999999715,32.369999999999976,260.53999999999996,248.59,0,0.0,0.0,0.0,0.0,0
2025-10-18,0.37,27.52,21.88,0.8399999999999715,8.83,271.8,0,2.03,1.82,18.71,7.559999999999972,20.959999999999972,260.97999999999996,262.96999999999997,0,0.0,0.0,0.0,0.0,0
2025-10-19,22.24,27.11,22.92,22.82999999999997,30.64,291.17999999999995,1,0.25,3.71,0.43,5.989999999999972,5.9599999999999715,232.11,260.53999999999996,1,0.0,0.0,0.0,0.0,0
2025-10-20,11.25,26.74,22.02,33.85999999999997,40.06999999999999,301.04999999999995,2,0.22,2.03,1.82,2.4999999999999716,7.559999999999972,95.45,260.97999999999996,0,0.0,0.0,0.0,0.0,0
2025-10-21,3.17,26.94,20.6,36.65999999999997,39.529999999999994,271.64,0,0.37,0.25,3.71,0.8399999999999715,5.989999999999972,40.18,232.11,0,0.0,0.0,0.0,0.0,0
2025-10-22,5.14,25.62,21.61,19.55999999999997,42.63999999999999,138.08999999999997,1,22.24,0.22,2.03,22.82999999999997,2.4999999999999716,27.17,95.45,0,0.0,0.0,1.0,0.0,0
2025-10-23,0.29,26.15,19.8,8.599999999999971,42.67999999999999,82.85999999999996,0,11.25,0.37,0.25,33.85999999999997,0.8399999999999715,8.83,40.18,0,0.0,0.0,2.0,0.0,0
2025-10-24,0.06,26.19,19.68,5.489999999999971,42.519999999999996,69.68999999999997,0,3.17,22.24,0.22,36.65999999999997,22.82999999999997,30.64,27.17,0,1.0,0.0,0.0,1.0,0
2025-10-25,0.04,27.94,19.39,0.38999999999997154,42.19,51.01999999999997,0,5.14,11.25,0.37,19.55999999999997,33.85999999999997,40.06999999999999,8.83,0,0.0,0.0,1.0,2.0,0
2025-10-26,0.19,27.33,21.0,0.2899999999999716,20.14,50.779999999999966,0,0.29,3.17,22.24,8.599999999999971,36.65999999999997,39.529999999999994,30.64,0,0.0,1.0,0.0,0.0,0
2025-10-27,0.06,26.85,19.89,0.2899999999999716,8.95,49.01999999999997,0,0.06,5.14,11.25,5.489999999999971,19.55999999999997,42.63999999999999,40.06999999999999,0,0.0,0.0,0.0,1.0,0
2025-10-28,0.01,27.16,20.45,0.2599999999999716,5.79,45.31999999999997,0,0.04,0.29,3.17,0.38999999999997154,8.599999999999971,42.67999999999999,39.529999999999994,0,0.0,0.0,0.0,0.0,0
2025-10-29,8.92,24.1,14.85,8.989999999999972,9.57,52.209999999999965,1,0.19,0.06,5.14,0.2899999999999716,5.489999999999971,42.519999999999996,42.63999999999999,0,0.0,0.0,0.0,0.0,0
2025-10-30,0.0,21.6,13.19,8.929999999999971,9.280000000000001,51.959999999999965,0,0.06,0.04,0.29,0.2899999999999716,0.38999999999997154,42.19,42.67999999999999,0,0.0,0.0,0.0,0.0,0
2025-10-31,0.1,23.74,15.98,9.019999999999971,9.32,51.83999999999997,0,0.01,0.19,0.06,0.2599999999999716,0.2899999999999716,20.14,42.519999999999996,0,0.0,0.0,0.0,0.0,0
2025-11-01,0.02,26.6,18.32,0.11999999999997159,9.299999999999999,51.48999999999997,0,8.92,0.06,0.04,8.989999999999972,0.2899999999999716,8.95,42.19,0,0.0,0.0,1.0,0.0,0
2025-11-02,4.92,23.99,18.55,5.039999999999972,14.030000000000001,34.16999999999997,0,0.0,0.01,0.19,8.929999999999971,0.2599999999999716,5.79,20.14,0,0.0,0.0,0.0,0.0,0
2025-11-03,1.26,22.32,17.66,6.199999999999972,15.23,24.17999999999997,0,0.1,8.92,0.06,9.019999999999971,8.989999999999972,9.57,8.95,0,0.0,0.0,0.0,1.0,0
2025-11-04,0.86,22.43,16.6,7.039999999999972,16.08,21.86999999999997,0,0.02,0.0,0.01,0.11999999999997159,8.929999999999971,9.280000000000001,5.79,0,0.0,0.0,0.0,0.0,0
2025-11-05,0.07,24.02,15.81,2.1899999999999715,7.23,16.799999999999972,0,4.92,0.1,8.92,5.039999999999972,9.019999999999971,9.32,9.57,0,0.0,0.0,0.0,0.0,0
2025-11-06,0.01,24.63,17.28,0.9399999999999715,7.24,16.51999999999997,0,1.26,0.02,0.0,6.199999999999972,0.11999999999997159,9.299999999999999,9.280000000000001,0,0.0,0.0,0.0,0.0,0
2025-11-07,0.01,27.0,19.58,0.08999999999997159,7.15,16.46999999999997,0,0.86,4.92,0.1,7.039999999999972,5.039999999999972,14.030000000000001,9.32,0,0.0,0.0,0.0,0.0,0
2025-11-08,0.01,27.64,20.15,0.03,7.14,16.439999999999973,0,0.07,1.26,0.02,2.1899999999999715,6.199999999999972,15.23,9.299999999999999,0,0.0,0.0,0.0,0.0,0
2025-11-09,9.43,26.03,18.21,9.44999999999997,11.649999999999999,25.67999999999997,1,0.01,0.86,4.92,0.9399999999999715,7.039999999999972,16.08,14.030000000000001,0,0.0,0.0,0.0,0.0,0
2025-11-10,38.97,21.45,16.02,48.40999999999997,49.36,64.58999999999997,2,0.01,0.07,1.26,0.08999999999997159,2.1899999999999715,7.23,15.23,1,0.0,0.0,0.0,0.0,0
2025-11-11,1.57,18.92,14.87,49.96999999999997,50.07,66.14999999999996,0,0.01,0.01,0.86,0.03,0.9399999999999715,7.24,16.08,0,0.0,0.0,0.0,0.0,0
2025-11-12,0.26,22.79,16.04,40.79999999999997,50.26,57.489999999999974,0,9.43,0.01,0.07,9.44999999999997,0.08999999999997159,7.15,7.23,0,0.0,0.0,1.0,0.0,0
2025-11-13,2.57,22.97,16.79,4.399999999999972,52.82,60.059999999999974,0,38.97,0.01,0.01,48.40999999999997,0.03,7.14,7.24,0,0.0,0.0,2.0,0.0,0
2025-11-14,0.85,23.9,18.82,3.6799999999999713,53.66,60.809999999999974,0,1.57,9.43,0.01,49.96999999999997,9.44999999999997,11.649999999999999,7.15,0,0.0,0.0,0.0,1.0,0
2025-11-15,0.84,24.94,18.4,4.259999999999971,54.489999999999995,61.62999999999998,0,0.26,38.97,0.01,40.79999999999997,48.40999999999997,49.36,7.14,0,1.0,0.0,0.0,2.0,0
2025-11-16,0.86,26.63,18.92,2.5499999999999714,45.92,57.56999999999998,0,2.57,1.57,9.43,4.399999999999972,49.96999999999997,50.07,11.649999999999999,0,0.0,0.0,0.0,0.0,0
2025-11-17,0.01,26.54,20.25,1.7099999999999713,6.96,56.31999999999998,0,0.85,0.26,38.97,3.6799999999999713,40.79999999999997,50.26,49.36,0,0.0,1.0,0.0,0.0,0
2025-11-18,0.04,26.86,20.43,0.9099999999999716,5.43,55.49999999999998,0,0.84,2.57,1.57,4.259999999999971,4.399999999999972,52.82,50.07,0,0.0,0.0,0.0,0.0,0
2025-11-19,0.58,26.31,20.92,0.6299999999999716,5.75,56.00999999999998,0,0.86,0.85,0.26,2.5499999999999714,3.6799999999999713,53.66,50.26,0,0.0,0.0,0.0,0.0,0
2025-11-20,0.4,26.02,20.17,1.0199999999999716,3.58,56.39999999999997,0,0.01,0.84,2.57,1.7099999999999713,4.259999999999971,54.489999999999995,52.82,0,0.0,0.0,0.0,0.0,0
2025-11-21,0.01,27.31,20.11,0.9899999999999716,2.7399999999999998,56.39999999999998,0,0.04,0.86,0.85,0.9099999999999716,2.5499999999999714,45.92,53.66,0,0.0,0.0,0.0,0.0,0
2025-11-22,1.15,25.77,20.53,1.5599999999999716,3.05,57.53999999999998,0,0.58,0.01,0.84,0.6299999999999716,1.7099999999999713,6.96,54.489999999999995,0,0.0,0.0,0.0,0.0,0
2025-11-23,1.09,25.43,18.86,2.2499999999999716,3.2800000000000002,49.199999999999974,0,0.4,0.04,0.86,1.0199999999999716,0.9099999999999716,5.43,45.92,0,0.0,0.0,0.0,0.0,0
2025-11-24,0.13,26.56,17.42,2.3699999999999717,3.4,10.359999999999978,0,0.01,0.58,0.01,0.9899999999999716,0.6299999999999716,5.75,6.96,0,0.0,0.0,0.0,0.0,0
2025-11-25,0.07,26.28,19.14,1.2899999999999718,3.4299999999999997,8.859999999999978,0,1.15,0.4,0.04,1.5599999999999716,1.0199999999999716,3.58,5.43,0,0.0,0.0,0.0,0.0,0
2025-11-26,38.86,24.89,19.97,39.059999999999974,41.71,47.45999999999998,1,1.09,0.01,0.58,2.2499999999999716,0.9899999999999716,2.7399999999999998,5.75,1,0.0,0.0,0.0,0.0,0
2025-11-27,26.02,23.98,19.67,64.94999999999997,67.33,70.90999999999998,2,0.13,1.15,0.4,2.3699999999999717,1.5599999999999716,3.05,3.58,1,0.0,0.0,0.0,0.0,0
2025-11-28,22.87,22.03,18.72,87.74999999999997,90.19,92.92999999999998,3,0.07,1.09,0.01,1.2899999999999718,2.2499999999999716,3.2800000000000002,2.7399999999999998,1,0.0,0.0,0.0,0.0,0
2025-11-29,0.48,25.09,18.09,49.36999999999997,89.52000000000001,92.56999999999998,0,38.86,0.13,1.15,39.059999999999974,2.3699999999999717,3.4,3.05,0,0.0,0.0,1.0,0.0,0
2025-11-30,0.82,24.9,19.05,24.169999999999973,89.25,92.52999999999999,0,26.02,0.07,1.09,64.94999999999997,1.2899999999999718,3.4299999999999997,3.2800000000000002,0,0.0,0.0,2.0,0.0,0
2025-12-01,1.4,24.81,19.62,2.6999999999999713,90.52000000000001,93.91999999999997,0,22.87,38.86,0.13,87.74999999999997,39.059999999999974,41.71,3.4,0,1.0,0.0,3.0,1.0,0
2025-12-02,4.08,24.34,19.63,6.299999999999971,94.53,97.95999999999998,0,0.48,26.02,0.07,49.36999999999997,64.94999999999997,67.33,3.4299999999999997,0,1.0,0.0,0.0,2.0,0
2025-12-03,0.64,24.95,18.65,6.119999999999971,56.31,98.01999999999998,0,0.82,22.87,38.86,24.169999999999973,87.74999999999997,90.19,41.71,0,1.0,1.0,0.0,3.0,0
2025-12-04,0.29,27.52,18.79,5.009999999999971,30.580000000000002,97.90999999999998,0,1.4,0.48,26.02,2.6999999999999713,49.36999999999997,89.52000000000001,67.33,0,0.0,1.0,0.0,0.0,0
2025-12-05,3.0,23.06,19.76,3.9299999999999717,10.709999999999999,100.89999999999998,0,4.08,0.82,22.87,6.299999999999971,24.169999999999973,89.25,90.19,0,0.0,1.0,0.0,0.0,0
2025-12-06,0.37,24.75,18.76,3.6599999999999717,10.6,100.11999999999999,0,0.64,1.4,0.48,6.119999999999971,2.6999999999999713,90.52000000000001,89.52000000000001,0,0.0,0.0,0.0,0.0,0
2025-12-07,3.3,25.88,20.5,6.6699999999999715,13.079999999999998,102.32999999999998,0,0.29,4.08,0.82,5.009999999999971,6.299999999999971,94.53,89.25,0,0.0,0.0,0.0,0.0,0
2025-12-08,25.78,21.92,14.13,29.449999999999974,37.46,127.97999999999999,1,3.0,0.64,1.4,3.9299999999999717,6.119999999999971,56.31,90.52000000000001,1,0.0,0.0,0.0,0.0,0
2025-12-09,0.42,20.52,13.0,29.499999999999975,33.800000000000004,128.32999999999998,0,0.37,0.29,4.08,3.6599999999999717,5.009999999999971,30.580000000000002,94.53,0,0.0,0.0,0.0,0.0,0
2025-12-10,0.24,24.24,16.38,26.439999999999973,33.4,89.70999999999998,0,3.3,3.0,0.64,6.6699999999999715,3.9299999999999717,10.709999999999999,56.31,0,0.0,0.0,0.0,0.0,0
2025-12-11,2.19,22.74,18.04,2.8499999999999717,35.300000000000004,65.87999999999998,0,25.78,0.37,0.29,29.449999999999974,3.6599999999999717,10.6,30.580000000000002,0,0.0,0.0,1.0,0.0,0
2025-12-12,0.19,25.74,17.97,2.6199999999999717,32.49,43.19999999999998,0,0.42,3.3,3.0,29.499999999999975,6.6699999999999715,13.079999999999998,10.709999999999999,0,0.0,0.0,0.0,0.0,0
2025-12-13,0.73,25.32,19.29,3.1099999999999715,32.85,43.44999999999998,0,0.24,25.78,0.37,26.439999999999973,29.449999999999974,37.46,10.6,0,1.0,0.0,0.0,1.0,0
2025-12-14,17.66,24.39,19.3,18.57999999999997,47.21,60.28999999999998,1,2.19,0.42,3.3,2.8499999999999717,29.499999999999975,33.800000000000004,13.079999999999998,0,0.0,0.0,0.0,0.0,0
2025-12-15,15.47,21.98,16.32,33.85999999999997,36.9,74.35999999999997,2,0.19,0.24,25.78,2.6199999999999717,26.439999999999973,33.4,37.46,0,0.0,1.0,0.0,0.0,0
2025-12-16,2.42,22.26,15.42,35.549999999999976,38.9,72.69999999999997,0,0.73,2.19,0.42,3.1099999999999715,2.8499999999999717,35.300000000000004,33.800000000000004,0,0.0,0.0,0.0,0.0,0
2025-12-17,0.18,25.52,19.12,18.069999999999972,38.84,72.23999999999998,0,17.66,0.19,0.24,18.57999999999997,2.6199999999999717,32.49,33.4,0,0.0,0.0,1.0,0.0,0
2025-12-18,0.25,25.2,19.15,2.8499999999999717,36.9,72.19999999999999,0,15.47,0.73,2.19,33.85999999999997,3.1099999999999715,32.85,35.300000000000004,0,0.0,0.0,2.0,0.0,0
2025-12-19,10.6,22.61,19.49,11.029999999999971,47.31,79.79999999999998,1,2.42,17.66,0.19,35.549999999999976,18.57999999999997,47.21,32.49,0,0.0,0.0,0.0,1.0,0
2025-12-20,0.15,23.33,18.3,10.999999999999972,46.73,79.57999999999998,0,0.18,15.47,0.73,18.069999999999972,33.85999999999997,36.9,32.85,0,0.0,0.0,0.0,2.0,0
2025-12-21,8.97,24.34,19.14,19.71999999999997,38.04,85.24999999999999,1,0.25,2.42,17.66,2.8499999999999717,35.549999999999976,38.9,47.21,0,0.0,0.0,0.0,0.0,0
2025-12-22,26.46,23.01,19.67,35.57999999999997,49.03,85.92999999999998,2,10.6,0.18,15.47,11.029999999999971,18.069999999999972,38.84,36.9,1,0.0,0.0,1.0,0.0,0
2025-12-23,4.89,22.88,18.5,40.31999999999997,51.5,90.39999999999998,0,0.15,0.25,2.42,10.999999999999972,2.8499999999999717,36.9,38.9,0,0.0,0.0,0.0,0.0,0
2025-12-24,3.73,23.04,17.71,35.07999999999997,55.05,93.88999999999999,0,8.97,10.6,0.18,19.71999999999997,11.029999999999971,47.31,38.84,0,0.0,0.0,1.0,1.0,0
2025-12-25,2.37,22.34,17.36,10.989999999999968,57.17,94.06999999999998,0,26.46,0.15,0.25,35.57999999999997,10.999999999999972,46.73,36.9,0,0.0,0.0,2.0,0.0,0
2025-12-26,0.64,23.61,17.23,6.739999999999968,47.21,94.51999999999998,0,4.89,8.97,10.6,40.31999999999997,19.71999999999997,38.04,47.31,0,0.0,0.0,0.0,1.0,0
2025-12-27,0.04,23.66,16.05,3.0499999999999683,47.1,93.82999999999997,0,3.73,26.46,0.15,35.07999999999997,35.57999999999997,49.03,46.73,0,1.0,0.0,0.0,2.0,0
2025-12-28,0.01,25.89,17.1,0.6899999999999681,38.14,76.17999999999998,0,2.37,4.89,8.97,10.989999999999968,40.31999999999997,51.5,38.04,0,0.0,0.0,0.0,0.0,0
2025-12-29,30.09,23.52,11.92,30.13999999999997,41.769999999999996,90.79999999999998,1,0.64,3.73,26.46,6.739999999999968,35.07999999999997,55.05,49.03,1,0.0,1.0,0.0,0.0,0
2025-12-30,2.52,11.0,8.84,32.61999999999997,39.4,90.89999999999998,0,0.04,2.37,4.89,3.0499999999999683,10.989999999999968,57.17,51.5,0,0.0,0.0,0.0,0.0,0
2025-12-31,0.94,17.57,9.74,33.54999999999997,36.61,91.65999999999998,0,0.01,0.64,3.73,0.6899999999999681,6.739999999999968,47.21,55.05,0,0.0,0.0,0.0,0.0,0
2026-01-01,0.35,22.97,13.71,3.809999999999968,34.589999999999996,91.75999999999999,0,30.09,0.04,2.37,30.13999999999997,3.0499999999999683,47.1,57.17,0,0.0,0.0,1.0,0.0,0
2026-01-02,0.07,25.48,17.07,1.359999999999968,34.019999999999996,81.22999999999998,0,2.52,0.01,0.64,32.61999999999997,0.6899999999999681,38.14,47.21,0,0.0,0.0,0.0,0.0,0
2026-01-03,0.0,25.77,17.48,0.419999999999968,33.98,81.07999999999998,0,0.94,30.09,0.04,33.54999999999997,30.13999999999997,41.769999999999996,47.1,0,1.0,0.0,0.0,1.0,0
2026-01-04,0.02,23.99,15.62,0.08999999999996804,33.99,72.12999999999998,0,0.35,2.52,0.01,3.809999999999968,32.61999999999997,39.4,38.14,0,0.0,0.0,0.0,0.0,0
2026-01-05,0.0,25.68,15.9,0.019999999999968026,3.9,45.66999999999998,0,0.07,0.94,30.09,1.359999999999968,33.54999999999997,36.61,41.769999999999996,0,0.0,1.0,0.0,0.0,0
2026-01-06,0.0,25.61,17.48,0.019999999999968026,1.38,40.77999999999998,0,0.0,0.35,2.52,0.419999999999968,3.809999999999968,34.589999999999996,39.4,0,0.0,0.0,0.0,0.0,0
2026-01-07,0.0,24.17,15.69,0.0,0.44,37.04999999999998,0,0.02,0.07,0.94,0.08999999999996804,1.359999999999968,34.019999999999996,36.61,0,0.0,0.0,0.0,0.0,0
2026-01-08,0.0,26.92,15.34,0.0,0.09000000000000001,34.67999999999998,0,0.0,0.0,0.35,0.019999999999968026,0.419999999999968,33.98,34.589999999999996,0,0.0,0.0,0.0,0.0,0
2026-01-09,0.0,26.76,17.46,0.0,0.02,34.03999999999998,0,0.0,0.02,0.07,0.019999999999968026,0.08999999999996804,33.99,34.019999999999996,0,0.0,0.0,0.0,0.0,0
2026-01-10,8.18,24.1,11.73,8.179999999999968,8.2,42.17999999999998,1,0.0,0.0,0.0,0.0,0.019999999999968026,3.9,33.98,0,0.0,0.0,0.0,0.0,0
2026-01-11,2.25,12.76,9.73,10.429999999999968,10.43,44.41999999999998,0,0.0,0.0,0.02,0.0,0.019999999999968026,1.38,33.99,0,0.0,0.0,0.0,0.0,0
2026-01-12,0.2,15.9,8.97,10.629999999999967,10.629999999999999,14.529999999999978,0,0.0,0.0,0.0,0.0,0.0,0.44,3.9,0,0.0,0.0,0.0,0.0,0
2026-01-13,0.87,18.94,12.34,3.3199999999999683,11.5,12.87999999999998,0,8.18,0.0,0.0,8.179999999999968,0.0,0.09000000000000001,1.38,0,0.0,0.0,1.0,0.0,0
2026-01-14,1.46,20.95,14.53,2.5299999999999683,12.959999999999999,13.399999999999979,0,2.25,0.0,0.0,10.429999999999968,0.0,0.02,0.44,0,0.0,0.0,0.0,0.0,0
2026-01-15,0.04,18.62,13.41,2.3699999999999677,13.0,13.089999999999979,0,0.2,8.18,0.0,10.629999999999967,8.179999999999968,8.2,0.09000000000000001,0,0.0,0.0,0.0,1.0,0
2026-01-16,0.0,23.72,12.14,1.499999999999968,13.0,13.019999999999978,0,0.87,2.25,0.0,3.3199999999999683,10.429999999999968,10.43,0.02,0,0.0,0.0,0.0,0.0,0
2026-01-17,3.24,22.38,15.5,3.2799999999999683,8.06,16.259999999999977,0,1.46,0.2,8.18,2.5299999999999683,10.629999999999967,10.629999999999999,8.2,0,0.0,0.0,0.0,0.0,0
2026-01-18,7.03,15.29,11.17,10.269999999999968,12.84,23.26999999999998,1,0.04,0.87,2.25,2.3699999999999677,3.3199999999999683,11.5,10.43,0,0.0,0.0,0.0,0.0,0
2026-01-19,0.35,16.78,12.02,10.619999999999969,12.99,23.61999999999998,0,0.0,1.46,0.2,1.499999999999968,2.5299999999999683,12.959999999999999,10.629999999999999,0,0.0,0.0,0.0,0.0,0
2026-01-20,1.83,18.72,14.62,9.209999999999969,13.95,25.449999999999978,0,3.24,0.04,0.87,3.2799999999999683,2.3699999999999677,13.0,11.5,0,0.0,0.0,0.0,0.0,0
2026-01-21,1.62,21.42,15.63,3.7999999999999683,14.110000000000001,27.06999999999998,0,7.03,0.0,1.46,10.269999999999968,1.499999999999968,13.0,12.959999999999999,0,0.0,0.0,1.0,0.0,0
2026-01-22,0.17,23.2,17.02,3.619999999999968,14.24,27.239999999999977,0,0.35,3.24,0.04,10.619999999999969,3.2799999999999683,8.06,13.0,0,0.0,0.0,0.0,0.0,0
2026-01-23,0.01,25.12,16.53,1.799999999999968,14.25,27.24999999999998,0,1.83,7.03,0.0,9.209999999999969,10.269999999999968,12.84,13.0,0,0.0,0.0,0.0,1.0,0
2026-01-24,0.0,27.53,17.84,0.17999999999996805,11.01,19.06999999999998,0,1.62,0.35,3.24,3.7999999999999683,10.619999999999969,12.99,8.06,0,0.0,0.0,0.0,0.0,0
2026-01-25,2.8,26.66,16.8,2.8099999999999676,6.78,19.61999999999998,0,0.17,1.83,7.03,3.619999999999968,9.209999999999969,13.95,12.84,0,0.0,0.0,0.0,0.0,0
2026-01-26,5.5,16.19,8.31,8.299999999999969,11.93,24.91999999999998,1,0.01,1.62,0.35,1.799999999999968,3.7999999999999683,14.110000000000001,12.99,0,0.0,0.0,0.0,0.0,0
2026-01-27,0.32,14.7,7.32,8.619999999999967,10.42,24.36999999999998,0,0.0,0.17,1.83,0.17999999999996805,3.619999999999968,14.24,13.95,0,0.0,0.0,0.0,0.0,0
2026-01-28,0.3,17.51,13.37,6.119999999999968,9.1,23.209999999999976,0,2.8,0.01,1.62,2.8099999999999676,1.799999999999968,14.25,14.110000000000001,0,0.0,0.0,0.0,0.0,0
2026-01-29,0.11,23.26,14.91,0.729999999999968,9.04,23.27999999999998,0,5.5,0.0,0.17,8.299999999999969,0.17999999999996805,11.01,14.24,0,0.0,0.0,1.0,0.0,0
2026-01-30,6.4,21.78,15.61,6.8099999999999685,15.43,29.67999999999998,1,0.32,2.8,0.01,8.619999999999967,2.8099999999999676,6.78,14.25,0,0.0,0.0,0.0,0.0,0
2026-01-31,1.34,15.25,10.27,7.849999999999969,16.77,27.77999999999998,0,0.3,5.5,0.0,6.119999999999968,8.299999999999969,11.93,11.01,0,0.0,0.0,0.0,1.0,0
2026-02-01,2.79,15.85,12.33,10.52999999999997,16.759999999999998,23.539999999999978,0,0.11,0.32,2.8,0.729999999999968,8.619999999999967,10.42,6.78,0,0.0,0.0,0.0,0.0,0
2026-02-02,1.07,18.29,14.72,5.199999999999968,12.33,24.259999999999977,0,6.4,0.3,5.5,6.8099999999999685,6.119999999999968,9.1,11.93,0,0.0,0.0,1.0,0.0,0
2026-02-03,0.02,23.03,12.9,3.879999999999968,12.030000000000001,22.44999999999998,0,1.34,0.11,0.32,7.849999999999969,0.729999999999968,9.04,10.42,0,0.0,0.0,0.0,0.0,0
2026-02-04,3.51,21.47,12.69,4.599999999999968,15.24,24.33999999999998,0,2.79,6.4,0.3,10.52999999999997,6.8099999999999685,15.43,9.1,0,0.0,0.0,0.0,1.0,0
2026-02-05,4.2,16.66,12.77,7.729999999999968,19.330000000000002,28.36999999999998,0,1.07,1.34,0.11,5.199999999999968,7.849999999999969,16.77,9.04,0,0.0,0.0,0.0,0.0,0
2026-02-06,0.07,20.53,12.42,7.779999999999968,12.999999999999998,28.42999999999998,0,0.02,2.79,6.4,3.879999999999968,10.52999999999997,16.759999999999998,15.43,0,0.0,0.0,0.0,0.0,0
2026-02-07,0.03,21.1,13.71,4.299999999999968,11.69,28.45999999999998,0,3.51,1.07,1.34,4.599999999999968,5.199999999999968,12.33,16.77,0,0.0,0.0,0.0,0.0,0
2026-02-08,0.0,21.05,13.56,0.09999999999996803,8.9,25.65999999999998,0,4.2,0.02,2.79,7.729999999999968,3.879999999999968,12.030000000000001,16.759999999999998,0,0.0,0.0,0.0,0.0,0
2026-02-09,0.0,21.99,12.26,0.029999999999968024,7.829999999999999,20.15999999999998,0,0.07,3.51,1.07,7.779999999999968,4.599999999999968,15.24,12.33,0,0.0,0.0,0.0,0.0,0
2026-02-10,0.0,24.65,12.91,0.0,7.81,19.83999999999998,0,0.03,4.2,0.02,4.299999999999968,7.729999999999968,19.330000000000002,12.030000000000001,0,0.0,0.0,0.0,0.0,0
2026-02-11,0.0,23.66,14.99,0.0,4.3,19.53999999999998,0,0.0,0.07,3.51,0.09999999999996803,7.779999999999968,12.999999999999998,15.24,0,0.0,0.0,0.0,0.0,0
2026-02-12,0.01,23.85,15.06,0.009999999999968026,0.11,19.439999999999976,0,0.0,0.03,4.2,0.029999999999968024,4.299999999999968,11.69,19.330000000000002,0,0.0,0.0,0.0,0.0,0
2026-02-13,0.0,25.07,15.61,0.009999999999968026,0.04,13.03999999999998,0,0.0,0.0,0.07,0.0,0.09999999999996803,8.9,12.999999999999998,0,0.0,0.0,0.0,0.0,0
2026-02-14,0.0,28.33,16.23,0.009999999999968026,0.01,11.699999999999978,0,0.0,0.0,0.03,0.0,0.029999999999968024,7.829999999999999,11.69,0,0.0,0.0,0.0,0.0,0
2026-02-15,1.35,23.94,16.36,1.3499999999999681,1.36,10.259999999999978,0,0.01,0.0,0.0,0.009999999999968026,0.0,7.81,8.9,0,0.0,0.0,0.0,0.0,0
2026-02-16,0.0,24.47,16.05,1.3499999999999681,1.36,9.189999999999978,0,0.0,0.0,0.0,0.009999999999968026,0.0,4.3,7.829999999999999,0,0.0,0.0,0.0,0.0,0
2026-02-17,0.0,26.47,16.09,1.3499999999999681,1.36,9.169999999999979,0,0.0,0.01,0.0,0.009999999999968026,0.009999999999968026,0.11,7.81,0,0.0,0.0,0.0,0.0,0
2026-02-18,0.0,29.92,17.19,0.0,1.36,5.659999999999979,0,1.35,0.0,0.0,1.3499999999999681,0.009999999999968026,0.04,4.3,0,0.0,0.0,0.0,0.0,0
2026-02-19,0.01,31.76,17.1,0.009999999999968026,1.36,1.4699999999999789,0,0.0,0.0,0.01,1.3499999999999681,0.009999999999968026,0.01,0.11,0,0.0,0.0,0.0,0.0,0
2026-02-20,0.03,30.93,18.41,0.039999999999968026,1.3900000000000001,1.4299999999999788,0,0.0,1.35,0.0,1.3499999999999681,1.3499999999999681,1.36,0.04,0,0.0,0.0,0.0,0.0,0
2026-02-21,0.13,28.68,17.49,0.16999999999996804,1.52,1.5299999999999787,0,0.0,0.0,0.0,0.0,1.3499999999999681,1.36,0.01,0,0.0,0.0,0.0,0.0,0
2026-02-22,30.94,21.51,13.91,31.09999999999997,31.11,32.46999999999998,1,0.01,0.0,1.35,0.009999999999968026,1.3499999999999681,1.36,1.36,1,0.0,0.0,0.0,0.0,0
2026-02-23,1.05,15.36,11.58,32.11999999999997,32.160000000000004,33.51999999999998,0,0.03,0.0,0.0,0.039999999999968026,0.0,1.36,1.36,0,0.0,0.0,0.0,0.0,0
2026-02-24,0.02,20.66,11.24,32.00999999999997,32.18,33.53999999999998,0,0.13,0.01,0.0,0.16999999999996804,0.009999999999968026,1.36,1.36,0,0.0,0.0,0.0,0.0,0
2026-02-25,0.0,27.41,13.53,1.069999999999968,32.18,33.53999999999998,0,30.94,0.03,0.0,31.09999999999997,0.039999999999968026,1.3900000000000001,1.36,0,0.0,0.0,1.0,0.0,0
2026-02-26,0.0,28.72,17.21,0.019999999999968026,32.17,33.52999999999998,0,1.05,0.13,0.01,32.11999999999997,0.16999999999996804,1.52,1.36,0,0.0,0.0,0.0,0.0,0
2026-02-27,0.02,27.26,17.31,0.019999999999968026,32.160000000000004,33.54999999999998,0,0.02,30.94,0.03,32.00999999999997,31.09999999999997,31.11,1.3900000000000001,0,1.0,0.0,0.0,1.0,0
2026-02-28,0.04,26.5,16.85,0.05999999999996802,32.07,33.58999999999998,0,0.0,1.05,0.13,1.069999999999968,32.11999999999997,32.160000000000004,1.52,0,0.0,0.0,0.0,0.0,0
2026-03-01,0.48,24.98,17.78,0.5399999999999681,1.61,32.719999999999985,0,0.0,0.02,30.94,0.019999999999968026,32.00999999999997,32.18,31.11,0,0.0,1.0,0.0,0.0,0
2026-03-02,0.37,25.16,18.19,0.8899999999999679,0.9299999999999999,33.08999999999998,0,0.02,0.0,1.05,0.019999999999968026,1.069999999999968,32.18,32.160000000000004,0,0.0,0.0,0.0,0.0,0
2026-03-03,0.11,25.71,17.31,0.959999999999968,1.02,33.19999999999998,0,0.04,0.0,0.02,0.05999999999996802,0.019999999999968026,32.17,32.18,0,0.0,0.0,0.0,0.0,0
2026-03-04,0.19,26.12,17.43,0.669999999999968,1.21,33.38999999999998,0,0.48,0.02,0.0,0.5399999999999681,0.019999999999968026,32.160000000000004,32.18,0,0.0,0.0,0.0,0.0,0
2026-03-05,0.98,25.78,17.2,1.2799999999999678,2.19,34.359999999999985,0,0.37,0.04,0.0,0.8899999999999679,0.05999999999996802,32.07,32.17,0,0.0,0.0,0.0,0.0,0
2026-03-06,1.26,27.54,18.37,2.4299999999999677,3.4299999999999997,35.58999999999998,0,0.11,0.48,0.02,0.959999999999968,0.5399999999999681,1.61,32.160000000000004,0,0.0,0.0,0.0,0.0,0
2026-03-07,0.86,27.49,19.53,3.099999999999968,4.25,36.31999999999998,0,0.19,0.37,0.04,0.669999999999968,0.8899999999999679,0.9299999999999999,32.07,0,0.0,0.0,0.0,0.0,0
2026-03-08,0.91,26.94,19.94,3.0299999999999683,4.68,6.289999999999979,0,0.98,0.11,0.48,1.2799999999999678,0.959999999999968,1.02,1.61,0,0.0,0.0,0.0,0.0,0
2026-03-09,0.16,27.57,19.09,1.929999999999968,4.47,5.399999999999979,0,1.26,0.19,0.37,2.4299999999999677,0.669999999999968,1.21,0.9299999999999999,0,0.0,0.0,0.0,0.0,0
2026-03-10,0.01,28.01,18.35,1.0799999999999679,4.37,5.389999999999978,0,0.86,0.98,0.11,3.099999999999968,1.2799999999999678,2.19,1.02,0,0.0,0.0,0.0,0.0,0
2026-03-11,0.33,28.96,18.81,0.499999999999968,4.51,5.719999999999978,0,0.91,1.26,0.19,3.0299999999999683,2.4299999999999677,3.4299999999999997,1.21,0,0.0,0.0,0.0,0.0,0
2026-03-12,6.79,23.57,17.87,7.129999999999968,10.32,12.509999999999978,1,0.16,0.86,0.98,1.929999999999968,3.099999999999968,4.25,2.19,0,0.0,0.0,0.0,0.0,0
2026-03-13,0.04,25.02,16.56,7.159999999999968,9.1,12.529999999999978,0,0.01,0.91,1.26,1.0799999999999679,3.0299999999999683,4.68,3.4299999999999997,0,0.0,0.0,0.0,0.0,0
2026-03-14,0.27,27.37,17.41,7.099999999999968,8.51,12.759999999999978,0,0.33,0.16,0.86,0.499999999999968,1.929999999999968,4.47,4.25,0,0.0,0.0,0.0,0.0,0
2026-03-15,0.34,29.91,18.69,0.649999999999968,7.9399999999999995,12.61999999999998,0,6.79,0.01,0.91,7.129999999999968,1.0799999999999679,4.37,4.68,0,0.0,0.0,1.0,0.0,0
2026-03-16,9.56,23.81,13.78,10.169999999999968,17.34,21.80999999999998,1,0.04,0.33,0.16,7.159999999999968,0.499999999999968,4.51,4.47,0,0.0,0.0,0.0,0.0,0
2026-03-17,9.23,16.9,13.66,19.129999999999967,26.560000000000002,30.92999999999998,2,0.27,6.79,0.01,7.099999999999968,7.129999999999968,10.32,4.37,0,0.0,0.0,0.0,1.0,0
2026-03-18,2.76,21.86,15.21,21.54999999999997,28.990000000000002,33.49999999999998,0,0.34,0.04,0.33,0.649999999999968,7.159999999999968,9.1,4.51,0,0.0,0.0,0.0,0.0,0
2026-03-19,5.93,21.08,16.78,17.919999999999966,28.130000000000003,38.44999999999998,1,9.56,0.27,6.79,10.169999999999968,7.099999999999968,8.51,10.32,0,0.0,0.0,1.0,0.0,0
2026-03-20,0.83,22.76,16.31,9.519999999999968,28.92,38.019999999999975,0,9.23,0.34,0.04,19.129999999999967,0.649999999999968,7.9399999999999995,9.1,0,0.0,0.0,2.0,0.0,0
2026-03-21,0.07,24.36,15.49,6.829999999999968,28.72,37.229999999999976,0,2.76,9.56,0.27,21.54999999999997,10.169999999999968,17.34,8.51,0,0.0,0.0,0.0,1.0,0
2026-03-22,0.46,24.52,15.57,1.359999999999968,28.84,36.77999999999998,0,5.93,9.23,0.34,17.919999999999966,19.129999999999967,26.560000000000002,7.9399999999999995,0,0.0,0.0,1.0,2.0,0
2026-03-23,3.94,25.18,17.34,4.469999999999968,23.22,40.559999999999974,0,0.83,2.76,9.56,9.519999999999968,21.54999999999997,28.990000000000002,17.34,0,0.0,0.0,0.0,0.0,0
2026-03-24,0.0,-999.0,-999.0,4.3999999999999675,13.989999999999998,40.549999999999976,0,0.07,5.93,9.23,6.829999999999968,17.919999999999966,28.130000000000003,26.560000000000002,0,0.0,0.0,0.0,1.0,0
