date,total_seedless_lb,mx_seedless_lb,colombia_seedless_lb,peru_seedless_lb,truck_seedless_lb,boat_seedless_lb,organic_seedless_lb,pharr_seedless_lb
2018-01-02,4430951,4430951,0,0,4430951,0,0,2175199
2018-01-03,1682731,1682731,0,0,1682731,0,0,1060184
2018-01-04,1128848,1128848,0,0,1128848,0,0,596734
2018-01-05,2502694,2502694,0,0,2502694,0,0,1712016
2018-01-06,1613899,1613899,0,0,1613899,0,0,910318
2018-01-07,2779105,2779105,0,0,2779105,0,0,2331881
2018-01-08,4845986,4845986,0,0,4845986,0,0,3336677
2018-01-09,2950554,2950554,0,0,2950554,0,0,1990296
2018-01-10,2504777,2504777,0,0,2504777,0,0,1839609
2018-01-11,4025411,4025411,0,0,4025411,0,0,2862536
2018-01-12,5564237,5564237,0,0,5564237,0,0,4629383
2018-01-13,3120649,3120649,0,0,3120649,0,0,2181146
2018-01-14,2500493,2500493,0,0,2500493,0,0,2073500
2018-01-15,5477193,5477193,0,0,5477193,0,0,3486144
2018-01-16,2841528,2841528,0,0,2841528,0,0,2283395
2018-01-17,1988223,1988223,0,0,1988223,0,0,1674050
2018-01-18,3395683,3395683,0,0,3395683,0,0,2750141
2018-01-19,4193050,4193050,0,0,4193050,0,0,3227219
2018-01-20,1302236,1302236,0,0,1302236,0,0,840462
2018-01-21,1615645,1615645,0,0,1615645,0,0,1339349
2018-01-22,4621562,4621562,0,0,4621562,0,0,2934879
2018-01-23,1873425,1873425,0,0,1873425,0,0,1479511
2018-01-24,1796393,1796393,0,0,1796393,0,0,1220441
2018-01-25,2440244,2440244,0,0,2440244,0,0,2095753
2018-01-26,1929835,1929835,0,0,1929835,0,0,1651918
2018-01-27,2418552,2418552,0,0,2418552,0,0,2237316
2018-01-28,609257,609257,0,0,609257,0,0,436407
2018-01-29,3525513,3525513,0,0,3525513,0,0,2614119
2018-01-30,1170574,1170574,0,0,1170574,0,0,789294
2018-01-31,1462945,1462945,0,0,1462945,0,0,1253234
2018-02-01,2921215,2921215,0,0,2921215,0,0,2543506
2018-02-02,4795268,4795268,0,0,4795268,0,0,3978360
2018-02-03,4340455,4340455,0,0,4340455,0,0,3706969
2018-02-04,2623391,2623391,0,0,2623391,0,0,2281429
2018-02-05,441335,441335,0,0,441335,0,0,82381
2018-02-06,3520859,3520859,0,0,3520859,0,0,2848501
2018-02-07,1767705,1767705,0,0,1767705,0,0,1414003
2018-02-08,3228731,3228731,0,0,3228731,0,0,2781306
2018-02-09,3959684,3959684,0,0,3959684,0,0,3517336
2018-02-10,513922,513922,0,0,513922,0,0,78890
2018-02-11,1686528,1686528,0,0,1686528,0,0,1446964
2018-02-12,2820364,2820364,0,0,2820364,0,0,1744995
2018-02-13,1176894,1176894,0,0,1176894,0,0,590852
2018-02-14,1535841,1535841,0,0,1535841,0,0,1000736
2018-02-15,1884005,1884005,0,0,1884005,0,0,1576971
2018-02-16,2898582,2898582,0,0,2898582,0,0,2467888
2018-02-17,2128995,2128995,0,0,2128995,0,0,1871949
2018-02-18,2076476,2076476,0,0,2076476,0,0,1675612
2018-02-19,3486927,3486927,0,0,3486927,0,0,2220541
2018-02-20,2650096,2650096,0,0,2650096,0,0,2020399
2018-02-21,2190316,2190316,0,0,2190316,0,0,1768437
2018-02-22,2628320,2628320,0,0,2628320,0,0,2177201
2018-02-23,3508441,3508441,0,0,3508441,0,0,2672580
2018-02-24,2567050,2567050,0,0,2567050,0,0,2205691
2018-02-25,2147071,2147071,0,0,2147071,0,0,1933713
2018-02-26,4996792,4996792,0,0,4996792,0,0,3627941
2018-02-27,2143133,2143133,0,0,2143133,0,0,1693345
2018-02-28,2074272,2074272,0,0,2074272,0,0,1675938
2018-03-01,2842638,2842638,0,0,2842638,0,0,2354174
2018-03-02,3679279,3679279,0,0,3679279,0,0,3117947
2018-03-03,2120065,2120065,0,0,2120065,0,0,1885237
2018-03-04,1347338,1347338,0,0,1347338,0,0,1198182
2018-03-05,3773790,3773790,0,0,3773790,0,0,2784718
2018-03-06,1740899,1740899,0,0,1740899,0,0,1633106
2018-03-07,1409769,1409769,0,0,1409769,0,0,1291917
2018-03-08,1975422,1975422,0,0,1975422,0,0,1697667
2018-03-09,3907012,3907012,0,0,3907012,0,0,3565269
2018-03-10,967960,967960,0,0,967960,0,0,888760
2018-03-11,290018,290018,0,0,290018,0,0,0
2018-03-12,2998206,2998206,0,0,2998206,0,0,2327945
2018-03-13,2627380,2627380,0,0,2627380,0,0,2187356
2018-03-14,718335,718335,0,0,718335,0,0,371021
2018-03-15,2579008,2579008,0,0,2579008,0,0,2402240
2018-03-16,582391,582391,0,0,582391,0,0,199320
2018-03-17,1790477,1790477,0,0,1790477,0,0,1657073
2018-03-18,2633685,2633685,0,0,2633685,0,0,2353422
2018-03-19,2302430,2302430,0,0,2302430,0,0,1638175
2018-03-20,3128329,3128329,0,0,3128329,0,0,2191484
2018-03-21,2209672,2209672,0,0,2209672,0,0,1858796
2018-03-22,3657473,3657473,0,0,3657473,0,0,3122585
2018-03-23,2422388,2422388,0,0,2422388,0,0,1868733
2018-03-24,2843235,2843235,0,0,2843235,0,0,2650689
2018-03-25,2513838,2513838,0,0,2513838,0,0,2171699
2018-03-26,4266539,4266539,0,0,4266539,0,0,3290940
2018-03-27,2247353,2247353,0,0,2247353,0,0,1847224
2018-03-28,5206277,5206277,0,0,5206277,0,0,4514582
2018-03-29,1275169,1275169,0,0,1275169,0,0,914445
2018-03-30,2383415,2383415,0,0,2383415,0,0,2002666
2018-03-31,2208551,2208551,0,0,2208551,0,0,2081354
2018-04-01,856737,856737,0,0,856737,0,0,628190
2018-04-02,932342,932342,0,0,932342,0,0,665280
2018-04-03,930133,930133,0,0,930133,0,0,535161
2018-04-04,1526947,1526947,0,0,1526947,0,0,1269282
2018-04-05,2645003,2645003,0,0,2645003,0,0,1843044
2018-04-06,2435110,2435110,0,0,2435110,0,0,2148597
2018-04-07,3481021,3481021,0,0,3481021,0,0,2909036
2018-04-08,2810296,2810296,0,0,2810296,0,0,2540481
2018-04-09,3259181,3259181,0,0,3259181,0,0,2343838
2018-04-10,2312491,2312491,0,0,2312491,0,0,1802222
2018-04-11,2631924,2631924,0,0,2631924,0,0,2310121
2018-04-12,2478031,2478031,0,0,2478031,0,0,1674059
2018-04-13,3717894,3717894,0,0,3717894,0,0,3299839
2018-04-14,2878693,2878693,0,0,2878693,0,0,2480227
2018-04-15,3392385,3392385,0,0,3392385,0,0,3070001
2018-04-16,4541143,4541143,0,0,4541143,0,0,3306582
2018-04-17,1984922,1984922,0,0,1984922,0,0,1516271
2018-04-18,2403414,2403414,0,0,2403414,0,0,2070679
2018-04-19,3816634,3816634,0,0,3816634,0,0,3004188
2018-04-20,3938631,3938631,0,0,3938631,0,0,2961167
2018-04-21,2978910,2978910,0,0,2978910,0,0,2466129
2018-04-22,2627501,2627501,0,0,2627501,0,0,2223634
2018-04-23,4267653,4267653,0,0,4267653,0,0,3089262
2018-04-24,1273650,1273650,0,0,1273650,0,0,990323
2018-04-25,1991382,1991382,0,0,1991382,0,0,1464437
2018-04-26,2886429,2886429,0,0,2886429,0,0,2607398
2018-04-27,4100868,4100868,0,0,4100868,0,0,3459909
2018-04-28,1210097,1210097,0,0,1210097,0,0,883656
2018-04-29,2164356,2164356,0,0,2164356,0,0,1958570
2018-04-30,4717133,4717133,0,0,4717133,0,0,3632508
2018-05-01,835888,835888,0,0,835888,0,0,509577
2018-05-02,1396669,1396669,0,0,1396669,0,0,1121626
2018-05-03,3878927,3878927,0,0,3878927,0,0,3125742
2018-05-04,4792695,4792695,0,0,4792695,0,0,3834169
2018-05-05,3317747,3317747,0,0,3317747,0,0,2702603
2018-05-06,2940933,2940933,0,0,2940933,0,0,2539535
2018-05-07,6245436,6245436,0,0,6245436,0,0,4844475
2018-05-08,2982459,2982459,0,0,2982459,0,0,2393457
2018-05-09,3054743,3054743,0,0,3054743,0,0,2471475
2018-05-10,468061,468061,0,0,468061,0,0,0
2018-05-11,4135206,4135206,0,0,4135206,0,0,3565995
2018-05-12,3170986,3170986,0,0,3170986,0,0,2499031
2018-05-13,2611674,2611674,0,0,2611674,0,0,2154444
2018-05-14,6734002,6734002,0,0,6734002,0,0,5077224
2018-05-15,2275678,2275678,0,0,2275678,0,0,1997182
2018-05-16,2587602,2587602,0,0,2587602,0,0,1872981
2018-05-17,5847342,5847342,0,0,5847342,0,0,5115466
2018-05-18,7414508,7414508,0,0,7414508,0,0,6579097
2018-05-19,3640448,3640448,0,0,3640448,0,0,3214900
2018-05-20,703443,703443,0,0,703443,0,0,309696
2018-05-21,6311814,6311814,0,0,6311814,0,0,4288952
2018-05-22,2722346,2722346,0,0,2722346,0,0,2128032
2018-05-23,3065330,3065330,0,0,3065330,0,0,2345576
2018-05-24,3735165,3735165,0,0,3735165,0,0,3081383
2018-05-25,4945822,4945822,0,0,4945822,0,0,3742204
2018-05-26,6154574,6154574,0,0,6154574,0,0,5368719
2018-05-27,230677,230677,0,0,230677,0,0,149299
2018-05-28,6454054,6454054,0,0,6454054,0,0,5280719
2018-05-29,2530572,2530572,0,0,2530572,0,0,1642362
2018-05-30,2309643,2309643,0,0,2309643,0,0,1686979
2018-05-31,3791911,3791911,0,0,3791911,0,0,3112859
2018-06-01,3610245,3610245,0,0,3610245,0,0,2774697
2018-06-02,2874775,2874775,0,0,2874775,0,0,2479206
2018-06-03,3798485,3798485,0,0,3798485,0,0,3398072
2018-06-04,4763323,4763323,0,0,4763323,0,0,3589056
2018-06-05,1786070,1786070,0,0,1786070,0,0,1447479
2018-06-06,2388129,2388129,0,0,2388129,0,0,1706753
2018-06-07,3614112,3614112,0,0,3614112,0,0,2890382
2018-06-08,4599859,4599859,0,0,4599859,0,0,3748985
2018-06-09,3328523,3328523,0,0,3328523,0,0,2820917
2018-06-10,1689480,1689480,0,0,1689480,0,0,1308392
2018-06-11,5574592,5574592,0,0,5574592,0,0,4513879
2018-06-12,1763750,1763750,0,0,1763750,0,0,1369036
2018-06-13,1942697,1942697,0,0,1942697,0,0,1391859
2018-06-14,3959725,3959725,0,0,3959725,0,0,3498572
2018-06-15,5003990,5003990,0,0,5003990,0,0,4090535
2018-06-16,3393678,3393678,0,0,3393678,0,0,2916344
2018-06-17,840781,840781,0,0,840781,0,0,593204
2018-06-18,4719491,4719491,0,0,4719491,0,0,3755285
2018-06-19,2117643,2117643,0,0,2117643,0,0,1459332
2018-06-20,2799014,2799014,0,0,2799014,0,0,2182376
2018-06-21,3719809,3719809,0,0,3719809,0,0,3011657
2018-06-22,5149098,5149098,0,0,5149098,0,0,4284239
2018-06-23,4292983,4292983,0,0,4292983,0,0,3681242
2018-06-24,2594478,2594478,0,0,2594478,0,0,2351578
2018-06-25,7117081,7117081,0,0,7117081,0,0,5858006
2018-06-26,2873237,2873237,0,0,2873237,0,0,2403333
2018-06-27,3347471,3347471,0,0,3347471,0,0,2968574
2018-06-28,3645235,3645235,0,0,3645235,0,0,2950282
2018-06-29,6189746,6189746,0,0,6189746,0,0,4908556
2018-06-30,3471091,3471091,0,0,3471091,0,0,2793003
2018-07-01,2870710,2870710,0,0,2870710,0,0,2386195
2018-07-02,5999437,5999437,0,0,5999437,0,0,4461391
2018-07-03,2132396,2132396,0,0,2132396,0,0,1700140
2018-07-04,1402267,1402267,0,0,1402267,0,0,918518
2018-07-05,4094032,4094032,0,0,4094032,0,0,2939981
2018-07-06,4160594,4160594,0,0,4160594,0,0,3181775
2018-07-07,2514536,2514536,0,0,2514536,0,0,2197160
2018-07-08,634949,634949,0,0,634949,0,0,212566
2018-07-09,3929321,3929321,0,0,3929321,0,0,3009151
2018-07-10,1950330,1950330,0,0,1950330,0,0,1451014
2018-07-11,3513867,3513867,0,0,3513867,0,0,2629787
2018-07-12,3326370,3326370,0,0,3326370,0,0,2273223
2018-07-13,3763047,3763047,0,0,3763047,0,0,3212541
2018-07-14,5821310,5821310,0,0,5821310,0,0,5382718
2018-07-15,211838,211838,0,0,211838,0,0,211838
2018-07-16,5853460,5853460,0,0,5853460,0,0,5194348
2018-07-17,2533812,2533812,0,0,2533812,0,0,1629256
2018-07-18,2821551,2821551,0,0,2821551,0,0,2006836
2018-07-19,4254054,4254054,0,0,4254054,0,0,3481885
2018-07-20,4754395,4754395,0,0,4754395,0,0,3861212
2018-07-21,4647357,4647357,0,0,4647357,0,0,4217037
2018-07-22,195283,195283,0,0,195283,0,0,0
2018-07-23,5747347,5747347,0,0,5747347,0,0,4379705
2018-07-24,2055402,2055402,0,0,2055402,0,0,1191014
2018-07-25,670203,670203,0,0,670203,0,0,0
2018-07-26,360132,360132,0,0,360132,0,0,0
2018-07-27,5322841,5322841,0,0,5322841,0,0,4303557
2018-07-28,3367375,3367375,0,0,3367375,0,0,2996039
2018-07-29,1957108,1957108,0,0,1957108,0,0,1134652
2018-07-30,4999443,4999443,0,0,4999443,0,0,3663143
2018-07-31,1614033,1614033,0,0,1614033,0,0,992031
2018-08-01,2225646,2225646,0,0,2225646,0,0,1509163
2018-08-02,3837460,3837460,0,0,3837460,0,0,3131629
2018-08-03,6845414,6845414,0,0,6845414,0,0,5998929
2018-08-04,2133791,2133791,0,0,2133791,0,0,1795079
2018-08-05,4582130,4582130,0,0,4582130,0,0,4159358
2018-08-06,4982276,4982276,0,0,4982276,0,0,4015939
2018-08-07,1203572,1203572,0,0,1203572,0,0,786192
2018-08-08,480823,480823,0,0,480823,0,0,0
2018-08-09,5349058,5349058,0,0,5349058,0,0,4548100
2018-08-10,4269005,4269005,0,0,4269005,0,0,3162161
2018-08-11,4296551,4296551,0,0,4296551,0,0,3805903
2018-08-12,4116212,4116212,0,0,4116212,0,0,3882555
2018-08-13,6530170,6530170,0,0,6530170,0,0,5084847
2018-08-14,2099356,2099356,0,0,2099356,0,0,1360266
2018-08-15,2982592,2982592,0,0,2982592,0,0,2069579
2018-08-16,4859503,4859503,0,0,4859503,0,0,3868000
2018-08-17,4718164,4718164,0,0,4718164,0,0,4164693
2018-08-18,3947399,3947399,0,0,3947399,0,0,3342839
2018-08-19,2987070,2987070,0,0,2987070,0,0,2529606
2018-08-20,6514022,6514022,0,0,6514022,0,0,5296696
2018-08-21,1987135,1987135,0,0,1987135,0,0,1255921
2018-08-22,2675586,2675586,0,0,2675586,0,0,2225901
2018-08-23,4212479,4212479,0,0,4212479,0,0,3493490
2018-08-24,4021619,4021619,0,0,4021619,0,0,3432251
2018-08-25,2642683,2642683,0,0,2642683,0,0,2361179
2018-08-26,3051523,3051523,0,0,3051523,0,0,2562899
2018-08-27,5215395,5215395,0,0,5215395,0,0,3857251
2018-08-28,1419926,1419926,0,0,1419926,0,0,916104
2018-08-29,2139129,2139129,0,0,2139129,0,0,1448414
2018-08-30,3664122,3664122,0,0,3664122,0,0,2726596
2018-08-31,4664515,4664515,0,0,4664515,0,0,3687171
2018-09-01,2015642,2015642,0,0,2015642,0,0,1556599
2018-09-02,3674806,3674806,0,0,3674806,0,0,3516476
2018-09-03,5428512,5428512,0,0,5428512,0,0,3886559
2018-09-04,2022426,2022426,0,0,2022426,0,0,1615334
2018-09-05,2209811,2209811,0,0,2209811,0,0,1606228
2018-09-06,3469122,3469122,0,0,3469122,0,0,2678413
2018-09-07,4232966,4232966,0,0,4232966,0,0,3546620
2018-09-08,2786221,2786221,0,0,2786221,0,0,2531699
2018-09-09,2485514,2485514,0,0,2485514,0,0,2224378
2018-09-10,4921302,4921302,0,0,4921302,0,0,3853777
2018-09-11,2298455,2298455,0,0,2298455,0,0,1723155
2018-09-12,1910585,1910585,0,0,1910585,0,0,1377862
2018-09-13,484315,484315,0,0,484315,0,0,0
2018-09-14,4333749,4333749,0,0,4333749,0,0,3574714
2018-09-15,3780861,3780861,0,0,3780861,0,0,3120443
2018-09-16,2185749,2185749,0,0,2185749,0,0,1914196
2018-09-17,6165308,6165308,0,0,6165308,0,0,4923996
2018-09-18,1130202,1130202,0,0,1130202,0,0,918355
2018-09-19,578113,578113,0,0,578113,0,0,0
2018-09-20,3806887,3806887,0,0,3806887,0,0,3182870
2018-09-21,4623196,4623196,0,0,4623196,0,0,3826466
2018-09-22,5738390,5738390,0,0,5738390,0,0,5506770
2018-09-23,422405,422405,0,0,422405,0,0,143616
2018-09-24,7194407,7194407,0,0,7194407,0,0,5661854
2018-09-25,2344222,2344222,0,0,2344222,0,0,1971064
2018-09-26,2182064,2182064,0,0,2182064,0,0,1661596
2018-09-27,4038609,4038609,0,0,4038609,0,0,3423893
2018-09-28,4023207,4023207,0,0,4023207,0,0,3192911
2018-09-29,2857859,2857859,0,0,2857859,0,0,2561970
2018-09-30,3118322,3118322,0,0,3118322,0,0,2753894
2018-10-01,4801434,4801434,0,0,4801434,0,0,3614565
2018-10-02,1642530,1642530,0,0,1642530,0,0,1140011
2018-10-03,2165266,2165266,0,0,2165266,0,0,1810323
2018-10-04,3048941,3048941,0,0,3048941,0,0,2715726
2018-10-05,3655893,3655893,0,0,3655893,0,0,2970687
2018-10-06,3483682,3483682,0,0,3483682,0,0,3192041
2018-10-07,2845287,2845287,0,0,2845287,0,0,2138105
2018-10-08,4953516,4953516,0,0,4953516,0,0,3715950
2018-10-09,1662780,1662780,0,0,1662780,0,0,1364152
2018-10-10,2635745,2635745,0,0,2635745,0,0,1980726
2018-10-11,7354474,7354474,0,0,7354474,0,0,6693891
2018-10-12,5283546,5283546,0,0,5283546,0,0,4269047
2018-10-13,879008,879008,0,0,879008,0,0,748618
2018-10-14,2018768,2018768,0,0,2018768,0,0,1641877
2018-10-15,6101845,6101845,0,0,6101845,0,0,4648281
2018-10-16,3167170,3167170,0,0,3167170,0,0,2500196
2018-10-17,1860377,1860377,0,0,1860377,0,0,1157477
2018-10-18,2391760,2391760,0,0,2391760,0,0,2015343
2018-10-19,2493504,2493504,0,0,2493504,0,0,2069370
2018-10-20,1636175,1636175,0,0,1636175,0,0,1230423
2018-10-21,1651657,1651657,0,0,1651657,0,0,1180676
2018-10-22,2251598,2251598,0,0,2251598,0,0,1673993
2018-10-23,908226,908226,0,0,908226,0,0,864024
2018-10-24,1128140,1128140,0,0,1128140,0,0,706319
2018-10-25,3737112,3737112,0,0,3737112,0,0,2928356
2018-10-26,7843195,7843195,0,0,7843195,0,0,6703271
2018-10-27,3992719,3992719,0,0,3992719,0,0,3293094
2018-10-28,1803374,1803374,0,0,1803374,0,0,1440795
2018-10-29,6666917,6666917,0,0,6666917,0,0,5457760
2018-10-30,2786916,2786916,0,0,2786916,0,0,1957650
2018-10-31,3329534,3329534,0,0,3329534,0,0,2814011
2018-11-01,3109962,3109962,0,0,3109962,0,0,2537443
2018-11-02,3475658,3475658,0,0,3475658,0,0,2684799
2018-11-03,5094637,5094637,0,0,5094637,0,0,4818229
2018-11-04,2593760,2593760,0,0,2593760,0,0,2162813
2018-11-05,3776273,3776273,0,0,3776273,0,0,2579429
2018-11-06,1346571,1346571,0,0,1346571,0,0,1012572
2018-11-07,2261549,2261549,0,0,2261549,0,0,1954201
2018-11-08,3611471,3611471,0,0,3611471,0,0,2821581
2018-11-09,4209823,4209823,0,0,4209823,0,0,3523597
2018-11-10,4416115,4416115,0,0,4416115,0,0,3976529
2018-11-11,3109312,3109312,0,0,3109312,0,0,2852160
2018-11-12,4475387,4475387,0,0,4475387,0,0,3670374
2018-11-13,2440764,2440764,0,0,2440764,0,0,1883488
2018-11-14,2189816,2189816,0,0,2189816,0,0,1868968
2018-11-15,3809872,3809872,0,0,3809872,0,0,2900034
2018-11-16,4055516,4055516,0,0,4055516,0,0,3309141
2018-11-17,1747834,1747834,0,0,1747834,0,0,1377895
2018-11-18,2260794,2260794,0,0,2260794,0,0,2041164
2018-11-19,4430452,4430452,0,0,4430452,0,0,3600278
2018-11-20,2950004,2950004,0,0,2950004,0,0,2503369
2018-11-21,3124343,3124343,0,0,3124343,0,0,2799316
2018-11-22,1664648,1664648,0,0,1664648,0,0,1271945
2018-11-23,5079388,5079388,0,0,5079388,0,0,4462603
2018-11-24,4924685,4924685,0,0,4924685,0,0,4495626
2018-11-25,2843344,2843344,0,0,2843344,0,0,2475968
2018-11-26,3897421,3897421,0,0,3897421,0,0,2681921
2018-11-27,2098229,2098229,0,0,2098229,0,0,1484702
2018-11-28,2674579,2674579,0,0,2674579,0,0,1883596
2018-11-29,2834584,2834584,0,0,2834584,0,0,2437684
2018-11-30,3614608,3614608,0,0,3614608,0,0,2741556
2018-12-01,2923688,2923688,0,0,2923688,0,0,2412267
2018-12-02,2103694,2103694,0,0,2103694,0,0,1923920
2018-12-03,4029406,4029406,0,0,4029406,0,0,2847968
2018-12-04,1603835,1603835,0,0,1603835,0,0,1162603
2018-12-05,2935009,2935009,0,0,2935009,0,0,2495836
2018-12-06,3012900,3012900,0,0,3012900,0,0,2216005
2018-12-07,4085175,4085175,0,0,4085175,0,0,3400172
2018-12-08,3124355,3124355,0,0,3124355,0,0,2748026
2018-12-09,1784059,1784059,0,0,1784059,0,0,1544966
2018-12-10,2861047,2861047,0,0,2861047,0,0,2100402
2018-12-11,1501425,1501425,0,0,1501425,0,0,1234442
2018-12-12,1654556,1654556,0,0,1654556,0,0,1417009
2018-12-13,2345437,2345437,0,0,2345437,0,0,1965867
2018-12-14,3597139,3597139,0,0,3597139,0,0,3188249
2018-12-15,3645113,3645113,0,0,3645113,0,0,3219642
2018-12-16,1098665,1098665,0,0,1098665,0,0,994787
2018-12-17,4224822,4224822,0,0,4224822,0,0,3173671
2018-12-18,2639203,2639203,0,0,2639203,0,0,2149328
2018-12-19,2768235,2768235,0,0,2768235,0,0,2312112
2018-12-20,3717504,3717504,0,0,3717504,0,0,3070234
2018-12-21,5710866,5710866,0,0,5710866,0,0,4902187
2018-12-22,5011698,5011698,0,0,5011698,0,0,3818729
2018-12-23,515148,515148,0,0,515148,0,0,172920
2018-12-24,7515774,7515774,0,0,7515774,0,0,6856742
2018-12-26,4190727,4190727,0,0,4190727,0,0,3467160
2018-12-27,1746894,1746894,0,0,1746894,0,0,1358475
2018-12-28,3048122,3048122,0,0,3048122,0,0,2521343
2018-12-29,1511345,1511345,0,0,1511345,0,0,1121465
2018-12-30,3813737,3813737,0,0,3813737,0,0,3551999
2018-12-31,2786364,2786364,0,0,2786364,0,0,2029010
2019-01-02,2195886,2195886,0,0,2195886,0,0,1461597
2019-01-03,1546534,1546534,0,0,1546534,0,0,1438954
2019-01-04,2452910,2452910,0,0,2452910,0,0,2259187
2019-01-05,2322482,2322482,0,0,2322482,0,0,1763414
2019-01-06,2428644,2428644,0,0,2428644,0,0,2284566
2019-01-07,4467117,4467117,0,0,4467117,0,0,3452761
2019-01-08,1998580,1998580,0,0,1998580,0,0,1331913
2019-01-09,2982171,2982171,0,0,2982171,0,0,2389018
2019-01-10,4648485,4648485,0,0,4648485,0,0,3563921
2019-01-11,6361650,6361650,0,0,6361650,0,0,5408240
2019-01-12,3098795,3098795,0,0,3098795,0,0,2335401
2019-01-13,3270525,3270525,0,0,3270525,0,0,2828067
2019-01-14,6398464,6398464,0,0,6398464,0,0,5124908
2019-01-15,3894486,3894486,0,0,3894486,0,0,2967769
2019-01-16,3298585,3298585,0,0,3298585,0,0,2552334
2019-01-17,4937516,4937516,0,0,4937516,0,0,3902421
2019-01-18,5328027,5328027,0,0,5328027,0,0,4069566
2019-01-19,3421638,3421638,0,0,3421638,0,0,3085441
2019-01-20,3759086,3759086,0,0,3759086,0,0,3425317
2019-01-21,4894759,4894759,0,0,4894759,0,0,3437881
2019-01-22,3361781,3361781,0,0,3361781,0,0,2512763
2019-01-23,3003732,3003732,0,0,3003732,0,0,2275192
2019-01-24,3093697,3093697,0,0,3093697,0,0,2520007
2019-01-25,3492734,3492734,0,0,3492734,0,0,2900601
2019-01-26,2695226,2695226,0,0,2695226,0,0,2261485
2019-01-27,1716401,1716401,0,0,1716401,0,0,1575533
2019-01-28,3238541,3238541,0,0,3238541,0,0,2629005
2019-01-29,1380234,1380234,0,0,1380234,0,0,971681
2019-01-30,1667830,1667830,0,0,1667830,0,0,1002521
2019-01-31,583577,583577,0,0,583577,0,0,0
2019-02-01,605649,605649,0,0,605649,0,0,0
2019-02-02,1930483,1930483,0,0,1930483,0,0,1758275
2019-02-03,2696980,2696980,0,0,2696980,0,0,2356959
2019-02-04,605761,605761,0,0,605761,0,0,44629
2019-02-05,1573849,1573849,0,0,1573849,0,0,1187723
2019-02-06,599695,599695,0,0,599695,0,0,0
2019-02-07,2676274,2676274,0,0,2676274,0,0,2434762
2019-02-08,3993029,3993029,0,0,3993029,0,0,3036513
2019-02-09,2604842,2604842,0,0,2604842,0,0,2350390
2019-02-10,2070994,2070994,0,0,2070994,0,0,1644144
2019-02-11,921958,921958,0,0,921958,0,0,0
2019-02-12,2181488,2181488,0,0,2181488,0,0,1669985
2019-02-13,2607642,2607642,0,0,2607642,0,0,2046480
2019-02-14,3147637,3147637,0,0,3147637,0,0,2626320
2019-02-15,5940037,5940037,0,0,5940037,0,0,5104180
2019-02-16,5723119,5723119,0,0,5723119,0,0,5356419
2019-02-17,918896,918896,0,0,918896,0,0,706475
2019-02-18,4496247,4496247,0,0,4496247,0,0,3178967
2019-02-19,1822551,1822551,0,0,1822551,0,0,1353711
2019-02-20,2149211,2149211,0,0,2149211,0,0,1765555
2019-02-21,392438,392438,0,0,392438,0,0,0
2019-02-22,520830,520830,0,0,520830,0,0,0
2019-02-23,2408317,2408317,0,0,2408317,0,0,2154179
2019-02-24,1829051,1829051,0,0,1829051,0,0,1569559
2019-02-25,4421668,4421668,0,0,4421668,0,0,3270936
2019-02-26,1426096,1426096,0,0,1426096,0,0,953040
2019-02-27,1482963,1482963,0,0,1482963,0,0,1106554
2019-02-28,2697651,2697651,0,0,2697651,0,0,2267263
2019-03-01,4568138,4568138,0,0,4568138,0,0,4323741
2019-03-02,854981,854981,0,0,854981,0,0,787756
2019-03-03,297810,297810,0,0,297810,0,0,94937
2019-03-04,3900646,3900646,0,0,3900646,0,0,2951984
2019-03-05,550552,550552,0,0,550552,0,0,0
2019-03-06,1790805,1790805,0,0,1790805,0,0,1186005
2019-03-07,2798072,2798072,0,0,2798072,0,0,2261785
2019-03-08,3135705,3135705,0,0,3135705,0,0,2410802
2019-03-09,1423420,1423420,0,0,1423420,0,0,1108083
2019-03-10,383636,383636,0,0,383636,0,0,0
2019-03-11,337477,337477,0,0,337477,0,0,0
2019-03-12,2477736,2477736,0,0,2477736,0,0,1692367
2019-03-13,2949393,2949393,0,0,2949393,0,0,2251975
2019-03-14,4419452,4419452,0,0,4419452,0,0,3551557
2019-03-15,3599072,3599072,0,0,3599072,0,0,2858077
2019-03-16,2337929,2337929,0,0,2337929,0,0,2122525
2019-03-17,2080366,2080366,0,0,2080366,0,0,1868834
2019-03-18,4117436,4117436,0,0,4117436,0,0,3461231
2019-03-19,657975,657975,0,0,657975,0,0,0
2019-03-20,557986,557986,0,0,557986,0,0,0
2019-03-21,354699,354699,0,0,354699,0,0,0
2019-03-22,974035,974035,0,0,974035,0,0,0
2019-03-23,2788391,2788391,0,0,2788391,0,0,1961120
2019-03-24,3717477,3717477,0,0,3717477,0,0,3339662
2019-03-25,231147,231147,0,0,231147,0,0,0
2019-03-26,583827,583827,0,0,583827,0,0,0
2019-03-27,2179994,2179994,0,0,2179994,0,0,1792191
2019-03-28,2382404,2382404,0,0,2382404,0,0,1942734
2019-03-29,3652363,3652363,0,0,3652363,0,0,3458048
2019-03-30,277200,277200,0,0,277200,0,0,0
2019-03-31,534926,534926,0,0,534926,0,0,210751
2019-04-01,3147174,3147174,0,0,3147174,0,0,2154770
2019-04-02,312442,312442,0,0,312442,0,0,0
2019-04-03,1687347,1687347,0,0,1687347,0,0,1314656
2019-04-04,352477,352477,0,0,352477,0,0,0
2019-04-05,385920,385920,0,0,385920,0,0,0
2019-04-06,1976216,1976216,0,0,1976216,0,0,1881176
2019-04-07,209132,209132,0,0,209132,0,0,0
2019-04-08,597054,597054,0,0,597054,0,0,0
2019-04-09,575415,575415,0,0,575415,0,0,0
2019-04-10,477052,477052,0,0,477052,0,0,0
2019-04-11,1471217,1471217,0,0,1471217,0,0,1231320
2019-04-12,2959807,2959807,0,0,2959807,0,0,2357236
2019-04-13,2544579,2544579,0,0,2544579,0,0,2259420
2019-04-14,2542241,2542241,0,0,2542241,0,0,2425931
2019-04-15,4743573,4743573,0,0,4743573,0,0,3379290
2019-04-16,3487642,3487642,0,0,3487642,0,0,3184434
2019-04-17,3335570,3335570,0,0,3335570,0,0,2260488
2019-04-18,454638,454638,0,0,454638,0,0,0
2019-04-19,2831495,2831495,0,0,2831495,0,0,1858089
2019-04-20,3528283,3528283,0,0,3528283,0,0,2982912
2019-04-21,211820,211820,0,0,211820,0,0,0
2019-04-22,3528668,3528668,0,0,3528668,0,0,3032748
2019-04-23,1698697,1698697,0,0,1698697,0,0,1284342
2019-04-24,2208941,2208941,0,0,2208941,0,0,1424124
2019-04-25,3309581,3309581,0,0,3309581,0,0,2703444
2019-04-26,4402569,4402569,0,0,4402569,0,0,3053591
2019-04-27,3892921,3892921,0,0,3892921,0,0,3171775
2019-04-28,860275,860275,0,0,860275,0,0,771107
2019-04-29,1276972,1276972,0,0,1276972,0,0,0
2019-04-30,3075318,3075318,0,0,3075318,0,0,2975526
2019-05-01,370625,370625,0,0,370625,0,0,0
2019-05-02,859135,859135,0,0,859135,0,0,0
2019-05-03,165109,165109,0,0,165109,0,0,0
2019-05-04,3890082,3890082,0,0,3890082,0,0,3343648
2019-05-05,2334145,2334145,0,0,2334145,0,0,2334145
2019-05-06,114396,114396,0,0,114396,0,0,0
2019-05-07,351120,351120,0,0,351120,0,0,0
2019-05-08,2459372,2459372,0,0,2459372,0,0,1954916
2019-05-09,4018275,4018275,0,0,4018275,0,0,3562529
2019-05-10,4862026,4862026,0,0,4862026,0,0,3589865
2019-05-11,3604924,3604924,0,0,3604924,0,0,2835675
2019-05-12,2200035,2200035,0,0,2200035,0,0,2028763
2019-05-13,501505,501505,0,0,501505,0,0,0
2019-05-14,482334,482334,0,0,482334,0,0,0
2019-05-15,530734,530734,0,0,530734,0,0,0
2019-05-16,218990,218990,0,0,218990,0,0,0
2019-05-17,321515,321515,0,0,321515,0,0,0
2019-05-18,6073428,6073428,0,0,6073428,0,0,5633758
2019-05-19,564566,564566,0,0,564566,0,0,177813
2019-05-20,5701281,5701281,0,0,5701281,0,0,4680826
2019-05-21,702359,702359,0,0,702359,0,0,0
2019-05-22,2722982,2722982,0,0,2722982,0,0,2065215
2019-05-23,653013,653013,0,0,653013,0,0,0
2019-05-24,575889,575889,0,0,575889,0,0,0
2019-05-25,551615,551615,0,0,551615,0,0,0
2019-05-26,224033,224033,0,0,224033,0,0,0
2019-05-27,1101830,1101830,0,0,1101830,0,0,0
2019-05-28,261835,261835,0,0,261835,0,0,0
2019-05-29,532855,532855,0,0,532855,0,0,0
2019-05-30,701037,701037,0,0,701037,0,0,0
2019-05-31,1040016,1040016,0,0,1040016,0,0,0
2019-06-01,828788,828788,0,0,828788,0,0,0
2019-06-02,2461105,2461105,0,0,2461105,0,0,2170938
2019-06-03,5245553,5245553,0,0,5245553,0,0,4132491
2019-06-04,962583,962583,0,0,962583,0,0,668419
2019-06-05,1139523,1139523,0,0,1139523,0,0,755799
2019-06-06,2326740,2326740,0,0,2326740,0,0,1756753
2019-06-07,4449784,4449784,0,0,4449784,0,0,3327494
2019-06-08,3870408,3870408,0,0,3870408,0,0,3437762
2019-06-09,3236024,3236024,0,0,3236024,0,0,2837085
2019-06-10,6917687,6917687,0,0,6917687,0,0,5219104
2019-06-11,3325135,3325135,0,0,3325135,0,0,2797274
2019-06-12,5036438,5036438,0,0,5036438,0,0,3476536
2019-06-13,5254711,5254711,0,0,5254711,0,0,4118600
2019-06-14,6510535,6510535,0,0,6510535,0,0,5179346
2019-06-15,4224399,4224399,0,0,4224399,0,0,3533451
2019-06-16,2625179,2625179,0,0,2625179,0,0,2155406
2019-06-17,7263973,7263973,0,0,7263973,0,0,5522101
2019-06-18,3287302,3287302,0,0,3287302,0,0,2422233
2019-06-19,3264254,3264254,0,0,3264254,0,0,2506937
2019-06-20,4093432,4093432,0,0,4093432,0,0,3104070
2019-06-21,5354709,5354709,0,0,5354709,0,0,4398842
2019-06-22,3415980,3415980,0,0,3415980,0,0,3126161
2019-06-23,1859906,1859906,0,0,1859906,0,0,1428561
2019-06-24,6655623,6655623,0,0,6655623,0,0,5163424
2019-06-25,2507880,2507880,0,0,2507880,0,0,1914191
2019-06-26,2857413,2857413,0,0,2857413,0,0,1892889
2019-06-27,4385102,4385102,0,0,4385102,0,0,3148409
2019-06-28,4370272,4370272,0,0,4370272,0,0,3665167
2019-06-29,3609674,3609674,0,0,3609674,0,0,3141356
2019-06-30,2201428,2201428,0,0,2201428,0,0,1736284
2019-07-01,5374611,5374611,0,0,5374611,0,0,4383198
2019-07-02,1746940,1746940,0,0,1746940,0,0,1377079
2019-07-03,2910766,2910766,0,0,2910766,0,0,2498296
2019-07-04,2214304,2214304,0,0,2214304,0,0,1713516
2019-07-05,5417904,5417904,0,0,5417904,0,0,4561044
2019-07-06,1081080,1081080,0,0,1081080,0,0,619852
2019-07-07,1156230,1156230,0,0,1156230,0,0,621256
2019-07-08,5298521,5298521,0,0,5298521,0,0,4365743
2019-07-09,1919951,1919951,0,0,1919951,0,0,1451881
2019-07-10,2198217,2198217,0,0,2198217,0,0,1737364
2019-07-11,4141949,4141949,0,0,4141949,0,0,3338467
2019-07-12,4950812,4950812,0,0,4950812,0,0,3883724
2019-07-13,3584436,3584436,0,0,3584436,0,0,2745347
2019-07-14,544153,544153,0,0,544153,0,0,181443
2019-07-15,6354975,6354975,0,0,6354975,0,0,5146137
2019-07-16,1217839,1217839,0,0,1217839,0,0,782760
2019-07-17,2156320,2156320,0,0,2156320,0,0,2109275
2019-07-18,4398878,4398878,0,0,4398878,0,0,3645891
2019-07-19,4714263,4714263,0,0,4714263,0,0,4131013
2019-07-20,4000917,4000917,0,0,4000917,0,0,3454151
2019-07-21,2832386,2832386,0,0,2832386,0,0,2451861
2019-07-22,7003445,7003445,0,0,7003445,0,0,6131387
2019-07-23,2166154,2166154,0,0,2166154,0,0,1759492
2019-07-24,2699393,2699393,0,0,2699393,0,0,1940866
2019-07-25,4985387,4985387,0,0,4985387,0,0,4388318
2019-07-26,4784931,4784931,0,0,4784931,0,0,4049463
2019-07-27,4626105,4626105,0,0,4626105,0,0,3823793
2019-07-28,2605477,2605477,0,0,2605477,0,0,2208613
2019-07-29,6961520,6961520,0,0,6961520,0,0,5249172
2019-07-30,2107158,2107158,0,0,2107158,0,0,1835601
2019-07-31,2216411,2216411,0,0,2216411,0,0,1596721
2019-08-01,4263199,4263199,0,0,4263199,0,0,3352386
2019-08-02,5570532,5570532,0,0,5570532,0,0,4457906
2019-08-03,4147270,4147270,0,0,4147270,0,0,3486181
2019-08-04,3232753,3232753,0,0,3232753,0,0,2869476
2019-08-05,6535826,6535826,0,0,6535826,0,0,5486838
2019-08-06,2325553,2325553,0,0,2325553,0,0,1916497
2019-08-07,2337165,2337165,0,0,2337165,0,0,1929736
2019-08-08,4208929,4208929,0,0,4208929,0,0,3507272
2019-08-09,3733215,3733215,0,0,3733215,0,0,3010143
2019-08-10,3495514,3495514,0,0,3495514,0,0,2713293
2019-08-11,2966607,2966607,0,0,2966607,0,0,2598468
2019-08-12,5289751,5289751,0,0,5289751,0,0,4634703
2019-08-13,1739793,1739793,0,0,1739793,0,0,1086144
2019-08-14,2464559,2464559,0,0,2464559,0,0,1767335
2019-08-15,3631806,3631806,0,0,3631806,0,0,2746469
2019-08-16,4501099,4501099,0,0,4501099,0,0,3775761
2019-08-17,465439,465439,0,0,465439,0,0,0
2019-08-18,3406717,3406717,0,0,3406717,0,0,2876695
2019-08-19,4465348,4465348,0,0,4465348,0,0,3213273
2019-08-20,1426909,1426909,0,0,1426909,0,0,1014446
2019-08-21,2093180,2093180,0,0,2093180,0,0,1423096
2019-08-22,3390184,3390184,0,0,3390184,0,0,2413474
2019-08-23,4507677,4507677,0,0,4507677,0,0,3959052
2019-08-24,3752982,3752982,0,0,3752982,0,0,3139785
2019-08-25,2170916,2170916,0,0,2170916,0,0,1848341
2019-08-26,5611985,5611985,0,0,5611985,0,0,4492481
2019-08-27,1293423,1293423,0,0,1293423,0,0,581445
2019-08-28,1717644,1717644,0,0,1717644,0,0,1143538
2019-08-29,4990903,4990903,0,0,4990903,0,0,3798729
2019-08-30,4376511,4376511,0,0,4376511,0,0,3384610
2019-08-31,4343572,4343572,0,0,4343572,0,0,3529852
2019-09-01,4171425,4171425,0,0,4171425,0,0,3923678
2019-09-02,5793613,5793613,0,0,5793613,0,0,5029981
2019-09-03,3150715,3150715,0,0,3150715,0,0,1914924
2019-09-04,2790783,2790783,0,0,2790783,0,0,2090939
2019-09-05,4485332,4485332,0,0,4485332,0,0,3542152
2019-09-06,5075238,5075238,0,0,5075238,0,0,4177362
2019-09-07,3922708,3922708,0,0,3922708,0,0,3191514
2019-09-08,2718153,2718153,0,0,2718153,0,0,2536919
2019-09-09,5711708,5711708,0,0,5711708,0,0,4501332
2019-09-10,1897233,1897233,0,0,1897233,0,0,1231626
2019-09-11,1970511,1970511,0,0,1970511,0,0,1190413
2019-09-12,2516125,2516125,0,0,2516125,0,0,2036985
2019-09-13,4653576,4653576,0,0,4653576,0,0,4161460
2019-09-14,2514820,2514820,0,0,2514820,0,0,2042267
2019-09-15,2164468,2164468,0,0,2164468,0,0,1999844
2019-09-16,2949158,2949158,0,0,2949158,0,0,2236186
2019-09-17,1531681,1531681,0,0,1531681,0,0,1174206
2019-09-18,932947,932947,0,0,932947,0,0,706114
2019-09-19,3334909,3334909,0,0,3334909,0,0,2733656
2019-09-20,5003343,5003343,0,0,5003343,0,0,4269557
2019-09-21,3852592,3852592,0,0,3852592,0,0,3124242
2019-09-22,2427047,2427047,0,0,2427047,0,0,2137670
2019-09-23,6104724,6104724,0,0,6104724,0,0,4813384
2019-09-24,1391455,1391455,0,0,1391455,0,0,956500
2019-09-25,2170986,2170986,0,0,2170986,0,0,1663422
2019-09-26,3606954,3606954,0,0,3606954,0,0,3294516
2019-09-27,4473103,4473103,0,0,4473103,0,0,3799780
2019-09-28,3999050,3999050,0,0,3999050,0,0,3292507
2019-09-29,2476292,2476292,0,0,2476292,0,0,2185214
2019-09-30,6267866,6267866,0,0,6267866,0,0,5021823
2019-10-01,2072300,2072300,0,0,2072300,0,0,1278895
2019-10-02,2345293,2345293,0,0,2345293,0,0,1795808
2019-10-03,3928084,3928084,0,0,3928084,0,0,3299861
2019-10-04,3770183,3770183,0,0,3770183,0,0,3315440
2019-10-05,4026465,4026465,0,0,4026465,0,0,3788667
2019-10-06,2935018,2935018,0,0,2935018,0,0,2599364
2019-10-07,5171567,5171567,0,0,5171567,0,0,3848576
2019-10-08,2386239,2386239,0,0,2386239,0,0,1752221
2019-10-09,1556764,1556764,0,0,1556764,0,0,808958
2019-10-10,2645583,2645583,0,0,2645583,0,0,1994273
2019-10-11,4211937,4211937,0,0,4211937,0,0,3414418
2019-10-12,1787488,1787488,0,0,1787488,0,0,1707511
2019-10-13,2415691,2415691,0,0,2415691,0,0,2198029
2019-10-14,4814003,4814003,0,0,4814003,0,0,3954997
2019-10-15,1238360,1238360,0,0,1238360,0,0,988887
2019-10-16,2014876,2014876,0,0,2014876,0,0,1636705
2019-10-17,2831845,2831845,0,0,2831845,0,0,2204534
2019-10-18,3849907,3849907,0,0,3849907,0,0,2954162
2019-10-19,4702179,4702179,0,0,4702179,0,0,4393205
2019-10-20,416574,416574,0,0,416574,0,0,127417
2019-10-21,3830204,3830204,0,0,3830204,0,0,3005622
2019-10-22,1830429,1830429,0,0,1830429,0,0,1375103
2019-10-23,1558051,1558051,0,0,1558051,0,0,1285427
2019-10-24,3048280,3048280,0,0,3048280,0,0,2446373
2019-10-25,4377397,4377397,0,0,4377397,0,0,3766776
2019-10-26,3882463,3882463,0,0,3882463,0,0,3121261
2019-10-27,2691278,2691278,0,0,2691278,0,0,2380238
2019-10-28,7651408,7651408,0,0,7651408,0,0,5985927
2019-10-29,1982244,1982244,0,0,1982244,0,0,1403131
2019-10-30,2807236,2807236,0,0,2807236,0,0,2127945
2019-10-31,3357235,3357235,0,0,3357235,0,0,2924706
2019-11-01,5157541,5157541,0,0,5157541,0,0,4547525
2019-11-02,3256162,3256162,0,0,3256162,0,0,2479778
2019-11-03,1908628,1908628,0,0,1908628,0,0,1649687
2019-11-04,3251890,3251890,0,0,3251890,0,0,2362556
2019-11-05,1391739,1391739,0,0,1391739,0,0,743204
2019-11-06,1625046,1625046,0,0,1625046,0,0,1252588
2019-11-07,2641010,2641010,0,0,2641010,0,0,2069247
2019-11-08,4189937,4189937,0,0,4189937,0,0,3876728
2019-11-09,1414808,1414808,0,0,1414808,0,0,648395
2019-11-10,1878741,1878741,0,0,1878741,0,0,1733576
2019-11-11,6185341,6185341,0,0,6185341,0,0,5066939
2019-11-12,1428512,1428512,0,0,1428512,0,0,1071072
2019-11-13,2229501,2229501,0,0,2229501,0,0,1753112
2019-11-14,2770506,2770506,0,0,2770506,0,0,2018777
2019-11-15,4220857,4220857,0,0,4220857,0,0,3728211
2019-11-16,2907467,2907467,0,0,2907467,0,0,2432459
2019-11-17,4477216,4477216,0,0,4477216,0,0,4312409
2019-11-18,4608085,4608085,0,0,4608085,0,0,3613735
2019-11-19,2609393,2609393,0,0,2609393,0,0,2030433
2019-11-20,2424661,2424661,0,0,2424661,0,0,2005397
2019-11-21,3750425,3750425,0,0,3750425,0,0,2901296
2019-11-22,4596660,4596660,0,0,4596660,0,0,3846093
2019-11-23,3263328,3263328,0,0,3263328,0,0,2862314
2019-11-24,2550337,2550337,0,0,2550337,0,0,2158670
2019-11-25,5545035,5545035,0,0,5545035,0,0,4251498
2019-11-26,1207153,1207153,0,0,1207153,0,0,1015016
2019-11-27,2902643,2902643,0,0,2902643,0,0,2567620
2019-11-28,1254724,1254724,0,0,1254724,0,0,1041390
2019-11-29,3218597,3218597,0,0,3218597,0,0,2909104
2019-11-30,2393448,2393448,0,0,2393448,0,0,2069582
2019-12-01,1967533,1967533,0,0,1967533,0,0,1434972
2019-12-02,3716272,3716272,0,0,3716272,0,0,3016154
2019-12-03,637648,637648,0,0,637648,0,0,371741
2019-12-04,1099910,1099910,0,0,1099910,0,0,717919
2019-12-05,2761605,2761605,0,0,2761605,0,0,2482735
2019-12-06,4488904,4488904,0,0,4488904,0,0,3783883
2019-12-07,3420037,3420037,0,0,3420037,0,0,2848222
2019-12-08,2537359,2537359,0,0,2537359,0,0,2262152
2019-12-09,5484770,5484770,0,0,5484770,0,0,4347140
2019-12-10,1880938,1880938,0,0,1880938,0,0,1157037
2019-12-11,2011816,2011816,0,0,2011816,0,0,1486328
2019-12-12,2943902,2943902,0,0,2943902,0,0,2541647
2019-12-13,4711814,4711814,0,0,4711814,0,0,3869739
2019-12-14,860915,860915,0,0,860915,0,0,347004
2019-12-15,2513140,2513140,0,0,2513140,0,0,2021836
2019-12-16,1515267,1515267,0,0,1515267,0,0,0
2019-12-17,1284289,1284289,0,0,1284289,0,0,1062873
2019-12-18,2096980,2096980,0,0,2096980,0,0,1576531
2019-12-19,4499478,4499478,0,0,4499478,0,0,3812963
2019-12-20,6059586,6059586,0,0,6059586,0,0,4843243
2019-12-21,5853336,5853336,0,0,5853336,0,0,4782774
2019-12-22,3576233,3576233,0,0,3576233,0,0,2984931
2019-12-23,6129693,6129693,0,0,6129693,0,0,4692714
2019-12-24,1041234,1041234,0,0,1041234,0,0,990944
2019-12-26,3990592,3990592,0,0,3990592,0,0,3330397
2019-12-27,1817253,1817253,0,0,1817253,0,0,1283491
2019-12-28,2130453,2130453,0,0,2130453,0,0,1637387
2019-12-29,2978734,2978734,0,0,2978734,0,0,2537018
2019-12-30,3976970,3976970,0,0,3976970,0,0,2904007
2019-12-31,1841333,1841333,0,0,1841333,0,0,1513517
2020-01-02,2654374,2654374,0,0,2654374,0,0,2342232
2020-01-03,3510219,3510219,0,0,3510219,0,0,3030989
2020-01-04,2054654,2054654,0,0,2054654,0,0,1652910
2020-01-05,1882249,1882249,0,0,1882249,0,0,1620832
2020-01-06,4726137,4726137,0,0,4726137,0,0,3682085
2020-01-07,2545985,2545985,0,0,2545985,0,0,1865631
2020-01-08,3548055,3548055,0,0,3548055,0,0,2769787
2020-01-09,5804891,5804891,0,0,5804891,0,0,4359762
2020-01-10,6884754,6884754,0,0,6884754,0,0,5235190
2020-01-11,4951892,4951892,0,0,4951892,0,0,4424277
2020-01-12,3427791,3427791,0,0,3427791,0,0,2966018
2020-01-13,7369406,7369406,0,0,7369406,0,0,5881967
2020-01-14,2970227,2970227,0,0,2970227,0,0,2206721
2020-01-15,2506920,2506920,0,0,2506920,0,0,1664197
2020-01-16,3591500,3591500,0,0,3591500,0,0,2954626
2020-01-17,4882595,4882595,0,0,4882595,0,0,4210508
2020-01-18,2774945,2774945,0,0,2774945,0,0,2488633
2020-01-19,353205,353205,0,0,353205,0,0,54454
2020-01-20,5052970,5052970,0,0,5052970,0,0,3802645
2020-01-21,2083376,2083376,0,0,2083376,0,0,1534619
2020-01-22,1057653,1057653,0,0,1057653,0,0,723622
2020-01-23,1392023,1392023,0,0,1392023,0,0,1097430
2020-01-24,3853898,3853898,0,0,3853898,0,0,3098942
2020-01-25,633387,633387,0,0,633387,0,0,42768
2020-01-26,3213409,3213409,0,0,3213409,0,0,2693691
2020-01-27,5094279,5094279,0,0,5094279,0,0,4065618
2020-01-28,2264233,2264233,0,0,2264233,0,0,1613724
2020-01-29,3379384,3379384,0,0,3379384,0,0,2546293
2020-01-30,4988905,4988905,0,0,4988905,0,0,4134312
2020-01-31,5451606,5451606,0,0,5451606,0,0,4266497
2020-02-01,3636248,3636248,0,0,3636248,0,0,2574165
2020-02-02,394157,394157,0,0,394157,0,0,7181
2020-02-03,3357431,3357431,0,0,3357431,0,0,2612434
2020-02-04,2141806,2141806,0,0,2141806,0,0,1710375
2020-02-05,1320112,1320112,0,0,1320112,0,0,1153438
2020-02-06,3142981,3142981,0,0,3142981,0,0,2432883
2020-02-07,3499233,3499233,0,0,3499233,0,0,2809354
2020-02-08,2499602,2499602,0,0,2499602,0,0,2105829
2020-02-09,1237896,1237896,0,0,1237896,0,0,1085570
2020-02-10,3106527,3106527,0,0,3106527,0,0,2017682
2020-02-11,1573491,1573491,0,0,1573491,0,0,1178221
2020-02-12,1933193,1933193,0,0,1933193,0,0,1675936
2020-02-13,3192178,3192178,0,0,3192178,0,0,2777933
2020-02-14,3573611,3573611,0,0,3573611,0,0,3345931
2020-02-15,3060283,3060283,0,0,3060283,0,0,2670291
2020-02-16,1769141,1769141,0,0,1769141,0,0,1670865
2020-02-17,3997647,3997647,0,0,3997647,0,0,3009913
2020-02-18,1231703,1231703,0,0,1231703,0,0,749686
2020-02-19,1829321,1829321,0,0,1829321,0,0,1265368
2020-02-20,3283286,3283286,0,0,3283286,0,0,2673053
2020-02-21,2657048,2657048,0,0,2657048,0,0,2236573
2020-02-22,5233246,5233246,0,0,5233246,0,0,4822011
2020-02-23,2461394,2461394,0,0,2461394,0,0,2053100
2020-02-24,4686577,4686577,0,0,4686577,0,0,3727261
2020-02-25,1770934,1770934,0,0,1770934,0,0,939737
2020-02-26,1794144,1794144,0,0,1794144,0,0,1288602
2020-02-27,3480115,3480115,0,0,3480115,0,0,3083439
2020-02-28,3996951,3996951,0,0,3996951,0,0,3272346
2020-02-29,532881,532881,0,0,532881,0,0,41382
2020-03-01,5567390,5567390,0,0,5567390,0,0,5430086
2020-03-02,5200511,5200511,0,0,5200511,0,0,3815970
2020-03-03,2041783,2041783,0,0,2041783,0,0,1447618
2020-03-04,2757040,2757040,0,0,2757040,0,0,2408219
2020-03-05,4461921,4461921,0,0,4461921,0,0,4071531
2020-03-06,4689045,4689045,0,0,4689045,0,0,3780295
2020-03-07,3763766,3763766,0,0,3763766,0,0,3208911
2020-03-08,315583,315583,0,0,315583,0,0,61424
2020-03-09,4862782,4862782,0,0,4862782,0,0,4024603
2020-03-10,1000022,1000022,0,0,1000022,0,0,841036
2020-03-11,2652540,2652540,0,0,2652540,0,0,2035612
2020-03-12,3984423,3984423,0,0,3984423,0,0,3391338
2020-03-13,3795852,3795852,0,0,3795852,0,0,3333009
2020-03-14,3278962,3278962,0,0,3278962,0,0,2968706
2020-03-15,2480428,2480428,0,0,2480428,0,0,2217862
2020-03-16,3470514,3470514,0,0,3470514,0,0,2656256
2020-03-17,3351970,3351970,0,0,3351970,0,0,2633922
2020-03-18,2390227,2390227,0,0,2390227,0,0,1921920
2020-03-19,4648544,4648544,0,0,4648544,0,0,4119943
2020-03-20,5392721,5392721,0,0,5392721,0,0,4278360
2020-03-21,3761749,3761749,0,0,3761749,0,0,3422091
2020-03-22,4102412,4102412,0,0,4102412,0,0,3648869
2020-03-23,7040900,7040900,0,0,7040900,0,0,6549376
2020-03-24,2387123,2387123,0,0,2387123,0,0,1695188
2020-03-25,3191234,3191234,0,0,3191234,0,0,2878581
2020-03-26,4220180,4220180,0,0,4220180,0,0,3724208
2020-03-27,5403270,5403270,0,0,5403270,0,0,4492950
2020-03-28,3218757,3218757,0,0,3218757,0,0,2989945
2020-03-29,134790,134790,0,0,134790,0,0,93852
2020-03-30,3714391,3714391,0,0,3714391,0,0,2973319
2020-03-31,742656,742656,0,0,742656,0,0,518357
2020-04-01,879134,879134,0,0,879134,0,0,685628
2020-04-02,1628638,1628638,0,0,1628638,0,0,1500704
2020-04-03,2790852,2790852,0,0,2790852,0,0,2303976
2020-04-04,2841667,2841667,0,0,2841667,0,0,2518943
2020-04-05,296102,296102,0,0,296102,0,0,147272
2020-04-06,2147210,2147210,0,0,2147210,0,0,1395267
2020-04-07,1194290,1194290,0,0,1194290,0,0,569822
2020-04-08,1996951,1996951,0,0,1996951,0,0,1767040
2020-04-09,3225887,3225887,0,0,3225887,0,0,2688356
2020-04-10,5160431,5160431,0,0,5160431,0,0,4272002
2020-04-11,2384443,2384443,0,0,2384443,0,0,2172216
2020-04-12,1019891,1019891,0,0,1019891,0,0,443498
2020-04-13,1751314,1751314,0,0,1751314,0,0,1171504
2020-04-14,960135,960135,0,0,960135,0,0,487993
2020-04-15,2310774,2310774,0,0,2310774,0,0,1905237
2020-04-16,4411878,4411878,0,0,4411878,0,0,3921282
2020-04-17,6006462,6006462,0,0,6006462,0,0,5134107
2020-04-18,888144,888144,0,0,888144,0,0,414810
2020-04-19,5811176,5811176,0,0,5811176,0,0,5333807
2020-04-20,5547842,5547842,0,0,5547842,0,0,4153684
2020-04-21,2681269,2681269,0,0,2681269,0,0,1953901
2020-04-22,3797757,3797757,0,0,3797757,0,0,3179799
2020-04-23,5375396,5375396,0,0,5375396,0,0,4368833
2020-04-24,5595315,5595315,0,0,5595315,0,0,5043493
2020-04-25,4030993,4030993,0,0,4030993,0,0,3179568
2020-04-26,2909598,2909598,0,0,2909598,0,0,2708683
2020-04-27,4833089,4833089,0,0,4833089,0,0,3475555
2020-04-28,1681843,1681843,0,0,1681843,0,0,1146735
2020-04-29,3194343,3194343,0,0,3194343,0,0,2656980
2020-04-30,4497984,4497984,0,0,4497984,0,0,3912137
2020-05-01,4720557,4720557,0,0,4720557,0,0,4101920
2020-05-02,4523560,4523560,0,0,4523560,0,0,3991440
2020-05-03,3384215,3384215,0,0,3384215,0,0,3123390
2020-05-04,5230331,5230331,0,0,5230331,0,0,4083931
2020-05-05,1942532,1942532,0,0,1942532,0,0,1315523
2020-05-06,3243581,3243581,0,0,3243581,0,0,2889876
2020-05-07,4442154,4442154,0,0,4442154,0,0,3883869
2020-05-08,6143804,6143804,0,0,6143804,0,0,4985275
2020-05-09,3827036,3827036,0,0,3827036,0,0,3505682
2020-05-10,3561687,3561687,0,0,3561687,0,0,3056431
2020-05-11,6571135,6571135,0,0,6571135,0,0,4732381
2020-05-12,2152555,2152555,0,0,2152555,0,0,1397706
2020-05-13,3863533,3863533,0,0,3863533,0,0,3106072
2020-05-14,6004486,6004486,0,0,6004486,0,0,4917175
2020-05-15,7377803,7377803,0,0,7377803,0,0,5526547
2020-05-16,5402181,5402181,0,0,5402181,0,0,4704638
2020-05-17,2723167,2723167,0,0,2723167,0,0,2723167
2020-05-18,6994745,6994745,0,0,6994745,0,0,5709726
2020-05-19,2775191,2775191,0,0,2775191,0,0,1955420
2020-05-20,3255133,3255133,0,0,3255133,0,0,2677512
2020-05-21,5270582,5270582,0,0,5270582,0,0,4138527
2020-05-22,5460079,5460079,0,0,5460079,0,0,4388833
2020-05-23,4150693,4150693,0,0,4150693,0,0,3658382
2020-05-24,1501590,1501590,0,0,1501590,0,0,1418875
2020-05-25,4823952,4823952,0,0,4823952,0,0,3615255
2020-05-26,2799507,2799507,0,0,2799507,0,0,2178251
2020-05-27,3065847,3065847,0,0,3065847,0,0,2535977
2020-05-28,4103045,4103045,0,0,4103045,0,0,3582082
2020-05-29,4571202,4571202,0,0,4571202,0,0,3786754
2020-05-30,3597612,3597612,0,0,3597612,0,0,3011749
2020-05-31,3402126,3402126,0,0,3402126,0,0,2451407
2020-06-01,4893573,4893573,0,0,4893573,0,0,3872676
2020-06-02,1783299,1783299,0,0,1783299,0,0,1264116
2020-06-03,3002848,3002848,0,0,3002848,0,0,2159069
2020-06-04,4163335,4163335,0,0,4163335,0,0,3505489
2020-06-05,6819514,6819514,0,0,6819514,0,0,5966055
2020-06-06,2895471,2895471,0,0,2895471,0,0,2404033
2020-06-07,810930,810930,0,0,810930,0,0,426389
2020-06-08,4865459,4865459,0,0,4865459,0,0,3570355
2020-06-09,2471705,2471705,0,0,2471705,0,0,1821945
2020-06-10,3654959,3654959,0,0,3654959,0,0,2965686
2020-06-11,5868176,5868176,0,0,5868176,0,0,4764349
2020-06-12,6354126,6354126,0,0,6354126,0,0,5066994
2020-06-13,3973713,3973713,0,0,3973713,0,0,3709537
2020-06-14,1976221,1976221,0,0,1976221,0,0,1590301
2020-06-15,4933020,4933020,0,0,4933020,0,0,3842856
2020-06-16,2660000,2660000,0,0,2660000,0,0,1806433
2020-06-17,3713997,3713997,0,0,3713997,0,0,3126644
2020-06-18,3889672,3889672,0,0,3889672,0,0,3255219
2020-06-19,7470469,7470469,0,0,7470469,0,0,6215121
2020-06-20,5106697,5106697,0,0,5106697,0,0,3703566
2020-06-21,110616,110616,0,0,110616,0,0,0
2020-06-22,4262271,4262271,0,0,4262271,0,0,3569463
2020-06-23,4136640,4136640,0,0,4136640,0,0,2797452
2020-06-24,3071975,3071975,0,0,3071975,0,0,2344171
2020-06-25,5433991,5433991,0,0,5433991,0,0,4642950
2020-06-26,5639202,5639202,0,0,5639202,0,0,4735146
2020-06-27,3885203,3885203,0,0,3885203,0,0,3381957
2020-06-28,2651994,2651994,0,0,2651994,0,0,2608771
2020-06-29,6045717,6045717,0,0,6045717,0,0,4578321
2020-06-30,3120570,3120570,0,0,3120570,0,0,1945812
2020-07-01,3593505,3593505,0,0,3593505,0,0,2834429
2020-07-02,4983351,4983351,0,0,4983351,0,0,4231488
2020-07-03,4917419,4917419,0,0,4917419,0,0,4650573
2020-07-04,2771826,2771826,0,0,2771826,0,0,2144234
2020-07-05,2572090,2572090,0,0,2572090,0,0,2298947
2020-07-06,6611981,6611981,0,0,6611981,0,0,5415501
2020-07-07,3448854,3448854,0,0,3448854,0,0,2945180
2020-07-08,1593727,1593727,0,0,1593727,0,0,575364
2020-07-09,1607373,1607373,0,0,1607373,0,0,384716
2020-07-10,6652284,6652284,0,0,6652284,0,0,4625988
2020-07-11,4763749,4763749,0,0,4763749,0,0,4192927
2020-07-12,381968,381968,0,0,381968,0,0,52272
2020-07-13,4817913,4817913,0,0,4817913,0,0,4072233
2020-07-14,2299125,2299125,0,0,2299125,0,0,1801776
2020-07-15,1870356,1870356,0,0,1870356,0,0,1695408
2020-07-16,4464636,4464636,0,0,4464636,0,0,3670612
2020-07-17,4773287,4773287,0,0,4773287,0,0,3948560
2020-07-18,3759192,3759192,0,0,3759192,0,0,2988207
2020-07-19,226417,226417,0,0,226417,0,0,0
2020-07-20,5065942,5065942,0,0,5065942,0,0,4088848
2020-07-21,1369733,1369733,0,0,1369733,0,0,887119
2020-07-22,2583408,2583408,0,0,2583408,0,0,1933210
2020-07-23,4740411,4740411,0,0,4740411,0,0,4007945
2020-07-24,7310181,7310181,0,0,7310181,0,0,6247557
2020-07-25,739179,739179,0,0,739179,0,0,165264
2020-07-26,2397116,2397116,0,0,2397116,0,0,1882507
2020-07-27,4850508,4850508,0,0,4850508,0,0,3666465
2020-07-28,2758137,2758137,0,0,2758137,0,0,1987865
2020-07-29,2641103,2641103,0,0,2641103,0,0,2123145
2020-07-30,4607403,4607403,0,0,4607403,0,0,3954770
2020-07-31,6826890,6826890,0,0,6826890,0,0,5880001
2020-08-01,3108257,3108257,0,0,3108257,0,0,2340145
2020-08-02,2885555,2885555,0,0,2885555,0,0,2496991
2020-08-03,7611374,7611374,0,0,7611374,0,0,6537248
2020-08-04,2179916,2179916,0,0,2179916,0,0,1945324
2020-08-05,2907133,2907133,0,0,2907133,0,0,2203027
2020-08-06,6135934,6135934,0,0,6135934,0,0,5595861
2020-08-07,5828308,5828308,0,0,5828308,0,0,4859512
2020-08-08,4232690,4232690,0,0,4232690,0,0,3729000
2020-08-09,2337425,2337425,0,0,2337425,0,0,1816291
2020-08-10,3877089,3877089,0,0,3877089,0,0,2691674
2020-08-11,1651813,1651813,0,0,1651813,0,0,1390361
2020-08-12,2147440,2147440,0,0,2147440,0,0,1558696
2020-08-13,4492143,4492143,0,0,4492143,0,0,3749655
2020-08-14,6753061,6753061,0,0,6753061,0,0,5688859
2020-08-15,2668411,2668411,0,0,2668411,0,0,2355399
2020-08-16,2994508,2994508,0,0,2994508,0,0,2927085
2020-08-17,7704332,7704332,0,0,7704332,0,0,6210387
2020-08-18,2832434,2832434,0,0,2832434,0,0,2243298
2020-08-19,3252902,3252902,0,0,3252902,0,0,2962071
2020-08-20,5334102,5334102,0,0,5334102,0,0,4638170
2020-08-21,6229236,6229236,0,0,6229236,0,0,5037070
2020-08-22,1591619,1591619,0,0,1591619,0,0,798248
2020-08-23,2832462,2832462,0,0,2832462,0,0,2580129
2020-08-24,6347442,6347442,0,0,6347442,0,0,4931923
2020-08-25,1979613,1979613,0,0,1979613,0,0,1448637
2020-08-26,1991485,1991485,0,0,1991485,0,0,1435889
2020-08-27,2202206,2202206,0,0,2202206,0,0,1728709
2020-08-28,4231893,4231893,0,0,4231893,0,0,3779850
2020-08-29,4247670,4247670,0,0,4247670,0,0,3498931
2020-08-30,448360,448360,0,0,448360,0,0,172555
2020-08-31,4416366,4416366,0,0,4416366,0,0,3279505
2020-09-01,2345990,2345990,0,0,2345990,0,0,1654549
2020-09-02,2604553,2604553,0,0,2604553,0,0,2030580
2020-09-03,4672755,4672755,0,0,4672755,0,0,4113301
2020-09-04,5973372,5973372,0,0,5973372,0,0,4814104
2020-09-05,4071193,4071193,0,0,4071193,0,0,3611965
2020-09-06,1018538,1018538,0,0,1018538,0,0,370733
2020-09-07,3819644,3819644,0,0,3819644,0,0,2827984
2020-09-08,1722330,1722330,0,0,1722330,0,0,1217478
2020-09-09,2507347,2507347,0,0,2507347,0,0,1539538
2020-09-10,3313513,3313513,0,0,3313513,0,0,2865300
2020-09-11,4734677,4734677,0,0,4734677,0,0,3586198
2020-09-12,5868472,5868472,0,0,5868472,0,0,5232474
2020-09-13,3278841,3278841,0,0,3278841,0,0,2794460
2020-09-14,5722925,5722925,0,0,5722925,0,0,4387310
2020-09-15,2383509,2383509,0,0,2383509,0,0,1577814
2020-09-16,2406158,2406158,0,0,2406158,0,0,2125062
2020-09-17,4637116,4637116,0,0,4637116,0,0,3479087
2020-09-18,6064344,6064344,0,0,6064344,0,0,5023139
2020-09-19,4005711,4005711,0,0,4005711,0,0,3424621
2020-09-20,2549567,2549567,0,0,2549567,0,0,2398374
2020-09-21,6632605,6632605,0,0,6632605,0,0,5539873
2020-09-22,2439061,2439061,0,0,2439061,0,0,1947772
2020-09-23,3633515,3633515,0,0,3633515,0,0,3179514
2020-09-24,4244136,4244136,0,0,4244136,0,0,3401347
2020-09-25,7294016,7294016,0,0,7294016,0,0,6226081
2020-09-26,3844668,3844668,0,0,3844668,0,0,3325111
2020-09-27,2554867,2554867,0,0,2554867,0,0,2311419
2020-09-28,5431011,5431011,0,0,5431011,0,0,4486918
2020-09-29,1755103,1755103,0,0,1755103,0,0,1430995
2020-09-30,1867745,1867745,0,0,1867745,0,0,1367854
2020-10-01,3099446,3099446,0,0,3099446,0,0,2420033
2020-10-02,4002022,4002022,0,0,4002022,0,0,3252223
2020-10-03,1511396,1511396,0,0,1511396,0,0,970258
2020-10-04,4692393,4692393,0,0,4692393,0,0,4313654
2020-10-05,4325812,4325812,0,0,4325812,0,0,3153412
2020-10-06,2554541,2554541,0,0,2554541,0,0,1957923
2020-10-07,3172086,3172086,0,0,3172086,0,0,2395393
2020-10-08,6738168,6738168,0,0,6738168,0,0,6179557
2020-10-09,3456055,3456055,0,0,3456055,0,0,2679393
2020-10-10,2787422,2787422,0,0,2787422,0,0,2185445
2020-10-11,1263588,1263588,0,0,1263588,0,0,847990
2020-10-12,5088898,5088898,0,0,5088898,0,0,3790646
2020-10-13,2474464,2474464,0,0,2474464,0,0,1530910
2020-10-14,2343203,2343203,0,0,2343203,0,0,1763927
2020-10-15,3920726,3920726,0,0,3920726,0,0,3390387
2020-10-16,5151458,5151458,0,0,5151458,0,0,4138926
2020-10-17,4243572,4243572,0,0,4243572,0,0,3761621
2020-10-18,1405088,1405088,0,0,1405088,0,0,1065896
2020-10-19,4243935,4243935,0,0,4243935,0,0,3457450
2020-10-20,1498975,1498975,0,0,1498975,0,0,636530
2020-10-21,2179492,2179492,0,0,2179492,0,0,1454735
2020-10-22,4541196,4541196,0,0,4541196,0,0,3515719
2020-10-23,5674636,5674636,0,0,5674636,0,0,4456450
2020-10-24,3680948,3680948,0,0,3680948,0,0,3442609
2020-10-25,2558270,2558270,0,0,2558270,0,0,1867433
2020-10-26,5240297,5240297,0,0,5240297,0,0,3895692
2020-10-27,1720865,1720865,0,0,1720865,0,0,1328892
2020-10-28,1842651,1842651,0,0,1842651,0,0,1362031
2020-10-29,2611070,2611070,0,0,2611070,0,0,2160452
2020-10-30,5362438,5362438,0,0,5362438,0,0,4337872
2020-10-31,3150445,3150445,0,0,3150445,0,0,2673543
2020-11-01,2277217,2277217,0,0,2277217,0,0,1842084
2020-11-02,3354591,3354591,0,0,3354591,0,0,2288106
2020-11-03,1163259,1163259,0,0,1163259,0,0,563077
2020-11-04,812497,812497,0,0,812497,0,0,446765
2020-11-05,1729943,1729943,0,0,1729943,0,0,1179798
2020-11-06,4165452,4165452,0,0,4165452,0,0,3289192
2020-11-07,2448149,2448149,0,0,2448149,0,0,2247434
2020-11-08,2335118,2335118,0,0,2335118,0,0,2077445
2020-11-09,4410591,4410591,0,0,4410591,0,0,3179416
2020-11-10,1470282,1470282,0,0,1470282,0,0,1163780
2020-11-11,2027760,2027760,0,0,2027760,0,0,1592109
2020-11-12,5012819,5012819,0,0,5012819,0,0,4046240
2020-11-13,7495530,7495530,0,0,7495530,0,0,5977037
2020-11-14,4791268,4791268,0,0,4791268,0,0,4100310
2020-11-15,3887564,3887564,0,0,3887564,0,0,3548507
2020-11-16,6322320,6322320,0,0,6322320,0,0,4943704
2020-11-17,2414532,2414532,0,0,2414532,0,0,1965402
2020-11-18,2656156,2656156,0,0,2656156,0,0,2115131
2020-11-19,3307573,3307573,0,0,3307573,0,0,2701594
2020-11-20,4926313,4926313,0,0,4926313,0,0,4003967
2020-11-21,3624868,3624868,0,0,3624868,0,0,3033288
2020-11-22,2333185,2333185,0,0,2333185,0,0,1682106
2020-11-23,4455440,4455440,0,0,4455440,0,0,3705411
2020-11-24,2367430,2367430,0,0,2367430,0,0,1813518
2020-11-25,1998244,1998244,0,0,1998244,0,0,1447917
2020-11-26,2215484,2215484,0,0,2215484,0,0,1973761
2020-11-27,5570205,5570205,0,0,5570205,0,0,4327810
2020-11-28,3978236,3978236,0,0,3978236,0,0,3463788
2020-11-29,2400083,2400083,0,0,2400083,0,0,1938024
2020-11-30,4053811,4053811,0,0,4053811,0,0,3025381
2020-12-01,1254703,1254703,0,0,1254703,0,0,1125541
2020-12-02,1174941,1174941,0,0,1174941,0,0,888393
2020-12-03,2967122,2967122,0,0,2967122,0,0,2431170
2020-12-04,4394818,4394818,0,0,4394818,0,0,3444507
2020-12-05,2986158,2986158,0,0,2986158,0,0,2432046
2020-12-06,2700756,2700756,0,0,2700756,0,0,2259025
2020-12-07,5198258,5198258,0,0,5198258,0,0,4066595
2020-12-08,965463,965463,0,0,965463,0,0,825290
2020-12-09,2624702,2624702,0,0,2624702,0,0,1941047
2020-12-10,3642217,3642217,0,0,3642217,0,0,3001042
2020-12-11,3997243,3997243,0,0,3997243,0,0,3030539
2020-12-12,4381016,4381016,0,0,4381016,0,0,3931140
2020-12-13,621331,621331,0,0,621331,0,0,234729
2020-12-14,3920849,3920849,0,0,3920849,0,0,2954072
2020-12-15,1358520,1358520,0,0,1358520,0,0,901280
2020-12-16,2338210,2338210,0,0,2338210,0,0,1719821
2020-12-17,4757397,4757397,0,0,4757397,0,0,4245103
2020-12-18,5024214,5024214,0,0,5024214,0,0,4121438
2020-12-19,2740878,2740878,0,0,2740878,0,0,2499942
2020-12-20,2494096,2494096,0,0,2494096,0,0,2102234
2020-12-21,3208579,3208579,0,0,3208579,0,0,2112765
2020-12-22,2932174,2932174,0,0,2932174,0,0,2136189
2020-12-23,3297092,3297092,0,0,3297092,0,0,2825035
2020-12-24,3336188,3336188,0,0,3336188,0,0,2856350
2020-12-26,5528996,5528996,0,0,5528996,0,0,4458153
2020-12-27,2742704,2742704,0,0,2742704,0,0,2333450
2020-12-28,4264001,4264001,0,0,4264001,0,0,3110006
2020-12-29,2498153,2498153,0,0,2498153,0,0,1730236
2020-12-30,3187778,3187778,0,0,3187778,0,0,2724517
2020-12-31,3652668,3652668,0,0,3652668,0,0,3232721
2021-01-02,789731,789731,0,0,789731,0,0,79147
2021-01-04,6950719,6896819,53900,0,6467267,483452,0,5644850
2021-01-05,5573986,5476156,53900,0,4632971,941015,0,2857008
2021-01-06,6863018,6863018,0,0,6820250,42768,0,5814233
2021-01-07,6973373,6769662,203711,0,6042742,930631,0,4590656
2021-01-08,6063137,5960601,100142,0,5306466,756671,0,3493026
2021-01-09,46200,46200,0,0,46200,0,0,0
2021-01-11,3900096,3795130,0,104544,3584150,315946,0,2594203
2021-01-12,3324970,3222602,49280,0,3166720,158250,0,2293639
2021-01-13,7519081,7431330,0,87751,7293280,225801,0,6137910
2021-01-14,5749822,5391202,352486,0,5131749,618073,0,4407944
2021-01-15,2759418,2660669,98749,0,2429383,330035,0,1068023
2021-01-18,103950,103950,0,0,103950,0,0,0
2021-01-19,3231224,3181944,49280,0,3181944,49280,0,2044000
2021-01-20,4962833,4909745,0,0,4402170,560663,0,3482277
2021-01-21,8848496,8796822,49280,0,8227240,621256,0,6591600
2021-01-22,5904205,5857081,47124,0,5468898,435307,0,3826484
2021-01-25,3938391,3790907,147484,0,3538919,399472,0,3097109
2021-01-26,4419640,4124545,251535,0,3616039,803601,0,2125198
2021-01-27,10006930,9956756,0,0,9408516,598414,0,7962108
2021-01-28,10251481,10213993,33352,0,10118458,133023,0,9100949
2021-01-29,9620240,9620240,0,0,9335003,285237,0,7875237
2021-01-30,53130,53130,0,0,53130,0,0,0
2021-02-01,3575387,3481458,50369,0,3387166,188221,0,2502786
2021-02-02,3652528,3305597,346931,0,3021337,631191,0,2098193
2021-02-03,9010849,8949738,54736,0,8895838,115011,0,7643317
2021-02-04,5342023,5288158,49280,0,4574630,767393,0,3672726
2021-02-05,2188828,2136468,52360,0,1946540,242288,0,1241770
2021-02-06,130913,130913,0,0,130913,0,0,91907
2021-02-08,2700153,2473700,147924,0,2473700,226453,0,1909325
2021-02-09,3643317,3394677,246246,0,3005273,638044,0,1915305
2021-02-10,10605670,10555391,49104,0,10159998,445672,0,8595818
2021-02-11,7506353,7326611,141990,0,6804481,701872,0,5803679
2021-02-12,3527276,3426973,98613,0,3294223,233053,0,1898178
2021-02-16,2701027,2557398,99649,0,2417320,283707,0,1617409
2021-02-17,4122545,4070801,51744,0,3974353,148192,0,3287605
2021-02-18,8284771,7456801,149422,0,7456801,827970,0,6615446
2021-02-19,4661824,4616662,0,42768,4469863,191961,0,3307572
2021-02-20,1330285,1330285,0,0,1330285,0,0,922537
2021-02-22,2682447,2374579,256252,44035,2242909,439538,0,1561419
2021-02-23,3013157,2963877,49280,0,2514853,498304,0,1968538
2021-02-24,3546932,3396892,150040,0,3175440,371492,0,2217466
2021-02-25,12654697,12449525,151705,0,12018835,635862,0,10243596
2021-02-26,7660722,7553905,98945,0,7334237,326485,0,6169007
2021-02-27,50820,50820,0,0,50820,0,0,0
2021-03-01,2724489,2562811,100142,29304,2482027,242462,0,1271789
2021-03-02,2879235,2328258,495537,55440,2328258,550977,0,1528637
2021-03-03,9610759,9505731,105028,0,9450291,160468,0,8130397
2021-03-04,5477391,5287923,142450,0,4848491,628900,0,4122329
2021-03-05,3185637,3133277,52360,0,3037445,148192,0,2494001
2021-03-08,3208412,2926251,180226,0,2411581,796831,0,1439951
2021-03-09,3744429,3511572,200200,29304,3299932,444497,0,2466169
2021-03-10,6282462,6233959,48503,0,6137482,144980,0,4702485
2021-03-11,5448637,5284481,161762,0,5068729,379908,0,4429128
2021-03-12,3270197,3016393,158622,44035,2882281,387916,0,1928755
2021-03-15,2046522,1606526,345763,0,1421790,624732,0,793177
2021-03-16,3593711,3257903,250413,55440,2899921,693790,0,2173919
2021-03-17,10139952,10036992,102960,0,9980936,159016,0,8375640
2021-03-18,6379971,6021459,350372,0,5767603,612368,0,4013616
2021-03-19,4416260,4416260,0,0,4416260,0,0,3365188
2021-03-20,53130,53130,0,0,53130,0,0,0
2021-03-22,2490079,2302032,98382,0,2222198,267881,0,1507834
2021-03-23,2495677,1869273,597100,29304,1826505,669172,0,1472537
2021-03-24,9812171,9763283,48888,0,9535616,276555,0,8280661
2021-03-25,5614305,5513351,98560,0,5313281,301024,0,3976350
2021-03-26,4210290,4060083,148003,0,4012182,198108,0,2963816
2021-03-27,95172,95172,0,0,95172,0,0,0
2021-03-29,2252068,2121643,122285,0,1905887,346181,0,1497426
2021-03-30,2301142,2107102,147840,0,2107102,194040,0,1641741
2021-03-31,6262972,5768976,200996,293000,5768976,493996,0,5078955
2021-04-01,10107733,9659075,281810,0,9449459,658274,0,7697474
2021-04-02,2375372,2275395,99977,0,2112139,263233,0,1272092
2021-04-05,2548599,2402697,97062,48840,2194513,354086,0,1370235
2021-04-06,3386954,2932381,348533,0,2932381,454573,0,1740061
2021-04-07,7791486,7641846,94042,55598,7641846,149640,0,6821139
2021-04-08,7623237,7319615,303622,0,6966355,656882,0,5345369
2021-04-09,2828952,2575082,249586,0,2519211,309741,0,1627739
2021-04-12,2813961,2728060,85901,0,2356851,457110,0,1584002
2021-04-13,2976647,2648446,267824,0,2648446,328201,0,1896215
2021-04-14,6222112,6121033,44352,55440,5960594,261518,0,4886971
2021-04-15,5301828,5106468,195360,0,5009778,292050,0,3995601
2021-04-16,2761402,2598197,149154,0,2409406,351996,0,1324217
2021-04-19,3151859,2925507,148300,0,2744519,407340,0,1870927
2021-04-20,4105145,3645367,394548,52470,3339179,765966,0,2135410
2021-04-21,10073021,9939994,133027,0,9840204,232817,0,8562804
2021-04-22,7325931,7073547,252384,0,7029380,296551,0,5750479
2021-04-23,3381389,3338727,42636,0,3144586,236803,0,1839966
2021-04-24,327252,327252,0,0,327252,0,0,274122
2021-04-26,2619150,2563824,50435,0,2509924,109226,0,1612743
2021-04-27,3088399,2847371,192940,0,2771332,317067,0,2025985
2021-04-28,8348575,8172727,98470,55598,7883638,464937,0,6450034
2021-04-29,6914804,6721538,143986,0,6665656,249148,0,5688417
2021-04-30,3717493,3528227,140426,48840,3518802,198691,0,2226650
2021-05-03,2111809,2060716,51093,0,1769533,342276,0,1197845
2021-05-04,3156080,2553878,583502,0,2448289,707791,0,1777414
2021-05-05,11773948,11578302,98969,0,11338348,435600,0,10020466
2021-05-06,7226800,7127879,98921,0,6867175,359625,0,5349762
2021-05-07,3518098,3419223,98875,0,3419223,98875,0,2596224
2021-05-08,43956,43956,0,0,43956,0,0,0
2021-05-10,3385415,3284602,49280,48840,3232913,152502,0,1829006
2021-05-11,4268895,3349734,880661,0,3004451,1264444,0,2032750
2021-05-12,10844182,10844182,0,0,10656339,187843,0,9423150
2021-05-13,5904932,5800777,86361,0,5553880,351052,0,4480165
2021-05-14,2874440,2629468,244972,0,2469483,404957,0,1510590
2021-05-17,2475060,2325174,149347,0,2179798,295262,0,1598400
2021-05-18,4287876,3796574,444444,0,3701501,586375,0,2201418
2021-05-19,9281167,9183054,98113,0,9086857,194310,0,7488941
2021-05-20,6024334,5978350,45984,0,5743049,281285,0,4615668
2021-05-21,3464486,3365856,98630,0,3328157,136329,0,2313525
2021-05-24,2049197,1861519,0,42016,1615020,434177,0,991308
2021-05-25,3128056,2936172,145684,0,2842555,285501,0,1346132
2021-05-26,11955008,11845448,0,60280,11790119,164889,0,10057640
2021-05-27,6256731,6205200,47782,0,5898934,357797,0,4738660
2021-05-28,5132509,5132480,0,0,5082980,49529,0,3471522
2021-05-30,57468,57468,0,0,57468,0,0,0
2021-05-31,53130,53130,0,0,53130,0,0,0
2021-06-01,4180071,3943342,101464,0,3899089,280982,0,3113506
2021-06-02,5692159,5494439,148854,48840,5352019,340140,0,4063699
2021-06-03,7215870,7054091,98208,55440,7000191,215679,0,5636421
2021-06-04,7022061,6865837,156224,0,6710906,311155,0,5272105
2021-06-05,1529814,1529814,0,0,1529814,0,0,1138328
2021-06-07,3390510,3083081,299370,0,2992870,397640,0,1701488
2021-06-08,4420416,4019228,339878,0,3881816,538600,0,2809522
2021-06-09,7242995,7193715,49280,0,6928504,314491,0,6013810
2021-06-10,10044939,9946731,98208,0,9665818,379121,0,7759034
2021-06-11,9488405,9418157,0,55440,9297080,191325,0,6877544
2021-06-12,145094,145094,0,0,145094,0,0,0
2021-06-14,3797341,3582601,198460,0,3491719,305622,0,2628811
2021-06-15,4528610,4039143,443267,0,3929361,599249,0,2767837
2021-06-16,13664385,13664385,0,0,13460269,204116,0,11788487
2021-06-17,8080514,7626686,396781,0,7499235,581279,0,6429387
2021-06-20,4912131,4802877,105633,0,4526221,385910,0,3042859
2021-06-21,4182424,4028217,106317,0,3682586,499838,0,2771356
2021-06-22,3865077,3717237,147840,0,3609437,255640,0,3002494
2021-06-23,12467647,12372152,50897,0,11860375,607272,0,10120921
2021-06-24,7846711,7594983,245520,0,7374321,472390,0,5176200
2021-06-25,4591591,4494987,96096,0,4200704,390887,0,3311925
2021-06-28,1994374,1786390,47782,0,1732490,261884,0,1103851
2021-06-29,3291595,3198271,47124,0,2964677,326918,0,1617618
2021-06-30,8585530,8533170,52360,0,8196087,389443,0,6452843
2021-07-01,11608474,11369818,238656,0,10959404,649070,0,9797125
2021-07-02,5095532,5043735,47782,0,4882035,213497,0,3084212
2021-07-03,204288,204288,0,0,204288,0,0,0
2021-07-05,4481,4481,0,0,4481,0,0,0
2021-07-06,3439965,2817087,543136,0,2659785,780180,0,1562459
2021-07-07,6797066,6696070,47782,0,6205126,591940,0,4821723
2021-07-08,11386034,11236253,149301,0,11074553,311481,0,8630271
2021-07-09,8150999,8150192,0,0,7938640,212359,0,6346647
2021-07-12,4325956,4216422,104588,0,4027071,298885,0,2768609
2021-07-13,3280444,3177449,47124,0,3085082,195362,0,1815100
2021-07-14,8228496,7942126,249938,36432,7357466,871030,0,6338290
2021-07-15,14125144,14018739,104011,0,13597587,527557,0,11239010
2021-07-16,9293857,9240032,52360,0,9240032,53825,0,7169604
2021-07-19,3568101,3322365,150656,0,3110853,457248,0,2387580
2021-07-20,3764292,3466378,295520,0,3273121,491171,0,1971761
2021-07-21,12280770,12280770,0,0,11808502,472268,0,8912409
2021-07-22,9564161,9368396,195765,0,9004943,559218,0,6829404
2021-07-23,4493265,4490183,0,0,4136064,357201,0,2436616
2021-07-24,67329,67329,0,0,67329,0,0,23373
2021-07-26,2185669,2089997,47782,0,2075781,109888,0,1582088
2021-07-27,4574698,4261948,288860,0,3969949,604749,0,2498059
2021-07-28,8981564,8932284,49280,0,8446470,535094,0,6330356
2021-07-29,8010909,7814493,196416,0,7612721,398188,0,6457757
2021-07-30,3204712,3151454,52360,0,3076339,128373,0,1958256
2021-07-31,495708,495708,0,0,495708,0,0,0
2021-08-02,2511003,2409044,49280,0,1985534,525469,0,1017321
2021-08-03,4134075,4033748,98560,0,3979848,154227,0,2842529
2021-08-04,11636634,11636634,0,0,11075868,560766,0,8745258
2021-08-05,9061851,8914539,147312,0,8676627,385224,0,6136476
2021-08-06,4418320,4309856,104456,0,4141156,277164,0,2445929
2021-08-07,223564,223564,0,0,223564,0,0,84119
2021-08-09,3366175,3326199,0,0,2883522,482653,0,1485592
2021-08-10,4787390,4547832,239558,0,4160461,626929,0,2753796
2021-08-11,12167148,12079898,0,0,11974309,192839,0,9217596
2021-08-12,7769938,7493048,236016,0,7178714,591224,0,5572076
2021-08-13,5242863,5095586,49421,0,4698994,543869,0,3075071
2021-08-14,106260,106260,0,0,106260,0,0,0
2021-08-16,3696888,3506310,98560,0,3268754,428134,0,1922969
2021-08-17,2897472,2566178,289274,0,2456396,441076,0,1355025
2021-08-18,15123958,14967241,100542,0,14868461,255497,0,12360738
2021-08-19,8708019,8635936,49280,0,8328974,379045,0,6565792
2021-08-20,5181280,4915989,214198,0,4915989,265291,0,3488533
2021-08-21,85536,85536,0,0,85536,0,0,0
2021-08-23,3878910,3581140,199140,0,3251318,627592,0,1694424
2021-08-24,5492100,5011279,480821,0,4621739,870361,0,3250836
2021-08-25,11600852,11541236,49280,0,11442007,158845,0,9587998
2021-08-26,8265347,8152709,49104,0,8109941,155406,0,6882352
2021-08-27,4661051,4459894,194515,0,4094239,566812,0,2314063
2021-08-28,53130,53130,0,0,53130,0,0,0
2021-08-29,199543,199543,0,0,199543,0,0,158029
2021-08-30,3177706,2966378,144063,0,2871250,306456,0,1709907
2021-08-31,5190475,4842474,348001,0,4492008,698467,0,2758237
2021-09-01,11330286,11282504,47782,0,11062940,267346,0,9186431
2021-09-02,7414225,7059327,246730,0,6919781,494444,0,5505053
2021-09-03,5702514,5506881,195633,0,5364990,337524,0,3887215
2021-09-04,95898,95898,0,0,95898,0,0,0
2021-09-06,44352,44352,0,0,44352,0,0,0
2021-09-07,4241540,3866563,295636,0,3670977,570563,0,2470139
2021-09-08,5257206,5207926,0,0,5127626,129580,0,4022753
2021-09-09,9647414,9508924,98560,0,9314312,333102,0,7662502
2021-09-10,5654480,5654480,0,0,5307930,346550,0,3991347
2021-09-11,55073,55073,0,0,55073,0,0,0
2021-09-13,4582183,4570330,0,0,4177582,404601,0,3161069
2021-09-14,5590861,4875170,715691,0,4487741,1103120,0,2473932
2021-09-15,7478154,7370028,97115,0,7314146,164008,0,5327143
2021-09-16,14674246,14528148,98208,0,14435557,238689,0,11086859
2021-09-17,8364955,8136149,156636,0,7645081,719874,0,6277991
2021-09-18,84658,84658,0,0,84658,0,0,41791
2021-09-20,2063432,1970454,0,0,1636080,427352,0,931765
2021-09-21,3501188,3303111,198077,0,3036047,465141,0,1475181
2021-09-22,8136896,7985474,149028,0,7873710,263186,0,6043954
2021-09-23,6965567,6708985,195270,0,6653103,312464,0,5449493
2021-09-24,2476453,2396437,52360,0,2280684,195769,0,1337109
2021-09-25,50307,50307,0,0,50307,0,0,0
2021-09-27,2560845,2441545,0,0,2298457,262388,0,1741859
2021-09-28,4375211,4152061,193963,0,4104541,270670,0,1698036
2021-09-29,13736022,13736022,0,0,13284464,451558,0,10549985
2021-09-30,9039378,8817616,147488,0,8709816,329562,0,7076528
2021-10-01,4904847,4709097,147338,0,4604635,300212,0,3019518
2021-10-02,96373,96373,0,0,96373,0,0,0
2021-10-04,2988227,2797471,98622,0,2525124,463103,0,1266176
2021-10-05,4501170,4308362,192808,0,4009494,491676,0,2585522
2021-10-06,12250106,12200826,49280,0,11908046,342060,0,9045966
2021-10-07,7642764,7399818,242946,0,7045884,596880,0,6064847
2021-10-08,3555896,3393043,147897,0,3105512,450384,0,1586279
2021-10-09,43243,43243,0,0,43243,0,0,43243
2021-10-11,181751,181751,0,0,181751,0,0,0
2021-10-12,3914077,3668476,197711,0,3519531,394546,0,1851140
2021-10-13,5395459,5298844,46926,0,4979616,415843,0,3647257
2021-10-14,9370192,9076199,291927,0,8713672,656520,0,6324524
2021-10-15,5989921,5877766,98402,0,5823866,166055,0,4826138
2021-10-16,535612,535612,0,0,535612,0,0,294250
2021-10-18,3344197,3247285,96912,0,3015412,328785,0,2337512
2021-10-19,4035309,3863603,149939,0,3577599,457710,0,2132714
2021-10-20,7438959,7388524,50435,0,7116684,322275,0,5462913
2021-10-21,9200082,9006968,193114,0,8902774,297308,0,6138248
2021-10-22,5993354,5930351,52360,0,5553972,439382,0,4188891
2021-10-23,53130,53130,0,0,53130,0,0,0
2021-10-25,3205392,3082186,0,0,2646945,558447,0,1458613
2021-10-26,3252673,3200331,49104,0,2881224,371449,0,1456731
2021-10-27,10310287,10310287,0,0,10198523,111764,0,8079217
2021-10-28,5877506,5747167,96886,0,5747167,130339,0,4848849
2021-10-29,5269186,5081934,96595,0,4741179,528007,0,3174183
2021-10-30,50688,50688,0,0,50688,0,0,0
2021-11-01,3000169,2719192,150359,0,2719192,280977,0,1387975
2021-11-02,3823296,3579710,240889,0,3243818,579478,0,1518235
2021-11-03,10922428,10864654,50294,0,10423186,499242,0,8553232
2021-11-04,6113412,5830455,243540,0,5633465,479947,0,4506380
2021-11-05,3368222,3315862,52360,0,2952107,416115,0,1684339
2021-11-06,417904,417904,0,0,417904,0,0,386184
2021-11-08,2293163,2191847,49533,0,1759215,533948,0,930858
2021-11-09,3189011,3090803,98208,0,2928219,260792,0,2112584
2021-11-10,8092028,7799397,290664,0,7695995,396033,0,5757900
2021-11-11,1498199,1498199,0,0,1498199,0,0,1311604
2021-11-12,7299644,7299644,0,0,7131998,167646,0,5213761
2021-11-15,2622027,2574245,47782,0,2155670,466357,0,1709073
2021-11-16,2639529,2370773,95088,0,2330458,309071,0,1041428
2021-11-17,5041126,4937792,101387,0,4495016,546110,0,3546773
2021-11-18,7584002,7286716,297286,0,6960844,623158,0,4981789
2021-11-19,8573748,8521388,52360,0,8299842,273906,0,6770426
2021-11-20,152724,152724,0,0,152724,0,0,0
2021-11-22,4630976,4581851,0,0,4283111,347865,0,2270895
2021-11-23,5474599,5274449,197756,0,4801768,672831,0,3540198
2021-11-24,11521884,11353115,147312,0,11241351,280533,0,9521628
2021-11-26,8745316,8510229,200200,0,8163056,582260,0,6407266
2021-11-27,50688,50688,0,0,50688,0,0,0
2021-11-29,3754088,3754088,0,0,3356439,397649,0,2371430
2021-11-30,4168668,3934078,141372,0,3537319,631349,0,2221961
2021-12-01,3403676,3351267,0,50015,3002745,400931,0,2047118
2021-12-02,13341696,12998588,343108,0,12892810,448886,0,10539547
2021-12-03,6270050,6123219,146831,0,5817885,452165,0,4465778
2021-12-04,101508,101508,0,0,101508,0,0,0
2021-12-05,173998,173998,0,0,173998,0,0,0
2021-12-06,2876573,2726993,52360,0,2500809,375764,0,1600643
2021-12-07,2788191,2676884,94248,0,2479588,308603,0,1732749
2021-12-08,7298866,7108546,146518,0,6758383,540483,0,4666106
2021-12-09,6154769,5545487,602764,0,5081875,1072894,0,4156594
2021-12-10,3250922,3032528,150003,0,2828863,422059,0,1587592
2021-12-13,4625664,4403339,102256,0,4293999,331665,0,3393783
2021-12-14,1624694,1328890,249850,0,1328890,295804,0,742264
2021-12-15,10182462,10133182,49280,0,9944323,238139,0,8024319
2021-12-16,8267761,7873859,344622,0,7570427,697334,0,6521491
2021-12-17,3796328,3653326,50294,0,3261934,534394,0,2222675
2021-12-19,40938,40938,0,0,40938,0,0,40938
2021-12-20,3137051,2967264,99792,0,2967264,169787,0,1710341
2021-12-21,2775269,2529309,245960,0,2140017,635252,0,1604626
2021-12-22,7758430,7655250,0,103180,7345877,412553,0,5522911
2021-12-23,8253668,7716007,537661,0,7572785,680883,0,6070105
2021-12-24,53130,53130,0,0,53130,0,0,0
2021-12-27,2295242,1995157,250427,0,1712201,583041,0,986750
2021-12-28,2376722,2227700,141555,0,2024860,351862,0,1397834
2021-12-29,5453655,5253336,100373,0,5253336,200319,0,3961909
2021-12-30,9875000,9623961,197421,53618,9167763,707237,0,6787148
2022-01-03,6452700,6152429,256469,0,5677061,775639,0,4397793
2022-01-04,2427369,2280506,146863,0,2148798,278571,0,1556143
2022-01-05,5235601,5132853,53090,0,5085333,150268,0,3352424
2022-01-06,8709966,8456730,196768,54074,8177431,532535,0,6660321
2022-01-07,6907092,6797726,109366,0,6475457,431635,0,4842030
2022-01-08,483943,483943,0,0,483943,0,0,375003
2022-01-10,2884334,2882897,0,0,2882897,1437,0,1127108
2022-01-11,3026309,2586177,299163,51876,2257974,768335,0,1428672
2022-01-12,7463005,7164179,191712,104720,6930339,532666,0,5956998
2022-01-13,7035667,6937107,98560,0,6512429,523238,0,4963951
2022-01-14,4138641,3881432,257209,0,3637395,501246,0,2073048
2022-01-17,53130,53130,0,0,53130,0,0,0
2022-01-18,2813015,2480217,239580,0,2247114,565901,0,1323094
2022-01-19,2702192,2702192,0,0,2648292,53900,0,1657907
2022-01-20,9835514,9575768,99911,53599,9478759,356755,0,7349300
2022-01-21,6792490,6750910,0,0,6471388,321102,0,4888270
2022-01-22,339572,339572,0,0,339572,0,0,185172
2022-01-24,3057290,2858758,198532,0,2625681,431609,0,2064558
2022-01-25,3410028,2979066,381304,0,2934028,476000,0,1517734
2022-01-26,7466979,7368419,98560,0,7127880,339099,0,6036294
2022-01-27,10096498,10025834,49280,21384,9790702,305796,0,7621882
2022-01-28,8994551,8937124,51093,0,8741016,253535,0,6601625
2022-01-29,9068,9068,0,0,9068,0,0,0
2022-01-31,2708616,2329912,251817,53777,2329912,378704,0,1578898
2022-02-01,3379238,2508585,816975,53678,2228550,1150688,0,1314701
2022-02-02,5424754,5178299,147704,0,4960717,464037,0,4059382
2022-02-03,7401589,6994729,245846,161014,6676420,725169,0,5595664
2022-02-04,3947880,3693900,241669,0,3638018,309862,0,2410258
2022-02-05,10494,10494,0,0,10494,0,0,0
2022-02-07,2224389,1983701,149688,0,1882281,342108,0,1459311
2022-02-08,3356931,3056078,295239,0,2813757,543174,0,1933503
2022-02-09,8142466,7796105,199817,52360,7569401,573065,0,6210088
2022-02-10,5733138,5077576,493156,156512,4973382,759756,0,4074427
2022-02-11,2780447,2613146,147831,0,2613146,167301,0,1540513
2022-02-14,2559057,2099860,335907,0,1713887,845170,0,890514
2022-02-15,2076323,1752083,304528,0,1372711,703612,0,777083
2022-02-16,6234145,6130158,44880,55440,5978288,255857,0,5188947
2022-02-17,4193755,4001228,187687,0,4001228,192527,0,2962500
2022-02-18,3713199,3348647,263339,48840,2917649,795550,0,1785602
2022-02-21,80080,80080,0,0,80080,0,0,32032
2022-02-22,2568465,1930102,489705,55440,1889037,679428,0,1246798
2022-02-23,3778689,3416833,96976,264880,3416833,361856,0,2992797
2022-02-24,7053713,6645897,250822,153340,6448241,605472,0,5239290
2022-02-25,4330964,4177615,50688,53381,4130095,200869,0,3417489
2022-02-27,1314683,1314683,0,0,1314683,0,0,1035384
2022-02-28,3479033,3111538,96622,270873,3064018,415015,0,1897959
2022-03-01,3608086,2280096,1125047,107930,1996377,1611709,0,1614394
2022-03-02,6192261,6050295,97062,0,5994413,197848,0,5115271
2022-03-03,5670530,5267926,293308,109296,4983835,686695,0,3611667
2022-03-04,6542748,6286029,251930,0,6039317,503431,0,4598039
2022-03-07,2490487,1956882,281208,93720,1761760,728727,0,1287732
2022-03-08,3108704,2489602,581940,0,2489602,619102,0,2064841
2022-03-09,7079884,6589245,402698,0,6449952,629932,0,5516569
2022-03-10,6706710,6255786,397127,53797,6255786,450924,0,4982502
2022-03-11,3519095,3303368,144907,68904,3022449,496646,0,1848272
2022-03-14,1748365,1616890,92055,28741,1477894,270471,0,917050
2022-03-15,1953218,1611102,339722,0,1563582,389636,0,1006911
2022-03-16,6119322,5713092,295350,110880,5713092,406230,0,4864085
2022-03-17,5707794,5110523,398508,104579,5110523,597271,0,4270616
2022-03-18,3396703,2967516,345923,32745,2695281,701422,0,1639008
2022-03-21,1557789,1224947,198044,0,1177427,380362,0,808778
2022-03-22,2845010,1760445,928713,155852,1716786,1128224,0,1379792
2022-03-23,6921213,6264859,358538,212520,6217339,703874,0,4954810
2022-03-24,5477915,5033977,340637,103301,5033977,443938,0,3733713
2022-03-25,2924770,2597909,241006,0,2597909,326861,0,1600805
2022-03-26,5449,5449,0,0,5449,0,0,0
2022-03-28,2592487,2173426,244715,77084,1946326,646161,0,1395954
2022-03-29,2560490,1707289,696449,54094,1707289,853201,0,1031297
2022-03-30,6834885,6478098,187585,108504,6339399,495486,0,4992697
2022-03-31,4518708,3748700,627958,50941,3748700,770008,0,3138387
2022-04-01,3184031,2930758,102256,47520,2930758,253273,0,1818811
2022-04-02,53130,53130,0,0,53130,0,0,0
2022-04-04,2695225,2419787,105367,55440,2251443,443782,0,1600505
2022-04-05,1933194,1173161,394373,310147,1173161,760033,0,672107
2022-04-06,6493166,6248974,204284,0,6249054,244112,0,5238030
2022-04-07,6715140,5925540,637754,151846,5834361,880779,0,4533944
2022-04-08,3257058,2999983,245976,0,2952082,304976,0,1939476
2022-04-09,65292,65292,0,0,65292,0,0,0
2022-04-10,86200,86200,0,0,86200,0,0,86200
2022-04-11,2441863,1937171,412578,39600,1839759,602104,0,1272703
2022-04-12,3466860,2648629,780809,0,2528948,937912,0,1963731
2022-04-13,6623541,6439108,40392,55440,6346147,277394,0,4826583
2022-04-14,6409348,5961081,234685,213582,5961081,448267,0,4852104
2022-04-15,3053427,2893148,0,107890,2850380,203047,0,1785834
2022-04-17,7894,0,0,0,0,7894,0,0
2022-04-18,2798123,2549400,98560,105259,2368124,429999,0,1529828
2022-04-19,3797742,2929838,730870,134640,2929838,867904,0,1948902
2022-04-20,7242711,6231946,750544,161821,6050872,1191839,0,2082854
2022-04-21,4682873,4129775,495033,0,3956564,726309,0,2012817
2022-04-22,3416807,2872896,455668,23760,2787835,628972,0,640625
2022-04-25,3285523,2926290,311328,0,2926290,359233,0,1089784
2022-04-26,3217663,2131578,974267,0,2034910,1182742,0,771782
2022-04-27,6962951,6810414,97097,55440,6810414,152537,0,4710996
2022-04-28,4661683,4295889,141533,165231,4072001,589682,0,2317278
2022-04-29,3309056,3083573,52360,53900,3029673,279383,0,1762841
2022-04-30,758287,758287,0,0,758287,0,0,526363
2022-05-02,1743564,1500204,0,94274,1453278,290286,0,824612
2022-05-03,3886994,3170676,605438,110880,3170676,716318,0,2063494
2022-05-04,10032382,9820417,156525,55440,9732802,299580,0,7936810
2022-05-05,9140226,8543588,440638,84236,8311769,828457,0,6845967
2022-05-06,5172292,4902435,146896,107752,4902435,269857,0,3300269
2022-05-07,47520,47520,0,0,47520,0,0,0
2022-05-09,3421724,3064421,254996,0,2825710,596014,0,2200920
2022-05-10,4408929,3436975,704281,159707,3394207,1014722,0,2034314
2022-05-11,9475302,9328534,54454,50941,9328534,146768,0,7743817
2022-05-12,8149386,8032563,36353,39600,7754970,393793,0,5721290
2022-05-13,3999307,3769237,163027,0,3689289,310018,0,2332683
2022-05-14,293513,293513,0,0,293513,0,0,293513
2022-05-16,2826186,2630397,60742,46134,2437424,388762,0,1841581
2022-05-17,3677221,2488642,918353,220532,2488642,1188579,0,1383639
2022-05-18,8785107,8591188,58817,0,8554426,230681,0,6413863
2022-05-19,6328783,6054008,50294,100793,5998568,330215,0,4701967
2022-05-20,4158285,3539148,463974,108048,3547530,610755,0,2369058
2022-05-23,3419000,2580468,747571,0,2273179,1145821,0,1390911
2022-05-24,4328932,2963193,935996,236975,2747930,1581002,0,1451044
2022-05-25,9081087,8708873,153031,154440,8618288,462799,0,6793481
2022-05-26,5777983,5388243,257127,108409,5342725,435258,0,4390889
2022-05-27,5247680,5170714,52760,0,5116814,130866,0,3920076
2022-05-28,58265,58265,0,0,58265,0,0,0
2022-05-31,2914682,2572813,241600,0,2346320,568362,0,1519018
2022-06-01,3874312,3422297,295738,110880,3332130,542182,0,1983167
2022-06-02,8134264,7913012,167398,47520,7828955,305085,0,5872015
2022-06-03,6605695,6414922,151173,39600,6247276,358419,0,4598620
2022-06-04,391547,391547,0,0,391547,0,0,271203
2022-06-06,3277121,3076089,50435,104841,3076089,201032,0,2123324
2022-06-07,4324066,3713846,604669,0,3713846,610220,0,2320276
2022-06-08,3195007,2996048,103611,55440,2662510,532497,0,1551200
2022-06-09,13034593,12542294,441358,50941,12394694,639899,0,10217623
2022-06-10,7370181,7346421,0,23760,6912063,458118,0,5322220
2022-06-11,57024,57024,0,0,57024,0,0,0
2022-06-13,2687429,2596257,51264,0,2504484,182945,0,1881529
2022-06-14,4766721,4158644,594153,0,3948980,817741,0,2662012
2022-06-15,9205740,9106978,52360,0,9051096,154644,0,7560171
2022-06-16,8078956,7880996,151019,0,7827096,251860,0,5928698
2022-06-17,5780600,5616572,119973,39600,5452731,327869,0,3960498
2022-06-20,57420,57420,0,0,57420,0,0,0
2022-06-21,3854180,3334918,435794,0,3241660,612520,0,2202505
2022-06-22,5069714,5063169,0,0,4852064,217650,0,3877476
2022-06-23,9475501,9283670,191831,0,8994511,480990,0,6650096
2022-06-24,7006453,6948001,51093,0,6892119,114334,0,4985270
2022-06-25,698344,698344,0,0,698344,0,0,594671
2022-06-27,4456684,4274084,150920,31680,4274084,182600,0,3006435
2022-06-28,3239800,2709966,440246,0,2662446,577354,0,2014960
2022-06-29,7889325,7753519,96206,39600,7450055,439270,0,6114534
2022-06-30,10385518,10141320,244198,0,9809992,575526,0,7731524
2022-07-01,7849336,7661546,148190,39600,7661546,187790,0,5753871
2022-07-03,221530,221530,0,0,221530,0,0,221530
2022-07-05,3111672,2523495,495224,0,2221928,889744,0,1474502
2022-07-06,6094409,6041950,52459,0,5815926,278483,0,4876194
2022-07-07,11329497,10861786,344606,39600,10312388,1017109,0,7961371
2022-07-08,8069485,7921645,147840,0,7765971,303514,0,5739489
2022-07-09,809675,809675,0,0,809675,0,0,688855
2022-07-11,4944036,4696534,204358,0,4518211,425825,0,3523219
2022-07-12,5057125,4375672,583436,0,4375672,681453,0,2540613
2022-07-13,8951345,8686976,261975,0,8514577,436768,0,6907822
2022-07-14,10462123,9856807,605316,0,9414622,1047501,0,6751901
2022-07-15,10156315,9963126,193189,0,9648353,507962,0,7740029
2022-07-18,2500671,2364271,49280,0,2317345,183326,0,1543304
2022-07-19,3289754,2942674,344812,0,2942674,347080,0,1970244
2022-07-20,10075064,9780874,252610,0,9538155,536909,0,7825358
2022-07-21,8462082,7863462,598620,0,7586034,876048,0,6121983
2022-07-22,3712729,3709856,0,0,3491785,220944,0,2084141
2022-07-25,2840458,2735705,104720,0,2568059,272399,0,1881158
2022-07-26,5204306,4950958,197908,55440,4663693,540613,0,2863810
2022-07-27,8542829,8436776,98296,0,8173630,369199,0,6813124
2022-07-28,7506825,7063127,400017,0,6775849,730976,0,5522326
2022-07-29,5088767,4982748,102877,0,4831826,256941,0,3168773
2022-08-01,2737934,2583809,154125,0,2583809,154125,0,1791046
2022-08-02,3443354,3256801,142483,0,3155777,287577,0,1876909
2022-08-03,6830644,6728005,102639,0,6379494,451150,0,4526272
2022-08-04,9468940,9176241,204741,0,9122341,343781,0,8009680
2022-08-05,4384899,4136992,243223,0,3785175,599724,0,2369872
2022-08-08,2603384,2548930,54454,0,2453890,149494,0,1529510
2022-08-09,3982805,3621189,361616,0,3573610,409195,0,2227765
2022-08-10,9039784,8988691,51093,0,8803768,236016,0,7357190
2022-08-11,7944051,7721624,199672,0,7543385,400666,0,6269203
2022-08-12,4366051,4239637,106814,0,4192711,173340,0,2674664
2022-08-13,90787,90787,0,0,90787,0,0,90787
2022-08-15,2680876,2576514,101968,0,2389404,291472,0,1320563
2022-08-16,3383504,3147488,192456,0,3018097,365407,0,2262067
2022-08-17,12428005,12164890,250076,0,12116992,311013,0,10050615
2022-08-18,8475014,8279744,195270,0,8223862,251152,0,7093313
2022-08-19,4784656,4770422,0,0,4589694,194962,0,2748692
2022-08-20,50532,50532,0,0,50532,0,0,50532
2022-08-22,3196140,2894475,257121,0,2838593,357547,0,1689261
2022-08-23,3857371,3624235,232958,0,3253368,603825,0,2283317
2022-08-24,12090390,11889346,144787,0,11409300,681090,0,9108162
2022-08-25,9631235,9419166,204268,0,9323400,307835,0,7718250
2022-08-26,4510291,4458587,50327,0,4412255,98036,0,2866806
2022-08-29,3198530,3051152,47782,0,2616571,581959,0,1769978
2022-08-30,4368835,4218406,150429,0,4059122,309713,0,2934244
2022-08-31,13542486,13344728,152469,0,13249244,293242,0,11146309
2022-09-01,9197224,8754203,388531,0,8754203,443021,0,7009844
2022-09-02,4345294,4278737,0,0,4109725,235569,0,2476161
2022-09-05,212588,212588,0,0,212588,0,0,212588
2022-09-06,3068812,2756830,145508,0,2712698,356114,0,1576644
2022-09-07,5412340,5258340,101640,0,4917230,495110,0,4144184
2022-09-08,5880833,5596050,196427,0,5319198,561635,0,3678767
2022-09-09,8812026,8432323,321733,0,8320559,491467,0,6497900
2022-09-10,71755,71755,0,0,71755,0,0,0
2022-09-12,3067878,2896793,96206,0,2757438,310440,0,2159718
2022-09-13,2552693,2135862,358118,0,1979748,572615,0,1164073
2022-09-14,8153081,7915815,94827,0,7251131,901950,0,6211674
2022-09-15,8710722,8272962,310851,0,8217080,493642,0,5830962
2022-09-16,8418718,8321987,96731,0,8247561,171157,0,6447061
2022-09-17,35640,35640,0,0,35640,0,0,0
2022-09-19,1999319,1758126,0,55440,1714170,285149,0,1348920
2022-09-20,3803176,3464407,294034,0,3201648,601528,0,2379163
2022-09-21,8478915,8325194,101988,0,7997476,481439,0,5743866
2022-09-22,10637334,10436069,145244,0,10276407,360927,0,8791292
2022-09-23,5405780,5032823,362454,0,5032823,372957,0,3361847
2022-09-26,5522755,5377753,51975,0,5377753,145002,0,4373467
2022-09-27,4274131,3884335,344916,0,3791968,482163,0,2899890
2022-09-28,10848104,10654873,144582,0,10512861,335243,0,8652205
2022-09-29,8715321,8327725,328240,0,7977908,737413,0,6774818
2022-09-30,4600132,4535373,0,220,4535373,64539,0,3243097
2022-10-03,1710021,1570030,47782,0,1475500,234521,0,882465
2022-10-04,3947720,3555111,351995,0,3397906,549814,0,2090008
2022-10-05,11678269,11586377,0,0,11495180,183089,0,9549277
2022-10-06,7734998,7429121,303173,0,7373239,361759,0,6053620
2022-10-07,4087838,4087838,0,0,3827353,260485,0,2891806
2022-10-08,255438,255438,0,0,255438,0,0,255438
2022-10-11,2577590,2145164,296974,0,2145164,432426,0,1196431
2022-10-12,5027917,5025141,0,0,5025141,2776,0,4011707
2022-10-13,10486553,10339190,49144,0,10098613,387940,0,8122366
2022-10-14,7804676,7370547,325134,0,7035255,769421,0,5371803
2022-10-17,3822883,3708190,51251,0,3708190,114693,0,2238551
2022-10-18,4007926,3680904,145332,0,3487924,520002,0,2565504
2022-10-19,5240321,5091405,95302,0,4876261,364060,0,4193931
2022-10-20,9815790,9353335,420475,0,9241571,574219,0,6376452
2022-10-21,8801029,8694683,96292,0,8416433,384596,0,6874158
2022-10-24,1986564,1745739,104128,0,1502465,484099,0,869862
2022-10-25,2912620,2610389,195802,0,2046909,865711,0,1373407
2022-10-26,9434639,9384204,50435,0,9328322,106317,0,7856015
2022-10-27,7758000,7623843,47782,0,7623843,134157,0,6286589
2022-10-28,3884429,3822127,53295,0,3733643,150786,0,2218688
2022-10-31,2970870,2608249,265323,0,2608249,362621,0,1853533
2022-11-01,4069134,3770057,194612,0,3397379,671755,0,2531289
2022-11-02,7692014,7685135,0,0,7462049,229965,0,6493128
2022-11-03,6834643,6692528,110880,0,6644627,189739,0,5419663
2022-11-04,5859517,5859517,0,0,5722561,136549,0,4291601
2022-11-07,3191353,3044685,98019,0,2905011,286342,0,2225020
2022-11-08,3802952,3510417,194445,54530,3239606,562976,0,2113401
2022-11-09,10150877,10012611,89617,0,9821647,329230,0,8050351
2022-11-10,8265151,8143961,98424,0,8143961,121190,0,6258302
2022-11-13,46,0,0,0,0,0,0,0
2022-11-14,3472216,3419128,53088,0,3078920,393296,0,2249302
2022-11-15,1566611,1227159,290803,0,1227159,339452,0,776491
2022-11-16,4717653,4717653,0,0,4417680,299973,0,3635552
2022-11-17,6857710,6754092,49144,0,6384394,473316,0,4637571
2022-11-18,5962805,5896627,49280,0,5587756,375049,0,3961078
2022-11-21,2958365,2958365,0,0,2958365,0,0,1923481
2022-11-22,5478501,5233430,196425,0,5132010,346491,0,3648846
2022-11-23,9474428,9276591,150566,0,8794290,680138,0,6391803
2022-11-24,1062213,1062213,0,0,1062213,0,0,1030612
2022-11-25,12032967,11867936,151270,0,11647202,385765,0,9710127
2022-11-28,5068623,4902744,149162,0,4902744,165879,0,3972689
2022-11-29,3383240,2899911,391149,0,2850015,533225,0,2103109
2022-11-30,5429198,5221490,207708,0,5173589,255609,0,4368296
2022-12-01,6543368,6534465,0,0,6188131,355237,0,4096122
2022-12-02,6984127,6825089,157080,0,6489797,494330,0,5216574
2022-12-05,3576391,3489174,0,0,3251232,325159,0,2420112
2022-12-06,3226444,2845639,287276,0,2845639,380805,0,2108949
2022-12-07,9931509,9833490,98019,0,9833490,98019,0,8390819
2022-12-08,8052119,7694975,357144,0,7301164,750955,0,6129676
2022-12-09,4352188,4247303,51040,0,3678360,673828,0,2574617
2022-12-12,2576168,2469347,52976,0,2237588,338580,0,1051347
2022-12-13,3328965,2928910,340868,0,2730541,598424,0,2262216
2022-12-14,6624338,6580778,0,0,6580778,43560,0,5062658
2022-12-15,10066402,9802358,264044,0,9556112,510290,0,7976972
2022-12-16,3595423,3535299,52853,0,3535299,60124,0,2366305
2022-12-19,2726381,2527285,199096,0,2198966,527415,0,1373368
2022-12-20,3640233,3253587,343086,0,2757744,882489,0,2200611
2022-12-21,8873090,8718166,99484,55440,8718166,154924,0,7366892
2022-12-22,7680570,7536052,144518,0,7223848,456722,0,5721522
2022-12-23,3885308,3671351,212520,0,3671351,213957,0,2076526
2022-12-27,2668549,1984837,483809,0,1984837,683712,0,1160668
2022-12-28,4474855,4259440,215415,0,3828881,645974,0,3116602
2022-12-29,8098393,8005553,49280,0,7680878,417515,0,5824656
2022-12-30,8470541,8313461,157080,0,8147797,322744,0,6426742
2023-01-03,2917323,2577466,296075,0,2465702,451621,0,1278865
2023-01-04,7271630,7083200,144870,0,6795172,476458,0,5584739
2023-01-05,5365728,5122254,243474,0,5122254,243474,0,4063388
2023-01-06,9925512,9559355,361759,0,9559355,366157,0,7422240
2023-01-09,4082910,3744888,338022,0,3417048,665862,0,2426396
2023-01-10,8421772,7445439,787319,0,7337639,1084133,0,6243333
2023-01-11,7514507,7368879,0,0,6915165,599342,0,5891219
2023-01-12,7505864,7219691,283408,0,6987941,517923,0,5243578
2023-01-13,7620212,7172556,447656,0,6986088,634124,0,5748253
2023-01-17,4073315,3174907,840761,52470,2895497,1177818,0,1680402
2023-01-18,5340181,5135975,151118,0,5053563,286618,0,4185559
2023-01-19,7603462,7277604,99574,169488,7229703,373759,0,5302605
2023-01-20,7184798,6778700,395010,0,6435100,749698,0,5154115
2023-01-21,53130,53130,0,0,53130,0,0,0
2023-01-23,4156205,3788233,319323,0,3541451,614754,0,2645369
2023-01-24,2834174,2581339,143475,107325,2581339,252835,0,1454092
2023-01-25,6563825,6305307,161091,0,6305307,258518,0,4806643
2023-01-26,10291370,9825674,354816,110880,9733817,557553,0,7751463
2023-01-27,7751584,7607134,95801,0,7285442,466142,0,5828287
2023-01-30,2441954,2026585,306909,104720,2026585,415369,0,1273654
2023-01-31,3684875,2859522,389308,380184,2722869,962006,0,1970508
2023-02-01,7358670,6892713,299637,166320,6698581,660089,0,5355011
2023-02-02,5588313,5153471,334573,92070,5153471,434842,0,4263345
2023-02-03,3346050,2943741,402309,0,2853948,492102,0,1631644
2023-02-05,54454,0,54454,0,0,54454,0,0
2023-02-06,1953587,1745561,204435,0,1605074,348513,0,1166341
2023-02-07,2948927,2463424,262689,215334,2463424,485503,0,1833726
2023-02-08,7378076,7155779,155769,55440,6982061,396015,0,5590328
2023-02-09,6747316,6573120,174196,0,6573120,174196,0,5269332
2023-02-10,3533589,3229490,196750,48840,3005171,528418,0,1882741
2023-02-13,2721739,2161538,299527,258280,1982081,739658,0,1322774
2023-02-14,3351860,2774820,411552,165488,2718938,632922,0,2034608
2023-02-15,8064136,7719062,114954,221760,7719062,345074,0,6213464
2023-02-16,6984259,6585337,305422,93500,6452395,531864,0,5288750
2023-02-17,3878146,3478648,349626,49155,3398938,478893,0,2007733
2023-02-18,268418,268418,0,0,268418,0,0,268418
2023-02-21,3610954,2740793,391974,430447,2694989,915965,0,1808176
2023-02-22,4623012,4367292,96466,156860,4177834,445178,0,3352979
2023-02-23,7742818,7203623,389170,150025,7037506,705312,0,5354375
2023-02-24,5576181,5321648,106814,147719,5321648,254533,0,4076939
2023-02-27,3645957,3399365,245186,0,3399365,246592,0,2385862
2023-02-28,3408738,2408215,780347,210496,2365447,1043291,0,1770327
2023-03-01,6402704,6254358,46926,55440,6254358,148346,0,5578678
2023-03-02,8268112,7607538,388019,272555,7372941,895171,0,5236462
2023-03-03,7680821,6986411,600910,93500,6938510,742311,0,5732970
2023-03-06,2547162,2186327,254161,104280,1919249,627913,0,1504950
2023-03-07,3210827,3020439,145508,0,2785791,425036,0,1915431
2023-03-08,7146796,6901989,100100,110880,6846549,300247,0,5932839
2023-03-09,7112247,6429068,538544,142241,6392988,719259,0,5203420
2023-03-10,3463517,3365065,98384,0,3236510,226939,0,2155181
2023-03-13,2216807,1815320,301607,99880,1767422,449385,0,1023081
2023-03-14,3411446,2548605,643140,219701,2501050,910396,0,1767380
2023-03-15,7626380,7093731,159720,372240,6906919,719461,0,5890991
2023-03-16,5876343,5332559,340280,163240,5332559,543784,0,4042435
2023-03-17,2652428,2256441,347147,48840,2201001,451427,0,1367471
2023-03-20,2163791,1544900,298571,320320,1334800,828991,0,693318
2023-03-21,3467891,2755491,494989,217411,2755491,712400,0,2134831
2023-03-22,7009884,6293492,344636,371756,6248286,761598,0,5231683
2023-03-23,5855774,5144142,454892,256740,4807113,1048661,0,4029192
2023-03-24,3586919,3103461,478618,0,3103461,483458,0,2202982
2023-03-27,2467164,2005457,350827,110880,1969377,497787,0,1362868
2023-03-28,3325113,2638711,443674,242728,2466358,858755,0,1771431
2023-03-29,6113157,5746226,151899,208652,5746226,366931,0,4921459
2023-03-30,6357413,5550866,502859,303688,5550866,806547,0,4620811
2023-03-31,4096136,3896770,148502,50864,3896770,199366,0,2752812
2023-04-02,50941,0,0,50941,0,50941,0,0
2023-04-03,2543800,2337971,200160,0,2164846,378954,0,1645468
2023-04-04,2850101,2450819,339418,55024,2450819,399282,0,1705473
2023-04-05,7032835,6565095,149140,313896,6517575,515260,0,5888421
2023-04-06,8223828,7713307,47520,417021,7576258,647570,0,5909423
2023-04-07,4281930,4144802,91786,0,4097231,184699,0,2765754
2023-04-10,3300485,2801197,389728,104720,2638872,661613,0,1808165
2023-04-11,2693123,2190150,399010,103963,2143818,549305,0,1378582
2023-04-12,9465344,9359619,46688,53757,9220847,244497,0,8055340
2023-04-13,5941180,5391633,304247,245300,5391633,549547,0,4420393
2023-04-14,4712828,4468804,244024,0,4468804,244024,0,3210645
2023-04-17,3563557,3096642,149968,256960,3096642,466915,0,2400648
2023-04-18,3908925,2884573,970452,53900,2582948,1325977,0,1770094
2023-04-19,5319053,4908996,251798,158259,4908996,410057,0,4088234
2023-04-20,5014541,4510460,299261,204820,4371142,643399,0,3095841
2023-04-21,2356973,1965258,245195,101640,1965258,391715,0,994292
2023-04-23,50820,0,50820,0,0,50820,0,0
2023-04-24,1752021,1290919,150704,310398,1197661,554360,0,784659
2023-04-25,3611409,3306201,242521,54767,3304331,305208,0,2486718
2023-04-26,7328597,7166989,101464,55440,7166989,161608,0,5803792
2023-04-27,9225209,8548005,254369,422835,8382866,842343,0,6445323
2023-04-28,4209518,4045926,154154,0,3954316,255202,0,2629686
2023-05-01,3004929,2798958,52140,104236,2751462,253467,0,2030970
2023-05-02,8994257,8665983,285506,42768,8618082,376175,0,6217050
2023-05-03,9927237,9692171,190450,44616,9692171,235066,0,7805516
2023-05-04,9580700,8829336,555564,195800,8736115,844585,0,6941011
2023-05-05,4717567,4418606,295001,0,4343916,373651,0,3212036
2023-05-08,3560658,3302113,102807,150260,3162603,398055,0,1993141
2023-05-09,4163678,3909468,143330,110880,3825870,337808,0,2684702
2023-05-10,10587242,10323905,97662,109340,10220125,367117,0,8187709
2023-05-11,8552893,8001020,409313,142560,7835459,717434,0,6246292
2023-05-12,4706064,4299438,351186,55440,4299438,406626,0,2706621
2023-05-15,3749267,3552914,147456,0,3460107,289160,0,2636300
2023-05-16,4129849,3831505,194504,95040,3783954,345895,0,2725216
2023-05-17,9895974,9699032,196942,0,9493170,402804,0,7837506
2023-05-18,8721132,8124716,493456,102960,8031911,689221,0,6285838
2023-05-19,4544511,4459591,47520,37400,4459591,84920,0,3101530
2023-05-22,2987531,2779358,208173,0,2491237,496294,0,1897619
2023-05-23,4222538,3681569,485309,48840,3681569,540969,0,2661764
2023-05-24,10215179,9913093,302086,0,9789417,425762,0,8059560
2023-05-25,9953269,9071918,539535,341816,8923970,1029299,0,6483742
2023-05-26,4502098,4502098,0,0,4502098,0,0,2868317
2023-05-29,456801,212137,244664,0,0,456801,0,0
2023-05-30,3515281,3176134,339147,0,3176134,339147,0,2017184
2023-05-31,5420215,5168152,108601,39600,5120850,299365,0,4171765
2023-06-01,11027736,10876554,146342,0,10665720,362016,0,7651040
2023-06-02,9906935,9467705,296670,142560,9411823,495112,0,7618656
2023-06-03,225927,225927,0,0,225927,0,0,0
2023-06-05,4951285,4717867,232580,0,4673259,278026,0,3407188
2023-06-06,3828792,3435007,292365,101420,3340182,488610,0,2323491
2023-06-07,7935751,7642654,245577,47520,7586772,348979,0,6083191
2023-06-08,12422873,12029669,393204,0,11904469,518404,0,8849427
2023-06-09,9662678,9229063,394015,39600,9181840,480838,0,7361150
2023-06-12,3187646,2932474,255172,0,2887601,300045,0,2098501
2023-06-13,4588052,3958199,581306,0,3915431,672621,0,2655399
2023-06-14,9787034,9592314,99574,95146,9274841,512193,0,7561739
2023-06-15,7834874,7451318,299736,33000,7360909,473965,0,5903296
2023-06-16,4667644,4619530,48114,0,4515868,151776,0,2777337
2023-06-20,3683853,3183933,389176,109039,3183933,499920,0,2260814
2023-06-21,5130728,4685671,401497,43560,4447695,683033,0,3846026
2023-06-22,7498878,7260789,238089,0,7260789,238089,0,5102247
2023-06-23,8293210,7947328,255462,39600,7688695,604515,0,6140019
2023-06-25,47520,47520,0,0,0,47520,0,0
2023-06-26,3999121,3662614,336507,0,3570432,428689,0,2545142
2023-06-27,3414308,2811581,546605,0,2763683,650625,0,1746953
2023-06-28,8338188,8243148,95040,0,8135733,202455,0,7423785
2023-06-29,9916144,9864004,52140,0,9602587,313557,0,6388344
2023-06-30,7628754,7580972,47782,0,7525090,103664,0,5938828
2023-07-02,47520,47520,0,0,0,47520,0,0
2023-07-03,3299299,2942646,356294,0,2613483,685816,0,1923382
2023-07-05,5901810,5336098,565712,0,5232696,669114,0,4536701
2023-07-06,9466590,9369790,96800,0,9369790,96800,0,6986140
2023-07-07,7079745,6821839,250329,0,6729931,349814,0,5185016
2023-07-10,3532281,3197500,334781,0,3151168,381113,0,2650466
2023-07-11,4098824,3565811,533013,0,3191637,907187,6582,2506856
2023-07-12,3917888,3655831,206694,0,3608311,309577,16060,3034299
2023-07-13,15239821,15145881,93940,0,14837120,402701,0,13005976
2023-07-14,6022793,5725188,297605,0,5637564,385229,0,4346393
2023-07-17,4437617,4282614,104183,0,4191006,246611,0,3017617
2023-07-18,4891243,3886074,963589,0,3689393,1201850,0,3106069
2023-07-19,10485009,10253375,231634,0,10205477,279532,0,8259613
2023-07-20,5753604,5193310,560294,0,4949180,804424,0,3240292
2023-07-21,3434572,2959101,475412,0,2959101,475471,101193,1836135
2023-07-22,53130,53130,0,0,53130,0,0,0
2023-07-23,106260,106260,0,0,0,106260,0,0
2023-07-24,2341276,2210467,53090,0,2118559,222717,0,1560514
2023-07-25,3054377,2718549,295531,0,2464951,589426,0,1959569
2023-07-26,12286727,11806893,382814,55440,11697124,589603,0,10349094
2023-07-27,6734631,6112405,622226,0,5868449,866182,26077,4489101
2023-07-28,3337007,2941052,395955,0,2941052,395955,0,1526375
2023-07-30,159390,159390,0,0,0,159390,0,0
2023-07-31,2817304,2371571,247073,0,2170085,647219,0,1643919
2023-08-01,4709882,3779739,930143,0,3670727,1039155,0,3092415
2023-08-02,10821465,10560391,261074,0,10412122,409343,100881,8597707
2023-08-03,6922252,6112744,809508,0,6025206,897046,9297,4867669
2023-08-04,3313596,3122303,191293,0,3086223,227373,0,2006387
2023-08-07,2248883,2043117,105450,0,1712924,535959,0,1175952
2023-08-08,3660155,3223789,387086,0,3169902,490253,0,2680405
2023-08-09,11115101,10910281,154000,0,10804021,311080,0,9250070
2023-08-10,8386344,7785653,600691,0,7583484,802860,0,6016847
2023-08-11,3581155,3230354,350711,0,3230354,350801,0,2160819
2023-08-14,2757682,2376219,381463,0,2376219,381463,0,1712903
2023-08-15,4488149,3827897,660252,0,3640546,847603,0,2948542
2023-08-16,7167292,6923572,194854,0,6629302,537990,0,5504778
2023-08-17,10050976,9342450,605130,53900,9342450,708526,0,8069931
2023-08-18,3666002,3161957,493804,0,3117649,548353,0,1578063
2023-08-21,2108990,1864281,186105,0,1818776,290214,0,1277055
2023-08-22,3930469,3304264,623061,0,3304264,626205,0,2545095
2023-08-23,9265082,9215802,49280,0,9215802,49280,0,7580561
2023-08-24,5566528,5357526,208912,0,5011270,555258,196900,4293589
2023-08-25,2941046,2389048,551998,0,2249840,691206,23967,1065770
2023-08-28,1591870,1331021,204782,0,1331021,260849,0,966323
2023-08-29,2381439,1711227,663113,0,1711227,670212,0,1296805
2023-08-30,9884912,9789872,95040,0,9443696,441216,0,8078255
2023-08-31,6743712,6404760,318877,0,6350873,392839,0,4809891
2023-09-01,3253190,2800528,452662,0,2800528,452662,83952,1938463
2023-09-05,2645500,2213379,432121,0,2169073,476427,0,1366821
2023-09-06,4775565,4559302,151048,0,4559302,216263,0,3627949
2023-09-07,11080496,10741540,288136,0,10340073,740423,0,7895052
2023-09-08,7167142,6916428,200481,0,6700146,466996,0,5098361
2023-09-11,3640249,3120729,511406,0,3120729,519520,0,2267760
2023-09-12,3237664,2467411,670593,48840,2467411,770253,0,1715587
2023-09-13,9408900,8982146,326731,0,8886350,522550,176264,7733417
2023-09-14,10916158,10518266,307366,0,10426168,489990,26136,8258820
2023-09-15,7412391,6838487,573424,0,6784600,627791,0,5490407
2023-09-18,3015458,2675803,151650,0,2408765,606693,0,1646145
2023-09-19,4172750,3456240,522166,0,3407730,765020,0,2379748
2023-09-20,9542580,9192844,298611,0,8951550,591030,75942,8134448
2023-09-21,7114264,6724338,309773,0,6679414,434850,0,5158815
2023-09-22,3517082,3155909,361173,0,3155909,361173,0,2090897
2023-09-25,2487036,2152207,0,0,1941051,545985,0,1216570
2023-09-26,3866444,3232463,479288,0,3082774,783670,0,2347577
2023-09-27,8747436,8356672,337031,0,8001191,746245,0,6935114
2023-09-28,6384265,5889417,402208,0,5889417,494848,0,4815911
2023-09-29,3963361,3528395,363893,0,3528395,434966,0,2486243
2023-10-02,2560129,2089556,318406,0,1852750,707379,0,1307373
2023-10-03,4272450,3454487,576251,0,3408155,864295,0,2924898
2023-10-04,7396454,7239770,57024,48840,7239770,156684,64792,5865012
2023-10-05,7001379,6505411,396455,0,6286700,714679,0,5135716
2023-10-06,4188459,3543289,589391,0,3543289,645170,0,2567610
2023-10-10,3448027,2621412,732552,0,2433483,1014544,0,1722457
2023-10-11,3641876,3260970,199254,0,3260970,379131,0,2682032
2023-10-12,8256441,8022627,233814,0,7836920,419521,0,5729798
2023-10-13,5203935,4777209,319418,0,4777209,426726,0,4005484
2023-10-16,2599399,2338616,256832,0,2245809,353590,0,1337605
2023-10-17,2502841,1693863,666090,0,1693863,808978,0,871811
2023-10-18,7519052,7160565,294479,0,6942714,576338,113839,6207807
2023-10-19,9611421,8918804,587443,0,8918804,692617,0,6849860
2023-10-20,5937676,5833339,104337,0,5833339,104337,0,4886563
2023-10-23,2522916,2139993,198845,48840,2139993,382923,0,1459436
2023-10-24,3404622,3109349,295273,0,3109349,295273,49280,2376826
2023-10-25,10322534,9804741,236164,0,9616731,705803,0,8140674
2023-10-26,8849455,8367727,444016,0,8143756,705699,0,6645609
2023-10-27,2988978,2305580,591315,48840,2305580,683398,0,1503045
2023-10-30,2600904,2245624,155584,0,2149822,451082,2402,1706414
2023-10-31,3567389,2846662,629755,0,2754754,812635,0,2471398
2023-11-01,8900474,8455713,391587,0,8368175,532299,0,6709414
2023-11-02,6410091,6113399,296692,0,6113399,296692,0,5173377
2023-11-03,3775815,3417821,314808,0,3283166,492649,0,2238767
2023-11-06,2236829,1991901,151536,0,1991901,244928,0,1626979
2023-11-07,4378582,3453359,731799,0,3356535,1022047,0,2416660
2023-11-08,7112370,6731105,330445,0,6731105,381265,0,5573189
2023-11-09,7544970,6791777,604179,0,6624302,920668,0,5619303
2023-11-13,3610519,3120214,387123,0,3120214,490305,0,2255578
2023-11-14,2400072,1567825,636687,0,1474718,925354,0,1101543
2023-11-15,4212281,4108804,0,102797,4108804,103477,0,3421011
2023-11-16,6158809,5722307,338233,0,5468345,690464,0,3902535
2023-11-17,4951893,4277005,511648,103180,4277005,674888,0,3092955
2023-11-20,2511581,1916742,452053,0,1824078,687503,0,1151965
2023-11-21,4245242,3458333,686424,0,3329589,915653,0,2881414
2023-11-22,12726338,12272689,195294,158277,12132579,593759,57132,9202294
2023-11-24,8812032,8206799,403907,103180,8206799,605233,0,6402294
2023-11-25,58573,0,58573,0,0,58573,0,0
2023-11-27,4272204,3695457,576747,0,3695457,576747,0,2994740
2023-11-28,3150370,2313364,582050,54589,1953113,1197257,0,1406644
2023-11-29,5964613,5518973,145730,205990,5518973,445625,0,4764635
2023-11-30,7050808,6347819,443877,55440,6399618,651190,0,5178543
2023-12-01,6021743,5379310,642433,0,5379310,642433,0,3793261
2023-12-04,3851578,3171769,582833,0,2997448,854130,0,2484507
2023-12-05,4379091,3429812,382835,413984,3289403,1089688,0,2913396
2023-12-06,9436354,8825693,140008,218680,8725421,710933,0,7220635
2023-12-07,6955571,6352363,448550,109316,6132247,823324,0,5074585
2023-12-08,3302118,2186526,1063791,0,2238327,1063791,0,1469264
2023-12-11,2606739,1945757,579267,0,1849955,756784,0,845194
2023-12-12,2811844,2087784,674780,0,2042578,769266,0,1659220
2023-12-13,8006804,7251656,278210,426118,7198856,807948,0,5912698
2023-12-14,6781655,6308175,424200,0,6136060,645595,0,5180335
2023-12-15,3799792,3120620,623732,55440,3120620,679172,0,2267417
2023-12-18,2554908,2002374,501732,0,2002374,552534,0,1476846
2023-12-19,4001061,3207634,685627,107800,3020525,980536,0,2436116
2023-12-20,3801128,3302295,135166,217602,3302295,498833,0,2950879
2023-12-21,7283201,6836550,341931,55440,6836550,446651,0,5715159
2023-12-22,5188725,3945676,1076729,166320,3806680,1382045,0,2728347
2023-12-26,3340008,2406729,882459,0,2128673,1211335,28908,1261922
2023-12-27,5718105,5351691,210566,155848,5351691,366414,25566,4594847
2023-12-28,8639631,7854079,316391,317262,7905878,733753,0,6443683
2023-12-29,8316234,7494954,659470,161810,7223912,1092322,0,5673578
2024-01-02,5185289,3660484,1413925,110880,3660484,1524805,0,3008151
2024-01-03,6516102,5961427,405832,47203,5961427,554675,0,4916777
2024-01-04,5100200,4729011,160521,159852,4588307,511893,0,3699760
2024-01-05,7938486,7340189,384677,213620,7340189,598297,0,5588622
2024-01-08,6548273,5703303,635530,110880,5703303,844970,0,4824409
2024-01-09,4058512,2583713,993773,330106,2308038,1750474,0,1493520
2024-01-10,5193124,4767736,320897,52470,4565803,627321,0,3987253
2024-01-11,5234391,4283151,623220,328020,3963944,1270447,0,3209034
2024-01-12,5009394,3764414,856900,388080,3708532,1300862,0,2436319
2024-01-13,47520,47520,0,0,47520,0,0,47520
2024-01-16,2545816,1643874,696022,104280,1643874,901942,0,1218067
2024-01-17,2889541,2575277,256624,57640,2357703,531838,0,1832020
2024-01-18,7831757,7152761,246696,432300,7096879,734878,0,5633591
2024-01-19,5915436,5522938,345040,0,5300544,614892,0,3703042
2024-01-22,4701401,3608403,760358,332640,3515895,1185506,0,2582047
2024-01-23,4048270,2998874,948196,101200,2998874,1049396,0,2311003
2024-01-24,7472269,7179211,293058,0,7179211,293058,0,6386527
2024-01-25,11799602,11217916,424216,105695,11003282,796269,0,8452071
2024-01-26,9392016,8365678,657490,220220,8177971,1214045,0,6753305
2024-01-27,20513,20513,0,0,20513,0,0,0
2024-01-29,3279160,2661337,460743,157080,2661337,617823,0,1776535
2024-01-30,4464433,2918365,1337244,208824,2870467,1593966,0,2339417
2024-01-31,7903218,7385195,192661,221760,7271529,631689,0,6157749
2024-02-01,6287980,4754078,995085,386540,4754078,1533902,0,3617639
2024-02-02,4435022,3135908,1146889,55440,3135908,1299114,0,2080848
2024-02-05,2575360,2050243,327051,149930,1958036,617324,0,1482253
2024-02-06,2839810,1660628,1028108,100254,1612727,1227083,0,937559
2024-02-07,8184763,7130888,417591,590942,6793831,1390932,0,6090428
2024-02-08,6643114,5315136,1005550,168520,5235839,1407275,0,4392967
2024-02-09,4763468,3364866,1145882,201960,3364866,1398602,0,1974732
2024-02-12,2310267,1976653,235267,97240,1864889,445378,0,1443207
2024-02-13,3209140,1844084,946681,314385,1751878,1457262,0,1101595
2024-02-14,7353145,6170598,305939,777557,6122697,1230448,0,5236869
2024-02-15,6178155,4776438,979097,371818,4776438,1401717,0,3967496
2024-02-16,4232337,3551824,365407,259105,3551824,680513,0,1954480
2024-02-19,214568,214568,0,0,214568,0,0,214568
2024-02-20,3733915,2272419,1242973,145090,1966366,1767464,0,1270115
2024-02-21,3678555,2992492,263428,422635,2899982,778573,0,1947589
2024-02-22,8983660,7757092,855428,320320,7728459,1255201,0,6030855
2024-02-23,7116980,6104048,785186,216370,5797995,1318985,0,4716742
2024-02-26,2979252,2284627,500312,194313,2284627,694625,0,1625796
2024-02-27,3658667,2204304,1303883,150480,2204304,1454363,0,1195267
2024-02-28,7691307,7286299,48897,356111,7286299,405008,107639,6714435
2024-02-29,9162237,7700005,1084008,327404,7476320,1685917,0,5842809
2024-03-01,8060439,7403967,552192,104280,7182599,877840,0,5976229
2024-03-04,3107718,2183273,680355,244090,2183273,924445,0,1817580
2024-03-05,3688813,2051184,1207778,379324,2051184,1637585,0,1444741
2024-03-06,7559309,6966532,379157,213620,6778579,780730,0,5732562
2024-03-07,7159930,5903100,1041230,164780,5858194,1301736,0,4752531
2024-03-08,2784860,2429843,307497,47520,2429843,355017,0,1174477
2024-03-09,43773,43773,0,0,43773,0,0,43773
2024-03-11,2151990,1694421,205559,252010,1509093,642897,0,1183885
2024-03-12,3825609,2047080,1319841,329208,2047080,1778528,0,1282958
2024-03-13,6999159,5430588,1021338,529030,5163649,1835510,0,4255676
2024-03-14,7696406,6433096,1160350,102960,6433096,1263310,0,5034568
2024-03-15,3387321,2265293,932087,158087,2173384,1213937,0,1289801
2024-03-18,2531773,1937746,289173,254034,1752418,779355,0,1022274
2024-03-19,3977050,2779728,893924,303398,2779728,1197322,0,2135164
2024-03-20,9017366,8297616,129754,535392,8025183,992183,0,6593712
2024-03-21,7136216,6163604,747974,217470,6163604,972612,0,5065807
2024-03-22,3304759,2377606,671953,205920,2284804,1019955,0,1401231
2024-03-25,2680307,2002483,474698,201960,1909819,770488,0,1279096
2024-03-26,3307218,2045005,890368,321025,2045005,1262213,0,1380929
2024-03-27,9970350,8629439,1086952,253959,8493006,1477344,0,7517706
2024-03-28,6863734,5928870,673504,261360,5928870,934864,0,4635860
2024-03-29,3997547,3630792,269185,97570,3445464,552083,0,2350460
2024-04-01,4119087,3560852,266427,291808,3560852,558235,0,2691307
2024-04-02,4870233,3640840,976171,253222,3640840,1229393,0,2513967
2024-04-03,9758624,8991578,288000,479046,8850729,907895,170584,7636232
2024-04-04,7590910,6741169,627981,221760,6741169,849741,168060,5577092
2024-04-05,4624038,4368842,255196,0,4095976,528062,0,2581769
2024-04-08,4170553,3225427,792116,153010,3225427,945126,0,2458548
2024-04-09,3102389,2004369,785426,312541,1863066,1239323,0,1390267
2024-04-10,7181113,6468483,336327,376303,6468483,712630,0,5080898
2024-04-11,5571883,4121568,1181550,268765,4121568,1450315,0,3012669
2024-04-12,2553444,1965740,445144,142560,1785538,767906,0,975100
2024-04-13,50283,50283,0,0,50283,0,0,50283
2024-04-15,2518131,1785660,437781,245410,1785660,732471,0,1300121
2024-04-16,2480507,1976844,340423,163240,1884409,596098,0,940077
2024-04-17,8860551,8049199,330510,480278,8001298,859253,0,7034607
2024-04-18,5764280,5409189,260852,55440,5409189,355091,0,4404304
2024-04-19,4068848,3339823,367814,361211,2930381,1138467,0,1645960
2024-04-22,2096212,1950662,44020,101530,1950662,145550,0,1271772
2024-04-23,3380625,2586581,581601,212443,2586581,794044,0,1874601
2024-04-24,10257322,9390321,671542,195459,9342720,914602,0,8322007
2024-04-25,5640547,5167468,257409,215670,4980574,659973,0,3723517
2024-04-26,4810350,3412332,920288,477730,3278462,1531888,0,1997558
2024-04-29,3067199,2924903,49896,92400,2785907,281292,0,2310117
2024-04-30,3025332,2348846,676486,0,2208141,817191,0,1486813
2024-05-01,9243396,8323839,613537,306020,8323839,919557,0,7365722
2024-05-02,7423427,6701680,348363,373384,6665600,757827,96483,5322080
2024-05-03,4148045,3610259,442746,95040,3610259,537786,0,3138071
2024-05-06,3358396,2282534,605062,470800,2097228,1261168,0,1102459
2024-05-07,3172275,2380456,688859,102960,2380456,791819,0,1877244
2024-05-08,13472797,13008956,204186,259655,12640232,832565,142044,10892611
2024-05-09,8182877,7446348,296093,440436,7400016,782861,148702,6596277
2024-05-10,4943820,4785473,158347,0,4785473,158347,0,3467453
2024-05-13,3210224,2876943,145841,187440,2733844,476380,0,1897054
2024-05-14,4823300,4038609,681731,102960,3660398,1162902,0,2833131
2024-05-15,9428114,8210941,743451,473722,8166035,1262079,0,7035436
2024-05-16,10328948,9883005,336207,109736,9883005,445943,0,8449623
2024-05-17,5151616,3516088,1307675,327853,3516088,1635528,0,2618036
2024-05-20,3435098,3197568,237530,0,3197568,237530,53907,1865888
2024-05-21,3002860,2587511,391589,23760,2539912,462948,0,2002762
2024-05-22,10398577,9394421,948914,55242,9153242,1245335,0,7971907
2024-05-23,6501302,5943987,499939,57376,5943987,557315,0,4988935
2024-05-24,3088777,2656216,432561,0,2656216,432561,0,1534787
2024-05-28,3754656,2706992,740817,253000,2429000,1325656,0,1749447
2024-05-29,4789762,4549504,240258,0,4357121,432641,0,3629228
2024-05-30,10153467,8373068,1014136,766263,8325165,1828302,0,6841928
2024-05-31,6286137,5595088,144582,546467,5595088,691049,0,4549969
2024-06-03,3393014,3047487,290087,55440,2723163,669851,0,1947881
2024-06-04,2637068,2012283,538417,51480,2012283,624785,0,1669620
2024-06-05,7634458,7420618,0,213840,7173499,460959,0,5821524
2024-06-06,12761214,11553259,819681,388274,11553259,1207955,0,9462023
2024-06-07,7557422,7150160,353362,53900,7150160,407262,145370,5816635
2024-06-08,104181,104181,0,0,104181,0,0,0
2024-06-10,2898584,2605791,198585,94208,2133753,764831,0,1533335
2024-06-11,4961889,4260732,701157,0,4212831,749058,0,3539658
2024-06-12,10973379,10068783,749074,107800,10023877,949502,0,8542208
2024-06-13,8911846,7987417,600422,273187,7987417,924429,0,6761450
2024-06-14,3936828,3473597,463231,0,3473597,463231,0,2326426
2024-06-17,3162437,2868342,293893,0,2544018,618419,0,1655193
2024-06-18,5153952,4233711,920241,0,4045978,1107974,0,3437846
2024-06-20,11290521,10044367,1082120,164034,10044367,1246154,0,8834709
2024-06-21,7749488,7260129,388181,55440,6935805,813683,0,5467165
2024-06-24,3113125,2910896,202229,0,2910896,202229,0,2287854
2024-06-25,4104262,3124192,781599,175719,3031684,1072578,0,2088226
2024-06-26,9085986,8626781,408000,51205,8436302,649684,0,7469194
2024-06-27,11597669,10312088,1176221,109360,10312088,1285581,0,8323364
2024-06-28,8238122,7755230,482892,0,7477238,760884,0,5739963
2024-07-01,5026467,4167926,858541,0,4167926,858541,0,3288677
2024-07-02,5341708,3976675,1252217,112816,3740767,1600941,199175,2672820
2024-07-03,11555861,10562623,937798,55440,10562623,993238,0,9459313
2024-07-04,87912,87912,0,0,87912,0,0,87912
2024-07-05,7715910,7304413,411497,0,6980089,735821,0,5599647
2024-07-06,256793,256793,0,0,256793,0,0,0
2024-07-08,3081140,2181691,899449,0,2181691,899449,0,2006540
2024-07-09,4635273,3281732,1353541,0,3281732,1353541,0,1973269
2024-07-10,8191509,7830709,360800,0,7739700,451809,0,7039346
2024-07-11,12965762,12073607,840380,0,12077481,888281,254201,10121084
2024-07-12,9801751,9317940,432991,0,8991555,810196,0,7157806
2024-07-13,230560,178200,52360,0,178200,52360,0,178200
2024-07-14,55000,0,55000,0,0,55000,0,0
2024-07-15,4769526,3831049,938477,0,3831049,938477,0,3086358
2024-07-16,6549446,5094599,1402949,0,5040699,1508747,160865,4233440
2024-07-17,15120282,13695779,1265685,158818,13507771,1612511,0,11938013
2024-07-18,8703817,7988157,654779,0,7940967,762850,0,6500889
2024-07-19,4344078,3700470,592788,0,3700470,643608,0,2553976
2024-07-22,3015050,2866902,147341,0,2679000,336050,7829,2094167
2024-07-23,5416953,4473353,892780,0,4324252,1092701,0,3271774
2024-07-24,10194429,9127607,854351,212471,9035099,1159330,0,8002492
2024-07-25,6183747,5044349,1088578,0,5044349,1139398,0,4344262
2024-07-26,3722535,3040396,681141,0,2992495,729042,0,1875982
2024-07-29,2987397,2558393,392917,0,2278043,709354,0,1861135
2024-07-30,4462422,3543894,860096,55440,3436094,1026328,0,2202817
2024-07-31,10507571,9570228,937343,0,9241626,1265945,0,8272019
2024-08-01,8923943,7886937,1036886,0,7886937,1036886,188788,6942911
2024-08-02,3846305,3055663,739822,0,2955259,891046,0,2083085
2024-08-04,52360,0,52360,0,0,52360,0,0
2024-08-05,2808892,2537473,217519,53900,2395431,413461,0,1527217
2024-08-06,3406891,2743963,662928,0,2699954,706937,0,2295618
2024-08-07,8699850,7774389,781374,110220,7586135,1113715,0,6393184
2024-08-08,5250636,4854411,382721,0,4854411,396225,112952,3971576
2024-08-09,3199983,2819483,379484,0,2819483,380500,0,1569792
2024-08-12,2933511,2382717,550794,0,2335276,598235,0,1477265
2024-08-13,4597345,3632861,910756,53728,3632861,964484,0,2602882
2024-08-14,10434030,9561315,767720,55440,9610870,823160,0,8628362
2024-08-15,8879082,8183042,688272,0,7995931,883151,113742,6949818
2024-08-16,3863713,3453871,399828,0,3453871,409842,0,2135916
2024-08-19,3790462,3215250,575212,0,3033354,753610,0,2584365
2024-08-20,5636792,4893636,743156,0,4710429,926363,0,3884579
2024-08-21,12442749,11546638,846556,0,11596193,846556,272327,10610602
2024-08-22,9766467,9046346,618481,0,9046346,720121,92422,7377895
2024-08-23,5382365,4503047,877391,0,4316064,1066301,104014,3196139
2024-08-26,3130897,2753036,377861,0,2753036,377861,0,2172928
2024-08-27,5567172,4712562,842184,0,4712562,854610,0,3672535
2024-08-28,11213373,10003492,1102132,0,9816383,1396990,0,9034851
2024-08-29,8785392,7703473,885868,0,7742237,1043155,0,6360017
2024-08-30,3815396,2988841,824628,0,2803297,1012099,0,2032941
2024-09-01,102564,0,102564,0,0,102564,0,0
2024-09-03,3543975,2116729,1381880,0,2116729,1427246,0,1391632
2024-09-04,4683829,4461152,162910,0,4321942,361887,0,3904774
2024-09-05,8807098,7868018,879493,54410,7868018,939080,0,6847948
2024-09-06,6429388,6038662,351962,0,6077426,351962,0,4491842
2024-09-09,4282107,3251666,872952,0,3251666,1030441,0,2142470
2024-09-10,2892858,1891538,1000062,0,1752542,1140316,0,1313109
2024-09-11,8072043,7309648,563999,0,7122238,949805,0,6120903
2024-09-12,10044918,8468770,1421195,53900,8468770,1576148,0,7075783
2024-09-13,6806521,5991670,686298,0,5991670,814851,118756,4419711
2024-09-15,58960,0,58960,0,0,58960,0,0
2024-09-16,2702680,2037959,455624,0,1984059,718621,0,1705116
2024-09-17,4227181,3213934,949744,0,3080927,1129147,0,2574822
2024-09-18,11132753,9745182,1387571,0,9698179,1434574,0,8125037
2024-09-19,7772367,7068039,564511,0,6875143,874551,0,5748843
2024-09-20,4876413,3734991,1086378,0,3734991,1141422,0,2278141
2024-09-21,55480,55480,0,0,55480,0,0,0
2024-09-23,2932928,2556359,322062,0,2556359,376569,0,2124041
2024-09-24,3003952,1646080,1166398,0,1690458,1313494,46688,1494068
2024-09-25,11422825,10914039,446924,53900,10820959,601866,0,9443802
2024-09-26,8210767,7354752,550043,0,7123022,1043459,0,6056189
2024-09-27,3602457,3012980,483152,0,3051744,550713,0,2173000
2024-09-30,3753119,3092081,529036,0,3092081,661038,9018,2352471
2024-10-01,4219272,3017100,820357,162558,3017100,1201932,0,2632959
2024-10-02,12225058,11478045,638017,51638,11385537,833192,0,9554139
2024-10-03,7974776,6824575,867492,53900,6861015,1110320,232472,5980937
2024-10-04,6065620,4520039,1477404,0,4334711,1730909,46937,3112933
2024-10-05,42768,42768,0,0,42768,0,0,42768
2024-10-06,52360,0,52360,0,0,52360,0,0
2024-10-07,3770074,2314333,1142718,108790,2314333,1455741,36666,1678867
2024-10-08,5534733,4451607,834907,53737,4451607,1083102,0,3795070
2024-10-09,12117151,11331650,341660,215408,11052550,1064601,0,9794618
2024-10-10,7537074,6562078,819277,0,6600842,936232,0,5965847
2024-10-11,4226503,3670937,399694,0,3529103,697400,0,2120852
2024-10-12,129158,129158,0,0,129158,0,42689,129158
2024-10-14,50204,0,50204,0,0,50204,0,0
2024-10-15,2506824,1821001,523822,51876,1775795,731029,0,1071846
2024-10-16,3873229,3632039,145785,0,3632039,241190,0,2946255
2024-10-17,9506970,8986583,374763,55739,9069725,437245,302124,7324852
2024-10-18,6786212,6194964,229652,165176,6094732,691480,0,4421106
2024-10-21,4041711,3728528,201857,0,3728528,313183,0,2820773
2024-10-22,2842503,2163368,618727,52470,2163368,679135,0,1847271
2024-10-23,9439609,8371596,955324,0,8371596,1068013,0,7843229
2024-10-24,14203166,13365660,448453,164824,13174920,1028246,0,10913937
2024-10-25,9190321,8629951,352339,0,8582050,608271,0,6699396
2024-10-26,52360,0,52360,0,0,52360,0,0
2024-10-28,2576902,2423736,98177,51876,2423736,153166,0,2002257
2024-10-29,3871247,3150695,496269,0,3150695,720552,0,2072846
2024-10-30,10483645,9906059,409541,168045,9906059,577586,0,8494694
2024-10-31,7593912,7026321,498517,0,6840993,752919,48695,5783612
2024-11-01,4039845,3307825,628633,0,3307825,732020,0,2127220
2024-11-02,43560,43560,0,0,43560,0,0,43560
2024-11-04,2311441,2164327,143121,0,2164327,147114,0,1473091
2024-11-05,2862583,2418452,336919,0,2233124,629459,0,1333676
2024-11-06,12738233,12490121,72778,114752,12349492,388741,0,11449118
2024-11-07,8272891,8093650,173882,0,8045749,226579,140235,7015496
2024-11-08,5393467,4884517,408226,0,4884517,508950,0,3999289
2024-11-09,84885,84885,0,0,84885,0,0,84885
2024-11-11,563762,563762,0,0,563762,0,348,127354
2024-11-12,2957405,2705611,193221,58573,2705611,251794,0,2057691
2024-11-13,5091433,4601037,433764,0,4554705,536728,0,3987828
2024-11-14,10014852,9253672,653417,58573,9161164,853688,0,7463847
2024-11-15,7004329,6835938,162766,0,6556978,447351,0,5381077
2024-11-16,42442,42442,0,0,42442,0,0,42442
2024-11-18,3603471,2763470,744888,0,2621266,982205,0,1556532
2024-11-19,3183425,2731095,442338,0,2731095,452330,0,2333259
2024-11-20,7310426,7062319,248107,0,7015987,294439,0,6559879
2024-11-21,12022783,10979840,833191,58573,11030136,992084,0,9260482
2024-11-22,7137277,6629535,443737,0,6442638,694639,0,5517283
2024-11-25,2991008,2602543,320238,0,2602543,388465,0,2394187
2024-11-26,4013799,3667594,290765,55440,3430856,582943,0,2990107
2024-11-27,10558818,10338418,184285,0,10290517,268301,269638,8250632
2024-11-29,4821332,4778722,42610,0,4778722,42610,0,3907793
2024-12-02,2993090,2202408,685742,55440,2202408,790682,0,1344057
2024-12-03,3797975,3146323,649685,0,3053659,744316,0,2447926
2024-12-04,6561313,6365006,148959,0,6226166,335147,0,5491882
2024-12-05,8510488,8157948,299568,49830,8157948,352540,0,7169325
2024-12-06,6870719,6436653,434066,0,6340851,529868,0,5287148
2024-12-09,3226923,2730016,496907,0,2683684,543239,0,2529710
2024-12-10,6715529,5808936,806273,55440,5808936,906593,0,4577242
2024-12-11,12809403,12256084,443066,110253,12207574,601829,0,11173862
2024-12-12,9500374,8754297,740955,0,8523092,977282,0,7669610
2024-12-13,4107870,3740197,358347,0,3740197,367673,3412,3023897
2024-12-16,2974806,2669380,255486,0,2669380,305426,56496,1883323
2024-12-17,4311118,3668777,642341,0,3574175,736943,30649,3139692
2024-12-18,8193215,7833690,202062,101002,7737889,455326,166049,7025567
2024-12-19,9212814,8109638,971405,24739,8112069,1100745,208399,7074680
2024-12-20,3968153,2711520,1203545,0,2711520,1256633,4079,1766266
2024-12-23,2661789,2509512,97339,0,2368947,292842,27991,1903450
2024-12-24,3772996,3006597,662889,103510,2962289,810707,70821,2615466
2024-12-25,50204,0,50204,0,0,50204,0,0
2024-12-26,9840051,8638587,991771,107800,8638587,1201464,199314,7318429
2024-12-27,5548268,5203744,240867,56320,5251081,297187,128502,4215081
2024-12-30,3146851,2683722,463129,0,2587921,558930,91124,1716459
2024-12-31,3243022,2571415,608183,0,2571415,671607,15363,1897582
2025-01-02,9041417,7726861,1221606,48070,7726861,1314556,91934,7285651
2025-01-03,7813390,7167601,546635,99154,7074495,738895,207253,6015914
2025-01-04,1330956,1330956,0,0,1330956,0,0,1249697
2025-01-05,511122,511122,0,0,511122,0,0,511122
2025-01-06,7082126,6691416,337928,0,6692421,389705,91194,6074228
2025-01-07,5136077,4386121,605858,95590,4386121,749956,119376,3264350
2025-01-08,9035508,7830297,1100104,55440,7830297,1205211,151824,7168751
2025-01-09,6653920,5074750,1432034,102256,5074750,1579170,171461,4733013
2025-01-10,7524598,6482074,989881,0,6196885,1327713,117416,4458628
2025-01-13,3204226,3003366,49280,151580,3003366,200860,29527,2300092
2025-01-14,4349473,3273023,857374,219076,3273023,1076450,33185,2707677
2025-01-15,8562585,7293883,900422,368280,7199281,1363304,225427,6780795
2025-01-16,6793554,5402246,1128655,166221,5407161,1386393,90778,4362635
2025-01-17,4591850,4140343,451507,0,4140343,451507,46797,2807466
2025-01-20,1608,1608,0,0,1608,0,0,0
2025-01-21,4885944,3806943,908736,170265,3806943,1079001,186222,2604331
2025-01-22,9117425,8109618,641923,267916,8109618,1007807,216122,7202890
2025-01-23,11683173,10330376,1080118,165200,10383629,1299544,217936,9215340
2025-01-24,9381842,8759067,511842,110933,8759067,622775,191548,7348163
2025-01-27,4775100,4124299,537123,110880,4124299,650801,173305,3582030
2025-01-28,4418889,3685888,626908,106093,3685888,733001,58830,3181363
2025-01-29,8637906,7510481,621216,317812,7510481,1127425,156759,6371107
2025-01-30,8886329,6732559,1517785,492972,6785812,2100517,231000,5458858
2025-01-31,6943467,5310495,1512056,111760,5025868,1917599,181185,4160696
2025-02-03,4314924,3774309,313962,226653,3774309,540615,97687,2709457
2025-02-04,3398129,1703718,1375719,318692,1703718,1694411,25339,1509423
2025-02-05,7464821,6364167,640341,324324,6410396,1054425,252319,5877754
2025-02-06,6309561,5815949,239895,59884,5816690,492871,132623,4657405
2025-02-07,3919435,2991136,730299,198000,2991136,928299,60406,2308640
2025-02-08,107492,107492,0,0,107492,0,5005,0
2025-02-10,4192267,2229587,1491424,436927,2229587,1962680,51207,1647173
2025-02-11,5902937,3962020,1363307,532730,3962020,1940917,53235,3363547
2025-02-12,10689101,9123983,1132423,432661,9124017,1565084,315336,7993345
2025-02-13,8516686,6798306,1399437,318943,6750786,1765900,119973,6020725
2025-02-14,4461300,3317744,584894,421936,3364710,1096590,116178,2759288
2025-02-15,166320,0,0,166320,0,166320,0,0
2025-02-18,4366790,3034182,1110030,220440,3034182,1332608,22583,2067423
2025-02-19,5412247,4534347,822460,55440,4534347,877900,185051,4119788
2025-02-20,9332438,8001042,1168156,163240,8001042,1331396,197983,6867606
2025-02-21,5359058,4263046,802479,293533,4075036,1284022,51533,3457237
2025-02-24,2977093,1851973,777230,214740,1851973,1125120,54164,1313116
2025-02-25,4491438,3276787,744964,424807,3276787,1214651,26609,2479874
2025-02-26,8007786,5868143,1507776,577984,5916220,2091566,230299,4943648
2025-02-27,10082639,7649976,1177324,1250550,7649976,2432663,172605,6932407
2025-02-28,8012064,5795328,1322423,894313,5751020,2261044,177441,4524854
2025-03-01,85536,85536,0,0,85536,0,0,85536
2025-03-02,177900,177900,0,0,177900,0,0,94780
2025-03-03,3773913,2846234,512213,415466,2702532,1071381,127600,1924902
2025-03-04,3776041,2473625,671805,604068,2473625,1302416,94624,1827461
2025-03-05,8084840,6293878,1278813,439329,6293878,1790962,124574,5750627
2025-03-06,6545730,5380455,482797,634401,5428532,1117198,216995,4849098
2025-03-07,3145101,2379602,710059,55440,2379602,765499,32131,1847833
2025-03-10,2345437,1420115,439991,485331,1420115,925322,25460,1182526
2025-03-11,4682765,2856997,1458592,367136,2764190,1918535,84330,1670720
2025-03-12,7484549,5813159,1423670,157960,5813159,1671390,157065,5151247
2025-03-13,8624330,7142959,1019934,460513,7142959,1481371,169281,5957775
2025-03-14,3155003,2346954,490708,317341,2346954,808016,480,1764022
2025-03-17,2836724,1565693,1063738,207293,1565693,1271031,7260,1272975
2025-03-18,4262501,2505877,1408971,330211,2505877,1756624,82805,1900482
2025-03-19,9040592,7490879,1181563,323270,7397474,1643118,394110,6457865
2025-03-20,7042838,6459970,150788,432080,6459970,582868,146949,5720539
2025-03-21,3077153,2579651,406422,91080,2579651,497502,3731,2080306
2025-03-23,50204,0,50204,0,0,50204,0,0
2025-03-24,3733612,1353223,1619559,760830,1353223,2380389,87663,1157386
2025-03-25,5480509,3522005,1645160,264660,3479072,2001437,211969,2808105
2025-03-26,9603700,7718088,1490901,394711,7718088,1885612,320509,6754345
2025-03-27,6993499,5741142,1106057,146300,5645341,1348158,151202,5294916
2025-03-28,4689085,3978973,624855,58408,3978973,710112,17398,2963479
2025-03-31,4927720,3745837,815825,333067,3745837,1181883,134015,3358038
2025-04-01,4127460,2864998,814260,448202,2864998,1262462,57922,2184908
2025-04-02,8445872,7676411,335775,433686,7676411,769461,134136,6875490
2025-04-03,7324630,6185088,1032613,103840,6185088,1136453,81635,5297714
2025-04-04,5083883,4083218,898732,53856,3994479,1089404,193907,3161906
2025-04-07,3213787,2603274,403220,207293,2459572,754215,60454,1912304
2025-04-08,4123586,2889877,805677,428032,2794074,1329512,1199,2591322
2025-04-09,9322922,7880569,831846,610507,7880569,1442353,194969,6693699
2025-04-10,7763826,6472169,1291657,0,6472169,1291657,66035,5266961
2025-04-11,4692337,3439885,843230,364844,3484263,1208074,123578,2670595
2025-04-14,2478058,1519120,858618,100320,1519120,958938,182233,1140709
2025-04-15,4765331,2465666,1737741,561924,2465666,2299665,149668,2117003
2025-04-16,8362917,6755799,948211,658907,6755799,1607118,108970,5868639
2025-04-17,4989982,4364619,280403,336323,4364619,625363,106797,3999716
2025-04-18,2859354,2227402,468712,163240,2227402,631952,13296,1271369
2025-04-19,47520,0,0,47520,0,47520,0,0
2025-04-21,1970299,1615124,260135,95040,1615124,355175,4679,971797
2025-04-22,3339259,2233027,951936,154296,2233027,1106232,14901,1952425
2025-04-23,8623644,7509542,728935,336112,7467578,1156066,246704,6239795
2025-04-24,5140871,4888953,198062,53856,4794949,345922,0,4480292
2025-04-25,4907059,4171058,637045,98956,4171058,736001,58473,3389358
2025-04-28,4176198,3344481,648215,146520,3089393,1086805,87206,2328396
2025-04-29,2908098,2460750,290470,156878,2460750,447348,64504,2160477
2025-04-30,8126378,7437167,295044,394167,7437167,689211,51953,6623712
2025-05-01,6648991,5426741,793299,428766,5426741,1222250,20889,4151414
2025-05-02,4122599,3546626,433857,47520,3546626,575973,22541,1983240
2025-05-05,2284394,1468818,674842,140734,1423311,861083,21162,1202653
2025-05-06,4241278,3520143,441345,278716,3520143,721135,23731,2983145
2025-05-07,10743171,9824421,458717,443469,9824421,918750,173646,8288668
2025-05-08,8418420,8063133,250941,104346,8063133,355287,113474,7024597
2025-05-09,5461549,4819500,594529,47520,4819500,642049,24797,3803175
2025-05-11,237736,237736,0,0,237736,0,0,0
2025-05-12,2356167,1686832,474140,150817,1638465,717702,44378,1578831
2025-05-13,4072579,3423023,535860,113696,3375122,697457,19739,2216729
2025-05-14,10898280,9674348,844931,379001,9674348,1223932,372338,8721463
2025-05-15,7363238,6898749,416969,47520,6898749,464489,47293,6083821
2025-05-16,5847961,4726911,959335,160369,4726911,1120839,63028,3428179
2025-05-18,80553,80553,0,0,80553,0,0,0
2025-05-19,3662726,2707974,749659,155813,2614254,1048472,63096,2416414
2025-05-20,4034332,2802858,806524,375690,2794905,1239427,41921,2312135
2025-05-21,10056383,8643384,883402,529595,8599373,1457010,289300,7248845
2025-05-22,8262112,7458626,535935,227610,7498567,763545,177408,6202264
2025-05-23,6398131,4084585,2108682,154845,4084585,2313546,27683,2948324
2025-05-27,3531044,2231354,1250135,49555,2231354,1299690,32230,1826491
2025-05-28,5178187,4255365,436497,374836,4211952,966235,150262,3520708
2025-05-29,8505567,6723415,1196101,536868,6723415,1782152,163119,5624770
2025-05-30,7058339,6535764,352559,170016,6535764,522575,84975,5237799
2025-05-31,798800,750752,48048,0,750752,48048,48162,750752
2025-06-02,3674306,2769291,781938,98010,2769291,905015,21967,1829886
2025-06-03,3596091,1743178,1757107,55440,1783119,1812547,104227,1337505
2025-06-04,9413004,8855067,264409,242708,8620851,792153,206866,8412007
2025-06-05,12890399,10714831,1352343,640900,10754275,2136124,129083,8721686
2025-06-06,9105104,8663564,382967,58573,8663564,441540,129212,7469222
2025-06-07,235580,235580,0,0,235580,0,0,235580
2025-06-09,3945487,2977799,787290,151578,2838288,1107199,3784,1904720
2025-06-10,6027341,5121166,850559,55616,5121166,906175,52422,3847600
2025-06-11,11806799,10161598,1393147,213585,10161598,1645201,379431,8888746
2025-06-12,8579067,7745680,736521,56320,7737718,841349,63827,6735568
2025-06-13,4841718,4211737,629981,0,4211737,629981,29542,3534603
2025-06-15,81110,81110,0,0,81110,0,0,81110
2025-06-16,3401256,2099835,1107766,142560,2008524,1392457,56953,1417041
2025-06-17,422779,178067,189272,55440,178067,244712,38702,76203
2025-06-18,12554685,11023283,1150096,269205,10975763,1578922,329065,9826271
2025-06-19,64665,64665,0,0,64665,0,0,64665
2025-06-20,9912956,9044823,668967,108416,9084764,828192,117309,7408804
2025-06-23,3372414,2340428,1030730,0,2340428,1031986,41408,1749581
2025-06-24,2768800,1715921,884216,105072,1715921,1052879,90338,1466270
2025-06-25,7920486,7117866,755100,47520,7069965,850521,196727,6215324
2025-06-26,8326572,7683002,498856,55440,7635101,691471,81699,6347100
2025-06-27,8494960,7740647,551165,163207,7780588,714372,130031,6448451
2025-06-30,4782933,3290683,1430783,0,3246076,1536857,83934,2904852
2025-07-01,4592982,3653292,899749,0,3600127,992855,63356,2849296
2025-07-02,10993701,9907730,1038451,47520,9907730,1084809,179733,9125874
2025-07-03,6251845,5797626,392851,57376,5797626,454219,107499,5248753
2025-07-04,876715,876715,0,0,876715,0,27328,876715
2025-07-05,105228,105228,0,0,105228,0,0,0
2025-07-07,4614082,3529533,1043592,0,3569474,1044608,91643,2408096
2025-07-08,4186919,3591416,445023,150480,3488867,698052,15173,3208464
2025-07-09,9428748,8611894,699697,0,8651835,776913,71522,7787774
2025-07-10,13521552,12729325,753758,0,12639466,882086,233484,10660132
2025-07-11,9524085,9017089,415098,47520,9061467,462618,113053,7929871
2025-07-14,4388289,3444528,832498,55440,3444528,943761,53810,2954359
2025-07-15,5695137,5160979,534158,0,5160979,534158,78045,4265746
2025-07-16,14829468,13810291,888810,47520,13569754,1259714,241733,12364462
2025-07-17,10029049,9692247,329049,0,9692247,336802,199357,8333069
2025-07-18,5338661,4425113,818271,0,4469491,869170,124476,3952007
2025-07-21,5585066,5043787,541279,0,4903748,681318,22983,3654639
2025-07-22,4072739,3794375,203267,55000,3651742,420997,12492,2919713
2025-07-23,11139505,10145337,807549,103772,10141814,997691,382765,8822610
2025-07-24,9258890,8680570,480326,0,8727905,530985,97007,7648186
2025-07-25,5942994,5210841,730089,0,5210841,732153,65402,4312433
2025-07-28,3808295,3052215,739556,0,2818170,990125,25405,1852947
2025-07-29,4583209,4381804,154070,0,4288574,294635,147540,3756020
2025-07-30,11519787,10524807,994980,0,10524807,994980,165607,9396161
2025-07-31,8632651,8479128,103596,0,8529055,103596,211810,7651526
2025-08-01,5603765,5036906,565332,0,4944242,659523,13414,3786516
2025-08-02,85536,85536,0,0,85536,0,0,85536
2025-08-04,3264304,2465515,798789,0,2324950,939354,47920,1811714
2025-08-05,4520427,4125041,306990,0,3937566,582861,101897,3135776
2025-08-06,11391470,10944008,447462,0,10944008,447462,115251,9965846
2025-08-07,8803521,8657645,99231,0,8654871,148650,124340,7733621
2025-08-08,5419705,4589216,830401,0,4589216,830489,52895,3463555
2025-08-11,3115158,2711456,403702,0,2434296,680862,56639,1831639
2025-08-12,4783506,4516521,228516,0,4472268,311238,52474,3627818
2025-08-13,10832224,10476555,272822,0,10473035,359189,159431,9057560
2025-08-14,9085846,8677225,313570,0,8721603,364243,228780,7781045
2025-08-15,4185045,3546475,636535,0,3546475,638570,23082,2459383
2025-08-16,321182,321182,0,0,321182,0,0,321182
2025-08-18,2885151,2441554,441934,0,2441554,443597,26087,1934926
2025-08-19,4281734,4026851,243509,0,3657218,624516,109883,3100858
2025-08-20,12906053,12041735,685934,0,12086113,819940,85083,10756897
2025-08-21,8997106,8694479,248639,0,8738857,258249,188451,7741188
2025-08-22,5415514,4806936,606574,0,4806936,608578,65813,3416952
2025-08-25,3659259,2836660,771036,0,2743996,915263,37037,2292547
2025-08-26,5264644,4767032,497612,0,4720700,543944,54060,4173624
2025-08-27,13607591,12424644,998136,0,12278355,1329236,275576,11282535
2025-08-28,12956497,12133737,562665,0,12213766,742731,77565,11245933
2025-08-29,5572054,4729234,838750,0,4729234,842820,10390,3204283
2025-08-30,44000,44000,0,0,44000,0,0,44000
2025-09-02,4078924,3445771,622886,0,3263501,815423,2816,2880285
2025-09-03,7474299,7175566,298733,0,7175566,298733,95001,6515637
2025-09-04,11727036,10766915,790539,0,10846207,880829,175584,9577955
2025-09-05,10118564,9480370,249335,55440,9504262,614302,66180,7536195
2025-09-08,4469077,3462401,892505,0,3462401,1006676,12118,2910429
2025-09-09,3678625,2828582,781725,0,2729685,948940,30664,2195408
2025-09-10,6104008,5386564,457296,0,5200726,903282,48609,4293789
2025-09-11,11124288,10025644,818879,0,10195044,929244,207442,9008443
2025-09-12,7810535,7006393,602809,0,6960061,850474,54890,6112436
2025-09-13,92902,92902,0,0,92902,0,0,92902
2025-09-15,7948417,7174100,720529,0,7127768,820649,97761,6374415
2025-09-16,4945343,4403282,400339,56320,4355696,589647,17136,3812969
2025-09-17,13980281,13184881,553168,50640,13180250,800031,247525,11600696
2025-09-18,9076558,8416781,496817,0,8496812,579746,133546,7830324
2025-09-19,5607301,4400254,1203800,0,4400254,1203800,15541,2949455
2025-09-22,3480989,3102631,201450,56320,3102631,378358,9271,2722906
2025-09-23,4705516,4196343,458514,0,4150836,554680,72309,3456501
2025-09-24,12387754,11796278,456403,0,11602161,785593,204387,10441577
2025-09-25,9638212,8962308,495909,49104,8952885,685327,148650,8069499
2025-09-26,3951852,3449805,423617,0,3449805,502047,8950,2603124
2025-09-29,2926173,2583498,338277,0,2491960,433997,7112,2025632
2025-09-30,5437218,4994797,442421,0,4853865,583353,48629,4466524
2025-10-01,14053426,13162670,704933,0,13116338,932723,213101,11238842
2025-10-02,10292498,9982992,160543,50213,10031069,261429,56375,9000953
2025-10-03,3372152,2829706,498045,0,2781805,590347,18277,1899357
2025-10-04,77876,77876,0,0,77876,0,0,0
2025-10-05,55616,0,55616,0,0,55616,0,0
2025-10-06,3805626,3419669,384105,0,3327232,478284,25984,2839266
2025-10-07,4912339,4616494,260605,0,4427961,484378,40918,3702401
2025-10-08,10646637,9922938,583225,0,9922938,723699,138347,9010415
2025-10-09,9400515,8881957,262330,106832,8930034,470481,217698,8044709
2025-10-10,4330140,3859294,411631,55440,3859294,470846,11146,3069709
2025-10-13,266682,266682,0,0,266682,0,350,0
2025-10-14,3139714,2842784,252050,0,2651278,488436,1505,1897320
2025-10-15,5188677,5003585,140076,0,4909652,279025,22704,4348861
2025-10-16,7690900,7307479,293661,0,7216839,474061,157921,6261942
2025-10-17,7281453,6929342,159476,0,6981117,283858,156239,6011395
2025-10-20,3071388,2540924,475024,55440,2540924,530464,9170,1860581
2025-10-21,1898515,1620537,277978,0,1620537,277978,44682,1218265
2025-10-22,8290075,8033260,206142,0,7892700,397375,119995,7211773
2025-10-23,9297963,8416100,633914,0,8421543,876420,83413,7642085
2025-10-24,7314966,6937795,370967,0,6845589,469377,66007,5430503
2025-10-27,3070518,2669508,392718,0,2669508,401010,25815,2379937
2025-10-28,6041064,5980681,0,0,5980681,60383,92044,5204681
2025-10-29,13327109,13237349,0,0,12957953,369156,281149,11673535
2025-10-30,10950801,10689678,178276,0,10734056,216745,109010,9829635
2025-10-31,5364268,4785912,573355,0,4785912,578356,67118,4146426
2025-11-03,3863678,3137223,611888,0,3137223,726455,6211,2351416
2025-11-04,5548201,5406361,141840,0,5029259,518942,92426,4856836
2025-11-05,10992088,10528631,195311,0,10573009,419079,184379,9402081
2025-11-06,9724171,9523911,157098,0,9564591,159580,127173,8242813
2025-11-07,5348479,4595503,663539,0,4549171,799308,110875,3808038
2025-11-10,3025188,2264481,712087,48620,2028942,996246,60317,1784967
2025-11-11,181390,181390,0,0,181390,0,0,43560
2025-11-12,5105835,4752511,302669,0,4752511,353324,88616,3976162
2025-11-13,6727011,6268289,244933,0,6308969,418042,103648,5767246
2025-11-14,5529723,5437937,51106,0,5478617,51106,44957,4590840
2025-11-17,3331292,2737991,550872,0,2737991,593301,107690,2450046
2025-11-18,2316667,1774431,490954,51282,1774431,542236,15059,1346210
2025-11-19,8686928,8379248,307680,0,8239137,447791,92774,7238801
2025-11-20,8469810,7915569,330477,0,7727212,742598,157300,6699643
2025-11-21,7748113,7155601,500253,48620,7199240,548873,129712,5719675
2025-11-24,2937382,2698271,191591,47520,2698271,239111,6189,2348997
2025-11-25,2902009,2697266,204743,0,2697266,204743,94142,2246611
2025-11-26,13042975,12513374,250248,55440,12367982,674993,195892,11424392
2025-11-27,700482,700482,0,0,700482,0,299,299442
2025-11-28,7195775,6922221,222881,0,6922221,273554,87650,6096768
2025-12-01,3779303,3302752,435528,0,3343432,435871,110203,3122037
2025-12-02,4238709,3514689,724020,0,3420087,818622,1470,2809173
2025-12-03,8222785,7898949,323836,0,7803148,419637,117869,6757345
2025-12-04,12249756,11741084,233252,0,11781764,467992,226329,10711937
2025-12-05,8572996,8288280,147573,48620,8326001,246995,177520,7714051
2025-12-08,3430196,2613389,763019,0,2613389,816807,6866,2036149
2025-12-09,3278802,3020839,257963,0,2972927,305875,23215,2723781
2025-12-10,10348130,9701005,419621,48620,9656400,691730,155789,8396952
2025-12-11,7483542,7127446,317264,0,7118380,365162,98844,5947760
2025-12-12,3382188,2659572,675096,47520,2659572,722616,8035,2227245
2025-12-15,3367393,2318348,998372,0,2318348,1049045,6409,1784394
2025-12-16,3638516,3482360,156156,0,3482360,156156,74039,3114122
2025-12-17,11997002,11649109,152005,106128,11508100,488902,183350,10420943
2025-12-18,8921942,8093450,649694,0,8132282,789660,160809,7226766
2025-12-19,4346876,3578944,728506,0,3578944,767932,32481,2645899
2025-12-21,47916,0,47916,0,0,47916,0,0
2025-12-22,2980312,1832801,1147511,0,1832801,1095151,957,1542012
2025-12-23,5229236,4593908,484894,57376,4584839,644397,82097,3835648
2025-12-24,5473064,5114898,219786,48620,5114898,358166,49240,4785202
2025-12-26,9399767,9300505,51722,0,9300505,99262,105673,9103763
2025-12-29,6901000,5988931,825123,48620,5800631,1100369,49893,4540773
2025-12-30,4338988,2815406,1475074,47520,2815406,1523582,59360,1750004
2025-12-31,4285585,3804520,300702,176473,3804520,481065,46435,3430309
2026-01-01,954030,954030,0,0,954030,0,0,954030
2026-01-02,4209009,3916925,96233,55440,3916925,292084,7671,2667684
2026-01-04,42768,42768,0,0,42768,0,0,0
2026-01-05,6705692,6407009,298683,0,6407009,298683,124747,5967119
2026-01-06,5918297,5327852,542925,47520,5327852,590445,15727,4328443
2026-01-07,10054977,9036947,922878,56320,9075779,979198,159968,7994980
2026-01-08,11769037,9227002,2199671,111652,8935909,2833128,138868,7938884
2026-01-09,5750143,5012979,543516,110220,5012979,737164,22451,3457300
2026-01-10,141689,141689,0,0,141689,0,0,141689
2026-01-11,198264,0,198264,0,0,198264,0,0
2026-01-12,5234491,2777388,2406430,0,2729487,2505004,69078,2190802
2026-01-13,4191170,3755527,340854,56320,3707626,483544,59774,3220350
2026-01-14,10089430,8790344,1030123,268963,8698135,1391295,68004,7266154
2026-01-15,7171085,6575716,464007,92530,6614548,556537,96399,5829918
2026-01-16,4879021,3468699,1028472,381751,3468699,1410223,58700,2313785
2026-01-19,43956,43956,0,0,43956,0,0,43956
2026-01-20,4328995,3307300,1015951,0,3307300,1021695,39360,2918524
2026-01-21,9039689,8340494,404562,208384,8340494,699195,50525,7640993
2026-01-22,10754150,10309810,237318,168190,10208025,546125,214214,8576917
2026-01-23,8363559,8168184,195375,0,8168184,195375,106755,7289632
2026-01-24,7128,7128,0,0,7128,0,0,7128
2026-01-25,131868,131868,0,0,131868,0,0,131868
2026-01-26,4781469,4187395,385910,168960,4187395,594074,12686,3377033
2026-01-27,3934649,2864406,1010333,56320,2864406,1070243,7546,2302867
2026-01-28,7206954,6767496,349817,56320,6767496,439458,113450,6269238
2026-01-29,10736540,9155736,1175990,222460,9052189,1684351,226043,7101690
2026-01-30,8590208,7433662,939989,165898,7433662,1156546,68123,6484806
2026-02-01,56320,0,0,56320,0,56320,0,0
2026-02-02,3535261,1788829,1698912,47520,1743023,1792238,8620,1614254
2026-02-03,4090787,3104817,765281,170016,3104817,985970,147688,2632796
2026-02-04,8262870,7725901,283318,170069,7675672,587198,156600,6590164
2026-02-05,8344746,7579023,605396,115949,7623401,721345,186891,7167350
2026-02-06,3953161,2147138,1322708,437870,2147138,1806023,50475,1354489
2026-02-09,3158735,1905117,1096344,110227,1905117,1253618,4503,1182763
2026-02-10,2768105,1995430,509038,211541,1995430,772675,71584,1723014
2026-02-11,9509016,8144747,847386,344683,8185427,1323589,151371,7044571
2026-02-12,5335945,4817495,406934,111516,4721696,614249,68005,3774221
2026-02-13,4130900,2807958,1050254,272688,2715749,1415151,1120,2018832
2026-02-14,50204,0,50204,0,0,50204,0,0
2026-02-15,47520,47520,0,0,47520,0,0,47520
2026-02-17,3626203,2082181,1430616,54589,2082181,1544022,6915,1835568
2026-02-18,4187910,3164261,623742,334268,3164261,1023649,31363,2591764
2026-02-19,6192093,5522014,368081,222849,5466897,725196,295247,4434192
2026-02-20,7557987,6850277,550689,112640,6890957,666075,66391,5856854
2026-02-21,435490,435490,0,0,435490,0,0,435490
2026-02-22,60742,0,0,60742,0,60742,0,0
2026-02-23,3311403,2991998,147673,54120,2855189,456214,9064,2408576
2026-02-24,2125288,1645149,200299,279840,1549348,575940,26774,1183046
2026-02-25,7600675,6328912,934723,337040,6328912,1271763,76224,6072141
2026-02-26,10807687,8758056,1224025,540408,8851206,1955962,192344,7644752
2026-02-27,7571683,6339986,1152075,0,6339986,1231697,67725,5699672
2026-03-02,4467506,2473158,1939621,54727,2473158,1994348,57739,1945917
2026-03-03,3220544,2448343,519674,225984,2448343,772201,22436,2142943
2026-03-04,7346814,6594124,334039,275367,6646594,698548,54442,5581528
2026-03-05,7262343,6144285,638496,335104,6141942,1120401,139369,5510837
2026-03-06,4083677,2370063,1513960,156875,2323658,1760019,10696,1869046
2026-03-07,62964,62964,0,0,62964,0,0,62964
2026-03-09,3161638,1853179,1249552,56320,1807738,1353900,24717,1263542
2026-03-10,2666663,1963723,489841,113168,1869413,797250,10296,1287330
2026-03-11,6725136,5866382,305219,553535,5866382,858754,196287,5043434
2026-03-12,6763760,6134372,568914,53447,6134372,629388,128502,5344277
2026-03-13,3315888,1999628,1316260,0,1999628,1316260,31344,1271714
2026-03-16,2906010,1367858,1283115,216568,1238289,1667721,7172,990730
