date,market,size,origin,quality_type,low_price,high_price,mostly_low_price,mostly_high_price,official_price,market_tone,reporter_comment
2026-02-02,Atlanta,110,Mexico,Fine Appearance,46.0,,,,,"MARKET SEEDED TYPE HIGHER, SEEDLESS TYPE ABOUT STEADY",occasional higher/lower
2026-02-02,Atlanta,110,Mexico,Fair Quality,36.0,37.0,36.5,,37.0,"MARKET SEEDED TYPE HIGHER, SEEDLESS TYPE ABOUT STEADY",
2026-02-02,Atlanta,150,Mexico,Fine Appearance,39.0,40.0,,,40.0,"MARKET SEEDED TYPE HIGHER, SEEDLESS TYPE ABOUT STEADY",occasional higher/lower
2026-02-02,Atlanta,150,Mexico,BASE,30.0,33.0,31.0,32.0,32.0,"MARKET SEEDED TYPE HIGHER, SEEDLESS TYPE ABOUT STEADY",occasional higher/lower
2026-02-02,Atlanta,150,Colombia,BASE,28.0,30.0,29.0,30.0,30.0,"MARKET SEEDED TYPE HIGHER, SEEDLESS TYPE ABOUT STEADY",occasional higher/lower
2026-02-02,Atlanta,175,Mexico,BASE,30.0,33.0,31.0,32.0,32.0,"MARKET SEEDED TYPE HIGHER, SEEDLESS TYPE ABOUT STEADY",occasional lower
2026-02-02,Atlanta,175,Mexico,Fine Appearance,39.0,40.0,,,40.0,"MARKET SEEDED TYPE HIGHER, SEEDLESS TYPE ABOUT STEADY",occasional higher/lower
2026-02-02,Atlanta,175,Mexico,Fair Quality,26.0,28.0,,,28.0,"MARKET SEEDED TYPE HIGHER, SEEDLESS TYPE ABOUT STEADY",
2026-02-02,Atlanta,175,Colombia,BASE,28.0,30.0,29.0,30.0,30.0,"MARKET SEEDED TYPE HIGHER, SEEDLESS TYPE ABOUT STEADY",occasional higher/lower
2026-02-02,Atlanta,200,Mexico,BASE,30.0,33.0,31.0,32.0,32.0,"MARKET SEEDED TYPE HIGHER, SEEDLESS TYPE ABOUT STEADY",occasional lower
2026-02-02,Atlanta,200,Mexico,Fine Appearance,40.0,,,,,"MARKET SEEDED TYPE HIGHER, SEEDLESS TYPE ABOUT STEADY",occasional higher/lower
2026-02-02,Atlanta,200,Colombia,Fine Appearance,38.5,39.5,,,39.5,"MARKET SEEDED TYPE HIGHER, SEEDLESS TYPE ABOUT STEADY",occasional higher/lower
2026-02-02,Atlanta,200,Colombia,BASE,28.0,30.0,28.0,29.0,29.0,"MARKET SEEDED TYPE HIGHER, SEEDLESS TYPE ABOUT STEADY",
2026-02-02,Atlanta,230,Mexico,Fine Appearance,40.0,,,,,"MARKET SEEDED TYPE HIGHER, SEEDLESS TYPE ABOUT STEADY",occasional lower
2026-02-02,Atlanta,230,Mexico,BASE,30.0,33.0,31.0,32.0,32.0,"MARKET SEEDED TYPE HIGHER, SEEDLESS TYPE ABOUT STEADY",occasional lower
2026-02-02,Atlanta,230,Colombia,BASE,28.0,30.0,28.0,29.0,29.0,"MARKET SEEDED TYPE HIGHER, SEEDLESS TYPE ABOUT STEADY",
2026-02-03,Atlanta,110,Mexico,Fair Quality,36.0,37.0,36.5,,37.0,MARKET ABOUT STEADY,
2026-02-03,Atlanta,110,Mexico,Fine Appearance,46.0,,,,,MARKET ABOUT STEADY,occasional higher/lower
2026-02-03,Atlanta,150,Mexico,BASE,30.0,33.0,31.0,32.0,32.0,MARKET ABOUT STEADY,occasional higher/lower
2026-02-03,Atlanta,150,Mexico,Fine Appearance,39.0,40.0,,,40.0,MARKET ABOUT STEADY,occasional higher/lower
2026-02-03,Atlanta,150,Colombia,BASE,28.0,30.0,29.0,30.0,30.0,MARKET ABOUT STEADY,occasional higher/lower
2026-02-03,Atlanta,175,Mexico,Fair Quality,26.0,28.0,,,28.0,MARKET ABOUT STEADY,
2026-02-03,Atlanta,175,Mexico,BASE,30.0,33.0,31.0,32.0,32.0,MARKET ABOUT STEADY,occasional lower
2026-02-03,Atlanta,175,Mexico,Fine Appearance,39.0,40.0,,,40.0,MARKET ABOUT STEADY,occasional higher/lower
2026-02-03,Atlanta,175,Colombia,BASE,28.0,30.0,29.0,30.0,30.0,MARKET ABOUT STEADY,occasional higher/lower
2026-02-03,Atlanta,200,Mexico,BASE,30.0,33.0,31.0,32.0,32.0,MARKET ABOUT STEADY,occasional lower
2026-02-03,Atlanta,200,Mexico,Fine Appearance,40.0,,,,,MARKET ABOUT STEADY,occasional higher/lower
2026-02-03,Atlanta,200,Colombia,Fine Appearance,38.5,39.5,,,39.5,MARKET ABOUT STEADY,occasional higher/lower
2026-02-03,Atlanta,200,Colombia,BASE,28.0,30.0,28.0,29.0,29.0,MARKET ABOUT STEADY,
2026-02-03,Atlanta,230,Mexico,BASE,30.0,33.0,31.0,32.0,32.0,MARKET ABOUT STEADY,occasional lower
2026-02-03,Atlanta,230,Mexico,Fine Appearance,40.0,,,,,MARKET ABOUT STEADY,occasional lower
2026-02-03,Atlanta,230,Colombia,BASE,28.0,30.0,28.0,29.0,29.0,MARKET ABOUT STEADY,
2026-02-04,Atlanta,110,Mexico,Fine Appearance,46.0,,,,,"MARKET COLOMBIA SLIGHTLY HIGHER, MEXICO ABOUT STEADY",occasional higher/lower
2026-02-04,Atlanta,110,Mexico,Fair Quality,36.0,37.0,36.5,,37.0,"MARKET COLOMBIA SLIGHTLY HIGHER, MEXICO ABOUT STEADY",
2026-02-04,Atlanta,150,Mexico,BASE,30.0,33.0,31.0,32.0,32.0,"MARKET COLOMBIA SLIGHTLY HIGHER, MEXICO ABOUT STEADY",occasional higher/lower
2026-02-04,Atlanta,150,Mexico,Fine Appearance,39.0,40.0,,,40.0,"MARKET COLOMBIA SLIGHTLY HIGHER, MEXICO ABOUT STEADY",occasional higher/lower
2026-02-04,Atlanta,150,Colombia,BASE,30.0,32.0,30.0,31.0,31.0,"MARKET COLOMBIA SLIGHTLY HIGHER, MEXICO ABOUT STEADY",occasional higher/lower
2026-02-04,Atlanta,175,Mexico,Fair Quality,26.0,28.0,,,28.0,"MARKET COLOMBIA SLIGHTLY HIGHER, MEXICO ABOUT STEADY",
2026-02-04,Atlanta,175,Mexico,BASE,30.0,33.0,31.0,32.0,32.0,"MARKET COLOMBIA SLIGHTLY HIGHER, MEXICO ABOUT STEADY",occasional lower
2026-02-04,Atlanta,175,Mexico,Fine Appearance,39.0,40.0,,,40.0,"MARKET COLOMBIA SLIGHTLY HIGHER, MEXICO ABOUT STEADY",occasional higher/lower
2026-02-04,Atlanta,175,Colombia,BASE,30.0,32.0,30.0,31.0,31.0,"MARKET COLOMBIA SLIGHTLY HIGHER, MEXICO ABOUT STEADY",occasional higher/lower
2026-02-04,Atlanta,200,Mexico,Fine Appearance,40.0,,,,,"MARKET COLOMBIA SLIGHTLY HIGHER, MEXICO ABOUT STEADY",occasional higher/lower
2026-02-04,Atlanta,200,Mexico,BASE,30.0,33.0,31.0,32.0,32.0,"MARKET COLOMBIA SLIGHTLY HIGHER, MEXICO ABOUT STEADY",occasional lower
2026-02-04,Atlanta,200,Colombia,BASE,30.0,32.0,30.0,31.0,31.0,"MARKET COLOMBIA SLIGHTLY HIGHER, MEXICO ABOUT STEADY",
2026-02-04,Atlanta,200,Colombia,Fine Appearance,,,,,,"MARKET COLOMBIA SLIGHTLY HIGHER, MEXICO ABOUT STEADY",insufficient to quote
2026-02-04,Atlanta,230,Mexico,Fine Appearance,40.0,,,,,"MARKET COLOMBIA SLIGHTLY HIGHER, MEXICO ABOUT STEADY",occasional lower
2026-02-04,Atlanta,230,Mexico,BASE,30.0,33.0,31.0,32.0,32.0,"MARKET COLOMBIA SLIGHTLY HIGHER, MEXICO ABOUT STEADY",occasional lower
2026-02-04,Atlanta,230,Colombia,BASE,30.0,32.0,30.0,31.0,31.0,"MARKET COLOMBIA SLIGHTLY HIGHER, MEXICO ABOUT STEADY",
2026-02-05,Atlanta,110,Mexico,Fair Quality,36.0,37.0,36.5,,37.0,MARKET ABOUT STEADY,
2026-02-05,Atlanta,110,Mexico,Fine Appearance,46.0,,,,,MARKET ABOUT STEADY,occasional higher/lower
2026-02-05,Atlanta,150,Mexico,BASE,30.0,33.0,31.0,32.0,32.0,MARKET ABOUT STEADY,occasional higher/lower
2026-02-05,Atlanta,150,Mexico,Fine Appearance,39.0,40.0,,,40.0,MARKET ABOUT STEADY,occasional higher/lower
2026-02-05,Atlanta,150,Colombia,BASE,30.0,32.0,30.0,31.0,31.0,MARKET ABOUT STEADY,occasional higher/lower
2026-02-05,Atlanta,175,Mexico,BASE,30.0,33.0,31.0,32.0,32.0,MARKET ABOUT STEADY,occasional lower
2026-02-05,Atlanta,175,Mexico,Fine Appearance,39.0,40.0,,,40.0,MARKET ABOUT STEADY,occasional higher/lower
2026-02-05,Atlanta,175,Mexico,Fair Quality,26.0,28.0,,,28.0,MARKET ABOUT STEADY,
2026-02-05,Atlanta,175,Colombia,BASE,30.0,32.0,30.0,31.0,31.0,MARKET ABOUT STEADY,occasional higher/lower
2026-02-05,Atlanta,200,Mexico,BASE,30.0,33.0,31.0,32.0,32.0,MARKET ABOUT STEADY,occasional lower
2026-02-05,Atlanta,200,Mexico,Fine Appearance,40.0,,,,,MARKET ABOUT STEADY,occasional higher/lower
2026-02-05,Atlanta,200,Colombia,Fine Appearance,,,,,,MARKET ABOUT STEADY,insufficient to quote
2026-02-05,Atlanta,200,Colombia,BASE,30.0,32.0,30.0,31.0,31.0,MARKET ABOUT STEADY,
2026-02-05,Atlanta,230,Mexico,Fine Appearance,40.0,,,,,MARKET ABOUT STEADY,occasional lower
2026-02-05,Atlanta,230,Mexico,BASE,30.0,33.0,31.0,32.0,32.0,MARKET ABOUT STEADY,occasional lower
2026-02-05,Atlanta,230,Colombia,BASE,30.0,32.0,30.0,31.0,31.0,MARKET ABOUT STEADY,
2026-02-06,Atlanta,110,Mexico,Fine Appearance,46.0,,,,,"MARKET COLOMBIA ABOUT STEADY, MEXICO STEADY",occasional higher/lower
2026-02-06,Atlanta,110,Mexico,Fair Quality,36.0,37.0,36.5,,37.0,"MARKET COLOMBIA ABOUT STEADY, MEXICO STEADY",
2026-02-06,Atlanta,150,Mexico,BASE,30.0,33.0,31.0,32.0,32.0,"MARKET COLOMBIA ABOUT STEADY, MEXICO STEADY",occasional higher/lower
2026-02-06,Atlanta,150,Mexico,Fine Appearance,39.0,40.0,,,40.0,"MARKET COLOMBIA ABOUT STEADY, MEXICO STEADY",occasional higher/lower
2026-02-06,Atlanta,150,Colombia,BASE,30.0,32.0,30.0,31.0,31.0,"MARKET COLOMBIA ABOUT STEADY, MEXICO STEADY",occasional higher/lower
2026-02-06,Atlanta,175,Mexico,BASE,30.0,33.0,31.0,32.0,32.0,"MARKET COLOMBIA ABOUT STEADY, MEXICO STEADY",occasional lower
2026-02-06,Atlanta,175,Mexico,Fine Appearance,39.0,40.0,,,40.0,"MARKET COLOMBIA ABOUT STEADY, MEXICO STEADY",occasional higher/lower
2026-02-06,Atlanta,175,Mexico,Fair Quality,26.0,28.0,,,28.0,"MARKET COLOMBIA ABOUT STEADY, MEXICO STEADY",
2026-02-06,Atlanta,175,Colombia,BASE,30.0,32.0,30.0,31.0,31.0,"MARKET COLOMBIA ABOUT STEADY, MEXICO STEADY",occasional higher/lower
2026-02-06,Atlanta,200,Mexico,Fine Appearance,40.0,,,,,"MARKET COLOMBIA ABOUT STEADY, MEXICO STEADY",occasional higher/lower
2026-02-06,Atlanta,200,Mexico,BASE,30.0,33.0,31.0,32.0,32.0,"MARKET COLOMBIA ABOUT STEADY, MEXICO STEADY",occasional lower
2026-02-06,Atlanta,200,Colombia,BASE,,,,,,"MARKET COLOMBIA ABOUT STEADY, MEXICO STEADY",insufficient to quote
2026-02-06,Atlanta,230,Mexico,Fine Appearance,40.0,,,,,"MARKET COLOMBIA ABOUT STEADY, MEXICO STEADY",occasional lower
2026-02-06,Atlanta,230,Mexico,BASE,30.0,33.0,31.0,32.0,32.0,"MARKET COLOMBIA ABOUT STEADY, MEXICO STEADY",occasional lower
2026-02-06,Atlanta,230,Colombia,BASE,,,,,,"MARKET COLOMBIA ABOUT STEADY, MEXICO STEADY",insufficient to quote
2026-02-09,Atlanta,110,Mexico,Fair Quality,36.0,37.0,36.5,,37.0,MARKET ABOUT STEADY,
2026-02-09,Atlanta,110,Mexico,Fine Appearance,46.0,,,,,MARKET ABOUT STEADY,occasional higher/lower
2026-02-09,Atlanta,150,Mexico,Fine Appearance,39.0,40.0,,,40.0,MARKET ABOUT STEADY,occasional higher/lower
2026-02-09,Atlanta,150,Mexico,BASE,30.0,33.0,31.0,32.0,32.0,MARKET ABOUT STEADY,occasional higher/lower
2026-02-09,Atlanta,150,Colombia,BASE,30.0,32.0,30.0,31.0,31.0,MARKET ABOUT STEADY,occasional higher/lower
2026-02-09,Atlanta,175,Mexico,Fine Appearance,39.0,40.0,,,40.0,MARKET ABOUT STEADY,occasional higher/lower
2026-02-09,Atlanta,175,Mexico,Fair Quality,26.0,28.0,,,28.0,MARKET ABOUT STEADY,
2026-02-09,Atlanta,175,Mexico,BASE,30.0,33.0,31.0,32.0,32.0,MARKET ABOUT STEADY,occasional lower
2026-02-09,Atlanta,175,Colombia,BASE,30.0,32.0,30.0,31.0,31.0,MARKET ABOUT STEADY,occasional higher/lower
2026-02-09,Atlanta,200,Mexico,BASE,30.0,33.0,31.0,32.0,32.0,MARKET ABOUT STEADY,occasional lower
2026-02-09,Atlanta,200,Mexico,Fine Appearance,40.0,,,,,MARKET ABOUT STEADY,occasional higher/lower
2026-02-09,Atlanta,200,Colombia,BASE,,,,,,MARKET ABOUT STEADY,insufficient to quote
2026-02-09,Atlanta,230,Mexico,Fine Appearance,40.0,,,,,MARKET ABOUT STEADY,occasional lower
2026-02-09,Atlanta,230,Mexico,BASE,30.0,33.0,31.0,32.0,32.0,MARKET ABOUT STEADY,occasional lower
2026-02-09,Atlanta,230,Colombia,BASE,,,,,,MARKET ABOUT STEADY,insufficient to quote
2026-02-10,Atlanta,110,Mexico,Fair Quality,36.0,37.0,36.5,,37.0,MARKET STEADY,
2026-02-10,Atlanta,110,Mexico,Fine Appearance,46.0,,,,,MARKET STEADY,occasional higher/lower
2026-02-10,Atlanta,150,Mexico,Fine Appearance,39.0,40.0,,,40.0,MARKET STEADY,occasional higher/lower
2026-02-10,Atlanta,150,Mexico,BASE,30.0,33.0,31.0,32.0,32.0,MARKET STEADY,occasional higher/lower
2026-02-10,Atlanta,150,Colombia,BASE,30.0,32.0,30.0,31.0,31.0,MARKET STEADY,occasional higher/lower
2026-02-10,Atlanta,175,Mexico,Fair Quality,26.0,28.0,,,28.0,MARKET STEADY,
2026-02-10,Atlanta,175,Mexico,Fine Appearance,39.0,40.0,,,40.0,MARKET STEADY,occasional higher/lower
2026-02-10,Atlanta,175,Mexico,BASE,30.0,33.0,31.0,32.0,32.0,MARKET STEADY,occasional lower
2026-02-10,Atlanta,175,Colombia,BASE,30.0,32.0,30.0,31.0,31.0,MARKET STEADY,occasional higher/lower
2026-02-10,Atlanta,200,Mexico,BASE,30.0,33.0,31.0,32.0,32.0,MARKET STEADY,occasional lower
2026-02-10,Atlanta,200,Mexico,Fine Appearance,40.0,,,,,MARKET STEADY,occasional higher/lower
2026-02-10,Atlanta,200,Colombia,BASE,,,,,,MARKET STEADY,insufficient to quote
2026-02-10,Atlanta,230,Mexico,Fine Appearance,40.0,,,,,MARKET STEADY,occasional lower
2026-02-10,Atlanta,230,Mexico,BASE,30.0,33.0,31.0,32.0,32.0,MARKET STEADY,occasional lower
2026-02-10,Atlanta,230,Colombia,BASE,,,,,,MARKET STEADY,insufficient to quote
2026-02-11,Atlanta,110,Mexico,Fine Appearance,46.0,,,,,"MARKET 40-LB CARTONS SLIGHTLY HIGHER, 10-LB CARTONS SLIGHTLY LOWER",occasional higher/lower
2026-02-11,Atlanta,110,Mexico,Fair Quality,37.0,38.0,,,38.0,"MARKET 40-LB CARTONS SLIGHTLY HIGHER, 10-LB CARTONS SLIGHTLY LOWER",
2026-02-11,Atlanta,150,Mexico,BASE,35.0,38.0,36.0,37.0,37.0,"MARKET 40-LB CARTONS SLIGHTLY HIGHER, 10-LB CARTONS SLIGHTLY LOWER",occasional higher/lower
2026-02-11,Atlanta,150,Mexico,Fine Appearance,40.0,42.0,42.0,,42.0,"MARKET 40-LB CARTONS SLIGHTLY HIGHER, 10-LB CARTONS SLIGHTLY LOWER",occasional higher/lower
2026-02-11,Atlanta,150,Colombia,BASE,,,,,,"MARKET 40-LB CARTONS SLIGHTLY HIGHER, 10-LB CARTONS SLIGHTLY LOWER",insufficient to quote
2026-02-11,Atlanta,175,Mexico,Fine Appearance,40.0,42.0,42.0,,42.0,"MARKET 40-LB CARTONS SLIGHTLY HIGHER, 10-LB CARTONS SLIGHTLY LOWER",occasional higher/lower
2026-02-11,Atlanta,175,Mexico,Fair Quality,28.0,30.0,,,30.0,"MARKET 40-LB CARTONS SLIGHTLY HIGHER, 10-LB CARTONS SLIGHTLY LOWER",
2026-02-11,Atlanta,175,Mexico,BASE,35.0,38.0,36.0,37.0,37.0,"MARKET 40-LB CARTONS SLIGHTLY HIGHER, 10-LB CARTONS SLIGHTLY LOWER",occasional lower
2026-02-11,Atlanta,200,Mexico,Fine Appearance,40.0,,,,,"MARKET 40-LB CARTONS SLIGHTLY HIGHER, 10-LB CARTONS SLIGHTLY LOWER",occasional higher/lower
2026-02-11,Atlanta,200,Mexico,BASE,35.0,38.0,36.0,37.0,37.0,"MARKET 40-LB CARTONS SLIGHTLY HIGHER, 10-LB CARTONS SLIGHTLY LOWER",occasional lower
2026-02-11,Atlanta,230,Mexico,Fine Appearance,40.0,,,,,"MARKET 40-LB CARTONS SLIGHTLY HIGHER, 10-LB CARTONS SLIGHTLY LOWER",occasional lower
2026-02-11,Atlanta,230,Mexico,BASE,35.0,38.0,36.0,37.0,37.0,"MARKET 40-LB CARTONS SLIGHTLY HIGHER, 10-LB CARTONS SLIGHTLY LOWER",occasional lower
2026-02-12,Atlanta,110,Mexico,Fine Appearance,46.0,,,,,MARKET ABOUT STEADY,occasional higher/lower
2026-02-12,Atlanta,110,Mexico,Fair Quality,37.0,38.0,,,38.0,MARKET ABOUT STEADY,
2026-02-12,Atlanta,150,Mexico,BASE,35.0,38.0,36.0,37.0,37.0,MARKET ABOUT STEADY,occasional higher/lower
2026-02-12,Atlanta,150,Mexico,Fine Appearance,40.0,42.0,42.0,,42.0,MARKET ABOUT STEADY,occasional higher/lower
2026-02-12,Atlanta,150,Colombia,BASE,,,,,,MARKET ABOUT STEADY,insufficient to quote
2026-02-12,Atlanta,175,Mexico,Fine Appearance,40.0,42.0,42.0,,42.0,MARKET ABOUT STEADY,occasional higher/lower
2026-02-12,Atlanta,175,Mexico,Fair Quality,28.0,30.0,,,30.0,MARKET ABOUT STEADY,
2026-02-12,Atlanta,175,Mexico,BASE,35.0,38.0,36.0,37.0,37.0,MARKET ABOUT STEADY,occasional lower
2026-02-12,Atlanta,200,Mexico,Fine Appearance,40.0,,,,,MARKET ABOUT STEADY,occasional higher/lower
2026-02-12,Atlanta,200,Mexico,BASE,35.0,38.0,36.0,37.0,37.0,MARKET ABOUT STEADY,occasional lower
2026-02-12,Atlanta,230,Mexico,BASE,35.0,38.0,36.0,37.0,37.0,MARKET ABOUT STEADY,occasional lower
2026-02-12,Atlanta,230,Mexico,Fine Appearance,40.0,,,,,MARKET ABOUT STEADY,occasional lower
2026-02-13,Atlanta,110,Mexico,BASE,36.0,38.0,37.0,38.0,38.0,MARKET FIRM,
2026-02-13,Atlanta,110,Mexico,Fine Appearance,46.0,,,,,MARKET FIRM,occasional higher/lower
2026-02-13,Atlanta,150,Mexico,BASE,36.0,38.0,37.0,38.0,38.0,MARKET FIRM,occasional higher/lower
2026-02-13,Atlanta,150,Mexico,Fine Appearance,42.0,44.0,43.0,44.0,44.0,MARKET FIRM,occasional higher/lower
2026-02-13,Atlanta,175,Mexico,Fair Quality,28.0,30.0,,,30.0,MARKET FIRM,
2026-02-13,Atlanta,175,Mexico,Fine Appearance,42.0,44.0,43.0,44.0,44.0,MARKET FIRM,occasional higher/lower
2026-02-13,Atlanta,175,Mexico,BASE,36.0,38.0,37.0,38.0,38.0,MARKET FIRM,occasional lower
2026-02-13,Atlanta,200,Mexico,BASE,39.0,42.0,40.0,41.0,41.0,MARKET FIRM,occasional lower
2026-02-13,Atlanta,200,Mexico,Fine Appearance,44.0,,,,,MARKET FIRM,occasional higher/lower
2026-02-13,Atlanta,230,Mexico,Fine Appearance,44.0,,,,,MARKET FIRM,occasional lower
2026-02-13,Atlanta,230,Mexico,BASE,36.0,38.0,37.0,38.0,38.0,MARKET FIRM,occasional lower
2026-02-17,Atlanta,110,Mexico,BASE,46.0,,,,,,occasional higher/lower
2026-02-17,Atlanta,150,Mexico,Fair Quality,40.0,42.0,,,42.0,,
2026-02-17,Atlanta,150,Mexico,Fine Appearance,50.0,51.0,,,51.0,,occasional higher/lower
2026-02-17,Atlanta,150,Mexico,BASE,44.0,47.0,45.0,46.0,46.0,,occasional higher/lower
2026-02-17,Atlanta,175,Mexico,BASE,44.0,47.0,45.0,46.0,46.0,,occasional lower
2026-02-17,Atlanta,175,Mexico,Fair Quality,40.0,42.0,,,42.0,,
2026-02-17,Atlanta,175,Mexico,Fine Appearance,50.0,52.0,50.0,51.0,51.0,,occasional higher/lower
2026-02-17,Atlanta,200,Mexico,BASE,44.0,47.0,45.0,46.0,46.0,,occasional lower
2026-02-17,Atlanta,200,Mexico,Fine Appearance,50.0,,,,,,occasional higher/lower
2026-02-17,Atlanta,230,Mexico,BASE,44.0,47.0,45.0,46.0,46.0,,occasional lower
2026-02-17,Atlanta,230,Mexico,Fine Appearance,47.0,50.0,48.0,49.0,49.0,,occasional lower
2026-02-18,Atlanta,110,Mexico,BASE,46.0,,,,,MARKET STEADY,occasional higher/lower
2026-02-18,Atlanta,150,Mexico,BASE,44.0,47.0,45.0,46.0,46.0,MARKET STEADY,occasional higher/lower
2026-02-18,Atlanta,150,Mexico,Fine Appearance,50.0,51.0,,,51.0,MARKET STEADY,occasional higher/lower
2026-02-18,Atlanta,150,Mexico,Fair Quality,40.0,42.0,,,42.0,MARKET STEADY,
2026-02-18,Atlanta,175,Mexico,Fair Quality,40.0,42.0,,,42.0,MARKET STEADY,
2026-02-18,Atlanta,175,Mexico,BASE,44.0,47.0,45.0,46.0,46.0,MARKET STEADY,occasional lower
2026-02-18,Atlanta,175,Mexico,Fine Appearance,50.0,52.0,50.0,51.0,51.0,MARKET STEADY,occasional higher/lower
2026-02-18,Atlanta,200,Mexico,Fine Appearance,50.0,,,,,MARKET STEADY,occasional higher/lower
2026-02-18,Atlanta,200,Mexico,BASE,44.0,47.0,45.0,46.0,46.0,MARKET STEADY,occasional lower
2026-02-18,Atlanta,230,Mexico,BASE,44.0,47.0,45.0,46.0,46.0,MARKET STEADY,occasional lower
2026-02-18,Atlanta,230,Mexico,Fine Appearance,47.0,50.0,48.0,49.0,49.0,MARKET STEADY,occasional lower
2026-02-19,Atlanta,110,Mexico,BASE,46.0,,,,,MARKET STEADY,occasional higher/lower
2026-02-19,Atlanta,150,Mexico,Fine Appearance,50.0,51.0,,,51.0,MARKET STEADY,occasional higher/lower
2026-02-19,Atlanta,150,Mexico,BASE,44.0,47.0,45.0,46.0,46.0,MARKET STEADY,occasional higher/lower
2026-02-19,Atlanta,150,Mexico,Fair Quality,40.0,42.0,,,42.0,MARKET STEADY,
2026-02-19,Atlanta,175,Mexico,Fine Appearance,50.0,52.0,50.0,51.0,51.0,MARKET STEADY,occasional higher/lower
2026-02-19,Atlanta,175,Mexico,BASE,44.0,47.0,45.0,46.0,46.0,MARKET STEADY,occasional lower
2026-02-19,Atlanta,175,Mexico,Fair Quality,40.0,42.0,,,42.0,MARKET STEADY,
2026-02-19,Atlanta,200,Mexico,Fine Appearance,50.0,,,,,MARKET STEADY,occasional higher/lower
2026-02-19,Atlanta,200,Mexico,BASE,44.0,47.0,45.0,46.0,46.0,MARKET STEADY,occasional lower
2026-02-19,Atlanta,230,Mexico,BASE,44.0,47.0,45.0,46.0,46.0,MARKET STEADY,occasional lower
2026-02-19,Atlanta,230,Mexico,Fine Appearance,47.0,50.0,48.0,49.0,49.0,MARKET STEADY,occasional lower
2026-02-20,Atlanta,110,Mexico,BASE,46.0,,,,,MARKET FIRM,occasional higher/lower
2026-02-20,Atlanta,150,Mexico,Fine Appearance,50.0,51.0,,,51.0,MARKET FIRM,occasional higher/lower
2026-02-20,Atlanta,150,Mexico,BASE,47.0,48.0,48.0,48.0,48.0,MARKET FIRM,occasional higher/lower
2026-02-20,Atlanta,150,Mexico,Fair Quality,42.0,44.0,,,44.0,MARKET FIRM,
2026-02-20,Atlanta,150,Colombia,BASE,42.0,,,,,MARKET FIRM,occasional higher/lower
2026-02-20,Atlanta,175,Mexico,BASE,47.0,48.0,48.0,48.0,48.0,MARKET FIRM,occasional lower
2026-02-20,Atlanta,175,Mexico,Fine Appearance,52.0,54.0,53.0,54.0,54.0,MARKET FIRM,occasional higher/lower
2026-02-20,Atlanta,175,Mexico,Fair Quality,42.0,44.0,,,44.0,MARKET FIRM,
2026-02-20,Atlanta,175,Colombia,BASE,42.0,,,,,MARKET FIRM,occasional higher/lower
2026-02-20,Atlanta,200,Mexico,Fair Quality,42.0,44.0,,,44.0,MARKET FIRM,
2026-02-20,Atlanta,200,Mexico,Fine Appearance,50.0,,,,,MARKET FIRM,occasional higher/lower
2026-02-20,Atlanta,200,Mexico,BASE,47.0,48.0,48.0,48.0,48.0,MARKET FIRM,occasional lower
2026-02-20,Atlanta,200,Colombia,BASE,42.0,,,,,MARKET FIRM,occasional higher/lower
2026-02-20,Atlanta,230,Mexico,BASE,47.0,48.0,48.0,48.0,48.0,MARKET FIRM,occasional lower
2026-02-20,Atlanta,230,Mexico,Fine Appearance,50.0,51.0,,,51.0,MARKET FIRM,occasional higher
2026-02-20,Atlanta,230,Colombia,BASE,42.0,,,,,MARKET FIRM,
2026-02-23,Atlanta,110,Mexico,BASE,46.0,,,,,"MARKET 40-LB CARTONS FINE APPEARANCE SLIGHTLY HIGHER, OTHERS ABOUT STEADY",occasional higher/lower
2026-02-23,Atlanta,150,Mexico,BASE,47.0,48.0,48.0,48.0,48.0,"MARKET 40-LB CARTONS FINE APPEARANCE SLIGHTLY HIGHER, OTHERS ABOUT STEADY",occasional higher/lower
2026-02-23,Atlanta,150,Mexico,Fair Quality,42.0,44.0,,,44.0,"MARKET 40-LB CARTONS FINE APPEARANCE SLIGHTLY HIGHER, OTHERS ABOUT STEADY",
2026-02-23,Atlanta,150,Mexico,Fine Appearance,53.0,54.0,,,54.0,"MARKET 40-LB CARTONS FINE APPEARANCE SLIGHTLY HIGHER, OTHERS ABOUT STEADY",occasional higher/lower
2026-02-23,Atlanta,175,Mexico,BASE,47.0,48.0,48.0,48.0,48.0,"MARKET 40-LB CARTONS FINE APPEARANCE SLIGHTLY HIGHER, OTHERS ABOUT STEADY",occasional lower
2026-02-23,Atlanta,175,Mexico,Fair Quality,42.0,44.0,,,44.0,"MARKET 40-LB CARTONS FINE APPEARANCE SLIGHTLY HIGHER, OTHERS ABOUT STEADY",
2026-02-23,Atlanta,175,Mexico,Fine Appearance,53.0,54.0,,,54.0,"MARKET 40-LB CARTONS FINE APPEARANCE SLIGHTLY HIGHER, OTHERS ABOUT STEADY",occasional higher/lower
2026-02-23,Atlanta,175,Colombia,BASE,,,,,,"MARKET 40-LB CARTONS FINE APPEARANCE SLIGHTLY HIGHER, OTHERS ABOUT STEADY",insufficient to quote
2026-02-23,Atlanta,200,Mexico,Fair Quality,42.0,44.0,,,44.0,"MARKET 40-LB CARTONS FINE APPEARANCE SLIGHTLY HIGHER, OTHERS ABOUT STEADY",
2026-02-23,Atlanta,200,Mexico,Fine Appearance,54.0,,,,,"MARKET 40-LB CARTONS FINE APPEARANCE SLIGHTLY HIGHER, OTHERS ABOUT STEADY",occasional higher/lower
2026-02-23,Atlanta,200,Mexico,BASE,47.0,48.0,48.0,48.0,48.0,"MARKET 40-LB CARTONS FINE APPEARANCE SLIGHTLY HIGHER, OTHERS ABOUT STEADY",occasional lower
2026-02-23,Atlanta,230,Mexico,BASE,47.0,48.0,48.0,48.0,48.0,"MARKET 40-LB CARTONS FINE APPEARANCE SLIGHTLY HIGHER, OTHERS ABOUT STEADY",occasional lower
2026-02-23,Atlanta,230,Mexico,Fine Appearance,53.0,54.0,,,54.0,"MARKET 40-LB CARTONS FINE APPEARANCE SLIGHTLY HIGHER, OTHERS ABOUT STEADY",occasional higher
2026-02-24,Atlanta,110,Mexico,BASE,46.0,,,,,"MARKET MEXICO 40-LB CARTONS HIGHER, OTHERS ABOUT STEADY",occasional higher/lower
2026-02-24,Atlanta,150,Mexico,BASE,54.0,57.0,55.0,56.0,56.0,"MARKET MEXICO 40-LB CARTONS HIGHER, OTHERS ABOUT STEADY",occasional higher/lower
2026-02-24,Atlanta,150,Mexico,Fine Appearance,59.0,60.0,,,60.0,"MARKET MEXICO 40-LB CARTONS HIGHER, OTHERS ABOUT STEADY",occasional higher/lower
2026-02-24,Atlanta,150,Mexico,Fair Quality,48.0,49.0,,,49.0,"MARKET MEXICO 40-LB CARTONS HIGHER, OTHERS ABOUT STEADY",
2026-02-24,Atlanta,175,Mexico,BASE,54.0,57.0,55.0,56.0,56.0,"MARKET MEXICO 40-LB CARTONS HIGHER, OTHERS ABOUT STEADY",occasional lower
2026-02-24,Atlanta,175,Mexico,Fair Quality,48.0,49.0,,,49.0,"MARKET MEXICO 40-LB CARTONS HIGHER, OTHERS ABOUT STEADY",
2026-02-24,Atlanta,175,Mexico,Fine Appearance,60.0,61.0,,,61.0,"MARKET MEXICO 40-LB CARTONS HIGHER, OTHERS ABOUT STEADY",occasional higher/lower
2026-02-24,Atlanta,200,Mexico,BASE,54.0,57.0,55.0,56.0,56.0,"MARKET MEXICO 40-LB CARTONS HIGHER, OTHERS ABOUT STEADY",occasional lower
2026-02-24,Atlanta,200,Mexico,Fine Appearance,60.0,61.0,,,61.0,"MARKET MEXICO 40-LB CARTONS HIGHER, OTHERS ABOUT STEADY",occasional higher/lower
2026-02-24,Atlanta,200,Mexico,Fair Quality,48.0,49.0,,,49.0,"MARKET MEXICO 40-LB CARTONS HIGHER, OTHERS ABOUT STEADY",
2026-02-24,Atlanta,230,Mexico,BASE,54.0,,,,,"MARKET MEXICO 40-LB CARTONS HIGHER, OTHERS ABOUT STEADY",occasional lower
2026-02-24,Atlanta,230,Mexico,Fine Appearance,58.0,60.0,,,60.0,"MARKET MEXICO 40-LB CARTONS HIGHER, OTHERS ABOUT STEADY",occasional higher
2026-02-25,Atlanta,110,Mexico,BASE,46.0,,,,,MARKET ABOUT STEADY,occasional higher/lower
2026-02-25,Atlanta,150,Mexico,Fair Quality,50.0,52.0,,,52.0,MARKET ABOUT STEADY,
2026-02-25,Atlanta,150,Mexico,Fine Appearance,57.0,60.0,58.0,59.0,59.0,MARKET ABOUT STEADY,occasional higher/lower
2026-02-25,Atlanta,150,Mexico,BASE,54.0,57.0,55.0,56.0,56.0,MARKET ABOUT STEADY,occasional higher/lower
2026-02-25,Atlanta,150,Colombia,BASE,49.0,,,,,MARKET ABOUT STEADY,occasional higher/lower
2026-02-25,Atlanta,175,Mexico,Fine Appearance,60.0,61.0,,,61.0,MARKET ABOUT STEADY,occasional higher/lower
2026-02-25,Atlanta,175,Mexico,Fair Quality,50.0,52.0,,,52.0,MARKET ABOUT STEADY,
2026-02-25,Atlanta,175,Mexico,BASE,54.0,57.0,55.0,56.0,56.0,MARKET ABOUT STEADY,occasional lower
2026-02-25,Atlanta,175,Colombia,BASE,49.0,,,,,MARKET ABOUT STEADY,occasional higher/lower
2026-02-25,Atlanta,200,Mexico,Fine Appearance,60.0,61.0,,,61.0,MARKET ABOUT STEADY,occasional higher/lower
2026-02-25,Atlanta,200,Mexico,Fair Quality,50.0,52.0,,,52.0,MARKET ABOUT STEADY,
2026-02-25,Atlanta,200,Mexico,BASE,54.0,57.0,55.0,56.0,56.0,MARKET ABOUT STEADY,occasional lower
2026-02-25,Atlanta,200,Colombia,BASE,49.0,,,,,MARKET ABOUT STEADY,occasional higher/lower
2026-02-25,Atlanta,230,Mexico,Fine Appearance,58.0,60.0,,,60.0,MARKET ABOUT STEADY,occasional higher
2026-02-25,Atlanta,230,Mexico,BASE,54.0,,,,,MARKET ABOUT STEADY,occasional lower
2026-02-25,Atlanta,230,Colombia,BASE,49.0,,,,,MARKET ABOUT STEADY,
2026-02-26,Atlanta,110,Mexico,BASE,46.0,,,,,MARKET STEADY,occasional higher/lower
2026-02-26,Atlanta,150,Mexico,Fair Quality,50.0,52.0,,,52.0,MARKET STEADY,
2026-02-26,Atlanta,150,Mexico,BASE,54.0,57.0,55.0,56.0,56.0,MARKET STEADY,occasional higher/lower
2026-02-26,Atlanta,150,Mexico,Fine Appearance,57.0,60.0,58.0,59.0,59.0,MARKET STEADY,occasional higher/lower
2026-02-26,Atlanta,150,Colombia,BASE,49.0,,,,,MARKET STEADY,occasional higher/lower
2026-02-26,Atlanta,175,Mexico,BASE,54.0,57.0,55.0,56.0,56.0,MARKET STEADY,occasional lower
2026-02-26,Atlanta,175,Mexico,Fine Appearance,60.0,61.0,,,61.0,MARKET STEADY,occasional higher/lower
2026-02-26,Atlanta,175,Mexico,Fair Quality,50.0,52.0,,,52.0,MARKET STEADY,
2026-02-26,Atlanta,175,Colombia,BASE,49.0,,,,,MARKET STEADY,occasional higher/lower
2026-02-26,Atlanta,200,Mexico,Fair Quality,50.0,52.0,,,52.0,MARKET STEADY,
2026-02-26,Atlanta,200,Mexico,BASE,54.0,57.0,55.0,56.0,56.0,MARKET STEADY,occasional lower
2026-02-26,Atlanta,200,Mexico,Fine Appearance,60.0,61.0,,,61.0,MARKET STEADY,occasional higher/lower
2026-02-26,Atlanta,200,Colombia,BASE,49.0,,,,,MARKET STEADY,occasional higher/lower
2026-02-26,Atlanta,230,Mexico,BASE,54.0,,,,,MARKET STEADY,occasional lower
2026-02-26,Atlanta,230,Mexico,Fine Appearance,58.0,60.0,,,60.0,MARKET STEADY,occasional higher
2026-02-26,Atlanta,230,Colombia,BASE,49.0,,,,,MARKET STEADY,
2026-02-27,Atlanta,110,Mexico,BASE,46.0,,,,,"MARKET COLOMBIA SLIGHTLY LOWER, MEXICO STEADY",occasional higher/lower
2026-02-27,Atlanta,150,Mexico,BASE,54.0,57.0,55.0,56.0,56.0,"MARKET COLOMBIA SLIGHTLY LOWER, MEXICO STEADY",occasional higher/lower
2026-02-27,Atlanta,150,Mexico,Fine Appearance,57.0,60.0,58.0,59.0,59.0,"MARKET COLOMBIA SLIGHTLY LOWER, MEXICO STEADY",occasional higher/lower
2026-02-27,Atlanta,150,Mexico,Fair Quality,50.0,52.0,,,52.0,"MARKET COLOMBIA SLIGHTLY LOWER, MEXICO STEADY",
2026-02-27,Atlanta,150,Colombia,BASE,48.0,48.0,,,48.0,"MARKET COLOMBIA SLIGHTLY LOWER, MEXICO STEADY",occasional higher/lower
2026-02-27,Atlanta,175,Mexico,Fine Appearance,60.0,61.0,,,61.0,"MARKET COLOMBIA SLIGHTLY LOWER, MEXICO STEADY",occasional higher/lower
2026-02-27,Atlanta,175,Mexico,BASE,54.0,57.0,55.0,56.0,56.0,"MARKET COLOMBIA SLIGHTLY LOWER, MEXICO STEADY",occasional lower
2026-02-27,Atlanta,175,Mexico,Fair Quality,50.0,52.0,,,52.0,"MARKET COLOMBIA SLIGHTLY LOWER, MEXICO STEADY",
2026-02-27,Atlanta,175,Colombia,BASE,48.0,48.0,,,48.0,"MARKET COLOMBIA SLIGHTLY LOWER, MEXICO STEADY",occasional higher/lower
2026-02-27,Atlanta,200,Mexico,Fair Quality,50.0,52.0,,,52.0,"MARKET COLOMBIA SLIGHTLY LOWER, MEXICO STEADY",
2026-02-27,Atlanta,200,Mexico,Fine Appearance,60.0,61.0,,,61.0,"MARKET COLOMBIA SLIGHTLY LOWER, MEXICO STEADY",occasional higher/lower
2026-02-27,Atlanta,200,Mexico,BASE,54.0,57.0,55.0,56.0,56.0,"MARKET COLOMBIA SLIGHTLY LOWER, MEXICO STEADY",occasional lower
2026-02-27,Atlanta,200,Colombia,BASE,48.0,48.0,,,48.0,"MARKET COLOMBIA SLIGHTLY LOWER, MEXICO STEADY",occasional higher/lower
2026-02-27,Atlanta,230,Mexico,Fine Appearance,58.0,60.0,,,60.0,"MARKET COLOMBIA SLIGHTLY LOWER, MEXICO STEADY",occasional higher
2026-02-27,Atlanta,230,Mexico,BASE,54.0,,,,,"MARKET COLOMBIA SLIGHTLY LOWER, MEXICO STEADY",occasional lower
2026-02-27,Atlanta,230,Colombia,BASE,48.0,48.0,,,48.0,"MARKET COLOMBIA SLIGHTLY LOWER, MEXICO STEADY",
2026-03-02,Atlanta,110,Mexico,BASE,46.0,46.0,,,46.0,MARKET ABOUT STEADY,occasional higher/lower
2026-03-02,Atlanta,150,Mexico,Fine Appearance,58.0,61.0,59.0,60.0,60.0,MARKET ABOUT STEADY,occasional higher/lower
2026-03-02,Atlanta,150,Mexico,Fair Quality,46.0,48.0,,,48.0,MARKET ABOUT STEADY,
2026-03-02,Atlanta,150,Mexico,BASE,51.0,54.0,52.0,53.0,53.0,MARKET ABOUT STEADY,occasional higher/lower
2026-03-02,Atlanta,150,Colombia,BASE,,,,,,MARKET ABOUT STEADY,insufficient to quote
2026-03-02,Atlanta,175,Mexico,Fine Appearance,60.0,61.0,61.0,,61.0,MARKET ABOUT STEADY,occasional higher/lower
2026-03-02,Atlanta,175,Mexico,Fair Quality,46.0,48.0,,,48.0,MARKET ABOUT STEADY,
2026-03-02,Atlanta,175,Mexico,BASE,51.0,54.0,52.0,53.0,53.0,MARKET ABOUT STEADY,occasional lower
2026-03-02,Atlanta,200,Mexico,BASE,51.0,54.0,52.0,53.0,53.0,MARKET ABOUT STEADY,occasional lower
2026-03-02,Atlanta,200,Mexico,Fine Appearance,60.0,61.0,61.0,,61.0,MARKET ABOUT STEADY,occasional higher/lower
2026-03-02,Atlanta,200,Mexico,Fair Quality,46.0,48.0,,,48.0,MARKET ABOUT STEADY,
2026-03-02,Atlanta,230,Mexico,BASE,51.0,54.0,52.0,53.0,53.0,MARKET ABOUT STEADY,occasional lower
2026-03-02,Atlanta,230,Mexico,Fine Appearance,56.0,57.0,,,57.0,MARKET ABOUT STEADY,occasional higher
2026-03-03,Atlanta,110,Mexico,BASE,46.0,46.0,,,46.0,MARKET ABOUT STEADY,occasional higher/lower
2026-03-03,Atlanta,150,Mexico,Fair Quality,46.0,48.0,,,48.0,MARKET ABOUT STEADY,
2026-03-03,Atlanta,150,Mexico,BASE,51.0,54.0,52.0,53.0,53.0,MARKET ABOUT STEADY,occasional higher/lower
2026-03-03,Atlanta,150,Mexico,Fine Appearance,58.0,61.0,59.0,60.0,60.0,MARKET ABOUT STEADY,occasional higher/lower
2026-03-03,Atlanta,175,Mexico,Fair Quality,46.0,48.0,,,48.0,MARKET ABOUT STEADY,
2026-03-03,Atlanta,175,Mexico,BASE,51.0,54.0,52.0,53.0,53.0,MARKET ABOUT STEADY,occasional lower
2026-03-03,Atlanta,175,Mexico,Fine Appearance,60.0,61.0,61.0,,61.0,MARKET ABOUT STEADY,occasional higher/lower
2026-03-03,Atlanta,200,Mexico,BASE,51.0,54.0,52.0,53.0,53.0,MARKET ABOUT STEADY,occasional lower
2026-03-03,Atlanta,200,Mexico,Fair Quality,46.0,48.0,,,48.0,MARKET ABOUT STEADY,
2026-03-03,Atlanta,200,Mexico,Fine Appearance,60.0,61.0,61.0,,61.0,MARKET ABOUT STEADY,occasional higher/lower
2026-03-03,Atlanta,230,Mexico,BASE,51.0,54.0,52.0,53.0,53.0,MARKET ABOUT STEADY,occasional lower
2026-03-03,Atlanta,230,Mexico,Fine Appearance,56.0,57.0,,,57.0,MARKET ABOUT STEADY,occasional higher
2026-03-04,Atlanta,110,Mexico,BASE,46.0,46.0,,,46.0,MARKET ABOUT STEADY,occasional higher/lower
2026-03-04,Atlanta,150,Mexico,Fair Quality,46.0,48.0,,,48.0,MARKET ABOUT STEADY,
2026-03-04,Atlanta,150,Mexico,Fine Appearance,58.0,61.0,59.0,60.0,60.0,MARKET ABOUT STEADY,occasional higher/lower
2026-03-04,Atlanta,150,Mexico,BASE,51.0,54.0,52.0,53.0,53.0,MARKET ABOUT STEADY,few 55.00 occasional higher/lower
2026-03-04,Atlanta,175,Mexico,Fair Quality,46.0,48.0,,,48.0,MARKET ABOUT STEADY,
2026-03-04,Atlanta,175,Mexico,Fine Appearance,60.0,61.0,61.0,,61.0,MARKET ABOUT STEADY,occasional higher/lower
2026-03-04,Atlanta,175,Mexico,BASE,51.0,54.0,52.0,53.0,53.0,MARKET ABOUT STEADY,few 55.00 occasional lower
2026-03-04,Atlanta,200,Mexico,BASE,51.0,54.0,52.0,53.0,53.0,MARKET ABOUT STEADY,occasional lower
2026-03-04,Atlanta,200,Mexico,Fair Quality,46.0,48.0,,,48.0,MARKET ABOUT STEADY,
2026-03-04,Atlanta,200,Mexico,Fine Appearance,60.0,61.0,61.0,,61.0,MARKET ABOUT STEADY,occasional higher/lower
2026-03-04,Atlanta,230,Mexico,Fine Appearance,56.0,57.0,,,57.0,MARKET ABOUT STEADY,occasional higher
2026-03-04,Atlanta,230,Mexico,BASE,51.0,54.0,52.0,53.0,53.0,MARKET ABOUT STEADY,occasional lower
2026-03-05,Atlanta,110,Mexico,BASE,46.0,46.0,,,46.0,MARKET STEADY,occasional higher/lower
2026-03-05,Atlanta,150,Mexico,BASE,51.0,54.0,52.0,53.0,53.0,MARKET STEADY,few 55.00 occasional higher/lower
2026-03-05,Atlanta,150,Mexico,Fine Appearance,58.0,61.0,59.0,60.0,60.0,MARKET STEADY,occasional higher/lower
2026-03-05,Atlanta,150,Mexico,Fair Quality,46.0,48.0,,,48.0,MARKET STEADY,
2026-03-05,Atlanta,175,Mexico,Fair Quality,46.0,48.0,,,48.0,MARKET STEADY,
2026-03-05,Atlanta,175,Mexico,Fine Appearance,60.0,61.0,61.0,,61.0,MARKET STEADY,occasional higher/lower
2026-03-05,Atlanta,175,Mexico,BASE,51.0,54.0,52.0,53.0,53.0,MARKET STEADY,few 55.00 occasional lower
2026-03-05,Atlanta,200,Mexico,Fine Appearance,60.0,61.0,61.0,,61.0,MARKET STEADY,occasional higher/lower
2026-03-05,Atlanta,200,Mexico,Fair Quality,46.0,48.0,,,48.0,MARKET STEADY,
2026-03-05,Atlanta,200,Mexico,BASE,51.0,54.0,52.0,53.0,53.0,MARKET STEADY,occasional lower
2026-03-05,Atlanta,230,Mexico,Fine Appearance,56.0,57.0,,,57.0,MARKET STEADY,occasional higher
2026-03-05,Atlanta,230,Mexico,BASE,51.0,54.0,52.0,53.0,53.0,MARKET STEADY,occasional lower
2026-03-06,Atlanta,110,Mexico,BASE,46.0,46.0,,,46.0,MARKET STEADY,occasional higher/lower
2026-03-06,Atlanta,150,Mexico,BASE,51.0,54.0,52.0,53.0,53.0,MARKET STEADY,few 55.00 occasional higher/lower
2026-03-06,Atlanta,150,Mexico,Fine Appearance,58.0,61.0,59.0,60.0,60.0,MARKET STEADY,occasional higher/lower
2026-03-06,Atlanta,150,Mexico,Fair Quality,46.0,48.0,,,48.0,MARKET STEADY,
2026-03-06,Atlanta,175,Mexico,BASE,51.0,54.0,52.0,53.0,53.0,MARKET STEADY,few 55.00 occasional lower
2026-03-06,Atlanta,175,Mexico,Fair Quality,46.0,48.0,,,48.0,MARKET STEADY,
2026-03-06,Atlanta,175,Mexico,Fine Appearance,60.0,61.0,61.0,,61.0,MARKET STEADY,occasional higher/lower
2026-03-06,Atlanta,200,Mexico,Fair Quality,46.0,48.0,,,48.0,MARKET STEADY,
2026-03-06,Atlanta,200,Mexico,BASE,51.0,54.0,52.0,53.0,53.0,MARKET STEADY,occasional lower
2026-03-06,Atlanta,200,Mexico,Fine Appearance,60.0,61.0,61.0,,61.0,MARKET STEADY,occasional higher/lower
2026-03-06,Atlanta,230,Mexico,BASE,51.0,54.0,52.0,53.0,53.0,MARKET STEADY,occasional lower
2026-03-06,Atlanta,230,Mexico,Fine Appearance,56.0,57.0,,,57.0,MARKET STEADY,occasional higher
2026-03-09,Atlanta,110,Mexico,Fair Quality,46.0,46.0,,,46.0,MARKET FIRM,
2026-03-09,Atlanta,150,Mexico,Fine Appearance,70.0,72.0,71.0,72.0,72.0,MARKET FIRM,occasional higher/lower
2026-03-09,Atlanta,150,Mexico,BASE,63.0,66.0,64.0,65.0,65.0,MARKET FIRM,few lots 56.00-57.00 occasional higher/lower
2026-03-09,Atlanta,150,Mexico,Fair Quality,48.0,50.0,,,50.0,MARKET FIRM,
2026-03-09,Atlanta,175,Mexico,Fair Quality,48.0,50.0,,,50.0,MARKET FIRM,
2026-03-09,Atlanta,175,Mexico,Fine Appearance,70.0,72.0,71.0,72.0,72.0,MARKET FIRM,occasional higher/lower
2026-03-09,Atlanta,175,Mexico,BASE,63.0,66.0,64.0,65.0,65.0,MARKET FIRM,few lots 56.00-57.00 occasional lower
2026-03-09,Atlanta,200,Mexico,Fair Quality,48.0,50.0,,,50.0,MARKET FIRM,
2026-03-09,Atlanta,200,Mexico,BASE,63.0,66.0,64.0,65.0,65.0,MARKET FIRM,few lots 56.00-57.00 occasional lower
2026-03-09,Atlanta,200,Mexico,Fine Appearance,70.0,72.0,71.0,72.0,72.0,MARKET FIRM,occasional higher/lower
2026-03-09,Atlanta,230,Mexico,BASE,58.0,61.0,59.0,60.0,60.0,MARKET FIRM,occasional lower
2026-03-09,Atlanta,230,Mexico,Fine Appearance,70.0,72.0,71.0,72.0,72.0,MARKET FIRM,occasional higher
2026-03-10,Atlanta,110,Mexico,Fair Quality,46.0,46.0,,,46.0,MARKET ABOUT STEADY,
2026-03-10,Atlanta,150,Mexico,BASE,63.0,66.0,64.0,65.0,65.0,MARKET ABOUT STEADY,few lots 56.00-57.00 occasional higher/lower
2026-03-10,Atlanta,150,Mexico,Fair Quality,48.0,50.0,,,50.0,MARKET ABOUT STEADY,
2026-03-10,Atlanta,150,Mexico,Fine Appearance,70.0,72.0,71.0,72.0,72.0,MARKET ABOUT STEADY,occasional higher/lower
2026-03-10,Atlanta,175,Mexico,Fine Appearance,70.0,72.0,71.0,72.0,72.0,MARKET ABOUT STEADY,occasional higher/lower
2026-03-10,Atlanta,175,Mexico,Fair Quality,48.0,50.0,,,50.0,MARKET ABOUT STEADY,
2026-03-10,Atlanta,175,Mexico,BASE,63.0,66.0,64.0,65.0,65.0,MARKET ABOUT STEADY,few lots 56.00-57.00 occasional lower
2026-03-10,Atlanta,200,Mexico,Fine Appearance,70.0,72.0,71.0,72.0,72.0,MARKET ABOUT STEADY,occasional higher/lower
2026-03-10,Atlanta,200,Mexico,Fair Quality,48.0,50.0,,,50.0,MARKET ABOUT STEADY,
2026-03-10,Atlanta,200,Mexico,BASE,63.0,66.0,64.0,65.0,65.0,MARKET ABOUT STEADY,few lots 56.00-57.00 occasional lower
2026-03-10,Atlanta,230,Mexico,BASE,58.0,61.0,59.0,60.0,60.0,MARKET ABOUT STEADY,occasional lower
2026-03-10,Atlanta,230,Mexico,Fine Appearance,46.0,48.0,,,48.0,MARKET ABOUT STEADY,poorer quality and condition lower
2026-03-11,Atlanta,110,Mexico,Fair Quality,46.0,46.0,,,46.0,MARKET STEADY,
2026-03-11,Atlanta,150,Mexico,BASE,63.0,66.0,64.0,65.0,65.0,MARKET STEADY,few lots 56.00-57.00 occasional higher/lower
2026-03-11,Atlanta,150,Mexico,Fair Quality,48.0,50.0,,,50.0,MARKET STEADY,
2026-03-11,Atlanta,150,Mexico,Fine Appearance,70.0,72.0,71.0,72.0,72.0,MARKET STEADY,occasional higher/lower
2026-03-11,Atlanta,175,Mexico,Fair Quality,48.0,50.0,,,50.0,MARKET STEADY,
2026-03-11,Atlanta,175,Mexico,BASE,63.0,66.0,64.0,65.0,65.0,MARKET STEADY,few lots 56.00-57.00 occasional lower
2026-03-11,Atlanta,175,Mexico,Fine Appearance,70.0,72.0,71.0,72.0,72.0,MARKET STEADY,occasional higher/lower
2026-03-11,Atlanta,200,Mexico,Fair Quality,48.0,50.0,,,50.0,MARKET STEADY,
2026-03-11,Atlanta,200,Mexico,BASE,63.0,66.0,64.0,65.0,65.0,MARKET STEADY,few lots 56.00-57.00 occasional lower
2026-03-11,Atlanta,200,Mexico,Fine Appearance,70.0,72.0,71.0,72.0,72.0,MARKET STEADY,occasional higher/lower
2026-03-11,Atlanta,230,Mexico,Fine Appearance,46.0,48.0,,,48.0,MARKET STEADY,poorer quality and condition lower
2026-03-11,Atlanta,230,Mexico,BASE,58.0,61.0,59.0,60.0,60.0,MARKET STEADY,occasional lower
2026-03-12,Atlanta,110,Mexico,BASE,60.0,60.0,,,60.0,"MARKET 40-POUND CARTONS FINE APPEARANCE STEADY, OTHERS SLIGHTLY HIGHER",
2026-03-12,Atlanta,150,Mexico,Fair Quality,57.0,60.0,,,60.0,"MARKET 40-POUND CARTONS FINE APPEARANCE STEADY, OTHERS SLIGHTLY HIGHER",
2026-03-12,Atlanta,150,Mexico,Fine Appearance,70.0,72.0,71.0,72.0,72.0,"MARKET 40-POUND CARTONS FINE APPEARANCE STEADY, OTHERS SLIGHTLY HIGHER",occasional higher/lower
2026-03-12,Atlanta,150,Mexico,BASE,63.0,66.0,64.0,65.0,65.0,"MARKET 40-POUND CARTONS FINE APPEARANCE STEADY, OTHERS SLIGHTLY HIGHER",occasional higher/lower
2026-03-12,Atlanta,175,Mexico,Fine Appearance,70.0,72.0,71.0,72.0,72.0,"MARKET 40-POUND CARTONS FINE APPEARANCE STEADY, OTHERS SLIGHTLY HIGHER",occasional higher/lower
2026-03-12,Atlanta,175,Mexico,Fair Quality,57.0,60.0,,,60.0,"MARKET 40-POUND CARTONS FINE APPEARANCE STEADY, OTHERS SLIGHTLY HIGHER",
2026-03-12,Atlanta,175,Mexico,BASE,63.0,66.0,64.0,65.0,65.0,"MARKET 40-POUND CARTONS FINE APPEARANCE STEADY, OTHERS SLIGHTLY HIGHER",few lots 56.00-57.00 occasional lower
2026-03-12,Atlanta,200,Mexico,Fair Quality,57.0,60.0,,,60.0,"MARKET 40-POUND CARTONS FINE APPEARANCE STEADY, OTHERS SLIGHTLY HIGHER",
2026-03-12,Atlanta,200,Mexico,Fine Appearance,70.0,72.0,71.0,72.0,72.0,"MARKET 40-POUND CARTONS FINE APPEARANCE STEADY, OTHERS SLIGHTLY HIGHER",occasional higher/lower
2026-03-12,Atlanta,200,Mexico,BASE,63.0,66.0,64.0,65.0,65.0,"MARKET 40-POUND CARTONS FINE APPEARANCE STEADY, OTHERS SLIGHTLY HIGHER",occasional lower
2026-03-12,Atlanta,230,Mexico,Fair Quality,57.0,60.0,,,60.0,"MARKET 40-POUND CARTONS FINE APPEARANCE STEADY, OTHERS SLIGHTLY HIGHER",poorer quality and condition lower
2026-03-12,Atlanta,230,Mexico,BASE,63.0,66.0,64.0,65.0,65.0,"MARKET 40-POUND CARTONS FINE APPEARANCE STEADY, OTHERS SLIGHTLY HIGHER",occasional lower
2026-03-12,Atlanta,230,Mexico,Fine Appearance,70.0,72.0,71.0,72.0,72.0,"MARKET 40-POUND CARTONS FINE APPEARANCE STEADY, OTHERS SLIGHTLY HIGHER",occasional higher
2026-03-13,Atlanta,110,Mexico,BASE,60.0,60.0,,,60.0,MARKET ABOUT STEADY,
2026-03-13,Atlanta,150,Mexico,Fair Quality,57.0,60.0,,,60.0,MARKET ABOUT STEADY,
2026-03-13,Atlanta,150,Mexico,BASE,63.0,66.0,64.0,65.0,65.0,MARKET ABOUT STEADY,occasional higher/lower
2026-03-13,Atlanta,150,Mexico,Fine Appearance,70.0,72.0,71.0,72.0,72.0,MARKET ABOUT STEADY,occasional higher/lower
2026-03-13,Atlanta,175,Mexico,Fair Quality,57.0,60.0,,,60.0,MARKET ABOUT STEADY,
2026-03-13,Atlanta,175,Mexico,Fine Appearance,70.0,72.0,71.0,72.0,72.0,MARKET ABOUT STEADY,occasional higher/lower
2026-03-13,Atlanta,175,Mexico,BASE,63.0,66.0,64.0,65.0,65.0,MARKET ABOUT STEADY,few lots 56.00-57.00 occasional lower
2026-03-13,Atlanta,200,Mexico,BASE,63.0,66.0,64.0,65.0,65.0,MARKET ABOUT STEADY,occasional lower
2026-03-13,Atlanta,200,Mexico,Fine Appearance,70.0,72.0,71.0,72.0,72.0,MARKET ABOUT STEADY,occasional higher/lower
2026-03-13,Atlanta,200,Mexico,Fair Quality,57.0,60.0,,,60.0,MARKET ABOUT STEADY,
2026-03-13,Atlanta,230,Mexico,BASE,63.0,66.0,64.0,65.0,65.0,MARKET ABOUT STEADY,occasional lower
2026-03-13,Atlanta,230,Mexico,Fair Quality,57.0,60.0,,,60.0,MARKET ABOUT STEADY,poorer quality and condition lower
2026-03-13,Atlanta,230,Mexico,Fine Appearance,70.0,72.0,71.0,72.0,72.0,MARKET ABOUT STEADY,occasional higher
2026-03-16,Atlanta,110,Mexico,BASE,60.0,60.0,,,60.0,"MARKET SEEDED TYPE SLIGHTLY HIGHER, SEEDLESS TYPE ABOUT STEADY",
2026-03-16,Atlanta,150,Mexico,Fine Appearance,70.0,72.0,71.0,72.0,72.0,"MARKET SEEDED TYPE SLIGHTLY HIGHER, SEEDLESS TYPE ABOUT STEADY",occasional higher/lower
2026-03-16,Atlanta,150,Mexico,Fair Quality,57.0,60.0,,,60.0,"MARKET SEEDED TYPE SLIGHTLY HIGHER, SEEDLESS TYPE ABOUT STEADY",
2026-03-16,Atlanta,150,Mexico,BASE,63.0,66.0,64.0,65.0,65.0,"MARKET SEEDED TYPE SLIGHTLY HIGHER, SEEDLESS TYPE ABOUT STEADY",occasional higher/lower
2026-03-16,Atlanta,150,Colombia,BASE,58.0,59.0,,,59.0,"MARKET SEEDED TYPE SLIGHTLY HIGHER, SEEDLESS TYPE ABOUT STEADY",occasional higher/lower
2026-03-16,Atlanta,175,Mexico,Fine Appearance,70.0,72.0,71.0,72.0,72.0,"MARKET SEEDED TYPE SLIGHTLY HIGHER, SEEDLESS TYPE ABOUT STEADY",occasional higher/lower
2026-03-16,Atlanta,175,Mexico,Fair Quality,57.0,60.0,,,60.0,"MARKET SEEDED TYPE SLIGHTLY HIGHER, SEEDLESS TYPE ABOUT STEADY",
2026-03-16,Atlanta,175,Mexico,BASE,63.0,66.0,64.0,65.0,65.0,"MARKET SEEDED TYPE SLIGHTLY HIGHER, SEEDLESS TYPE ABOUT STEADY",few lots 56.00-57.00 occasional lower
2026-03-16,Atlanta,175,Colombia,BASE,58.0,59.0,,,59.0,"MARKET SEEDED TYPE SLIGHTLY HIGHER, SEEDLESS TYPE ABOUT STEADY",occasional higher/lower
2026-03-16,Atlanta,200,Mexico,BASE,63.0,66.0,64.0,65.0,65.0,"MARKET SEEDED TYPE SLIGHTLY HIGHER, SEEDLESS TYPE ABOUT STEADY",occasional lower
2026-03-16,Atlanta,200,Mexico,Fine Appearance,70.0,72.0,71.0,72.0,72.0,"MARKET SEEDED TYPE SLIGHTLY HIGHER, SEEDLESS TYPE ABOUT STEADY",occasional higher/lower
2026-03-16,Atlanta,200,Mexico,Fair Quality,57.0,60.0,,,60.0,"MARKET SEEDED TYPE SLIGHTLY HIGHER, SEEDLESS TYPE ABOUT STEADY",
2026-03-16,Atlanta,230,Mexico,Fair Quality,57.0,60.0,,,60.0,"MARKET SEEDED TYPE SLIGHTLY HIGHER, SEEDLESS TYPE ABOUT STEADY",poorer quality and condition lower
2026-03-16,Atlanta,230,Mexico,BASE,63.0,66.0,64.0,65.0,65.0,"MARKET SEEDED TYPE SLIGHTLY HIGHER, SEEDLESS TYPE ABOUT STEADY",occasional lower
2026-03-16,Atlanta,230,Mexico,Fine Appearance,70.0,72.0,71.0,72.0,72.0,"MARKET SEEDED TYPE SLIGHTLY HIGHER, SEEDLESS TYPE ABOUT STEADY",occasional higher
2026-03-17,Atlanta,110,Mexico,BASE,60.0,60.0,,,60.0,MARKET ABOUT STEADY,
2026-03-17,Atlanta,150,Mexico,BASE,63.0,66.0,64.0,65.0,65.0,MARKET ABOUT STEADY,occasional higher/lower
2026-03-17,Atlanta,150,Mexico,Fine Appearance,70.0,72.0,71.0,72.0,72.0,MARKET ABOUT STEADY,occasional higher/lower
2026-03-17,Atlanta,150,Mexico,Fair Quality,57.0,60.0,,,60.0,MARKET ABOUT STEADY,
2026-03-17,Atlanta,150,Colombia,BASE,58.0,59.0,,,59.0,MARKET ABOUT STEADY,occasional higher/lower
2026-03-17,Atlanta,175,Mexico,Fair Quality,57.0,60.0,,,60.0,MARKET ABOUT STEADY,
2026-03-17,Atlanta,175,Mexico,BASE,63.0,66.0,64.0,65.0,65.0,MARKET ABOUT STEADY,few lots 56.00-57.00 occasional lower
2026-03-17,Atlanta,175,Mexico,Fine Appearance,70.0,72.0,71.0,72.0,72.0,MARKET ABOUT STEADY,occasional higher/lower
2026-03-17,Atlanta,175,Colombia,BASE,58.0,59.0,,,59.0,MARKET ABOUT STEADY,occasional higher/lower
2026-03-17,Atlanta,200,Mexico,Fine Appearance,70.0,72.0,71.0,72.0,72.0,MARKET ABOUT STEADY,occasional higher/lower
2026-03-17,Atlanta,200,Mexico,Fair Quality,57.0,60.0,,,60.0,MARKET ABOUT STEADY,
2026-03-17,Atlanta,200,Mexico,BASE,63.0,66.0,64.0,65.0,65.0,MARKET ABOUT STEADY,occasional lower
2026-03-17,Atlanta,230,Mexico,BASE,63.0,66.0,64.0,65.0,65.0,MARKET ABOUT STEADY,occasional lower
2026-03-17,Atlanta,230,Mexico,Fine Appearance,70.0,72.0,71.0,72.0,72.0,MARKET ABOUT STEADY,occasional higher
2026-03-17,Atlanta,230,Mexico,Fair Quality,57.0,60.0,,,60.0,MARKET ABOUT STEADY,poorer quality and condition lower
2026-03-18,Atlanta,110,Mexico,BASE,60.0,60.0,,,60.0,"MARKET 40-POUND CARTONS FINE APPEARANCE SLIGHTLY HIGHER, OTHERS ABOUT STEADY",
2026-03-18,Atlanta,150,Mexico,Fine Appearance,72.0,75.0,73.0,74.0,74.0,"MARKET 40-POUND CARTONS FINE APPEARANCE SLIGHTLY HIGHER, OTHERS ABOUT STEADY",occasional higher/lower
2026-03-18,Atlanta,150,Mexico,Fair Quality,57.0,60.0,,,60.0,"MARKET 40-POUND CARTONS FINE APPEARANCE SLIGHTLY HIGHER, OTHERS ABOUT STEADY",
2026-03-18,Atlanta,150,Mexico,BASE,63.0,66.0,64.0,65.0,65.0,"MARKET 40-POUND CARTONS FINE APPEARANCE SLIGHTLY HIGHER, OTHERS ABOUT STEADY",occasional higher/lower
2026-03-18,Atlanta,150,Colombia,BASE,58.0,59.0,,,59.0,"MARKET 40-POUND CARTONS FINE APPEARANCE SLIGHTLY HIGHER, OTHERS ABOUT STEADY",occasional higher/lower
2026-03-18,Atlanta,175,Mexico,BASE,63.0,66.0,64.0,65.0,65.0,"MARKET 40-POUND CARTONS FINE APPEARANCE SLIGHTLY HIGHER, OTHERS ABOUT STEADY",few lots 56.00-57.00 occasional lower
2026-03-18,Atlanta,175,Mexico,Fair Quality,57.0,60.0,,,60.0,"MARKET 40-POUND CARTONS FINE APPEARANCE SLIGHTLY HIGHER, OTHERS ABOUT STEADY",
2026-03-18,Atlanta,175,Mexico,Fine Appearance,72.0,75.0,73.0,74.0,74.0,"MARKET 40-POUND CARTONS FINE APPEARANCE SLIGHTLY HIGHER, OTHERS ABOUT STEADY",occasional higher/lower
2026-03-18,Atlanta,175,Colombia,BASE,58.0,59.0,,,59.0,"MARKET 40-POUND CARTONS FINE APPEARANCE SLIGHTLY HIGHER, OTHERS ABOUT STEADY",occasional higher/lower
2026-03-18,Atlanta,200,Mexico,Fair Quality,57.0,60.0,,,60.0,"MARKET 40-POUND CARTONS FINE APPEARANCE SLIGHTLY HIGHER, OTHERS ABOUT STEADY",
2026-03-18,Atlanta,200,Mexico,BASE,63.0,66.0,64.0,65.0,65.0,"MARKET 40-POUND CARTONS FINE APPEARANCE SLIGHTLY HIGHER, OTHERS ABOUT STEADY",occasional lower
2026-03-18,Atlanta,200,Mexico,Fine Appearance,72.0,75.0,73.0,74.0,74.0,"MARKET 40-POUND CARTONS FINE APPEARANCE SLIGHTLY HIGHER, OTHERS ABOUT STEADY",occasional higher/lower
2026-03-18,Atlanta,230,Mexico,BASE,63.0,66.0,64.0,65.0,65.0,"MARKET 40-POUND CARTONS FINE APPEARANCE SLIGHTLY HIGHER, OTHERS ABOUT STEADY",occasional lower
2026-03-18,Atlanta,230,Mexico,Fine Appearance,72.0,75.0,73.0,74.0,74.0,"MARKET 40-POUND CARTONS FINE APPEARANCE SLIGHTLY HIGHER, OTHERS ABOUT STEADY",occasional higher
2026-03-18,Atlanta,230,Mexico,Fair Quality,57.0,60.0,,,60.0,"MARKET 40-POUND CARTONS FINE APPEARANCE SLIGHTLY HIGHER, OTHERS ABOUT STEADY",poorer quality and condition lower
2026-03-19,Atlanta,110,Mexico,BASE,60.0,60.0,,,60.0,MARKET ABOUT STEADY,
2026-03-19,Atlanta,150,Mexico,Fair Quality,57.0,60.0,,,60.0,MARKET ABOUT STEADY,
2026-03-19,Atlanta,150,Mexico,BASE,63.0,66.0,64.0,65.0,65.0,MARKET ABOUT STEADY,occasional higher/lower
2026-03-19,Atlanta,150,Mexico,Fine Appearance,72.0,75.0,73.0,74.0,74.0,MARKET ABOUT STEADY,occasional higher/lower
2026-03-19,Atlanta,150,Colombia,BASE,58.0,59.0,,,59.0,MARKET ABOUT STEADY,occasional higher/lower
2026-03-19,Atlanta,175,Mexico,Fine Appearance,72.0,75.0,73.0,74.0,74.0,MARKET ABOUT STEADY,occasional higher/lower
2026-03-19,Atlanta,175,Mexico,Fair Quality,57.0,60.0,,,60.0,MARKET ABOUT STEADY,
2026-03-19,Atlanta,175,Mexico,BASE,63.0,66.0,64.0,65.0,65.0,MARKET ABOUT STEADY,few lots 56.00-57.00 occasional lower
2026-03-19,Atlanta,175,Colombia,BASE,58.0,59.0,,,59.0,MARKET ABOUT STEADY,occasional higher/lower
2026-03-19,Atlanta,200,Mexico,BASE,63.0,66.0,64.0,65.0,65.0,MARKET ABOUT STEADY,occasional lower
2026-03-19,Atlanta,200,Mexico,Fine Appearance,72.0,75.0,73.0,74.0,74.0,MARKET ABOUT STEADY,occasional higher/lower
2026-03-19,Atlanta,200,Mexico,Fair Quality,57.0,60.0,,,60.0,MARKET ABOUT STEADY,
2026-03-19,Atlanta,230,Mexico,Fair Quality,57.0,60.0,,,60.0,MARKET ABOUT STEADY,poorer quality and condition lower
2026-03-19,Atlanta,230,Mexico,BASE,63.0,66.0,64.0,65.0,65.0,MARKET ABOUT STEADY,occasional lower
2026-03-19,Atlanta,230,Mexico,Fine Appearance,72.0,75.0,73.0,74.0,74.0,MARKET ABOUT STEADY,occasional higher
2026-03-20,Atlanta,110,Mexico,BASE,60.0,60.0,,,60.0,"MARKET MEXICO STRONG, COLOMBIA ABOUT STEADY",
2026-03-20,Atlanta,150,Mexico,BASE,65.0,68.0,66.0,67.0,67.0,"MARKET MEXICO STRONG, COLOMBIA ABOUT STEADY",
2026-03-20,Atlanta,150,Mexico,Fine Appearance,75.0,78.0,76.0,77.0,77.0,"MARKET MEXICO STRONG, COLOMBIA ABOUT STEADY",occasional higher/lower
2026-03-20,Atlanta,150,Mexico,Fair Quality,60.0,60.0,,,60.0,"MARKET MEXICO STRONG, COLOMBIA ABOUT STEADY",poorer quality and condition lower
2026-03-20,Atlanta,150,Colombia,BASE,58.0,59.0,,,59.0,"MARKET MEXICO STRONG, COLOMBIA ABOUT STEADY",occasional higher/lower
2026-03-20,Atlanta,175,Mexico,Fair Quality,60.0,60.0,,,60.0,"MARKET MEXICO STRONG, COLOMBIA ABOUT STEADY",poorer quality and condition lower
2026-03-20,Atlanta,175,Mexico,Fine Appearance,73.0,75.0,74.0,75.0,75.0,"MARKET MEXICO STRONG, COLOMBIA ABOUT STEADY",occasional higher/lower
2026-03-20,Atlanta,175,Mexico,BASE,66.0,69.0,67.0,68.0,68.0,"MARKET MEXICO STRONG, COLOMBIA ABOUT STEADY",occasional lower
2026-03-20,Atlanta,175,Colombia,BASE,58.0,59.0,,,59.0,"MARKET MEXICO STRONG, COLOMBIA ABOUT STEADY",occasional higher/lower
2026-03-20,Atlanta,200,Mexico,Fine Appearance,73.0,75.0,74.0,75.0,75.0,"MARKET MEXICO STRONG, COLOMBIA ABOUT STEADY",occasional higher/lower
2026-03-20,Atlanta,200,Mexico,Fair Quality,60.0,60.0,,,60.0,"MARKET MEXICO STRONG, COLOMBIA ABOUT STEADY",poorer quality and condition lower
2026-03-20,Atlanta,200,Mexico,BASE,66.0,69.0,67.0,68.0,68.0,"MARKET MEXICO STRONG, COLOMBIA ABOUT STEADY",occasional lower
2026-03-20,Atlanta,230,Mexico,Fair Quality,60.0,60.0,,,60.0,"MARKET MEXICO STRONG, COLOMBIA ABOUT STEADY",poorer quality and condition lower
2026-03-20,Atlanta,230,Mexico,Fine Appearance,73.0,75.0,74.0,75.0,75.0,"MARKET MEXICO STRONG, COLOMBIA ABOUT STEADY",occasional higher
2026-03-20,Atlanta,230,Mexico,BASE,66.0,69.0,67.0,68.0,68.0,"MARKET MEXICO STRONG, COLOMBIA ABOUT STEADY",occasional lower
2026-03-23,Atlanta,110,Colombia,BASE,60.0,60.0,,,60.0,"MARKET SEEDLESS TYPE STRONG, SEEDED TYPE STEADY",
2026-03-23,Atlanta,150,Mexico,BASE,73.0,76.0,74.0,75.0,75.0,"MARKET SEEDLESS TYPE STRONG, SEEDED TYPE STEADY",few high as 78.00
2026-03-23,Atlanta,150,Mexico,Fine Appearance,82.0,85.0,83.0,84.0,84.0,"MARKET SEEDLESS TYPE STRONG, SEEDED TYPE STEADY",occasional higher/lower
2026-03-23,Atlanta,150,Mexico,Fair Quality,65.0,65.0,,,65.0,"MARKET SEEDLESS TYPE STRONG, SEEDED TYPE STEADY",poorer quality and condition lower
2026-03-23,Atlanta,175,Mexico,Fair Quality,65.0,65.0,,,65.0,"MARKET SEEDLESS TYPE STRONG, SEEDED TYPE STEADY",poorer quality and condition lower
2026-03-23,Atlanta,175,Mexico,Fine Appearance,82.0,85.0,83.0,84.0,84.0,"MARKET SEEDLESS TYPE STRONG, SEEDED TYPE STEADY",occasional higher/lower
2026-03-23,Atlanta,175,Mexico,BASE,73.0,76.0,74.0,75.0,75.0,"MARKET SEEDLESS TYPE STRONG, SEEDED TYPE STEADY",occasional lower
2026-03-23,Atlanta,175,Colombia,BASE,,,,,,"MARKET SEEDLESS TYPE STRONG, SEEDED TYPE STEADY",insufficient to quote
2026-03-23,Atlanta,200,Mexico,BASE,73.0,76.0,74.0,75.0,75.0,"MARKET SEEDLESS TYPE STRONG, SEEDED TYPE STEADY",occasional lower
2026-03-23,Atlanta,200,Mexico,Fair Quality,65.0,65.0,,,65.0,"MARKET SEEDLESS TYPE STRONG, SEEDED TYPE STEADY",poorer quality and condition lower
2026-03-23,Atlanta,200,Mexico,Fine Appearance,82.0,85.0,83.0,84.0,84.0,"MARKET SEEDLESS TYPE STRONG, SEEDED TYPE STEADY",occasional higher/lower
2026-03-23,Atlanta,230,Mexico,Fair Quality,65.0,65.0,,,65.0,"MARKET SEEDLESS TYPE STRONG, SEEDED TYPE STEADY",poorer quality and condition lower
2026-03-23,Atlanta,230,Mexico,Fine Appearance,77.0,80.0,78.0,79.0,79.0,"MARKET SEEDLESS TYPE STRONG, SEEDED TYPE STEADY",occasional higher
2026-03-23,Atlanta,230,Mexico,BASE,72.0,75.0,73.0,74.0,74.0,"MARKET SEEDLESS TYPE STRONG, SEEDED TYPE STEADY",occasional lower
2026-03-24,Atlanta,110,Colombia,BASE,60.0,60.0,,,60.0,MARKET ABOUT STEADY,
2026-03-24,Atlanta,150,Mexico,Fair Quality,65.0,65.0,,,65.0,MARKET ABOUT STEADY,poorer quality and condition lower
2026-03-24,Atlanta,150,Mexico,Fine Appearance,82.0,85.0,83.0,84.0,84.0,MARKET ABOUT STEADY,occasional higher/lower
2026-03-24,Atlanta,150,Mexico,BASE,73.0,76.0,74.0,75.0,75.0,MARKET ABOUT STEADY,few high as 78.00
2026-03-24,Atlanta,175,Mexico,BASE,73.0,76.0,74.0,75.0,75.0,MARKET ABOUT STEADY,occasional lower
2026-03-24,Atlanta,175,Mexico,Fair Quality,65.0,65.0,,,65.0,MARKET ABOUT STEADY,poorer quality and condition lower
2026-03-24,Atlanta,175,Mexico,Fine Appearance,82.0,85.0,83.0,84.0,84.0,MARKET ABOUT STEADY,occasional higher/lower
2026-03-24,Atlanta,175,Colombia,BASE,,,,,,MARKET ABOUT STEADY,insufficient to quote
2026-03-24,Atlanta,200,Mexico,Fine Appearance,82.0,85.0,83.0,84.0,84.0,MARKET ABOUT STEADY,occasional higher/lower
2026-03-24,Atlanta,200,Mexico,BASE,73.0,76.0,74.0,75.0,75.0,MARKET ABOUT STEADY,occasional lower
2026-03-24,Atlanta,200,Mexico,Fair Quality,65.0,65.0,,,65.0,MARKET ABOUT STEADY,poorer quality and condition lower
2026-03-24,Atlanta,230,Mexico,BASE,72.0,75.0,73.0,74.0,74.0,MARKET ABOUT STEADY,occasional lower
2026-03-24,Atlanta,230,Mexico,Fine Appearance,77.0,80.0,78.0,79.0,79.0,MARKET ABOUT STEADY,occasional higher
2026-03-24,Atlanta,230,Mexico,Fair Quality,65.0,65.0,,,65.0,MARKET ABOUT STEADY,poorer quality and condition lower
2026-03-25,Atlanta,110,Colombia,BASE,,,,,,MARKET ABOUT STEADY,insufficient to quote
2026-03-25,Atlanta,150,Mexico,Fine Appearance,82.0,85.0,83.0,84.0,84.0,MARKET ABOUT STEADY,occasional higher/lower
2026-03-25,Atlanta,150,Mexico,Fair Quality,65.0,65.0,,,65.0,MARKET ABOUT STEADY,poorer quality and condition lower
2026-03-25,Atlanta,150,Mexico,BASE,73.0,76.0,74.0,75.0,75.0,MARKET ABOUT STEADY,few high as 78.00
2026-03-25,Atlanta,175,Mexico,BASE,73.0,76.0,74.0,75.0,75.0,MARKET ABOUT STEADY,occasional lower
2026-03-25,Atlanta,175,Mexico,Fair Quality,65.0,65.0,,,65.0,MARKET ABOUT STEADY,poorer quality and condition lower
2026-03-25,Atlanta,175,Mexico,Fine Appearance,82.0,85.0,83.0,84.0,84.0,MARKET ABOUT STEADY,occasional higher/lower
2026-03-25,Atlanta,200,Mexico,Fair Quality,65.0,65.0,,,65.0,MARKET ABOUT STEADY,poorer quality and condition lower
2026-03-25,Atlanta,200,Mexico,BASE,73.0,76.0,74.0,75.0,75.0,MARKET ABOUT STEADY,occasional lower
2026-03-25,Atlanta,200,Mexico,Fine Appearance,82.0,85.0,83.0,84.0,84.0,MARKET ABOUT STEADY,occasional higher/lower
2026-03-25,Atlanta,230,Mexico,Fine Appearance,77.0,80.0,78.0,79.0,79.0,MARKET ABOUT STEADY,occasional higher
2026-03-25,Atlanta,230,Mexico,BASE,72.0,75.0,73.0,74.0,74.0,MARKET ABOUT STEADY,occasional lower
2026-03-25,Atlanta,230,Mexico,Fair Quality,65.0,65.0,,,65.0,MARKET ABOUT STEADY,poorer quality and condition lower
2026-03-26,Atlanta,150,Mexico,BASE,73.0,76.0,74.0,75.0,75.0,MARKET ABOUT STEADY,few high as 78.00
2026-03-26,Atlanta,150,Mexico,Fair Quality,65.0,65.0,,,65.0,MARKET ABOUT STEADY,poorer quality and condition lower
2026-03-26,Atlanta,150,Mexico,Fine Appearance,82.0,85.0,83.0,84.0,84.0,MARKET ABOUT STEADY,occasional higher/lower
2026-03-26,Atlanta,175,Mexico,BASE,73.0,76.0,74.0,75.0,75.0,MARKET ABOUT STEADY,occasional lower
2026-03-26,Atlanta,175,Mexico,Fine Appearance,82.0,85.0,83.0,84.0,84.0,MARKET ABOUT STEADY,occasional higher/lower
2026-03-26,Atlanta,175,Mexico,Fair Quality,65.0,65.0,,,65.0,MARKET ABOUT STEADY,poorer quality and condition lower
2026-03-26,Atlanta,200,Mexico,BASE,73.0,76.0,74.0,75.0,75.0,MARKET ABOUT STEADY,occasional lower
2026-03-26,Atlanta,200,Mexico,Fair Quality,65.0,65.0,,,65.0,MARKET ABOUT STEADY,poorer quality and condition lower
2026-03-26,Atlanta,200,Mexico,Fine Appearance,82.0,85.0,83.0,84.0,84.0,MARKET ABOUT STEADY,occasional higher/lower
2026-03-26,Atlanta,230,Mexico,Fair Quality,65.0,65.0,,,65.0,MARKET ABOUT STEADY,poorer quality and condition lower
2026-03-26,Atlanta,230,Mexico,Fine Appearance,77.0,80.0,78.0,79.0,79.0,MARKET ABOUT STEADY,occasional higher
2026-03-26,Atlanta,230,Mexico,BASE,72.0,75.0,73.0,74.0,74.0,MARKET ABOUT STEADY,occasional lower
2026-03-27,Atlanta,110,Mexico,BASE,83.0,84.0,,,84.0,MARKET STRONG,
2026-03-27,Atlanta,150,Mexico,Fair Quality,67.0,70.0,68.0,69.0,69.0,MARKET STRONG,poorer quality and condition lower
2026-03-27,Atlanta,150,Mexico,BASE,77.0,80.0,78.0,79.0,79.0,MARKET STRONG,occasional lower
2026-03-27,Atlanta,150,Mexico,Fine Appearance,83.0,85.0,84.0,85.0,85.0,MARKET STRONG,occasional higher/lower
2026-03-27,Atlanta,150,Colombia,BASE,68.0,69.0,,,69.0,MARKET STRONG,occasional higher/lower
2026-03-27,Atlanta,175,Mexico,Fair Quality,67.0,70.0,68.0,69.0,69.0,MARKET STRONG,poorer quality and condition lower
2026-03-27,Atlanta,175,Mexico,BASE,77.0,80.0,78.0,79.0,79.0,MARKET STRONG,occasional lower
2026-03-27,Atlanta,175,Mexico,Fine Appearance,83.0,85.0,84.0,85.0,85.0,MARKET STRONG,occasional higher/lower
2026-03-27,Atlanta,175,Colombia,BASE,68.0,69.0,,,69.0,MARKET STRONG,occasional higher/lower
2026-03-27,Atlanta,200,Mexico,Fair Quality,67.0,70.0,68.0,69.0,69.0,MARKET STRONG,poorer quality and condition lower
2026-03-27,Atlanta,200,Mexico,Fine Appearance,83.0,85.0,84.0,85.0,85.0,MARKET STRONG,occasional higher/lower
2026-03-27,Atlanta,200,Mexico,BASE,77.0,80.0,78.0,79.0,79.0,MARKET STRONG,occasional lower
2026-03-27,Atlanta,200,Colombia,BASE,68.0,69.0,,,69.0,MARKET STRONG,occasional higher/lower
2026-03-27,Atlanta,230,Mexico,Fine Appearance,78.0,80.0,79.0,80.0,80.0,MARKET STRONG,occasional higher
2026-03-27,Atlanta,230,Mexico,Fair Quality,67.0,70.0,68.0,69.0,69.0,MARKET STRONG,poorer quality and condition lower
2026-03-27,Atlanta,230,Mexico,BASE,75.0,78.0,76.0,77.0,77.0,MARKET STRONG,occasional lower
2026-03-27,Atlanta,230,Colombia,BASE,68.0,69.0,,,69.0,MARKET STRONG,occasional higher/lower
2026-03-30,Atlanta,110,Mexico,BASE,83.0,84.0,,,84.0,MARKET ABOUT STEADY,
2026-03-30,Atlanta,150,Mexico,BASE,77.0,77.0,,,77.0,MARKET ABOUT STEADY,occasional lower
2026-03-30,Atlanta,150,Mexico,Fine Appearance,76.0,80.0,77.0,78.0,78.0,MARKET ABOUT STEADY,occasional higher/lower
2026-03-30,Atlanta,150,Mexico,Fair Quality,67.0,70.0,68.0,69.0,69.0,MARKET ABOUT STEADY,poorer quality and condition lower
2026-03-30,Atlanta,150,Colombia,BASE,67.0,69.0,,,69.0,MARKET ABOUT STEADY,occasional higher/lower
2026-03-30,Atlanta,175,Mexico,Fair Quality,67.0,70.0,68.0,69.0,69.0,MARKET ABOUT STEADY,poorer quality and condition lower
2026-03-30,Atlanta,175,Mexico,BASE,80.0,81.0,,,81.0,MARKET ABOUT STEADY,occasional lower
2026-03-30,Atlanta,175,Colombia,BASE,67.0,69.0,,,69.0,MARKET ABOUT STEADY,occasional higher/lower
2026-03-30,Atlanta,200,Mexico,BASE,80.0,81.0,,,81.0,MARKET ABOUT STEADY,occasional higher/lower
2026-03-30,Atlanta,200,Mexico,Fair Quality,67.0,70.0,68.0,69.0,69.0,MARKET ABOUT STEADY,poorer quality and condition lower
2026-03-30,Atlanta,200,Colombia,BASE,67.0,69.0,,,69.0,MARKET ABOUT STEADY,occasional higher/lower
2026-03-30,Atlanta,230,Mexico,BASE,76.0,77.0,,,77.0,MARKET ABOUT STEADY,occasional lower
2026-03-30,Atlanta,230,Mexico,Fair Quality,67.0,70.0,68.0,69.0,69.0,MARKET ABOUT STEADY,poorer quality and condition lower
2026-03-30,Atlanta,230,Colombia,BASE,67.0,69.0,,,69.0,MARKET ABOUT STEADY,occasional higher/lower
2026-03-31,Atlanta,110,Mexico,BASE,83.0,84.0,,,84.0,MARKET STEADY,
2026-03-31,Atlanta,150,Mexico,BASE,77.0,77.0,,,77.0,MARKET STEADY,occasional lower
2026-03-31,Atlanta,150,Mexico,Fair Quality,67.0,70.0,68.0,69.0,69.0,MARKET STEADY,poorer quality and condition lower
2026-03-31,Atlanta,150,Mexico,Fine Appearance,76.0,80.0,77.0,78.0,78.0,MARKET STEADY,occasional higher/lower
2026-03-31,Atlanta,150,Colombia,BASE,67.0,69.0,,,69.0,MARKET STEADY,occasional higher/lower
2026-03-31,Atlanta,175,Mexico,BASE,80.0,81.0,,,81.0,MARKET STEADY,occasional lower
2026-03-31,Atlanta,175,Mexico,Fair Quality,67.0,70.0,68.0,69.0,69.0,MARKET STEADY,poorer quality and condition lower
2026-03-31,Atlanta,175,Colombia,BASE,67.0,69.0,,,69.0,MARKET STEADY,occasional higher/lower
2026-03-31,Atlanta,200,Mexico,BASE,80.0,81.0,,,81.0,MARKET STEADY,occasional higher/lower
2026-03-31,Atlanta,200,Mexico,Fair Quality,67.0,70.0,68.0,69.0,69.0,MARKET STEADY,poorer quality and condition lower
2026-03-31,Atlanta,200,Colombia,BASE,67.0,69.0,,,69.0,MARKET STEADY,occasional higher/lower
2026-03-31,Atlanta,230,Mexico,Fair Quality,67.0,70.0,68.0,69.0,69.0,MARKET STEADY,poorer quality and condition lower
2026-03-31,Atlanta,230,Mexico,BASE,76.0,77.0,,,77.0,MARKET STEADY,occasional lower
2026-03-31,Atlanta,230,Colombia,BASE,67.0,69.0,,,69.0,MARKET STEADY,occasional higher/lower
2026-04-01,Atlanta,110,Mexico,BASE,83.0,84.0,,,84.0,MARKET STEADY,
2026-04-01,Atlanta,150,Mexico,Fair Quality,67.0,70.0,68.0,69.0,69.0,MARKET STEADY,poorer quality and condition lower
2026-04-01,Atlanta,150,Mexico,Fine Appearance,76.0,80.0,77.0,78.0,78.0,MARKET STEADY,occasional higher/lower
2026-04-01,Atlanta,150,Mexico,BASE,77.0,77.0,,,77.0,MARKET STEADY,occasional lower
2026-04-01,Atlanta,150,Colombia,BASE,67.0,69.0,,,69.0,MARKET STEADY,occasional higher/lower
2026-04-01,Atlanta,175,Mexico,BASE,80.0,81.0,,,81.0,MARKET STEADY,occasional lower
2026-04-01,Atlanta,175,Mexico,Fair Quality,67.0,70.0,68.0,69.0,69.0,MARKET STEADY,poorer quality and condition lower
2026-04-01,Atlanta,175,Colombia,BASE,67.0,69.0,,,69.0,MARKET STEADY,occasional higher/lower
2026-04-01,Atlanta,200,Mexico,BASE,80.0,81.0,,,81.0,MARKET STEADY,occasional higher/lower
2026-04-01,Atlanta,200,Mexico,Fair Quality,67.0,70.0,68.0,69.0,69.0,MARKET STEADY,poorer quality and condition lower
2026-04-01,Atlanta,200,Colombia,BASE,67.0,69.0,,,69.0,MARKET STEADY,occasional higher/lower
2026-04-01,Atlanta,230,Mexico,Fair Quality,67.0,70.0,68.0,69.0,69.0,MARKET STEADY,poorer quality and condition lower
2026-04-01,Atlanta,230,Mexico,BASE,76.0,77.0,,,77.0,MARKET STEADY,occasional lower
2026-04-01,Atlanta,230,Colombia,BASE,67.0,69.0,,,69.0,MARKET STEADY,occasional higher/lower
2026-04-02,Atlanta,110,Mexico,BASE,83.0,84.0,,,84.0,MARKET ABOUT STEADY,
2026-04-02,Atlanta,150,Mexico,Fair Quality,67.0,70.0,68.0,69.0,69.0,MARKET ABOUT STEADY,poorer quality and condition lower
2026-04-02,Atlanta,150,Mexico,BASE,75.0,76.0,,,76.0,MARKET ABOUT STEADY,occasional lower
2026-04-02,Atlanta,150,Colombia,BASE,64.0,65.0,,,65.0,MARKET ABOUT STEADY,occasional higher/lower
2026-04-02,Atlanta,175,Mexico,BASE,75.0,76.0,,,76.0,MARKET ABOUT STEADY,occasional higher/lower
2026-04-02,Atlanta,175,Mexico,Fair Quality,67.0,70.0,68.0,69.0,69.0,MARKET ABOUT STEADY,poorer quality and condition lower
2026-04-02,Atlanta,175,Colombia,BASE,64.0,65.0,,,65.0,MARKET ABOUT STEADY,occasional higher/lower
2026-04-02,Atlanta,200,Mexico,BASE,75.0,76.0,,,76.0,MARKET ABOUT STEADY,occasional higher/lower
2026-04-02,Atlanta,200,Mexico,Fair Quality,67.0,70.0,68.0,69.0,69.0,MARKET ABOUT STEADY,poorer quality and condition lower
2026-04-02,Atlanta,200,Colombia,BASE,64.0,65.0,,,65.0,MARKET ABOUT STEADY,occasional higher/lower
2026-04-02,Atlanta,230,Mexico,BASE,73.0,74.0,,,74.0,MARKET ABOUT STEADY,occasional lower
2026-04-02,Atlanta,230,Mexico,Fair Quality,67.0,70.0,68.0,69.0,69.0,MARKET ABOUT STEADY,poorer quality and condition lower
2026-04-02,Atlanta,230,Colombia,BASE,64.0,65.0,,,65.0,MARKET ABOUT STEADY,occasional higher/lower
2026-04-03,Atlanta,110,Mexico,BASE,83.0,84.0,,,84.0,MARKET STEADY,
2026-04-03,Atlanta,150,Mexico,BASE,75.0,76.0,,,76.0,MARKET STEADY,occasional lower
2026-04-03,Atlanta,150,Mexico,Fair Quality,67.0,70.0,68.0,69.0,69.0,MARKET STEADY,poorer quality and condition lower
2026-04-03,Atlanta,150,Colombia,BASE,64.0,65.0,,,65.0,MARKET STEADY,occasional higher/lower
2026-04-03,Atlanta,175,Mexico,BASE,75.0,76.0,,,76.0,MARKET STEADY,occasional higher/lower
2026-04-03,Atlanta,175,Mexico,Fair Quality,67.0,70.0,68.0,69.0,69.0,MARKET STEADY,poorer quality and condition lower
2026-04-03,Atlanta,175,Colombia,BASE,64.0,65.0,,,65.0,MARKET STEADY,occasional higher/lower
2026-04-03,Atlanta,200,Mexico,BASE,75.0,76.0,,,76.0,MARKET STEADY,occasional higher/lower
2026-04-03,Atlanta,200,Mexico,Fair Quality,67.0,70.0,68.0,69.0,69.0,MARKET STEADY,poorer quality and condition lower
2026-04-03,Atlanta,200,Colombia,BASE,64.0,65.0,,,65.0,MARKET STEADY,occasional higher/lower
2026-04-03,Atlanta,230,Mexico,Fair Quality,67.0,70.0,68.0,69.0,69.0,MARKET STEADY,poorer quality and condition lower
2026-04-03,Atlanta,230,Mexico,BASE,73.0,74.0,,,74.0,MARKET STEADY,occasional lower
2026-04-03,Atlanta,230,Colombia,BASE,64.0,65.0,,,65.0,MARKET STEADY,occasional higher/lower
2026-04-06,Atlanta,110,Mexico,BASE,83.0,84.0,,,84.0,MARKET STEADY,
2026-04-06,Atlanta,150,Mexico,BASE,75.0,77.0,,,77.0,MARKET STEADY,occasional lower
2026-04-06,Atlanta,150,Mexico,Fair Quality,67.0,70.0,68.0,69.0,69.0,MARKET STEADY,poorer quality and condition lower
2026-04-06,Atlanta,150,Mexico,Fine Appearance,84.0,85.0,,,85.0,MARKET STEADY,occasional lower
2026-04-06,Atlanta,150,Colombia,BASE,,,,,,MARKET STEADY,insufficient to quote
2026-04-06,Atlanta,175,Mexico,BASE,75.0,76.0,,,76.0,MARKET STEADY,occasional higher/lower
2026-04-06,Atlanta,175,Mexico,Fair Quality,67.0,70.0,68.0,69.0,69.0,MARKET STEADY,poorer quality and condition lower
2026-04-06,Atlanta,175,Mexico,Fine Appearance,83.0,84.0,,,84.0,MARKET STEADY,
2026-04-06,Atlanta,200,Mexico,Fair Quality,64.0,67.0,65.0,66.0,66.0,MARKET STEADY,poorer quality and condition lower
2026-04-06,Atlanta,200,Mexico,BASE,70.0,73.0,71.0,72.0,72.0,MARKET STEADY,
2026-04-06,Atlanta,230,Mexico,BASE,70.0,72.0,,,72.0,MARKET STEADY,occasional lower
2026-04-06,Atlanta,230,Mexico,Fair Quality,64.0,67.0,65.0,66.0,66.0,MARKET STEADY,poorer quality and condition lower
2026-04-07,Atlanta,110,Mexico,BASE,83.0,84.0,,,84.0,,
2026-04-07,Atlanta,150,Mexico,BASE,75.0,77.0,,,77.0,,occasional lower
2026-04-07,Atlanta,150,Mexico,Fair Quality,67.0,70.0,68.0,69.0,69.0,,poorer quality and condition lower
2026-04-07,Atlanta,150,Mexico,Fine Appearance,84.0,85.0,,,85.0,,occasional lower
2026-04-07,Atlanta,150,Colombia,BASE,,,,,,,insufficient to quote
2026-04-07,Atlanta,175,Mexico,Fair Quality,67.0,70.0,68.0,69.0,69.0,,poorer quality and condition lower
2026-04-07,Atlanta,175,Mexico,BASE,75.0,76.0,,,76.0,,occasional higher/lower
2026-04-07,Atlanta,175,Mexico,Fine Appearance,83.0,84.0,,,84.0,,
2026-04-07,Atlanta,200,Mexico,Fair Quality,64.0,67.0,65.0,66.0,66.0,,poorer quality and condition lower
2026-04-07,Atlanta,200,Mexico,BASE,75.0,77.0,,,77.0,,occasional higher/lower
2026-04-07,Atlanta,230,Mexico,Fair Quality,64.0,67.0,65.0,66.0,66.0,,poorer quality and condition lower
2026-04-07,Atlanta,230,Mexico,BASE,70.0,72.0,,,72.0,,occasional lower
2026-04-08,Atlanta,110,Mexico,BASE,83.0,84.0,,,84.0,"MARKET 10-POUND CARTONS SLIGHTLY HIGHER, OTHERS STEADY",
2026-04-08,Atlanta,150,Mexico,Fine Appearance,84.0,85.0,,,85.0,"MARKET 10-POUND CARTONS SLIGHTLY HIGHER, OTHERS STEADY",occasional lower
2026-04-08,Atlanta,150,Mexico,Fair Quality,67.0,70.0,68.0,69.0,69.0,"MARKET 10-POUND CARTONS SLIGHTLY HIGHER, OTHERS STEADY",poorer quality and condition lower
2026-04-08,Atlanta,150,Mexico,BASE,75.0,77.0,,,77.0,"MARKET 10-POUND CARTONS SLIGHTLY HIGHER, OTHERS STEADY",occasional lower
2026-04-08,Atlanta,150,Colombia,BASE,,,,,,"MARKET 10-POUND CARTONS SLIGHTLY HIGHER, OTHERS STEADY",insufficient to quote
2026-04-08,Atlanta,175,Mexico,BASE,75.0,76.0,,,76.0,"MARKET 10-POUND CARTONS SLIGHTLY HIGHER, OTHERS STEADY",occasional higher/lower
2026-04-08,Atlanta,175,Mexico,Fair Quality,67.0,70.0,68.0,69.0,69.0,"MARKET 10-POUND CARTONS SLIGHTLY HIGHER, OTHERS STEADY",poorer quality and condition lower
2026-04-08,Atlanta,175,Mexico,Fine Appearance,83.0,84.0,,,84.0,"MARKET 10-POUND CARTONS SLIGHTLY HIGHER, OTHERS STEADY",
2026-04-08,Atlanta,200,Mexico,Fair Quality,64.0,67.0,65.0,66.0,66.0,"MARKET 10-POUND CARTONS SLIGHTLY HIGHER, OTHERS STEADY",poorer quality and condition lower
2026-04-08,Atlanta,200,Mexico,BASE,70.0,73.0,71.0,72.0,72.0,"MARKET 10-POUND CARTONS SLIGHTLY HIGHER, OTHERS STEADY",
2026-04-08,Atlanta,230,Mexico,Fair Quality,64.0,67.0,65.0,66.0,66.0,"MARKET 10-POUND CARTONS SLIGHTLY HIGHER, OTHERS STEADY",poorer quality and condition lower
2026-04-08,Atlanta,230,Mexico,BASE,70.0,72.0,,,72.0,"MARKET 10-POUND CARTONS SLIGHTLY HIGHER, OTHERS STEADY",occasional lower
2026-04-09,Atlanta,110,Mexico,BASE,83.0,84.0,,,84.0,"MARKET SEEDLESS TYPE ABOUT STEADY, SEEDED TYPE STEADY",
2026-04-09,Atlanta,150,Mexico,Fine Appearance,84.0,85.0,,,85.0,"MARKET SEEDLESS TYPE ABOUT STEADY, SEEDED TYPE STEADY",occasional lower
2026-04-09,Atlanta,150,Mexico,BASE,75.0,77.0,,,77.0,"MARKET SEEDLESS TYPE ABOUT STEADY, SEEDED TYPE STEADY",occasional lower
2026-04-09,Atlanta,150,Mexico,Fair Quality,69.0,70.0,,,70.0,"MARKET SEEDLESS TYPE ABOUT STEADY, SEEDED TYPE STEADY",poorer quality and condition lower
2026-04-09,Atlanta,175,Mexico,BASE,75.0,76.0,,,76.0,"MARKET SEEDLESS TYPE ABOUT STEADY, SEEDED TYPE STEADY",occasional higher/lower
2026-04-09,Atlanta,175,Mexico,Fine Appearance,83.0,84.0,,,84.0,"MARKET SEEDLESS TYPE ABOUT STEADY, SEEDED TYPE STEADY",
2026-04-09,Atlanta,175,Mexico,Fair Quality,70.0,72.0,,,72.0,"MARKET SEEDLESS TYPE ABOUT STEADY, SEEDED TYPE STEADY",poorer quality and condition lower
2026-04-09,Atlanta,200,Mexico,BASE,75.0,77.0,,,77.0,"MARKET SEEDLESS TYPE ABOUT STEADY, SEEDED TYPE STEADY",occasional higher/lower
2026-04-09,Atlanta,230,Mexico,Fair Quality,64.0,67.0,65.0,66.0,66.0,"MARKET SEEDLESS TYPE ABOUT STEADY, SEEDED TYPE STEADY",poorer quality and condition lower
2026-04-09,Atlanta,230,Mexico,BASE,70.0,72.0,,,72.0,"MARKET SEEDLESS TYPE ABOUT STEADY, SEEDED TYPE STEADY",occasional lower
2026-04-10,Atlanta,110,Mexico,BASE,83.0,84.0,,,84.0,MARKET ABOUT STEADY,
2026-04-10,Atlanta,150,Mexico,BASE,75.0,77.0,,,77.0,MARKET ABOUT STEADY,occasional lower
2026-04-10,Atlanta,150,Mexico,Fair Quality,69.0,70.0,,,70.0,MARKET ABOUT STEADY,poorer quality and condition lower
2026-04-10,Atlanta,150,Mexico,Fine Appearance,84.0,85.0,,,85.0,MARKET ABOUT STEADY,occasional lower
2026-04-10,Atlanta,150,Colombia,BASE,68.0,69.0,,,69.0,MARKET ABOUT STEADY,occasional higher/lower
2026-04-10,Atlanta,175,Mexico,BASE,75.0,76.0,,,76.0,MARKET ABOUT STEADY,occasional higher/lower
2026-04-10,Atlanta,175,Mexico,Fair Quality,70.0,72.0,,,72.0,MARKET ABOUT STEADY,poorer quality and condition lower
2026-04-10,Atlanta,175,Mexico,Fine Appearance,83.0,84.0,,,84.0,MARKET ABOUT STEADY,
2026-04-10,Atlanta,175,Colombia,BASE,68.0,69.0,,,69.0,MARKET ABOUT STEADY,occasional higher/lower
2026-04-10,Atlanta,200,Mexico,BASE,75.0,77.0,,,77.0,MARKET ABOUT STEADY,occasional higher/lower
2026-04-10,Atlanta,200,Colombia,BASE,68.0,69.0,,,69.0,MARKET ABOUT STEADY,occasional higher/lower
2026-04-10,Atlanta,230,Mexico,BASE,70.0,72.0,,,72.0,MARKET ABOUT STEADY,occasional lower
2026-04-10,Atlanta,230,Mexico,Fair Quality,64.0,67.0,65.0,66.0,66.0,MARKET ABOUT STEADY,poorer quality and condition lower
2026-04-10,Atlanta,230,Colombia,BASE,68.0,69.0,,,69.0,MARKET ABOUT STEADY,occasional higher/lower
2026-04-13,Atlanta,110,Mexico,BASE,83.0,84.0,,,84.0,MARKET STEADY,
2026-04-13,Atlanta,150,Mexico,Fine Appearance,84.0,85.0,,,85.0,MARKET STEADY,occasional lower
2026-04-13,Atlanta,150,Mexico,BASE,75.0,77.0,,,77.0,MARKET STEADY,occasional lower
2026-04-13,Atlanta,150,Mexico,Fair Quality,69.0,70.0,,,70.0,MARKET STEADY,poorer quality and condition lower
2026-04-13,Atlanta,150,Colombia,BASE,68.0,69.0,,,69.0,MARKET STEADY,occasional higher/lower
2026-04-13,Atlanta,175,Mexico,Fine Appearance,83.0,84.0,,,84.0,MARKET STEADY,
2026-04-13,Atlanta,175,Mexico,Fair Quality,70.0,72.0,,,72.0,MARKET STEADY,poorer quality and condition lower
2026-04-13,Atlanta,175,Mexico,BASE,75.0,76.0,,,76.0,MARKET STEADY,occasional higher/lower
2026-04-13,Atlanta,175,Colombia,BASE,68.0,69.0,,,69.0,MARKET STEADY,occasional higher/lower
2026-04-13,Atlanta,200,Mexico,BASE,72.0,73.0,,,73.0,MARKET STEADY,
2026-04-13,Atlanta,200,Colombia,BASE,68.0,69.0,,,69.0,MARKET STEADY,occasional higher/lower
2026-04-13,Atlanta,230,Mexico,BASE,70.0,72.0,,,72.0,MARKET STEADY,occasional lower
2026-04-13,Atlanta,230,Mexico,Fair Quality,64.0,67.0,65.0,66.0,66.0,MARKET STEADY,poorer quality and condition lower
2026-04-13,Atlanta,230,Colombia,BASE,68.0,69.0,,,69.0,MARKET STEADY,occasional higher/lower
2026-04-14,Atlanta,110,Mexico,BASE,83.0,84.0,,,84.0,"MARKET SEEDLESS TYPE SLIGHTLY LOWER, SEEDED TYPE ABOUT STEADY",
2026-04-14,Atlanta,150,Mexico,BASE,74.0,76.0,,,76.0,"MARKET SEEDLESS TYPE SLIGHTLY LOWER, SEEDED TYPE ABOUT STEADY",occasional lower
2026-04-14,Atlanta,150,Mexico,Fair Quality,68.0,69.0,,,69.0,"MARKET SEEDLESS TYPE SLIGHTLY LOWER, SEEDED TYPE ABOUT STEADY",poorer quality and condition lower
2026-04-14,Atlanta,150,Mexico,Fine Appearance,82.0,83.0,,,83.0,"MARKET SEEDLESS TYPE SLIGHTLY LOWER, SEEDED TYPE ABOUT STEADY",occasional lower
2026-04-14,Atlanta,150,Colombia,BASE,67.0,68.0,,,68.0,"MARKET SEEDLESS TYPE SLIGHTLY LOWER, SEEDED TYPE ABOUT STEADY",occasional higher/lower
2026-04-14,Atlanta,175,Mexico,BASE,75.0,76.0,,,76.0,"MARKET SEEDLESS TYPE SLIGHTLY LOWER, SEEDED TYPE ABOUT STEADY",occasional higher/lower
2026-04-14,Atlanta,175,Mexico,Fair Quality,65.0,66.0,,,66.0,"MARKET SEEDLESS TYPE SLIGHTLY LOWER, SEEDED TYPE ABOUT STEADY",poorer quality and condition lower
2026-04-14,Atlanta,175,Mexico,Fine Appearance,81.0,83.0,,,83.0,"MARKET SEEDLESS TYPE SLIGHTLY LOWER, SEEDED TYPE ABOUT STEADY",
2026-04-14,Atlanta,175,Colombia,BASE,67.0,68.0,,,68.0,"MARKET SEEDLESS TYPE SLIGHTLY LOWER, SEEDED TYPE ABOUT STEADY",occasional higher/lower
2026-04-14,Atlanta,200,Mexico,Fine Appearance,74.0,74.0,,,74.0,"MARKET SEEDLESS TYPE SLIGHTLY LOWER, SEEDED TYPE ABOUT STEADY",few as high as 82.00 occasional higher/lower
2026-04-14,Atlanta,200,Mexico,Fair Quality,64.0,66.0,,,66.0,"MARKET SEEDLESS TYPE SLIGHTLY LOWER, SEEDED TYPE ABOUT STEADY",poorer quality and condition lower
2026-04-14,Atlanta,200,Mexico,BASE,70.0,72.0,,,72.0,"MARKET SEEDLESS TYPE SLIGHTLY LOWER, SEEDED TYPE ABOUT STEADY",
2026-04-14,Atlanta,200,Colombia,BASE,67.0,68.0,,,68.0,"MARKET SEEDLESS TYPE SLIGHTLY LOWER, SEEDED TYPE ABOUT STEADY",occasional higher/lower
2026-04-14,Atlanta,230,Mexico,BASE,68.0,70.0,,,70.0,"MARKET SEEDLESS TYPE SLIGHTLY LOWER, SEEDED TYPE ABOUT STEADY",occasional lower
2026-04-14,Atlanta,230,Mexico,Fair Quality,63.0,66.0,,,66.0,"MARKET SEEDLESS TYPE SLIGHTLY LOWER, SEEDED TYPE ABOUT STEADY",few as low as 60.00 poorer quality and condition lower
2026-04-14,Atlanta,230,Colombia,BASE,67.0,68.0,,,68.0,"MARKET SEEDLESS TYPE SLIGHTLY LOWER, SEEDED TYPE ABOUT STEADY",occasional higher/lower
2026-04-15,Atlanta,110,Mexico,BASE,83.0,84.0,,,84.0,MARKET ABOUT STEADY,
2026-04-15,Atlanta,150,Mexico,BASE,74.0,76.0,,,76.0,MARKET ABOUT STEADY,occasional lower
2026-04-15,Atlanta,150,Mexico,Fine Appearance,82.0,83.0,,,83.0,MARKET ABOUT STEADY,occasional lower
2026-04-15,Atlanta,150,Mexico,Fair Quality,68.0,69.0,,,69.0,MARKET ABOUT STEADY,poorer quality and condition lower
2026-04-15,Atlanta,150,Colombia,BASE,67.0,68.0,,,68.0,MARKET ABOUT STEADY,occasional higher/lower
2026-04-15,Atlanta,175,Mexico,BASE,75.0,76.0,,,76.0,MARKET ABOUT STEADY,occasional higher/lower
2026-04-15,Atlanta,175,Mexico,Fair Quality,65.0,66.0,,,66.0,MARKET ABOUT STEADY,poorer quality and condition lower
2026-04-15,Atlanta,175,Mexico,Fine Appearance,81.0,83.0,,,83.0,MARKET ABOUT STEADY,
2026-04-15,Atlanta,175,Colombia,BASE,67.0,68.0,,,68.0,MARKET ABOUT STEADY,occasional higher/lower
2026-04-15,Atlanta,200,Mexico,BASE,70.0,72.0,,,72.0,MARKET ABOUT STEADY,
2026-04-15,Atlanta,200,Mexico,Fine Appearance,74.0,74.0,,,74.0,MARKET ABOUT STEADY,few as high as 82.00 occasional higher/lower
2026-04-15,Atlanta,200,Mexico,Fair Quality,64.0,66.0,,,66.0,MARKET ABOUT STEADY,poorer quality and condition lower
2026-04-15,Atlanta,200,Colombia,BASE,67.0,68.0,,,68.0,MARKET ABOUT STEADY,occasional higher/lower
2026-04-15,Atlanta,230,Mexico,Fair Quality,63.0,66.0,,,66.0,MARKET ABOUT STEADY,few as low as 60.00 poorer quality and condition lower
2026-04-15,Atlanta,230,Mexico,BASE,68.0,70.0,,,70.0,MARKET ABOUT STEADY,occasional lower
2026-04-15,Atlanta,230,Colombia,BASE,67.0,68.0,,,68.0,MARKET ABOUT STEADY,occasional higher/lower
2026-04-16,Atlanta,110,Mexico,BASE,83.0,84.0,,,84.0,MARKET STEADY,
2026-04-16,Atlanta,150,Mexico,BASE,74.0,76.0,,,76.0,MARKET STEADY,occasional lower
2026-04-16,Atlanta,150,Mexico,Fine Appearance,82.0,83.0,,,83.0,MARKET STEADY,occasional lower
2026-04-16,Atlanta,150,Mexico,Fair Quality,68.0,69.0,,,69.0,MARKET STEADY,poorer quality and condition lower
2026-04-16,Atlanta,150,Colombia,BASE,67.0,68.0,,,68.0,MARKET STEADY,occasional higher/lower
2026-04-16,Atlanta,175,Mexico,Fair Quality,65.0,66.0,,,66.0,MARKET STEADY,poorer quality and condition lower
2026-04-16,Atlanta,175,Mexico,BASE,75.0,76.0,,,76.0,MARKET STEADY,occasional higher/lower
2026-04-16,Atlanta,175,Mexico,Fine Appearance,81.0,83.0,,,83.0,MARKET STEADY,
2026-04-16,Atlanta,175,Colombia,BASE,67.0,68.0,,,68.0,MARKET STEADY,occasional higher/lower
2026-04-16,Atlanta,200,Mexico,Fine Appearance,74.0,74.0,,,74.0,MARKET STEADY,few as high as 82.00 occasional higher/lower
2026-04-16,Atlanta,200,Mexico,Fair Quality,64.0,66.0,,,66.0,MARKET STEADY,poorer quality and condition lower
2026-04-16,Atlanta,200,Mexico,BASE,70.0,72.0,,,72.0,MARKET STEADY,
2026-04-16,Atlanta,200,Colombia,BASE,67.0,68.0,,,68.0,MARKET STEADY,occasional higher/lower
2026-04-16,Atlanta,230,Mexico,BASE,68.0,70.0,,,70.0,MARKET STEADY,occasional lower
2026-04-16,Atlanta,230,Mexico,Fair Quality,63.0,66.0,,,66.0,MARKET STEADY,few as low as 60.00 poorer quality and condition lower
2026-04-16,Atlanta,230,Colombia,BASE,67.0,68.0,,,68.0,MARKET STEADY,occasional higher/lower
2026-04-17,Atlanta,110,Mexico,BASE,83.0,84.0,,,84.0,MARKET BARELY STEADY,
2026-04-17,Atlanta,150,Mexico,Fair Quality,68.0,69.0,,,69.0,MARKET BARELY STEADY,poorer quality and condition lower
2026-04-17,Atlanta,150,Mexico,Fine Appearance,82.0,83.0,,,83.0,MARKET BARELY STEADY,occasional lower
2026-04-17,Atlanta,150,Mexico,BASE,74.0,76.0,,,76.0,MARKET BARELY STEADY,occasional lower
2026-04-17,Atlanta,150,Colombia,BASE,69.0,70.0,,,70.0,MARKET BARELY STEADY,occasional higher/lower
2026-04-17,Atlanta,175,Mexico,BASE,75.0,76.0,,,76.0,MARKET BARELY STEADY,occasional higher/lower
2026-04-17,Atlanta,175,Mexico,Fair Quality,65.0,66.0,,,66.0,MARKET BARELY STEADY,poorer quality and condition lower
2026-04-17,Atlanta,175,Mexico,Fine Appearance,81.0,83.0,,,83.0,MARKET BARELY STEADY,
2026-04-17,Atlanta,175,Colombia,BASE,69.0,70.0,,,70.0,MARKET BARELY STEADY,occasional higher/lower
2026-04-17,Atlanta,200,Mexico,Fine Appearance,74.0,74.0,,,74.0,MARKET BARELY STEADY,few as high as 82.00 occasional higher/lower
2026-04-17,Atlanta,200,Mexico,BASE,70.0,72.0,,,72.0,MARKET BARELY STEADY,
2026-04-17,Atlanta,200,Mexico,Fair Quality,64.0,66.0,,,66.0,MARKET BARELY STEADY,poorer quality and condition lower
2026-04-17,Atlanta,200,Colombia,BASE,63.0,64.0,,,64.0,MARKET BARELY STEADY,occasional higher/lower
2026-04-17,Atlanta,230,Mexico,BASE,68.0,70.0,,,70.0,MARKET BARELY STEADY,occasional lower
2026-04-17,Atlanta,230,Mexico,Fair Quality,63.0,66.0,,,66.0,MARKET BARELY STEADY,few as low as 60.00 poorer quality and condition lower
2026-04-17,Atlanta,230,Colombia,BASE,63.0,64.0,,,64.0,MARKET BARELY STEADY,occasional higher/lower
2026-04-17,Atlanta,250,Colombia,BASE,55.0,56.0,,,56.0,MARKET BARELY STEADY,occasional higher/lower
2026-04-20,Atlanta,110,Mexico,BASE,83.0,84.0,,,84.0,MARKET LOWER,
2026-04-20,Atlanta,150,Mexico,Fair Quality,50.0,51.0,,,51.0,MARKET LOWER,poorer quality and condition lower
2026-04-20,Atlanta,150,Mexico,BASE,66.0,69.0,67.0,68.0,68.0,MARKET LOWER,occasional lower
2026-04-20,Atlanta,150,Mexico,Fine Appearance,74.0,75.0,,,75.0,MARKET LOWER,occasional lower
2026-04-20,Atlanta,175,Mexico,Fine Appearance,72.0,73.0,,,73.0,MARKET LOWER,few as high as 79.00
2026-04-20,Atlanta,175,Mexico,BASE,67.0,69.0,67.0,68.0,68.0,MARKET LOWER,occasional higher/lower
2026-04-20,Atlanta,175,Mexico,Fair Quality,49.0,50.0,,,50.0,MARKET LOWER,poorer quality and condition lower
2026-04-20,Atlanta,200,Mexico,Fine Appearance,65.0,65.0,,,65.0,MARKET LOWER,occasional higher/lower
2026-04-20,Atlanta,200,Mexico,Fair Quality,46.0,47.0,,,47.0,MARKET LOWER,poorer quality and condition lower
2026-04-20,Atlanta,200,Mexico,BASE,66.0,69.0,67.0,68.0,68.0,MARKET LOWER,
2026-04-20,Atlanta,230,Mexico,Fine Appearance,57.0,57.0,,,57.0,MARKET LOWER,
2026-04-20,Atlanta,230,Mexico,BASE,50.0,52.0,,,52.0,MARKET LOWER,occasional lower
2026-04-20,Atlanta,250,Colombia,BASE,48.0,48.0,,,48.0,MARKET LOWER,occasional higher/lower
2026-04-21,Atlanta,110,Mexico,BASE,83.0,84.0,,,84.0,MARKET ABOUT STEADY,
2026-04-21,Atlanta,150,Mexico,Fair Quality,50.0,51.0,,,51.0,MARKET ABOUT STEADY,poorer quality and condition lower
2026-04-21,Atlanta,150,Mexico,Fine Appearance,74.0,75.0,,,75.0,MARKET ABOUT STEADY,occasional lower
2026-04-21,Atlanta,150,Mexico,BASE,66.0,69.0,67.0,68.0,68.0,MARKET ABOUT STEADY,occasional lower
2026-04-21,Atlanta,175,Mexico,BASE,67.0,69.0,67.0,68.0,68.0,MARKET ABOUT STEADY,occasional higher/lower
2026-04-21,Atlanta,175,Mexico,Fine Appearance,72.0,73.0,,,73.0,MARKET ABOUT STEADY,few as high as 79.00
2026-04-21,Atlanta,175,Mexico,Fair Quality,49.0,50.0,,,50.0,MARKET ABOUT STEADY,poorer quality and condition lower
2026-04-21,Atlanta,200,Mexico,Fine Appearance,65.0,65.0,,,65.0,MARKET ABOUT STEADY,occasional higher/lower
2026-04-21,Atlanta,200,Mexico,BASE,66.0,69.0,67.0,68.0,68.0,MARKET ABOUT STEADY,
2026-04-21,Atlanta,200,Mexico,Fair Quality,46.0,47.0,,,47.0,MARKET ABOUT STEADY,poorer quality and condition lower
2026-04-21,Atlanta,230,Mexico,Fine Appearance,57.0,57.0,,,57.0,MARKET ABOUT STEADY,
2026-04-21,Atlanta,230,Mexico,BASE,50.0,52.0,,,52.0,MARKET ABOUT STEADY,occasional lower
2026-04-21,Atlanta,250,Colombia,BASE,48.0,48.0,,,48.0,MARKET ABOUT STEADY,occasional higher/lower
2026-04-22,Atlanta,110,Mexico,BASE,83.0,84.0,,,84.0,MARKET STEADY,
2026-04-22,Atlanta,150,Mexico,Fine Appearance,74.0,75.0,,,75.0,MARKET STEADY,occasional lower
2026-04-22,Atlanta,150,Mexico,BASE,66.0,69.0,67.0,68.0,68.0,MARKET STEADY,occasional lower
2026-04-22,Atlanta,150,Mexico,Fair Quality,50.0,51.0,,,51.0,MARKET STEADY,poorer quality and condition lower
2026-04-22,Atlanta,175,Mexico,Fair Quality,49.0,50.0,,,50.0,MARKET STEADY,poorer quality and condition lower
2026-04-22,Atlanta,175,Mexico,Fine Appearance,72.0,73.0,,,73.0,MARKET STEADY,few as high as 79.00
2026-04-22,Atlanta,175,Mexico,BASE,67.0,69.0,67.0,68.0,68.0,MARKET STEADY,occasional higher/lower
2026-04-22,Atlanta,200,Mexico,Fair Quality,46.0,47.0,,,47.0,MARKET STEADY,poorer quality and condition lower
2026-04-22,Atlanta,200,Mexico,Fine Appearance,65.0,65.0,,,65.0,MARKET STEADY,occasional higher/lower
2026-04-22,Atlanta,200,Mexico,BASE,66.0,69.0,67.0,68.0,68.0,MARKET STEADY,
2026-04-22,Atlanta,230,Mexico,Fine Appearance,57.0,57.0,,,57.0,MARKET STEADY,
2026-04-22,Atlanta,230,Mexico,BASE,50.0,52.0,,,52.0,MARKET STEADY,occasional lower
2026-04-22,Atlanta,250,Colombia,BASE,48.0,48.0,,,48.0,MARKET STEADY,occasional higher/lower
2026-04-23,Atlanta,110,Mexico,BASE,83.0,84.0,,,84.0,,
2026-04-23,Atlanta,150,Mexico,BASE,66.0,69.0,67.0,68.0,68.0,,occasional lower
2026-04-23,Atlanta,150,Mexico,Fair Quality,50.0,51.0,,,51.0,,poorer quality and condition lower
2026-04-23,Atlanta,150,Mexico,Fine Appearance,74.0,75.0,,,75.0,,occasional lower
2026-04-23,Atlanta,175,Mexico,Fair Quality,49.0,50.0,,,50.0,,poorer quality and condition lower
2026-04-23,Atlanta,175,Mexico,Fine Appearance,72.0,73.0,,,73.0,,few as high as 79.00
2026-04-23,Atlanta,175,Mexico,BASE,67.0,69.0,67.0,68.0,68.0,,occasional higher/lower
2026-04-23,Atlanta,200,Mexico,Fine Appearance,65.0,65.0,,,65.0,,occasional higher/lower
2026-04-23,Atlanta,200,Mexico,BASE,66.0,69.0,67.0,68.0,68.0,,
2026-04-23,Atlanta,200,Mexico,Fair Quality,46.0,47.0,,,47.0,,poorer quality and condition lower
2026-04-23,Atlanta,230,Mexico,Fine Appearance,57.0,57.0,,,57.0,,
2026-04-23,Atlanta,230,Mexico,BASE,50.0,52.0,,,52.0,,occasional lower
2026-04-23,Atlanta,250,Colombia,BASE,48.0,48.0,,,48.0,,occasional higher/lower
2026-04-24,Atlanta,110,Mexico,BASE,64.0,65.0,,,65.0,MARKET LOWER,
2026-04-24,Atlanta,150,Mexico,Fine Appearance,74.0,75.0,,,75.0,MARKET LOWER,occasional lower
2026-04-24,Atlanta,150,Mexico,BASE,62.0,65.0,63.0,64.0,64.0,MARKET LOWER,occasional lower
2026-04-24,Atlanta,150,Mexico,Fair Quality,48.0,51.0,49.0,50.0,50.0,MARKET LOWER,poorer quality and condition lower
2026-04-24,Atlanta,175,Mexico,BASE,56.0,59.0,57.0,58.0,58.0,MARKET LOWER,occasional higher/lower
2026-04-24,Atlanta,175,Mexico,Fair Quality,39.0,40.0,,,40.0,MARKET LOWER,poorer quality and condition lower
2026-04-24,Atlanta,175,Mexico,Fine Appearance,72.0,73.0,,,73.0,MARKET LOWER,
2026-04-24,Atlanta,200,Mexico,Fair Quality,38.0,39.0,,,39.0,MARKET LOWER,poorer quality and condition lower
2026-04-24,Atlanta,200,Mexico,BASE,56.0,59.0,57.0,58.0,58.0,MARKET LOWER,
2026-04-24,Atlanta,200,Mexico,Fine Appearance,62.0,65.0,63.0,64.0,64.0,MARKET LOWER,occasional higher/lower
2026-04-24,Atlanta,230,Mexico,Fine Appearance,57.0,57.0,,,57.0,MARKET LOWER,
2026-04-24,Atlanta,230,Mexico,BASE,50.0,52.0,,,52.0,MARKET LOWER,occasional lower
2026-04-24,Atlanta,250,Colombia,BASE,,,,,,MARKET LOWER,insufficient to quote
2026-04-27,Atlanta,110,Mexico,BASE,64.0,65.0,,,65.0,MARKET LOWER,
2026-04-27,Atlanta,150,Mexico,Fair Quality,46.0,49.0,47.0,48.0,48.0,MARKET LOWER,poorer quality and condition lower
2026-04-27,Atlanta,150,Mexico,Fine Appearance,63.0,63.0,,,63.0,MARKET LOWER,occasional lower
2026-04-27,Atlanta,150,Mexico,BASE,52.0,54.0,53.0,54.0,54.0,MARKET LOWER,occasional lower
2026-04-27,Atlanta,175,Mexico,Fine Appearance,60.0,60.0,,,60.0,MARKET LOWER,
2026-04-27,Atlanta,175,Mexico,Fair Quality,39.0,40.0,,,40.0,MARKET LOWER,poorer quality and condition lower
2026-04-27,Atlanta,175,Mexico,BASE,43.0,46.0,44.0,45.0,45.0,MARKET LOWER,few lots 56.00 occasional higher/lower
2026-04-27,Atlanta,200,Mexico,Fair Quality,38.0,39.0,,,39.0,MARKET LOWER,poorer quality and condition lower
2026-04-27,Atlanta,200,Mexico,Fine Appearance,46.0,48.0,47.0,48.0,48.0,MARKET LOWER,occasional higher/lower
2026-04-27,Atlanta,200,Mexico,BASE,43.0,46.0,44.0,45.0,45.0,MARKET LOWER,
2026-04-27,Atlanta,230,Mexico,BASE,40.0,42.0,,,42.0,MARKET LOWER,few lots 37.00 occasional lower
2026-04-27,Atlanta,230,Mexico,Fine Appearance,45.0,45.0,,,45.0,MARKET LOWER,
2026-04-28,Atlanta,110,Mexico,BASE,64.0,65.0,,,65.0,MARKET ABOUT STEADY,
2026-04-28,Atlanta,150,Mexico,Fair Quality,46.0,49.0,47.0,48.0,48.0,MARKET ABOUT STEADY,poorer quality and condition lower
2026-04-28,Atlanta,150,Mexico,BASE,52.0,54.0,53.0,54.0,54.0,MARKET ABOUT STEADY,occasional lower
2026-04-28,Atlanta,150,Mexico,Fine Appearance,63.0,63.0,,,63.0,MARKET ABOUT STEADY,occasional lower
2026-04-28,Atlanta,175,Mexico,BASE,43.0,46.0,44.0,45.0,45.0,MARKET ABOUT STEADY,few lots 56.00 occasional higher/lower
2026-04-28,Atlanta,175,Mexico,Fair Quality,39.0,40.0,,,40.0,MARKET ABOUT STEADY,poorer quality and condition lower
2026-04-28,Atlanta,175,Mexico,Fine Appearance,60.0,60.0,,,60.0,MARKET ABOUT STEADY,
2026-04-28,Atlanta,200,Mexico,BASE,43.0,46.0,44.0,45.0,45.0,MARKET ABOUT STEADY,
2026-04-28,Atlanta,200,Mexico,Fair Quality,38.0,39.0,,,39.0,MARKET ABOUT STEADY,poorer quality and condition lower
2026-04-28,Atlanta,200,Mexico,Fine Appearance,46.0,48.0,47.0,48.0,48.0,MARKET ABOUT STEADY,occasional higher/lower
2026-04-28,Atlanta,230,Mexico,BASE,40.0,42.0,,,42.0,MARKET ABOUT STEADY,few lots 37.00 occasional lower
2026-04-28,Atlanta,230,Mexico,Fine Appearance,45.0,45.0,,,45.0,MARKET ABOUT STEADY,
2026-04-29,Atlanta,110,Mexico,BASE,64.0,65.0,,,65.0,MARKET STEADY,
2026-04-29,Atlanta,150,Mexico,BASE,52.0,54.0,53.0,54.0,54.0,MARKET STEADY,occasional lower
2026-04-29,Atlanta,150,Mexico,Fair Quality,46.0,49.0,47.0,48.0,48.0,MARKET STEADY,poorer quality and condition lower
2026-04-29,Atlanta,150,Mexico,Fine Appearance,63.0,63.0,,,63.0,MARKET STEADY,occasional lower
2026-04-29,Atlanta,175,Mexico,Fair Quality,39.0,40.0,,,40.0,MARKET STEADY,poorer quality and condition lower
2026-04-29,Atlanta,175,Mexico,Fine Appearance,60.0,60.0,,,60.0,MARKET STEADY,
2026-04-29,Atlanta,175,Mexico,BASE,43.0,46.0,44.0,45.0,45.0,MARKET STEADY,few lots 56.00 occasional higher/lower
2026-04-29,Atlanta,200,Mexico,Fine Appearance,46.0,48.0,47.0,48.0,48.0,MARKET STEADY,occasional higher/lower
2026-04-29,Atlanta,200,Mexico,BASE,43.0,46.0,44.0,45.0,45.0,MARKET STEADY,
2026-04-29,Atlanta,200,Mexico,Fair Quality,38.0,39.0,,,39.0,MARKET STEADY,poorer quality and condition lower
2026-04-29,Atlanta,230,Mexico,Fine Appearance,45.0,45.0,,,45.0,MARKET STEADY,
2026-04-29,Atlanta,230,Mexico,BASE,40.0,42.0,,,42.0,MARKET STEADY,few lots 37.00 occasional lower
2026-04-30,Atlanta,110,Mexico,BASE,64.0,65.0,,,65.0,MARKET STEADY,
2026-04-30,Atlanta,150,Mexico,BASE,52.0,54.0,53.0,54.0,54.0,MARKET STEADY,occasional lower
2026-04-30,Atlanta,150,Mexico,Fine Appearance,63.0,63.0,,,63.0,MARKET STEADY,occasional lower
2026-04-30,Atlanta,150,Mexico,Fair Quality,46.0,49.0,47.0,48.0,48.0,MARKET STEADY,poorer quality and condition lower
2026-04-30,Atlanta,175,Mexico,Fair Quality,39.0,40.0,,,40.0,MARKET STEADY,poorer quality and condition lower
2026-04-30,Atlanta,175,Mexico,Fine Appearance,60.0,60.0,,,60.0,MARKET STEADY,
2026-04-30,Atlanta,175,Mexico,BASE,43.0,46.0,44.0,45.0,45.0,MARKET STEADY,few lots 56.00 occasional higher/lower
2026-04-30,Atlanta,200,Mexico,BASE,43.0,46.0,44.0,45.0,45.0,MARKET STEADY,
2026-04-30,Atlanta,200,Mexico,Fair Quality,38.0,39.0,,,39.0,MARKET STEADY,poorer quality and condition lower
2026-04-30,Atlanta,200,Mexico,Fine Appearance,46.0,48.0,47.0,48.0,48.0,MARKET STEADY,occasional higher/lower
2026-04-30,Atlanta,230,Mexico,Fine Appearance,45.0,45.0,,,45.0,MARKET STEADY,
2026-04-30,Atlanta,230,Mexico,BASE,40.0,42.0,,,42.0,MARKET STEADY,few lots 37.00 occasional lower
2026-05-01,Atlanta,110,Mexico,BASE,64.0,65.0,,,65.0,"MARKET SEEDED TYPE SLIGHTLY LOWER, SEEDLESS TYPE ABOUT STEADY",
2026-05-01,Atlanta,150,Mexico,Fine Appearance,63.0,63.0,,,63.0,"MARKET SEEDED TYPE SLIGHTLY LOWER, SEEDLESS TYPE ABOUT STEADY",occasional lower
2026-05-01,Atlanta,150,Mexico,Fair Quality,46.0,49.0,47.0,48.0,48.0,"MARKET SEEDED TYPE SLIGHTLY LOWER, SEEDLESS TYPE ABOUT STEADY",poorer quality and condition lower
2026-05-01,Atlanta,150,Mexico,BASE,52.0,54.0,53.0,54.0,54.0,"MARKET SEEDED TYPE SLIGHTLY LOWER, SEEDLESS TYPE ABOUT STEADY",occasional lower
2026-05-01,Atlanta,175,Mexico,BASE,43.0,46.0,44.0,45.0,45.0,"MARKET SEEDED TYPE SLIGHTLY LOWER, SEEDLESS TYPE ABOUT STEADY",few lots 56.00 occasional higher/lower
2026-05-01,Atlanta,175,Mexico,Fair Quality,39.0,40.0,,,40.0,"MARKET SEEDED TYPE SLIGHTLY LOWER, SEEDLESS TYPE ABOUT STEADY",poorer quality and condition lower
2026-05-01,Atlanta,175,Mexico,Fine Appearance,60.0,60.0,,,60.0,"MARKET SEEDED TYPE SLIGHTLY LOWER, SEEDLESS TYPE ABOUT STEADY",
2026-05-01,Atlanta,200,Mexico,Fine Appearance,46.0,48.0,47.0,48.0,48.0,"MARKET SEEDED TYPE SLIGHTLY LOWER, SEEDLESS TYPE ABOUT STEADY",occasional higher/lower
2026-05-01,Atlanta,200,Mexico,BASE,43.0,46.0,44.0,45.0,45.0,"MARKET SEEDED TYPE SLIGHTLY LOWER, SEEDLESS TYPE ABOUT STEADY",
2026-05-01,Atlanta,200,Mexico,Fair Quality,38.0,39.0,,,39.0,"MARKET SEEDED TYPE SLIGHTLY LOWER, SEEDLESS TYPE ABOUT STEADY",poorer quality and condition lower
2026-05-01,Atlanta,230,Mexico,BASE,40.0,42.0,,,42.0,"MARKET SEEDED TYPE SLIGHTLY LOWER, SEEDLESS TYPE ABOUT STEADY",few lots 37.00 occasional lower
2026-05-01,Atlanta,230,Mexico,Fine Appearance,45.0,45.0,,,45.0,"MARKET SEEDED TYPE SLIGHTLY LOWER, SEEDLESS TYPE ABOUT STEADY",
2026-05-04,Atlanta,110,Mexico,BASE,64.0,65.0,,,65.0,MARKET ABOUT STEADY,
2026-05-04,Atlanta,150,Mexico,BASE,52.0,54.0,53.0,54.0,54.0,MARKET ABOUT STEADY,occasional lower
2026-05-04,Atlanta,150,Mexico,Fair Quality,46.0,49.0,47.0,48.0,48.0,MARKET ABOUT STEADY,poorer quality and condition lower
2026-05-04,Atlanta,150,Mexico,Fine Appearance,63.0,63.0,,,63.0,MARKET ABOUT STEADY,occasional lower
2026-05-04,Atlanta,175,Mexico,Fair Quality,39.0,40.0,,,40.0,MARKET ABOUT STEADY,poorer quality and condition lower
2026-05-04,Atlanta,175,Mexico,BASE,43.0,46.0,44.0,45.0,45.0,MARKET ABOUT STEADY,few lots 56.00 occasional higher/lower
2026-05-04,Atlanta,175,Mexico,Fine Appearance,60.0,60.0,,,60.0,MARKET ABOUT STEADY,
2026-05-04,Atlanta,200,Mexico,Fine Appearance,46.0,48.0,47.0,48.0,48.0,MARKET ABOUT STEADY,occasional higher/lower
2026-05-04,Atlanta,200,Mexico,Fair Quality,38.0,39.0,,,39.0,MARKET ABOUT STEADY,poorer quality and condition lower
2026-05-04,Atlanta,200,Mexico,BASE,43.0,46.0,44.0,45.0,45.0,MARKET ABOUT STEADY,
2026-05-04,Atlanta,230,Mexico,BASE,40.0,42.0,,,42.0,MARKET ABOUT STEADY,few lots 37.00 occasional lower
2026-05-04,Atlanta,230,Mexico,Fine Appearance,45.0,45.0,,,45.0,MARKET ABOUT STEADY,
2026-05-05,Atlanta,110,Mexico,BASE,64.0,65.0,,,65.0,"MARKET 10-POUND CARTONS 36S SLIGHTLY LOWER, OTHERS ABOUT STEADY",
2026-05-05,Atlanta,150,Mexico,Fine Appearance,57.0,57.0,,,57.0,"MARKET 10-POUND CARTONS 36S SLIGHTLY LOWER, OTHERS ABOUT STEADY",occasional lower
2026-05-05,Atlanta,150,Mexico,BASE,52.0,54.0,52.0,53.0,53.0,"MARKET 10-POUND CARTONS 36S SLIGHTLY LOWER, OTHERS ABOUT STEADY",few lots 49.50
2026-05-05,Atlanta,150,Mexico,Fair Quality,43.0,45.0,43.0,44.0,44.0,"MARKET 10-POUND CARTONS 36S SLIGHTLY LOWER, OTHERS ABOUT STEADY",poorer quality and condition lower
2026-05-05,Atlanta,175,Mexico,BASE,48.0,51.0,49.0,50.0,50.0,"MARKET 10-POUND CARTONS 36S SLIGHTLY LOWER, OTHERS ABOUT STEADY",occasional higher/lower
2026-05-05,Atlanta,175,Mexico,Fine Appearance,53.0,53.0,,,53.0,"MARKET 10-POUND CARTONS 36S SLIGHTLY LOWER, OTHERS ABOUT STEADY",few as high as 56.00
2026-05-05,Atlanta,200,Mexico,Fine Appearance,50.0,51.0,,,51.0,"MARKET 10-POUND CARTONS 36S SLIGHTLY LOWER, OTHERS ABOUT STEADY",occasional higher/lower
2026-05-05,Atlanta,200,Mexico,Fair Quality,38.0,40.0,,,40.0,"MARKET 10-POUND CARTONS 36S SLIGHTLY LOWER, OTHERS ABOUT STEADY",poorer quality and condition lower
2026-05-05,Atlanta,200,Mexico,BASE,45.0,48.0,46.0,47.0,47.0,"MARKET 10-POUND CARTONS 36S SLIGHTLY LOWER, OTHERS ABOUT STEADY",
2026-05-05,Atlanta,230,Mexico,BASE,40.0,43.0,41.0,42.0,42.0,"MARKET 10-POUND CARTONS 36S SLIGHTLY LOWER, OTHERS ABOUT STEADY",occasional lower
2026-05-05,Atlanta,230,Mexico,Fine Appearance,47.0,48.0,,,48.0,"MARKET 10-POUND CARTONS 36S SLIGHTLY LOWER, OTHERS ABOUT STEADY",
2026-05-06,Atlanta,110,Mexico,BASE,64.0,65.0,,,65.0,MARKET ABOUT STEADY,
2026-05-06,Atlanta,150,Mexico,Fine Appearance,57.0,57.0,,,57.0,MARKET ABOUT STEADY,occasional lower
2026-05-06,Atlanta,150,Mexico,BASE,52.0,54.0,52.0,53.0,53.0,MARKET ABOUT STEADY,few lots 49.50
2026-05-06,Atlanta,150,Mexico,Fair Quality,43.0,45.0,43.0,44.0,44.0,MARKET ABOUT STEADY,poorer quality and condition lower
2026-05-06,Atlanta,175,Mexico,BASE,48.0,51.0,49.0,50.0,50.0,MARKET ABOUT STEADY,occasional higher/lower
2026-05-06,Atlanta,175,Mexico,Fine Appearance,53.0,53.0,,,53.0,MARKET ABOUT STEADY,few as high as 56.00
2026-05-06,Atlanta,200,Mexico,Fine Appearance,50.0,51.0,,,51.0,MARKET ABOUT STEADY,occasional higher/lower
2026-05-06,Atlanta,200,Mexico,BASE,45.0,48.0,46.0,47.0,47.0,MARKET ABOUT STEADY,
2026-05-06,Atlanta,200,Mexico,Fair Quality,38.0,40.0,,,40.0,MARKET ABOUT STEADY,poorer quality and condition lower
2026-05-06,Atlanta,230,Mexico,Fine Appearance,47.0,48.0,,,48.0,MARKET ABOUT STEADY,
2026-05-06,Atlanta,230,Mexico,BASE,40.0,43.0,41.0,42.0,42.0,MARKET ABOUT STEADY,occasional lower
2026-05-07,Atlanta,110,Mexico,BASE,64.0,65.0,,,65.0,MARKET STEADY,
2026-05-07,Atlanta,150,Mexico,Fair Quality,43.0,45.0,43.0,44.0,44.0,MARKET STEADY,poorer quality and condition lower
2026-05-07,Atlanta,150,Mexico,BASE,52.0,54.0,52.0,53.0,53.0,MARKET STEADY,few lots 49.50
2026-05-07,Atlanta,150,Mexico,Fine Appearance,57.0,57.0,,,57.0,MARKET STEADY,occasional lower
2026-05-07,Atlanta,175,Mexico,Fine Appearance,53.0,53.0,,,53.0,MARKET STEADY,few as high as 56.00
2026-05-07,Atlanta,175,Mexico,BASE,48.0,51.0,49.0,50.0,50.0,MARKET STEADY,occasional higher/lower
2026-05-07,Atlanta,200,Mexico,Fine Appearance,50.0,51.0,,,51.0,MARKET STEADY,occasional higher/lower
2026-05-07,Atlanta,200,Mexico,BASE,45.0,48.0,46.0,47.0,47.0,MARKET STEADY,
2026-05-07,Atlanta,200,Mexico,Fair Quality,38.0,40.0,,,40.0,MARKET STEADY,poorer quality and condition lower
2026-05-07,Atlanta,230,Mexico,Fine Appearance,47.0,48.0,,,48.0,MARKET STEADY,
2026-05-07,Atlanta,230,Mexico,BASE,40.0,43.0,41.0,42.0,42.0,MARKET STEADY,occasional lower
2026-05-08,Atlanta,110,Mexico,BASE,64.0,65.0,,,65.0,MARKET STEADY,
2026-05-08,Atlanta,150,Mexico,Fair Quality,43.0,45.0,43.0,44.0,44.0,MARKET STEADY,poorer quality and condition lower
2026-05-08,Atlanta,150,Mexico,Fine Appearance,57.0,57.0,,,57.0,MARKET STEADY,occasional lower
2026-05-08,Atlanta,150,Mexico,BASE,52.0,54.0,52.0,53.0,53.0,MARKET STEADY,few lots 49.50
2026-05-08,Atlanta,175,Mexico,Fine Appearance,53.0,53.0,,,53.0,MARKET STEADY,few as high as 56.00
2026-05-08,Atlanta,175,Mexico,BASE,48.0,51.0,49.0,50.0,50.0,MARKET STEADY,occasional higher/lower
2026-05-08,Atlanta,200,Mexico,Fine Appearance,50.0,51.0,,,51.0,MARKET STEADY,occasional higher/lower
2026-05-08,Atlanta,200,Mexico,Fair Quality,38.0,40.0,,,40.0,MARKET STEADY,poorer quality and condition lower
2026-05-08,Atlanta,200,Mexico,BASE,45.0,48.0,46.0,47.0,47.0,MARKET STEADY,
2026-05-08,Atlanta,230,Mexico,BASE,40.0,43.0,41.0,42.0,42.0,MARKET STEADY,occasional lower
2026-05-08,Atlanta,230,Mexico,Fine Appearance,47.0,48.0,,,48.0,MARKET STEADY,
2026-05-11,Atlanta,110,Mexico,BASE,64.0,65.0,,,65.0,,
2026-05-11,Atlanta,150,Mexico,BASE,52.0,54.0,52.0,53.0,53.0,,few lots 49.50
2026-05-11,Atlanta,150,Mexico,Fine Appearance,57.0,57.0,,,57.0,,occasional lower
2026-05-11,Atlanta,150,Mexico,Fair Quality,43.0,45.0,43.0,44.0,44.0,,poorer quality and condition lower
2026-05-11,Atlanta,175,Mexico,Fine Appearance,53.0,53.0,,,53.0,,few as high as 56.00
2026-05-11,Atlanta,175,Mexico,BASE,48.0,51.0,49.0,50.0,50.0,,occasional higher/lower
2026-05-11,Atlanta,200,Mexico,BASE,45.0,48.0,46.0,47.0,47.0,,
2026-05-11,Atlanta,200,Mexico,Fair Quality,38.0,40.0,,,40.0,,poorer quality and condition lower
2026-05-11,Atlanta,200,Mexico,Fine Appearance,50.0,51.0,,,51.0,,occasional higher/lower
2026-05-11,Atlanta,230,Mexico,Fine Appearance,47.0,48.0,,,48.0,,
2026-05-11,Atlanta,230,Mexico,BASE,40.0,43.0,41.0,42.0,42.0,,occasional lower
2026-05-12,Atlanta,110,Mexico,BASE,60.0,60.0,,,60.0,"MARKET SEEDLESS TYPE ABOUT STEADY, SEEDED TYPE STEADY",
2026-05-12,Atlanta,150,Mexico,Fine Appearance,52.0,54.0,,,54.0,"MARKET SEEDLESS TYPE ABOUT STEADY, SEEDED TYPE STEADY",occasional lower
2026-05-12,Atlanta,150,Mexico,BASE,47.0,49.0,48.0,49.0,49.0,"MARKET SEEDLESS TYPE ABOUT STEADY, SEEDED TYPE STEADY",
2026-05-12,Atlanta,175,Mexico,Fine Appearance,52.0,53.0,,,53.0,"MARKET SEEDLESS TYPE ABOUT STEADY, SEEDED TYPE STEADY",
2026-05-12,Atlanta,175,Mexico,BASE,49.0,51.0,50.0,50.5,50.5,"MARKET SEEDLESS TYPE ABOUT STEADY, SEEDED TYPE STEADY",occasional higher/lower
2026-05-12,Atlanta,200,Mexico,BASE,45.0,48.0,46.0,47.0,47.0,"MARKET SEEDLESS TYPE ABOUT STEADY, SEEDED TYPE STEADY",
2026-05-12,Atlanta,200,Mexico,Fine Appearance,51.0,52.0,,,52.0,"MARKET SEEDLESS TYPE ABOUT STEADY, SEEDED TYPE STEADY",occasional higher/lower
2026-05-12,Atlanta,230,Mexico,BASE,46.0,48.0,47.0,48.0,48.0,"MARKET SEEDLESS TYPE ABOUT STEADY, SEEDED TYPE STEADY",occasional lower
2026-05-13,Atlanta,110,Mexico,BASE,60.0,60.0,,,60.0,MARKET ABOUT STEADY,
2026-05-13,Atlanta,150,Mexico,BASE,47.0,49.0,48.0,49.0,49.0,MARKET ABOUT STEADY,
2026-05-13,Atlanta,150,Mexico,Fine Appearance,52.0,54.0,,,54.0,MARKET ABOUT STEADY,occasional lower
2026-05-13,Atlanta,175,Mexico,Fine Appearance,52.0,53.0,,,53.0,MARKET ABOUT STEADY,
2026-05-13,Atlanta,175,Mexico,BASE,49.0,51.0,50.0,50.5,50.5,MARKET ABOUT STEADY,occasional higher/lower
2026-05-13,Atlanta,200,Mexico,BASE,45.0,48.0,46.0,47.0,47.0,MARKET ABOUT STEADY,
2026-05-13,Atlanta,200,Mexico,Fine Appearance,51.0,52.0,,,52.0,MARKET ABOUT STEADY,occasional higher/lower
2026-05-13,Atlanta,230,Mexico,BASE,46.0,48.0,47.0,48.0,48.0,MARKET ABOUT STEADY,occasional lower
2026-05-14,Atlanta,110,Mexico,BASE,60.0,60.0,,,60.0,MARKET STEADY,
2026-05-14,Atlanta,150,Mexico,Fine Appearance,52.0,54.0,,,54.0,MARKET STEADY,occasional lower
2026-05-14,Atlanta,150,Mexico,BASE,47.0,49.0,48.0,49.0,49.0,MARKET STEADY,
2026-05-14,Atlanta,175,Mexico,BASE,49.0,51.0,50.0,50.5,50.5,MARKET STEADY,occasional higher/lower
2026-05-14,Atlanta,175,Mexico,Fine Appearance,52.0,53.0,,,53.0,MARKET STEADY,
2026-05-14,Atlanta,200,Mexico,BASE,45.0,48.0,46.0,47.0,47.0,MARKET STEADY,
2026-05-14,Atlanta,200,Mexico,Fine Appearance,51.0,52.0,,,52.0,MARKET STEADY,occasional higher/lower
2026-05-14,Atlanta,230,Mexico,BASE,46.0,48.0,47.0,48.0,48.0,MARKET STEADY,occasional lower
2026-05-15,Atlanta,110,Mexico,BASE,60.0,60.0,,,60.0,,
2026-05-15,Atlanta,150,Mexico,BASE,47.0,49.0,48.0,49.0,49.0,,
2026-05-15,Atlanta,150,Mexico,Fine Appearance,52.0,54.0,,,54.0,,occasional lower
2026-05-15,Atlanta,175,Mexico,Fine Appearance,52.0,53.0,,,53.0,,
2026-05-15,Atlanta,175,Mexico,BASE,49.0,51.0,50.0,50.5,50.5,,occasional higher/lower
2026-05-15,Atlanta,200,Mexico,Fine Appearance,51.0,52.0,,,52.0,,occasional higher/lower
2026-05-15,Atlanta,200,Mexico,BASE,45.0,48.0,46.0,47.0,47.0,,
2026-05-15,Atlanta,230,Mexico,BASE,46.0,48.0,47.0,48.0,48.0,,occasional lower
2026-05-18,Atlanta,110,Mexico,BASE,60.0,60.0,,,60.0,"MARKET 40-POUND CARTONS 110S STEADY, OTHERS SLIGHTLY HIGHER",
2026-05-18,Atlanta,150,Mexico,BASE,52.0,53.0,,,53.0,"MARKET 40-POUND CARTONS 110S STEADY, OTHERS SLIGHTLY HIGHER",
2026-05-18,Atlanta,150,Mexico,Fine Appearance,58.0,60.0,,,60.0,"MARKET 40-POUND CARTONS 110S STEADY, OTHERS SLIGHTLY HIGHER",occasional lower
2026-05-18,Atlanta,175,Mexico,Fine Appearance,56.0,59.0,57.0,58.0,58.0,"MARKET 40-POUND CARTONS 110S STEADY, OTHERS SLIGHTLY HIGHER",few 55.00
2026-05-18,Atlanta,175,Mexico,BASE,51.0,52.0,52.0,,52.0,"MARKET 40-POUND CARTONS 110S STEADY, OTHERS SLIGHTLY HIGHER",occasional higher/lower
2026-05-18,Atlanta,200,Mexico,BASE,50.0,52.0,50.0,51.0,51.0,"MARKET 40-POUND CARTONS 110S STEADY, OTHERS SLIGHTLY HIGHER",
2026-05-18,Atlanta,200,Mexico,Fine Appearance,53.0,56.0,54.0,55.0,55.0,"MARKET 40-POUND CARTONS 110S STEADY, OTHERS SLIGHTLY HIGHER",occasional higher/lower
2026-05-18,Atlanta,200,Mexico,Fair Quality,46.0,48.0,,,48.0,"MARKET 40-POUND CARTONS 110S STEADY, OTHERS SLIGHTLY HIGHER",poorer quality and condition lower
2026-05-18,Atlanta,230,Mexico,BASE,51.0,52.0,,,52.0,"MARKET 40-POUND CARTONS 110S STEADY, OTHERS SLIGHTLY HIGHER",
2026-05-18,Atlanta,230,Mexico,Fair Quality,44.0,46.0,,,46.0,"MARKET 40-POUND CARTONS 110S STEADY, OTHERS SLIGHTLY HIGHER",poorer quality and condition lower
2026-05-19,Atlanta,110,Mexico,BASE,60.0,60.0,,,60.0,MARKET ABOUT STEADY,
2026-05-19,Atlanta,150,Mexico,Fine Appearance,58.0,60.0,,,60.0,MARKET ABOUT STEADY,occasional lower
2026-05-19,Atlanta,150,Mexico,BASE,52.0,53.0,,,53.0,MARKET ABOUT STEADY,
2026-05-19,Atlanta,175,Mexico,Fine Appearance,56.0,59.0,57.0,58.0,58.0,MARKET ABOUT STEADY,few 55.00
2026-05-19,Atlanta,175,Mexico,BASE,51.0,52.0,52.0,,52.0,MARKET ABOUT STEADY,occasional higher/lower
2026-05-19,Atlanta,200,Mexico,BASE,50.0,52.0,50.0,51.0,51.0,MARKET ABOUT STEADY,
2026-05-19,Atlanta,200,Mexico,Fair Quality,46.0,48.0,,,48.0,MARKET ABOUT STEADY,poorer quality and condition lower
2026-05-19,Atlanta,200,Mexico,Fine Appearance,53.0,56.0,54.0,55.0,55.0,MARKET ABOUT STEADY,occasional higher/lower
2026-05-19,Atlanta,230,Mexico,BASE,51.0,52.0,,,52.0,MARKET ABOUT STEADY,
2026-05-19,Atlanta,230,Mexico,Fair Quality,44.0,46.0,,,46.0,MARKET ABOUT STEADY,poorer quality and condition lower
2026-05-20,Atlanta,110,Mexico,BASE,60.0,60.0,,,60.0,"MARKET SEEDLESS TYPE 175S AND 200S ABOUT STEADY, OTHERS STEADY",
2026-05-20,Atlanta,150,Mexico,Fine Appearance,58.0,60.0,,,60.0,"MARKET SEEDLESS TYPE 175S AND 200S ABOUT STEADY, OTHERS STEADY",occasional lower
2026-05-20,Atlanta,150,Mexico,BASE,52.0,53.0,,,53.0,"MARKET SEEDLESS TYPE 175S AND 200S ABOUT STEADY, OTHERS STEADY",
2026-05-20,Atlanta,175,Mexico,BASE,51.0,52.0,52.0,,52.0,"MARKET SEEDLESS TYPE 175S AND 200S ABOUT STEADY, OTHERS STEADY",occasional higher/lower
2026-05-20,Atlanta,175,Mexico,Fine Appearance,56.0,59.0,57.0,58.0,58.0,"MARKET SEEDLESS TYPE 175S AND 200S ABOUT STEADY, OTHERS STEADY",
2026-05-20,Atlanta,200,Mexico,Fair Quality,46.0,48.0,,,48.0,"MARKET SEEDLESS TYPE 175S AND 200S ABOUT STEADY, OTHERS STEADY",poorer quality and condition lower
2026-05-20,Atlanta,200,Mexico,Fine Appearance,53.0,56.0,54.0,55.0,55.0,"MARKET SEEDLESS TYPE 175S AND 200S ABOUT STEADY, OTHERS STEADY",occasional higher/lower
2026-05-20,Atlanta,200,Mexico,BASE,50.0,52.0,50.0,51.0,51.0,"MARKET SEEDLESS TYPE 175S AND 200S ABOUT STEADY, OTHERS STEADY",
2026-05-20,Atlanta,230,Mexico,Fair Quality,44.0,46.0,,,46.0,"MARKET SEEDLESS TYPE 175S AND 200S ABOUT STEADY, OTHERS STEADY",poorer quality and condition lower
2026-05-20,Atlanta,230,Mexico,BASE,51.0,52.0,,,52.0,"MARKET SEEDLESS TYPE 175S AND 200S ABOUT STEADY, OTHERS STEADY",
2026-05-21,Atlanta,110,Mexico,BASE,60.0,60.0,,,60.0,MARKET ABOUT STEADY,
2026-05-21,Atlanta,150,Mexico,Fine Appearance,58.0,60.0,,,60.0,MARKET ABOUT STEADY,occasional lower
2026-05-21,Atlanta,150,Mexico,BASE,52.0,53.0,,,53.0,MARKET ABOUT STEADY,
2026-05-21,Atlanta,175,Mexico,Fine Appearance,56.0,59.0,57.0,58.0,58.0,MARKET ABOUT STEADY,
2026-05-21,Atlanta,175,Mexico,BASE,51.0,52.0,52.0,,52.0,MARKET ABOUT STEADY,occasional higher/lower
2026-05-21,Atlanta,200,Mexico,Fine Appearance,53.0,56.0,54.0,55.0,55.0,MARKET ABOUT STEADY,occasional higher/lower
2026-05-21,Atlanta,200,Mexico,BASE,50.0,52.0,50.0,51.0,51.0,MARKET ABOUT STEADY,
2026-05-21,Atlanta,200,Mexico,Fair Quality,46.0,48.0,,,48.0,MARKET ABOUT STEADY,poorer quality and condition lower
2026-05-21,Atlanta,230,Mexico,BASE,51.0,52.0,,,52.0,MARKET ABOUT STEADY,
2026-05-21,Atlanta,230,Mexico,Fair Quality,44.0,46.0,,,46.0,MARKET ABOUT STEADY,poorer quality and condition lower
2026-05-22,Atlanta,110,Mexico,BASE,60.0,60.0,,,60.0,MARKET ABOUT STEADY,
2026-05-22,Atlanta,150,Mexico,BASE,52.0,53.0,,,53.0,MARKET ABOUT STEADY,
2026-05-22,Atlanta,150,Mexico,Fine Appearance,58.0,60.0,,,60.0,MARKET ABOUT STEADY,occasional lower
2026-05-22,Atlanta,150,Colombia,BASE,47.0,47.0,,,47.0,MARKET ABOUT STEADY,occasional higher/lower
2026-05-22,Atlanta,175,Mexico,Fine Appearance,56.0,59.0,57.0,58.0,58.0,MARKET ABOUT STEADY,
2026-05-22,Atlanta,175,Mexico,BASE,51.0,52.0,52.0,,52.0,MARKET ABOUT STEADY,occasional higher/lower
2026-05-22,Atlanta,175,Colombia,BASE,47.0,47.0,,,47.0,MARKET ABOUT STEADY,occasional higher/lower
2026-05-22,Atlanta,200,Mexico,Fine Appearance,53.0,56.0,54.0,55.0,55.0,MARKET ABOUT STEADY,occasional higher/lower
2026-05-22,Atlanta,200,Mexico,Fair Quality,46.0,48.0,,,48.0,MARKET ABOUT STEADY,poorer quality and condition lower
2026-05-22,Atlanta,200,Colombia,BASE,47.0,47.0,,,47.0,MARKET ABOUT STEADY,occasional higher/lower
2026-05-22,Atlanta,200,Mexico,BASE,50.0,52.0,50.0,51.0,51.0,MARKET ABOUT STEADY,
2026-05-22,Atlanta,230,Mexico,BASE,51.0,52.0,,,52.0,MARKET ABOUT STEADY,
2026-05-22,Atlanta,230,Mexico,Fair Quality,44.0,46.0,,,46.0,MARKET ABOUT STEADY,poorer quality and condition lower
2026-05-22,Atlanta,230,Colombia,BASE,47.0,47.0,,,47.0,MARKET ABOUT STEADY,occasional higher/lower
2026-05-26,Atlanta,110,Mexico,BASE,60.0,60.0,,,60.0,"MARKET COLOMBIA SLIGHTLY LOWER, MEXICO ABOUT STEADY",
2026-05-26,Atlanta,150,Mexico,Fine Appearance,58.0,60.0,,,60.0,"MARKET COLOMBIA SLIGHTLY LOWER, MEXICO ABOUT STEADY",occasional lower
2026-05-26,Atlanta,150,Mexico,BASE,51.0,54.0,52.0,53.0,53.0,"MARKET COLOMBIA SLIGHTLY LOWER, MEXICO ABOUT STEADY",occasional lower
2026-05-26,Atlanta,150,Colombia,BASE,45.0,46.0,46.0,,46.0,"MARKET COLOMBIA SLIGHTLY LOWER, MEXICO ABOUT STEADY",occasional higher/lower
2026-05-26,Atlanta,175,Mexico,Fine Appearance,56.0,59.0,57.0,58.0,58.0,"MARKET COLOMBIA SLIGHTLY LOWER, MEXICO ABOUT STEADY",
2026-05-26,Atlanta,175,Mexico,BASE,52.0,53.0,53.0,,53.0,"MARKET COLOMBIA SLIGHTLY LOWER, MEXICO ABOUT STEADY",occasional higher/lower
2026-05-26,Atlanta,175,Colombia,BASE,45.0,46.0,46.0,,46.0,"MARKET COLOMBIA SLIGHTLY LOWER, MEXICO ABOUT STEADY",occasional higher/lower
2026-05-26,Atlanta,200,Mexico,Fair Quality,47.0,50.0,48.0,49.0,49.0,"MARKET COLOMBIA SLIGHTLY LOWER, MEXICO ABOUT STEADY",poorer quality and condition lower
2026-05-26,Atlanta,200,Mexico,Fine Appearance,56.0,56.0,,,56.0,"MARKET COLOMBIA SLIGHTLY LOWER, MEXICO ABOUT STEADY",occasional higher/lower
2026-05-26,Atlanta,200,Mexico,BASE,52.0,54.0,53.0,54.0,54.0,"MARKET COLOMBIA SLIGHTLY LOWER, MEXICO ABOUT STEADY",
2026-05-26,Atlanta,200,Colombia,BASE,45.0,46.0,46.0,,46.0,"MARKET COLOMBIA SLIGHTLY LOWER, MEXICO ABOUT STEADY",occasional higher/lower
2026-05-26,Atlanta,230,Colombia,BASE,45.0,46.0,46.0,,46.0,"MARKET COLOMBIA SLIGHTLY LOWER, MEXICO ABOUT STEADY",occasional higher/lower
2026-05-26,Atlanta,230,Mexico,Fair Quality,46.0,48.0,47.0,,48.0,"MARKET COLOMBIA SLIGHTLY LOWER, MEXICO ABOUT STEADY",poorer quality and condition lower
2026-05-26,Atlanta,230,Mexico,BASE,51.0,52.0,52.0,,52.0,"MARKET COLOMBIA SLIGHTLY LOWER, MEXICO ABOUT STEADY",
2026-05-27,Atlanta,110,Mexico,BASE,56.0,56.0,,,56.0,"MARKET MEXICO 40-POUND CARTONS 110S SLIGHTLY LOWER, OTHERS ABOUT STEADY",
2026-05-27,Atlanta,150,Mexico,Fine Appearance,56.0,56.0,,,56.0,"MARKET MEXICO 40-POUND CARTONS 110S SLIGHTLY LOWER, OTHERS ABOUT STEADY",few 58.00-60.00
2026-05-27,Atlanta,150,Mexico,BASE,51.0,54.0,52.0,53.0,53.0,"MARKET MEXICO 40-POUND CARTONS 110S SLIGHTLY LOWER, OTHERS ABOUT STEADY",occasional lower
2026-05-27,Atlanta,150,Colombia,BASE,45.0,46.0,46.0,,46.0,"MARKET MEXICO 40-POUND CARTONS 110S SLIGHTLY LOWER, OTHERS ABOUT STEADY",occasional higher/lower
2026-05-27,Atlanta,175,Mexico,BASE,52.0,53.0,53.0,,53.0,"MARKET MEXICO 40-POUND CARTONS 110S SLIGHTLY LOWER, OTHERS ABOUT STEADY",occasional higher/lower
2026-05-27,Atlanta,175,Mexico,Fine Appearance,56.0,59.0,57.0,58.0,58.0,"MARKET MEXICO 40-POUND CARTONS 110S SLIGHTLY LOWER, OTHERS ABOUT STEADY",
2026-05-27,Atlanta,175,Colombia,BASE,45.0,46.0,46.0,,46.0,"MARKET MEXICO 40-POUND CARTONS 110S SLIGHTLY LOWER, OTHERS ABOUT STEADY",occasional higher/lower
2026-05-27,Atlanta,200,Mexico,BASE,52.0,54.0,53.0,54.0,54.0,"MARKET MEXICO 40-POUND CARTONS 110S SLIGHTLY LOWER, OTHERS ABOUT STEADY",
2026-05-27,Atlanta,200,Colombia,BASE,45.0,46.0,46.0,,46.0,"MARKET MEXICO 40-POUND CARTONS 110S SLIGHTLY LOWER, OTHERS ABOUT STEADY",occasional higher/lower
2026-05-27,Atlanta,200,Mexico,Fair Quality,47.0,50.0,48.0,49.0,49.0,"MARKET MEXICO 40-POUND CARTONS 110S SLIGHTLY LOWER, OTHERS ABOUT STEADY",poorer quality and condition lower
2026-05-27,Atlanta,200,Mexico,Fine Appearance,56.0,56.0,,,56.0,"MARKET MEXICO 40-POUND CARTONS 110S SLIGHTLY LOWER, OTHERS ABOUT STEADY",occasional higher/lower
2026-05-27,Atlanta,230,Colombia,BASE,45.0,46.0,46.0,,46.0,"MARKET MEXICO 40-POUND CARTONS 110S SLIGHTLY LOWER, OTHERS ABOUT STEADY",occasional higher/lower
2026-05-27,Atlanta,230,Mexico,BASE,51.0,52.0,52.0,,52.0,"MARKET MEXICO 40-POUND CARTONS 110S SLIGHTLY LOWER, OTHERS ABOUT STEADY",
2026-05-27,Atlanta,230,Mexico,Fair Quality,46.0,48.0,47.0,,48.0,"MARKET MEXICO 40-POUND CARTONS 110S SLIGHTLY LOWER, OTHERS ABOUT STEADY",poorer quality and condition lower
2026-05-28,Atlanta,110,Mexico,BASE,56.0,56.0,,,56.0,MARKET ABOUT STEADY,
2026-05-28,Atlanta,150,Colombia,BASE,45.0,46.0,46.0,,46.0,MARKET ABOUT STEADY,occasional higher/lower
2026-05-28,Atlanta,150,Mexico,Fine Appearance,56.0,56.0,,,56.0,MARKET ABOUT STEADY,few 58.00-60.00
2026-05-28,Atlanta,150,Mexico,BASE,51.0,54.0,52.0,53.0,53.0,MARKET ABOUT STEADY,occasional lower
2026-05-28,Atlanta,175,Colombia,BASE,45.0,46.0,46.0,,46.0,MARKET ABOUT STEADY,occasional higher/lower
2026-05-28,Atlanta,175,Mexico,Fine Appearance,56.0,59.0,57.0,58.0,58.0,MARKET ABOUT STEADY,
2026-05-28,Atlanta,175,Mexico,BASE,52.0,53.0,53.0,,53.0,MARKET ABOUT STEADY,occasional higher/lower
2026-05-28,Atlanta,200,Mexico,Fine Appearance,56.0,56.0,,,56.0,MARKET ABOUT STEADY,occasional higher/lower
2026-05-28,Atlanta,200,Mexico,Fair Quality,47.0,50.0,48.0,49.0,49.0,MARKET ABOUT STEADY,poorer quality and condition lower
2026-05-28,Atlanta,200,Colombia,BASE,45.0,46.0,46.0,,46.0,MARKET ABOUT STEADY,occasional higher/lower
2026-05-28,Atlanta,200,Mexico,BASE,52.0,54.0,53.0,54.0,54.0,MARKET ABOUT STEADY,
2026-05-28,Atlanta,230,Mexico,BASE,51.0,52.0,52.0,,52.0,MARKET ABOUT STEADY,
2026-05-28,Atlanta,230,Mexico,Fair Quality,46.0,48.0,47.0,,48.0,MARKET ABOUT STEADY,poorer quality and condition lower
2026-05-28,Atlanta,230,Colombia,BASE,45.0,46.0,46.0,,46.0,MARKET ABOUT STEADY,occasional higher/lower
2026-05-29,Atlanta,110,Colombia,BASE,38.0,39.0,39.0,,39.0,"MARKET COLOMBIA SLIGHTLY LOWER, MEXICO ABOUT STEADY",occasional higher/lower
2026-05-29,Atlanta,110,Mexico,BASE,56.0,56.0,,,56.0,"MARKET COLOMBIA SLIGHTLY LOWER, MEXICO ABOUT STEADY",
2026-05-29,Atlanta,150,Mexico,Fine Appearance,56.0,56.0,,,56.0,"MARKET COLOMBIA SLIGHTLY LOWER, MEXICO ABOUT STEADY",few 60.00
2026-05-29,Atlanta,150,Mexico,Fair Quality,43.0,45.0,44.0,45.0,45.0,"MARKET COLOMBIA SLIGHTLY LOWER, MEXICO ABOUT STEADY",poorer quality and condition lower
2026-05-29,Atlanta,150,Mexico,BASE,51.0,54.5,52.0,53.0,53.0,"MARKET COLOMBIA SLIGHTLY LOWER, MEXICO ABOUT STEADY",occasional lower
2026-05-29,Atlanta,150,Colombia,BASE,38.0,39.0,39.0,,39.0,"MARKET COLOMBIA SLIGHTLY LOWER, MEXICO ABOUT STEADY",occasional higher/lower
2026-05-29,Atlanta,175,Colombia,BASE,38.0,39.0,39.0,,39.0,"MARKET COLOMBIA SLIGHTLY LOWER, MEXICO ABOUT STEADY",occasional higher/lower
2026-05-29,Atlanta,175,Mexico,Fair Quality,43.0,45.0,44.0,45.0,45.0,"MARKET COLOMBIA SLIGHTLY LOWER, MEXICO ABOUT STEADY",poorer quality and condition lower
2026-05-29,Atlanta,175,Mexico,BASE,51.0,54.0,52.0,53.0,53.0,"MARKET COLOMBIA SLIGHTLY LOWER, MEXICO ABOUT STEADY",occasional higher/lower
2026-05-29,Atlanta,175,Mexico,Fine Appearance,56.0,59.0,57.0,58.0,58.0,"MARKET COLOMBIA SLIGHTLY LOWER, MEXICO ABOUT STEADY",
2026-05-29,Atlanta,200,Mexico,BASE,48.0,50.0,48.0,49.0,49.0,"MARKET COLOMBIA SLIGHTLY LOWER, MEXICO ABOUT STEADY",few 54.00
2026-05-29,Atlanta,200,Mexico,Fine Appearance,56.0,56.0,,,56.0,"MARKET COLOMBIA SLIGHTLY LOWER, MEXICO ABOUT STEADY",occasional higher/lower
2026-05-29,Atlanta,200,Mexico,Fair Quality,36.0,38.0,37.0,38.0,38.0,"MARKET COLOMBIA SLIGHTLY LOWER, MEXICO ABOUT STEADY",poorer quality and condition lower
2026-05-29,Atlanta,200,Colombia,BASE,38.0,39.0,39.0,,39.0,"MARKET COLOMBIA SLIGHTLY LOWER, MEXICO ABOUT STEADY",occasional higher/lower
2026-05-29,Atlanta,230,Colombia,BASE,38.0,39.0,39.0,,39.0,"MARKET COLOMBIA SLIGHTLY LOWER, MEXICO ABOUT STEADY",occasional higher/lower
2026-05-29,Atlanta,230,Mexico,Fair Quality,46.0,48.0,46.0,47.0,47.0,"MARKET COLOMBIA SLIGHTLY LOWER, MEXICO ABOUT STEADY",poorer quality and condition lower
2026-05-29,Atlanta,230,Mexico,BASE,49.0,52.0,50.0,51.0,51.0,"MARKET COLOMBIA SLIGHTLY LOWER, MEXICO ABOUT STEADY",occasional lower
2026-06-01,Atlanta,110,Colombia,BASE,36.0,37.0,37.0,,37.0,"MARKET COLOMBIA SLIGHTLY LOWER, OTHERS ABOUT STEADY",occasional higher/lower
2026-06-01,Atlanta,110,Mexico,BASE,56.0,56.0,,,56.0,"MARKET COLOMBIA SLIGHTLY LOWER, OTHERS ABOUT STEADY",
2026-06-01,Atlanta,150,Colombia,BASE,36.0,37.0,37.0,,37.0,"MARKET COLOMBIA SLIGHTLY LOWER, OTHERS ABOUT STEADY",occasional higher/lower
2026-06-01,Atlanta,150,Mexico,BASE,51.0,54.5,52.0,53.0,53.0,"MARKET COLOMBIA SLIGHTLY LOWER, OTHERS ABOUT STEADY",occasional lower
2026-06-01,Atlanta,150,Mexico,Fair Quality,43.0,45.0,44.0,45.0,45.0,"MARKET COLOMBIA SLIGHTLY LOWER, OTHERS ABOUT STEADY",poorer quality and condition lower
2026-06-01,Atlanta,150,Mexico,Fine Appearance,56.0,56.0,,,56.0,"MARKET COLOMBIA SLIGHTLY LOWER, OTHERS ABOUT STEADY",few 60.00
2026-06-01,Atlanta,175,Colombia,BASE,36.0,37.0,37.0,,37.0,"MARKET COLOMBIA SLIGHTLY LOWER, OTHERS ABOUT STEADY",occasional higher/lower
2026-06-01,Atlanta,175,Mexico,Fair Quality,43.0,45.0,44.0,45.0,45.0,"MARKET COLOMBIA SLIGHTLY LOWER, OTHERS ABOUT STEADY",poorer quality and condition lower
2026-06-01,Atlanta,175,Mexico,Fine Appearance,56.0,59.0,57.0,58.0,58.0,"MARKET COLOMBIA SLIGHTLY LOWER, OTHERS ABOUT STEADY",
2026-06-01,Atlanta,175,Mexico,BASE,51.0,54.0,52.0,53.0,53.0,"MARKET COLOMBIA SLIGHTLY LOWER, OTHERS ABOUT STEADY",occasional higher/lower
2026-06-01,Atlanta,200,Mexico,BASE,48.0,50.0,48.0,49.0,49.0,"MARKET COLOMBIA SLIGHTLY LOWER, OTHERS ABOUT STEADY",few 54.00
2026-06-01,Atlanta,200,Mexico,Fine Appearance,56.0,56.0,,,56.0,"MARKET COLOMBIA SLIGHTLY LOWER, OTHERS ABOUT STEADY",occasional higher/lower
2026-06-01,Atlanta,200,Colombia,BASE,36.0,37.0,37.0,,37.0,"MARKET COLOMBIA SLIGHTLY LOWER, OTHERS ABOUT STEADY",occasional higher/lower
2026-06-01,Atlanta,200,Mexico,Fair Quality,36.0,38.0,37.0,38.0,38.0,"MARKET COLOMBIA SLIGHTLY LOWER, OTHERS ABOUT STEADY",poorer quality and condition lower
2026-06-01,Atlanta,230,Mexico,BASE,49.0,52.0,50.0,51.0,51.0,"MARKET COLOMBIA SLIGHTLY LOWER, OTHERS ABOUT STEADY",occasional lower
2026-06-01,Atlanta,230,Mexico,Fair Quality,46.0,48.0,46.0,47.0,47.0,"MARKET COLOMBIA SLIGHTLY LOWER, OTHERS ABOUT STEADY",poorer quality and condition lower
2026-06-01,Atlanta,230,Colombia,BASE,36.0,37.0,37.0,,37.0,"MARKET COLOMBIA SLIGHTLY LOWER, OTHERS ABOUT STEADY",occasional higher/lower
2026-06-02,Atlanta,110,Colombia,BASE,36.0,37.0,37.0,,37.0,"MARKET MEXICO 40-POUND CARTONS 175S SLIGHTLY LOWER, OTHERS ABOUT STEADY",occasional higher/lower
2026-06-02,Atlanta,110,Mexico,BASE,56.0,56.0,,,56.0,"MARKET MEXICO 40-POUND CARTONS 175S SLIGHTLY LOWER, OTHERS ABOUT STEADY",
2026-06-02,Atlanta,150,Mexico,Fair Quality,40.0,43.0,41.0,42.0,42.0,"MARKET MEXICO 40-POUND CARTONS 175S SLIGHTLY LOWER, OTHERS ABOUT STEADY",poorer quality and condition lower
2026-06-02,Atlanta,150,Mexico,BASE,51.0,54.5,52.0,53.0,53.0,"MARKET MEXICO 40-POUND CARTONS 175S SLIGHTLY LOWER, OTHERS ABOUT STEADY",occasional lower
2026-06-02,Atlanta,150,Colombia,BASE,36.0,37.0,37.0,,37.0,"MARKET MEXICO 40-POUND CARTONS 175S SLIGHTLY LOWER, OTHERS ABOUT STEADY",occasional higher/lower
2026-06-02,Atlanta,150,Mexico,Fine Appearance,56.0,56.0,,,56.0,"MARKET MEXICO 40-POUND CARTONS 175S SLIGHTLY LOWER, OTHERS ABOUT STEADY",few 60.00
2026-06-02,Atlanta,175,Mexico,BASE,49.0,52.0,50.0,51.0,51.0,"MARKET MEXICO 40-POUND CARTONS 175S SLIGHTLY LOWER, OTHERS ABOUT STEADY",occasional higher/lower
2026-06-02,Atlanta,175,Mexico,Fair Quality,40.0,42.0,,,42.0,"MARKET MEXICO 40-POUND CARTONS 175S SLIGHTLY LOWER, OTHERS ABOUT STEADY",poorer quality and condition lower
2026-06-02,Atlanta,175,Colombia,BASE,36.0,37.0,37.0,,37.0,"MARKET MEXICO 40-POUND CARTONS 175S SLIGHTLY LOWER, OTHERS ABOUT STEADY",occasional higher/lower
2026-06-02,Atlanta,175,Mexico,Fine Appearance,54.0,55.0,,,55.0,"MARKET MEXICO 40-POUND CARTONS 175S SLIGHTLY LOWER, OTHERS ABOUT STEADY",
2026-06-02,Atlanta,200,Mexico,Fine Appearance,56.0,56.0,,,56.0,"MARKET MEXICO 40-POUND CARTONS 175S SLIGHTLY LOWER, OTHERS ABOUT STEADY",occasional higher/lower
2026-06-02,Atlanta,200,Colombia,BASE,36.0,37.0,37.0,,37.0,"MARKET MEXICO 40-POUND CARTONS 175S SLIGHTLY LOWER, OTHERS ABOUT STEADY",occasional higher/lower
2026-06-02,Atlanta,200,Mexico,Fair Quality,36.0,38.0,37.0,38.0,38.0,"MARKET MEXICO 40-POUND CARTONS 175S SLIGHTLY LOWER, OTHERS ABOUT STEADY",poorer quality and condition lower
2026-06-02,Atlanta,200,Mexico,BASE,48.0,50.0,48.0,49.0,49.0,"MARKET MEXICO 40-POUND CARTONS 175S SLIGHTLY LOWER, OTHERS ABOUT STEADY",few 54.00
2026-06-02,Atlanta,230,Mexico,Fair Quality,46.0,48.0,46.0,47.0,47.0,"MARKET MEXICO 40-POUND CARTONS 175S SLIGHTLY LOWER, OTHERS ABOUT STEADY",poorer quality and condition lower
2026-06-02,Atlanta,230,Mexico,BASE,49.0,52.0,50.0,51.0,51.0,"MARKET MEXICO 40-POUND CARTONS 175S SLIGHTLY LOWER, OTHERS ABOUT STEADY",occasional lower
2026-06-02,Atlanta,230,Colombia,BASE,36.0,37.0,37.0,,37.0,"MARKET MEXICO 40-POUND CARTONS 175S SLIGHTLY LOWER, OTHERS ABOUT STEADY",occasional higher/lower
2026-06-03,Atlanta,110,Mexico,BASE,56.0,56.0,,,56.0,MARKET ABOUT STEADY,
2026-06-03,Atlanta,150,Mexico,Fine Appearance,56.0,56.0,,,56.0,MARKET ABOUT STEADY,few 60.00
2026-06-03,Atlanta,150,Mexico,Fair Quality,40.0,43.0,41.0,42.0,42.0,MARKET ABOUT STEADY,poorer quality and condition lower
2026-06-03,Atlanta,150,Mexico,BASE,51.0,54.5,52.0,53.0,53.0,MARKET ABOUT STEADY,occasional lower
2026-06-03,Atlanta,175,Mexico,Fair Quality,40.0,42.0,,,42.0,MARKET ABOUT STEADY,poorer quality and condition lower
2026-06-03,Atlanta,175,Mexico,Fine Appearance,54.0,55.0,,,55.0,MARKET ABOUT STEADY,
2026-06-03,Atlanta,175,Mexico,BASE,49.0,52.0,50.0,51.0,51.0,MARKET ABOUT STEADY,occasional higher/lower
2026-06-03,Atlanta,200,Mexico,Fine Appearance,56.0,56.0,,,56.0,MARKET ABOUT STEADY,occasional higher/lower
2026-06-03,Atlanta,200,Mexico,Fair Quality,36.0,38.0,37.0,38.0,38.0,MARKET ABOUT STEADY,poorer quality and condition lower
2026-06-03,Atlanta,200,Mexico,BASE,48.0,50.0,48.0,49.0,49.0,MARKET ABOUT STEADY,few 54.00
2026-06-03,Atlanta,230,Mexico,Fair Quality,46.0,48.0,46.0,47.0,47.0,MARKET ABOUT STEADY,poorer quality and condition lower
2026-06-03,Atlanta,230,Mexico,BASE,49.0,52.0,50.0,51.0,51.0,MARKET ABOUT STEADY,occasional lower
2026-06-04,Atlanta,110,Mexico,BASE,56.0,56.0,,,56.0,MARKET STEADY,
2026-06-04,Atlanta,150,Mexico,Fine Appearance,56.0,56.0,,,56.0,MARKET STEADY,few 60.00
2026-06-04,Atlanta,150,Mexico,Fair Quality,40.0,43.0,41.0,42.0,42.0,MARKET STEADY,poorer quality and condition lower
2026-06-04,Atlanta,150,Mexico,BASE,51.0,54.5,52.0,53.0,53.0,MARKET STEADY,occasional lower
2026-06-04,Atlanta,175,Mexico,BASE,49.0,52.0,50.0,51.0,51.0,MARKET STEADY,occasional higher/lower
2026-06-04,Atlanta,175,Mexico,Fine Appearance,54.0,55.0,,,55.0,MARKET STEADY,
2026-06-04,Atlanta,175,Mexico,Fair Quality,40.0,42.0,,,42.0,MARKET STEADY,poorer quality and condition lower
2026-06-04,Atlanta,200,Mexico,BASE,48.0,50.0,48.0,49.0,49.0,MARKET STEADY,few 54.00
2026-06-04,Atlanta,200,Mexico,Fine Appearance,56.0,56.0,,,56.0,MARKET STEADY,occasional higher/lower
2026-06-04,Atlanta,200,Mexico,Fair Quality,36.0,38.0,37.0,38.0,38.0,MARKET STEADY,poorer quality and condition lower
2026-06-04,Atlanta,230,Mexico,BASE,49.0,52.0,50.0,51.0,51.0,MARKET STEADY,occasional lower
2026-06-04,Atlanta,230,Mexico,Fair Quality,46.0,48.0,46.0,47.0,47.0,MARKET STEADY,poorer quality and condition lower
2026-06-05,Atlanta,110,Mexico,BASE,55.0,56.0,,,56.0,"MARKET COLOMBIA AND MEXICO SLIGHTLY LOWER, SEEDED TYPE STEADY",
2026-06-05,Atlanta,150,Mexico,Fair Quality,32.0,34.0,,,34.0,"MARKET COLOMBIA AND MEXICO SLIGHTLY LOWER, SEEDED TYPE STEADY",poorer quality and condition lower
2026-06-05,Atlanta,150,Mexico,Fine Appearance,52.0,55.0,53.0,54.0,54.0,"MARKET COLOMBIA AND MEXICO SLIGHTLY LOWER, SEEDED TYPE STEADY",
2026-06-05,Atlanta,150,Mexico,BASE,38.0,40.0,39.0,40.0,40.0,"MARKET COLOMBIA AND MEXICO SLIGHTLY LOWER, SEEDED TYPE STEADY",occasional lower
2026-06-05,Atlanta,175,Mexico,Fair Quality,32.0,34.0,,,34.0,"MARKET COLOMBIA AND MEXICO SLIGHTLY LOWER, SEEDED TYPE STEADY",poorer quality and condition lower
2026-06-05,Atlanta,175,Mexico,Fine Appearance,52.0,55.0,53.0,54.0,54.0,"MARKET COLOMBIA AND MEXICO SLIGHTLY LOWER, SEEDED TYPE STEADY",
2026-06-05,Atlanta,175,Mexico,BASE,38.0,40.0,39.0,40.0,40.0,"MARKET COLOMBIA AND MEXICO SLIGHTLY LOWER, SEEDED TYPE STEADY",occasional higher/lower
2026-06-05,Atlanta,200,Mexico,BASE,38.0,40.0,39.0,40.0,40.0,"MARKET COLOMBIA AND MEXICO SLIGHTLY LOWER, SEEDED TYPE STEADY",
2026-06-05,Atlanta,200,Mexico,Fair Quality,30.0,32.0,,,32.0,"MARKET COLOMBIA AND MEXICO SLIGHTLY LOWER, SEEDED TYPE STEADY",poorer quality and condition lower
2026-06-05,Atlanta,200,Mexico,Fine Appearance,48.0,50.0,,,50.0,"MARKET COLOMBIA AND MEXICO SLIGHTLY LOWER, SEEDED TYPE STEADY",occasional higher/lower
2026-06-05,Atlanta,230,Mexico,BASE,39.0,41.0,39.0,40.0,40.0,"MARKET COLOMBIA AND MEXICO SLIGHTLY LOWER, SEEDED TYPE STEADY",occasional lower
2026-06-05,Atlanta,230,Mexico,Fair Quality,26.0,28.0,,,28.0,"MARKET COLOMBIA AND MEXICO SLIGHTLY LOWER, SEEDED TYPE STEADY",poorer quality and condition lower
2026-06-08,Atlanta,110,Mexico,BASE,52.0,54.0,,,54.0,"MARKET COLOMBIA AND MEXICO SLIGHTLY LOWER, SEEDED TYPE STEADY",
2026-06-08,Atlanta,150,Mexico,BASE,42.0,45.0,43.0,44.0,44.0,"MARKET COLOMBIA AND MEXICO SLIGHTLY LOWER, SEEDED TYPE STEADY",occasional lower
2026-06-08,Atlanta,150,Mexico,Fine Appearance,48.0,50.0,48.0,49.0,49.0,"MARKET COLOMBIA AND MEXICO SLIGHTLY LOWER, SEEDED TYPE STEADY",
2026-06-08,Atlanta,150,Mexico,Fair Quality,34.0,35.0,35.0,,35.0,"MARKET COLOMBIA AND MEXICO SLIGHTLY LOWER, SEEDED TYPE STEADY",poorer quality and condition lower
2026-06-08,Atlanta,175,Mexico,BASE,36.0,39.0,37.0,38.0,38.0,"MARKET COLOMBIA AND MEXICO SLIGHTLY LOWER, SEEDED TYPE STEADY",occasional higher/lower
2026-06-08,Atlanta,175,Mexico,Fine Appearance,40.0,42.0,41.0,42.0,42.0,"MARKET COLOMBIA AND MEXICO SLIGHTLY LOWER, SEEDED TYPE STEADY",occasional higher
2026-06-08,Atlanta,175,Mexico,Fair Quality,31.0,34.0,,,34.0,"MARKET COLOMBIA AND MEXICO SLIGHTLY LOWER, SEEDED TYPE STEADY",poorer quality and condition lower
2026-06-08,Atlanta,200,Mexico,Fair Quality,29.0,31.0,,,31.0,"MARKET COLOMBIA AND MEXICO SLIGHTLY LOWER, SEEDED TYPE STEADY",poorer quality and condition lower
2026-06-08,Atlanta,200,Mexico,BASE,35.0,37.0,35.0,36.0,36.0,"MARKET COLOMBIA AND MEXICO SLIGHTLY LOWER, SEEDED TYPE STEADY",occasional higher/lower
2026-06-08,Atlanta,230,Mexico,BASE,30.0,32.0,31.0,32.0,32.0,"MARKET COLOMBIA AND MEXICO SLIGHTLY LOWER, SEEDED TYPE STEADY",occasional lower
2026-06-09,Atlanta,110,Mexico,BASE,52.0,54.0,,,54.0,MARKET ABOUT STEADY,
2026-06-09,Atlanta,150,Mexico,Fine Appearance,48.0,50.0,48.0,49.0,49.0,MARKET ABOUT STEADY,
2026-06-09,Atlanta,150,Mexico,Fair Quality,34.0,35.0,35.0,,35.0,MARKET ABOUT STEADY,poorer quality and condition lower
2026-06-09,Atlanta,150,Mexico,BASE,42.0,45.0,43.0,44.0,44.0,MARKET ABOUT STEADY,occasional lower
2026-06-09,Atlanta,175,Mexico,BASE,36.0,39.0,37.0,38.0,38.0,MARKET ABOUT STEADY,occasional higher/lower
2026-06-09,Atlanta,175,Mexico,Fine Appearance,40.0,42.0,41.0,42.0,42.0,MARKET ABOUT STEADY,occasional higher
2026-06-09,Atlanta,175,Mexico,Fair Quality,31.0,34.0,,,34.0,MARKET ABOUT STEADY,poorer quality and condition lower
2026-06-09,Atlanta,200,Mexico,Fair Quality,29.0,31.0,,,31.0,MARKET ABOUT STEADY,poorer quality and condition lower
2026-06-09,Atlanta,200,Mexico,BASE,35.0,37.0,35.0,36.0,36.0,MARKET ABOUT STEADY,occasional higher/lower
2026-06-09,Atlanta,230,Mexico,BASE,30.0,32.0,31.0,32.0,32.0,MARKET ABOUT STEADY,occasional lower
2026-06-10,Atlanta,110,Mexico,BASE,52.0,54.0,,,54.0,MARKET STEADY,
2026-06-10,Atlanta,150,Mexico,Fine Appearance,48.0,50.0,48.0,49.0,49.0,MARKET STEADY,
2026-06-10,Atlanta,150,Mexico,Fair Quality,34.0,35.0,35.0,,35.0,MARKET STEADY,poorer quality and condition lower
2026-06-10,Atlanta,150,Mexico,BASE,42.0,45.0,43.0,44.0,44.0,MARKET STEADY,occasional lower
2026-06-10,Atlanta,175,Mexico,Fine Appearance,40.0,42.0,41.0,42.0,42.0,MARKET STEADY,occasional higher
2026-06-10,Atlanta,175,Mexico,Fair Quality,31.0,34.0,,,34.0,MARKET STEADY,poorer quality and condition lower
2026-06-10,Atlanta,175,Mexico,BASE,36.0,39.0,37.0,38.0,38.0,MARKET STEADY,occasional higher/lower
2026-06-10,Atlanta,200,Mexico,BASE,35.0,37.0,35.0,36.0,36.0,MARKET STEADY,occasional higher/lower
2026-06-10,Atlanta,200,Mexico,Fair Quality,29.0,31.0,,,31.0,MARKET STEADY,poorer quality and condition lower
2026-06-10,Atlanta,230,Mexico,BASE,30.0,32.0,31.0,32.0,32.0,MARKET STEADY,occasional lower
2026-06-11,Atlanta,110,Mexico,BASE,52.0,54.0,,,54.0,"MARKET MEXICO 40-POUND CARTONS 200S SLIGHTLY HIGHER, OTHERS ABOUT STEADY",
2026-06-11,Atlanta,150,Mexico,BASE,42.0,45.0,43.0,44.0,44.0,"MARKET MEXICO 40-POUND CARTONS 200S SLIGHTLY HIGHER, OTHERS ABOUT STEADY",occasional lower
2026-06-11,Atlanta,150,Mexico,Fine Appearance,48.0,50.0,48.0,49.0,49.0,"MARKET MEXICO 40-POUND CARTONS 200S SLIGHTLY HIGHER, OTHERS ABOUT STEADY",
2026-06-11,Atlanta,150,Mexico,Fair Quality,34.0,35.0,35.0,,35.0,"MARKET MEXICO 40-POUND CARTONS 200S SLIGHTLY HIGHER, OTHERS ABOUT STEADY",poorer quality and condition lower
2026-06-11,Atlanta,175,Mexico,BASE,36.0,39.0,37.0,38.0,38.0,"MARKET MEXICO 40-POUND CARTONS 200S SLIGHTLY HIGHER, OTHERS ABOUT STEADY",occasional higher/lower
2026-06-11,Atlanta,175,Mexico,Fine Appearance,40.0,42.0,41.0,42.0,42.0,"MARKET MEXICO 40-POUND CARTONS 200S SLIGHTLY HIGHER, OTHERS ABOUT STEADY",occasional higher
2026-06-11,Atlanta,175,Mexico,Fair Quality,31.0,34.0,,,34.0,"MARKET MEXICO 40-POUND CARTONS 200S SLIGHTLY HIGHER, OTHERS ABOUT STEADY",poorer quality and condition lower
2026-06-11,Atlanta,200,Mexico,Fair Quality,29.0,31.0,,,31.0,"MARKET MEXICO 40-POUND CARTONS 200S SLIGHTLY HIGHER, OTHERS ABOUT STEADY",poorer quality and condition lower
2026-06-11,Atlanta,200,Mexico,BASE,35.0,38.0,36.0,37.0,37.0,"MARKET MEXICO 40-POUND CARTONS 200S SLIGHTLY HIGHER, OTHERS ABOUT STEADY",occasional higher/lower
2026-06-11,Atlanta,230,Mexico,BASE,30.0,32.0,31.0,32.0,32.0,"MARKET MEXICO 40-POUND CARTONS 200S SLIGHTLY HIGHER, OTHERS ABOUT STEADY",occasional lower
2026-06-12,Atlanta,110,Mexico,BASE,52.0,54.0,,,54.0,"MARKET MEXICO 40-POUND CARTONS 175S SLIGHTLY HIGHER, OTHERS ABOUT STEADY",
2026-06-12,Atlanta,150,Mexico,Fair Quality,34.0,35.0,35.0,,35.0,"MARKET MEXICO 40-POUND CARTONS 175S SLIGHTLY HIGHER, OTHERS ABOUT STEADY",poorer quality and condition lower
2026-06-12,Atlanta,150,Mexico,BASE,42.0,44.0,43.0,44.0,44.0,"MARKET MEXICO 40-POUND CARTONS 175S SLIGHTLY HIGHER, OTHERS ABOUT STEADY",occasional lower
2026-06-12,Atlanta,150,Mexico,Fine Appearance,48.0,50.0,48.0,49.0,49.0,"MARKET MEXICO 40-POUND CARTONS 175S SLIGHTLY HIGHER, OTHERS ABOUT STEADY",
2026-06-12,Atlanta,175,Mexico,Fine Appearance,45.0,47.0,46.0,47.0,47.0,"MARKET MEXICO 40-POUND CARTONS 175S SLIGHTLY HIGHER, OTHERS ABOUT STEADY",occasional higher
2026-06-12,Atlanta,175,Mexico,Fair Quality,32.0,35.0,,,35.0,"MARKET MEXICO 40-POUND CARTONS 175S SLIGHTLY HIGHER, OTHERS ABOUT STEADY",poorer quality and condition lower
2026-06-12,Atlanta,175,Mexico,BASE,39.0,42.0,40.0,41.0,41.0,"MARKET MEXICO 40-POUND CARTONS 175S SLIGHTLY HIGHER, OTHERS ABOUT STEADY",occasional higher/lower
2026-06-12,Atlanta,200,Mexico,Fair Quality,26.0,28.0,,,28.0,"MARKET MEXICO 40-POUND CARTONS 175S SLIGHTLY HIGHER, OTHERS ABOUT STEADY",poorer quality and condition lower
2026-06-12,Atlanta,200,Mexico,BASE,35.0,38.0,36.0,37.0,37.0,"MARKET MEXICO 40-POUND CARTONS 175S SLIGHTLY HIGHER, OTHERS ABOUT STEADY",occasional higher/lower
2026-06-12,Atlanta,230,Mexico,BASE,30.0,32.0,31.0,32.0,32.0,"MARKET MEXICO 40-POUND CARTONS 175S SLIGHTLY HIGHER, OTHERS ABOUT STEADY",occasional lower
2026-06-15,Atlanta,110,Mexico,BASE,52.0,54.0,,,54.0,MARKET STEADY,
2026-06-15,Atlanta,150,Mexico,Fine Appearance,48.0,50.0,48.0,49.0,49.0,MARKET STEADY,
2026-06-15,Atlanta,150,Mexico,BASE,42.0,44.0,43.0,44.0,44.0,MARKET STEADY,occasional lower
2026-06-15,Atlanta,150,Mexico,Fair Quality,34.0,35.0,35.0,,35.0,MARKET STEADY,poorer quality and condition lower
2026-06-15,Atlanta,175,Mexico,Fine Appearance,45.0,47.0,46.0,47.0,47.0,MARKET STEADY,occasional higher
2026-06-15,Atlanta,175,Mexico,BASE,39.0,42.0,40.0,41.0,41.0,MARKET STEADY,occasional higher/lower
2026-06-15,Atlanta,175,Mexico,Fair Quality,32.0,35.0,,,35.0,MARKET STEADY,poorer quality and condition lower
2026-06-15,Atlanta,200,Mexico,Fair Quality,26.0,28.0,,,28.0,MARKET STEADY,poorer quality and condition lower
2026-06-15,Atlanta,200,Mexico,BASE,35.0,38.0,36.0,37.0,37.0,MARKET STEADY,occasional higher/lower
2026-06-15,Atlanta,230,Mexico,BASE,30.0,32.0,31.0,32.0,32.0,MARKET STEADY,occasional lower
2026-06-16,Atlanta,110,Mexico,BASE,52.0,54.0,,,54.0,MARKET 175S HIGHER; 230S AND 17 2-LB LOWER; OTHERS ABOUT STEADY,
2026-06-16,Atlanta,150,Mexico,BASE,42.0,44.0,43.0,44.0,44.0,MARKET 175S HIGHER; 230S AND 17 2-LB LOWER; OTHERS ABOUT STEADY,occasional lower
2026-06-16,Atlanta,150,Mexico,Fine Appearance,48.0,50.0,48.0,49.0,49.0,MARKET 175S HIGHER; 230S AND 17 2-LB LOWER; OTHERS ABOUT STEADY,
2026-06-16,Atlanta,150,Mexico,Fair Quality,34.0,35.0,35.0,,35.0,MARKET 175S HIGHER; 230S AND 17 2-LB LOWER; OTHERS ABOUT STEADY,poorer quality and condition lower
2026-06-16,Atlanta,175,Mexico,BASE,39.0,42.0,40.0,41.0,41.0,MARKET 175S HIGHER; 230S AND 17 2-LB LOWER; OTHERS ABOUT STEADY,occasional higher/lower
2026-06-16,Atlanta,175,Mexico,Fair Quality,32.0,35.0,,,35.0,MARKET 175S HIGHER; 230S AND 17 2-LB LOWER; OTHERS ABOUT STEADY,poorer quality and condition lower
2026-06-16,Atlanta,175,Mexico,Fine Appearance,45.0,47.0,46.0,47.0,47.0,MARKET 175S HIGHER; 230S AND 17 2-LB LOWER; OTHERS ABOUT STEADY,occasional higher
2026-06-16,Atlanta,200,Mexico,Fair Quality,26.0,28.0,,,28.0,MARKET 175S HIGHER; 230S AND 17 2-LB LOWER; OTHERS ABOUT STEADY,poorer quality and condition lower
2026-06-16,Atlanta,200,Mexico,BASE,35.0,38.0,36.0,37.0,37.0,MARKET 175S HIGHER; 230S AND 17 2-LB LOWER; OTHERS ABOUT STEADY,occasional higher/lower
2026-06-16,Atlanta,200,Mexico,Fine Appearance,34.0,34.0,,,34.0,MARKET 175S HIGHER; 230S AND 17 2-LB LOWER; OTHERS ABOUT STEADY,
2026-06-16,Atlanta,230,Mexico,BASE,30.0,32.0,31.0,32.0,32.0,MARKET 175S HIGHER; 230S AND 17 2-LB LOWER; OTHERS ABOUT STEADY,occasional lower
2026-06-17,Atlanta,110,Mexico,BASE,52.0,54.0,,,54.0,MARKET STEADY,
2026-06-17,Atlanta,150,Mexico,Fair Quality,34.0,35.0,35.0,,35.0,MARKET STEADY,poorer quality and condition lower
2026-06-17,Atlanta,150,Mexico,BASE,42.0,44.0,43.0,44.0,44.0,MARKET STEADY,occasional lower
2026-06-17,Atlanta,150,Mexico,Fine Appearance,48.0,50.0,48.0,49.0,49.0,MARKET STEADY,
2026-06-17,Atlanta,175,Mexico,BASE,39.0,42.0,40.0,41.0,41.0,MARKET STEADY,occasional higher/lower
2026-06-17,Atlanta,175,Mexico,Fine Appearance,45.0,47.0,46.0,47.0,47.0,MARKET STEADY,occasional higher
2026-06-17,Atlanta,175,Mexico,Fair Quality,32.0,35.0,,,35.0,MARKET STEADY,poorer quality and condition lower
2026-06-17,Atlanta,200,Mexico,BASE,35.0,38.0,36.0,37.0,37.0,MARKET STEADY,occasional higher/lower
2026-06-17,Atlanta,200,Mexico,Fair Quality,26.0,28.0,,,28.0,MARKET STEADY,poorer quality and condition lower
2026-06-17,Atlanta,200,Mexico,Fine Appearance,34.0,34.0,,,34.0,MARKET STEADY,
2026-06-17,Atlanta,230,Mexico,BASE,30.0,32.0,31.0,32.0,32.0,MARKET STEADY,occasional lower
2026-06-18,Atlanta,110,Mexico,BASE,52.0,54.0,,,54.0,MARKET STEADY,
2026-06-18,Atlanta,150,Mexico,Fair Quality,34.0,35.0,35.0,,35.0,MARKET STEADY,poorer quality and condition lower
2026-06-18,Atlanta,150,Mexico,BASE,42.0,44.0,43.0,44.0,44.0,MARKET STEADY,occasional lower
2026-06-18,Atlanta,150,Mexico,Fine Appearance,48.0,50.0,48.0,49.0,49.0,MARKET STEADY,
2026-06-18,Atlanta,175,Mexico,Fair Quality,32.0,35.0,,,35.0,MARKET STEADY,poorer quality and condition lower
2026-06-18,Atlanta,175,Mexico,Fine Appearance,45.0,47.0,46.0,47.0,47.0,MARKET STEADY,occasional higher
2026-06-18,Atlanta,175,Mexico,BASE,39.0,42.0,40.0,41.0,41.0,MARKET STEADY,occasional higher/lower
2026-06-18,Atlanta,200,Mexico,BASE,35.0,38.0,36.0,37.0,37.0,MARKET STEADY,occasional higher/lower
2026-06-18,Atlanta,200,Mexico,Fine Appearance,34.0,34.0,,,34.0,MARKET STEADY,
2026-06-18,Atlanta,200,Mexico,Fair Quality,26.0,28.0,,,28.0,MARKET STEADY,poorer quality and condition lower
2026-06-18,Atlanta,230,Mexico,BASE,30.0,32.0,31.0,32.0,32.0,MARKET STEADY,occasional lower
2026-06-22,Atlanta,110,Mexico,BASE,52.0,54.0,,,54.0,,
2026-06-22,Atlanta,150,Mexico,BASE,42.0,44.0,43.0,44.0,44.0,,occasional lower
2026-06-22,Atlanta,150,Mexico,Fair Quality,34.0,35.0,35.0,,35.0,,poorer quality and condition lower
2026-06-22,Atlanta,150,Mexico,Fine Appearance,48.0,50.0,48.0,49.0,49.0,,
2026-06-22,Atlanta,175,Mexico,Fine Appearance,45.0,47.0,46.0,47.0,47.0,,occasional higher
2026-06-22,Atlanta,175,Mexico,BASE,39.0,42.0,40.0,41.0,41.0,,occasional higher/lower
2026-06-22,Atlanta,175,Mexico,Fair Quality,32.0,35.0,,,35.0,,poorer quality and condition lower
2026-06-22,Atlanta,200,Mexico,Fine Appearance,34.0,34.0,,,34.0,,
2026-06-22,Atlanta,200,Mexico,BASE,35.0,38.0,36.0,37.0,37.0,,occasional higher/lower
2026-06-22,Atlanta,200,Mexico,Fair Quality,26.0,28.0,,,28.0,,poorer quality and condition lower
2026-06-22,Atlanta,230,Mexico,BASE,30.0,32.0,31.0,32.0,32.0,,occasional lower
2026-06-23,Atlanta,110,Mexico,BASE,40.0,42.0,,,42.0,"MARKET SEEDED TYPE STEADY, COLOMBIA AND MEXICO LOWER",
2026-06-23,Atlanta,150,Mexico,Fine Appearance,36.0,37.0,,,37.0,"MARKET SEEDED TYPE STEADY, COLOMBIA AND MEXICO LOWER",
2026-06-23,Atlanta,150,Mexico,BASE,30.0,32.0,31.0,32.0,32.0,"MARKET SEEDED TYPE STEADY, COLOMBIA AND MEXICO LOWER",occasional lower
2026-06-23,Atlanta,175,Mexico,Fine Appearance,35.0,36.0,36.0,36.0,36.0,"MARKET SEEDED TYPE STEADY, COLOMBIA AND MEXICO LOWER",occasional higher
2026-06-23,Atlanta,175,Mexico,Fair Quality,25.0,27.0,,,27.0,"MARKET SEEDED TYPE STEADY, COLOMBIA AND MEXICO LOWER",poorer quality and condition lower
2026-06-23,Atlanta,175,Mexico,BASE,30.0,33.0,32.0,32.0,32.0,"MARKET SEEDED TYPE STEADY, COLOMBIA AND MEXICO LOWER",occasional higher/lower
2026-06-23,Atlanta,200,Mexico,Fine Appearance,28.0,29.0,,,29.0,"MARKET SEEDED TYPE STEADY, COLOMBIA AND MEXICO LOWER",
2026-06-23,Atlanta,200,Mexico,BASE,20.0,22.0,,,22.0,"MARKET SEEDED TYPE STEADY, COLOMBIA AND MEXICO LOWER",occasional higher/lower
2026-06-23,Atlanta,230,Mexico,BASE,23.0,25.0,,,25.0,"MARKET SEEDED TYPE STEADY, COLOMBIA AND MEXICO LOWER",occasional lower
2026-06-24,Atlanta,110,Mexico,BASE,40.0,42.0,,,42.0,MARKET ABOUT STEADY,
2026-06-24,Atlanta,150,Mexico,Fine Appearance,36.0,37.0,,,37.0,MARKET ABOUT STEADY,
2026-06-24,Atlanta,150,Mexico,BASE,30.0,32.0,31.0,32.0,32.0,MARKET ABOUT STEADY,occasional lower
2026-06-24,Atlanta,175,Mexico,Fine Appearance,35.0,36.0,36.0,36.0,36.0,MARKET ABOUT STEADY,occasional higher
2026-06-24,Atlanta,175,Mexico,Fair Quality,25.0,27.0,,,27.0,MARKET ABOUT STEADY,poorer quality and condition lower
2026-06-24,Atlanta,175,Mexico,BASE,30.0,33.0,32.0,32.0,32.0,MARKET ABOUT STEADY,occasional higher/lower
2026-06-24,Atlanta,200,Mexico,Fine Appearance,28.0,29.0,,,29.0,MARKET ABOUT STEADY,
2026-06-24,Atlanta,200,Mexico,BASE,20.0,22.0,,,22.0,MARKET ABOUT STEADY,occasional higher/lower
2026-06-24,Atlanta,230,Mexico,BASE,23.0,25.0,,,25.0,MARKET ABOUT STEADY,occasional lower
2026-06-25,Atlanta,110,Mexico,BASE,40.0,42.0,,,42.0,MARKET STEADY,
2026-06-25,Atlanta,150,Mexico,Fine Appearance,36.0,37.0,,,37.0,MARKET STEADY,
2026-06-25,Atlanta,150,Mexico,BASE,30.0,32.0,31.0,32.0,32.0,MARKET STEADY,occasional lower
2026-06-25,Atlanta,175,Mexico,Fine Appearance,35.0,36.0,36.0,36.0,36.0,MARKET STEADY,occasional higher
2026-06-25,Atlanta,175,Mexico,Fair Quality,25.0,27.0,,,27.0,MARKET STEADY,poorer quality and condition lower
2026-06-25,Atlanta,175,Mexico,BASE,30.0,33.0,32.0,32.0,32.0,MARKET STEADY,occasional higher/lower
2026-06-25,Atlanta,200,Mexico,BASE,20.0,22.0,,,22.0,MARKET STEADY,occasional higher/lower
2026-06-25,Atlanta,200,Mexico,Fine Appearance,28.0,29.0,,,29.0,MARKET STEADY,
2026-06-25,Atlanta,230,Mexico,BASE,23.0,25.0,,,25.0,MARKET STEADY,occasional lower
2026-06-26,Atlanta,110,Mexico,BASE,40.0,42.0,,,42.0,"MARKET COLOMBIA 16-KILOGRAM CARTONS 250S SLIGHTLY LOWER, OTHERS ABOUT STEADY",
2026-06-26,Atlanta,150,Mexico,BASE,30.0,32.0,31.0,32.0,32.0,"MARKET COLOMBIA 16-KILOGRAM CARTONS 250S SLIGHTLY LOWER, OTHERS ABOUT STEADY",occasional lower
2026-06-26,Atlanta,150,Mexico,Fine Appearance,36.0,37.0,,,37.0,"MARKET COLOMBIA 16-KILOGRAM CARTONS 250S SLIGHTLY LOWER, OTHERS ABOUT STEADY",
2026-06-26,Atlanta,175,Mexico,Fair Quality,24.0,26.0,,,26.0,"MARKET COLOMBIA 16-KILOGRAM CARTONS 250S SLIGHTLY LOWER, OTHERS ABOUT STEADY",poorer quality and condition lower
2026-06-26,Atlanta,175,Mexico,Fine Appearance,34.0,36.0,35.0,36.0,36.0,"MARKET COLOMBIA 16-KILOGRAM CARTONS 250S SLIGHTLY LOWER, OTHERS ABOUT STEADY",occasional higher
2026-06-26,Atlanta,175,Mexico,BASE,30.0,32.0,30.0,31.0,31.0,"MARKET COLOMBIA 16-KILOGRAM CARTONS 250S SLIGHTLY LOWER, OTHERS ABOUT STEADY",occasional higher/lower
2026-06-26,Atlanta,200,Mexico,BASE,21.0,24.0,22.0,23.0,23.0,"MARKET COLOMBIA 16-KILOGRAM CARTONS 250S SLIGHTLY LOWER, OTHERS ABOUT STEADY",occasional higher/lower
2026-06-26,Atlanta,200,Mexico,Fine Appearance,28.0,29.0,,,29.0,"MARKET COLOMBIA 16-KILOGRAM CARTONS 250S SLIGHTLY LOWER, OTHERS ABOUT STEADY",few lots 34.00
2026-06-26,Atlanta,230,Mexico,BASE,23.0,25.0,,,25.0,"MARKET COLOMBIA 16-KILOGRAM CARTONS 250S SLIGHTLY LOWER, OTHERS ABOUT STEADY",occasional lower
2026-06-29,Atlanta,110,Mexico,BASE,40.0,42.0,,,42.0,MARKET ABOUT STEADY,
2026-06-29,Atlanta,150,Mexico,BASE,30.0,32.0,31.0,32.0,32.0,MARKET ABOUT STEADY,occasional lower
2026-06-29,Atlanta,150,Mexico,Fine Appearance,36.0,37.0,,,37.0,MARKET ABOUT STEADY,
2026-06-29,Atlanta,175,Mexico,Fine Appearance,34.0,36.0,35.0,36.0,36.0,MARKET ABOUT STEADY,occasional higher
2026-06-29,Atlanta,175,Mexico,BASE,30.0,32.0,30.0,31.0,31.0,MARKET ABOUT STEADY,occasional higher/lower
2026-06-29,Atlanta,175,Mexico,Fair Quality,24.0,26.0,,,26.0,MARKET ABOUT STEADY,poorer quality and condition lower
2026-06-29,Atlanta,200,Mexico,Fine Appearance,28.0,29.0,,,29.0,MARKET ABOUT STEADY,few lots 34.00
2026-06-29,Atlanta,200,Mexico,BASE,21.0,24.0,22.0,23.0,23.0,MARKET ABOUT STEADY,occasional higher/lower
2026-06-29,Atlanta,230,Mexico,BASE,23.0,25.0,,,25.0,MARKET ABOUT STEADY,occasional lower
2026-06-30,Atlanta,110,Mexico,BASE,34.0,36.0,,,36.0,"MARKET MEXICO 40-POUND CARTONS 110S SLIGHTLY LOWER, OTHERS ABOUT SEADY",
2026-06-30,Atlanta,150,Mexico,BASE,30.0,32.0,30.0,31.0,31.0,"MARKET MEXICO 40-POUND CARTONS 110S SLIGHTLY LOWER, OTHERS ABOUT SEADY",occasional lower
2026-06-30,Atlanta,150,Mexico,Fine Appearance,36.0,37.0,,,37.0,"MARKET MEXICO 40-POUND CARTONS 110S SLIGHTLY LOWER, OTHERS ABOUT SEADY",
2026-06-30,Atlanta,175,Mexico,Fine Appearance,34.0,36.0,34.0,35.0,35.0,"MARKET MEXICO 40-POUND CARTONS 110S SLIGHTLY LOWER, OTHERS ABOUT SEADY",occasional higher
2026-06-30,Atlanta,175,Mexico,Fair Quality,24.0,26.0,,,26.0,"MARKET MEXICO 40-POUND CARTONS 110S SLIGHTLY LOWER, OTHERS ABOUT SEADY",poorer quality and condition lower
2026-06-30,Atlanta,175,Mexico,BASE,28.0,31.0,29.0,30.0,30.0,"MARKET MEXICO 40-POUND CARTONS 110S SLIGHTLY LOWER, OTHERS ABOUT SEADY",occasional higher/lower
2026-06-30,Atlanta,200,Mexico,BASE,21.0,24.0,22.0,23.0,23.0,"MARKET MEXICO 40-POUND CARTONS 110S SLIGHTLY LOWER, OTHERS ABOUT SEADY",occasional higher/lower
2026-06-30,Atlanta,200,Mexico,Fine Appearance,28.0,29.0,,,29.0,"MARKET MEXICO 40-POUND CARTONS 110S SLIGHTLY LOWER, OTHERS ABOUT SEADY",few lots 31.00
2026-06-30,Atlanta,230,Mexico,BASE,23.0,25.0,,,25.0,"MARKET MEXICO 40-POUND CARTONS 110S SLIGHTLY LOWER, OTHERS ABOUT SEADY",occasional lower
2026-07-01,Atlanta,110,Mexico,BASE,34.0,36.0,,,36.0,MARKET ABOUT STEADY,
2026-07-01,Atlanta,150,Mexico,BASE,30.0,32.0,30.0,31.0,31.0,MARKET ABOUT STEADY,occasional lower
2026-07-01,Atlanta,150,Mexico,Fine Appearance,36.0,37.0,,,37.0,MARKET ABOUT STEADY,
2026-07-01,Atlanta,175,Mexico,Fair Quality,24.0,26.0,,,26.0,MARKET ABOUT STEADY,poorer quality and condition lower
2026-07-01,Atlanta,175,Mexico,Fine Appearance,34.0,36.0,34.0,35.0,35.0,MARKET ABOUT STEADY,occasional higher
2026-07-01,Atlanta,175,Mexico,BASE,28.0,31.0,29.0,30.0,30.0,MARKET ABOUT STEADY,occasional higher/lower
2026-07-01,Atlanta,200,Mexico,Fine Appearance,28.0,29.0,,,29.0,MARKET ABOUT STEADY,few lots 31.00
2026-07-01,Atlanta,200,Mexico,BASE,21.0,24.0,22.0,23.0,23.0,MARKET ABOUT STEADY,occasional higher/lower
2026-07-01,Atlanta,230,Mexico,BASE,23.0,25.0,,,25.0,MARKET ABOUT STEADY,occasional lower
2026-07-02,Atlanta,110,Mexico,BASE,34.0,36.0,,,36.0,"MARKET MEXICO 40-POUND CARTONS 150S SLIGHTLY HIGHER, OTHERS ABOUT STEADY",
2026-07-02,Atlanta,150,Mexico,BASE,30.0,33.0,31.0,32.0,32.0,"MARKET MEXICO 40-POUND CARTONS 150S SLIGHTLY HIGHER, OTHERS ABOUT STEADY",occasional lower
2026-07-02,Atlanta,150,Mexico,Fine Appearance,36.0,37.0,,,37.0,"MARKET MEXICO 40-POUND CARTONS 150S SLIGHTLY HIGHER, OTHERS ABOUT STEADY",
2026-07-02,Atlanta,175,Mexico,Fine Appearance,34.0,36.0,34.0,35.0,35.0,"MARKET MEXICO 40-POUND CARTONS 150S SLIGHTLY HIGHER, OTHERS ABOUT STEADY",occasional higher
2026-07-02,Atlanta,175,Mexico,BASE,28.0,31.0,29.0,30.0,30.0,"MARKET MEXICO 40-POUND CARTONS 150S SLIGHTLY HIGHER, OTHERS ABOUT STEADY",occasional higher/lower
2026-07-02,Atlanta,175,Mexico,Fair Quality,24.0,26.0,,,26.0,"MARKET MEXICO 40-POUND CARTONS 150S SLIGHTLY HIGHER, OTHERS ABOUT STEADY",poorer quality and condition lower
2026-07-02,Atlanta,200,Mexico,Fine Appearance,28.0,29.0,,,29.0,"MARKET MEXICO 40-POUND CARTONS 150S SLIGHTLY HIGHER, OTHERS ABOUT STEADY",few lots 31.00
2026-07-02,Atlanta,200,Mexico,BASE,21.0,24.0,22.0,23.0,23.0,"MARKET MEXICO 40-POUND CARTONS 150S SLIGHTLY HIGHER, OTHERS ABOUT STEADY",occasional higher/lower
2026-07-02,Atlanta,230,Mexico,BASE,23.0,25.0,,,25.0,"MARKET MEXICO 40-POUND CARTONS 150S SLIGHTLY HIGHER, OTHERS ABOUT STEADY",occasional lower
2026-07-06,Atlanta,110,Mexico,BASE,34.0,36.0,,,36.0,,
2026-07-06,Atlanta,150,Mexico,BASE,30.0,33.0,31.0,32.0,32.0,,occasional lower
2026-07-06,Atlanta,150,Mexico,Fine Appearance,36.0,37.0,,,37.0,,
2026-07-06,Atlanta,175,Mexico,BASE,28.0,31.0,29.0,30.0,30.0,,occasional higher/lower
2026-07-06,Atlanta,175,Mexico,Fair Quality,24.0,26.0,,,26.0,,poorer quality and condition lower
2026-07-06,Atlanta,175,Mexico,Fine Appearance,34.0,36.0,34.0,35.0,35.0,,occasional higher
2026-07-06,Atlanta,200,Mexico,BASE,21.0,24.0,22.0,23.0,23.0,,occasional higher/lower
2026-07-06,Atlanta,200,Mexico,Fine Appearance,28.0,29.0,,,29.0,,few lots 31.00
2026-07-06,Atlanta,230,Mexico,BASE,23.0,25.0,,,25.0,,occasional lower
2026-07-07,Atlanta,110,Mexico,BASE,33.0,35.0,,,35.0,"MARKET SEEDED TYPE STEADY, SEEDLESS TYPE SLIGHTLY LOWER",
2026-07-07,Atlanta,150,Mexico,Fine Appearance,31.5,32.5,,,32.5,"MARKET SEEDED TYPE STEADY, SEEDLESS TYPE SLIGHTLY LOWER",
2026-07-07,Atlanta,150,Mexico,BASE,21.0,24.0,22.0,23.0,23.0,"MARKET SEEDED TYPE STEADY, SEEDLESS TYPE SLIGHTLY LOWER",occasional lower
2026-07-07,Atlanta,175,Mexico,BASE,26.0,28.0,26.0,27.0,27.0,"MARKET SEEDED TYPE STEADY, SEEDLESS TYPE SLIGHTLY LOWER",occasional higher/lower
2026-07-07,Atlanta,175,Mexico,Fair Quality,20.0,22.0,,,22.0,"MARKET SEEDED TYPE STEADY, SEEDLESS TYPE SLIGHTLY LOWER",poorer quality and condition lower
2026-07-07,Atlanta,175,Mexico,Fine Appearance,29.0,30.0,,,30.0,"MARKET SEEDED TYPE STEADY, SEEDLESS TYPE SLIGHTLY LOWER",occasional higher
2026-07-07,Atlanta,200,Mexico,BASE,19.0,21.0,19.0,20.0,20.0,"MARKET SEEDED TYPE STEADY, SEEDLESS TYPE SLIGHTLY LOWER",occasional higher/lower
2026-07-07,Atlanta,200,Mexico,Fine Appearance,27.0,28.0,,,28.0,"MARKET SEEDED TYPE STEADY, SEEDLESS TYPE SLIGHTLY LOWER",few lots 31.00
2026-07-07,Atlanta,230,Mexico,BASE,22.0,23.0,,,23.0,"MARKET SEEDED TYPE STEADY, SEEDLESS TYPE SLIGHTLY LOWER",occasional lower
2026-07-07,Atlanta,230,Mexico,Fair Quality,17.0,18.0,,,18.0,"MARKET SEEDED TYPE STEADY, SEEDLESS TYPE SLIGHTLY LOWER",poorer quality and condition lower
2026-07-08,Atlanta,110,Mexico,BASE,33.0,35.0,,,35.0,MARKET ABOUT STEADY,
2026-07-08,Atlanta,150,Mexico,BASE,21.0,24.0,22.0,23.0,23.0,MARKET ABOUT STEADY,occasional lower
2026-07-08,Atlanta,150,Mexico,Fine Appearance,31.5,32.5,,,32.5,MARKET ABOUT STEADY,
2026-07-08,Atlanta,175,Mexico,Fair Quality,20.0,22.0,,,22.0,MARKET ABOUT STEADY,poorer quality and condition lower
2026-07-08,Atlanta,175,Mexico,BASE,26.0,28.0,26.0,27.0,27.0,MARKET ABOUT STEADY,occasional higher/lower
2026-07-08,Atlanta,175,Mexico,Fine Appearance,29.0,30.0,,,30.0,MARKET ABOUT STEADY,occasional higher
2026-07-08,Atlanta,200,Mexico,Fine Appearance,27.0,28.0,,,28.0,MARKET ABOUT STEADY,few lots 31.00
2026-07-08,Atlanta,200,Mexico,BASE,19.0,21.0,19.0,20.0,20.0,MARKET ABOUT STEADY,occasional higher/lower
2026-07-08,Atlanta,230,Mexico,Fair Quality,17.0,18.0,,,18.0,MARKET ABOUT STEADY,poorer quality and condition lower
2026-07-08,Atlanta,230,Mexico,BASE,22.0,23.0,,,23.0,MARKET ABOUT STEADY,occasional lower
2026-07-09,Atlanta,110,Mexico,BASE,33.0,35.0,,,35.0,"MARKET MEXICO 40-POUND CARTONS 175S FINE APPEARANCE SLIGHTLY LOWER, OTHERS ABOUT STEADY",
2026-07-09,Atlanta,150,Mexico,BASE,21.0,24.0,22.0,23.0,23.0,"MARKET MEXICO 40-POUND CARTONS 175S FINE APPEARANCE SLIGHTLY LOWER, OTHERS ABOUT STEADY",occasional lower
2026-07-09,Atlanta,150,Mexico,Fine Appearance,31.5,32.5,,,32.5,"MARKET MEXICO 40-POUND CARTONS 175S FINE APPEARANCE SLIGHTLY LOWER, OTHERS ABOUT STEADY",
2026-07-09,Atlanta,175,Mexico,BASE,26.0,28.0,26.0,27.0,27.0,"MARKET MEXICO 40-POUND CARTONS 175S FINE APPEARANCE SLIGHTLY LOWER, OTHERS ABOUT STEADY",occasional higher/lower
2026-07-09,Atlanta,175,Mexico,Fine Appearance,29.0,29.0,,,29.0,"MARKET MEXICO 40-POUND CARTONS 175S FINE APPEARANCE SLIGHTLY LOWER, OTHERS ABOUT STEADY",occasional higher
2026-07-09,Atlanta,175,Mexico,Fair Quality,20.0,22.0,,,22.0,"MARKET MEXICO 40-POUND CARTONS 175S FINE APPEARANCE SLIGHTLY LOWER, OTHERS ABOUT STEADY",poorer quality and condition lower
2026-07-09,Atlanta,200,Mexico,Fine Appearance,27.0,28.0,,,28.0,"MARKET MEXICO 40-POUND CARTONS 175S FINE APPEARANCE SLIGHTLY LOWER, OTHERS ABOUT STEADY",few lots 31.00
2026-07-09,Atlanta,200,Mexico,BASE,19.0,21.0,19.0,20.0,20.0,"MARKET MEXICO 40-POUND CARTONS 175S FINE APPEARANCE SLIGHTLY LOWER, OTHERS ABOUT STEADY",occasional higher/lower
2026-07-09,Atlanta,230,Mexico,Fair Quality,17.0,18.0,,,18.0,"MARKET MEXICO 40-POUND CARTONS 175S FINE APPEARANCE SLIGHTLY LOWER, OTHERS ABOUT STEADY",poorer quality and condition lower
2026-07-09,Atlanta,230,Mexico,BASE,22.0,23.0,,,23.0,"MARKET MEXICO 40-POUND CARTONS 175S FINE APPEARANCE SLIGHTLY LOWER, OTHERS ABOUT STEADY",occasional lower
2026-07-10,Atlanta,110,Mexico,BASE,33.0,35.0,,,35.0,MARKET ABOUT STEADY,
2026-07-10,Atlanta,150,Mexico,BASE,21.0,24.0,22.0,23.0,23.0,MARKET ABOUT STEADY,occasional lower
2026-07-10,Atlanta,150,Mexico,Fine Appearance,31.5,32.5,,,32.5,MARKET ABOUT STEADY,
2026-07-10,Atlanta,175,Mexico,Fair Quality,20.0,22.0,,,22.0,MARKET ABOUT STEADY,poorer quality and condition lower
2026-07-10,Atlanta,175,Mexico,BASE,26.0,28.0,26.0,27.0,27.0,MARKET ABOUT STEADY,occasional higher/lower
2026-07-10,Atlanta,175,Mexico,Fine Appearance,29.0,29.0,,,29.0,MARKET ABOUT STEADY,occasional higher
2026-07-10,Atlanta,200,Mexico,BASE,19.0,21.0,19.0,20.0,20.0,MARKET ABOUT STEADY,occasional higher/lower
2026-07-10,Atlanta,200,Mexico,Fine Appearance,27.0,28.0,,,28.0,MARKET ABOUT STEADY,few lots 31.00
2026-07-10,Atlanta,230,Mexico,Fair Quality,17.0,18.0,,,18.0,MARKET ABOUT STEADY,poorer quality and condition lower
2026-07-10,Atlanta,230,Mexico,BASE,22.0,23.0,,,23.0,MARKET ABOUT STEADY,occasional lower
2026-07-13,Atlanta,110,Mexico,BASE,33.0,35.0,,,35.0,MARKET STEADY,
2026-07-13,Atlanta,150,Mexico,Fine Appearance,31.5,32.5,,,32.5,MARKET STEADY,
2026-07-13,Atlanta,150,Mexico,BASE,21.0,24.0,22.0,23.0,23.0,MARKET STEADY,occasional lower
2026-07-13,Atlanta,175,Mexico,Fine Appearance,29.0,29.0,,,29.0,MARKET STEADY,occasional higher
2026-07-13,Atlanta,175,Mexico,Fair Quality,20.0,22.0,,,22.0,MARKET STEADY,poorer quality and condition lower
2026-07-13,Atlanta,175,Mexico,BASE,26.0,28.0,26.0,27.0,27.0,MARKET STEADY,occasional higher/lower
2026-07-13,Atlanta,200,Mexico,BASE,19.0,21.0,19.0,20.0,20.0,MARKET STEADY,occasional higher/lower
2026-07-13,Atlanta,200,Mexico,Fine Appearance,27.0,28.0,,,28.0,MARKET STEADY,few lots 31.00
2026-07-13,Atlanta,230,Mexico,Fair Quality,17.0,18.0,,,18.0,MARKET STEADY,poorer quality and condition lower
2026-07-13,Atlanta,230,Mexico,BASE,22.0,23.0,,,23.0,MARKET STEADY,occasional lower
2026-07-14,Atlanta,110,Mexico,BASE,33.0,35.0,,,35.0,MARKET SLIGHTLY LOWER,
2026-07-14,Atlanta,150,Mexico,Fine Appearance,27.0,29.0,,,29.0,MARKET SLIGHTLY LOWER,
2026-07-14,Atlanta,150,Mexico,BASE,20.0,22.0,20.0,21.0,21.0,MARKET SLIGHTLY LOWER,occasional lower
2026-07-14,Atlanta,175,Mexico,Fine Appearance,23.0,25.0,,,25.0,MARKET SLIGHTLY LOWER,few high as 29.00
2026-07-14,Atlanta,175,Mexico,Fair Quality,20.0,22.0,,,22.0,MARKET SLIGHTLY LOWER,poorer quality and condition lower
2026-07-14,Atlanta,175,Mexico,BASE,19.0,21.0,20.0,20.0,20.0,MARKET SLIGHTLY LOWER,occasional higher/lower
2026-07-14,Atlanta,200,Mexico,BASE,19.0,21.0,19.0,20.0,20.0,MARKET SLIGHTLY LOWER,occasional higher/lower
2026-07-14,Atlanta,200,Mexico,Fine Appearance,22.0,23.0,,,23.0,MARKET SLIGHTLY LOWER,few lots 28.00
2026-07-14,Atlanta,230,Mexico,BASE,17.0,20.0,18.0,19.0,19.0,MARKET SLIGHTLY LOWER,occasional lower
2026-07-15,Atlanta,110,Mexico,BASE,33.0,35.0,,,35.0,MARKET ABOUT STEADY,
2026-07-15,Atlanta,150,Mexico,Fine Appearance,27.0,29.0,,,29.0,MARKET ABOUT STEADY,
2026-07-15,Atlanta,150,Mexico,BASE,20.0,22.0,20.0,21.0,21.0,MARKET ABOUT STEADY,occasional lower
2026-07-15,Atlanta,175,Mexico,BASE,19.0,21.0,20.0,20.0,20.0,MARKET ABOUT STEADY,occasional higher/lower
2026-07-15,Atlanta,175,Mexico,Fair Quality,20.0,22.0,,,22.0,MARKET ABOUT STEADY,poorer quality and condition lower
2026-07-15,Atlanta,175,Mexico,Fine Appearance,23.0,25.0,,,25.0,MARKET ABOUT STEADY,few high as 29.00
2026-07-15,Atlanta,200,Mexico,Fine Appearance,22.0,23.0,,,23.0,MARKET ABOUT STEADY,few lots 28.00
2026-07-15,Atlanta,200,Mexico,BASE,19.0,21.0,19.0,20.0,20.0,MARKET ABOUT STEADY,occasional higher/lower
2026-07-15,Atlanta,230,Mexico,BASE,17.0,20.0,18.0,19.0,19.0,MARKET ABOUT STEADY,occasional lower
2026-07-16,Atlanta,110,Mexico,BASE,33.0,35.0,,,35.0,MARKET STEADY,
2026-07-16,Atlanta,150,Mexico,Fine Appearance,27.0,29.0,,,29.0,MARKET STEADY,
2026-07-16,Atlanta,150,Mexico,BASE,20.0,22.0,20.0,21.0,21.0,MARKET STEADY,occasional lower
2026-07-16,Atlanta,175,Mexico,BASE,19.0,21.0,20.0,20.0,20.0,MARKET STEADY,occasional higher/lower
2026-07-16,Atlanta,175,Mexico,Fine Appearance,23.0,25.0,,,25.0,MARKET STEADY,few high as 29.00
2026-07-16,Atlanta,175,Mexico,Fair Quality,20.0,22.0,,,22.0,MARKET STEADY,poorer quality and condition lower
2026-07-16,Atlanta,200,Mexico,BASE,19.0,21.0,19.0,20.0,20.0,MARKET STEADY,occasional higher/lower
2026-07-16,Atlanta,200,Mexico,Fine Appearance,22.0,23.0,,,23.0,MARKET STEADY,few lots 28.00
2026-07-16,Atlanta,230,Mexico,BASE,17.0,20.0,18.0,19.0,19.0,MARKET STEADY,occasional lower
2026-07-17,Atlanta,110,Mexico,BASE,33.0,35.0,,,35.0,MARKET STEADY,
2026-07-17,Atlanta,150,Mexico,BASE,20.0,22.0,20.0,21.0,21.0,MARKET STEADY,occasional lower
2026-07-17,Atlanta,150,Mexico,Fine Appearance,27.0,29.0,,,29.0,MARKET STEADY,
2026-07-17,Atlanta,175,Mexico,BASE,19.0,21.0,20.0,20.0,20.0,MARKET STEADY,occasional higher/lower
2026-07-17,Atlanta,175,Mexico,Fine Appearance,23.0,25.0,,,25.0,MARKET STEADY,few high as 29.00
2026-07-17,Atlanta,175,Mexico,Fair Quality,20.0,22.0,,,22.0,MARKET STEADY,poorer quality and condition lower
2026-07-17,Atlanta,200,Mexico,Fine Appearance,22.0,23.0,,,23.0,MARKET STEADY,few lots 28.00
2026-07-17,Atlanta,200,Mexico,BASE,19.0,21.0,19.0,20.0,20.0,MARKET STEADY,occasional higher/lower
2026-07-17,Atlanta,230,Mexico,BASE,17.0,20.0,18.0,19.0,19.0,MARKET STEADY,occasional lower
2026-07-20,Atlanta,110,Mexico,BASE,33.0,35.0,,,35.0,,
2026-07-20,Atlanta,150,Mexico,BASE,20.0,22.0,20.0,21.0,21.0,,occasional lower
2026-07-20,Atlanta,150,Mexico,Fine Appearance,27.0,29.0,,,29.0,,
2026-07-20,Atlanta,175,Mexico,Fine Appearance,23.0,25.0,,,25.0,,few high as 29.00
2026-07-20,Atlanta,175,Mexico,Fair Quality,20.0,22.0,,,22.0,,poorer quality and condition lower
2026-07-20,Atlanta,175,Mexico,BASE,19.0,21.0,20.0,20.0,20.0,,occasional higher/lower
2026-07-20,Atlanta,200,Mexico,Fine Appearance,22.0,23.0,,,23.0,,few lots 28.00
2026-07-20,Atlanta,200,Mexico,BASE,19.0,21.0,19.0,20.0,20.0,,occasional higher/lower
2026-07-20,Atlanta,230,Mexico,BASE,17.0,20.0,18.0,19.0,19.0,,occasional lower
2026-07-21,Atlanta,110,Mexico,BASE,33.0,35.0,,,35.0,"MARKET SEEDED TYPE SLIGHTLY HIGHER, SEEDLESS TYPE FIRM",
2026-07-21,Atlanta,150,Mexico,BASE,20.0,22.0,20.0,21.0,21.0,"MARKET SEEDED TYPE SLIGHTLY HIGHER, SEEDLESS TYPE FIRM",occasional lower
2026-07-21,Atlanta,150,Mexico,Fine Appearance,27.0,29.0,,,29.0,"MARKET SEEDED TYPE SLIGHTLY HIGHER, SEEDLESS TYPE FIRM",
2026-07-21,Atlanta,175,Mexico,Fine Appearance,23.0,25.0,,,25.0,"MARKET SEEDED TYPE SLIGHTLY HIGHER, SEEDLESS TYPE FIRM",few high as 29.00
2026-07-21,Atlanta,175,Mexico,Fair Quality,20.0,22.0,,,22.0,"MARKET SEEDED TYPE SLIGHTLY HIGHER, SEEDLESS TYPE FIRM",poorer quality and condition lower
2026-07-21,Atlanta,175,Mexico,BASE,19.0,21.0,20.0,20.0,20.0,"MARKET SEEDED TYPE SLIGHTLY HIGHER, SEEDLESS TYPE FIRM",occasional higher/lower
2026-07-21,Atlanta,200,Mexico,BASE,19.0,21.0,19.0,20.0,20.0,"MARKET SEEDED TYPE SLIGHTLY HIGHER, SEEDLESS TYPE FIRM",occasional higher/lower
2026-07-21,Atlanta,200,Mexico,Fine Appearance,22.0,23.0,,,23.0,"MARKET SEEDED TYPE SLIGHTLY HIGHER, SEEDLESS TYPE FIRM",few lots 28.00
2026-07-21,Atlanta,230,Mexico,BASE,17.0,20.0,18.0,19.0,19.0,"MARKET SEEDED TYPE SLIGHTLY HIGHER, SEEDLESS TYPE FIRM",occasional lower
2026-07-22,Atlanta,110,Mexico,BASE,31.5,33.5,,,33.5,"MARKET 40-POUND CARTONS SEEDLESS TYPE 150-230S SLIGHTLY HIGHER ,110S SLIGHTLY LOWER, SEEDED TYPE STEADY",
2026-07-22,Atlanta,150,Mexico,Fine Appearance,27.0,29.0,,,29.0,"MARKET 40-POUND CARTONS SEEDLESS TYPE 150-230S SLIGHTLY HIGHER ,110S SLIGHTLY LOWER, SEEDED TYPE STEADY",
2026-07-22,Atlanta,150,Mexico,BASE,20.0,22.0,21.0,21.0,21.0,"MARKET 40-POUND CARTONS SEEDLESS TYPE 150-230S SLIGHTLY HIGHER ,110S SLIGHTLY LOWER, SEEDED TYPE STEADY",occasional lower
2026-07-22,Atlanta,175,Mexico,Fair Quality,18.0,19.0,,,19.0,"MARKET 40-POUND CARTONS SEEDLESS TYPE 150-230S SLIGHTLY HIGHER ,110S SLIGHTLY LOWER, SEEDED TYPE STEADY",poorer quality and condition lower
2026-07-22,Atlanta,175,Mexico,BASE,21.0,22.0,21.0,21.0,21.0,"MARKET 40-POUND CARTONS SEEDLESS TYPE 150-230S SLIGHTLY HIGHER ,110S SLIGHTLY LOWER, SEEDED TYPE STEADY",occasional higher/lower
2026-07-22,Atlanta,175,Mexico,Fine Appearance,24.0,26.0,,,26.0,"MARKET 40-POUND CARTONS SEEDLESS TYPE 150-230S SLIGHTLY HIGHER ,110S SLIGHTLY LOWER, SEEDED TYPE STEADY",few high as 28.00
2026-07-22,Atlanta,200,Mexico,BASE,19.0,21.0,20.0,21.0,21.0,"MARKET 40-POUND CARTONS SEEDLESS TYPE 150-230S SLIGHTLY HIGHER ,110S SLIGHTLY LOWER, SEEDED TYPE STEADY",occasional higher/lower
2026-07-22,Atlanta,200,Mexico,Fine Appearance,22.0,23.0,,,23.0,"MARKET 40-POUND CARTONS SEEDLESS TYPE 150-230S SLIGHTLY HIGHER ,110S SLIGHTLY LOWER, SEEDED TYPE STEADY",few lots 28.00
2026-07-22,Atlanta,230,Mexico,BASE,18.0,20.0,19.0,20.0,20.0,"MARKET 40-POUND CARTONS SEEDLESS TYPE 150-230S SLIGHTLY HIGHER ,110S SLIGHTLY LOWER, SEEDED TYPE STEADY",occasional lower
2026-07-23,Atlanta,110,Mexico,BASE,31.5,33.5,,,33.5,MARKET ABOUT STEADY,
2026-07-23,Atlanta,150,Mexico,BASE,20.0,22.0,21.0,21.0,21.0,MARKET ABOUT STEADY,occasional lower
2026-07-23,Atlanta,150,Mexico,Fine Appearance,27.0,29.0,,,29.0,MARKET ABOUT STEADY,
2026-07-23,Atlanta,175,Mexico,BASE,21.0,22.0,21.0,21.0,21.0,MARKET ABOUT STEADY,occasional higher/lower
2026-07-23,Atlanta,175,Mexico,Fine Appearance,24.0,26.0,,,26.0,MARKET ABOUT STEADY,few high as 28.00
2026-07-23,Atlanta,175,Mexico,Fair Quality,18.0,19.0,,,19.0,MARKET ABOUT STEADY,poorer quality and condition lower
2026-07-23,Atlanta,200,Mexico,BASE,19.0,21.0,20.0,21.0,21.0,MARKET ABOUT STEADY,occasional higher/lower
2026-07-23,Atlanta,200,Mexico,Fine Appearance,22.0,23.0,,,23.0,MARKET ABOUT STEADY,few lots 28.00
2026-07-23,Atlanta,230,Mexico,BASE,18.0,20.0,19.0,20.0,20.0,MARKET ABOUT STEADY,occasional lower
2026-07-24,Atlanta,110,Mexico,BASE,31.5,33.5,,,33.5,MARKET STEADY,
2026-07-24,Atlanta,150,Mexico,Fine Appearance,27.0,29.0,,,29.0,MARKET STEADY,
2026-07-24,Atlanta,150,Mexico,BASE,20.0,22.0,21.0,21.0,21.0,MARKET STEADY,occasional lower
2026-07-24,Atlanta,175,Mexico,Fine Appearance,24.0,26.0,,,26.0,MARKET STEADY,few high as 28.00
2026-07-24,Atlanta,175,Mexico,BASE,21.0,22.0,21.0,21.0,21.0,MARKET STEADY,occasional higher/lower
2026-07-24,Atlanta,175,Mexico,Fair Quality,18.0,19.0,,,19.0,MARKET STEADY,poorer quality and condition lower
2026-07-24,Atlanta,200,Mexico,BASE,19.0,21.0,20.0,21.0,21.0,MARKET STEADY,occasional higher/lower
2026-07-24,Atlanta,200,Mexico,Fine Appearance,22.0,23.0,,,23.0,MARKET STEADY,few lots 28.00
2026-07-24,Atlanta,230,Mexico,BASE,18.0,20.0,19.0,20.0,20.0,MARKET STEADY,occasional lower
2026-07-27,Atlanta,110,Mexico,BASE,31.5,33.5,,,33.5,,
2026-07-27,Atlanta,150,Mexico,BASE,20.0,22.0,21.0,21.0,21.0,,occasional lower
2026-07-27,Atlanta,150,Mexico,Fine Appearance,27.0,29.0,,,29.0,,
2026-07-27,Atlanta,175,Mexico,Fine Appearance,24.0,26.0,,,26.0,,few high as 28.00
2026-07-27,Atlanta,175,Mexico,Fair Quality,18.0,19.0,,,19.0,,poorer quality and condition lower
2026-07-27,Atlanta,175,Mexico,BASE,21.0,22.0,21.0,21.0,21.0,,occasional higher/lower
2026-07-27,Atlanta,200,Mexico,Fine Appearance,22.0,23.0,,,23.0,,few lots 28.00
2026-07-27,Atlanta,200,Mexico,BASE,19.0,21.0,20.0,21.0,21.0,,occasional higher/lower
2026-07-27,Atlanta,230,Mexico,BASE,18.0,20.0,19.0,20.0,20.0,,occasional lower
2026-07-28,Atlanta,110,Mexico,BASE,31.5,33.5,,,33.5,"MARKET 40-POUND CARTONS SEEDLESS TYPE SLIGHTLY LOWER, SEEDED TYPE STEADY",
2026-07-28,Atlanta,150,Mexico,Fine Appearance,25.0,26.0,,,26.0,"MARKET 40-POUND CARTONS SEEDLESS TYPE SLIGHTLY LOWER, SEEDED TYPE STEADY",
2026-07-28,Atlanta,150,Mexico,BASE,19.0,22.0,20.0,21.0,21.0,"MARKET 40-POUND CARTONS SEEDLESS TYPE SLIGHTLY LOWER, SEEDED TYPE STEADY",occasional lower
2026-07-28,Atlanta,175,Mexico,BASE,19.0,22.0,20.0,21.0,21.0,"MARKET 40-POUND CARTONS SEEDLESS TYPE SLIGHTLY LOWER, SEEDED TYPE STEADY",occasional higher/lower
2026-07-28,Atlanta,175,Mexico,Fine Appearance,23.0,25.0,,,25.0,"MARKET 40-POUND CARTONS SEEDLESS TYPE SLIGHTLY LOWER, SEEDED TYPE STEADY",
2026-07-28,Atlanta,200,Mexico,Fine Appearance,20.0,22.0,,,22.0,"MARKET 40-POUND CARTONS SEEDLESS TYPE SLIGHTLY LOWER, SEEDED TYPE STEADY",few lots 25.00
2026-07-28,Atlanta,200,Mexico,BASE,18.0,20.0,18.0,19.0,19.0,"MARKET 40-POUND CARTONS SEEDLESS TYPE SLIGHTLY LOWER, SEEDED TYPE STEADY",occasional higher/lower
2026-07-28,Atlanta,230,Mexico,BASE,18.0,20.0,18.0,19.0,19.0,"MARKET 40-POUND CARTONS SEEDLESS TYPE SLIGHTLY LOWER, SEEDED TYPE STEADY",occasional lower
2026-07-29,Atlanta,110,Mexico,BASE,31.5,33.5,,,33.5,MARKET ABOUT STEADY,
2026-07-29,Atlanta,150,Mexico,Fine Appearance,25.0,26.0,,,26.0,MARKET ABOUT STEADY,
2026-07-29,Atlanta,150,Mexico,BASE,19.0,22.0,20.0,21.0,21.0,MARKET ABOUT STEADY,occasional lower
2026-07-29,Atlanta,175,Mexico,BASE,19.0,22.0,20.0,21.0,21.0,MARKET ABOUT STEADY,occasional higher/lower
2026-07-29,Atlanta,175,Mexico,Fine Appearance,23.0,25.0,,,25.0,MARKET ABOUT STEADY,
2026-07-29,Atlanta,200,Mexico,Fine Appearance,20.0,22.0,,,22.0,MARKET ABOUT STEADY,few lots 25.00
2026-07-29,Atlanta,200,Mexico,BASE,18.0,20.0,18.0,19.0,19.0,MARKET ABOUT STEADY,occasional higher/lower
2026-07-29,Atlanta,230,Mexico,BASE,18.0,20.0,18.0,19.0,19.0,MARKET ABOUT STEADY,occasional lower
2026-07-30,Atlanta,110,Mexico,BASE,26.0,27.0,,,27.0,"MARKET 40-POUND CARTONS 175S FINE APPEARANCE SLIGHTLY LOWER, OTHERS ABOUT STEADY",
2026-07-30,Atlanta,150,Mexico,Fine Appearance,25.0,26.0,,,26.0,"MARKET 40-POUND CARTONS 175S FINE APPEARANCE SLIGHTLY LOWER, OTHERS ABOUT STEADY",
2026-07-30,Atlanta,150,Mexico,BASE,19.0,22.0,20.0,21.0,21.0,"MARKET 40-POUND CARTONS 175S FINE APPEARANCE SLIGHTLY LOWER, OTHERS ABOUT STEADY",occasional lower
2026-07-30,Atlanta,175,Mexico,Fine Appearance,23.0,23.0,,,23.0,"MARKET 40-POUND CARTONS 175S FINE APPEARANCE SLIGHTLY LOWER, OTHERS ABOUT STEADY",
2026-07-30,Atlanta,175,Mexico,BASE,19.0,21.0,20.0,21.0,21.0,"MARKET 40-POUND CARTONS 175S FINE APPEARANCE SLIGHTLY LOWER, OTHERS ABOUT STEADY",occasional higher/lower
2026-07-30,Atlanta,200,Mexico,Fine Appearance,22.0,25.0,23.0,24.0,24.0,"MARKET 40-POUND CARTONS 175S FINE APPEARANCE SLIGHTLY LOWER, OTHERS ABOUT STEADY",few lots 27.00
2026-07-30,Atlanta,200,Mexico,BASE,18.0,20.0,18.0,19.0,19.0,"MARKET 40-POUND CARTONS 175S FINE APPEARANCE SLIGHTLY LOWER, OTHERS ABOUT STEADY",occasional higher/lower
2026-07-30,Atlanta,230,Mexico,BASE,18.0,20.0,18.0,19.0,19.0,"MARKET 40-POUND CARTONS 175S FINE APPEARANCE SLIGHTLY LOWER, OTHERS ABOUT STEADY",occasional lower
2026-07-31,Atlanta,110,Mexico,BASE,26.0,27.0,,,27.0,MARKET ABOUT STEADY,
2026-07-31,Atlanta,150,Mexico,BASE,19.0,22.0,20.0,21.0,21.0,MARKET ABOUT STEADY,occasional lower
2026-07-31,Atlanta,150,Mexico,Fine Appearance,25.0,26.0,,,26.0,MARKET ABOUT STEADY,
2026-07-31,Atlanta,175,Mexico,Fine Appearance,23.0,23.0,,,23.0,MARKET ABOUT STEADY,
2026-07-31,Atlanta,175,Mexico,BASE,19.0,21.0,20.0,21.0,21.0,MARKET ABOUT STEADY,occasional higher/lower
2026-07-31,Atlanta,200,Mexico,BASE,18.0,20.0,18.0,19.0,19.0,MARKET ABOUT STEADY,occasional higher/lower
2026-07-31,Atlanta,200,Mexico,Fine Appearance,22.0,25.0,23.0,24.0,24.0,MARKET ABOUT STEADY,few lots 27.00
2026-07-31,Atlanta,230,Mexico,BASE,18.0,20.0,18.0,19.0,19.0,MARKET ABOUT STEADY,occasional lower
2026-08-03,Atlanta,110,Mexico,BASE,26.0,27.0,,,27.0,MARKET STEADY,
2026-08-03,Atlanta,150,Mexico,BASE,19.0,22.0,20.0,21.0,21.0,MARKET STEADY,occasional lower
2026-08-03,Atlanta,150,Mexico,Fine Appearance,25.0,26.0,,,26.0,MARKET STEADY,
2026-08-03,Atlanta,175,Mexico,Fine Appearance,23.0,23.0,,,23.0,MARKET STEADY,
2026-08-03,Atlanta,175,Mexico,BASE,19.0,21.0,20.0,21.0,21.0,MARKET STEADY,occasional higher/lower
2026-08-03,Atlanta,200,Mexico,Fine Appearance,22.0,25.0,23.0,24.0,24.0,MARKET STEADY,few lots 27.00
2026-08-03,Atlanta,200,Mexico,BASE,18.0,20.0,18.0,19.0,19.0,MARKET STEADY,occasional higher/lower
2026-08-03,Atlanta,230,Mexico,BASE,18.0,20.0,18.0,19.0,19.0,MARKET STEADY,occasional lower
2026-08-04,Atlanta,110,Mexico,BASE,26.0,27.0,,,27.0,,
2026-08-04,Atlanta,150,Mexico,Fine Appearance,25.0,26.0,,,26.0,,
2026-08-04,Atlanta,150,Mexico,BASE,19.0,22.0,20.0,21.0,21.0,,occasional lower
2026-08-04,Atlanta,175,Mexico,Fine Appearance,23.0,23.0,,,23.0,,
2026-08-04,Atlanta,175,Mexico,BASE,19.0,21.0,20.0,21.0,21.0,,occasional higher/lower
2026-08-04,Atlanta,200,Mexico,Fine Appearance,22.0,25.0,23.0,24.0,24.0,,few lots 27.00
2026-08-04,Atlanta,200,Mexico,BASE,18.0,20.0,18.0,19.0,19.0,,occasional higher/lower
2026-08-04,Atlanta,230,Mexico,BASE,18.0,20.0,18.0,19.0,19.0,,occasional lower
2026-08-05,Atlanta,110,Mexico,BASE,27.5,29.5,,,29.5,"MARKET 10-POUND CARTONS 36S SLIGHTLY LOWER, OTHERS ABOUT STEADY",
2026-08-05,Atlanta,150,Mexico,Fine Appearance,24.0,25.0,,,25.0,"MARKET 10-POUND CARTONS 36S SLIGHTLY LOWER, OTHERS ABOUT STEADY",
2026-08-05,Atlanta,150,Mexico,BASE,19.0,22.0,20.0,21.0,21.0,"MARKET 10-POUND CARTONS 36S SLIGHTLY LOWER, OTHERS ABOUT STEADY",occasional lower
2026-08-05,Atlanta,175,Mexico,BASE,19.0,21.0,20.0,21.0,21.0,"MARKET 10-POUND CARTONS 36S SLIGHTLY LOWER, OTHERS ABOUT STEADY",occasional higher/lower
2026-08-05,Atlanta,175,Mexico,Fine Appearance,23.0,25.0,,,25.0,"MARKET 10-POUND CARTONS 36S SLIGHTLY LOWER, OTHERS ABOUT STEADY",
2026-08-05,Atlanta,200,Mexico,Fine Appearance,21.0,24.0,22.0,23.0,23.0,"MARKET 10-POUND CARTONS 36S SLIGHTLY LOWER, OTHERS ABOUT STEADY",few 25.00
2026-08-05,Atlanta,200,Mexico,BASE,18.0,20.0,18.0,19.0,19.0,"MARKET 10-POUND CARTONS 36S SLIGHTLY LOWER, OTHERS ABOUT STEADY",occasional higher/lower
2026-08-05,Atlanta,230,Mexico,BASE,18.0,20.0,18.0,19.0,19.0,"MARKET 10-POUND CARTONS 36S SLIGHTLY LOWER, OTHERS ABOUT STEADY",occasional lower
2026-08-06,Atlanta,110,Mexico,BASE,27.5,29.5,,,29.5,MARKET ABOUT STEADY,
2026-08-06,Atlanta,150,Mexico,BASE,19.0,22.0,20.0,21.0,21.0,MARKET ABOUT STEADY,occasional lower
2026-08-06,Atlanta,150,Mexico,Fine Appearance,24.0,25.0,,,25.0,MARKET ABOUT STEADY,
2026-08-06,Atlanta,175,Mexico,BASE,19.0,21.0,20.0,21.0,21.0,MARKET ABOUT STEADY,occasional higher/lower
2026-08-06,Atlanta,175,Mexico,Fine Appearance,23.0,25.0,,,25.0,MARKET ABOUT STEADY,
2026-08-06,Atlanta,200,Mexico,BASE,18.0,20.0,18.0,19.0,19.0,MARKET ABOUT STEADY,occasional higher/lower
2026-08-06,Atlanta,200,Mexico,Fine Appearance,21.0,24.0,22.0,23.0,23.0,MARKET ABOUT STEADY,few 25.00
2026-08-06,Atlanta,230,Mexico,BASE,18.0,20.0,18.0,19.0,19.0,MARKET ABOUT STEADY,occasional lower
2026-08-07,Atlanta,110,Mexico,BASE,27.5,29.5,,,29.5,MARKET STEADY,
2026-08-07,Atlanta,150,Mexico,Fine Appearance,24.0,25.0,,,25.0,MARKET STEADY,
2026-08-07,Atlanta,150,Mexico,BASE,19.0,22.0,20.0,21.0,21.0,MARKET STEADY,occasional lower
2026-08-07,Atlanta,175,Mexico,Fine Appearance,23.0,25.0,,,25.0,MARKET STEADY,
2026-08-07,Atlanta,175,Mexico,BASE,19.0,21.0,20.0,21.0,21.0,MARKET STEADY,occasional higher/lower
2026-08-07,Atlanta,200,Mexico,BASE,18.0,20.0,18.0,19.0,19.0,MARKET STEADY,occasional higher/lower
2026-08-07,Atlanta,200,Mexico,Fine Appearance,21.0,24.0,22.0,23.0,23.0,MARKET STEADY,few 25.00
2026-08-07,Atlanta,230,Mexico,BASE,18.0,20.0,18.0,19.0,19.0,MARKET STEADY,occasional lower
2026-08-10,Atlanta,110,Mexico,BASE,26.5,29.5,,,29.5,"MARKET SEEDED TYPE SLIGHTLY HIGHER, SEEDED TYPE ABOUT STEADY",
2026-08-10,Atlanta,150,Mexico,Fine Appearance,26.0,28.0,27.0,28.0,28.0,"MARKET SEEDED TYPE SLIGHTLY HIGHER, SEEDED TYPE ABOUT STEADY",
2026-08-10,Atlanta,150,Mexico,BASE,21.0,24.0,22.0,23.0,23.0,"MARKET SEEDED TYPE SLIGHTLY HIGHER, SEEDED TYPE ABOUT STEADY",occasional lower
2026-08-10,Atlanta,175,Mexico,Fine Appearance,26.0,28.0,26.0,27.0,27.0,"MARKET SEEDED TYPE SLIGHTLY HIGHER, SEEDED TYPE ABOUT STEADY",
2026-08-10,Atlanta,175,Mexico,BASE,21.0,24.0,22.0,23.0,23.0,"MARKET SEEDED TYPE SLIGHTLY HIGHER, SEEDED TYPE ABOUT STEADY",occasional lower
2026-08-10,Atlanta,200,Mexico,Fine Appearance,26.0,28.0,26.0,27.0,27.0,"MARKET SEEDED TYPE SLIGHTLY HIGHER, SEEDED TYPE ABOUT STEADY",
2026-08-10,Atlanta,200,Mexico,BASE,21.0,24.0,22.0,23.0,23.0,"MARKET SEEDED TYPE SLIGHTLY HIGHER, SEEDED TYPE ABOUT STEADY",occasional higher/lower
2026-08-10,Atlanta,230,Mexico,BASE,24.0,26.0,25.0,26.0,26.0,"MARKET SEEDED TYPE SLIGHTLY HIGHER, SEEDED TYPE ABOUT STEADY",occasional lower
2026-08-11,Atlanta,110,Mexico,BASE,26.5,29.5,,,29.5,"MARKET SEEDED TYPE SLIGHTLY HIGHER, SEEDLESS TYPE ABOUT STEADY",
2026-08-11,Atlanta,150,Mexico,Fine Appearance,26.0,28.0,27.0,28.0,28.0,"MARKET SEEDED TYPE SLIGHTLY HIGHER, SEEDLESS TYPE ABOUT STEADY",
2026-08-11,Atlanta,150,Mexico,BASE,21.0,24.0,22.0,23.0,23.0,"MARKET SEEDED TYPE SLIGHTLY HIGHER, SEEDLESS TYPE ABOUT STEADY",occasional lower
2026-08-11,Atlanta,175,Mexico,BASE,21.0,24.0,22.0,23.0,23.0,"MARKET SEEDED TYPE SLIGHTLY HIGHER, SEEDLESS TYPE ABOUT STEADY",occasional lower
2026-08-11,Atlanta,175,Mexico,Fine Appearance,26.0,28.0,26.0,27.0,27.0,"MARKET SEEDED TYPE SLIGHTLY HIGHER, SEEDLESS TYPE ABOUT STEADY",
2026-08-11,Atlanta,200,Mexico,BASE,21.0,24.0,22.0,23.0,23.0,"MARKET SEEDED TYPE SLIGHTLY HIGHER, SEEDLESS TYPE ABOUT STEADY",occasional higher/lower
2026-08-11,Atlanta,200,Mexico,Fine Appearance,26.0,28.0,26.0,27.0,27.0,"MARKET SEEDED TYPE SLIGHTLY HIGHER, SEEDLESS TYPE ABOUT STEADY",
2026-08-11,Atlanta,230,Mexico,BASE,24.0,26.0,25.0,26.0,26.0,"MARKET SEEDED TYPE SLIGHTLY HIGHER, SEEDLESS TYPE ABOUT STEADY",occasional lower
2026-08-12,Atlanta,110,Mexico,BASE,26.5,29.5,,,29.5,MARKET ABOUT STEADY,
2026-08-12,Atlanta,150,Mexico,BASE,21.0,24.0,22.0,23.0,23.0,MARKET ABOUT STEADY,occasional lower
2026-08-12,Atlanta,150,Mexico,Fine Appearance,26.0,28.0,27.0,28.0,28.0,MARKET ABOUT STEADY,
2026-08-12,Atlanta,175,Mexico,BASE,21.0,24.0,22.0,23.0,23.0,MARKET ABOUT STEADY,occasional lower
2026-08-12,Atlanta,175,Mexico,Fine Appearance,26.0,28.0,26.0,27.0,27.0,MARKET ABOUT STEADY,
2026-08-12,Atlanta,200,Mexico,BASE,21.0,24.0,22.0,23.0,23.0,MARKET ABOUT STEADY,occasional higher/lower
2026-08-12,Atlanta,200,Mexico,Fine Appearance,26.0,28.0,26.0,27.0,27.0,MARKET ABOUT STEADY,
2026-08-12,Atlanta,230,Mexico,BASE,24.0,26.0,25.0,26.0,26.0,MARKET ABOUT STEADY,occasional lower
2026-08-13,Atlanta,110,Mexico,BASE,30.0,31.0,,,31.0,"MARKET 40-POUND CARTONS SEEDLESS TYPE SLIGHTLY HIGHER, SEEDED TYPE ABOUT STEADY",
2026-08-13,Atlanta,150,Mexico,Fine Appearance,30.0,33.0,31.0,32.0,32.0,"MARKET 40-POUND CARTONS SEEDLESS TYPE SLIGHTLY HIGHER, SEEDED TYPE ABOUT STEADY",
2026-08-13,Atlanta,150,Mexico,BASE,23.0,26.0,24.0,25.0,25.0,"MARKET 40-POUND CARTONS SEEDLESS TYPE SLIGHTLY HIGHER, SEEDED TYPE ABOUT STEADY",occasional lower
2026-08-13,Atlanta,175,Mexico,BASE,21.0,24.0,22.0,23.0,23.0,"MARKET 40-POUND CARTONS SEEDLESS TYPE SLIGHTLY HIGHER, SEEDED TYPE ABOUT STEADY",occasional lower
2026-08-13,Atlanta,175,Mexico,Fine Appearance,31.0,33.0,32.0,33.0,33.0,"MARKET 40-POUND CARTONS SEEDLESS TYPE SLIGHTLY HIGHER, SEEDED TYPE ABOUT STEADY",
2026-08-13,Atlanta,200,Mexico,BASE,23.0,26.0,24.0,25.0,25.0,"MARKET 40-POUND CARTONS SEEDLESS TYPE SLIGHTLY HIGHER, SEEDED TYPE ABOUT STEADY",occasional lower
2026-08-13,Atlanta,200,Mexico,Fine Appearance,31.0,34.0,32.0,33.0,33.0,"MARKET 40-POUND CARTONS SEEDLESS TYPE SLIGHTLY HIGHER, SEEDED TYPE ABOUT STEADY",
2026-08-13,Atlanta,230,Mexico,BASE,25.0,28.0,26.0,27.0,27.0,"MARKET 40-POUND CARTONS SEEDLESS TYPE SLIGHTLY HIGHER, SEEDED TYPE ABOUT STEADY",occasional lower
2026-08-14,Atlanta,110,Mexico,BASE,30.0,31.0,,,31.0,MARKET ABOUT STEADY,
2026-08-14,Atlanta,150,Mexico,BASE,23.0,26.0,24.0,25.0,25.0,MARKET ABOUT STEADY,occasional lower
2026-08-14,Atlanta,150,Mexico,Fine Appearance,30.0,33.0,31.0,32.0,32.0,MARKET ABOUT STEADY,
2026-08-14,Atlanta,175,Mexico,Fine Appearance,31.0,33.0,32.0,33.0,33.0,MARKET ABOUT STEADY,
2026-08-14,Atlanta,175,Mexico,BASE,21.0,24.0,22.0,23.0,23.0,MARKET ABOUT STEADY,occasional lower
2026-08-14,Atlanta,200,Mexico,BASE,23.0,26.0,24.0,25.0,25.0,MARKET ABOUT STEADY,occasional lower
2026-08-14,Atlanta,200,Mexico,Fine Appearance,31.0,34.0,32.0,33.0,33.0,MARKET ABOUT STEADY,
2026-08-14,Atlanta,230,Mexico,BASE,25.0,28.0,26.0,27.0,27.0,MARKET ABOUT STEADY,occasional lower
2026-08-17,Atlanta,110,Mexico,BASE,30.0,31.0,,,31.0,MARKET STEADY,
2026-08-17,Atlanta,150,Mexico,BASE,23.0,26.0,24.0,25.0,25.0,MARKET STEADY,occasional lower
2026-08-17,Atlanta,150,Mexico,Fine Appearance,30.0,33.0,31.0,32.0,32.0,MARKET STEADY,
2026-08-17,Atlanta,175,Mexico,Fine Appearance,31.0,33.0,32.0,33.0,33.0,MARKET STEADY,
2026-08-17,Atlanta,175,Mexico,BASE,21.0,24.0,22.0,23.0,23.0,MARKET STEADY,occasional lower
2026-08-17,Atlanta,200,Mexico,Fine Appearance,31.0,34.0,32.0,33.0,33.0,MARKET STEADY,
2026-08-17,Atlanta,200,Mexico,BASE,23.0,26.0,24.0,25.0,25.0,MARKET STEADY,occasional lower
2026-08-17,Atlanta,230,Mexico,BASE,25.0,28.0,26.0,27.0,27.0,MARKET STEADY,occasional lower
2026-08-18,Atlanta,110,Mexico,BASE,31.0,32.0,,,32.0,"MARKET 40-POUND CARTONS SEEDLESS TYPE SLIGHTLY HIGHER, SEEDED TYPE STEADY",
2026-08-18,Atlanta,150,Mexico,Fine Appearance,36.0,37.0,,,37.0,"MARKET 40-POUND CARTONS SEEDLESS TYPE SLIGHTLY HIGHER, SEEDED TYPE STEADY",
2026-08-18,Atlanta,150,Mexico,BASE,32.0,34.0,33.0,34.0,34.0,"MARKET 40-POUND CARTONS SEEDLESS TYPE SLIGHTLY HIGHER, SEEDED TYPE STEADY",occasional lower
2026-08-18,Atlanta,175,Mexico,Fair Quality,22.0,24.0,,,24.0,"MARKET 40-POUND CARTONS SEEDLESS TYPE SLIGHTLY HIGHER, SEEDED TYPE STEADY",poorer quality and condition lower
2026-08-18,Atlanta,175,Mexico,Fine Appearance,35.0,36.0,,,36.0,"MARKET 40-POUND CARTONS SEEDLESS TYPE SLIGHTLY HIGHER, SEEDED TYPE STEADY",
2026-08-18,Atlanta,175,Mexico,BASE,30.0,32.0,31.0,32.0,32.0,"MARKET 40-POUND CARTONS SEEDLESS TYPE SLIGHTLY HIGHER, SEEDED TYPE STEADY",occasional lower
2026-08-18,Atlanta,200,Mexico,BASE,31.0,34.0,32.0,33.0,33.0,"MARKET 40-POUND CARTONS SEEDLESS TYPE SLIGHTLY HIGHER, SEEDED TYPE STEADY",occasional lower
2026-08-18,Atlanta,200,Mexico,Fine Appearance,35.0,36.0,,,36.0,"MARKET 40-POUND CARTONS SEEDLESS TYPE SLIGHTLY HIGHER, SEEDED TYPE STEADY",
2026-08-18,Atlanta,230,Mexico,BASE,30.0,32.0,30.0,31.0,31.0,"MARKET 40-POUND CARTONS SEEDLESS TYPE SLIGHTLY HIGHER, SEEDED TYPE STEADY",occasional lower
2026-08-18,Atlanta,230,Mexico,Fine Appearance,34.0,35.0,,,35.0,"MARKET 40-POUND CARTONS SEEDLESS TYPE SLIGHTLY HIGHER, SEEDED TYPE STEADY",
2026-08-19,Atlanta,110,Mexico,BASE,31.0,32.0,,,32.0,MARKET ABOUT STEADY,
2026-08-19,Atlanta,150,Mexico,Fine Appearance,36.0,37.0,,,37.0,MARKET ABOUT STEADY,
2026-08-19,Atlanta,150,Mexico,BASE,32.0,34.0,33.0,34.0,34.0,MARKET ABOUT STEADY,occasional lower
2026-08-19,Atlanta,175,Mexico,Fine Appearance,35.0,36.0,,,36.0,MARKET ABOUT STEADY,
2026-08-19,Atlanta,175,Mexico,Fair Quality,22.0,24.0,,,24.0,MARKET ABOUT STEADY,poorer quality and condition lower
2026-08-19,Atlanta,175,Mexico,BASE,30.0,32.0,31.0,32.0,32.0,MARKET ABOUT STEADY,occasional lower
2026-08-19,Atlanta,200,Mexico,BASE,31.0,34.0,32.0,33.0,33.0,MARKET ABOUT STEADY,occasional lower
2026-08-19,Atlanta,200,Mexico,Fine Appearance,35.0,36.0,,,36.0,MARKET ABOUT STEADY,
2026-08-19,Atlanta,230,Mexico,BASE,30.0,32.0,30.0,31.0,31.0,MARKET ABOUT STEADY,occasional lower
2026-08-19,Atlanta,230,Mexico,Fine Appearance,34.0,35.0,,,35.0,MARKET ABOUT STEADY,
