date,market,size,origin,quality_type,low_price,high_price,mostly_low_price,mostly_high_price,official_price,market_tone,reporter_comment
2026-02-02,Los Angeles,110,Mexico,Fine Appearance,40.0,42.0,,,42.0,MARKET ABOUT STEADY,
2026-02-02,Los Angeles,150,Mexico,BASE,34.0,36.0,,,36.0,MARKET ABOUT STEADY,
2026-02-02,Los Angeles,150,Mexico,Fair Quality,28.0,30.0,,,30.0,MARKET ABOUT STEADY,
2026-02-02,Los Angeles,150,Mexico,Fine Appearance,40.0,42.0,,,42.0,MARKET ABOUT STEADY,
2026-02-02,Los Angeles,175,Mexico,BASE,34.0,36.0,,,36.0,MARKET ABOUT STEADY,
2026-02-02,Los Angeles,175,Mexico,Fine Appearance,40.0,42.0,,,42.0,MARKET ABOUT STEADY,
2026-02-02,Los Angeles,175,Mexico,Fair Quality,38.0,40.0,,,40.0,MARKET ABOUT STEADY,
2026-02-02,Los Angeles,200,Mexico,Fine Appearance,40.0,42.0,,,42.0,MARKET ABOUT STEADY,
2026-02-02,Los Angeles,200,Mexico,Fair Quality,28.0,30.0,,,30.0,MARKET ABOUT STEADY,
2026-02-02,Los Angeles,200,Mexico,BASE,34.0,36.0,,,36.0,MARKET ABOUT STEADY,
2026-02-02,Los Angeles,230,Mexico,Fair Quality,28.0,30.0,,,30.0,MARKET ABOUT STEADY,
2026-02-02,Los Angeles,230,Mexico,Fine Appearance,40.0,42.0,,,42.0,MARKET ABOUT STEADY,
2026-02-02,Los Angeles,230,Mexico,BASE,32.0,35.0,,,35.0,MARKET ABOUT STEADY,
2026-02-03,Los Angeles,110,Mexico,Fine Appearance,40.0,42.0,,,42.0,MARKET STEADY,
2026-02-03,Los Angeles,150,Mexico,Fair Quality,28.0,30.0,,,30.0,MARKET STEADY,
2026-02-03,Los Angeles,150,Mexico,BASE,34.0,36.0,,,36.0,MARKET STEADY,
2026-02-03,Los Angeles,150,Mexico,Fine Appearance,40.0,42.0,,,42.0,MARKET STEADY,
2026-02-03,Los Angeles,175,Mexico,BASE,34.0,36.0,,,36.0,MARKET STEADY,
2026-02-03,Los Angeles,175,Mexico,Fine Appearance,40.0,42.0,,,42.0,MARKET STEADY,
2026-02-03,Los Angeles,175,Mexico,Fair Quality,38.0,40.0,,,40.0,MARKET STEADY,
2026-02-03,Los Angeles,200,Mexico,Fair Quality,28.0,30.0,,,30.0,MARKET STEADY,
2026-02-03,Los Angeles,200,Mexico,Fine Appearance,40.0,42.0,,,42.0,MARKET STEADY,
2026-02-03,Los Angeles,200,Mexico,BASE,34.0,36.0,,,36.0,MARKET STEADY,
2026-02-03,Los Angeles,230,Mexico,BASE,32.0,35.0,,,35.0,MARKET STEADY,
2026-02-03,Los Angeles,230,Mexico,Fine Appearance,40.0,42.0,,,42.0,MARKET STEADY,
2026-02-03,Los Angeles,230,Mexico,Fair Quality,28.0,30.0,,,30.0,MARKET STEADY,
2026-02-04,Los Angeles,110,Mexico,Fine Appearance,40.0,42.0,,,42.0,MARKET STEADY,
2026-02-04,Los Angeles,150,Mexico,Fair Quality,28.0,30.0,,,30.0,MARKET STEADY,
2026-02-04,Los Angeles,150,Mexico,BASE,34.0,36.0,,,36.0,MARKET STEADY,
2026-02-04,Los Angeles,150,Mexico,Fine Appearance,40.0,42.0,,,42.0,MARKET STEADY,
2026-02-04,Los Angeles,175,Mexico,Fair Quality,38.0,40.0,,,40.0,MARKET STEADY,
2026-02-04,Los Angeles,175,Mexico,Fine Appearance,40.0,42.0,,,42.0,MARKET STEADY,
2026-02-04,Los Angeles,175,Mexico,BASE,34.0,36.0,,,36.0,MARKET STEADY,
2026-02-04,Los Angeles,200,Mexico,BASE,34.0,36.0,,,36.0,MARKET STEADY,
2026-02-04,Los Angeles,200,Mexico,Fine Appearance,40.0,42.0,,,42.0,MARKET STEADY,
2026-02-04,Los Angeles,200,Mexico,Fair Quality,28.0,30.0,,,30.0,MARKET STEADY,
2026-02-04,Los Angeles,230,Mexico,Fair Quality,28.0,30.0,,,30.0,MARKET STEADY,
2026-02-04,Los Angeles,230,Mexico,Fine Appearance,40.0,42.0,,,42.0,MARKET STEADY,
2026-02-04,Los Angeles,230,Mexico,BASE,32.0,35.0,,,35.0,MARKET STEADY,
2026-02-05,Los Angeles,110,Mexico,Fine Appearance,40.0,42.0,,,42.0,MARKET STEADY,
2026-02-05,Los Angeles,150,Mexico,Fine Appearance,40.0,42.0,,,42.0,MARKET STEADY,
2026-02-05,Los Angeles,150,Mexico,Fair Quality,28.0,30.0,,,30.0,MARKET STEADY,
2026-02-05,Los Angeles,150,Mexico,BASE,34.0,36.0,,,36.0,MARKET STEADY,
2026-02-05,Los Angeles,175,Mexico,BASE,34.0,36.0,,,36.0,MARKET STEADY,
2026-02-05,Los Angeles,175,Mexico,Fair Quality,38.0,40.0,,,40.0,MARKET STEADY,
2026-02-05,Los Angeles,175,Mexico,Fine Appearance,40.0,42.0,,,42.0,MARKET STEADY,
2026-02-05,Los Angeles,200,Mexico,Fair Quality,28.0,30.0,,,30.0,MARKET STEADY,
2026-02-05,Los Angeles,200,Mexico,BASE,34.0,36.0,,,36.0,MARKET STEADY,
2026-02-05,Los Angeles,200,Mexico,Fine Appearance,40.0,42.0,,,42.0,MARKET STEADY,
2026-02-05,Los Angeles,230,Mexico,Fine Appearance,40.0,42.0,,,42.0,MARKET STEADY,
2026-02-05,Los Angeles,230,Mexico,Fair Quality,28.0,30.0,,,30.0,MARKET STEADY,
2026-02-05,Los Angeles,230,Mexico,BASE,32.0,35.0,,,35.0,MARKET STEADY,
2026-02-06,Los Angeles,110,Mexico,Fine Appearance,43.0,45.0,,,45.0,MARKET MUCH HIGHER,
2026-02-06,Los Angeles,150,Mexico,Fine Appearance,43.0,45.0,,,45.0,MARKET MUCH HIGHER,
2026-02-06,Los Angeles,150,Mexico,BASE,40.0,42.0,,,42.0,MARKET MUCH HIGHER,
2026-02-06,Los Angeles,150,Mexico,Fair Quality,35.0,38.0,,,38.0,MARKET MUCH HIGHER,
2026-02-06,Los Angeles,175,Mexico,Fine Appearance,43.0,45.0,,,45.0,MARKET MUCH HIGHER,
2026-02-06,Los Angeles,175,Mexico,Fair Quality,35.0,38.0,,,38.0,MARKET MUCH HIGHER,
2026-02-06,Los Angeles,175,Mexico,BASE,40.0,42.0,,,42.0,MARKET MUCH HIGHER,
2026-02-06,Los Angeles,200,Mexico,Fine Appearance,43.0,45.0,,,45.0,MARKET MUCH HIGHER,
2026-02-06,Los Angeles,200,Mexico,BASE,40.0,42.0,,,42.0,MARKET MUCH HIGHER,
2026-02-06,Los Angeles,200,Mexico,Fair Quality,35.0,38.0,,,38.0,MARKET MUCH HIGHER,
2026-02-06,Los Angeles,230,Mexico,BASE,40.0,42.0,,,42.0,MARKET MUCH HIGHER,
2026-02-06,Los Angeles,230,Mexico,Fine Appearance,43.0,45.0,,,45.0,MARKET MUCH HIGHER,
2026-02-06,Los Angeles,230,Mexico,Fair Quality,35.0,38.0,,,38.0,MARKET MUCH HIGHER,
2026-02-09,Los Angeles,110,Mexico,Fine Appearance,43.0,45.0,,,45.0,MARKET STEADY,
2026-02-09,Los Angeles,150,Mexico,Fine Appearance,43.0,45.0,,,45.0,MARKET STEADY,
2026-02-09,Los Angeles,150,Mexico,BASE,40.0,42.0,,,42.0,MARKET STEADY,
2026-02-09,Los Angeles,150,Mexico,Fair Quality,35.0,38.0,,,38.0,MARKET STEADY,
2026-02-09,Los Angeles,175,Mexico,BASE,40.0,42.0,,,42.0,MARKET STEADY,
2026-02-09,Los Angeles,175,Mexico,Fine Appearance,43.0,45.0,,,45.0,MARKET STEADY,
2026-02-09,Los Angeles,175,Mexico,Fair Quality,35.0,38.0,,,38.0,MARKET STEADY,
2026-02-09,Los Angeles,200,Mexico,Fair Quality,35.0,38.0,,,38.0,MARKET STEADY,
2026-02-09,Los Angeles,200,Mexico,BASE,40.0,42.0,,,42.0,MARKET STEADY,
2026-02-09,Los Angeles,200,Mexico,Fine Appearance,43.0,45.0,,,45.0,MARKET STEADY,
2026-02-09,Los Angeles,230,Mexico,Fine Appearance,43.0,45.0,,,45.0,MARKET STEADY,
2026-02-09,Los Angeles,230,Mexico,Fair Quality,35.0,38.0,,,38.0,MARKET STEADY,
2026-02-09,Los Angeles,230,Mexico,BASE,40.0,42.0,,,42.0,MARKET STEADY,
2026-02-10,Los Angeles,110,Mexico,Fine Appearance,43.0,45.0,,,45.0,MARKET STEADY,
2026-02-10,Los Angeles,150,Mexico,Fair Quality,35.0,38.0,,,38.0,MARKET STEADY,
2026-02-10,Los Angeles,150,Mexico,Fine Appearance,43.0,45.0,,,45.0,MARKET STEADY,
2026-02-10,Los Angeles,150,Mexico,BASE,40.0,42.0,,,42.0,MARKET STEADY,
2026-02-10,Los Angeles,175,Mexico,Fine Appearance,43.0,45.0,,,45.0,MARKET STEADY,
2026-02-10,Los Angeles,175,Mexico,BASE,40.0,42.0,,,42.0,MARKET STEADY,
2026-02-10,Los Angeles,175,Mexico,Fair Quality,35.0,38.0,,,38.0,MARKET STEADY,
2026-02-10,Los Angeles,200,Mexico,Fair Quality,35.0,38.0,,,38.0,MARKET STEADY,
2026-02-10,Los Angeles,200,Mexico,BASE,40.0,42.0,,,42.0,MARKET STEADY,
2026-02-10,Los Angeles,200,Mexico,Fine Appearance,43.0,45.0,,,45.0,MARKET STEADY,
2026-02-10,Los Angeles,230,Mexico,Fair Quality,35.0,38.0,,,38.0,MARKET STEADY,
2026-02-10,Los Angeles,230,Mexico,BASE,40.0,42.0,,,42.0,MARKET STEADY,
2026-02-10,Los Angeles,230,Mexico,Fine Appearance,43.0,45.0,,,45.0,MARKET STEADY,
2026-02-11,Los Angeles,110,Mexico,Fine Appearance,43.0,45.0,,,45.0,MARKET STEADY,
2026-02-11,Los Angeles,150,Mexico,BASE,40.0,42.0,,,42.0,MARKET STEADY,
2026-02-11,Los Angeles,150,Mexico,Fine Appearance,43.0,45.0,,,45.0,MARKET STEADY,
2026-02-11,Los Angeles,150,Mexico,Fair Quality,35.0,38.0,,,38.0,MARKET STEADY,
2026-02-11,Los Angeles,175,Mexico,Fair Quality,35.0,38.0,,,38.0,MARKET STEADY,
2026-02-11,Los Angeles,175,Mexico,BASE,40.0,42.0,,,42.0,MARKET STEADY,
2026-02-11,Los Angeles,175,Mexico,Fine Appearance,43.0,45.0,,,45.0,MARKET STEADY,
2026-02-11,Los Angeles,200,Mexico,Fair Quality,35.0,38.0,,,38.0,MARKET STEADY,
2026-02-11,Los Angeles,200,Mexico,BASE,40.0,42.0,,,42.0,MARKET STEADY,
2026-02-11,Los Angeles,200,Mexico,Fine Appearance,43.0,45.0,,,45.0,MARKET STEADY,
2026-02-11,Los Angeles,230,Mexico,Fair Quality,35.0,38.0,,,38.0,MARKET STEADY,
2026-02-11,Los Angeles,230,Mexico,Fine Appearance,43.0,45.0,,,45.0,MARKET STEADY,
2026-02-11,Los Angeles,230,Mexico,BASE,40.0,42.0,,,42.0,MARKET STEADY,
2026-02-12,Los Angeles,110,Mexico,Fine Appearance,43.0,45.0,,,45.0,MARKET STEADY,
2026-02-12,Los Angeles,150,Mexico,Fine Appearance,43.0,45.0,,,45.0,MARKET STEADY,
2026-02-12,Los Angeles,150,Mexico,Fair Quality,35.0,38.0,,,38.0,MARKET STEADY,
2026-02-12,Los Angeles,150,Mexico,BASE,40.0,42.0,,,42.0,MARKET STEADY,
2026-02-12,Los Angeles,175,Mexico,BASE,40.0,42.0,,,42.0,MARKET STEADY,
2026-02-12,Los Angeles,175,Mexico,Fine Appearance,43.0,45.0,,,45.0,MARKET STEADY,
2026-02-12,Los Angeles,175,Mexico,Fair Quality,35.0,38.0,,,38.0,MARKET STEADY,
2026-02-12,Los Angeles,200,Mexico,Fair Quality,35.0,38.0,,,38.0,MARKET STEADY,
2026-02-12,Los Angeles,200,Mexico,BASE,40.0,42.0,,,42.0,MARKET STEADY,
2026-02-12,Los Angeles,200,Mexico,Fine Appearance,43.0,45.0,,,45.0,MARKET STEADY,
2026-02-12,Los Angeles,230,Mexico,Fair Quality,35.0,38.0,,,38.0,MARKET STEADY,
2026-02-12,Los Angeles,230,Mexico,BASE,40.0,42.0,,,42.0,MARKET STEADY,
2026-02-12,Los Angeles,230,Mexico,Fine Appearance,43.0,45.0,,,45.0,MARKET STEADY,
2026-02-13,Los Angeles,110,Mexico,Fine Appearance,48.0,50.0,,,50.0,MARKET HIGHER,
2026-02-13,Los Angeles,150,Mexico,Fair Quality,38.0,40.0,,,40.0,MARKET HIGHER,
2026-02-13,Los Angeles,150,Mexico,BASE,42.0,44.0,,,44.0,MARKET HIGHER,
2026-02-13,Los Angeles,150,Mexico,Fine Appearance,48.0,50.0,,,50.0,MARKET HIGHER,
2026-02-13,Los Angeles,175,Mexico,Fine Appearance,48.0,50.0,,,50.0,MARKET HIGHER,
2026-02-13,Los Angeles,175,Mexico,Fair Quality,38.0,40.0,,,40.0,MARKET HIGHER,
2026-02-13,Los Angeles,175,Mexico,BASE,42.0,44.0,,,44.0,MARKET HIGHER,
2026-02-13,Los Angeles,200,Mexico,Fine Appearance,48.0,50.0,,,50.0,MARKET HIGHER,
2026-02-13,Los Angeles,200,Mexico,Fair Quality,38.0,40.0,,,40.0,MARKET HIGHER,
2026-02-13,Los Angeles,200,Mexico,BASE,42.0,44.0,,,44.0,MARKET HIGHER,
2026-02-13,Los Angeles,230,Mexico,Fair Quality,38.0,40.0,,,40.0,MARKET HIGHER,
2026-02-13,Los Angeles,230,Mexico,Fine Appearance,48.0,50.0,,,50.0,MARKET HIGHER,
2026-02-13,Los Angeles,230,Mexico,BASE,42.0,44.0,,,44.0,MARKET HIGHER,
2026-02-17,Los Angeles,110,Mexico,Fine Appearance,48.0,50.0,,,50.0,,
2026-02-17,Los Angeles,150,Mexico,Fine Appearance,48.0,50.0,,,50.0,,
2026-02-17,Los Angeles,150,Mexico,BASE,42.0,44.0,,,44.0,,
2026-02-17,Los Angeles,150,Mexico,Fair Quality,38.0,40.0,,,40.0,,
2026-02-17,Los Angeles,175,Mexico,BASE,42.0,44.0,,,44.0,,
2026-02-17,Los Angeles,175,Mexico,Fine Appearance,48.0,50.0,,,50.0,,
2026-02-17,Los Angeles,175,Mexico,Fair Quality,38.0,40.0,,,40.0,,
2026-02-17,Los Angeles,200,Mexico,Fair Quality,38.0,40.0,,,40.0,,
2026-02-17,Los Angeles,200,Mexico,BASE,42.0,44.0,,,44.0,,
2026-02-17,Los Angeles,200,Mexico,Fine Appearance,48.0,50.0,,,50.0,,
2026-02-17,Los Angeles,230,Mexico,Fair Quality,38.0,40.0,,,40.0,,
2026-02-17,Los Angeles,230,Mexico,Fine Appearance,48.0,50.0,,,50.0,,
2026-02-17,Los Angeles,230,Mexico,BASE,42.0,44.0,,,44.0,,
2026-02-18,Los Angeles,110,Mexico,Fine Appearance,52.0,55.0,,,55.0,MARKET HIGHER,
2026-02-18,Los Angeles,150,Mexico,Fair Quality,38.0,40.0,,,40.0,MARKET HIGHER,
2026-02-18,Los Angeles,150,Mexico,BASE,48.0,50.0,,,50.0,MARKET HIGHER,
2026-02-18,Los Angeles,150,Mexico,Fine Appearance,52.0,55.0,,,55.0,MARKET HIGHER,
2026-02-18,Los Angeles,175,Mexico,BASE,48.0,50.0,,,50.0,MARKET HIGHER,
2026-02-18,Los Angeles,175,Mexico,Fair Quality,38.0,40.0,,,40.0,MARKET HIGHER,
2026-02-18,Los Angeles,175,Mexico,Fine Appearance,52.0,55.0,,,55.0,MARKET HIGHER,
2026-02-18,Los Angeles,200,Mexico,Fair Quality,38.0,40.0,,,40.0,MARKET HIGHER,
2026-02-18,Los Angeles,200,Mexico,BASE,48.0,50.0,,,50.0,MARKET HIGHER,
2026-02-18,Los Angeles,200,Mexico,Fine Appearance,52.0,55.0,,,55.0,MARKET HIGHER,
2026-02-18,Los Angeles,230,Mexico,Fair Quality,38.0,40.0,,,40.0,MARKET HIGHER,
2026-02-18,Los Angeles,230,Mexico,BASE,46.0,48.0,,,48.0,MARKET HIGHER,
2026-02-18,Los Angeles,230,Mexico,Fine Appearance,52.0,54.0,,,54.0,MARKET HIGHER,
2026-02-19,Los Angeles,110,Mexico,Fine Appearance,52.0,55.0,,,55.0,MARKET STEADY,
2026-02-19,Los Angeles,150,Mexico,BASE,48.0,50.0,,,50.0,MARKET STEADY,
2026-02-19,Los Angeles,150,Mexico,Fair Quality,38.0,40.0,,,40.0,MARKET STEADY,
2026-02-19,Los Angeles,150,Mexico,Fine Appearance,52.0,55.0,,,55.0,MARKET STEADY,
2026-02-19,Los Angeles,175,Mexico,Fine Appearance,52.0,55.0,,,55.0,MARKET STEADY,
2026-02-19,Los Angeles,175,Mexico,Fair Quality,38.0,40.0,,,40.0,MARKET STEADY,
2026-02-19,Los Angeles,175,Mexico,BASE,48.0,50.0,,,50.0,MARKET STEADY,
2026-02-19,Los Angeles,200,Mexico,Fair Quality,38.0,40.0,,,40.0,MARKET STEADY,
2026-02-19,Los Angeles,200,Mexico,BASE,48.0,50.0,,,50.0,MARKET STEADY,
2026-02-19,Los Angeles,200,Mexico,Fine Appearance,52.0,55.0,,,55.0,MARKET STEADY,
2026-02-19,Los Angeles,230,Mexico,Fine Appearance,52.0,54.0,,,54.0,MARKET STEADY,
2026-02-19,Los Angeles,230,Mexico,Fair Quality,38.0,40.0,,,40.0,MARKET STEADY,
2026-02-19,Los Angeles,230,Mexico,BASE,46.0,48.0,,,48.0,MARKET STEADY,
2026-02-20,Los Angeles,110,Mexico,Fine Appearance,52.0,55.0,,,55.0,MARKET STEADY,
2026-02-20,Los Angeles,150,Mexico,Fine Appearance,52.0,55.0,,,55.0,MARKET STEADY,
2026-02-20,Los Angeles,150,Mexico,BASE,48.0,50.0,,,50.0,MARKET STEADY,
2026-02-20,Los Angeles,150,Mexico,Fair Quality,38.0,40.0,,,40.0,MARKET STEADY,
2026-02-20,Los Angeles,175,Mexico,Fine Appearance,52.0,55.0,,,55.0,MARKET STEADY,
2026-02-20,Los Angeles,175,Mexico,Fair Quality,38.0,40.0,,,40.0,MARKET STEADY,
2026-02-20,Los Angeles,175,Mexico,BASE,48.0,50.0,,,50.0,MARKET STEADY,
2026-02-20,Los Angeles,200,Mexico,BASE,48.0,50.0,,,50.0,MARKET STEADY,
2026-02-20,Los Angeles,200,Mexico,Fine Appearance,52.0,55.0,,,55.0,MARKET STEADY,
2026-02-20,Los Angeles,200,Mexico,Fair Quality,38.0,40.0,,,40.0,MARKET STEADY,
2026-02-20,Los Angeles,230,Mexico,Fair Quality,38.0,40.0,,,40.0,MARKET STEADY,
2026-02-20,Los Angeles,230,Mexico,BASE,46.0,48.0,,,48.0,MARKET STEADY,
2026-02-20,Los Angeles,230,Mexico,Fine Appearance,52.0,54.0,,,54.0,MARKET STEADY,
2026-02-23,Los Angeles,110,Mexico,Fine Appearance,53.0,55.0,,,55.0,MARKET STEADY,
2026-02-23,Los Angeles,150,Mexico,Fair Quality,43.0,45.0,,,45.0,MARKET STEADY,
2026-02-23,Los Angeles,150,Mexico,Fine Appearance,53.0,55.0,,,55.0,MARKET STEADY,
2026-02-23,Los Angeles,150,Mexico,BASE,50.0,52.0,,,52.0,MARKET STEADY,
2026-02-23,Los Angeles,175,Mexico,Fine Appearance,53.0,55.0,,,55.0,MARKET STEADY,
2026-02-23,Los Angeles,175,Mexico,Fair Quality,43.0,45.0,,,45.0,MARKET STEADY,
2026-02-23,Los Angeles,175,Mexico,BASE,50.0,52.0,,,52.0,MARKET STEADY,
2026-02-23,Los Angeles,200,Mexico,BASE,50.0,52.0,,,52.0,MARKET STEADY,
2026-02-23,Los Angeles,200,Mexico,Fine Appearance,53.0,55.0,,,55.0,MARKET STEADY,
2026-02-23,Los Angeles,200,Mexico,Fair Quality,43.0,45.0,,,45.0,MARKET STEADY,
2026-02-23,Los Angeles,230,Mexico,Fair Quality,43.0,45.0,,,45.0,MARKET STEADY,
2026-02-23,Los Angeles,230,Mexico,BASE,50.0,52.0,,,52.0,MARKET STEADY,
2026-02-23,Los Angeles,230,Mexico,Fine Appearance,53.0,55.0,,,55.0,MARKET STEADY,
2026-02-24,Los Angeles,110,Mexico,Fine Appearance,53.0,55.0,,,55.0,MARKET STEADY,
2026-02-24,Los Angeles,150,Mexico,Fine Appearance,53.0,55.0,,,55.0,MARKET STEADY,
2026-02-24,Los Angeles,150,Mexico,BASE,50.0,52.0,,,52.0,MARKET STEADY,
2026-02-24,Los Angeles,150,Mexico,Fair Quality,43.0,45.0,,,45.0,MARKET STEADY,
2026-02-24,Los Angeles,175,Mexico,Fair Quality,43.0,45.0,,,45.0,MARKET STEADY,
2026-02-24,Los Angeles,175,Mexico,Fine Appearance,53.0,55.0,,,55.0,MARKET STEADY,
2026-02-24,Los Angeles,175,Mexico,BASE,50.0,52.0,,,52.0,MARKET STEADY,
2026-02-24,Los Angeles,200,Mexico,BASE,50.0,52.0,,,52.0,MARKET STEADY,
2026-02-24,Los Angeles,200,Mexico,Fine Appearance,53.0,55.0,,,55.0,MARKET STEADY,
2026-02-24,Los Angeles,200,Mexico,Fair Quality,43.0,45.0,,,45.0,MARKET STEADY,
2026-02-24,Los Angeles,230,Mexico,Fair Quality,43.0,45.0,,,45.0,MARKET STEADY,
2026-02-24,Los Angeles,230,Mexico,Fine Appearance,53.0,55.0,,,55.0,MARKET STEADY,
2026-02-24,Los Angeles,230,Mexico,BASE,50.0,52.0,,,52.0,MARKET STEADY,
2026-02-25,Los Angeles,110,Mexico,Fine Appearance,53.0,55.0,,,55.0,MARKET STEADY,
2026-02-25,Los Angeles,150,Mexico,BASE,50.0,52.0,,,52.0,MARKET STEADY,
2026-02-25,Los Angeles,150,Mexico,Fair Quality,43.0,45.0,,,45.0,MARKET STEADY,
2026-02-25,Los Angeles,150,Mexico,Fine Appearance,53.0,55.0,,,55.0,MARKET STEADY,
2026-02-25,Los Angeles,175,Mexico,Fair Quality,43.0,45.0,,,45.0,MARKET STEADY,
2026-02-25,Los Angeles,175,Mexico,BASE,50.0,52.0,,,52.0,MARKET STEADY,
2026-02-25,Los Angeles,175,Mexico,Fine Appearance,53.0,55.0,,,55.0,MARKET STEADY,
2026-02-25,Los Angeles,200,Mexico,Fine Appearance,53.0,55.0,,,55.0,MARKET STEADY,
2026-02-25,Los Angeles,200,Mexico,BASE,50.0,52.0,,,52.0,MARKET STEADY,
2026-02-25,Los Angeles,200,Mexico,Fair Quality,43.0,45.0,,,45.0,MARKET STEADY,
2026-02-25,Los Angeles,230,Mexico,Fine Appearance,53.0,55.0,,,55.0,MARKET STEADY,
2026-02-25,Los Angeles,230,Mexico,Fair Quality,43.0,45.0,,,45.0,MARKET STEADY,
2026-02-25,Los Angeles,230,Mexico,BASE,50.0,52.0,,,52.0,MARKET STEADY,
2026-02-26,Los Angeles,110,Mexico,Fine Appearance,53.0,55.0,,,55.0,MARKET STEADY,
2026-02-26,Los Angeles,150,Mexico,Fair Quality,43.0,45.0,,,45.0,MARKET STEADY,
2026-02-26,Los Angeles,150,Mexico,BASE,50.0,52.0,,,52.0,MARKET STEADY,
2026-02-26,Los Angeles,150,Mexico,Fine Appearance,53.0,55.0,,,55.0,MARKET STEADY,
2026-02-26,Los Angeles,175,Mexico,Fine Appearance,53.0,55.0,,,55.0,MARKET STEADY,
2026-02-26,Los Angeles,175,Mexico,BASE,50.0,52.0,,,52.0,MARKET STEADY,
2026-02-26,Los Angeles,175,Mexico,Fair Quality,43.0,45.0,,,45.0,MARKET STEADY,
2026-02-26,Los Angeles,200,Mexico,Fine Appearance,53.0,55.0,,,55.0,MARKET STEADY,
2026-02-26,Los Angeles,200,Mexico,Fair Quality,43.0,45.0,,,45.0,MARKET STEADY,
2026-02-26,Los Angeles,200,Mexico,BASE,50.0,52.0,,,52.0,MARKET STEADY,
2026-02-26,Los Angeles,230,Mexico,Fair Quality,43.0,45.0,,,45.0,MARKET STEADY,
2026-02-26,Los Angeles,230,Mexico,BASE,50.0,52.0,,,52.0,MARKET STEADY,
2026-02-26,Los Angeles,230,Mexico,Fine Appearance,53.0,55.0,,,55.0,MARKET STEADY,
2026-02-27,Los Angeles,110,Mexico,Fine Appearance,,,,,,MARKET HIGHER,insufficient to quote
2026-02-27,Los Angeles,150,Mexico,BASE,50.0,52.0,,,52.0,MARKET HIGHER,
2026-02-27,Los Angeles,150,Mexico,Fine Appearance,55.0,57.0,,,57.0,MARKET HIGHER,
2026-02-27,Los Angeles,150,Mexico,Fair Quality,45.0,47.0,,,47.0,MARKET HIGHER,
2026-02-27,Los Angeles,175,Mexico,Fair Quality,45.0,47.0,,,47.0,MARKET HIGHER,
2026-02-27,Los Angeles,175,Mexico,Fine Appearance,55.0,57.0,,,57.0,MARKET HIGHER,
2026-02-27,Los Angeles,175,Mexico,BASE,50.0,52.0,,,52.0,MARKET HIGHER,
2026-02-27,Los Angeles,200,Mexico,Fine Appearance,53.0,55.0,,,55.0,MARKET HIGHER,
2026-02-27,Los Angeles,200,Mexico,BASE,50.0,52.0,,,52.0,MARKET HIGHER,
2026-02-27,Los Angeles,200,Mexico,Fair Quality,46.0,48.0,,,48.0,MARKET HIGHER,
2026-02-27,Los Angeles,230,Mexico,Fine Appearance,50.0,52.0,,,52.0,MARKET HIGHER,
2026-02-27,Los Angeles,230,Mexico,BASE,48.0,,,,,MARKET HIGHER,
2026-03-02,Los Angeles,150,Mexico,BASE,50.0,52.0,,,52.0,MARKET ABOUT STEADY,
2026-03-02,Los Angeles,150,Mexico,Fine Appearance,55.0,60.0,55.0,,60.0,MARKET ABOUT STEADY,
2026-03-02,Los Angeles,150,Mexico,Fair Quality,45.0,47.0,,,47.0,MARKET ABOUT STEADY,
2026-03-02,Los Angeles,175,Mexico,Fine Appearance,55.0,60.0,55.0,,60.0,MARKET ABOUT STEADY,
2026-03-02,Los Angeles,175,Mexico,BASE,50.0,52.0,,,52.0,MARKET ABOUT STEADY,
2026-03-02,Los Angeles,175,Mexico,Fair Quality,45.0,47.0,,,47.0,MARKET ABOUT STEADY,
2026-03-02,Los Angeles,200,Mexico,Fine Appearance,55.0,60.0,55.0,,60.0,MARKET ABOUT STEADY,
2026-03-02,Los Angeles,200,Mexico,Fair Quality,46.0,48.0,,,48.0,MARKET ABOUT STEADY,
2026-03-02,Los Angeles,200,Mexico,BASE,50.0,53.0,,,53.0,MARKET ABOUT STEADY,
2026-03-02,Los Angeles,230,Mexico,Fine Appearance,50.0,53.0,,,53.0,MARKET ABOUT STEADY,
2026-03-02,Los Angeles,230,Mexico,BASE,48.0,,,,,MARKET ABOUT STEADY,
2026-03-03,Los Angeles,150,Mexico,Fair Quality,45.0,47.0,,,47.0,MARKET STEADY,
2026-03-03,Los Angeles,150,Mexico,BASE,50.0,52.0,,,52.0,MARKET STEADY,
2026-03-03,Los Angeles,150,Mexico,Fine Appearance,55.0,60.0,55.0,,60.0,MARKET STEADY,
2026-03-03,Los Angeles,175,Mexico,BASE,50.0,52.0,,,52.0,MARKET STEADY,
2026-03-03,Los Angeles,175,Mexico,Fine Appearance,55.0,60.0,55.0,,60.0,MARKET STEADY,
2026-03-03,Los Angeles,175,Mexico,Fair Quality,45.0,47.0,,,47.0,MARKET STEADY,
2026-03-03,Los Angeles,200,Mexico,Fine Appearance,55.0,60.0,55.0,,60.0,MARKET STEADY,
2026-03-03,Los Angeles,200,Mexico,BASE,50.0,53.0,,,53.0,MARKET STEADY,
2026-03-03,Los Angeles,200,Mexico,Fair Quality,46.0,48.0,,,48.0,MARKET STEADY,
2026-03-03,Los Angeles,230,Mexico,BASE,48.0,,,,,MARKET STEADY,
2026-03-03,Los Angeles,230,Mexico,Fine Appearance,50.0,53.0,,,53.0,MARKET STEADY,
2026-03-04,Los Angeles,150,Mexico,Fine Appearance,55.0,60.0,55.0,,60.0,MARKET STEADY,
2026-03-04,Los Angeles,150,Mexico,BASE,50.0,52.0,,,52.0,MARKET STEADY,
2026-03-04,Los Angeles,150,Mexico,Fair Quality,45.0,47.0,,,47.0,MARKET STEADY,
2026-03-04,Los Angeles,175,Mexico,Fair Quality,45.0,47.0,,,47.0,MARKET STEADY,
2026-03-04,Los Angeles,175,Mexico,BASE,50.0,52.0,,,52.0,MARKET STEADY,
2026-03-04,Los Angeles,175,Mexico,Fine Appearance,55.0,60.0,55.0,,60.0,MARKET STEADY,
2026-03-04,Los Angeles,200,Mexico,BASE,50.0,53.0,,,53.0,MARKET STEADY,
2026-03-04,Los Angeles,200,Mexico,Fair Quality,46.0,48.0,,,48.0,MARKET STEADY,
2026-03-04,Los Angeles,200,Mexico,Fine Appearance,55.0,60.0,55.0,,60.0,MARKET STEADY,
2026-03-04,Los Angeles,230,Mexico,Fine Appearance,50.0,53.0,,,53.0,MARKET STEADY,
2026-03-04,Los Angeles,230,Mexico,BASE,45.0,47.0,,,47.0,MARKET STEADY,
2026-03-05,Los Angeles,150,Mexico,Fair Quality,45.0,47.0,,,47.0,MARKET STEADY,
2026-03-05,Los Angeles,150,Mexico,Fine Appearance,55.0,60.0,55.0,,60.0,MARKET STEADY,
2026-03-05,Los Angeles,150,Mexico,BASE,50.0,52.0,,,52.0,MARKET STEADY,
2026-03-05,Los Angeles,175,Mexico,BASE,50.0,52.0,,,52.0,MARKET STEADY,
2026-03-05,Los Angeles,175,Mexico,Fine Appearance,55.0,60.0,55.0,,60.0,MARKET STEADY,
2026-03-05,Los Angeles,175,Mexico,Fair Quality,45.0,47.0,,,47.0,MARKET STEADY,
2026-03-05,Los Angeles,200,Mexico,BASE,50.0,53.0,,,53.0,MARKET STEADY,
2026-03-05,Los Angeles,200,Mexico,Fair Quality,46.0,48.0,,,48.0,MARKET STEADY,
2026-03-05,Los Angeles,200,Mexico,Fine Appearance,55.0,60.0,55.0,,60.0,MARKET STEADY,
2026-03-05,Los Angeles,230,Mexico,Fine Appearance,50.0,53.0,,,53.0,MARKET STEADY,
2026-03-05,Los Angeles,230,Mexico,BASE,45.0,47.0,,,47.0,MARKET STEADY,
2026-03-06,Los Angeles,150,Mexico,BASE,52.0,55.0,,,55.0,MARKET HIGHER,
2026-03-06,Los Angeles,150,Mexico,Fair Quality,48.0,50.0,,,50.0,MARKET HIGHER,
2026-03-06,Los Angeles,150,Mexico,Fine Appearance,58.0,60.0,,,60.0,MARKET HIGHER,
2026-03-06,Los Angeles,175,Mexico,Fair Quality,48.0,50.0,,,50.0,MARKET HIGHER,
2026-03-06,Los Angeles,175,Mexico,BASE,52.0,55.0,,,55.0,MARKET HIGHER,
2026-03-06,Los Angeles,175,Mexico,Fine Appearance,58.0,60.0,,,60.0,MARKET HIGHER,
2026-03-06,Los Angeles,200,Mexico,Fine Appearance,58.0,60.0,,,60.0,MARKET HIGHER,
2026-03-06,Los Angeles,200,Mexico,BASE,52.0,55.0,,,55.0,MARKET HIGHER,
2026-03-06,Los Angeles,200,Mexico,Fair Quality,48.0,50.0,,,50.0,MARKET HIGHER,
2026-03-06,Los Angeles,230,Mexico,BASE,52.0,55.0,,,55.0,MARKET HIGHER,
2026-03-06,Los Angeles,230,Mexico,Fine Appearance,58.0,60.0,,,60.0,MARKET HIGHER,
2026-03-09,Los Angeles,150,Mexico,BASE,55.0,60.0,,,60.0,MARKET HIGHER,
2026-03-09,Los Angeles,150,Mexico,Fine Appearance,65.0,75.0,65.0,,75.0,MARKET HIGHER,
2026-03-09,Los Angeles,150,Mexico,Fair Quality,48.0,50.0,,,50.0,MARKET HIGHER,
2026-03-09,Los Angeles,175,Mexico,Fine Appearance,65.0,75.0,65.0,,75.0,MARKET HIGHER,
2026-03-09,Los Angeles,175,Mexico,BASE,55.0,60.0,,,60.0,MARKET HIGHER,
2026-03-09,Los Angeles,175,Mexico,Fair Quality,48.0,50.0,,,50.0,MARKET HIGHER,
2026-03-09,Los Angeles,200,Mexico,Fine Appearance,65.0,75.0,65.0,,75.0,MARKET HIGHER,
2026-03-09,Los Angeles,200,Mexico,Fair Quality,48.0,50.0,,,50.0,MARKET HIGHER,
2026-03-09,Los Angeles,200,Mexico,BASE,55.0,60.0,,,60.0,MARKET HIGHER,
2026-03-09,Los Angeles,230,Mexico,Fine Appearance,65.0,75.0,65.0,,75.0,MARKET HIGHER,
2026-03-09,Los Angeles,230,Mexico,BASE,55.0,60.0,,,60.0,MARKET HIGHER,
2026-03-10,Los Angeles,150,Mexico,Fair Quality,48.0,50.0,,,50.0,MARKET HIGHER,
2026-03-10,Los Angeles,150,Mexico,BASE,55.0,60.0,,,60.0,MARKET HIGHER,
2026-03-10,Los Angeles,150,Mexico,Fine Appearance,65.0,75.0,65.0,,75.0,MARKET HIGHER,
2026-03-10,Los Angeles,175,Mexico,Fine Appearance,65.0,75.0,65.0,,75.0,MARKET HIGHER,
2026-03-10,Los Angeles,175,Mexico,Fair Quality,48.0,50.0,,,50.0,MARKET HIGHER,
2026-03-10,Los Angeles,175,Mexico,BASE,55.0,60.0,,,60.0,MARKET HIGHER,
2026-03-10,Los Angeles,200,Mexico,Fine Appearance,65.0,75.0,65.0,,75.0,MARKET HIGHER,
2026-03-10,Los Angeles,200,Mexico,BASE,55.0,60.0,,,60.0,MARKET HIGHER,
2026-03-10,Los Angeles,200,Mexico,Fair Quality,48.0,50.0,,,50.0,MARKET HIGHER,
2026-03-10,Los Angeles,230,Mexico,Fine Appearance,65.0,75.0,65.0,,75.0,MARKET HIGHER,
2026-03-10,Los Angeles,230,Mexico,BASE,55.0,60.0,,,60.0,MARKET HIGHER,
2026-03-11,Los Angeles,150,Mexico,BASE,55.0,60.0,,,60.0,MARKET HIGHER,
2026-03-11,Los Angeles,150,Mexico,Fair Quality,48.0,50.0,,,50.0,MARKET HIGHER,
2026-03-11,Los Angeles,150,Mexico,Fine Appearance,65.0,75.0,65.0,,75.0,MARKET HIGHER,
2026-03-11,Los Angeles,175,Mexico,Fair Quality,48.0,50.0,,,50.0,MARKET HIGHER,
2026-03-11,Los Angeles,175,Mexico,BASE,55.0,60.0,,,60.0,MARKET HIGHER,
2026-03-11,Los Angeles,175,Mexico,Fine Appearance,65.0,75.0,65.0,,75.0,MARKET HIGHER,
2026-03-11,Los Angeles,200,Mexico,Fine Appearance,65.0,75.0,65.0,,75.0,MARKET HIGHER,
2026-03-11,Los Angeles,200,Mexico,BASE,55.0,60.0,,,60.0,MARKET HIGHER,
2026-03-11,Los Angeles,200,Mexico,Fair Quality,48.0,50.0,,,50.0,MARKET HIGHER,
2026-03-11,Los Angeles,230,Mexico,Fine Appearance,65.0,75.0,65.0,,75.0,MARKET HIGHER,
2026-03-11,Los Angeles,230,Mexico,BASE,48.0,50.0,,,50.0,MARKET HIGHER,
2026-03-12,Los Angeles,150,Mexico,BASE,55.0,60.0,,,60.0,MARKET STEADY,
2026-03-12,Los Angeles,150,Mexico,Fine Appearance,65.0,75.0,65.0,,75.0,MARKET STEADY,
2026-03-12,Los Angeles,150,Mexico,Fair Quality,48.0,50.0,,,50.0,MARKET STEADY,
2026-03-12,Los Angeles,175,Mexico,BASE,55.0,60.0,,,60.0,MARKET STEADY,
2026-03-12,Los Angeles,175,Mexico,Fair Quality,48.0,50.0,,,50.0,MARKET STEADY,
2026-03-12,Los Angeles,175,Mexico,Fine Appearance,65.0,75.0,65.0,,75.0,MARKET STEADY,
2026-03-12,Los Angeles,200,Mexico,Fair Quality,48.0,50.0,,,50.0,MARKET STEADY,
2026-03-12,Los Angeles,200,Mexico,Fine Appearance,65.0,75.0,65.0,,75.0,MARKET STEADY,
2026-03-12,Los Angeles,200,Mexico,BASE,55.0,60.0,,,60.0,MARKET STEADY,
2026-03-12,Los Angeles,230,Mexico,Fine Appearance,65.0,75.0,65.0,,75.0,MARKET STEADY,
2026-03-12,Los Angeles,230,Mexico,BASE,48.0,50.0,,,50.0,MARKET STEADY,
2026-03-13,Los Angeles,150,Mexico,BASE,55.0,60.0,,,60.0,MARKET STEADY,
2026-03-13,Los Angeles,150,Mexico,Fine Appearance,65.0,75.0,65.0,,75.0,MARKET STEADY,
2026-03-13,Los Angeles,150,Mexico,Fair Quality,48.0,50.0,,,50.0,MARKET STEADY,
2026-03-13,Los Angeles,175,Mexico,BASE,55.0,60.0,,,60.0,MARKET STEADY,
2026-03-13,Los Angeles,175,Mexico,Fine Appearance,65.0,75.0,65.0,,75.0,MARKET STEADY,
2026-03-13,Los Angeles,175,Mexico,Fair Quality,48.0,50.0,,,50.0,MARKET STEADY,
2026-03-13,Los Angeles,200,Mexico,Fine Appearance,65.0,75.0,65.0,,75.0,MARKET STEADY,
2026-03-13,Los Angeles,200,Mexico,BASE,55.0,60.0,,,60.0,MARKET STEADY,
2026-03-13,Los Angeles,200,Mexico,Fair Quality,48.0,50.0,,,50.0,MARKET STEADY,
2026-03-13,Los Angeles,230,Mexico,BASE,48.0,50.0,,,50.0,MARKET STEADY,
2026-03-13,Los Angeles,230,Mexico,Fine Appearance,65.0,75.0,65.0,,75.0,MARKET STEADY,
2026-03-16,Los Angeles,150,Mexico,Fair Quality,48.0,50.0,,,50.0,MARKET STEADY,
2026-03-16,Los Angeles,150,Mexico,BASE,55.0,60.0,,,60.0,MARKET STEADY,
2026-03-16,Los Angeles,150,Mexico,Fine Appearance,65.0,75.0,65.0,,75.0,MARKET STEADY,
2026-03-16,Los Angeles,175,Mexico,Fair Quality,48.0,50.0,,,50.0,MARKET STEADY,
2026-03-16,Los Angeles,175,Mexico,Fine Appearance,65.0,75.0,65.0,,75.0,MARKET STEADY,
2026-03-16,Los Angeles,175,Mexico,BASE,55.0,60.0,,,60.0,MARKET STEADY,
2026-03-16,Los Angeles,200,Mexico,BASE,55.0,60.0,,,60.0,MARKET STEADY,
2026-03-16,Los Angeles,200,Mexico,Fair Quality,48.0,50.0,,,50.0,MARKET STEADY,
2026-03-16,Los Angeles,200,Mexico,Fine Appearance,65.0,75.0,65.0,,75.0,MARKET STEADY,
2026-03-16,Los Angeles,230,Mexico,BASE,48.0,50.0,,,50.0,MARKET STEADY,
2026-03-16,Los Angeles,230,Mexico,Fine Appearance,65.0,75.0,65.0,,75.0,MARKET STEADY,
2026-03-17,Los Angeles,150,Mexico,Fine Appearance,65.0,75.0,65.0,,75.0,MARKET STEADY,
2026-03-17,Los Angeles,150,Mexico,Fair Quality,48.0,50.0,,,50.0,MARKET STEADY,
2026-03-17,Los Angeles,150,Mexico,BASE,55.0,60.0,,,60.0,MARKET STEADY,
2026-03-17,Los Angeles,175,Mexico,Fair Quality,48.0,50.0,,,50.0,MARKET STEADY,
2026-03-17,Los Angeles,175,Mexico,BASE,55.0,60.0,,,60.0,MARKET STEADY,
2026-03-17,Los Angeles,175,Mexico,Fine Appearance,65.0,75.0,65.0,,75.0,MARKET STEADY,
2026-03-17,Los Angeles,200,Mexico,Fair Quality,48.0,50.0,,,50.0,MARKET STEADY,
2026-03-17,Los Angeles,200,Mexico,Fine Appearance,65.0,75.0,65.0,,75.0,MARKET STEADY,
2026-03-17,Los Angeles,200,Mexico,BASE,55.0,60.0,,,60.0,MARKET STEADY,
2026-03-17,Los Angeles,230,Mexico,BASE,55.0,60.0,,,60.0,MARKET STEADY,
2026-03-17,Los Angeles,230,Mexico,Fine Appearance,65.0,75.0,65.0,,75.0,MARKET STEADY,
2026-03-18,Los Angeles,150,Mexico,BASE,55.0,60.0,,,60.0,MARKET STEADY,
2026-03-18,Los Angeles,150,Mexico,Fine Appearance,65.0,75.0,65.0,,75.0,MARKET STEADY,
2026-03-18,Los Angeles,150,Mexico,Fair Quality,48.0,50.0,,,50.0,MARKET STEADY,
2026-03-18,Los Angeles,175,Mexico,Fine Appearance,65.0,75.0,65.0,,75.0,MARKET STEADY,
2026-03-18,Los Angeles,175,Mexico,BASE,55.0,60.0,,,60.0,MARKET STEADY,
2026-03-18,Los Angeles,175,Mexico,Fair Quality,48.0,50.0,,,50.0,MARKET STEADY,
2026-03-18,Los Angeles,200,Mexico,BASE,55.0,60.0,,,60.0,MARKET STEADY,
2026-03-18,Los Angeles,200,Mexico,Fair Quality,48.0,50.0,,,50.0,MARKET STEADY,
2026-03-18,Los Angeles,200,Mexico,Fine Appearance,65.0,75.0,65.0,,75.0,MARKET STEADY,
2026-03-18,Los Angeles,230,Mexico,Fine Appearance,65.0,75.0,65.0,,75.0,MARKET STEADY,
2026-03-18,Los Angeles,230,Mexico,BASE,55.0,60.0,,,60.0,MARKET STEADY,
2026-03-19,Los Angeles,150,Mexico,BASE,55.0,60.0,,,60.0,MARKET STEADY,
2026-03-19,Los Angeles,150,Mexico,Fine Appearance,65.0,75.0,65.0,,75.0,MARKET STEADY,
2026-03-19,Los Angeles,150,Mexico,Fair Quality,48.0,50.0,,,50.0,MARKET STEADY,
2026-03-19,Los Angeles,175,Mexico,BASE,55.0,60.0,,,60.0,MARKET STEADY,
2026-03-19,Los Angeles,175,Mexico,Fine Appearance,65.0,75.0,65.0,,75.0,MARKET STEADY,
2026-03-19,Los Angeles,175,Mexico,Fair Quality,48.0,50.0,,,50.0,MARKET STEADY,
2026-03-19,Los Angeles,200,Mexico,Fine Appearance,65.0,75.0,65.0,,75.0,MARKET STEADY,
2026-03-19,Los Angeles,200,Mexico,BASE,55.0,60.0,,,60.0,MARKET STEADY,
2026-03-19,Los Angeles,200,Mexico,Fair Quality,48.0,50.0,,,50.0,MARKET STEADY,
2026-03-19,Los Angeles,230,Mexico,Fine Appearance,65.0,75.0,65.0,,75.0,MARKET STEADY,
2026-03-19,Los Angeles,230,Mexico,BASE,55.0,60.0,,,60.0,MARKET STEADY,
2026-03-20,Los Angeles,150,Mexico,Fine Appearance,65.0,75.0,65.0,,75.0,MARKET STEADY,
2026-03-20,Los Angeles,150,Mexico,Fair Quality,48.0,50.0,,,50.0,MARKET STEADY,
2026-03-20,Los Angeles,150,Mexico,BASE,55.0,60.0,,,60.0,MARKET STEADY,
2026-03-20,Los Angeles,175,Mexico,BASE,55.0,60.0,,,60.0,MARKET STEADY,
2026-03-20,Los Angeles,175,Mexico,Fine Appearance,65.0,75.0,65.0,,75.0,MARKET STEADY,
2026-03-20,Los Angeles,175,Mexico,Fair Quality,48.0,50.0,,,50.0,MARKET STEADY,
2026-03-20,Los Angeles,200,Mexico,Fair Quality,48.0,50.0,,,50.0,MARKET STEADY,
2026-03-20,Los Angeles,200,Mexico,BASE,55.0,60.0,,,60.0,MARKET STEADY,
2026-03-20,Los Angeles,200,Mexico,Fine Appearance,65.0,75.0,65.0,,75.0,MARKET STEADY,
2026-03-20,Los Angeles,230,Mexico,Fine Appearance,65.0,75.0,65.0,,75.0,MARKET STEADY,
2026-03-20,Los Angeles,230,Mexico,BASE,48.0,50.0,,,50.0,MARKET STEADY,
2026-03-23,Los Angeles,150,Mexico,BASE,60.0,65.0,,,65.0,MARKET HIGHER,
2026-03-23,Los Angeles,150,Mexico,Fair Quality,50.0,52.0,,,52.0,MARKET HIGHER,
2026-03-23,Los Angeles,150,Mexico,Fine Appearance,75.0,80.0,75.0,,80.0,MARKET HIGHER,
2026-03-23,Los Angeles,175,Mexico,Fine Appearance,75.0,80.0,75.0,,80.0,MARKET HIGHER,
2026-03-23,Los Angeles,175,Mexico,BASE,60.0,65.0,,,65.0,MARKET HIGHER,
2026-03-23,Los Angeles,175,Mexico,Fair Quality,50.0,52.0,,,52.0,MARKET HIGHER,
2026-03-23,Los Angeles,200,Mexico,Fine Appearance,75.0,80.0,75.0,,80.0,MARKET HIGHER,
2026-03-23,Los Angeles,200,Mexico,Fair Quality,50.0,52.0,,,52.0,MARKET HIGHER,
2026-03-23,Los Angeles,200,Mexico,BASE,60.0,65.0,,,65.0,MARKET HIGHER,
2026-03-23,Los Angeles,230,Mexico,Fine Appearance,75.0,80.0,75.0,,80.0,MARKET HIGHER,
2026-03-23,Los Angeles,230,Mexico,BASE,60.0,65.0,,,65.0,MARKET HIGHER,
2026-03-24,Los Angeles,150,Mexico,Fine Appearance,75.0,80.0,75.0,,80.0,MARKET HIGHER,
2026-03-24,Los Angeles,150,Mexico,Fair Quality,50.0,52.0,,,52.0,MARKET HIGHER,
2026-03-24,Los Angeles,150,Mexico,BASE,60.0,65.0,,,65.0,MARKET HIGHER,
2026-03-24,Los Angeles,175,Mexico,Fine Appearance,75.0,80.0,75.0,,80.0,MARKET HIGHER,
2026-03-24,Los Angeles,175,Mexico,Fair Quality,50.0,52.0,,,52.0,MARKET HIGHER,
2026-03-24,Los Angeles,175,Mexico,BASE,60.0,65.0,,,65.0,MARKET HIGHER,
2026-03-24,Los Angeles,200,Mexico,Fair Quality,50.0,52.0,,,52.0,MARKET HIGHER,
2026-03-24,Los Angeles,200,Mexico,Fine Appearance,75.0,80.0,75.0,,80.0,MARKET HIGHER,
2026-03-24,Los Angeles,200,Mexico,BASE,60.0,65.0,,,65.0,MARKET HIGHER,
2026-03-24,Los Angeles,230,Mexico,Fine Appearance,75.0,80.0,75.0,,80.0,MARKET HIGHER,
2026-03-24,Los Angeles,230,Mexico,BASE,35.0,40.0,,,40.0,MARKET HIGHER,
2026-03-25,Los Angeles,150,Mexico,Fair Quality,50.0,52.0,,,52.0,MARKET STEADY,
2026-03-25,Los Angeles,150,Mexico,Fine Appearance,75.0,80.0,75.0,,80.0,MARKET STEADY,
2026-03-25,Los Angeles,150,Mexico,BASE,60.0,65.0,,,65.0,MARKET STEADY,
2026-03-25,Los Angeles,175,Mexico,Fair Quality,50.0,52.0,,,52.0,MARKET STEADY,
2026-03-25,Los Angeles,175,Mexico,Fine Appearance,75.0,80.0,75.0,,80.0,MARKET STEADY,
2026-03-25,Los Angeles,175,Mexico,BASE,60.0,65.0,,,65.0,MARKET STEADY,
2026-03-25,Los Angeles,200,Mexico,Fair Quality,50.0,52.0,,,52.0,MARKET STEADY,
2026-03-25,Los Angeles,200,Mexico,Fine Appearance,75.0,80.0,75.0,,80.0,MARKET STEADY,
2026-03-25,Los Angeles,200,Mexico,BASE,60.0,65.0,,,65.0,MARKET STEADY,
2026-03-25,Los Angeles,230,Mexico,Fine Appearance,75.0,80.0,75.0,,80.0,MARKET STEADY,
2026-03-25,Los Angeles,230,Mexico,BASE,35.0,40.0,,,40.0,MARKET STEADY,
2026-03-26,Los Angeles,150,Mexico,Fine Appearance,75.0,80.0,75.0,,80.0,MARKET STEADY,
2026-03-26,Los Angeles,150,Mexico,BASE,60.0,65.0,,,65.0,MARKET STEADY,
2026-03-26,Los Angeles,150,Mexico,Fair Quality,50.0,52.0,,,52.0,MARKET STEADY,
2026-03-26,Los Angeles,175,Mexico,Fair Quality,50.0,52.0,,,52.0,MARKET STEADY,
2026-03-26,Los Angeles,175,Mexico,BASE,60.0,65.0,,,65.0,MARKET STEADY,
2026-03-26,Los Angeles,175,Mexico,Fine Appearance,75.0,80.0,75.0,,80.0,MARKET STEADY,
2026-03-26,Los Angeles,200,Mexico,Fine Appearance,75.0,80.0,75.0,,80.0,MARKET STEADY,
2026-03-26,Los Angeles,200,Mexico,BASE,60.0,65.0,,,65.0,MARKET STEADY,
2026-03-26,Los Angeles,200,Mexico,Fair Quality,50.0,52.0,,,52.0,MARKET STEADY,
2026-03-26,Los Angeles,230,Mexico,Fine Appearance,75.0,80.0,75.0,,80.0,MARKET STEADY,
2026-03-26,Los Angeles,230,Mexico,BASE,60.0,65.0,,,65.0,MARKET STEADY,
2026-03-27,Los Angeles,150,Mexico,Fair Quality,65.0,68.0,,,68.0,MARKET MUCH HIGHER,
2026-03-27,Los Angeles,150,Mexico,BASE,70.0,75.0,,,75.0,MARKET MUCH HIGHER,
2026-03-27,Los Angeles,150,Mexico,Fine Appearance,80.0,85.0,,,85.0,MARKET MUCH HIGHER,
2026-03-27,Los Angeles,175,Mexico,BASE,70.0,75.0,,,75.0,MARKET MUCH HIGHER,
2026-03-27,Los Angeles,175,Mexico,Fine Appearance,80.0,85.0,,,85.0,MARKET MUCH HIGHER,
2026-03-27,Los Angeles,175,Mexico,Fair Quality,62.0,65.0,,,65.0,MARKET MUCH HIGHER,
2026-03-27,Los Angeles,200,Mexico,Fine Appearance,80.0,85.0,,,85.0,MARKET MUCH HIGHER,
2026-03-27,Los Angeles,200,Mexico,BASE,70.0,75.0,,,75.0,MARKET MUCH HIGHER,
2026-03-27,Los Angeles,200,Mexico,Fair Quality,62.0,65.0,,,65.0,MARKET MUCH HIGHER,
2026-03-27,Los Angeles,230,Mexico,Fine Appearance,80.0,85.0,,,85.0,MARKET MUCH HIGHER,
2026-03-27,Los Angeles,230,Mexico,BASE,55.0,58.0,,,58.0,MARKET MUCH HIGHER,
2026-03-30,Los Angeles,150,Mexico,Fair Quality,65.0,68.0,,,68.0,MARKET STEADY,
2026-03-30,Los Angeles,150,Mexico,Fine Appearance,80.0,85.0,,,85.0,MARKET STEADY,
2026-03-30,Los Angeles,150,Mexico,BASE,70.0,75.0,,,75.0,MARKET STEADY,
2026-03-30,Los Angeles,175,Mexico,Fine Appearance,80.0,85.0,,,85.0,MARKET STEADY,
2026-03-30,Los Angeles,175,Mexico,BASE,70.0,75.0,,,75.0,MARKET STEADY,
2026-03-30,Los Angeles,175,Mexico,Fair Quality,62.0,65.0,,,65.0,MARKET STEADY,
2026-03-30,Los Angeles,200,Mexico,BASE,70.0,75.0,,,75.0,MARKET STEADY,
2026-03-30,Los Angeles,200,Mexico,Fair Quality,62.0,65.0,,,65.0,MARKET STEADY,
2026-03-30,Los Angeles,200,Mexico,Fine Appearance,80.0,85.0,,,85.0,MARKET STEADY,
2026-03-30,Los Angeles,230,Mexico,Fair Quality,62.0,65.0,,,65.0,MARKET STEADY,
2026-03-30,Los Angeles,230,Mexico,Fine Appearance,80.0,85.0,,,85.0,MARKET STEADY,
2026-03-30,Los Angeles,230,Mexico,BASE,70.0,75.0,,,75.0,MARKET STEADY,
2026-03-31,Los Angeles,150,Mexico,BASE,70.0,75.0,,,75.0,MARKET STEADY,
2026-03-31,Los Angeles,150,Mexico,Fine Appearance,80.0,85.0,,,85.0,MARKET STEADY,
2026-03-31,Los Angeles,150,Mexico,Fair Quality,65.0,68.0,,,68.0,MARKET STEADY,
2026-03-31,Los Angeles,175,Mexico,Fine Appearance,80.0,85.0,,,85.0,MARKET STEADY,
2026-03-31,Los Angeles,175,Mexico,Fair Quality,62.0,65.0,,,65.0,MARKET STEADY,
2026-03-31,Los Angeles,175,Mexico,BASE,70.0,75.0,,,75.0,MARKET STEADY,
2026-03-31,Los Angeles,200,Mexico,Fair Quality,62.0,65.0,,,65.0,MARKET STEADY,
2026-03-31,Los Angeles,200,Mexico,BASE,70.0,75.0,,,75.0,MARKET STEADY,
2026-03-31,Los Angeles,200,Mexico,Fine Appearance,80.0,85.0,,,85.0,MARKET STEADY,
2026-03-31,Los Angeles,230,Mexico,Fine Appearance,80.0,85.0,,,85.0,MARKET STEADY,
2026-03-31,Los Angeles,230,Mexico,Fair Quality,62.0,65.0,,,65.0,MARKET STEADY,
2026-03-31,Los Angeles,230,Mexico,BASE,55.0,58.0,,,58.0,MARKET STEADY,
2026-04-01,Los Angeles,150,Mexico,BASE,70.0,75.0,,,75.0,MARKET STEADY,
2026-04-01,Los Angeles,150,Mexico,Fine Appearance,80.0,85.0,,,85.0,MARKET STEADY,
2026-04-01,Los Angeles,150,Mexico,Fair Quality,65.0,68.0,,,68.0,MARKET STEADY,
2026-04-01,Los Angeles,175,Mexico,Fine Appearance,80.0,85.0,,,85.0,MARKET STEADY,
2026-04-01,Los Angeles,175,Mexico,Fair Quality,62.0,65.0,,,65.0,MARKET STEADY,
2026-04-01,Los Angeles,175,Mexico,BASE,70.0,75.0,,,75.0,MARKET STEADY,
2026-04-01,Los Angeles,200,Mexico,Fair Quality,62.0,65.0,,,65.0,MARKET STEADY,
2026-04-01,Los Angeles,200,Mexico,Fine Appearance,80.0,85.0,,,85.0,MARKET STEADY,
2026-04-01,Los Angeles,200,Mexico,BASE,70.0,75.0,,,75.0,MARKET STEADY,
2026-04-01,Los Angeles,230,Mexico,BASE,70.0,75.0,,,75.0,MARKET STEADY,
2026-04-01,Los Angeles,230,Mexico,Fine Appearance,80.0,85.0,,,85.0,MARKET STEADY,
2026-04-01,Los Angeles,230,Mexico,Fair Quality,62.0,65.0,,,65.0,MARKET STEADY,
2026-04-02,Los Angeles,150,Mexico,BASE,70.0,75.0,,,75.0,MARKET STEADY,
2026-04-02,Los Angeles,150,Mexico,Fine Appearance,80.0,85.0,,,85.0,MARKET STEADY,
2026-04-02,Los Angeles,150,Mexico,Fair Quality,65.0,68.0,,,68.0,MARKET STEADY,
2026-04-02,Los Angeles,175,Mexico,BASE,70.0,75.0,,,75.0,MARKET STEADY,
2026-04-02,Los Angeles,175,Mexico,Fair Quality,62.0,65.0,,,65.0,MARKET STEADY,
2026-04-02,Los Angeles,175,Mexico,Fine Appearance,80.0,85.0,,,85.0,MARKET STEADY,
2026-04-02,Los Angeles,200,Mexico,BASE,70.0,75.0,,,75.0,MARKET STEADY,
2026-04-02,Los Angeles,200,Mexico,Fair Quality,62.0,65.0,,,65.0,MARKET STEADY,
2026-04-02,Los Angeles,200,Mexico,Fine Appearance,80.0,85.0,,,85.0,MARKET STEADY,
2026-04-02,Los Angeles,230,Mexico,Fair Quality,62.0,65.0,,,65.0,MARKET STEADY,
2026-04-02,Los Angeles,230,Mexico,Fine Appearance,80.0,85.0,,,85.0,MARKET STEADY,
2026-04-02,Los Angeles,230,Mexico,BASE,70.0,75.0,,,75.0,MARKET STEADY,
2026-04-03,Los Angeles,150,Mexico,BASE,70.0,75.0,,,75.0,MARKET STEADY,
2026-04-03,Los Angeles,150,Mexico,Fine Appearance,80.0,85.0,,,85.0,MARKET STEADY,
2026-04-03,Los Angeles,150,Mexico,Fair Quality,65.0,68.0,,,68.0,MARKET STEADY,
2026-04-03,Los Angeles,175,Mexico,Fine Appearance,80.0,85.0,,,85.0,MARKET STEADY,
2026-04-03,Los Angeles,175,Mexico,Fair Quality,62.0,65.0,,,65.0,MARKET STEADY,
2026-04-03,Los Angeles,175,Mexico,BASE,70.0,75.0,,,75.0,MARKET STEADY,
2026-04-03,Los Angeles,200,Mexico,Fine Appearance,80.0,85.0,,,85.0,MARKET STEADY,
2026-04-03,Los Angeles,200,Mexico,Fair Quality,62.0,65.0,,,65.0,MARKET STEADY,
2026-04-03,Los Angeles,200,Mexico,BASE,70.0,75.0,,,75.0,MARKET STEADY,
2026-04-03,Los Angeles,230,Mexico,Fair Quality,62.0,65.0,,,65.0,MARKET STEADY,
2026-04-03,Los Angeles,230,Mexico,Fine Appearance,80.0,85.0,,,85.0,MARKET STEADY,
2026-04-03,Los Angeles,230,Mexico,BASE,70.0,75.0,,,75.0,MARKET STEADY,
2026-04-06,Los Angeles,150,Mexico,Fair Quality,65.0,65.0,,,65.0,MARKET ABOUT STEADY,
2026-04-06,Los Angeles,150,Mexico,Fine Appearance,78.0,80.0,,,80.0,MARKET ABOUT STEADY,
2026-04-06,Los Angeles,150,Mexico,BASE,70.0,75.0,73.0,74.0,74.0,MARKET ABOUT STEADY,
2026-04-06,Los Angeles,175,Mexico,Fair Quality,65.0,65.0,,,65.0,MARKET ABOUT STEADY,
2026-04-06,Los Angeles,175,Mexico,BASE,70.0,75.0,71.0,72.0,72.0,MARKET ABOUT STEADY,
2026-04-06,Los Angeles,175,Mexico,Fine Appearance,78.0,80.0,,,80.0,MARKET ABOUT STEADY,
2026-04-06,Los Angeles,200,Mexico,Fine Appearance,80.0,80.0,,,80.0,MARKET ABOUT STEADY,
2026-04-06,Los Angeles,200,Mexico,Fair Quality,64.0,65.0,,,65.0,MARKET ABOUT STEADY,
2026-04-06,Los Angeles,200,Mexico,BASE,70.0,70.0,,,70.0,MARKET ABOUT STEADY,
2026-04-06,Los Angeles,230,Mexico,Fair Quality,60.0,60.0,,,60.0,MARKET ABOUT STEADY,
2026-04-06,Los Angeles,230,Mexico,BASE,65.0,65.0,,,65.0,MARKET ABOUT STEADY,
2026-04-06,Los Angeles,230,Mexico,Fine Appearance,80.0,80.0,,,80.0,MARKET ABOUT STEADY,
2026-04-07,Los Angeles,150,Mexico,Fine Appearance,78.0,80.0,,,80.0,MARKET STEADY,
2026-04-07,Los Angeles,150,Mexico,BASE,70.0,75.0,73.0,74.0,74.0,MARKET STEADY,
2026-04-07,Los Angeles,150,Mexico,Fair Quality,65.0,65.0,,,65.0,MARKET STEADY,
2026-04-07,Los Angeles,175,Mexico,Fine Appearance,78.0,80.0,,,80.0,MARKET STEADY,
2026-04-07,Los Angeles,175,Mexico,BASE,70.0,75.0,71.0,72.0,72.0,MARKET STEADY,
2026-04-07,Los Angeles,175,Mexico,Fair Quality,65.0,65.0,,,65.0,MARKET STEADY,
2026-04-07,Los Angeles,200,Mexico,Fine Appearance,80.0,80.0,,,80.0,MARKET STEADY,
2026-04-07,Los Angeles,200,Mexico,Fair Quality,64.0,65.0,,,65.0,MARKET STEADY,
2026-04-07,Los Angeles,200,Mexico,BASE,70.0,70.0,,,70.0,MARKET STEADY,
2026-04-07,Los Angeles,230,Mexico,BASE,65.0,65.0,,,65.0,MARKET STEADY,
2026-04-07,Los Angeles,230,Mexico,Fine Appearance,80.0,80.0,,,80.0,MARKET STEADY,
2026-04-07,Los Angeles,230,Mexico,Fair Quality,60.0,60.0,,,60.0,MARKET STEADY,
2026-04-08,Los Angeles,150,Mexico,Fine Appearance,78.0,80.0,,,80.0,MARKET STEADY,
2026-04-08,Los Angeles,150,Mexico,BASE,70.0,75.0,73.0,74.0,74.0,MARKET STEADY,
2026-04-08,Los Angeles,150,Mexico,Fair Quality,65.0,65.0,,,65.0,MARKET STEADY,
2026-04-08,Los Angeles,175,Mexico,BASE,70.0,75.0,71.0,72.0,72.0,MARKET STEADY,
2026-04-08,Los Angeles,175,Mexico,Fine Appearance,78.0,80.0,,,80.0,MARKET STEADY,
2026-04-08,Los Angeles,175,Mexico,Fair Quality,65.0,65.0,,,65.0,MARKET STEADY,
2026-04-08,Los Angeles,200,Mexico,BASE,70.0,70.0,,,70.0,MARKET STEADY,
2026-04-08,Los Angeles,200,Mexico,Fair Quality,64.0,65.0,,,65.0,MARKET STEADY,
2026-04-08,Los Angeles,200,Mexico,Fine Appearance,80.0,80.0,,,80.0,MARKET STEADY,
2026-04-08,Los Angeles,230,Mexico,BASE,65.0,65.0,,,65.0,MARKET STEADY,
2026-04-08,Los Angeles,230,Mexico,Fair Quality,60.0,60.0,,,60.0,MARKET STEADY,
2026-04-08,Los Angeles,230,Mexico,Fine Appearance,80.0,80.0,,,80.0,MARKET STEADY,
2026-04-09,Los Angeles,150,Mexico,BASE,70.0,75.0,73.0,74.0,74.0,MARKET STEADY,
2026-04-09,Los Angeles,150,Mexico,Fine Appearance,78.0,80.0,,,80.0,MARKET STEADY,
2026-04-09,Los Angeles,150,Mexico,Fair Quality,65.0,65.0,,,65.0,MARKET STEADY,
2026-04-09,Los Angeles,175,Mexico,BASE,70.0,75.0,71.0,72.0,72.0,MARKET STEADY,
2026-04-09,Los Angeles,175,Mexico,Fine Appearance,78.0,80.0,,,80.0,MARKET STEADY,
2026-04-09,Los Angeles,175,Mexico,Fair Quality,65.0,65.0,,,65.0,MARKET STEADY,
2026-04-09,Los Angeles,200,Mexico,Fair Quality,64.0,65.0,,,65.0,MARKET STEADY,
2026-04-09,Los Angeles,200,Mexico,BASE,70.0,70.0,,,70.0,MARKET STEADY,
2026-04-09,Los Angeles,200,Mexico,Fine Appearance,80.0,80.0,,,80.0,MARKET STEADY,
2026-04-09,Los Angeles,230,Mexico,Fair Quality,60.0,60.0,,,60.0,MARKET STEADY,
2026-04-09,Los Angeles,230,Mexico,Fine Appearance,80.0,80.0,,,80.0,MARKET STEADY,
2026-04-09,Los Angeles,230,Mexico,BASE,65.0,65.0,,,65.0,MARKET STEADY,
2026-04-10,Los Angeles,150,Mexico,Fine Appearance,85.0,,,,,MARKET 230S LOWER; OTHERS ABOUT STEADY.,
2026-04-10,Los Angeles,150,Mexico,BASE,70.0,75.0,73.0,74.0,74.0,MARKET 230S LOWER; OTHERS ABOUT STEADY.,
2026-04-10,Los Angeles,150,Mexico,Fair Quality,65.0,65.0,,,65.0,MARKET 230S LOWER; OTHERS ABOUT STEADY.,
2026-04-10,Los Angeles,175,Mexico,Fine Appearance,85.0,,,,,MARKET 230S LOWER; OTHERS ABOUT STEADY.,
2026-04-10,Los Angeles,175,Mexico,BASE,70.0,75.0,73.0,74.0,74.0,MARKET 230S LOWER; OTHERS ABOUT STEADY.,
2026-04-10,Los Angeles,175,Mexico,Fair Quality,65.0,65.0,,,65.0,MARKET 230S LOWER; OTHERS ABOUT STEADY.,
2026-04-10,Los Angeles,200,Mexico,BASE,70.0,70.0,,,70.0,MARKET 230S LOWER; OTHERS ABOUT STEADY.,
2026-04-10,Los Angeles,200,Mexico,Fair Quality,64.0,65.0,,,65.0,MARKET 230S LOWER; OTHERS ABOUT STEADY.,
2026-04-10,Los Angeles,200,Mexico,Fine Appearance,80.0,,,,,MARKET 230S LOWER; OTHERS ABOUT STEADY.,
2026-04-10,Los Angeles,230,Mexico,Fair Quality,60.0,60.0,,,60.0,MARKET 230S LOWER; OTHERS ABOUT STEADY.,
2026-04-10,Los Angeles,230,Mexico,BASE,60.0,65.0,63.0,64.0,64.0,MARKET 230S LOWER; OTHERS ABOUT STEADY.,
2026-04-10,Los Angeles,250,Mexico,BASE,60.0,65.0,63.0,64.0,64.0,MARKET 230S LOWER; OTHERS ABOUT STEADY.,
2026-04-13,Los Angeles,150,Mexico,Fine Appearance,85.0,,,,,MARKET ABOUT STEADY,
2026-04-13,Los Angeles,175,Mexico,Fine Appearance,85.0,,,,,MARKET ABOUT STEADY,
2026-04-13,Los Angeles,200,Mexico,BASE,70.0,,,,,MARKET ABOUT STEADY,
2026-04-13,Los Angeles,200,Mexico,Fair Quality,65.0,,,,,MARKET ABOUT STEADY,
2026-04-13,Los Angeles,200,Mexico,Fine Appearance,80.0,,,,,MARKET ABOUT STEADY,
2026-04-13,Los Angeles,230,Mexico,Fair Quality,50.0,55.0,53.0,53.0,53.0,MARKET ABOUT STEADY,Occasional lower
2026-04-13,Los Angeles,230,Mexico,BASE,60.0,65.0,63.0,64.0,64.0,MARKET ABOUT STEADY,
2026-04-13,Los Angeles,230,Mexico,Fine Appearance,70.0,,,,,MARKET ABOUT STEADY,
2026-04-13,Los Angeles,250,Mexico,Fair Quality,45.0,,,,,MARKET ABOUT STEADY,
2026-04-13,Los Angeles,250,Mexico,BASE,60.0,,,,,MARKET ABOUT STEADY,
2026-04-13,Los Angeles,250,Mexico,Fine Appearance,63.0,65.0,,,65.0,MARKET ABOUT STEADY,
2026-04-14,Los Angeles,150,Mexico,Fine Appearance,85.0,,,,,MARKET STEADY,
2026-04-14,Los Angeles,175,Mexico,Fine Appearance,85.0,,,,,MARKET STEADY,
2026-04-14,Los Angeles,200,Mexico,BASE,70.0,,,,,MARKET STEADY,
2026-04-14,Los Angeles,200,Mexico,Fair Quality,65.0,,,,,MARKET STEADY,
2026-04-14,Los Angeles,200,Mexico,Fine Appearance,80.0,,,,,MARKET STEADY,
2026-04-14,Los Angeles,230,Mexico,Fine Appearance,70.0,,,,,MARKET STEADY,
2026-04-14,Los Angeles,230,Mexico,BASE,60.0,65.0,63.0,64.0,64.0,MARKET STEADY,
2026-04-14,Los Angeles,230,Mexico,Fair Quality,50.0,55.0,53.0,53.0,53.0,MARKET STEADY,Occasional lower
2026-04-14,Los Angeles,250,Mexico,BASE,60.0,,,,,MARKET STEADY,
2026-04-14,Los Angeles,250,Mexico,Fair Quality,45.0,,,,,MARKET STEADY,
2026-04-14,Los Angeles,250,Mexico,Fine Appearance,63.0,65.0,,,65.0,MARKET STEADY,
2026-04-15,Los Angeles,150,Mexico,Fine Appearance,85.0,,,,,MARKET STEADY,
2026-04-15,Los Angeles,175,Mexico,Fine Appearance,85.0,,,,,MARKET STEADY,
2026-04-15,Los Angeles,200,Mexico,BASE,70.0,,,,,MARKET STEADY,
2026-04-15,Los Angeles,200,Mexico,Fair Quality,65.0,,,,,MARKET STEADY,
2026-04-15,Los Angeles,200,Mexico,Fine Appearance,80.0,,,,,MARKET STEADY,
2026-04-15,Los Angeles,230,Mexico,BASE,60.0,65.0,63.0,64.0,64.0,MARKET STEADY,
2026-04-15,Los Angeles,230,Mexico,Fair Quality,50.0,55.0,53.0,53.0,53.0,MARKET STEADY,Occasional lower
2026-04-15,Los Angeles,230,Mexico,Fine Appearance,70.0,,,,,MARKET STEADY,
2026-04-15,Los Angeles,250,Mexico,Fair Quality,45.0,,,,,MARKET STEADY,
2026-04-15,Los Angeles,250,Mexico,BASE,60.0,,,,,MARKET STEADY,
2026-04-15,Los Angeles,250,Mexico,Fine Appearance,63.0,65.0,,,65.0,MARKET STEADY,
2026-04-16,Los Angeles,150,Mexico,Fine Appearance,85.0,,,,,MARKET STEADY,
2026-04-16,Los Angeles,175,Mexico,Fine Appearance,85.0,,,,,MARKET STEADY,
2026-04-16,Los Angeles,200,Mexico,Fine Appearance,80.0,,,,,MARKET STEADY,
2026-04-16,Los Angeles,200,Mexico,Fair Quality,65.0,,,,,MARKET STEADY,
2026-04-16,Los Angeles,200,Mexico,BASE,70.0,,,,,MARKET STEADY,
2026-04-16,Los Angeles,230,Mexico,Fair Quality,50.0,55.0,53.0,53.0,53.0,MARKET STEADY,Occasional lower
2026-04-16,Los Angeles,230,Mexico,BASE,60.0,65.0,63.0,64.0,64.0,MARKET STEADY,
2026-04-16,Los Angeles,230,Mexico,Fine Appearance,70.0,,,,,MARKET STEADY,
2026-04-16,Los Angeles,250,Mexico,Fair Quality,45.0,,,,,MARKET STEADY,
2026-04-16,Los Angeles,250,Mexico,BASE,60.0,,,,,MARKET STEADY,
2026-04-16,Los Angeles,250,Mexico,Fine Appearance,63.0,65.0,,,65.0,MARKET STEADY,
2026-04-17,Los Angeles,150,Mexico,Fine Appearance,80.0,,,,,MARKET LOWER,
2026-04-17,Los Angeles,175,Mexico,Fine Appearance,80.0,,,,,MARKET LOWER,
2026-04-17,Los Angeles,200,Mexico,Fine Appearance,78.0,80.0,,,80.0,MARKET LOWER,
2026-04-17,Los Angeles,200,Mexico,BASE,65.0,70.0,66.0,67.0,67.0,MARKET LOWER,
2026-04-17,Los Angeles,200,Mexico,Fair Quality,59.0,,,,,MARKET LOWER,
2026-04-17,Los Angeles,230,Mexico,BASE,58.0,59.0,,,59.0,MARKET LOWER,
2026-04-17,Los Angeles,230,Mexico,Fine Appearance,65.0,,,,,MARKET LOWER,
2026-04-17,Los Angeles,250,Mexico,Fine Appearance,58.0,59.0,,,59.0,MARKET LOWER,
2026-04-17,Los Angeles,250,Mexico,BASE,59.0,,,,,MARKET LOWER,
2026-04-20,Los Angeles,150,Mexico,Fine Appearance,80.0,,,,,MARKET LOWER,
2026-04-20,Los Angeles,150,Mexico,BASE,60.0,63.0,,,63.0,MARKET LOWER,
2026-04-20,Los Angeles,175,Mexico,BASE,55.0,60.0,58.0,60.0,60.0,MARKET LOWER,
2026-04-20,Los Angeles,175,Mexico,Fine Appearance,80.0,,,,,MARKET LOWER,
2026-04-20,Los Angeles,200,Mexico,Fair Quality,48.0,50.0,,,50.0,MARKET LOWER,
2026-04-20,Los Angeles,200,Mexico,BASE,55.0,58.0,,,58.0,MARKET LOWER,
2026-04-20,Los Angeles,200,Mexico,Fine Appearance,62.0,65.0,,,65.0,MARKET LOWER,
2026-04-20,Los Angeles,230,Mexico,Fine Appearance,62.0,65.0,,,65.0,MARKET LOWER,
2026-04-20,Los Angeles,230,Mexico,BASE,50.0,,,,,MARKET LOWER,
2026-04-20,Los Angeles,250,Mexico,Fine Appearance,,,,,,MARKET LOWER,insufficient to quote
2026-04-20,Los Angeles,250,Mexico,BASE,40.0,,,,,MARKET LOWER,
2026-04-21,Los Angeles,150,Mexico,BASE,60.0,63.0,,,63.0,MARKET LOWER,
2026-04-21,Los Angeles,150,Mexico,Fine Appearance,80.0,,,,,MARKET LOWER,
2026-04-21,Los Angeles,175,Mexico,Fine Appearance,80.0,,,,,MARKET LOWER,
2026-04-21,Los Angeles,175,Mexico,BASE,55.0,60.0,58.0,60.0,60.0,MARKET LOWER,
2026-04-21,Los Angeles,200,Mexico,BASE,55.0,58.0,,,58.0,MARKET LOWER,
2026-04-21,Los Angeles,200,Mexico,Fine Appearance,62.0,65.0,,,65.0,MARKET LOWER,
2026-04-21,Los Angeles,200,Mexico,Fair Quality,48.0,50.0,,,50.0,MARKET LOWER,
2026-04-21,Los Angeles,230,Mexico,BASE,50.0,,,,,MARKET LOWER,
2026-04-21,Los Angeles,230,Mexico,Fine Appearance,62.0,65.0,,,65.0,MARKET LOWER,
2026-04-21,Los Angeles,250,Mexico,Fine Appearance,,,,,,MARKET LOWER,insufficient to quote
2026-04-21,Los Angeles,250,Mexico,BASE,40.0,,,,,MARKET LOWER,
2026-04-22,Los Angeles,150,Mexico,Fine Appearance,80.0,,,,,MARKET LOWER,
2026-04-22,Los Angeles,150,Mexico,BASE,60.0,63.0,,,63.0,MARKET LOWER,
2026-04-22,Los Angeles,175,Mexico,BASE,55.0,60.0,58.0,60.0,60.0,MARKET LOWER,
2026-04-22,Los Angeles,175,Mexico,Fine Appearance,80.0,,,,,MARKET LOWER,
2026-04-22,Los Angeles,200,Mexico,Fair Quality,48.0,50.0,,,50.0,MARKET LOWER,
2026-04-22,Los Angeles,200,Mexico,BASE,55.0,58.0,,,58.0,MARKET LOWER,
2026-04-22,Los Angeles,200,Mexico,Fine Appearance,62.0,65.0,,,65.0,MARKET LOWER,
2026-04-22,Los Angeles,230,Mexico,BASE,46.0,48.0,,,48.0,MARKET LOWER,
2026-04-22,Los Angeles,230,Mexico,Fine Appearance,62.0,65.0,,,65.0,MARKET LOWER,
2026-04-22,Los Angeles,250,Mexico,BASE,40.0,,,,,MARKET LOWER,
2026-04-22,Los Angeles,250,Mexico,Fine Appearance,,,,,,MARKET LOWER,insufficient to quote
2026-04-23,Los Angeles,150,Mexico,BASE,60.0,63.0,,,63.0,MARKET LOWER,
2026-04-23,Los Angeles,150,Mexico,Fine Appearance,80.0,,,,,MARKET LOWER,
2026-04-23,Los Angeles,175,Mexico,BASE,55.0,60.0,58.0,60.0,60.0,MARKET LOWER,
2026-04-23,Los Angeles,175,Mexico,Fine Appearance,80.0,,,,,MARKET LOWER,
2026-04-23,Los Angeles,200,Mexico,Fine Appearance,62.0,65.0,,,65.0,MARKET LOWER,
2026-04-23,Los Angeles,200,Mexico,BASE,55.0,58.0,,,58.0,MARKET LOWER,
2026-04-23,Los Angeles,200,Mexico,Fair Quality,48.0,50.0,,,50.0,MARKET LOWER,
2026-04-23,Los Angeles,230,Mexico,Fine Appearance,62.0,65.0,,,65.0,MARKET LOWER,
2026-04-23,Los Angeles,230,Mexico,BASE,46.0,48.0,,,48.0,MARKET LOWER,
2026-04-23,Los Angeles,250,Mexico,Fine Appearance,,,,,,MARKET LOWER,insufficient to quote
2026-04-23,Los Angeles,250,Mexico,BASE,40.0,,,,,MARKET LOWER,
2026-04-24,Los Angeles,150,Mexico,BASE,60.0,63.0,,,63.0,MARKET ABOUT STEADY,
2026-04-24,Los Angeles,150,Mexico,Fine Appearance,80.0,,,,,MARKET ABOUT STEADY,
2026-04-24,Los Angeles,175,Mexico,Fine Appearance,80.0,,,,,MARKET ABOUT STEADY,
2026-04-24,Los Angeles,175,Mexico,BASE,55.0,,,,,MARKET ABOUT STEADY,
2026-04-24,Los Angeles,200,Mexico,Fine Appearance,62.0,65.0,,,65.0,MARKET ABOUT STEADY,
2026-04-24,Los Angeles,200,Mexico,Fair Quality,48.0,50.0,,,50.0,MARKET ABOUT STEADY,
2026-04-24,Los Angeles,200,Mexico,BASE,55.0,58.0,,,58.0,MARKET ABOUT STEADY,
2026-04-24,Los Angeles,230,Mexico,Fine Appearance,62.0,65.0,,,65.0,MARKET ABOUT STEADY,
2026-04-24,Los Angeles,230,Mexico,BASE,46.0,48.0,,,48.0,MARKET ABOUT STEADY,
2026-04-24,Los Angeles,250,Mexico,BASE,35.0,40.0,,,40.0,MARKET ABOUT STEADY,
2026-04-27,Los Angeles,150,Mexico,Fine Appearance,80.0,,,,,MARKET STEADY,
2026-04-27,Los Angeles,150,Mexico,BASE,60.0,63.0,,,63.0,MARKET STEADY,
2026-04-27,Los Angeles,175,Mexico,BASE,55.0,,,,,MARKET STEADY,
2026-04-27,Los Angeles,175,Mexico,Fine Appearance,80.0,,,,,MARKET STEADY,
2026-04-27,Los Angeles,200,Mexico,Fine Appearance,62.0,65.0,,,65.0,MARKET STEADY,
2026-04-27,Los Angeles,200,Mexico,BASE,55.0,58.0,,,58.0,MARKET STEADY,
2026-04-27,Los Angeles,200,Mexico,Fair Quality,48.0,50.0,,,50.0,MARKET STEADY,
2026-04-27,Los Angeles,230,Mexico,BASE,46.0,48.0,,,48.0,MARKET STEADY,
2026-04-27,Los Angeles,230,Mexico,Fine Appearance,62.0,65.0,,,65.0,MARKET STEADY,
2026-04-27,Los Angeles,250,Mexico,BASE,35.0,40.0,,,40.0,MARKET STEADY,
2026-04-28,Los Angeles,150,Mexico,Fine Appearance,68.0,70.0,,,70.0,MARKET LOWER,
2026-04-28,Los Angeles,150,Mexico,BASE,50.0,55.0,,,55.0,MARKET LOWER,
2026-04-28,Los Angeles,175,Mexico,BASE,50.0,55.0,,,55.0,MARKET LOWER,
2026-04-28,Los Angeles,175,Mexico,Fine Appearance,68.0,70.0,,,70.0,MARKET LOWER,
2026-04-28,Los Angeles,200,Mexico,BASE,45.0,50.0,,,50.0,MARKET LOWER,
2026-04-28,Los Angeles,200,Mexico,Fine Appearance,62.0,65.0,,,65.0,MARKET LOWER,
2026-04-28,Los Angeles,200,Mexico,Fair Quality,35.0,45.0,,,45.0,MARKET LOWER,
2026-04-28,Los Angeles,230,Mexico,Fine Appearance,50.0,,,,,MARKET LOWER,
2026-04-28,Los Angeles,230,Mexico,BASE,45.0,,,,,MARKET LOWER,
2026-04-28,Los Angeles,250,Mexico,BASE,,,,,,MARKET LOWER,insufficient to quote
2026-04-29,Los Angeles,150,Mexico,Fine Appearance,68.0,70.0,,,70.0,MARKET STEADY,
2026-04-29,Los Angeles,150,Mexico,BASE,50.0,55.0,,,55.0,MARKET STEADY,
2026-04-29,Los Angeles,175,Mexico,Fine Appearance,68.0,70.0,,,70.0,MARKET STEADY,
2026-04-29,Los Angeles,175,Mexico,BASE,50.0,55.0,,,55.0,MARKET STEADY,
2026-04-29,Los Angeles,200,Mexico,Fine Appearance,62.0,65.0,,,65.0,MARKET STEADY,
2026-04-29,Los Angeles,200,Mexico,Fair Quality,35.0,45.0,,,45.0,MARKET STEADY,
2026-04-29,Los Angeles,200,Mexico,BASE,45.0,50.0,,,50.0,MARKET STEADY,
2026-04-29,Los Angeles,230,Mexico,Fine Appearance,50.0,,,,,MARKET STEADY,
2026-04-29,Los Angeles,230,Mexico,BASE,45.0,,,,,MARKET STEADY,
2026-04-29,Los Angeles,250,Mexico,BASE,,,,,,MARKET STEADY,insufficient to quote
2026-04-30,Los Angeles,150,Mexico,BASE,50.0,55.0,,,55.0,MARKET STEADY,
2026-04-30,Los Angeles,150,Mexico,Fine Appearance,68.0,70.0,,,70.0,MARKET STEADY,
2026-04-30,Los Angeles,175,Mexico,Fine Appearance,68.0,70.0,,,70.0,MARKET STEADY,
2026-04-30,Los Angeles,175,Mexico,BASE,50.0,55.0,,,55.0,MARKET STEADY,
2026-04-30,Los Angeles,200,Mexico,Fair Quality,35.0,38.0,,,38.0,MARKET STEADY,
2026-04-30,Los Angeles,200,Mexico,BASE,45.0,50.0,,,50.0,MARKET STEADY,
2026-04-30,Los Angeles,200,Mexico,Fine Appearance,62.0,65.0,,,65.0,MARKET STEADY,
2026-04-30,Los Angeles,230,Mexico,BASE,45.0,,,,,MARKET STEADY,
2026-04-30,Los Angeles,230,Mexico,Fine Appearance,50.0,,,,,MARKET STEADY,
2026-04-30,Los Angeles,250,Mexico,BASE,,,,,,MARKET STEADY,insufficient to quote
2026-05-01,Los Angeles,150,Mexico,BASE,50.0,55.0,,,55.0,MARKET LOWER,
2026-05-01,Los Angeles,150,Mexico,Fine Appearance,58.0,60.0,,,60.0,MARKET LOWER,
2026-05-01,Los Angeles,175,Mexico,BASE,45.0,50.0,,,50.0,MARKET LOWER,
2026-05-01,Los Angeles,175,Mexico,Fine Appearance,58.0,60.0,,,60.0,MARKET LOWER,
2026-05-01,Los Angeles,200,Mexico,Fine Appearance,58.0,60.0,,,60.0,MARKET LOWER,
2026-05-01,Los Angeles,200,Mexico,Fair Quality,36.0,38.0,,,38.0,MARKET LOWER,
2026-05-01,Los Angeles,200,Mexico,BASE,40.0,45.0,,,45.0,MARKET LOWER,
2026-05-01,Los Angeles,230,Mexico,BASE,32.0,35.0,,,35.0,MARKET LOWER,
2026-05-01,Los Angeles,230,Mexico,Fine Appearance,40.0,45.0,,,45.0,MARKET LOWER,
2026-05-01,Los Angeles,250,Mexico,BASE,38.0,40.0,,,40.0,MARKET LOWER,
2026-05-04,Los Angeles,150,Mexico,BASE,50.0,55.0,,,55.0,MARKET STEADY,
2026-05-04,Los Angeles,150,Mexico,Fine Appearance,58.0,60.0,,,60.0,MARKET STEADY,
2026-05-04,Los Angeles,175,Mexico,Fine Appearance,58.0,60.0,,,60.0,MARKET STEADY,
2026-05-04,Los Angeles,175,Mexico,BASE,45.0,50.0,,,50.0,MARKET STEADY,
2026-05-04,Los Angeles,200,Mexico,BASE,40.0,45.0,,,45.0,MARKET STEADY,
2026-05-04,Los Angeles,200,Mexico,Fine Appearance,58.0,60.0,,,60.0,MARKET STEADY,
2026-05-04,Los Angeles,200,Mexico,Fair Quality,36.0,38.0,,,38.0,MARKET STEADY,
2026-05-04,Los Angeles,230,Mexico,Fine Appearance,40.0,45.0,,,45.0,MARKET STEADY,
2026-05-04,Los Angeles,230,Mexico,BASE,32.0,35.0,,,35.0,MARKET STEADY,
2026-05-04,Los Angeles,250,Mexico,BASE,38.0,40.0,,,40.0,MARKET STEADY,
2026-05-05,Los Angeles,150,Mexico,BASE,50.0,55.0,,,55.0,MARKET STEADY,
2026-05-05,Los Angeles,150,Mexico,Fine Appearance,58.0,60.0,,,60.0,MARKET STEADY,
2026-05-05,Los Angeles,175,Mexico,BASE,45.0,50.0,,,50.0,MARKET STEADY,
2026-05-05,Los Angeles,175,Mexico,Fine Appearance,58.0,60.0,,,60.0,MARKET STEADY,
2026-05-05,Los Angeles,200,Mexico,Fine Appearance,58.0,60.0,,,60.0,MARKET STEADY,
2026-05-05,Los Angeles,200,Mexico,Fair Quality,36.0,38.0,,,38.0,MARKET STEADY,
2026-05-05,Los Angeles,200,Mexico,BASE,40.0,45.0,,,45.0,MARKET STEADY,
2026-05-05,Los Angeles,230,Mexico,BASE,38.0,40.0,,,40.0,MARKET STEADY,
2026-05-05,Los Angeles,230,Mexico,Fine Appearance,40.0,45.0,,,45.0,MARKET STEADY,
2026-05-05,Los Angeles,250,Mexico,BASE,38.0,40.0,,,40.0,MARKET STEADY,
2026-05-07,Los Angeles,150,Mexico,Fine Appearance,58.0,60.0,,,60.0,,
2026-05-07,Los Angeles,150,Mexico,BASE,50.0,55.0,,,55.0,,
2026-05-07,Los Angeles,175,Mexico,BASE,45.0,50.0,,,50.0,,
2026-05-07,Los Angeles,175,Mexico,Fine Appearance,58.0,60.0,,,60.0,,
2026-05-07,Los Angeles,200,Mexico,Fine Appearance,58.0,60.0,,,60.0,,
2026-05-07,Los Angeles,200,Mexico,Fair Quality,36.0,38.0,,,38.0,,
2026-05-07,Los Angeles,200,Mexico,BASE,40.0,45.0,,,45.0,,
2026-05-07,Los Angeles,230,Mexico,BASE,38.0,40.0,,,40.0,,
2026-05-07,Los Angeles,230,Mexico,Fine Appearance,40.0,45.0,,,45.0,,
2026-05-07,Los Angeles,250,Mexico,BASE,38.0,40.0,,,40.0,,
2026-05-08,Los Angeles,150,Mexico,BASE,50.0,55.0,,,55.0,MARKET ABOUT STEADY,
2026-05-08,Los Angeles,150,Mexico,Fine Appearance,60.0,65.0,,,65.0,MARKET ABOUT STEADY,
2026-05-08,Los Angeles,175,Mexico,Fine Appearance,60.0,65.0,,,65.0,MARKET ABOUT STEADY,
2026-05-08,Los Angeles,175,Mexico,BASE,45.0,50.0,,,50.0,MARKET ABOUT STEADY,
2026-05-08,Los Angeles,200,Mexico,Fine Appearance,60.0,65.0,,,65.0,MARKET ABOUT STEADY,
2026-05-08,Los Angeles,200,Mexico,BASE,40.0,45.0,,,45.0,MARKET ABOUT STEADY,
2026-05-08,Los Angeles,200,Mexico,Fair Quality,36.0,38.0,,,38.0,MARKET ABOUT STEADY,
2026-05-08,Los Angeles,230,Mexico,BASE,32.0,35.0,,,35.0,MARKET ABOUT STEADY,
2026-05-08,Los Angeles,230,Mexico,Fine Appearance,40.0,45.0,,,45.0,MARKET ABOUT STEADY,
2026-05-08,Los Angeles,250,Mexico,BASE,38.0,40.0,,,40.0,MARKET ABOUT STEADY,
2026-05-11,Los Angeles,110,Mexico,Fine Appearance,60.0,65.0,,,65.0,MARKET ABOUT STEADY,
2026-05-11,Los Angeles,150,Mexico,BASE,50.0,55.0,,,55.0,MARKET ABOUT STEADY,
2026-05-11,Los Angeles,150,Mexico,Fine Appearance,60.0,65.0,,,65.0,MARKET ABOUT STEADY,
2026-05-11,Los Angeles,175,Mexico,Fine Appearance,60.0,65.0,,,65.0,MARKET ABOUT STEADY,
2026-05-11,Los Angeles,175,Mexico,BASE,50.0,55.0,,,55.0,MARKET ABOUT STEADY,
2026-05-11,Los Angeles,175,Mexico,Fair Quality,45.0,48.0,,,48.0,MARKET ABOUT STEADY,
2026-05-11,Los Angeles,200,Mexico,Fine Appearance,60.0,65.0,,,65.0,MARKET ABOUT STEADY,
2026-05-11,Los Angeles,200,Mexico,Fair Quality,40.0,45.0,,,45.0,MARKET ABOUT STEADY,
2026-05-11,Los Angeles,200,Mexico,BASE,50.0,55.0,,,55.0,MARKET ABOUT STEADY,
2026-05-11,Los Angeles,230,Mexico,Fine Appearance,50.0,55.0,,,55.0,MARKET ABOUT STEADY,
2026-05-11,Los Angeles,230,Mexico,BASE,32.0,35.0,,,35.0,MARKET ABOUT STEADY,
2026-05-11,Los Angeles,250,Mexico,Fair Quality,32.0,35.0,,,35.0,MARKET ABOUT STEADY,
2026-05-11,Los Angeles,250,Mexico,BASE,38.0,40.0,,,40.0,MARKET ABOUT STEADY,
2026-05-13,Los Angeles,110,Mexico,Fine Appearance,60.0,65.0,,,65.0,,
2026-05-13,Los Angeles,150,Mexico,Fine Appearance,60.0,65.0,,,65.0,,
2026-05-13,Los Angeles,150,Mexico,BASE,50.0,55.0,,,55.0,,
2026-05-13,Los Angeles,175,Mexico,Fine Appearance,60.0,65.0,,,65.0,,
2026-05-13,Los Angeles,175,Mexico,Fair Quality,45.0,48.0,,,48.0,,
2026-05-13,Los Angeles,175,Mexico,BASE,50.0,55.0,,,55.0,,
2026-05-13,Los Angeles,200,Mexico,Fine Appearance,60.0,65.0,,,65.0,,
2026-05-13,Los Angeles,200,Mexico,Fair Quality,40.0,45.0,,,45.0,,
2026-05-13,Los Angeles,200,Mexico,BASE,50.0,55.0,,,55.0,,
2026-05-13,Los Angeles,230,Mexico,BASE,40.0,45.0,,,45.0,,
2026-05-13,Los Angeles,230,Mexico,Fine Appearance,50.0,55.0,,,55.0,,
2026-05-13,Los Angeles,250,Mexico,BASE,38.0,40.0,,,40.0,,
2026-05-13,Los Angeles,250,Mexico,Fair Quality,32.0,35.0,,,35.0,,
2026-05-14,Los Angeles,110,Mexico,Fine Appearance,60.0,65.0,,,65.0,MARKET STEADY,
2026-05-14,Los Angeles,150,Mexico,Fine Appearance,60.0,65.0,,,65.0,MARKET STEADY,
2026-05-14,Los Angeles,150,Mexico,BASE,50.0,55.0,,,55.0,MARKET STEADY,
2026-05-14,Los Angeles,175,Mexico,Fair Quality,45.0,48.0,,,48.0,MARKET STEADY,
2026-05-14,Los Angeles,175,Mexico,Fine Appearance,60.0,65.0,,,65.0,MARKET STEADY,
2026-05-14,Los Angeles,175,Mexico,BASE,50.0,55.0,,,55.0,MARKET STEADY,
2026-05-14,Los Angeles,200,Mexico,BASE,50.0,55.0,,,55.0,MARKET STEADY,
2026-05-14,Los Angeles,200,Mexico,Fair Quality,40.0,45.0,,,45.0,MARKET STEADY,
2026-05-14,Los Angeles,200,Mexico,Fine Appearance,60.0,65.0,,,65.0,MARKET STEADY,
2026-05-14,Los Angeles,230,Mexico,BASE,40.0,45.0,,,45.0,MARKET STEADY,
2026-05-14,Los Angeles,230,Mexico,Fine Appearance,50.0,55.0,,,55.0,MARKET STEADY,
2026-05-14,Los Angeles,250,Mexico,Fair Quality,32.0,35.0,,,35.0,MARKET STEADY,
2026-05-14,Los Angeles,250,Mexico,BASE,38.0,40.0,,,40.0,MARKET STEADY,
2026-05-15,Los Angeles,110,Mexico,Fine Appearance,60.0,65.0,,,65.0,MARKET STEADY,
2026-05-15,Los Angeles,150,Mexico,BASE,50.0,55.0,,,55.0,MARKET STEADY,
2026-05-15,Los Angeles,150,Mexico,Fine Appearance,60.0,65.0,,,65.0,MARKET STEADY,
2026-05-15,Los Angeles,175,Mexico,Fine Appearance,60.0,65.0,,,65.0,MARKET STEADY,
2026-05-15,Los Angeles,175,Mexico,Fair Quality,45.0,48.0,,,48.0,MARKET STEADY,
2026-05-15,Los Angeles,175,Mexico,BASE,50.0,55.0,,,55.0,MARKET STEADY,
2026-05-15,Los Angeles,200,Mexico,Fine Appearance,60.0,65.0,,,65.0,MARKET STEADY,
2026-05-15,Los Angeles,200,Mexico,BASE,50.0,55.0,,,55.0,MARKET STEADY,
2026-05-15,Los Angeles,200,Mexico,Fair Quality,40.0,45.0,,,45.0,MARKET STEADY,
2026-05-15,Los Angeles,230,Mexico,BASE,32.0,35.0,,,35.0,MARKET STEADY,
2026-05-15,Los Angeles,230,Mexico,Fine Appearance,50.0,55.0,,,55.0,MARKET STEADY,
2026-05-15,Los Angeles,250,Mexico,Fair Quality,32.0,35.0,,,35.0,MARKET STEADY,
2026-05-15,Los Angeles,250,Mexico,BASE,38.0,40.0,,,40.0,MARKET STEADY,
2026-05-18,Los Angeles,110,Mexico,Fine Appearance,60.0,65.0,,,65.0,MARKET ABOUT STEADY,
2026-05-18,Los Angeles,150,Mexico,Fine Appearance,60.0,65.0,,,65.0,MARKET ABOUT STEADY,
2026-05-18,Los Angeles,150,Mexico,BASE,50.0,55.0,,,55.0,MARKET ABOUT STEADY,
2026-05-18,Los Angeles,175,Mexico,BASE,50.0,55.0,,,55.0,MARKET ABOUT STEADY,
2026-05-18,Los Angeles,175,Mexico,Fine Appearance,60.0,65.0,,,65.0,MARKET ABOUT STEADY,
2026-05-18,Los Angeles,175,Mexico,Fair Quality,48.0,50.0,,,50.0,MARKET ABOUT STEADY,
2026-05-18,Los Angeles,200,Mexico,BASE,50.0,55.0,,,55.0,MARKET ABOUT STEADY,
2026-05-18,Los Angeles,200,Mexico,Fine Appearance,60.0,62.0,,,62.0,MARKET ABOUT STEADY,
2026-05-18,Los Angeles,200,Mexico,Fair Quality,40.0,45.0,,,45.0,MARKET ABOUT STEADY,
2026-05-18,Los Angeles,230,Mexico,Fine Appearance,45.0,50.0,,,50.0,MARKET ABOUT STEADY,
2026-05-18,Los Angeles,230,Mexico,BASE,40.0,43.0,,,43.0,MARKET ABOUT STEADY,
2026-05-18,Los Angeles,250,Mexico,Fair Quality,32.0,35.0,,,35.0,MARKET ABOUT STEADY,
2026-05-18,Los Angeles,250,Mexico,BASE,38.0,40.0,,,40.0,MARKET ABOUT STEADY,
2026-05-18,Los Angeles,250,Mexico,Fine Appearance,44.0,46.0,,,46.0,MARKET ABOUT STEADY,
2026-05-19,Los Angeles,110,Mexico,Fine Appearance,60.0,65.0,,,65.0,MARKET STEADY,
2026-05-19,Los Angeles,150,Mexico,Fine Appearance,60.0,65.0,,,65.0,MARKET STEADY,
2026-05-19,Los Angeles,150,Mexico,BASE,50.0,55.0,,,55.0,MARKET STEADY,
2026-05-19,Los Angeles,175,Mexico,Fine Appearance,60.0,65.0,,,65.0,MARKET STEADY,
2026-05-19,Los Angeles,175,Mexico,BASE,50.0,55.0,,,55.0,MARKET STEADY,
2026-05-19,Los Angeles,175,Mexico,Fair Quality,48.0,50.0,,,50.0,MARKET STEADY,
2026-05-19,Los Angeles,200,Mexico,Fair Quality,40.0,45.0,,,45.0,MARKET STEADY,
2026-05-19,Los Angeles,200,Mexico,BASE,50.0,55.0,,,55.0,MARKET STEADY,
2026-05-19,Los Angeles,200,Mexico,Fine Appearance,60.0,62.0,,,62.0,MARKET STEADY,
2026-05-19,Los Angeles,230,Mexico,Fine Appearance,45.0,50.0,,,50.0,MARKET STEADY,
2026-05-19,Los Angeles,230,Mexico,BASE,32.0,35.0,,,35.0,MARKET STEADY,
2026-05-19,Los Angeles,250,Mexico,Fair Quality,32.0,35.0,,,35.0,MARKET STEADY,
2026-05-19,Los Angeles,250,Mexico,BASE,38.0,40.0,,,40.0,MARKET STEADY,
2026-05-19,Los Angeles,250,Mexico,Fine Appearance,44.0,46.0,,,46.0,MARKET STEADY,
2026-05-20,Los Angeles,110,Mexico,Fine Appearance,60.0,65.0,,,65.0,MARKET STEADY,
2026-05-20,Los Angeles,150,Mexico,BASE,50.0,55.0,,,55.0,MARKET STEADY,
2026-05-20,Los Angeles,150,Mexico,Fine Appearance,60.0,65.0,,,65.0,MARKET STEADY,
2026-05-20,Los Angeles,175,Mexico,Fair Quality,48.0,50.0,,,50.0,MARKET STEADY,
2026-05-20,Los Angeles,175,Mexico,BASE,50.0,55.0,,,55.0,MARKET STEADY,
2026-05-20,Los Angeles,175,Mexico,Fine Appearance,60.0,65.0,,,65.0,MARKET STEADY,
2026-05-20,Los Angeles,200,Mexico,Fine Appearance,60.0,62.0,,,62.0,MARKET STEADY,
2026-05-20,Los Angeles,200,Mexico,BASE,50.0,55.0,,,55.0,MARKET STEADY,
2026-05-20,Los Angeles,200,Mexico,Fair Quality,40.0,45.0,,,45.0,MARKET STEADY,
2026-05-20,Los Angeles,230,Mexico,BASE,32.0,35.0,,,35.0,MARKET STEADY,
2026-05-20,Los Angeles,230,Mexico,Fine Appearance,45.0,50.0,,,50.0,MARKET STEADY,
2026-05-20,Los Angeles,250,Mexico,Fine Appearance,44.0,46.0,,,46.0,MARKET STEADY,
2026-05-20,Los Angeles,250,Mexico,Fair Quality,32.0,35.0,,,35.0,MARKET STEADY,
2026-05-20,Los Angeles,250,Mexico,BASE,38.0,40.0,,,40.0,MARKET STEADY,
2026-05-21,Los Angeles,110,Mexico,Fine Appearance,60.0,65.0,,,65.0,MARKET STEADY,
2026-05-21,Los Angeles,150,Mexico,BASE,50.0,55.0,,,55.0,MARKET STEADY,
2026-05-21,Los Angeles,150,Mexico,Fine Appearance,60.0,65.0,,,65.0,MARKET STEADY,
2026-05-21,Los Angeles,175,Mexico,BASE,50.0,55.0,,,55.0,MARKET STEADY,
2026-05-21,Los Angeles,175,Mexico,Fair Quality,48.0,50.0,,,50.0,MARKET STEADY,
2026-05-21,Los Angeles,175,Mexico,Fine Appearance,60.0,65.0,,,65.0,MARKET STEADY,
2026-05-21,Los Angeles,200,Mexico,Fair Quality,40.0,45.0,,,45.0,MARKET STEADY,
2026-05-21,Los Angeles,200,Mexico,BASE,50.0,55.0,,,55.0,MARKET STEADY,
2026-05-21,Los Angeles,200,Mexico,Fine Appearance,60.0,62.0,,,62.0,MARKET STEADY,
2026-05-21,Los Angeles,230,Mexico,Fine Appearance,45.0,50.0,,,50.0,MARKET STEADY,
2026-05-21,Los Angeles,230,Mexico,BASE,40.0,43.0,,,43.0,MARKET STEADY,
2026-05-21,Los Angeles,250,Mexico,BASE,38.0,40.0,,,40.0,MARKET STEADY,
2026-05-21,Los Angeles,250,Mexico,Fair Quality,32.0,35.0,,,35.0,MARKET STEADY,
2026-05-21,Los Angeles,250,Mexico,Fine Appearance,44.0,46.0,,,46.0,MARKET STEADY,
2026-05-22,Los Angeles,110,Mexico,Fine Appearance,,,,,,MARKET ABOUT STEADY,insufficient to quote
2026-05-22,Los Angeles,150,Mexico,BASE,50.0,55.0,,,55.0,MARKET ABOUT STEADY,
2026-05-22,Los Angeles,150,Mexico,Fine Appearance,60.0,62.0,,,62.0,MARKET ABOUT STEADY,
2026-05-22,Los Angeles,175,Mexico,Fine Appearance,60.0,,,,,MARKET ABOUT STEADY,
2026-05-22,Los Angeles,175,Mexico,Fair Quality,46.0,48.0,,,48.0,MARKET ABOUT STEADY,
2026-05-22,Los Angeles,175,Mexico,BASE,50.0,55.0,,,55.0,MARKET ABOUT STEADY,
2026-05-22,Los Angeles,200,Mexico,Fair Quality,40.0,45.0,,,45.0,MARKET ABOUT STEADY,
2026-05-22,Los Angeles,200,Mexico,Fine Appearance,60.0,62.0,,,62.0,MARKET ABOUT STEADY,
2026-05-22,Los Angeles,200,Mexico,BASE,50.0,55.0,,,55.0,MARKET ABOUT STEADY,
2026-05-22,Los Angeles,230,Mexico,Fine Appearance,,,,,,MARKET ABOUT STEADY,insufficient to quote
2026-05-22,Los Angeles,230,Mexico,BASE,32.0,35.0,,,35.0,MARKET ABOUT STEADY,
2026-05-22,Los Angeles,250,Mexico,Fair Quality,30.0,32.0,,,32.0,MARKET ABOUT STEADY,
2026-05-22,Los Angeles,250,Mexico,BASE,30.0,33.0,,,33.0,MARKET ABOUT STEADY,
2026-05-22,Los Angeles,250,Mexico,Fine Appearance,,,,,,MARKET ABOUT STEADY,insufficient to quote
2026-05-26,Los Angeles,150,Mexico,BASE,35.0,38.0,,,38.0,MARKET ABOUT STEADY,
2026-05-26,Los Angeles,150,Mexico,Fine Appearance,45.0,48.0,,,48.0,MARKET ABOUT STEADY,
2026-05-26,Los Angeles,175,Mexico,BASE,54.0,56.0,,,56.0,MARKET ABOUT STEADY,
2026-05-26,Los Angeles,175,Mexico,Fair Quality,40.0,44.0,40.0,42.0,42.0,MARKET ABOUT STEADY,
2026-05-26,Los Angeles,175,Mexico,Fine Appearance,58.0,60.0,,,60.0,MARKET ABOUT STEADY,
2026-05-26,Los Angeles,200,Mexico,Fair Quality,40.0,45.0,,,45.0,MARKET ABOUT STEADY,
2026-05-26,Los Angeles,200,Mexico,Fine Appearance,58.0,60.0,,,60.0,MARKET ABOUT STEADY,
2026-05-26,Los Angeles,200,Mexico,BASE,50.0,55.0,,,55.0,MARKET ABOUT STEADY,
2026-05-26,Los Angeles,230,Mexico,Fine Appearance,45.0,,,,,MARKET ABOUT STEADY,
2026-05-26,Los Angeles,230,Mexico,BASE,32.0,35.0,,,35.0,MARKET ABOUT STEADY,
2026-05-26,Los Angeles,250,Mexico,Fair Quality,30.0,32.0,,,32.0,MARKET ABOUT STEADY,
2026-05-26,Los Angeles,250,Mexico,Fine Appearance,,,,,,MARKET ABOUT STEADY,insufficient to quote
2026-05-26,Los Angeles,250,Mexico,BASE,30.0,33.0,,,33.0,MARKET ABOUT STEADY,
2026-05-27,Los Angeles,150,Mexico,Fine Appearance,45.0,48.0,,,48.0,MARKET STEADY,
2026-05-27,Los Angeles,150,Mexico,BASE,35.0,38.0,,,38.0,MARKET STEADY,
2026-05-27,Los Angeles,175,Mexico,Fair Quality,40.0,44.0,40.0,42.0,42.0,MARKET STEADY,
2026-05-27,Los Angeles,175,Mexico,Fine Appearance,58.0,60.0,,,60.0,MARKET STEADY,
2026-05-27,Los Angeles,175,Mexico,BASE,54.0,56.0,,,56.0,MARKET STEADY,
2026-05-27,Los Angeles,200,Mexico,Fine Appearance,58.0,60.0,,,60.0,MARKET STEADY,
2026-05-27,Los Angeles,200,Mexico,Fair Quality,40.0,45.0,,,45.0,MARKET STEADY,
2026-05-27,Los Angeles,200,Mexico,BASE,50.0,55.0,,,55.0,MARKET STEADY,
2026-05-27,Los Angeles,230,Mexico,Fine Appearance,45.0,,,,,MARKET STEADY,
2026-05-27,Los Angeles,230,Mexico,BASE,32.0,35.0,,,35.0,MARKET STEADY,
2026-05-27,Los Angeles,250,Mexico,Fine Appearance,,,,,,MARKET STEADY,insufficient to quote
2026-05-27,Los Angeles,250,Mexico,Fair Quality,30.0,32.0,,,32.0,MARKET STEADY,
2026-05-27,Los Angeles,250,Mexico,BASE,30.0,33.0,,,33.0,MARKET STEADY,
2026-05-28,Los Angeles,150,Mexico,Fine Appearance,45.0,48.0,,,48.0,MARKET STEADY,
2026-05-28,Los Angeles,150,Mexico,BASE,35.0,38.0,,,38.0,MARKET STEADY,
2026-05-28,Los Angeles,175,Mexico,Fair Quality,40.0,44.0,40.0,42.0,42.0,MARKET STEADY,
2026-05-28,Los Angeles,175,Mexico,BASE,54.0,56.0,,,56.0,MARKET STEADY,
2026-05-28,Los Angeles,175,Mexico,Fine Appearance,58.0,60.0,,,60.0,MARKET STEADY,
2026-05-28,Los Angeles,200,Mexico,Fine Appearance,58.0,60.0,,,60.0,MARKET STEADY,
2026-05-28,Los Angeles,200,Mexico,BASE,50.0,55.0,,,55.0,MARKET STEADY,
2026-05-28,Los Angeles,200,Mexico,Fair Quality,40.0,45.0,,,45.0,MARKET STEADY,
2026-05-28,Los Angeles,230,Mexico,Fine Appearance,45.0,,,,,MARKET STEADY,
2026-05-28,Los Angeles,230,Mexico,BASE,32.0,35.0,,,35.0,MARKET STEADY,
2026-05-28,Los Angeles,250,Mexico,Fair Quality,30.0,32.0,,,32.0,MARKET STEADY,
2026-05-28,Los Angeles,250,Mexico,BASE,30.0,33.0,,,33.0,MARKET STEADY,
2026-05-29,Los Angeles,150,Mexico,Fine Appearance,45.0,48.0,,,48.0,MARKET ABOUT STEADY,
2026-05-29,Los Angeles,150,Mexico,BASE,35.0,38.0,,,38.0,MARKET ABOUT STEADY,
2026-05-29,Los Angeles,175,Mexico,Fine Appearance,55.0,58.0,,,58.0,MARKET ABOUT STEADY,
2026-05-29,Los Angeles,175,Mexico,BASE,50.0,,,,,MARKET ABOUT STEADY,
2026-05-29,Los Angeles,175,Mexico,Fair Quality,38.0,40.0,,,40.0,MARKET ABOUT STEADY,
2026-05-29,Los Angeles,200,Mexico,Fine Appearance,55.0,58.0,,,58.0,MARKET ABOUT STEADY,
2026-05-29,Los Angeles,200,Mexico,BASE,45.0,,,,,MARKET ABOUT STEADY,
2026-05-29,Los Angeles,200,Mexico,Fair Quality,38.0,40.0,,,40.0,MARKET ABOUT STEADY,
2026-05-29,Los Angeles,230,Mexico,BASE,38.0,40.0,,,40.0,MARKET ABOUT STEADY,
2026-05-29,Los Angeles,230,Mexico,Fine Appearance,45.0,,,,,MARKET ABOUT STEADY,
2026-05-29,Los Angeles,250,Mexico,BASE,30.0,33.0,,,33.0,MARKET ABOUT STEADY,
2026-05-29,Los Angeles,250,Mexico,Fair Quality,30.0,32.0,,,32.0,MARKET ABOUT STEADY,
2026-06-01,Los Angeles,150,Mexico,Fine Appearance,45.0,48.0,,,48.0,MARKET STEADY,
2026-06-01,Los Angeles,150,Mexico,BASE,35.0,38.0,,,38.0,MARKET STEADY,
2026-06-01,Los Angeles,175,Mexico,Fair Quality,38.0,40.0,,,40.0,MARKET STEADY,
2026-06-01,Los Angeles,175,Mexico,BASE,50.0,,,,,MARKET STEADY,
2026-06-01,Los Angeles,175,Mexico,Fine Appearance,55.0,58.0,,,58.0,MARKET STEADY,
2026-06-01,Los Angeles,200,Mexico,Fine Appearance,55.0,58.0,,,58.0,MARKET STEADY,
2026-06-01,Los Angeles,200,Mexico,BASE,45.0,,,,,MARKET STEADY,
2026-06-01,Los Angeles,200,Mexico,Fair Quality,38.0,40.0,,,40.0,MARKET STEADY,
2026-06-01,Los Angeles,230,Mexico,Fine Appearance,45.0,,,,,MARKET STEADY,
2026-06-01,Los Angeles,230,Mexico,BASE,32.0,35.0,,,35.0,MARKET STEADY,
2026-06-01,Los Angeles,250,Mexico,Fair Quality,30.0,32.0,,,32.0,MARKET STEADY,
2026-06-01,Los Angeles,250,Mexico,BASE,30.0,33.0,,,33.0,MARKET STEADY,
2026-06-02,Los Angeles,150,Mexico,Fine Appearance,45.0,48.0,,,48.0,MARKET STEADY,
2026-06-02,Los Angeles,150,Mexico,BASE,35.0,38.0,,,38.0,MARKET STEADY,
2026-06-02,Los Angeles,175,Mexico,Fine Appearance,55.0,58.0,,,58.0,MARKET STEADY,
2026-06-02,Los Angeles,175,Mexico,Fair Quality,38.0,40.0,,,40.0,MARKET STEADY,
2026-06-02,Los Angeles,175,Mexico,BASE,50.0,,,,,MARKET STEADY,
2026-06-02,Los Angeles,200,Mexico,Fair Quality,38.0,40.0,,,40.0,MARKET STEADY,
2026-06-02,Los Angeles,200,Mexico,BASE,45.0,,,,,MARKET STEADY,
2026-06-02,Los Angeles,200,Mexico,Fine Appearance,55.0,58.0,,,58.0,MARKET STEADY,
2026-06-02,Los Angeles,230,Mexico,BASE,32.0,35.0,,,35.0,MARKET STEADY,
2026-06-02,Los Angeles,230,Mexico,Fine Appearance,45.0,,,,,MARKET STEADY,
2026-06-02,Los Angeles,250,Mexico,Fair Quality,30.0,32.0,,,32.0,MARKET STEADY,
2026-06-02,Los Angeles,250,Mexico,BASE,30.0,33.0,,,33.0,MARKET STEADY,
2026-06-03,Los Angeles,150,Mexico,Fine Appearance,45.0,48.0,,,48.0,MARKET ABOUT STEADY,
2026-06-03,Los Angeles,150,Mexico,BASE,35.0,38.0,,,38.0,MARKET ABOUT STEADY,
2026-06-03,Los Angeles,175,Mexico,Fair Quality,38.0,40.0,,,40.0,MARKET ABOUT STEADY,
2026-06-03,Los Angeles,175,Mexico,Fine Appearance,54.0,56.0,,,56.0,MARKET ABOUT STEADY,
2026-06-03,Los Angeles,175,Mexico,BASE,50.0,,,,,MARKET ABOUT STEADY,
2026-06-03,Los Angeles,200,Mexico,BASE,45.0,,,,,MARKET ABOUT STEADY,
2026-06-03,Los Angeles,200,Mexico,Fine Appearance,54.0,56.0,,,56.0,MARKET ABOUT STEADY,
2026-06-03,Los Angeles,200,Mexico,Fair Quality,38.0,40.0,,,40.0,MARKET ABOUT STEADY,
2026-06-03,Los Angeles,230,Mexico,Fine Appearance,45.0,,,,,MARKET ABOUT STEADY,
2026-06-03,Los Angeles,230,Mexico,BASE,38.0,40.0,,,40.0,MARKET ABOUT STEADY,
2026-06-03,Los Angeles,250,Mexico,Fine Appearance,35.0,36.0,,,36.0,MARKET ABOUT STEADY,insufficient to quote
2026-06-03,Los Angeles,250,Mexico,BASE,30.0,33.0,,,33.0,MARKET ABOUT STEADY,
2026-06-03,Los Angeles,250,Mexico,Fair Quality,30.0,32.0,,,32.0,MARKET ABOUT STEADY,
2026-06-04,Los Angeles,150,Mexico,BASE,35.0,38.0,,,38.0,MARKET STEADY,
2026-06-04,Los Angeles,150,Mexico,Fine Appearance,45.0,48.0,,,48.0,MARKET STEADY,
2026-06-04,Los Angeles,175,Mexico,Fair Quality,38.0,40.0,,,40.0,MARKET STEADY,
2026-06-04,Los Angeles,175,Mexico,BASE,50.0,,,,,MARKET STEADY,
2026-06-04,Los Angeles,175,Mexico,Fine Appearance,54.0,56.0,,,56.0,MARKET STEADY,
2026-06-04,Los Angeles,200,Mexico,Fair Quality,38.0,40.0,,,40.0,MARKET STEADY,
2026-06-04,Los Angeles,200,Mexico,Fine Appearance,54.0,56.0,,,56.0,MARKET STEADY,
2026-06-04,Los Angeles,200,Mexico,BASE,45.0,,,,,MARKET STEADY,
2026-06-04,Los Angeles,230,Mexico,Fine Appearance,45.0,,,,,MARKET STEADY,
2026-06-04,Los Angeles,230,Mexico,BASE,32.0,35.0,,,35.0,MARKET STEADY,
2026-06-04,Los Angeles,250,Mexico,Fair Quality,30.0,32.0,,,32.0,MARKET STEADY,
2026-06-04,Los Angeles,250,Mexico,BASE,30.0,33.0,,,33.0,MARKET STEADY,
2026-06-04,Los Angeles,250,Mexico,Fine Appearance,35.0,36.0,,,36.0,MARKET STEADY,insufficient to quote
2026-06-05,Los Angeles,150,Mexico,Fine Appearance,45.0,48.0,,,48.0,MARKET ABOUT STEADY,
2026-06-05,Los Angeles,150,Mexico,BASE,35.0,38.0,,,38.0,MARKET ABOUT STEADY,
2026-06-05,Los Angeles,175,Mexico,BASE,40.0,42.0,,,42.0,MARKET ABOUT STEADY,
2026-06-05,Los Angeles,175,Mexico,Fair Quality,38.0,40.0,,,40.0,MARKET ABOUT STEADY,
2026-06-05,Los Angeles,175,Mexico,Fine Appearance,49.0,50.0,,,50.0,MARKET ABOUT STEADY,
2026-06-05,Los Angeles,200,Mexico,BASE,45.0,,,,,MARKET ABOUT STEADY,
2026-06-05,Los Angeles,200,Mexico,Fair Quality,38.0,40.0,,,40.0,MARKET ABOUT STEADY,
2026-06-05,Los Angeles,200,Mexico,Fine Appearance,49.0,50.0,,,50.0,MARKET ABOUT STEADY,
2026-06-05,Los Angeles,230,Mexico,Fine Appearance,40.0,43.0,,,43.0,MARKET ABOUT STEADY,
2026-06-05,Los Angeles,230,Mexico,BASE,37.0,,,,,MARKET ABOUT STEADY,
2026-06-05,Los Angeles,250,Mexico,BASE,30.0,33.0,,,33.0,MARKET ABOUT STEADY,
2026-06-05,Los Angeles,250,Mexico,Fair Quality,30.0,32.0,,,32.0,MARKET ABOUT STEADY,
2026-06-05,Los Angeles,250,Mexico,Fine Appearance,35.0,36.0,,,36.0,MARKET ABOUT STEADY,insufficient to quote
2026-06-08,Los Angeles,110,Mexico,Fine Appearance,38.0,,,,,MARKET LOWER,
2026-06-08,Los Angeles,150,Mexico,Fine Appearance,38.0,38.0,,,38.0,MARKET LOWER,
2026-06-08,Los Angeles,150,Mexico,BASE,,,,,,MARKET LOWER,insufficient to quote
2026-06-08,Los Angeles,175,Mexico,Fine Appearance,40.0,,,,,MARKET LOWER,
2026-06-08,Los Angeles,175,Mexico,BASE,30.0,32.0,,,32.0,MARKET LOWER,
2026-06-08,Los Angeles,200,Mexico,BASE,28.0,32.0,29.0,30.0,30.0,MARKET LOWER,
2026-06-08,Los Angeles,200,Mexico,Fine Appearance,35.0,,,,,MARKET LOWER,
2026-06-08,Los Angeles,230,Mexico,BASE,26.0,30.0,27.0,28.0,28.0,MARKET LOWER,
2026-06-08,Los Angeles,230,Mexico,Fine Appearance,32.0,,,,,MARKET LOWER,
2026-06-08,Los Angeles,250,Mexico,Fine Appearance,28.0,,,,,MARKET LOWER,
2026-06-08,Los Angeles,250,Mexico,BASE,,,,,,MARKET LOWER,insufficient to quote
2026-06-09,Los Angeles,110,Mexico,Fine Appearance,38.0,,,,,MARKET STEADY,
2026-06-09,Los Angeles,150,Mexico,Fine Appearance,38.0,38.0,,,38.0,MARKET STEADY,
2026-06-09,Los Angeles,150,Mexico,BASE,,,,,,MARKET STEADY,insufficient to quote
2026-06-09,Los Angeles,175,Mexico,Fine Appearance,40.0,,,,,MARKET STEADY,
2026-06-09,Los Angeles,175,Mexico,BASE,30.0,32.0,,,32.0,MARKET STEADY,
2026-06-09,Los Angeles,200,Mexico,BASE,28.0,32.0,29.0,30.0,30.0,MARKET STEADY,
2026-06-09,Los Angeles,200,Mexico,Fine Appearance,35.0,,,,,MARKET STEADY,
2026-06-09,Los Angeles,230,Mexico,BASE,26.0,30.0,27.0,28.0,28.0,MARKET STEADY,
2026-06-09,Los Angeles,230,Mexico,Fine Appearance,32.0,,,,,MARKET STEADY,
2026-06-09,Los Angeles,250,Mexico,BASE,,,,,,MARKET STEADY,insufficient to quote
2026-06-09,Los Angeles,250,Mexico,Fine Appearance,28.0,,,,,MARKET STEADY,
2026-06-10,Los Angeles,110,Mexico,Fine Appearance,38.0,,,,,MARKET STEADY,
2026-06-10,Los Angeles,150,Mexico,Fine Appearance,38.0,38.0,,,38.0,MARKET STEADY,
2026-06-10,Los Angeles,150,Mexico,BASE,,,,,,MARKET STEADY,insufficient to quote
2026-06-10,Los Angeles,175,Mexico,Fine Appearance,40.0,,,,,MARKET STEADY,
2026-06-10,Los Angeles,175,Mexico,BASE,30.0,32.0,,,32.0,MARKET STEADY,
2026-06-10,Los Angeles,200,Mexico,BASE,28.0,32.0,29.0,30.0,30.0,MARKET STEADY,
2026-06-10,Los Angeles,200,Mexico,Fine Appearance,35.0,,,,,MARKET STEADY,
2026-06-10,Los Angeles,230,Mexico,BASE,26.0,30.0,27.0,28.0,28.0,MARKET STEADY,
2026-06-10,Los Angeles,230,Mexico,Fine Appearance,32.0,,,,,MARKET STEADY,
2026-06-10,Los Angeles,250,Mexico,Fine Appearance,28.0,,,,,MARKET STEADY,
2026-06-10,Los Angeles,250,Mexico,BASE,,,,,,MARKET STEADY,insufficient to quote
2026-06-11,Los Angeles,110,Mexico,BASE,28.0,32.0,29.0,30.0,30.0,MARKET ABOUT STEADY,
2026-06-11,Los Angeles,110,Mexico,Fine Appearance,38.0,,,,,MARKET ABOUT STEADY,
2026-06-11,Los Angeles,150,Mexico,Fine Appearance,38.0,38.0,,,38.0,MARKET ABOUT STEADY,
2026-06-11,Los Angeles,150,Mexico,BASE,28.0,32.0,29.0,30.0,30.0,MARKET ABOUT STEADY,
2026-06-11,Los Angeles,175,Mexico,Fine Appearance,40.0,,,,,MARKET ABOUT STEADY,
2026-06-11,Los Angeles,175,Mexico,BASE,30.0,32.0,,,32.0,MARKET ABOUT STEADY,occasional higher/lower
2026-06-11,Los Angeles,200,Mexico,Fine Appearance,35.0,,,,,MARKET ABOUT STEADY,
2026-06-11,Los Angeles,200,Mexico,BASE,28.0,32.0,29.0,30.0,30.0,MARKET ABOUT STEADY,occasional lower
2026-06-11,Los Angeles,230,Mexico,Fine Appearance,32.0,,,,,MARKET ABOUT STEADY,
2026-06-11,Los Angeles,230,Mexico,BASE,26.0,30.0,27.0,28.0,28.0,MARKET ABOUT STEADY,occasional lower
2026-06-11,Los Angeles,250,Mexico,BASE,12.0,16.0,13.0,14.0,14.0,MARKET ABOUT STEADY,
2026-06-11,Los Angeles,250,Mexico,Fine Appearance,28.0,,,,,MARKET ABOUT STEADY,
2026-06-12,Los Angeles,110,Mexico,Fine Appearance,38.0,,,,,MARKET 230S HIGHER; OTHERS ABOUT STEADY.,
2026-06-12,Los Angeles,110,Mexico,BASE,28.0,32.0,29.0,30.0,30.0,MARKET 230S HIGHER; OTHERS ABOUT STEADY.,
2026-06-12,Los Angeles,150,Mexico,BASE,28.0,32.0,29.0,30.0,30.0,MARKET 230S HIGHER; OTHERS ABOUT STEADY.,
2026-06-12,Los Angeles,150,Mexico,Fine Appearance,38.0,38.0,,,38.0,MARKET 230S HIGHER; OTHERS ABOUT STEADY.,
2026-06-12,Los Angeles,175,Mexico,Fine Appearance,40.0,,,,,MARKET 230S HIGHER; OTHERS ABOUT STEADY.,
2026-06-12,Los Angeles,175,Mexico,BASE,30.0,32.0,,,32.0,MARKET 230S HIGHER; OTHERS ABOUT STEADY.,occasional higher/lower
2026-06-12,Los Angeles,200,Mexico,Fine Appearance,35.0,,,,,MARKET 230S HIGHER; OTHERS ABOUT STEADY.,
2026-06-12,Los Angeles,200,Mexico,BASE,28.0,32.0,29.0,30.0,30.0,MARKET 230S HIGHER; OTHERS ABOUT STEADY.,occasional lower
2026-06-12,Los Angeles,230,Mexico,BASE,22.0,26.0,23.0,24.0,24.0,MARKET 230S HIGHER; OTHERS ABOUT STEADY.,occasional lower
2026-06-12,Los Angeles,230,Mexico,Fine Appearance,28.0,32.0,29.0,30.0,30.0,MARKET 230S HIGHER; OTHERS ABOUT STEADY.,
2026-06-12,Los Angeles,230,Mexico,Fair Quality,16.0,18.0,,,18.0,MARKET 230S HIGHER; OTHERS ABOUT STEADY.,
2026-06-12,Los Angeles,250,Mexico,Fine Appearance,28.0,,,,,MARKET 230S HIGHER; OTHERS ABOUT STEADY.,
2026-06-12,Los Angeles,250,Mexico,BASE,20.0,,,,,MARKET 230S HIGHER; OTHERS ABOUT STEADY.,
2026-06-12,Los Angeles,250,Mexico,Fair Quality,12.0,16.0,13.0,14.0,14.0,MARKET 230S HIGHER; OTHERS ABOUT STEADY.,
2026-06-15,Los Angeles,110,Mexico,BASE,28.0,32.0,29.0,30.0,30.0,MARKET ABOUT STEADY,
2026-06-15,Los Angeles,110,Mexico,Fine Appearance,38.0,,,,,MARKET ABOUT STEADY,
2026-06-15,Los Angeles,150,Mexico,BASE,28.0,32.0,29.0,30.0,30.0,MARKET ABOUT STEADY,
2026-06-15,Los Angeles,150,Mexico,Fine Appearance,38.0,38.0,,,38.0,MARKET ABOUT STEADY,
2026-06-15,Los Angeles,175,Mexico,BASE,30.0,32.0,,,32.0,MARKET ABOUT STEADY,occasional higher/lower
2026-06-15,Los Angeles,175,Mexico,Fine Appearance,40.0,,,,,MARKET ABOUT STEADY,
2026-06-15,Los Angeles,200,Mexico,Fair Quality,22.0,24.0,,,24.0,MARKET ABOUT STEADY,occasional lower
2026-06-15,Los Angeles,200,Mexico,BASE,28.0,32.0,29.0,30.0,30.0,MARKET ABOUT STEADY,occasional lower
2026-06-15,Los Angeles,200,Mexico,Fine Appearance,38.0,40.0,,,40.0,MARKET ABOUT STEADY,
2026-06-15,Los Angeles,230,Mexico,Fair Quality,18.0,20.0,,,20.0,MARKET ABOUT STEADY,
2026-06-15,Los Angeles,230,Mexico,BASE,24.0,30.0,24.0,26.0,26.0,MARKET ABOUT STEADY,
2026-06-15,Los Angeles,230,Mexico,Fine Appearance,30.0,35.0,32.0,34.0,34.0,MARKET ABOUT STEADY,
2026-06-15,Los Angeles,250,Mexico,Fine Appearance,28.0,,,,,MARKET ABOUT STEADY,
2026-06-15,Los Angeles,250,Mexico,Fair Quality,12.0,16.0,13.0,14.0,14.0,MARKET ABOUT STEADY,
2026-06-15,Los Angeles,250,Mexico,BASE,20.0,,,,,MARKET ABOUT STEADY,
2026-06-16,Los Angeles,110,Mexico,Fine Appearance,38.0,,,,,MARKET STEADY,
2026-06-16,Los Angeles,110,Mexico,BASE,28.0,32.0,29.0,30.0,30.0,MARKET STEADY,
2026-06-16,Los Angeles,150,Mexico,BASE,28.0,32.0,29.0,30.0,30.0,MARKET STEADY,
2026-06-16,Los Angeles,150,Mexico,Fine Appearance,38.0,38.0,,,38.0,MARKET STEADY,
2026-06-16,Los Angeles,175,Mexico,Fine Appearance,40.0,,,,,MARKET STEADY,
2026-06-16,Los Angeles,175,Mexico,BASE,30.0,32.0,,,32.0,MARKET STEADY,occasional higher/lower
2026-06-16,Los Angeles,200,Mexico,Fine Appearance,38.0,40.0,,,40.0,MARKET STEADY,
2026-06-16,Los Angeles,200,Mexico,BASE,28.0,32.0,29.0,30.0,30.0,MARKET STEADY,occasional lower
2026-06-16,Los Angeles,200,Mexico,Fair Quality,22.0,24.0,,,24.0,MARKET STEADY,occasional lower
2026-06-16,Los Angeles,230,Mexico,Fine Appearance,30.0,35.0,32.0,34.0,34.0,MARKET STEADY,
2026-06-16,Los Angeles,230,Mexico,BASE,24.0,30.0,24.0,26.0,26.0,MARKET STEADY,
2026-06-16,Los Angeles,230,Mexico,Fair Quality,18.0,20.0,,,20.0,MARKET STEADY,
2026-06-16,Los Angeles,250,Mexico,Fine Appearance,28.0,,,,,MARKET STEADY,
2026-06-16,Los Angeles,250,Mexico,Fair Quality,12.0,16.0,13.0,14.0,14.0,MARKET STEADY,
2026-06-16,Los Angeles,250,Mexico,BASE,20.0,,,,,MARKET STEADY,
2026-06-17,Los Angeles,110,Mexico,BASE,28.0,32.0,29.0,30.0,30.0,MARKET STEADY,
2026-06-17,Los Angeles,110,Mexico,Fine Appearance,38.0,,,,,MARKET STEADY,
2026-06-17,Los Angeles,150,Mexico,Fine Appearance,38.0,38.0,,,38.0,MARKET STEADY,
2026-06-17,Los Angeles,150,Mexico,BASE,28.0,32.0,29.0,30.0,30.0,MARKET STEADY,
2026-06-17,Los Angeles,175,Mexico,BASE,30.0,32.0,,,32.0,MARKET STEADY,occasional higher/lower
2026-06-17,Los Angeles,175,Mexico,Fine Appearance,40.0,,,,,MARKET STEADY,
2026-06-17,Los Angeles,200,Mexico,Fair Quality,22.0,24.0,,,24.0,MARKET STEADY,occasional lower
2026-06-17,Los Angeles,200,Mexico,Fine Appearance,38.0,40.0,,,40.0,MARKET STEADY,
2026-06-17,Los Angeles,200,Mexico,BASE,28.0,32.0,29.0,30.0,30.0,MARKET STEADY,occasional lower
2026-06-17,Los Angeles,230,Mexico,BASE,24.0,30.0,24.0,26.0,26.0,MARKET STEADY,
2026-06-17,Los Angeles,230,Mexico,Fine Appearance,30.0,35.0,32.0,34.0,34.0,MARKET STEADY,
2026-06-17,Los Angeles,230,Mexico,Fair Quality,18.0,20.0,,,20.0,MARKET STEADY,
2026-06-17,Los Angeles,250,Mexico,BASE,20.0,,,,,MARKET STEADY,
2026-06-17,Los Angeles,250,Mexico,Fair Quality,12.0,16.0,13.0,14.0,14.0,MARKET STEADY,
2026-06-17,Los Angeles,250,Mexico,Fine Appearance,28.0,,,,,MARKET STEADY,
2026-06-18,Los Angeles,110,Mexico,Fine Appearance,38.0,,,,,MARKET STEADY,
2026-06-18,Los Angeles,110,Mexico,BASE,28.0,32.0,29.0,30.0,30.0,MARKET STEADY,
2026-06-18,Los Angeles,150,Mexico,Fine Appearance,38.0,38.0,,,38.0,MARKET STEADY,
2026-06-18,Los Angeles,150,Mexico,BASE,28.0,32.0,29.0,30.0,30.0,MARKET STEADY,
2026-06-18,Los Angeles,175,Mexico,Fine Appearance,40.0,,,,,MARKET STEADY,
2026-06-18,Los Angeles,175,Mexico,BASE,30.0,32.0,,,32.0,MARKET STEADY,occasional higher/lower
2026-06-18,Los Angeles,200,Mexico,Fine Appearance,38.0,40.0,,,40.0,MARKET STEADY,
2026-06-18,Los Angeles,200,Mexico,Fair Quality,22.0,24.0,,,24.0,MARKET STEADY,occasional lower
2026-06-18,Los Angeles,200,Mexico,BASE,28.0,32.0,29.0,30.0,30.0,MARKET STEADY,occasional lower
2026-06-18,Los Angeles,230,Mexico,BASE,24.0,30.0,24.0,26.0,26.0,MARKET STEADY,
2026-06-18,Los Angeles,230,Mexico,Fair Quality,18.0,20.0,,,20.0,MARKET STEADY,
2026-06-18,Los Angeles,230,Mexico,Fine Appearance,30.0,35.0,32.0,34.0,34.0,MARKET STEADY,
2026-06-18,Los Angeles,250,Mexico,Fine Appearance,28.0,,,,,MARKET STEADY,
2026-06-18,Los Angeles,250,Mexico,Fair Quality,12.0,16.0,13.0,14.0,14.0,MARKET STEADY,
2026-06-18,Los Angeles,250,Mexico,BASE,20.0,,,,,MARKET STEADY,
2026-06-22,Los Angeles,110,Mexico,BASE,,,,,,,insufficient to quote
2026-06-22,Los Angeles,110,Mexico,Fine Appearance,,,,,,,insufficient to quote
2026-06-22,Los Angeles,150,Mexico,Fine Appearance,38.0,,,,,,
2026-06-22,Los Angeles,150,Mexico,BASE,28.0,32.0,29.0,30.0,30.0,,
2026-06-22,Los Angeles,175,Mexico,BASE,30.0,32.0,,,32.0,,occasional higher/lower
2026-06-22,Los Angeles,175,Mexico,Fine Appearance,40.0,,,,,,
2026-06-22,Los Angeles,200,Mexico,Fine Appearance,38.0,,,,,,
2026-06-22,Los Angeles,200,Mexico,Fair Quality,22.0,24.0,,,24.0,,occasional lower
2026-06-22,Los Angeles,200,Mexico,BASE,28.0,32.0,29.0,30.0,30.0,,occasional lower
2026-06-22,Los Angeles,230,Mexico,Fine Appearance,30.0,35.0,32.0,34.0,34.0,,
2026-06-22,Los Angeles,230,Mexico,BASE,24.0,30.0,24.0,26.0,26.0,,
2026-06-22,Los Angeles,230,Mexico,Fair Quality,16.0,18.0,,,18.0,,
2026-06-22,Los Angeles,250,Mexico,BASE,23.0,,,,,,
2026-06-22,Los Angeles,250,Mexico,Fair Quality,12.0,16.0,13.0,14.0,14.0,,
2026-06-22,Los Angeles,250,Mexico,Fine Appearance,34.0,,,,,,
2026-06-23,Los Angeles,110,Mexico,BASE,,,,,,MARKET STEADY,insufficient to quote
2026-06-23,Los Angeles,110,Mexico,Fine Appearance,,,,,,MARKET STEADY,insufficient to quote
2026-06-23,Los Angeles,150,Mexico,Fine Appearance,38.0,,,,,MARKET STEADY,
2026-06-23,Los Angeles,150,Mexico,BASE,28.0,32.0,29.0,30.0,30.0,MARKET STEADY,
2026-06-23,Los Angeles,175,Mexico,BASE,30.0,32.0,,,32.0,MARKET STEADY,occasional higher/lower
2026-06-23,Los Angeles,175,Mexico,Fine Appearance,40.0,,,,,MARKET STEADY,
2026-06-23,Los Angeles,200,Mexico,Fair Quality,22.0,24.0,,,24.0,MARKET STEADY,occasional lower
2026-06-23,Los Angeles,200,Mexico,BASE,28.0,32.0,29.0,30.0,30.0,MARKET STEADY,occasional lower
2026-06-23,Los Angeles,200,Mexico,Fine Appearance,38.0,,,,,MARKET STEADY,
2026-06-23,Los Angeles,230,Mexico,Fair Quality,16.0,18.0,,,18.0,MARKET STEADY,
2026-06-23,Los Angeles,230,Mexico,BASE,24.0,30.0,24.0,26.0,26.0,MARKET STEADY,
2026-06-23,Los Angeles,230,Mexico,Fine Appearance,30.0,35.0,32.0,34.0,34.0,MARKET STEADY,
2026-06-23,Los Angeles,250,Mexico,Fair Quality,12.0,16.0,13.0,14.0,14.0,MARKET STEADY,
2026-06-23,Los Angeles,250,Mexico,Fine Appearance,34.0,,,,,MARKET STEADY,
2026-06-23,Los Angeles,250,Mexico,BASE,23.0,,,,,MARKET STEADY,
2026-06-24,Los Angeles,110,Mexico,Fine Appearance,,,,,,MARKET STEADY,insufficient to quote
2026-06-24,Los Angeles,110,Mexico,BASE,,,,,,MARKET STEADY,insufficient to quote
2026-06-24,Los Angeles,150,Mexico,BASE,28.0,32.0,29.0,30.0,30.0,MARKET STEADY,
2026-06-24,Los Angeles,150,Mexico,Fine Appearance,38.0,,,,,MARKET STEADY,
2026-06-24,Los Angeles,175,Mexico,BASE,30.0,32.0,,,32.0,MARKET STEADY,occasional higher/lower
2026-06-24,Los Angeles,175,Mexico,Fine Appearance,40.0,,,,,MARKET STEADY,
2026-06-24,Los Angeles,200,Mexico,BASE,28.0,32.0,29.0,30.0,30.0,MARKET STEADY,occasional lower
2026-06-24,Los Angeles,200,Mexico,Fair Quality,22.0,24.0,,,24.0,MARKET STEADY,occasional lower
2026-06-24,Los Angeles,200,Mexico,Fine Appearance,38.0,,,,,MARKET STEADY,
2026-06-24,Los Angeles,230,Mexico,Fine Appearance,30.0,35.0,32.0,34.0,34.0,MARKET STEADY,
2026-06-24,Los Angeles,230,Mexico,BASE,24.0,30.0,24.0,26.0,26.0,MARKET STEADY,
2026-06-24,Los Angeles,230,Mexico,Fair Quality,16.0,18.0,,,18.0,MARKET STEADY,
2026-06-24,Los Angeles,250,Mexico,Fair Quality,12.0,16.0,13.0,14.0,14.0,MARKET STEADY,
2026-06-24,Los Angeles,250,Mexico,Fine Appearance,34.0,,,,,MARKET STEADY,
2026-06-24,Los Angeles,250,Mexico,BASE,23.0,,,,,MARKET STEADY,
2026-06-25,Los Angeles,150,Mexico,BASE,28.0,32.0,29.0,30.0,30.0,MARKET STEADY,
2026-06-25,Los Angeles,150,Mexico,Fine Appearance,38.0,,,,,MARKET STEADY,
2026-06-25,Los Angeles,175,Mexico,BASE,30.0,32.0,,,32.0,MARKET STEADY,occasional higher/lower
2026-06-25,Los Angeles,175,Mexico,Fine Appearance,40.0,,,,,MARKET STEADY,
2026-06-25,Los Angeles,200,Mexico,Fair Quality,22.0,24.0,,,24.0,MARKET STEADY,occasional lower
2026-06-25,Los Angeles,200,Mexico,Fine Appearance,38.0,,,,,MARKET STEADY,
2026-06-25,Los Angeles,200,Mexico,BASE,28.0,32.0,29.0,30.0,30.0,MARKET STEADY,occasional lower
2026-06-25,Los Angeles,230,Mexico,BASE,24.0,30.0,24.0,26.0,26.0,MARKET STEADY,
2026-06-25,Los Angeles,230,Mexico,Fair Quality,16.0,18.0,,,18.0,MARKET STEADY,
2026-06-25,Los Angeles,230,Mexico,Fine Appearance,30.0,35.0,32.0,34.0,34.0,MARKET STEADY,
2026-06-25,Los Angeles,250,Mexico,Fine Appearance,34.0,,,,,MARKET STEADY,
2026-06-25,Los Angeles,250,Mexico,Fair Quality,12.0,16.0,13.0,14.0,14.0,MARKET STEADY,
2026-06-25,Los Angeles,250,Mexico,BASE,23.0,,,,,MARKET STEADY,
2026-06-26,Los Angeles,150,Mexico,Fine Appearance,38.0,,,,,MARKET STEADY,
2026-06-26,Los Angeles,150,Mexico,BASE,28.0,32.0,29.0,30.0,30.0,MARKET STEADY,
2026-06-26,Los Angeles,175,Mexico,Fine Appearance,40.0,,,,,MARKET STEADY,
2026-06-26,Los Angeles,175,Mexico,BASE,30.0,32.0,,,32.0,MARKET STEADY,occasional higher/lower
2026-06-26,Los Angeles,200,Mexico,BASE,28.0,32.0,29.0,30.0,30.0,MARKET STEADY,occasional lower
2026-06-26,Los Angeles,200,Mexico,Fair Quality,22.0,24.0,,,24.0,MARKET STEADY,occasional lower
2026-06-26,Los Angeles,200,Mexico,Fine Appearance,38.0,,,,,MARKET STEADY,
2026-06-26,Los Angeles,230,Mexico,Fine Appearance,30.0,35.0,32.0,34.0,34.0,MARKET STEADY,
2026-06-26,Los Angeles,230,Mexico,Fair Quality,16.0,18.0,,,18.0,MARKET STEADY,
2026-06-26,Los Angeles,230,Mexico,BASE,24.0,30.0,24.0,26.0,26.0,MARKET STEADY,
2026-06-26,Los Angeles,250,Mexico,BASE,23.0,,,,,MARKET STEADY,
2026-06-26,Los Angeles,250,Mexico,Fair Quality,12.0,16.0,13.0,14.0,14.0,MARKET STEADY,
2026-06-26,Los Angeles,250,Mexico,Fine Appearance,34.0,,,,,MARKET STEADY,
2026-06-29,Los Angeles,150,Mexico,Fine Appearance,30.0,32.0,,,32.0,MARKET LOWER,
2026-06-29,Los Angeles,150,Mexico,BASE,24.0,26.0,,,26.0,MARKET LOWER,
2026-06-29,Los Angeles,175,Mexico,BASE,24.0,26.0,,,26.0,MARKET LOWER,
2026-06-29,Los Angeles,175,Mexico,Fine Appearance,30.0,32.0,,,32.0,MARKET LOWER,
2026-06-29,Los Angeles,200,Mexico,Fair Quality,16.0,18.0,,,18.0,MARKET LOWER,
2026-06-29,Los Angeles,200,Mexico,Fine Appearance,25.0,27.0,,,27.0,MARKET LOWER,
2026-06-29,Los Angeles,200,Mexico,BASE,20.0,22.0,,,22.0,MARKET LOWER,
2026-06-29,Los Angeles,230,Mexico,Fine Appearance,22.0,24.0,,,24.0,MARKET LOWER,
2026-06-29,Los Angeles,230,Mexico,BASE,18.0,20.0,,,20.0,MARKET LOWER,
2026-06-29,Los Angeles,230,Mexico,Fair Quality,14.0,16.0,,,16.0,MARKET LOWER,
2026-06-29,Los Angeles,250,Mexico,BASE,23.0,,,,,MARKET LOWER,
2026-06-29,Los Angeles,250,Mexico,Fair Quality,12.0,16.0,13.0,14.0,14.0,MARKET LOWER,
2026-06-30,Los Angeles,150,Mexico,Fine Appearance,30.0,32.0,,,32.0,MARKET STEADY,
2026-06-30,Los Angeles,150,Mexico,BASE,24.0,26.0,,,26.0,MARKET STEADY,
2026-06-30,Los Angeles,175,Mexico,BASE,24.0,26.0,,,26.0,MARKET STEADY,
2026-06-30,Los Angeles,175,Mexico,Fine Appearance,30.0,32.0,,,32.0,MARKET STEADY,
2026-06-30,Los Angeles,200,Mexico,Fine Appearance,25.0,27.0,,,27.0,MARKET STEADY,
2026-06-30,Los Angeles,200,Mexico,BASE,20.0,22.0,,,22.0,MARKET STEADY,
2026-06-30,Los Angeles,200,Mexico,Fair Quality,16.0,18.0,,,18.0,MARKET STEADY,
2026-06-30,Los Angeles,230,Mexico,Fine Appearance,22.0,24.0,,,24.0,MARKET STEADY,
2026-06-30,Los Angeles,230,Mexico,Fair Quality,14.0,16.0,,,16.0,MARKET STEADY,
2026-06-30,Los Angeles,230,Mexico,BASE,18.0,20.0,,,20.0,MARKET STEADY,
2026-06-30,Los Angeles,250,Mexico,Fair Quality,12.0,16.0,13.0,14.0,14.0,MARKET STEADY,
2026-06-30,Los Angeles,250,Mexico,BASE,23.0,,,,,MARKET STEADY,
2026-07-01,Los Angeles,150,Mexico,Fine Appearance,30.0,32.0,,,32.0,MARKET STEADY,
2026-07-01,Los Angeles,150,Mexico,BASE,24.0,26.0,,,26.0,MARKET STEADY,
2026-07-01,Los Angeles,175,Mexico,BASE,24.0,26.0,,,26.0,MARKET STEADY,
2026-07-01,Los Angeles,175,Mexico,Fine Appearance,30.0,32.0,,,32.0,MARKET STEADY,
2026-07-01,Los Angeles,200,Mexico,Fair Quality,16.0,18.0,,,18.0,MARKET STEADY,
2026-07-01,Los Angeles,200,Mexico,Fine Appearance,25.0,27.0,,,27.0,MARKET STEADY,
2026-07-01,Los Angeles,200,Mexico,BASE,20.0,22.0,,,22.0,MARKET STEADY,
2026-07-01,Los Angeles,230,Mexico,Fair Quality,14.0,16.0,,,16.0,MARKET STEADY,
2026-07-01,Los Angeles,230,Mexico,BASE,18.0,20.0,,,20.0,MARKET STEADY,
2026-07-01,Los Angeles,230,Mexico,Fine Appearance,22.0,24.0,,,24.0,MARKET STEADY,
2026-07-01,Los Angeles,250,Mexico,BASE,23.0,,,,,MARKET STEADY,
2026-07-01,Los Angeles,250,Mexico,Fair Quality,12.0,16.0,13.0,14.0,14.0,MARKET STEADY,
2026-07-02,Los Angeles,150,Mexico,Fine Appearance,28.0,30.0,,,30.0,MARKET ABOUT STEADY,
2026-07-02,Los Angeles,150,Mexico,BASE,24.0,26.0,,,26.0,MARKET ABOUT STEADY,
2026-07-02,Los Angeles,175,Mexico,BASE,24.0,26.0,,,26.0,MARKET ABOUT STEADY,
2026-07-02,Los Angeles,175,Mexico,Fine Appearance,28.0,30.0,,,30.0,MARKET ABOUT STEADY,
2026-07-02,Los Angeles,200,Mexico,Fair Quality,16.0,18.0,,,18.0,MARKET ABOUT STEADY,
2026-07-02,Los Angeles,200,Mexico,Fine Appearance,28.0,30.0,,,30.0,MARKET ABOUT STEADY,
2026-07-02,Los Angeles,200,Mexico,BASE,22.0,24.0,,,24.0,MARKET ABOUT STEADY,
2026-07-02,Los Angeles,230,Mexico,Fine Appearance,22.0,24.0,,,24.0,MARKET ABOUT STEADY,
2026-07-02,Los Angeles,230,Mexico,Fair Quality,14.0,16.0,,,16.0,MARKET ABOUT STEADY,
2026-07-02,Los Angeles,230,Mexico,BASE,18.0,20.0,,,20.0,MARKET ABOUT STEADY,
2026-07-02,Los Angeles,250,Mexico,Fair Quality,12.0,16.0,13.0,14.0,14.0,MARKET ABOUT STEADY,
2026-07-02,Los Angeles,250,Mexico,BASE,23.0,,,,,MARKET ABOUT STEADY,
2026-07-07,Los Angeles,150,Mexico,Fine Appearance,30.0,32.0,,,32.0,,
2026-07-07,Los Angeles,150,Mexico,BASE,24.0,26.0,,,26.0,,
2026-07-07,Los Angeles,175,Mexico,BASE,24.0,26.0,,,26.0,,
2026-07-07,Los Angeles,175,Mexico,Fine Appearance,30.0,32.0,,,32.0,,
2026-07-07,Los Angeles,200,Mexico,Fine Appearance,30.0,32.0,,,32.0,,
2026-07-07,Los Angeles,200,Mexico,Fair Quality,14.0,16.0,,,16.0,,
2026-07-07,Los Angeles,200,Mexico,BASE,22.0,24.0,,,24.0,,
2026-07-07,Los Angeles,230,Mexico,Fine Appearance,22.0,24.0,,,24.0,,
2026-07-07,Los Angeles,230,Mexico,Fair Quality,12.0,14.0,,,14.0,,
2026-07-07,Los Angeles,230,Mexico,BASE,18.0,20.0,,,20.0,,
2026-07-07,Los Angeles,250,Mexico,BASE,23.0,,,,,,
2026-07-07,Los Angeles,250,Mexico,Fair Quality,12.0,16.0,13.0,14.0,14.0,,
2026-07-08,Los Angeles,150,Mexico,BASE,24.0,26.0,,,26.0,MARKET STEADY,
2026-07-08,Los Angeles,150,Mexico,Fine Appearance,30.0,32.0,,,32.0,MARKET STEADY,
2026-07-08,Los Angeles,175,Mexico,Fine Appearance,30.0,32.0,,,32.0,MARKET STEADY,
2026-07-08,Los Angeles,175,Mexico,BASE,24.0,26.0,,,26.0,MARKET STEADY,
2026-07-08,Los Angeles,200,Mexico,Fine Appearance,30.0,32.0,,,32.0,MARKET STEADY,
2026-07-08,Los Angeles,200,Mexico,BASE,22.0,24.0,,,24.0,MARKET STEADY,
2026-07-08,Los Angeles,200,Mexico,Fair Quality,14.0,16.0,,,16.0,MARKET STEADY,
2026-07-08,Los Angeles,230,Mexico,BASE,18.0,20.0,,,20.0,MARKET STEADY,
2026-07-08,Los Angeles,230,Mexico,Fair Quality,12.0,14.0,,,14.0,MARKET STEADY,
2026-07-08,Los Angeles,230,Mexico,Fine Appearance,22.0,24.0,,,24.0,MARKET STEADY,
2026-07-08,Los Angeles,250,Mexico,Fair Quality,12.0,16.0,13.0,14.0,14.0,MARKET STEADY,
2026-07-08,Los Angeles,250,Mexico,BASE,23.0,,,,,MARKET STEADY,
2026-07-09,Los Angeles,150,Mexico,BASE,24.0,26.0,,,26.0,MARKET STEADY,
2026-07-09,Los Angeles,150,Mexico,Fine Appearance,30.0,32.0,,,32.0,MARKET STEADY,
2026-07-09,Los Angeles,175,Mexico,BASE,24.0,26.0,,,26.0,MARKET STEADY,
2026-07-09,Los Angeles,175,Mexico,Fine Appearance,30.0,32.0,,,32.0,MARKET STEADY,
2026-07-09,Los Angeles,200,Mexico,Fair Quality,14.0,16.0,,,16.0,MARKET STEADY,
2026-07-09,Los Angeles,200,Mexico,Fine Appearance,30.0,32.0,,,32.0,MARKET STEADY,
2026-07-09,Los Angeles,200,Mexico,BASE,22.0,24.0,,,24.0,MARKET STEADY,
2026-07-09,Los Angeles,230,Mexico,BASE,18.0,20.0,,,20.0,MARKET STEADY,
2026-07-09,Los Angeles,230,Mexico,Fair Quality,12.0,14.0,,,14.0,MARKET STEADY,
2026-07-09,Los Angeles,230,Mexico,Fine Appearance,22.0,24.0,,,24.0,MARKET STEADY,
2026-07-09,Los Angeles,250,Mexico,BASE,23.0,,,,,MARKET STEADY,
2026-07-09,Los Angeles,250,Mexico,Fair Quality,12.0,16.0,13.0,14.0,14.0,MARKET STEADY,
2026-07-10,Los Angeles,150,Mexico,Fine Appearance,30.0,32.0,,,32.0,MARKET STEADY,
2026-07-10,Los Angeles,150,Mexico,BASE,24.0,26.0,,,26.0,MARKET STEADY,
2026-07-10,Los Angeles,175,Mexico,Fine Appearance,30.0,32.0,,,32.0,MARKET STEADY,
2026-07-10,Los Angeles,175,Mexico,BASE,24.0,26.0,,,26.0,MARKET STEADY,
2026-07-10,Los Angeles,200,Mexico,Fine Appearance,30.0,32.0,,,32.0,MARKET STEADY,
2026-07-10,Los Angeles,200,Mexico,Fair Quality,14.0,16.0,,,16.0,MARKET STEADY,
2026-07-10,Los Angeles,200,Mexico,BASE,22.0,24.0,,,24.0,MARKET STEADY,
2026-07-10,Los Angeles,230,Mexico,Fair Quality,12.0,14.0,,,14.0,MARKET STEADY,
2026-07-10,Los Angeles,230,Mexico,BASE,18.0,20.0,,,20.0,MARKET STEADY,
2026-07-10,Los Angeles,230,Mexico,Fine Appearance,22.0,24.0,,,24.0,MARKET STEADY,
2026-07-10,Los Angeles,250,Mexico,Fair Quality,12.0,16.0,13.0,14.0,14.0,MARKET STEADY,
2026-07-10,Los Angeles,250,Mexico,BASE,23.0,,,,,MARKET STEADY,
2026-07-13,Los Angeles,150,Mexico,Fine Appearance,30.0,32.0,,,32.0,MARKET STEADY,
2026-07-13,Los Angeles,150,Mexico,BASE,24.0,26.0,,,26.0,MARKET STEADY,
2026-07-13,Los Angeles,175,Mexico,BASE,24.0,26.0,,,26.0,MARKET STEADY,
2026-07-13,Los Angeles,175,Mexico,Fine Appearance,30.0,32.0,,,32.0,MARKET STEADY,
2026-07-13,Los Angeles,200,Mexico,Fair Quality,14.0,16.0,,,16.0,MARKET STEADY,
2026-07-13,Los Angeles,200,Mexico,Fine Appearance,30.0,32.0,,,32.0,MARKET STEADY,
2026-07-13,Los Angeles,200,Mexico,BASE,22.0,24.0,,,24.0,MARKET STEADY,
2026-07-13,Los Angeles,230,Mexico,BASE,18.0,20.0,,,20.0,MARKET STEADY,
2026-07-13,Los Angeles,230,Mexico,Fair Quality,12.0,14.0,,,14.0,MARKET STEADY,
2026-07-13,Los Angeles,230,Mexico,Fine Appearance,22.0,24.0,,,24.0,MARKET STEADY,
2026-07-13,Los Angeles,250,Mexico,Fair Quality,12.0,16.0,13.0,14.0,14.0,MARKET STEADY,
2026-07-13,Los Angeles,250,Mexico,BASE,23.0,,,,,MARKET STEADY,
2026-07-15,Los Angeles,150,Mexico,BASE,24.0,26.0,,,26.0,MARKET STEADY,
2026-07-15,Los Angeles,150,Mexico,Fine Appearance,30.0,32.0,,,32.0,MARKET STEADY,
2026-07-15,Los Angeles,175,Mexico,Fine Appearance,30.0,32.0,,,32.0,MARKET STEADY,
2026-07-15,Los Angeles,175,Mexico,BASE,24.0,26.0,,,26.0,MARKET STEADY,
2026-07-15,Los Angeles,200,Mexico,Fair Quality,14.0,16.0,,,16.0,MARKET STEADY,
2026-07-15,Los Angeles,200,Mexico,Fine Appearance,30.0,32.0,,,32.0,MARKET STEADY,
2026-07-15,Los Angeles,200,Mexico,BASE,22.0,24.0,,,24.0,MARKET STEADY,
2026-07-15,Los Angeles,230,Mexico,BASE,18.0,20.0,,,20.0,MARKET STEADY,
2026-07-15,Los Angeles,230,Mexico,Fair Quality,12.0,14.0,,,14.0,MARKET STEADY,
2026-07-15,Los Angeles,230,Mexico,Fine Appearance,22.0,24.0,,,24.0,MARKET STEADY,
2026-07-15,Los Angeles,250,Mexico,BASE,23.0,,,,,MARKET STEADY,
2026-07-15,Los Angeles,250,Mexico,Fair Quality,12.0,16.0,13.0,14.0,14.0,MARKET STEADY,
2026-07-16,Los Angeles,150,Mexico,Fine Appearance,30.0,32.0,,,32.0,MARKET STEADY,
2026-07-16,Los Angeles,150,Mexico,BASE,24.0,26.0,,,26.0,MARKET STEADY,
2026-07-16,Los Angeles,175,Mexico,BASE,24.0,26.0,,,26.0,MARKET STEADY,
2026-07-16,Los Angeles,175,Mexico,Fine Appearance,30.0,32.0,,,32.0,MARKET STEADY,
2026-07-16,Los Angeles,200,Mexico,BASE,22.0,24.0,,,24.0,MARKET STEADY,
2026-07-16,Los Angeles,200,Mexico,Fine Appearance,30.0,32.0,,,32.0,MARKET STEADY,
2026-07-16,Los Angeles,200,Mexico,Fair Quality,14.0,16.0,,,16.0,MARKET STEADY,
2026-07-16,Los Angeles,230,Mexico,Fine Appearance,22.0,24.0,,,24.0,MARKET STEADY,
2026-07-16,Los Angeles,230,Mexico,Fair Quality,12.0,14.0,,,14.0,MARKET STEADY,
2026-07-16,Los Angeles,230,Mexico,BASE,18.0,20.0,,,20.0,MARKET STEADY,
2026-07-16,Los Angeles,250,Mexico,Fair Quality,12.0,16.0,13.0,14.0,14.0,MARKET STEADY,
2026-07-16,Los Angeles,250,Mexico,BASE,23.0,,,,,MARKET STEADY,
2026-07-17,Los Angeles,150,Mexico,BASE,24.0,26.0,,,26.0,MARKET STEADY,
2026-07-17,Los Angeles,150,Mexico,Fine Appearance,30.0,32.0,,,32.0,MARKET STEADY,
2026-07-17,Los Angeles,175,Mexico,Fine Appearance,30.0,32.0,,,32.0,MARKET STEADY,
2026-07-17,Los Angeles,175,Mexico,BASE,24.0,26.0,,,26.0,MARKET STEADY,
2026-07-17,Los Angeles,200,Mexico,Fair Quality,14.0,16.0,,,16.0,MARKET STEADY,
2026-07-17,Los Angeles,200,Mexico,Fine Appearance,30.0,32.0,,,32.0,MARKET STEADY,
2026-07-17,Los Angeles,200,Mexico,BASE,22.0,24.0,,,24.0,MARKET STEADY,
2026-07-17,Los Angeles,230,Mexico,Fine Appearance,22.0,24.0,,,24.0,MARKET STEADY,
2026-07-17,Los Angeles,230,Mexico,Fair Quality,12.0,14.0,,,14.0,MARKET STEADY,
2026-07-17,Los Angeles,230,Mexico,BASE,18.0,20.0,,,20.0,MARKET STEADY,
2026-07-17,Los Angeles,250,Mexico,BASE,23.0,,,,,MARKET STEADY,
2026-07-17,Los Angeles,250,Mexico,Fair Quality,12.0,16.0,13.0,14.0,14.0,MARKET STEADY,
2026-07-20,Los Angeles,150,Mexico,Fine Appearance,28.0,30.0,,,30.0,MARKET SLIGHTLY LOWER,
2026-07-20,Los Angeles,150,Mexico,BASE,24.0,26.0,,,26.0,MARKET SLIGHTLY LOWER,
2026-07-20,Los Angeles,175,Mexico,BASE,22.0,24.0,,,24.0,MARKET SLIGHTLY LOWER,
2026-07-20,Los Angeles,175,Mexico,Fine Appearance,28.0,30.0,,,30.0,MARKET SLIGHTLY LOWER,
2026-07-20,Los Angeles,200,Mexico,Fair Quality,14.0,16.0,,,16.0,MARKET SLIGHTLY LOWER,
2026-07-20,Los Angeles,200,Mexico,Fine Appearance,28.0,30.0,,,30.0,MARKET SLIGHTLY LOWER,
2026-07-20,Los Angeles,200,Mexico,BASE,20.0,22.0,,,22.0,MARKET SLIGHTLY LOWER,
2026-07-20,Los Angeles,230,Mexico,BASE,18.0,19.0,,,19.0,MARKET SLIGHTLY LOWER,
2026-07-20,Los Angeles,230,Mexico,Fair Quality,12.0,14.0,,,14.0,MARKET SLIGHTLY LOWER,
2026-07-20,Los Angeles,230,Mexico,Fine Appearance,20.0,22.0,,,22.0,MARKET SLIGHTLY LOWER,
2026-07-20,Los Angeles,250,Mexico,BASE,18.0,20.0,,,20.0,MARKET SLIGHTLY LOWER,
2026-07-20,Los Angeles,250,Mexico,Fair Quality,12.0,16.0,13.0,14.0,14.0,MARKET SLIGHTLY LOWER,
2026-07-21,Los Angeles,150,Mexico,Fine Appearance,28.0,30.0,,,30.0,MARKET STEADY,
2026-07-21,Los Angeles,150,Mexico,BASE,24.0,26.0,,,26.0,MARKET STEADY,
2026-07-21,Los Angeles,175,Mexico,BASE,22.0,24.0,,,24.0,MARKET STEADY,
2026-07-21,Los Angeles,175,Mexico,Fine Appearance,28.0,30.0,,,30.0,MARKET STEADY,
2026-07-21,Los Angeles,200,Mexico,BASE,20.0,22.0,,,22.0,MARKET STEADY,
2026-07-21,Los Angeles,200,Mexico,Fine Appearance,28.0,30.0,,,30.0,MARKET STEADY,
2026-07-21,Los Angeles,200,Mexico,Fair Quality,14.0,16.0,,,16.0,MARKET STEADY,
2026-07-21,Los Angeles,230,Mexico,Fair Quality,12.0,14.0,,,14.0,MARKET STEADY,
2026-07-21,Los Angeles,230,Mexico,Fine Appearance,20.0,22.0,,,22.0,MARKET STEADY,
2026-07-21,Los Angeles,230,Mexico,BASE,18.0,19.0,,,19.0,MARKET STEADY,
2026-07-21,Los Angeles,250,Mexico,BASE,18.0,20.0,,,20.0,MARKET STEADY,
2026-07-21,Los Angeles,250,Mexico,Fair Quality,12.0,16.0,13.0,14.0,14.0,MARKET STEADY,
