date,usd_mxn,usd_mxn_lag1,usd_mxn_lag3,usd_mxn_chg_3d,usd_mxn_chg_7d,usd_mxn_ma7,peso_debil_7d
2018-01-02,19.4899,,,,,,0
2018-01-03,19.3717,19.4899,,,,,0
2018-01-04,19.2427,19.3717,,,,,0
2018-01-05,19.2737,19.2427,19.4899,-0.21619999999999706,,,0
2018-01-08,19.2323,19.2737,19.3717,-0.13940000000000197,,,0
2018-01-09,19.3065,19.2323,19.2427,0.06380000000000052,,,0
2018-01-10,19.2405,19.3065,19.2737,-0.033200000000000784,,19.308185714285713,0
2018-01-11,19.3433,19.2405,19.2323,0.11100000000000065,-0.1465999999999994,19.287242857142854,1
2018-01-12,19.0446,19.3433,19.3065,-0.2619000000000007,-0.3271000000000015,19.240514285714287,0
2018-01-15,18.8113,19.0446,19.2405,-0.4292000000000016,-0.4314,19.178885714285716,0
2018-01-16,18.8362,18.8113,19.3433,-0.5070999999999977,-0.4375,19.116385714285713,0
2018-01-17,18.655,18.8362,19.0446,-0.38959999999999795,-0.5772999999999975,19.033914285714285,0
2018-01-18,18.6361,18.655,18.8113,-0.17520000000000024,-0.6704000000000008,18.938142857142857,0
2018-01-19,18.5813,18.6361,18.8362,-0.2549000000000028,-0.659200000000002,18.84397142857143,0
2018-01-22,18.7118,18.5813,18.655,0.05679999999999907,-0.6314999999999991,18.753757142857143,0
2018-01-23,18.798,18.7118,18.6361,0.16189999999999927,-0.24660000000000082,18.71852857142857,1
2018-01-24,18.5178,18.798,18.5813,-0.06349999999999767,-0.2934999999999981,18.6766,0
2018-01-25,18.478,18.5178,18.7118,-0.23379999999999868,-0.3582000000000001,18.625428571428568,0
2018-01-26,18.4672,18.478,18.798,-0.3308,-0.18780000000000285,18.5986,0
2018-01-29,18.6196,18.4672,18.5178,0.10179999999999723,-0.016500000000000625,18.596242857142858,1
2018-01-30,18.6982,18.6196,18.478,0.2201999999999984,0.11690000000000111,18.612942857142855,1
2018-01-31,18.6069,18.6982,18.4672,0.13970000000000127,-0.10490000000000066,18.597957142857144,1
2018-02-01,18.4004,18.6069,18.6196,-0.21919999999999717,-0.39759999999999707,18.54115714285714,0
2018-02-02,18.5248,18.4004,18.6982,-0.1734000000000009,0.006999999999997897,18.542157142857143,0
2018-02-06,18.7009,18.5248,18.6069,0.0940000000000012,0.2228999999999992,18.574,1
2018-02-07,18.6492,18.7009,18.4004,0.24879999999999924,0.18200000000000216,18.599999999999998,1
2018-02-08,18.8815,18.6492,18.5248,0.3567,0.2619000000000007,18.637414285714282,1
2018-02-09,18.8623,18.8815,18.7009,0.16140000000000043,0.16410000000000124,18.660857142857143,1
2018-02-12,18.6703,18.8623,18.6492,0.021100000000000563,0.06340000000000146,18.669914285714288,1
2018-02-13,18.6269,18.6703,18.8815,-0.25459999999999994,0.22649999999999793,18.70227142857143,0
2018-02-14,18.6025,18.6269,18.8623,-0.25980000000000203,0.0777000000000001,18.713371428571428,0
2018-02-15,18.5159,18.6025,18.6703,-0.15440000000000254,-0.18500000000000227,18.68694285714286,0
2018-02-16,18.4797,18.5159,18.6269,-0.147199999999998,-0.16949999999999932,18.66272857142857,0
2018-02-19,18.536,18.4797,18.6025,-0.06649999999999778,-0.3454999999999977,18.61337142857143,0
2018-02-20,18.6594,18.536,18.5159,0.14350000000000307,-0.20289999999999964,18.584385714285713,1
2018-02-21,18.6518,18.6594,18.4797,0.17210000000000036,-0.018499999999999517,18.58174285714286,1
2018-02-22,18.6574,18.6518,18.536,0.12139999999999773,0.03049999999999997,18.5861,1
2018-02-23,18.5659,18.6574,18.6594,-0.09350000000000236,-0.036599999999999966,18.58087142857143,0
2018-02-26,18.6456,18.5659,18.6518,-0.006199999999999761,0.12970000000000326,18.599400000000003,1
2018-02-27,18.7902,18.6456,18.6574,0.13279999999999959,0.31049999999999756,18.643757142857144,1
2018-02-28,18.8331,18.7902,18.5659,0.26720000000000255,0.29710000000000036,18.686200000000003,1
2018-03-01,18.861,18.8331,18.6456,0.21539999999999893,0.2015999999999991,18.715,1
2018-03-02,18.8909,18.861,18.7902,0.10069999999999979,0.23909999999999698,18.749157142857143,1
2018-03-05,18.8838,18.8909,18.8331,0.05069999999999908,0.2264000000000017,18.7815,1
2018-03-06,18.7246,18.8838,18.861,-0.13640000000000185,0.15869999999999962,18.80417142857143,0
2018-03-07,18.7922,18.7246,18.8909,-0.09869999999999735,0.1465999999999994,18.825114285714285,0
2018-03-08,18.7148,18.7922,18.8838,-0.16900000000000048,-0.07539999999999836,18.814342857142858,0
2018-03-09,18.5812,18.7148,18.7246,-0.14339999999999975,-0.2519000000000027,18.778357142857143,0
2018-03-12,18.6199,18.5812,18.7922,-0.1722999999999999,-0.24109999999999943,18.743914285714286,0
2018-03-13,18.5604,18.6199,18.7148,-0.15439999999999898,-0.33049999999999713,18.6967,0
2018-03-14,18.5854,18.5604,18.5812,0.00420000000000087,-0.2984000000000009,18.654071428571427,0
2018-03-15,18.7023,18.5854,18.6199,0.0823999999999998,-0.022299999999997766,18.650885714285714,1
2018-03-16,18.7216,18.7023,18.5604,0.16119999999999735,-0.07060000000000244,18.640800000000002,1
2018-03-20,18.7614,18.7216,18.5854,0.17599999999999838,0.046599999999997976,18.647457142857146,1
2018-03-21,18.6001,18.7614,18.7023,-0.10219999999999985,0.018900000000002137,18.650157142857143,0
2018-03-22,18.5078,18.6001,18.7216,-0.2137999999999991,-0.11210000000000164,18.634142857142855,0
2018-03-23,18.5364,18.5078,18.7614,-0.22499999999999787,-0.02400000000000091,18.630714285714284,0
2018-03-26,18.3268,18.5364,18.6001,-0.27330000000000254,-0.2586000000000013,18.593771428571426,0
2018-03-27,18.3445,18.3268,18.5078,-0.16329999999999956,-0.357800000000001,18.54265714285714,0
2018-03-28,18.2709,18.3445,18.5364,-0.2654999999999994,-0.45069999999999766,18.47827142857143,0
2018-04-02,18.2967,18.2709,18.3268,-0.03009999999999735,-0.464699999999997,18.411885714285717,0
2018-04-03,18.2044,18.2967,18.3445,-0.14010000000000034,-0.3957000000000015,18.355357142857144,0
2018-04-04,18.2244,18.2044,18.2709,-0.04650000000000176,-0.2834000000000003,18.31487142857143,0
2018-04-05,18.1081,18.2244,18.2967,-0.188600000000001,-0.4283000000000001,18.253685714285716,0
2018-04-06,18.2888,18.1081,18.2044,0.0843999999999987,-0.038000000000000256,18.248257142857142,1
2018-04-09,18.2753,18.2888,18.2244,0.050900000000002166,-0.0691999999999986,18.23837142857143,1
2018-04-10,18.2882,18.2753,18.1081,0.18009999999999948,0.01729999999999876,18.24084285714286,1
2018-04-11,18.2018,18.2882,18.2888,-0.08699999999999974,-0.09490000000000265,18.227285714285717,0
2018-04-12,18.1353,18.2018,18.2753,-0.14000000000000057,-0.06909999999999883,18.217414285714284,0
2018-04-13,18.087,18.1353,18.2882,-0.20120000000000005,-0.13739999999999952,18.19778571428571,0
2018-04-16,18.0394,18.087,18.2018,-0.1623999999999981,-0.06869999999999976,18.187971428571426,0
2018-04-17,17.9787,18.0394,18.1353,-0.15660000000000096,-0.3100999999999985,18.14367142857143,0
2018-04-18,18.0333,17.9787,18.087,-0.05369999999999919,-0.24200000000000088,18.1091,0
2018-04-19,18.2819,18.0333,18.0394,0.24249999999999972,-0.006299999999999528,18.1082,1
2018-04-20,18.621,18.2819,17.9787,0.6422999999999988,0.4192,18.168085714285713,1
2018-04-23,18.8628,18.621,18.0333,0.8294999999999995,0.7274999999999991,18.272014285714285,1
2018-04-24,18.8139,18.8628,18.2819,0.532,0.7269000000000005,18.375857142857143,1
2018-04-25,19.053,18.8139,18.621,0.43200000000000216,1.0136000000000003,18.520657142857143,1
2018-04-26,18.8644,19.053,18.8628,0.0015999999999998238,0.8856999999999999,18.647185714285715,1
2018-04-27,18.6847,18.8644,18.8139,-0.12920000000000087,0.6513999999999989,18.740242857142857,0
2018-04-30,18.7878,18.6847,19.053,-0.2652000000000001,0.5059000000000005,18.812514285714286,0
2018-05-02,19.0943,18.7878,18.8644,0.22990000000000066,0.47330000000000183,18.88012857142857,1
2018-05-03,19.1223,19.0943,18.6847,0.43759999999999977,0.2594999999999992,18.9172,1
2018-05-04,19.2017,19.1223,18.7878,0.41389999999999816,0.3877999999999986,18.9726,1
2018-05-07,19.4232,19.2017,19.0943,0.32890000000000086,0.37020000000000053,19.025485714285715,1
2018-05-08,19.5781,19.4232,19.1223,0.4558,0.7136999999999993,19.127442857142857,1
2018-05-09,19.5387,19.5781,19.2017,0.33699999999999974,0.8539999999999992,19.249442857142856,1
2018-05-10,19.2989,19.5387,19.4232,-0.12430000000000163,0.511099999999999,19.32245714285714,0
2018-05-11,19.3539,19.2989,19.5781,-0.22419999999999973,0.25959999999999894,19.359542857142856,0
2018-05-14,19.5214,19.3539,19.5387,-0.01729999999999876,0.3991000000000007,19.41655714285714,1
2018-05-15,19.7854,19.5214,19.2989,0.4864999999999995,0.5837000000000003,19.499942857142855,1
2018-05-16,19.7094,19.7854,19.3539,0.35549999999999926,0.28619999999999735,19.54082857142857,1
2018-05-17,19.7033,19.7094,19.5214,0.18189999999999884,0.12519999999999953,19.558714285714284,1
2018-05-18,19.9319,19.7033,19.7854,0.14649999999999963,0.3932000000000002,19.614885714285712,1
2018-05-21,19.9054,19.9319,19.7094,0.1960000000000015,0.6065000000000005,19.70152857142857,1
2018-05-22,19.7528,19.9054,19.7033,0.049500000000001876,0.39890000000000114,19.758514285714284,0
2018-05-23,19.7661,19.7528,19.9319,-0.16579999999999728,0.2447000000000017,19.793471428571426,0
2018-05-24,19.7048,19.7661,19.9054,-0.20060000000000144,-0.08060000000000045,19.781957142857145,0
2018-05-25,19.5608,19.7048,19.7528,-0.19200000000000017,-0.1485999999999983,19.76072857142857,0
2018-05-28,19.5915,19.5608,19.7661,-0.17460000000000164,-0.11179999999999879,19.744757142857143,0
2018-05-29,19.7499,19.5915,19.7048,0.04510000000000147,-0.1819999999999986,19.71875714285714,1
2018-05-30,19.7322,19.7499,19.5608,0.17139999999999844,-0.17320000000000135,19.694014285714285,1
2018-05-31,19.9759,19.7322,19.5915,0.3843999999999994,0.22309999999999874,19.725885714285713,1
2018-06-01,19.8662,19.9759,19.7499,0.11629999999999896,0.10009999999999764,19.740185714285712,1
2018-06-04,19.9934,19.8662,19.7322,0.2612000000000023,0.2886000000000024,19.781414285714284,1
2018-06-05,20.3863,19.9934,19.9759,0.4103999999999992,0.8254999999999981,19.89934285714286,1
2018-06-06,20.3129,20.3863,19.8662,0.4466999999999999,0.7213999999999992,20.002399999999998,1
2018-06-07,20.46,20.3129,19.9934,0.4665999999999997,0.7101000000000006,20.10384285714286,1
2018-06-08,20.5281,20.46,20.3863,0.14179999999999993,0.7958999999999996,20.217542857142856,1
2018-06-11,20.4722,20.5281,20.3129,0.15930000000000177,0.4963000000000015,20.288442857142858,1
2018-06-12,20.596,20.4722,20.46,0.13599999999999923,0.7298000000000009,20.392699999999998,1
2018-06-13,20.6259,20.596,20.5281,0.097800000000003,0.6325000000000003,20.48305714285714,1
2018-06-14,20.6953,20.6259,20.4722,0.22309999999999874,0.30900000000000105,20.5272,1
2018-06-15,20.716,20.6953,20.596,0.120000000000001,0.403100000000002,20.584785714285715,1
2018-06-18,20.6968,20.716,20.6259,0.07089999999999819,0.2367999999999988,20.618614285714283,1
2018-06-19,20.5531,20.6968,20.6953,-0.142199999999999,0.02500000000000213,20.622185714285713,0
2018-06-20,20.3937,20.5531,20.716,-0.32230000000000203,-0.07850000000000179,20.61097142857143,0
2018-06-21,20.3689,20.3937,20.6968,-0.32789999999999964,-0.22710000000000008,20.57852857142857,0
2018-06-22,20.1264,20.3689,20.5531,-0.4267000000000003,-0.49950000000000117,20.50717142857143,0
2018-06-25,20.0908,20.1264,20.3937,-0.3028999999999975,-0.604499999999998,20.42081428571429,0
2018-06-26,19.8754,20.0908,20.3689,-0.49350000000000094,-0.840600000000002,20.30072857142857,0
2018-06-27,20.0553,19.8754,20.1264,-0.07110000000000127,-0.6415000000000006,20.209085714285713,0
2018-06-28,19.8633,20.0553,20.0908,-0.2275000000000027,-0.6898000000000017,20.110542857142857,0
2018-06-29,19.6912,19.8633,19.8754,-0.18420000000000059,-0.7025000000000006,20.010185714285715,0
2018-07-02,20.1453,19.6912,20.0553,0.08999999999999986,-0.22360000000000113,19.978242857142856,1
2018-07-03,19.5974,20.1453,19.8633,-0.26589999999999847,-0.5289999999999999,19.90267142857143,0
2018-07-04,19.4284,19.5974,19.6912,-0.2627999999999986,-0.6624000000000017,19.808042857142855,0
2018-07-05,19.2513,19.4284,20.1453,-0.8939999999999984,-0.6240999999999985,19.71888571428571,0
2018-07-06,19.0719,19.2513,19.5974,-0.525500000000001,-0.9833999999999996,19.5784,0
2018-07-09,19.1563,19.0719,19.4284,-0.27209999999999823,-0.7069999999999972,19.4774,0
2018-07-10,19.0559,19.1563,19.2513,-0.19539999999999935,-0.6352999999999973,19.386642857142856,0
2018-07-11,18.9632,19.0559,19.0719,-0.10869999999999891,-1.1820999999999984,19.21777142857143,0
2018-07-12,18.8241,18.9632,19.1563,-0.3322000000000003,-0.773299999999999,19.107300000000002,0
2018-07-13,18.8854,18.8241,19.0559,-0.17050000000000054,-0.5429999999999993,19.02972857142857,0
2018-07-16,18.836,18.8854,18.9632,-0.12720000000000198,-0.415300000000002,18.9704,0
2018-07-17,18.8763,18.836,18.8241,0.052199999999999136,-0.19559999999999889,18.94245714285714,0
2018-07-18,18.91,18.8763,18.8854,0.02459999999999951,-0.24630000000000152,18.907271428571427,1
2018-07-19,19.079,18.91,18.836,0.2430000000000021,0.023099999999999454,18.910571428571426,1
2018-07-20,19.0694,19.079,18.8763,0.19310000000000116,0.10620000000000118,18.925742857142858,1
2018-07-23,19.0761,19.0694,18.91,0.16610000000000014,0.2519999999999989,18.96174285714286,1
2018-07-24,18.8506,19.0761,19.079,-0.2284000000000006,-0.03480000000000061,18.956771428571432,0
2018-07-25,18.7709,18.8506,19.0694,-0.29850000000000065,-0.0650999999999975,18.94747142857143,0
2018-07-26,18.6234,18.7709,19.0761,-0.4527000000000001,-0.25290000000000035,18.91134285714286,0
2018-07-27,18.5515,18.6234,18.8506,-0.29909999999999926,-0.3584999999999994,18.86012857142857,0
2018-07-30,18.5413,18.5515,18.7709,-0.22960000000000136,-0.537700000000001,18.783314285714287,0
2018-07-31,18.6457,18.5413,18.6234,0.02230000000000132,-0.4237000000000002,18.722785714285717,0
2018-08-01,18.5899,18.6457,18.5515,0.038399999999999324,-0.4862000000000002,18.653328571428574,0
2018-08-02,18.6349,18.5899,18.5413,0.09359999999999857,-0.21570000000000178,18.622514285714285,1
2018-08-03,18.5725,18.6349,18.6457,-0.07319999999999993,-0.19839999999999947,18.59417142857143,0
2018-08-06,18.5433,18.5725,18.5899,-0.04660000000000153,-0.08010000000000161,18.58272857142857,0
2018-08-07,18.4631,18.5433,18.6349,-0.1717999999999975,-0.08840000000000003,18.5701,0
2018-08-08,18.4542,18.4631,18.5725,-0.1183000000000014,-0.08709999999999951,18.557657142857146,0
2018-08-09,18.6511,18.4542,18.5433,0.107800000000001,0.005399999999998073,18.55842857142857,1
2018-08-10,18.9273,18.6511,18.4631,0.46419999999999817,0.3373999999999988,18.60662857142857,1
2018-08-13,19.1801,18.9273,18.4542,0.7258999999999993,0.5452000000000012,18.684514285714283,1
2018-08-14,18.9973,19.1801,18.6511,0.3461999999999996,0.4247999999999976,18.7452,1
2018-08-15,19.2339,18.9973,18.9273,0.30659999999999954,0.6905999999999999,18.843857142857143,1
2018-08-16,19.01,19.2339,19.1801,-0.17009999999999792,0.5469000000000008,18.921985714285714,1
2018-08-17,19.0615,19.01,18.9973,0.06419999999999959,0.6072999999999986,19.008742857142856,1
2018-08-20,19.0305,19.0615,19.2339,-0.20339999999999847,0.3794000000000004,19.06294285714286,0
2018-08-21,18.8784,19.0305,19.01,-0.13160000000000238,-0.04889999999999972,19.055957142857146,0
2018-08-22,18.8176,18.8784,19.0615,-0.2439,-0.3625000000000007,19.00417142857143,0
2018-08-23,18.8672,18.8176,19.0305,-0.16329999999999956,-0.13009999999999877,18.985585714285715,0
2018-08-24,18.8339,18.8672,18.8784,-0.04449999999999932,-0.3999999999999986,18.92844285714286,0
2018-08-27,18.6697,18.8339,18.8176,-0.14789999999999992,-0.3403000000000027,18.87982857142857,0
2018-08-28,18.9354,18.6697,18.8672,0.06820000000000093,-0.12609999999999744,18.861814285714285,1
2018-08-29,19.0659,18.9354,18.8339,0.23199999999999932,0.03539999999999921,18.866871428571425,1
2018-08-30,19.1258,19.0659,18.6697,0.45610000000000284,0.2474000000000025,18.902214285714283,1
2018-08-31,19.1792,19.1258,18.9354,0.24380000000000024,0.3616000000000028,18.95387142857143,1
2018-09-03,19.2137,19.1792,19.0659,0.14780000000000015,0.3464999999999989,19.00337142857143,1
2018-09-04,19.3609,19.2137,19.1258,0.2350999999999992,0.527000000000001,19.078657142857143,1
2018-09-05,19.4433,19.3609,19.1792,0.2640999999999991,0.7736000000000018,19.189171428571427,1
2018-09-06,19.3546,19.4433,19.2137,0.14090000000000202,0.4192,19.249057142857144,1
2018-09-07,19.2394,19.3546,19.3609,-0.12150000000000105,0.17350000000000065,19.273842857142856,0
2018-09-10,19.2989,19.2394,19.4433,-0.14440000000000097,0.17309999999999803,19.298571428571428,1
2018-09-11,19.268,19.2989,19.3546,-0.08660000000000068,0.0887999999999991,19.31125714285714,0
2018-09-12,19.0511,19.268,19.2394,-0.18829999999999814,-0.16259999999999764,19.288028571428573,0
2018-09-13,18.8775,19.0511,19.2989,-0.42139999999999844,-0.4833999999999996,19.21897142857143,0
2018-09-14,18.8689,18.8775,19.268,-0.3991000000000007,-0.5744000000000007,19.136914285714287,0
2018-09-17,18.8399,18.8689,19.0511,-0.2112000000000016,-0.5147000000000013,19.063385714285715,0
2018-09-18,18.7694,18.8399,18.8775,-0.10810000000000031,-0.46999999999999886,18.996242857142857,0
2018-09-19,18.7672,18.7694,18.8689,-0.10170000000000101,-0.5317000000000007,18.920285714285715,0
2018-09-20,18.8296,18.7672,18.8399,-0.010300000000000864,-0.43840000000000146,18.857657142857143,0
2018-09-21,18.8539,18.8296,18.7694,0.08449999999999847,-0.19720000000000226,18.829485714285713,1
2018-09-24,18.8516,18.8539,18.7672,0.08440000000000225,-0.025900000000000034,18.82578571428571,1
2018-09-25,18.987,18.8516,18.8296,0.1573999999999991,0.11809999999999832,18.842657142857142,1
2018-09-26,18.8986,18.987,18.8539,0.04469999999999885,0.0586999999999982,18.851042857142858,1
2018-09-27,18.812,18.8986,18.8516,-0.03960000000000008,0.04260000000000019,18.85712857142857,0
2018-09-28,18.7231,18.812,18.987,-0.2638999999999996,-0.04410000000000025,18.85082857142857,0
2018-10-01,18.6531,18.7231,18.8986,-0.24549999999999983,-0.17650000000000077,18.825614285714284,0
2018-10-02,18.7503,18.6531,18.812,-0.061700000000001864,-0.10360000000000014,18.810814285714287,0
2018-10-03,18.8014,18.7503,18.7231,0.07830000000000226,-0.050200000000000244,18.803642857142854,0
2018-10-04,19.1328,18.8014,18.6531,0.4797000000000011,0.14580000000000126,18.824471428571428,1
2018-10-05,18.9444,19.1328,18.7503,0.19410000000000238,0.045800000000003394,18.831014285714282,1
2018-10-08,18.9234,18.9444,18.8014,0.12199999999999989,0.11139999999999972,18.84692857142857,1
2018-10-09,19.0,18.9234,19.1328,-0.13279999999999959,0.27690000000000126,18.886485714285715,1
2018-10-10,19.1183,19.0,18.9444,0.17389999999999972,0.46520000000000294,18.952942857142858,1
2018-10-11,19.0217,19.1183,18.9234,0.09829999999999828,0.27139999999999986,18.991714285714288,1
2018-10-12,18.9202,19.0217,19.0,-0.07979999999999876,0.11880000000000024,19.008685714285715,0
2018-10-15,18.8096,18.9202,19.1183,-0.30870000000000175,-0.32319999999999993,18.96251428571429,0
2018-10-16,18.7693,18.8096,19.0217,-0.25239999999999796,-0.17510000000000048,18.9375,0
2018-10-17,18.8012,18.7693,18.9202,-0.11899999999999977,-0.12219999999999942,18.920042857142857,0
2018-10-18,19.1018,18.8012,18.8096,0.2922000000000011,0.10180000000000078,18.934585714285713,1
2018-10-19,19.2183,19.1018,18.7693,0.44899999999999807,0.09999999999999787,18.94887142857143,1
2018-10-22,19.3669,19.2183,18.8012,0.5656999999999996,0.34520000000000195,18.998185714285714,1
2018-10-23,19.4169,19.3669,19.1018,0.3150999999999975,0.49669999999999703,19.069142857142857,1
2018-10-24,19.4623,19.4169,19.2183,0.24399999999999977,0.6526999999999994,19.162385714285715,1
2018-10-25,19.4383,19.4623,19.3669,0.07140000000000057,0.6690000000000005,19.257957142857144,1
2018-10-26,19.479,19.4383,19.4169,0.06210000000000093,0.6777999999999977,19.354785714285715,1
2018-10-29,19.8022,19.479,19.4623,0.3399000000000001,0.7003999999999984,19.454842857142857,1
2018-10-30,20.0258,19.8022,19.4383,0.5874999999999986,0.807500000000001,19.5702,1
2018-10-31,20.3177,20.0258,19.479,0.8386999999999993,0.9507999999999974,19.70602857142857,1
2018-11-01,20.1329,20.3177,19.8022,0.3307000000000002,0.7160000000000011,19.808314285714285,1
2018-11-05,19.9636,20.1329,20.0258,-0.0622000000000007,0.5013000000000005,19.87992857142857,1
2018-11-06,19.8609,19.9636,20.3177,-0.45679999999999765,0.4225999999999992,19.9403,0
2018-11-07,19.8245,19.8609,20.1329,-0.3083999999999989,0.34550000000000125,19.989657142857144,0
2018-11-08,20.0438,19.8245,19.9636,0.08020000000000138,0.2416000000000018,20.024171428571428,1
2018-11-09,20.3614,20.0438,19.8609,0.5004999999999988,0.33559999999999945,20.072114285714285,1
2018-11-12,20.3179,20.3614,19.8245,0.49340000000000117,0.0002000000000030866,20.072142857142858,1
2018-11-13,20.5158,20.3179,20.0438,0.47199999999999775,0.38289999999999935,20.126842857142858,1
2018-11-14,20.3979,20.5158,20.3614,0.0365000000000002,0.43430000000000035,20.188885714285714,1
2018-11-15,20.3371,20.3979,20.3179,0.019199999999997885,0.4761999999999986,20.256914285714288,1
2018-11-16,20.155,20.3371,20.5158,-0.36079999999999757,0.3305000000000007,20.304128571428574,0
2018-11-20,20.4123,20.155,20.3979,0.014399999999998414,0.3684999999999974,20.356771428571427,1
2018-11-21,20.2023,20.4123,20.3371,-0.13479999999999848,-0.1590999999999987,20.334042857142858,0
2018-11-22,20.2984,20.2023,20.155,0.14339999999999975,-0.01950000000000074,20.331257142857144,0
2018-11-23,20.3935,20.2984,20.4123,-0.018799999999998818,-0.12229999999999919,20.313785714285718,1
2018-11-26,20.5304,20.3935,20.2023,0.32809999999999917,0.13250000000000028,20.332714285714285,1
2018-11-27,20.4977,20.5304,20.2984,0.19929999999999737,0.16059999999999874,20.355657142857144,1
2018-11-28,20.4108,20.4977,20.3935,0.01729999999999876,0.25579999999999714,20.3922,1
2018-11-29,20.2217,20.4108,20.5304,-0.30870000000000175,-0.19059999999999988,20.36497142857143,0
2018-11-30,20.3455,20.2217,20.4977,-0.152199999999997,0.14320000000000022,20.38542857142857,0
2018-12-03,20.2346,20.3455,20.4108,-0.1761999999999979,-0.06380000000000052,20.376314285714283,0
2018-12-04,20.5123,20.2346,20.2217,0.2906000000000013,0.11880000000000024,20.393285714285714,1
2018-12-05,20.5672,20.5123,20.3455,0.22169999999999845,0.0367999999999995,20.39854285714286,1
2018-12-06,20.4705,20.5672,20.2346,0.2359000000000009,-0.027199999999997004,20.39465714285714,1
2018-12-07,20.2609,20.4705,20.5123,-0.2514000000000003,-0.1498999999999988,20.373242857142856,0
2018-12-10,20.3621,20.2609,20.5672,-0.20509999999999806,0.1404000000000032,20.3933,0
2018-12-11,20.2889,20.3621,20.4705,-0.18159999999999954,-0.05659999999999954,20.385214285714287,0
2018-12-13,20.2566,20.2889,20.2609,-0.004300000000000637,0.021999999999998465,20.388357142857142,0
2018-12-14,20.3337,20.2566,20.3621,-0.028400000000001313,-0.17859999999999943,20.362842857142855,0
2018-12-17,20.1126,20.3337,20.2889,-0.17630000000000123,-0.4545999999999992,20.297900000000002,0
2018-12-18,20.1277,20.1126,20.2566,-0.12889999999999802,-0.34280000000000044,20.24892857142857,0
2018-12-19,20.0293,20.1277,20.3337,-0.3044000000000011,-0.23160000000000025,20.21584285714286,0
2018-12-20,19.9082,20.0293,20.1126,-0.2043999999999997,-0.45390000000000086,20.151,0
2018-12-21,19.9275,19.9082,20.1277,-0.20020000000000238,-0.3614000000000033,20.09937142857143,0
2018-12-24,19.8473,19.9275,20.0293,-0.1819999999999986,-0.4092999999999982,20.0409,0
2018-12-26,19.8823,19.8473,19.9082,-0.025900000000000034,-0.4513999999999996,19.976414285714288,0
2018-12-27,19.6829,19.8823,19.9275,-0.24459999999999837,-0.4297000000000004,19.91502857142857,0
2018-12-28,19.6566,19.6829,19.8473,-0.19069999999999965,-0.47109999999999985,19.847728571428572,0
2018-12-31,19.6512,19.6566,19.8823,-0.23110000000000142,-0.3780999999999999,19.793714285714287,0
2019-01-02,19.5878,19.6512,19.6829,-0.09509999999999863,-0.32039999999999935,19.747942857142856,0
2019-01-03,19.6073,19.5878,19.6566,-0.04930000000000234,-0.3201999999999998,19.7022,0
2019-01-04,19.4902,19.6073,19.6512,-0.1609999999999978,-0.3570999999999991,19.651185714285713,0
2019-01-07,19.3208,19.4902,19.5878,-0.267000000000003,-0.5615000000000023,19.57097142857143,0
2019-01-08,19.3479,19.3208,19.6073,-0.2593999999999994,-0.33500000000000085,19.523114285714286,0
2019-01-09,19.2456,19.3479,19.4902,-0.24460000000000193,-0.41100000000000136,19.4644,0
2019-01-10,19.1714,19.2456,19.3208,-0.14939999999999998,-0.4798000000000009,19.395857142857146,0
2019-01-11,19.1236,19.1714,19.3479,-0.2242999999999995,-0.4642000000000017,19.329542857142854,0
2019-01-14,19.0064,19.1236,19.2456,-0.2392000000000003,-0.6008999999999993,19.243699999999997,0
2019-01-15,19.0457,19.0064,19.1714,-0.12569999999999837,-0.44450000000000145,19.180199999999996,0
2019-01-16,18.9908,19.0457,19.1236,-0.13279999999999959,-0.3299999999999983,19.133057142857144,0
2019-01-17,19.063,18.9908,19.0064,0.05659999999999954,-0.2849000000000004,19.092357142857143,0
2019-01-18,19.0844,19.063,19.0457,0.038699999999998624,-0.1612000000000009,19.06932857142857,1
2019-01-21,19.1902,19.0844,18.9908,0.1994000000000007,0.01880000000000237,19.072014285714285,1
2019-01-22,19.1297,19.1902,19.063,0.06670000000000087,0.006099999999999994,19.072885714285714,1
2019-01-23,19.0771,19.1297,19.0844,-0.007299999999997198,0.0707000000000022,19.082985714285716,0
2019-01-24,18.9859,19.0771,19.1902,-0.20429999999999993,-0.05979999999999919,19.074442857142856,0
2019-01-25,18.928,18.9859,19.1297,-0.20169999999999888,-0.0627999999999993,19.06547142857143,0
2019-01-28,19.0381,18.928,19.0771,-0.03900000000000148,-0.024899999999998812,19.061914285714288,0
2019-01-29,18.9972,19.0381,18.9859,0.011299999999998533,-0.08719999999999928,19.049457142857143,0
2019-01-30,19.1623,18.9972,18.928,0.2342999999999975,-0.02790000000000248,19.045471428571428,1
2019-01-31,19.0388,19.1623,19.0381,0.0006999999999983686,-0.09090000000000131,19.032485714285716,1
2019-02-01,19.1098,19.0388,18.9972,0.11260000000000048,0.0326999999999984,19.037157142857144,1
2019-02-05,19.0824,19.1098,19.1623,-0.07989999999999853,0.09649999999999892,19.050942857142854,1
2019-02-06,19.1058,19.0824,19.0388,0.06700000000000017,0.17779999999999774,19.07634285714286,1
2019-02-07,19.08,19.1058,19.1098,-0.029800000000001603,0.04189999999999827,19.082328571428572,0
2019-02-08,19.0893,19.08,19.0824,0.0069000000000016826,0.09210000000000207,19.09548571428571,0
2019-02-11,19.2524,19.0893,19.1058,0.14660000000000295,0.09010000000000318,19.10835714285714,1
2019-02-12,19.2592,19.2524,19.08,0.17920000000000158,0.22040000000000148,19.13984285714286,1
2019-02-13,19.4084,19.2592,19.0893,0.31909999999999883,0.2986000000000004,19.1825,1
2019-02-14,19.3569,19.4084,19.2524,0.10449999999999804,0.27449999999999974,19.221714285714285,1
2019-02-15,19.3625,19.3569,19.2592,0.10330000000000084,0.25670000000000215,19.258385714285712,1
2019-02-18,19.2578,19.3625,19.4084,-0.15060000000000073,0.1778000000000013,19.283785714285717,0
2019-02-19,19.1778,19.2578,19.3569,-0.17909999999999826,0.0884999999999998,19.29642857142857,0
2019-02-20,19.1835,19.1778,19.3625,-0.17900000000000205,-0.06890000000000285,19.286585714285714,0
2019-02-21,19.2652,19.1835,19.2578,0.007400000000000517,0.006000000000000227,19.287442857142857,0
2019-02-22,19.1394,19.2652,19.1778,-0.038400000000002876,-0.2690000000000019,19.249014285714285,0
2019-02-25,19.1185,19.1394,19.1835,-0.06499999999999773,-0.2383999999999986,19.21495714285714,0
2019-02-26,19.163,19.1185,19.2652,-0.10219999999999985,-0.19950000000000045,19.186457142857144,0
2019-02-27,19.2201,19.163,19.1394,0.08070000000000022,-0.037700000000000955,19.181071428571425,1
2019-02-28,19.2607,19.2201,19.1185,0.142199999999999,0.08289999999999864,19.192914285714288,1
2019-03-01,19.2978,19.2607,19.163,0.13479999999999848,0.11430000000000007,19.209242857142858,1
2019-03-04,19.3039,19.2978,19.2201,0.0838000000000001,0.038699999999998624,19.214771428571428,1
2019-03-05,19.2597,19.3039,19.2607,-0.0010000000000012221,0.1203000000000003,19.231957142857144,1
2019-03-06,19.3708,19.2597,19.2978,0.0730000000000004,0.2522999999999982,19.267999999999997,1
2019-03-07,19.5225,19.3708,19.3039,0.21860000000000213,0.3595000000000006,19.319357142857143,1
2019-03-08,19.4902,19.5225,19.2597,0.2305000000000028,0.2701000000000029,19.357942857142856,1
2019-03-11,19.4243,19.4902,19.3708,0.05349999999999966,0.16359999999999886,19.381314285714286,1
2019-03-12,19.3049,19.4243,19.5225,-0.2176000000000009,0.0071000000000012164,19.38232857142857,0
2019-03-13,19.332,19.3049,19.4902,-0.15820000000000078,0.028100000000002012,19.386342857142857,0
2019-03-14,19.3233,19.332,19.4243,-0.10099999999999909,0.06360000000000099,19.39542857142857,0
2019-03-15,19.2176,19.3233,19.3049,-0.08729999999999905,-0.15319999999999823,19.37354285714286,0
2019-03-19,19.0004,19.2176,19.332,-0.33160000000000167,-0.5221000000000018,19.29895714285714,0
2019-03-20,18.9098,19.0004,19.3233,-0.4134999999999991,-0.5804000000000009,19.21604285714286,0
2019-03-21,18.8694,18.9098,19.2176,-0.34820000000000206,-0.5549,19.13677142857143,0
2019-03-22,19.1369,18.8694,19.0004,0.13650000000000162,-0.16799999999999926,19.112771428571428,1
2019-03-25,19.0151,19.1369,18.9098,0.10529999999999973,-0.3169000000000004,19.0675,0
2019-03-26,19.0989,19.0151,18.8694,0.2295000000000016,-0.22439999999999927,19.035442857142858,1
2019-03-27,19.3201,19.0989,19.1369,0.18319999999999936,0.10249999999999915,19.05008571428571,1
2019-03-28,19.3793,19.3201,19.0151,0.3642000000000003,0.37890000000000157,19.104214285714285,1
2019-03-29,19.3779,19.3793,19.0989,0.2789999999999999,0.46809999999999974,19.171085714285713,1
2019-04-01,19.2169,19.3779,19.3201,-0.10320000000000107,0.34750000000000014,19.22072857142857,0
2019-04-02,19.2279,19.2169,19.3793,-0.15139999999999887,0.09100000000000108,19.23372857142857,0
2019-04-03,19.1805,19.2279,19.3779,-0.1974000000000018,0.16539999999999822,19.257357142857142,0
2019-04-04,19.1728,19.1805,19.2169,-0.04410000000000025,0.0738999999999983,19.267914285714284,0
2019-04-05,19.0805,19.1728,19.2279,-0.14740000000000109,-0.23959999999999937,19.233685714285713,0
2019-04-08,18.9701,19.0805,19.1805,-0.21039999999999992,-0.409200000000002,19.17522857142857,0
2019-04-09,18.9229,18.9701,19.1728,-0.24990000000000023,-0.45500000000000185,19.11022857142857,0
2019-04-10,18.836,18.9229,19.0805,-0.24450000000000216,-0.38090000000000046,19.055814285714284,0
2019-04-11,18.8432,18.836,18.9701,-0.12689999999999912,-0.38470000000000226,19.000857142857143,0
2019-04-12,18.7719,18.8432,18.9229,-0.1509999999999998,-0.40859999999999985,18.942485714285713,0
2019-04-15,18.8489,18.7719,18.836,0.01290000000000191,-0.3238999999999983,18.896214285714283,0
2019-04-16,18.9516,18.8489,18.8432,0.10839999999999961,-0.12890000000000157,18.8778,1
2019-04-17,18.848,18.9516,18.7719,0.07610000000000028,-0.12209999999999965,18.86035714285714,0
2019-04-22,18.8359,18.848,18.8489,-0.013000000000001677,-0.08699999999999974,18.84792857142857,0
2019-04-23,18.9578,18.8359,18.9516,0.006199999999999761,0.12180000000000035,18.86532857142857,1
2019-04-24,19.0046,18.9578,18.848,0.15660000000000096,0.16140000000000043,18.88838571428571,1
2019-04-25,19.0942,19.0046,18.8359,0.258300000000002,0.32230000000000203,18.934428571428572,1
2019-04-26,18.9414,19.0942,18.9578,-0.016399999999997306,0.09250000000000114,18.947642857142856,0
2019-04-29,19.012,18.9414,19.0046,0.007400000000000517,0.06040000000000134,18.95627142857143,1
2019-04-30,19.0099,19.012,19.0942,-0.08430000000000248,0.16189999999999927,18.9794,1
2019-05-02,19.1014,19.0099,18.9414,0.16000000000000014,0.26550000000000296,19.01732857142857,1
2019-05-03,19.0012,19.1014,19.012,-0.010799999999999699,0.04340000000000188,19.023528571428574,0
2019-05-06,18.9781,19.0012,19.0099,-0.03179999999999694,-0.026499999999998636,19.019742857142855,0
2019-05-07,19.0499,18.9781,19.1014,-0.05150000000000077,-0.044299999999999784,19.013414285714283,1
2019-05-08,19.0837,19.0499,19.0012,0.08249999999999957,0.14229999999999876,19.033742857142858,1
2019-05-09,19.2623,19.0837,18.9781,0.28419999999999845,0.2502999999999993,19.0695,1
2019-05-10,19.1374,19.2623,19.0499,0.08749999999999858,0.12750000000000128,19.087714285714288,1
2019-05-13,19.1928,19.1374,19.0837,0.10909999999999798,0.0913999999999966,19.100771428571427,1
2019-05-14,19.1427,19.1928,19.2623,-0.11959999999999837,0.14150000000000063,19.120985714285716,1
2019-05-15,19.1236,19.1427,19.1374,-0.013799999999999812,0.1454999999999984,19.141771428571428,0
2019-05-16,19.071,19.1236,19.1928,-0.1217999999999968,0.021100000000000563,19.144785714285714,0
2019-05-17,19.1454,19.071,19.1427,0.00269999999999726,0.06169999999999831,19.1536,0
2019-05-20,19.0908,19.1454,19.1236,-0.032799999999998164,-0.1714999999999982,19.1291,0
2019-05-21,19.0309,19.0908,19.071,-0.04010000000000247,-0.10650000000000048,19.113885714285715,0
2019-05-22,18.9755,19.0309,19.1454,-0.16989999999999839,-0.21729999999999805,19.082842857142857,0
2019-05-23,19.0122,18.9755,19.0908,-0.07860000000000156,-0.1305000000000014,19.0642,0
2019-05-24,19.0658,19.0122,19.0309,0.034900000000000375,-0.057800000000000296,19.055942857142856,1
2019-05-27,19.0521,19.0658,18.9755,0.07659999999999911,-0.018900000000002137,19.05324285714286,0
2019-05-28,19.1652,19.0521,19.0122,0.1529999999999987,0.01980000000000004,19.056071428571432,1
2019-05-29,19.2395,19.1652,19.0658,0.1737000000000002,0.14869999999999806,19.077314285714287,1
2019-05-30,19.0683,19.2395,19.0521,0.016200000000001324,0.037400000000001654,19.08265714285714,0
2019-05-31,19.6426,19.0683,19.1652,0.47740000000000293,0.6671000000000014,19.177957142857142,1
2019-06-03,19.7609,19.6426,19.2395,0.5213999999999999,0.7486999999999995,19.284914285714283,1
2019-06-04,19.6007,19.7609,19.0683,0.5323999999999991,0.5349000000000004,19.361328571428572,1
2019-06-05,19.5418,19.6007,19.6426,-0.10080000000000311,0.48969999999999914,19.431285714285714,1
2019-06-06,19.7084,19.5418,19.7609,-0.05249999999999844,0.5432000000000023,19.508885714285718,1
2019-06-07,19.6528,19.7084,19.6007,0.05209999999999937,0.41329999999999956,19.567928571428574,1
2019-06-10,19.204,19.6528,19.5418,-0.3377999999999979,0.13569999999999993,19.587314285714285,0
2019-06-11,19.1222,19.204,19.7084,-0.5862000000000016,-0.5204000000000022,19.51297142857143,0
2019-06-12,19.1383,19.1222,19.6528,-0.5144999999999982,-0.6225999999999985,19.424028571428572,0
2019-06-13,19.1645,19.1383,19.204,-0.03950000000000031,-0.4361999999999995,19.36171428571429,0
2019-06-14,19.1487,19.1645,19.1222,0.02650000000000219,-0.3930999999999969,19.305557142857143,0
2019-06-17,19.1924,19.1487,19.1383,0.05409999999999826,-0.5160000000000018,19.23184285714286,0
2019-06-18,19.1011,19.1924,19.1645,-0.06340000000000146,-0.5517000000000003,19.15302857142857,0
2019-06-19,19.1753,19.1011,19.1487,0.026599999999998403,-0.028700000000000614,19.14892857142857,1
2019-06-20,18.9804,19.1753,19.1924,-0.21199999999999974,-0.14179999999999993,19.12867142857143,0
2019-06-21,19.0661,18.9804,19.1011,-0.03500000000000014,-0.07220000000000226,19.118357142857143,0
2019-06-24,19.1833,19.0661,19.1753,0.007999999999999119,0.018799999999998818,19.121042857142857,1
2019-06-25,19.2271,19.1833,18.9804,0.24670000000000059,0.07839999999999847,19.13224285714286,1
2019-06-26,19.1442,19.2271,19.0661,0.07810000000000272,-0.0481999999999978,19.125357142857144,1
2019-06-27,19.1685,19.1442,19.1833,-0.014799999999997482,0.06740000000000279,19.134985714285712,1
2019-06-28,19.2087,19.1685,19.2271,-0.01839999999999975,0.03340000000000032,19.139757142857142,1
2019-07-01,19.076,19.2087,19.1442,-0.06820000000000093,0.09560000000000102,19.153414285714288,0
2019-07-02,19.0694,19.076,19.1685,-0.09909999999999997,0.0033000000000029672,19.153885714285714,0
2019-07-03,19.0502,19.0694,19.2087,-0.15850000000000009,-0.13309999999999889,19.134871428571433,0
2019-07-04,18.9947,19.0502,19.076,-0.08129999999999882,-0.23239999999999839,19.10167142857143,0
2019-07-05,19.0446,18.9947,19.0694,-0.024800000000002598,-0.09960000000000235,19.087442857142857,0
2019-07-08,18.9116,19.0446,19.0502,-0.13860000000000028,-0.2569000000000017,19.05074285714286,0
2019-07-09,19.0043,18.9116,18.9947,0.009599999999998943,-0.2043999999999997,19.021542857142858,0
2019-07-10,19.2425,19.0043,19.0446,0.19790000000000063,0.1664999999999992,19.045328571428573,1
2019-07-11,19.1227,19.2425,18.9116,0.2110999999999983,0.05329999999999657,19.052942857142856,1
2019-07-12,19.0307,19.1227,19.0043,0.02639999999999887,-0.01950000000000074,19.05015714285714,0
2019-07-15,18.9803,19.0307,19.2425,-0.2622,-0.014400000000001967,19.0481,0
2019-07-16,19.0781,18.9803,19.1227,-0.044599999999999085,0.033500000000000085,19.05288571428571,1
2019-07-17,19.0233,19.0781,19.0307,-0.007400000000000517,0.11169999999999902,19.068842857142858,0
2019-07-18,19.0108,19.0233,18.9803,0.03049999999999997,0.006499999999999062,19.069771428571425,0
2019-07-19,19.0123,19.0108,19.0781,-0.06579999999999941,-0.23019999999999996,19.036885714285713,0
2019-07-22,19.0659,19.0123,19.0233,0.04260000000000019,-0.05679999999999907,19.028771428571424,1
2019-07-23,19.1315,19.0659,19.0108,0.12069999999999936,0.10079999999999956,19.04317142857143,1
2019-07-24,19.0894,19.1315,19.0123,0.0771000000000015,0.10910000000000153,19.05875714285714,1
2019-07-25,19.0623,19.0894,19.0659,-0.0035999999999987153,-0.015799999999998704,19.0565,1
2019-07-26,19.0699,19.0623,19.1315,-0.061599999999998545,0.04660000000000153,19.063157142857143,1
2019-07-29,19.09,19.0699,19.0894,0.0005999999999986017,0.07920000000000016,19.074471428571428,1
2019-07-30,19.0747,19.09,19.0623,0.012399999999999523,0.06240000000000023,19.083385714285715,0
2019-07-31,18.9929,19.0747,19.0699,-0.07700000000000173,-0.0730000000000004,19.072957142857142,0
2019-08-01,19.1627,18.9929,19.09,0.0727000000000011,0.031200000000001893,19.077414285714287,1
2019-08-02,19.3116,19.1627,19.0747,0.23689999999999856,0.2221999999999973,19.10915714285714,1
2019-08-05,19.5731,19.3116,18.9929,0.5802000000000014,0.5107999999999997,19.18212857142857,1
2019-08-06,19.6291,19.5731,19.1627,0.46640000000000015,0.5592000000000006,19.262014285714287,1
2019-08-07,19.6953,19.6291,19.3116,0.38370000000000104,0.6052999999999997,19.348485714285715,1
2019-08-08,19.5118,19.6953,19.5731,-0.061299999999999244,0.43710000000000093,19.41092857142857,1
2019-08-09,19.4283,19.5118,19.6291,-0.20080000000000098,0.43540000000000134,19.47312857142857,0
2019-08-12,19.5803,19.4283,19.6953,-0.11499999999999844,0.4176000000000002,19.532785714285716,1
2019-08-13,19.463,19.5803,19.5118,-0.048799999999999955,0.15140000000000242,19.554414285714284,0
2019-08-14,19.5763,19.463,19.4283,0.1479999999999997,0.0031999999999996476,19.55487142857143,1
2019-08-15,19.6365,19.5763,19.5803,0.05620000000000047,0.007400000000000517,19.555928571428574,1
2019-08-16,19.5669,19.6365,19.463,0.10389999999999944,-0.12839999999999918,19.537585714285715,1
2019-08-19,19.8153,19.5669,19.5763,0.23900000000000077,0.30349999999999966,19.580942857142855,1
2019-08-20,19.7522,19.8153,19.6365,0.1156999999999968,0.3238999999999983,19.627214285714285,1
2019-08-21,19.6798,19.7522,19.5669,0.11289999999999978,0.09949999999999903,19.641428571428573,1
2019-08-22,19.7467,19.6798,19.8153,-0.0686,0.2836999999999996,19.681957142857147,1
2019-08-23,19.8402,19.7467,19.7522,0.08800000000000097,0.2638999999999996,19.71965714285714,1
2019-08-26,19.9086,19.8402,19.6798,0.22879999999999967,0.27209999999999823,19.75852857142857,1
2019-08-27,19.9934,19.9086,19.7467,0.24670000000000059,0.42650000000000077,19.819457142857143,1
2019-08-28,20.0314,19.9934,19.8402,0.19120000000000203,0.21610000000000085,19.850328571428573,1
2019-08-29,20.0988,20.0314,19.9086,0.1902000000000008,0.34660000000000224,19.899842857142858,1
2019-08-30,20.0696,20.0988,19.9934,0.07620000000000005,0.38980000000000103,19.955528571428573,1
2019-09-02,20.1253,20.0696,20.0314,0.09389999999999787,0.3785999999999987,20.00961428571429,1
2019-09-03,20.0039,20.1253,20.0988,-0.0948999999999991,0.16370000000000218,20.032999999999998,0
2019-09-04,19.7806,20.0039,20.0696,-0.2890000000000015,-0.1280000000000001,20.014714285714287,0
2019-09-05,19.6834,19.7806,20.1253,-0.4419000000000004,-0.3100000000000023,19.970428571428574,0
2019-09-06,19.5623,19.6834,20.0039,-0.4416000000000011,-0.46910000000000096,19.903414285714288,0
2019-09-09,19.5398,19.5623,19.7806,-0.24080000000000013,-0.559000000000001,19.82355714285714,0
2019-09-10,19.5354,19.5398,19.6834,-0.1479999999999997,-0.534200000000002,19.747242857142858,0
2019-09-11,19.5478,19.5354,19.5623,-0.014500000000001734,-0.5775000000000006,19.66474285714286,0
2019-09-12,19.4265,19.5478,19.5398,-0.11329999999999885,-0.5774000000000008,19.582257142857145,0
2019-09-13,19.3665,19.4265,19.5354,-0.16890000000000072,-0.41410000000000124,19.5231,0
2019-09-17,19.4262,19.3665,19.5478,-0.12159999999999727,-0.25719999999999743,19.486357142857145,0
2019-09-18,19.3528,19.4262,19.4265,-0.07370000000000232,-0.20950000000000202,19.45642857142857,0
2019-09-19,19.3981,19.3528,19.3665,0.03160000000000096,-0.14170000000000016,19.43618571428571,0
2019-09-20,19.4478,19.3981,19.4262,0.021599999999999397,-0.08759999999999835,19.423671428571428,1
2019-09-23,19.4459,19.4478,19.3528,0.09310000000000329,-0.10189999999999699,19.409114285714285,1
2019-09-24,19.4587,19.4459,19.3981,0.060600000000000875,0.03219999999999956,19.41371428571429,1
2019-09-25,19.5775,19.4587,19.4478,0.1296999999999997,0.21100000000000207,19.443857142857144,1
2019-09-26,19.6363,19.5775,19.4459,0.1903999999999968,0.21009999999999707,19.47387142857143,1
2019-09-27,19.6808,19.6363,19.4587,0.22210000000000107,0.32800000000000296,19.520728571428574,1
2019-09-30,19.7345,19.6808,19.5775,0.15700000000000003,0.33640000000000114,19.568785714285717,1
2019-10-01,19.7792,19.7345,19.6363,0.14290000000000092,0.3313999999999986,19.616128571428572,1
2019-10-02,19.7985,19.7792,19.6808,0.11769999999999925,0.3525999999999989,19.666500000000003,1
2019-10-03,19.7368,19.7985,19.7345,0.0022999999999981924,0.27809999999999846,19.70622857142857,1
2019-10-04,19.5255,19.7368,19.7792,-0.2536999999999985,-0.0519999999999996,19.698800000000002,0
2019-10-07,19.5522,19.5255,19.7985,-0.24630000000000152,-0.0840999999999994,19.686785714285715,0
2019-10-08,19.584,19.5522,19.7368,-0.15279999999999916,-0.09680000000000177,19.672957142857143,0
2019-10-09,19.5689,19.584,19.5255,0.04339999999999833,-0.1656000000000013,19.6493,0
2019-10-10,19.4764,19.5689,19.5522,-0.07579999999999742,-0.30279999999999774,19.606042857142857,0
2019-10-11,19.3217,19.4764,19.584,-0.26229999999999976,-0.4768000000000008,19.537928571428573,0
2019-10-14,19.2652,19.3217,19.5689,-0.3036999999999992,-0.4715999999999987,19.470557142857142,0
2019-10-15,19.252,19.2652,19.4764,-0.22440000000000282,-0.2735000000000021,19.431485714285714,0
2019-10-16,19.2135,19.252,19.3217,-0.10820000000000007,-0.33869999999999933,19.383100000000002,0
2019-10-17,19.1602,19.2135,19.2652,-0.10500000000000043,-0.42379999999999995,19.322557142857143,0
2019-10-18,19.1492,19.1602,19.252,-0.10279999999999845,-0.41969999999999885,19.2626,0
2019-10-21,19.1422,19.1492,19.2135,-0.07130000000000081,-0.3342000000000027,19.21485714285714,0
2019-10-22,19.105,19.1422,19.1602,-0.05519999999999925,-0.21669999999999945,19.183899999999998,0
2019-10-23,19.1258,19.105,19.1492,-0.023399999999998755,-0.13939999999999841,19.16398571428571,0
2019-10-24,19.0878,19.1258,19.1422,-0.05439999999999756,-0.16419999999999746,19.140528571428572,0
2019-10-25,19.082,19.0878,19.105,-0.022999999999999687,-0.13149999999999906,19.12174285714286,0
2019-10-28,19.0543,19.082,19.1258,-0.07150000000000034,-0.10589999999999833,19.106614285714283,0
2019-10-29,19.1167,19.0543,19.0878,0.028900000000000148,-0.03249999999999886,19.101971428571428,1
2019-10-30,19.1643,19.1167,19.082,0.08230000000000004,0.022100000000001785,19.105128571428573,1
2019-10-31,19.1948,19.1643,19.0543,0.1404999999999994,0.08980000000000032,19.117957142857144,1
2019-11-01,19.1058,19.1948,19.1167,-0.010900000000003018,-0.020000000000003126,19.1151,0
2019-11-04,19.1525,19.1058,19.1643,-0.01180000000000092,0.06469999999999843,19.124342857142857,1
2019-11-05,19.2125,19.1525,19.1948,0.01769999999999783,0.13049999999999784,19.142985714285714,1
2019-11-06,19.1953,19.2125,19.1058,0.08950000000000102,0.14099999999999824,19.16312857142857,1
2019-11-07,19.1327,19.1953,19.1525,-0.01980000000000004,0.015999999999998238,19.165414285714284,0
2019-11-08,19.1068,19.1327,19.2125,-0.1056999999999988,-0.057500000000000995,19.1572,0
2019-11-11,19.109,19.1068,19.1953,-0.08629999999999782,-0.08579999999999899,19.14494285714286,0
2019-11-12,19.2178,19.109,19.1327,0.08510000000000062,0.11200000000000188,19.160942857142857,1
2019-11-13,19.4543,19.2178,19.1068,0.34750000000000014,0.30180000000000007,19.204057142857145,1
2019-11-14,19.4228,19.4543,19.109,0.31379999999999697,0.21030000000000015,19.2341,1
2019-11-15,19.2063,19.4228,19.2178,-0.01150000000000162,0.010999999999999233,19.23567142857143,0
2019-11-19,19.3687,19.2063,19.4543,-0.08559999999999945,0.23600000000000065,19.26938571428571,1
2019-11-20,19.48,19.3687,19.4228,0.057200000000001694,0.37320000000000064,19.3227,1
2019-11-21,19.4138,19.48,19.2063,0.20749999999999957,0.30479999999999663,19.366242857142854,1
2019-11-22,19.3987,19.4138,19.3687,0.030000000000001137,0.18090000000000117,19.392085714285713,1
2019-11-25,19.4468,19.3987,19.48,-0.033200000000000784,-0.007500000000000284,19.391014285714284,1
2019-11-26,19.5185,19.4468,19.4138,0.10470000000000113,0.09570000000000078,19.404685714285712,1
2019-11-27,19.5607,19.5185,19.3987,0.16199999999999903,0.3544000000000018,19.455314285714287,1
2019-11-28,19.6113,19.5607,19.4468,0.1645000000000003,0.24259999999999948,19.48997142857143,1
2019-11-29,19.5352,19.6113,19.5185,0.01670000000000016,0.05519999999999925,19.49785714285714,1
2019-12-02,19.5717,19.5352,19.5607,0.010999999999999233,0.15790000000000148,19.520414285714285,1
2019-12-03,19.5678,19.5717,19.6113,-0.04350000000000165,0.1690999999999967,19.544571428571427,1
2019-12-04,19.4707,19.5678,19.5352,-0.06449999999999889,0.023900000000001143,19.547985714285716,0
2019-12-05,19.3688,19.4707,19.5717,-0.20289999999999964,-0.14969999999999928,19.5266,0
2019-12-06,19.3247,19.3688,19.5678,-0.24309999999999832,-0.23600000000000065,19.492885714285713,0
2019-12-09,19.2302,19.3247,19.4707,-0.24050000000000082,-0.3811,19.438442857142856,0
2019-12-10,19.2362,19.2302,19.3688,-0.13260000000000005,-0.2989999999999995,19.39572857142857,0
2019-12-11,19.1785,19.2362,19.3247,-0.14620000000000033,-0.3932000000000002,19.339557142857142,0
2019-12-13,19.0455,19.1785,19.2302,-0.18469999999999942,-0.5222999999999978,19.26494285714286,0
2019-12-16,18.9702,19.0455,19.2362,-0.2660000000000018,-0.5005000000000024,19.19344285714286,0
2019-12-17,18.9165,18.9702,19.1785,-0.26200000000000045,-0.45230000000000103,19.128828571428567,0
2019-12-18,18.9542,18.9165,19.0455,-0.09130000000000038,-0.37049999999999983,19.075899999999997,0
2019-12-19,18.964,18.9542,18.9702,-0.006199999999999761,-0.2662000000000013,19.03787142857143,0
2019-12-20,18.9133,18.964,18.9165,-0.0031999999999996476,-0.32290000000000063,18.991742857142857,0
2019-12-23,18.9385,18.9133,18.9542,-0.015699999999998937,-0.23999999999999844,18.957457142857145,0
2019-12-24,18.9643,18.9385,18.964,0.00030000000000285354,-0.08119999999999905,18.94585714285714,1
2019-12-26,18.9445,18.9643,18.9133,0.031200000000001893,-0.025699999999996948,18.942185714285717,1
2019-12-27,18.8452,18.9445,18.9385,-0.09330000000000283,-0.07130000000000081,18.932,0
2019-12-30,18.8727,18.8452,18.9643,-0.09160000000000323,-0.0815000000000019,18.920357142857142,0
2019-12-31,18.8642,18.8727,18.9445,-0.08030000000000115,-0.09979999999999833,18.906100000000002,0
2020-01-02,18.8817,18.8642,18.8452,0.0365000000000002,-0.03160000000000096,18.901585714285716,0
2020-01-03,18.8673,18.8817,18.8727,-0.005399999999998073,-0.07120000000000104,18.891414285714287,0
2020-01-06,18.827,18.8673,18.8642,-0.03719999999999857,-0.13729999999999976,18.8718,0
2020-01-07,18.8852,18.827,18.8817,0.003500000000002501,-0.05930000000000035,18.86332857142857,1
2020-01-08,18.798,18.8852,18.8673,-0.06930000000000192,-0.04720000000000013,18.856585714285718,0
2020-01-09,18.8453,18.798,18.827,0.018299999999999983,-0.027399999999996538,18.85267142857143,0
2020-01-10,18.7732,18.8453,18.8852,-0.11200000000000188,-0.09100000000000108,18.839671428571428,0
2020-01-13,18.8215,18.7732,18.798,0.023500000000002075,-0.060199999999998255,18.831071428571427,0
2020-01-14,18.812,18.8215,18.8453,-0.03330000000000055,-0.05529999999999902,18.82317142857143,0
2020-01-15,18.8077,18.812,18.7732,0.03450000000000131,-0.019300000000001205,18.820414285714286,0
2020-01-16,18.793,18.8077,18.8215,-0.02850000000000108,-0.09220000000000184,18.807242857142857,0
2020-01-17,18.7388,18.793,18.812,-0.07319999999999993,-0.05919999999999703,18.798785714285714,0
2020-01-20,18.6725,18.7388,18.8077,-0.1352000000000011,-0.17280000000000229,18.7741,0
2020-01-21,18.7007,18.6725,18.793,-0.09229999999999805,-0.07249999999999801,18.76374285714286,0
2020-01-22,18.6883,18.7007,18.7388,-0.050499999999999545,-0.13319999999999865,18.744714285714288,0
2020-01-23,18.8018,18.6883,18.6725,0.12930000000000064,-0.010200000000001097,18.743257142857143,1
2020-01-24,18.8313,18.8018,18.7007,0.1305999999999976,0.02359999999999829,18.746628571428573,1
2020-01-27,18.9407,18.8313,18.6883,0.25239999999999796,0.1477000000000004,18.76772857142857,1
2020-01-28,18.8022,18.9407,18.8018,0.00039999999999906777,0.0633999999999979,18.776785714285715,1
2020-01-29,18.7067,18.8022,18.8313,-0.12459999999999738,0.03420000000000201,18.78167142857143,0
2020-01-30,18.7853,18.7067,18.9407,-0.1554000000000002,0.08459999999999823,18.793757142857142,0
2020-01-31,18.9082,18.7853,18.8022,0.10600000000000165,0.2198999999999991,18.825171428571426,1
2020-02-04,18.6797,18.9082,18.7067,-0.027000000000001023,-0.12209999999999965,18.807728571428573,0
2020-02-05,18.6245,18.6797,18.7853,-0.16079999999999828,-0.20679999999999765,18.778185714285716,0
2020-02-06,18.6645,18.6245,18.9082,-0.24370000000000047,-0.27619999999999933,18.738728571428574,0
2020-02-07,18.7763,18.6645,18.6797,0.09659999999999869,-0.025900000000000034,18.735028571428575,1
2020-02-10,18.7653,18.7763,18.6245,0.1407999999999987,0.05859999999999843,18.7434,1
2020-02-11,18.674,18.7653,18.6645,0.009499999999999176,-0.11129999999999995,18.7275,0
2020-02-12,18.6308,18.674,18.7763,-0.1454999999999984,-0.2774000000000001,18.68787142857143,0
2020-02-13,18.6458,18.6308,18.7653,-0.11949999999999861,-0.03389999999999915,18.683028571428572,0
2020-02-14,18.5712,18.6458,18.674,-0.10279999999999845,-0.053300000000000125,18.675414285714286,0
2020-02-17,18.5715,18.5712,18.6308,-0.05930000000000035,-0.09299999999999997,18.662128571428575,0
2020-02-18,18.5952,18.5715,18.6458,-0.050600000000002865,-0.1811000000000007,18.636257142857144,0
2020-02-19,18.591,18.5952,18.5712,0.01980000000000004,-0.1742999999999988,18.61135714285714,0
2020-02-20,18.7992,18.591,18.5715,0.22769999999999868,0.12519999999999953,18.629242857142856,1
2020-02-21,18.9138,18.7992,18.5952,0.3186,0.2829999999999977,18.66967142857143,1
2020-02-24,19.1197,18.9138,18.591,0.5287000000000006,0.47390000000000043,18.73737142857143,1
2020-02-25,19.0878,19.1197,18.7992,0.2886000000000024,0.5166000000000004,18.81117142857143,1
2020-02-26,19.1585,19.0878,18.9138,0.2447000000000017,0.5869999999999997,18.895028571428572,1
2020-02-27,19.3973,19.1585,19.1197,0.2775999999999996,0.8021000000000029,19.009614285714285,1
2020-02-28,19.776,19.3973,19.0878,0.6881999999999984,1.1849999999999987,19.1789,1
2020-03-02,19.6985,19.776,19.1585,0.5399999999999991,0.8993000000000002,19.30737142857143,1
2020-03-03,19.2837,19.6985,19.3973,-0.1136000000000017,0.36990000000000123,19.360214285714285,0
2020-03-04,19.5335,19.2837,19.776,-0.24249999999999972,0.4137999999999984,19.41932857142857,1
2020-03-05,19.8095,19.5335,19.6985,0.11100000000000065,0.7216999999999985,19.52242857142857,1
2020-03-06,20.1623,19.8095,19.2837,0.8785999999999987,1.0037999999999982,19.66582857142857,1
2020-03-09,21.1117,20.1623,19.5335,1.578199999999999,1.7143999999999977,19.910742857142854,1
2020-03-10,21.0267,21.1117,19.8095,1.2172000000000018,1.250700000000002,20.089414285714287,1
2020-03-11,21.213,21.0267,20.1623,1.0507000000000026,1.5145000000000017,20.30577142857143,1
2020-03-12,22.1518,21.213,21.1117,1.0401000000000025,2.868100000000002,20.7155,1
2020-03-13,21.9288,22.1518,21.0267,0.9020999999999972,2.395299999999999,21.057685714285714,1
2020-03-17,23.0573,21.9288,21.213,1.8443000000000005,3.2478000000000016,21.521657142857144,1
2020-03-18,23.9008,23.0573,22.1518,1.7489999999999988,3.738500000000002,22.055728571428574,1
2020-03-19,24.0868,23.9008,21.9288,2.1580000000000013,2.975100000000001,22.48074285714286,1
2020-03-20,24.1113,24.0868,23.0573,1.0539999999999985,3.0845999999999982,22.9214,1
2020-03-23,25.0782,24.1113,23.9008,1.1773999999999987,3.865199999999998,23.47357142857143,1
2020-03-24,25.1185,25.0782,24.0868,1.0317000000000007,2.9666999999999994,23.897385714285715,1
2020-03-25,24.2948,25.1185,24.1113,0.18349999999999866,2.3659999999999997,24.235385714285712,1
2020-03-26,23.097,24.2948,25.0782,-1.9811999999999976,0.039699999999999847,24.24105714285714,0
2020-03-27,23.5122,23.097,25.1185,-1.606300000000001,-0.3886000000000003,24.185542857142856,0
2020-03-30,24.2853,23.5122,24.2948,-0.009499999999999176,0.19849999999999923,24.2139,1
2020-03-31,23.4847,24.2853,23.097,0.3876999999999988,-0.6265999999999998,24.124385714285715,0
2020-04-01,24.4918,23.4847,23.5122,0.9796000000000014,-0.5863999999999976,24.040614285714287,1
2020-04-02,24.1087,24.4918,24.2853,-0.17660000000000053,-1.009800000000002,23.89635714285714,1
2020-04-03,24.6938,24.1087,23.4847,1.2090999999999994,0.3990000000000009,23.953357142857147,1
2020-04-06,24.6895,24.6938,24.4918,0.19769999999999754,1.5924999999999976,24.180857142857143,1
2020-04-07,24.0388,24.6895,24.1087,-0.06990000000000052,0.5265999999999984,24.256085714285714,0
2020-04-08,24.0925,24.0388,24.6938,-0.6012999999999984,-0.1927999999999983,24.228542857142855,0
2020-04-13,23.7427,24.0925,24.6895,-0.9467999999999996,0.2579999999999991,24.2654,0
2020-04-14,23.5645,23.7427,24.0388,-0.4742999999999995,-0.9273000000000025,24.13292857142857,0
2020-04-15,24.1155,23.5645,24.0925,0.022999999999999687,0.006800000000001916,24.1339,0
2020-04-16,24.2098,24.1155,23.7427,0.46710000000000207,-0.4839999999999982,24.06475714285714,1
2020-04-17,23.9012,24.2098,23.5645,0.33670000000000044,-0.7882999999999996,23.95214285714286,0
2020-04-20,24.0077,23.9012,24.1155,-0.107800000000001,-0.031099999999998573,23.9477,1
2020-04-21,24.4248,24.0077,24.2098,0.21499999999999986,0.33230000000000004,23.99517142857143,1
2020-04-22,24.5883,24.4248,23.9012,0.6871000000000009,0.845600000000001,24.115971428571424,1
2020-04-23,24.623,24.5883,24.0077,0.6153000000000013,1.0585000000000022,24.267185714285716,1
2020-04-24,24.8583,24.623,24.4248,0.43349999999999866,0.742799999999999,24.3733,1
2020-04-27,24.8492,24.8583,24.5883,0.26089999999999947,0.6393999999999984,24.464642857142856,1
2020-04-28,24.3882,24.8492,24.623,-0.2347999999999999,0.4870000000000019,24.534214285714285,0
2020-04-29,24.0002,24.3882,24.8583,-0.8581000000000003,-0.007500000000000284,24.533142857142856,0
2020-04-30,23.9283,24.0002,24.8492,-0.9208999999999996,-0.49650000000000105,24.462214285714285,0
2020-05-04,24.3812,23.9283,24.3882,-0.0070000000000014495,-0.2071000000000005,24.432628571428573,0
2020-05-05,23.8343,24.3812,24.0002,-0.1659000000000006,-0.7887000000000022,24.31995714285714,0
2020-05-06,24.2942,23.8343,23.9283,0.3658999999999999,-0.5640999999999998,24.239371428571427,1
2020-05-07,24.0563,24.2942,24.3812,-0.3248999999999995,-0.7928999999999995,24.1261,0
2020-05-08,23.6805,24.0563,23.8343,-0.15380000000000038,-0.7077000000000027,24.025000000000002,0
2020-05-11,23.8693,23.6805,24.2942,-0.42490000000000094,-0.13090000000000046,24.0063,0
2020-05-12,24.0487,23.8693,24.0563,-0.007600000000000051,0.12040000000000006,24.023499999999995,1
2020-05-13,24.2113,24.0487,23.6805,0.5308000000000028,-0.16989999999999839,23.99922857142857,1
2020-05-14,24.2708,24.2113,23.8693,0.4015000000000022,0.43650000000000233,24.061585714285712,1
2020-05-15,23.958,24.2708,24.0487,-0.09070000000000178,-0.3362000000000016,24.01355714285714,0
2020-05-18,23.6032,23.958,24.2113,-0.6081000000000003,-0.45309999999999917,23.948828571428574,0
2020-05-19,23.6023,23.6032,24.2708,-0.6685000000000016,-0.07819999999999894,23.93765714285714,0
2020-05-20,23.2962,23.6023,23.958,-0.6617999999999995,-0.5731000000000002,23.855785714285712,0
2020-05-21,22.96,23.2962,23.6032,-0.6432000000000002,-1.0886999999999993,23.700257142857144,0
2020-05-22,22.7928,22.96,23.6023,-0.8094999999999999,-1.4185000000000016,23.497614285714285,0
2020-05-25,22.563,22.7928,23.2962,-0.7332000000000001,-1.7078000000000024,23.253642857142857,0
2020-05-26,22.2932,22.563,22.96,-0.6668000000000021,-1.6647999999999996,23.01581428571429,0
2020-05-27,22.3633,22.2932,22.7928,-0.4295000000000009,-1.2399000000000022,22.83868571428571,0
2020-05-28,22.204,22.3633,22.563,-0.3589999999999982,-1.398299999999999,22.638928571428572,0
2020-05-29,22.1778,22.204,22.2932,-0.1153999999999975,-1.1183999999999976,22.479157142857144,0
2020-06-01,22.0168,22.1778,22.3633,-0.3464999999999989,-0.9432000000000009,22.344414285714286,0
2020-06-02,21.6827,22.0168,22.204,-0.5213000000000001,-1.1100999999999992,22.185828571428573,0
2020-06-03,21.6043,21.6827,22.1778,-0.5735000000000028,-0.9587000000000003,22.04887142857143,0
2020-06-04,21.8388,21.6043,22.0168,-0.17800000000000082,-0.4543999999999997,21.983957142857143,0
2020-06-05,21.5837,21.8388,21.6827,-0.0990000000000002,-0.7795999999999985,21.872585714285716,0
2020-06-08,21.6552,21.5837,21.6043,0.050900000000002166,-0.5488,21.794185714285714,0
2020-06-09,21.7252,21.6552,21.8388,-0.11359999999999815,-0.45260000000000034,21.72952857142857,0
2020-06-10,21.923,21.7252,21.5837,0.33929999999999794,-0.09380000000000166,21.716128571428573,1
2020-06-11,22.4252,21.923,21.6552,0.7699999999999996,0.7424999999999997,21.8222,1
2020-06-12,22.3347,22.4252,21.7252,0.6095000000000006,0.730400000000003,21.926542857142856,1
2020-06-15,22.5435,22.3347,21.923,0.6205000000000034,0.7047000000000025,22.027214285714287,1
2020-06-16,22.2168,22.5435,22.4252,-0.20840000000000103,0.6330999999999989,22.117657142857144,1
2020-06-17,22.2783,22.2168,22.3347,-0.056400000000000006,0.6231000000000009,22.20667142857143,1
2020-06-18,22.6088,22.2783,22.5435,0.06529999999999703,0.8835999999999977,22.3329,1
2020-06-19,22.63,22.6088,22.2168,0.4131999999999998,0.7070000000000007,22.433899999999998,1
2020-06-22,22.4413,22.63,22.2783,0.1629999999999967,0.016099999999998005,22.436200000000003,1
2020-06-23,22.413,22.4413,22.6088,-0.19579999999999842,0.0782999999999987,22.44738571428572,0
2020-06-24,22.6662,22.413,22.63,0.0362000000000009,0.12269999999999825,22.464914285714283,1
2020-06-25,22.7963,22.6662,22.4413,0.3550000000000004,0.5794999999999995,22.5477,1
2020-06-26,22.9715,22.7963,22.413,0.5584999999999987,0.6931999999999974,22.646728571428575,1
2020-06-29,23.1325,22.9715,22.6662,0.4663000000000004,0.5237000000000016,22.721542857142857,1
2020-06-30,23.0893,23.1325,22.7963,0.2930000000000028,0.4593000000000025,22.787157142857147,1
2020-07-01,22.8078,23.0893,22.9715,-0.16369999999999862,0.36650000000000205,22.839514285714284,0
2020-07-02,22.5225,22.8078,23.1325,-0.6099999999999994,0.1095000000000006,22.85515714285714,0
2020-07-03,22.4147,22.5225,23.0893,-0.6746000000000016,-0.25150000000000006,22.81922857142857,0
2020-07-06,22.2808,22.4147,22.8078,-0.527000000000001,-0.5154999999999994,22.745585714285713,0
2020-07-07,22.6213,22.2808,22.5225,0.09880000000000067,-0.3501999999999974,22.695557142857144,0
2020-07-08,22.8225,22.6213,22.4147,0.4078000000000017,-0.3099999999999987,22.651271428571427,1
2020-07-09,22.6945,22.8225,22.2808,0.4137000000000022,-0.39480000000000004,22.59487142857143,1
2020-07-10,22.5342,22.6945,22.6213,-0.08710000000000306,-0.27360000000000184,22.555785714285715,0
2020-07-13,22.4633,22.5342,22.8225,-0.3592000000000013,-0.059200000000000585,22.547328571428572,0
2020-07-14,22.6173,22.4633,22.6945,-0.07720000000000127,0.20260000000000034,22.57627142857143,1
2020-07-15,22.3647,22.6173,22.5342,-0.16949999999999932,0.08389999999999986,22.588257142857145,0
2020-07-16,22.3032,22.3647,22.4633,-0.1600999999999999,-0.31810000000000116,22.542814285714286,0
2020-07-17,22.4897,22.3032,22.6173,-0.12760000000000105,-0.3328000000000024,22.49527142857143,0
2020-07-20,22.6278,22.4897,22.3647,0.26310000000000144,-0.06670000000000087,22.485742857142856,1
2020-07-21,22.3597,22.6278,22.3032,0.05649999999999977,-0.17449999999999832,22.460814285714285,0
2020-07-22,22.251,22.3597,22.4897,-0.2386999999999979,-0.21229999999999905,22.430485714285712,0
2020-07-23,22.3627,22.251,22.6278,-0.26510000000000034,-0.25459999999999994,22.394114285714288,0
2020-07-24,22.3842,22.3627,22.3597,0.024499999999999744,0.01950000000000074,22.3969,0
2020-07-27,22.0275,22.3842,22.251,-0.22350000000000136,-0.2757000000000005,22.357514285714284,0
2020-07-28,21.9615,22.0275,22.3627,-0.40119999999999933,-0.5281999999999982,22.282057142857145,0
2020-07-29,21.9907,21.9615,22.3842,-0.3934999999999995,-0.6371000000000002,22.19104285714286,0
2020-07-30,22.1727,21.9907,22.0275,0.1451999999999991,-0.18700000000000117,22.164328571428573,1
2020-07-31,22.2012,22.1727,21.9615,0.23969999999999914,-0.04980000000000118,22.157214285714286,1
2020-08-03,22.614,22.2012,21.9907,0.6233000000000004,0.2513000000000005,22.193114285714284,1
2020-08-04,22.7845,22.614,22.1727,0.6118000000000023,0.40030000000000143,22.2503,1
2020-08-05,22.4068,22.7845,22.2012,0.20560000000000045,0.37930000000000064,22.30448571428571,1
2020-08-06,22.3652,22.4068,22.614,-0.24879999999999924,0.4037000000000006,22.362157142857143,1
2020-08-07,22.4892,22.3652,22.7845,-0.295300000000001,0.49849999999999994,22.433371428571427,1
2020-08-10,22.485,22.4892,22.4068,0.07819999999999894,0.31230000000000047,22.477985714285715,1
2020-08-11,22.349,22.485,22.3652,-0.016200000000001324,0.14780000000000015,22.4991,0
2020-08-12,22.3457,22.349,22.4892,-0.14349999999999952,-0.2683,22.46077142857143,0
2020-08-13,22.2628,22.3457,22.485,-0.22220000000000084,-0.5217000000000027,22.386242857142857,0
2020-08-14,22.0313,22.2628,22.349,-0.31769999999999854,-0.37549999999999883,22.332600000000003,0
2020-08-17,22.057,22.0313,22.3457,-0.2887000000000022,-0.3082000000000029,22.288571428571426,0
2020-08-18,22.1535,22.057,22.2628,-0.10929999999999751,-0.3356999999999992,22.240614285714287,0
2020-08-19,22.0527,22.1535,22.0313,0.021399999999999864,-0.4322999999999979,22.178857142857144,0
2020-08-20,22.176,22.0527,22.057,0.11899999999999977,-0.17300000000000182,22.15414285714286,1
2020-08-21,22.0362,22.176,22.1535,-0.11730000000000018,-0.3094999999999999,22.109928571428572,0
2020-08-24,21.984,22.0362,22.0527,-0.06869999999999976,-0.27879999999999683,22.0701,0
2020-08-25,21.9723,21.984,22.176,-0.20369999999999777,-0.05900000000000105,22.06167142857143,0
2020-08-26,21.9202,21.9723,22.0362,-0.11599999999999966,-0.13679999999999737,22.042128571428574,0
2020-08-27,22.1168,21.9202,21.984,0.13279999999999959,-0.03669999999999973,22.036885714285717,1
2020-08-28,21.8602,22.1168,21.9723,-0.11210000000000164,-0.19250000000000256,22.009385714285713,0
2020-08-31,21.888,21.8602,21.9202,-0.03219999999999956,-0.2879999999999967,21.968242857142858,0
2020-09-01,21.7445,21.888,22.1168,-0.37230000000000274,-0.2917000000000023,21.926571428571428,0
2020-09-02,21.8393,21.7445,21.8602,-0.020899999999997476,-0.14470000000000027,21.9059,0
2020-09-03,21.6383,21.8393,21.888,-0.2497000000000007,-0.33399999999999963,21.858185714285717,0
2020-09-04,21.6115,21.6383,21.7445,-0.13299999999999912,-0.30870000000000175,21.814085714285714,0
2020-09-07,21.5887,21.6115,21.8393,-0.25060000000000215,-0.528100000000002,21.738642857142857,0
2020-09-08,21.7138,21.5887,21.6383,0.07549999999999812,-0.14639999999999986,21.717728571428573,0
2020-09-09,21.5377,21.7138,21.6115,-0.07379999999999853,-0.3503000000000007,21.667685714285714,0
2020-09-10,21.2773,21.5377,21.5887,-0.311399999999999,-0.4671999999999983,21.600942857142858,0
2020-09-11,21.321,21.2773,21.7138,-0.3927999999999976,-0.5183,21.5269,0
2020-09-14,21.0728,21.321,21.5377,-0.4649000000000001,-0.5655000000000001,21.446114285714284,0
2020-09-15,21.0692,21.0728,21.2773,-0.20810000000000173,-0.5423000000000009,21.368642857142856,0
2020-09-17,20.985,21.0692,21.321,-0.3360000000000021,-0.6036999999999999,21.2824,0
2020-09-18,20.9697,20.985,21.0728,-0.1031000000000013,-0.7440999999999995,21.176099999999998,0
2020-09-21,21.505,20.9697,21.0692,0.4358000000000004,-0.03270000000000195,21.17142857142857,1
2020-09-22,21.5682,21.505,20.985,0.5832000000000015,0.2909000000000006,21.212985714285715,1
2020-09-23,22.0897,21.5682,20.9697,1.120000000000001,0.768699999999999,21.3228,1
2020-09-24,22.3678,22.0897,21.505,0.8628,1.2949999999999982,21.5078,1
2020-09-25,22.4402,22.3678,21.5682,0.8719999999999999,1.3710000000000022,21.703657142857143,1
2020-09-28,22.4573,22.4402,22.0897,0.3675999999999995,1.4723000000000006,21.91398571428571,1
2020-09-29,22.3598,22.4573,22.3678,-0.007999999999999119,1.3901000000000003,22.11257142857143,1
2020-09-30,22.1438,22.3598,22.4402,-0.296400000000002,0.6387999999999998,22.203828571428573,0
2020-10-01,21.9562,22.1438,22.4573,-0.501100000000001,0.3879999999999981,22.25925714285714,0
2020-10-02,21.7025,21.9562,22.3598,-0.6572999999999993,-0.3872,22.203942857142856,0
2020-10-05,21.396,21.7025,22.1438,-0.747799999999998,-0.9717999999999982,22.065114285714287,0
2020-10-06,21.4507,21.396,21.9562,-0.5054999999999978,-0.9894999999999996,21.923757142857145,0
2020-10-07,21.493,21.4507,21.7025,-0.20950000000000202,-0.9643000000000015,21.786,0
2020-10-08,21.4318,21.493,21.396,0.03579999999999828,-0.9280000000000008,21.65342857142857,0
2020-10-09,21.1822,21.4318,21.4507,-0.2684999999999995,-0.9615999999999971,21.516057142857143,0
2020-10-12,21.2183,21.1822,21.493,-0.2746999999999993,-0.7378999999999998,21.410642857142857,0
2020-10-13,21.3677,21.2183,21.4318,-0.06409999999999982,-0.3348000000000013,21.362814285714286,1
2020-10-14,21.2998,21.3677,21.1822,0.11759999999999948,-0.09619999999999962,21.349071428571428,0
2020-10-15,21.3832,21.2998,21.2183,0.16489999999999938,-0.06750000000000256,21.339428571428574,1
2020-10-16,21.1765,21.3832,21.3677,-0.19119999999999848,-0.3164999999999978,21.294214285714286,0
2020-10-19,21.1342,21.1765,21.2998,-0.1656000000000013,-0.2975999999999992,21.2517,0
2020-10-20,21.0902,21.1342,21.3832,-0.29299999999999926,-0.0920000000000023,21.238557142857143,0
2020-10-21,21.064,21.0902,21.1765,-0.11250000000000071,-0.15429999999999922,21.216514285714286,0
2020-10-22,21.03,21.064,21.1342,-0.10419999999999874,-0.3376999999999981,21.168271428571426,0
2020-10-23,20.9205,21.03,21.0902,-0.16969999999999885,-0.37930000000000064,21.114085714285714,0
2020-10-26,20.9818,20.9205,21.064,-0.08220000000000027,-0.40139999999999887,21.056742857142858,0
2020-10-27,20.8798,20.9818,21.03,-0.15020000000000167,-0.2967000000000013,21.01435714285714,0
2020-10-28,21.1648,20.8798,20.9205,0.24429999999999907,0.03059999999999974,21.01872857142857,1
2020-10-29,21.377,21.1648,20.9818,0.3951999999999991,0.2867999999999995,21.0597,1
2020-10-30,21.2508,21.377,20.8798,0.3710000000000022,0.18680000000000163,21.086385714285715,1
2020-11-03,21.1555,21.2508,21.1648,-0.009299999999999642,0.12549999999999883,21.104314285714285,1
2020-11-04,21.0345,21.1555,21.377,-0.3424999999999976,0.11400000000000077,21.1206,0
2020-11-05,20.7612,21.0345,21.2508,-0.4896000000000029,-0.22060000000000102,21.089085714285716,0
2020-11-06,20.62,20.7612,21.1555,-0.535499999999999,-0.2597999999999985,21.051971428571427,0
2020-11-09,20.36,20.62,21.0345,-0.6745000000000019,-0.8048000000000002,20.937,0
2020-11-10,20.4018,20.36,20.7612,-0.3593999999999973,-0.9751999999999974,20.797685714285713,0
2020-11-11,20.5772,20.4018,20.62,-0.04279999999999973,-0.6736000000000004,20.701457142857144,0
2020-11-12,20.5303,20.5772,20.36,0.170300000000001,-0.6251999999999995,20.612142857142857,0
2020-11-13,20.4833,20.5303,20.4018,0.08149999999999835,-0.5512000000000015,20.5334,0
2020-11-17,20.3212,20.4833,20.5772,-0.2560000000000002,-0.4399999999999977,20.470542857142856,0
2020-11-18,20.2388,20.3212,20.5303,-0.2914999999999992,-0.38119999999999976,20.416085714285714,0
2020-11-19,20.1858,20.2388,20.4833,-0.29749999999999943,-0.17419999999999902,20.3912,0
2020-11-20,20.1172,20.1858,20.3212,-0.20400000000000063,-0.2846000000000011,20.35054285714286,0
2020-11-23,20.1012,20.1172,20.2388,-0.1376000000000026,-0.47600000000000264,20.282542857142857,0
2020-11-24,20.0577,20.1012,20.1858,-0.12809999999999988,-0.4725999999999999,20.215028571428572,0
2020-11-25,20.0465,20.0577,20.1172,-0.07069999999999865,-0.4367999999999981,20.152628571428572,0
2020-11-26,20.0467,20.0465,20.1012,-0.05449999999999733,-0.27449999999999974,20.11341428571429,0
2020-11-27,20.0777,20.0467,20.0577,0.019999999999999574,-0.16110000000000113,20.0904,0
2020-11-30,20.1398,20.0777,20.0465,0.09329999999999927,-0.045999999999999375,20.083828571428572,1
2020-12-01,20.0508,20.1398,20.0467,0.00409999999999755,-0.06640000000000157,20.074342857142856,0
2020-12-02,20.0497,20.0508,20.0777,-0.027999999999998693,-0.051499999999997215,20.066985714285718,0
2020-12-03,19.9083,20.0497,20.1398,-0.23150000000000048,-0.14939999999999998,20.04564285714286,0
2020-12-04,19.7838,19.9083,20.0508,-0.26699999999999946,-0.2627000000000024,20.00811428571429,0
2020-12-07,19.8213,19.7838,20.0497,-0.2284000000000006,-0.2254000000000005,19.975914285714286,0
2020-12-08,19.7537,19.8213,19.9083,-0.15460000000000207,-0.3240000000000016,19.929628571428573,0
2020-12-09,19.8368,19.7537,19.7838,0.053000000000000824,-0.3030000000000008,19.886342857142857,0
2020-12-10,19.9572,19.8368,19.8213,0.13589999999999947,-0.09359999999999857,19.87297142857143,1
2020-12-11,20.1075,19.9572,19.7537,0.3538000000000032,0.057800000000000296,19.881228571428572,1
2020-12-14,20.1778,20.1075,19.8368,0.3410000000000011,0.26950000000000074,19.919728571428575,1
2020-12-15,20.1113,20.1778,19.9572,0.15409999999999968,0.32750000000000057,19.966514285714286,1
2020-12-16,19.9513,20.1113,20.1075,-0.1562000000000019,0.129999999999999,19.985085714285713,0
2020-12-17,19.8173,19.9513,20.1778,-0.3605000000000018,0.06360000000000099,19.99417142857143,0
2020-12-18,19.9487,19.8173,20.1113,-0.1626000000000012,0.11189999999999856,20.010157142857143,0
2020-12-21,20.0905,19.9487,19.9513,0.13919999999999888,0.13329999999999842,20.0292,1
2020-12-22,20.0562,20.0905,19.8173,0.238900000000001,-0.051300000000001234,20.021871428571426,1
2020-12-23,20.1175,20.0562,19.9487,0.16880000000000095,-0.060300000000001575,20.013257142857146,1
2020-12-24,19.8517,20.1175,20.0905,-0.23879999999999768,-0.25959999999999894,19.97617142857143,0
2020-12-28,20.0477,19.8517,20.0562,-0.008500000000001506,0.09639999999999915,19.989942857142857,1
2020-12-29,19.9487,20.0477,20.1175,-0.16880000000000095,0.1313999999999993,20.008714285714284,0
2020-12-30,19.9352,19.9487,19.8517,0.08349999999999724,-0.013500000000000512,20.006785714285712,0
2020-12-31,19.9087,19.9352,20.0477,-0.13899999999999935,-0.18179999999999907,19.980814285714285,0
2021-01-04,19.8457,19.9087,19.9487,-0.10299999999999798,-0.2104999999999997,19.950742857142853,0
2021-01-05,19.9437,19.8457,19.9352,0.008500000000001506,-0.17379999999999995,19.92591428571429,1
2021-01-06,19.725,19.9437,19.9087,-0.1836999999999982,-0.1266999999999996,19.907814285714284,0
2021-01-07,19.91,19.725,19.8457,0.06429999999999936,-0.13769999999999882,19.88814285714286,1
2021-01-08,19.9705,19.91,19.9437,0.02680000000000149,0.021800000000002484,19.891257142857143,1
2021-01-11,20.113,19.9705,19.725,0.3879999999999981,0.1778000000000013,19.916657142857144,1
2021-01-12,19.9373,20.113,19.91,0.027300000000000324,0.028600000000000847,19.92074285714286,1
2021-01-13,19.7935,19.9373,19.9705,-0.1769999999999996,-0.052199999999999136,19.913285714285713,0
2021-01-14,19.7793,19.7935,20.113,-0.33370000000000033,-0.16440000000000055,19.8898,0
2021-01-15,19.7875,19.7793,19.9373,-0.14979999999999905,0.0625,19.89872857142857,0
2021-01-18,19.757,19.7875,19.7935,-0.0365000000000002,-0.1529999999999987,19.87687142857143,0
2021-01-19,19.6788,19.757,19.7793,-0.10050000000000026,-0.2917000000000023,19.835200000000004,0
2021-01-20,19.5793,19.6788,19.7875,-0.2082000000000015,-0.5336999999999996,19.758957142857145,0
2021-01-21,19.7393,19.5793,19.757,-0.01770000000000138,-0.1980000000000004,19.73067142857143,1
2021-01-22,19.9833,19.7393,19.6788,0.3045000000000009,0.1897999999999982,19.757785714285717,1
2021-01-25,20.1598,19.9833,19.5793,0.5805000000000007,0.3805000000000014,19.812142857142856,1
2021-01-26,20.0152,20.1598,19.7393,0.27590000000000003,0.22769999999999868,19.844671428571427,1
2021-01-27,20.2168,20.0152,19.9833,0.23349999999999937,0.45979999999999777,19.910357142857144,1
2021-01-28,20.2697,20.2168,20.1598,0.10989999999999966,0.5909000000000013,19.99477142857143,1
2021-01-29,20.2248,20.2697,20.0152,0.20959999999999823,0.6454999999999984,20.086985714285714,1
2021-02-02,20.1722,20.2248,20.2168,-0.044599999999999085,0.43290000000000006,20.14882857142857,1
2021-02-03,20.1953,20.1722,20.2697,-0.07440000000000069,0.21199999999999974,20.179114285714288,1
2021-02-04,20.4435,20.1953,20.2248,0.2187000000000019,0.2836999999999996,20.219642857142855,1
2021-02-05,20.1388,20.4435,20.1722,-0.03340000000000032,0.12359999999999971,20.2373,0
2021-02-08,20.1227,20.1388,20.1953,-0.07260000000000133,-0.09410000000000096,20.223857142857145,0
2021-02-09,20.0913,20.1227,20.4435,-0.35219999999999985,-0.1783999999999999,20.198371428571427,0
2021-02-10,20.0588,20.0913,20.1388,-0.0799999999999983,-0.16599999999999682,20.174657142857143,0
2021-02-11,19.9535,20.0588,20.1227,-0.16920000000000002,-0.2187000000000019,20.143414285714282,0
2021-02-12,19.9622,19.9535,20.0913,-0.1291000000000011,-0.2331000000000003,20.110114285714285,0
2021-02-15,19.9518,19.9622,20.0588,-0.10700000000000287,-0.4917000000000016,20.039871428571427,0
2021-02-16,20.2023,19.9518,19.9535,0.2488000000000028,0.06350000000000122,20.04894285714286,1
2021-02-17,20.2257,20.2023,19.9622,0.2635000000000005,0.10300000000000153,20.063657142857146,1
2021-02-18,20.4165,20.2257,19.9518,0.46470000000000056,0.3251999999999988,20.110114285714285,1
2021-02-19,20.4222,20.4165,20.2023,0.2198999999999991,0.3633999999999986,20.16202857142857,1
2021-02-22,20.6783,20.4222,20.2257,0.45260000000000034,0.7248000000000019,20.26557142857143,1
2021-02-23,20.5833,20.6783,20.4165,0.16680000000000206,0.621100000000002,20.3543,1
2021-02-24,20.4752,20.5833,20.4222,0.053000000000000824,0.5234000000000023,20.42907142857143,1
2021-02-25,20.8523,20.4752,20.6783,0.1739999999999995,0.6499999999999986,20.52192857142857,1
2021-02-26,20.939,20.8523,20.5833,0.3556999999999988,0.7133000000000003,20.62382857142857,1
2021-03-01,20.6123,20.939,20.4752,0.13710000000000022,0.19580000000000197,20.6518,0
2021-03-02,20.6903,20.6123,20.8523,-0.16199999999999903,0.26810000000000045,20.6901,1
2021-03-03,20.8957,20.6903,20.939,-0.04329999999999856,0.21740000000000137,20.721157142857145,1
2021-03-04,20.8498,20.8957,20.6123,0.23749999999999716,0.2664999999999971,20.75922857142857,1
2021-03-05,21.2635,20.8498,20.6903,0.5731999999999999,0.7882999999999996,20.87184285714286,1
2021-03-08,21.4177,21.2635,20.8957,0.5219999999999985,0.5654000000000003,20.952614285714283,1
2021-03-09,21.2575,21.4177,20.8498,0.40770000000000195,0.3185000000000002,20.998114285714287,1
2021-03-10,20.9853,21.2575,21.2635,-0.2782000000000018,0.37299999999999756,21.0514,0
2021-03-11,20.7133,20.9853,21.4177,-0.7043999999999997,0.022999999999999687,21.054685714285714,0
2021-03-12,20.7637,20.7133,21.2575,-0.49380000000000024,-0.13200000000000145,21.03582857142857,0
2021-03-16,20.5753,20.7637,20.9853,-0.41000000000000014,-0.27449999999999974,20.996614285714287,0
2021-03-17,20.6828,20.5753,20.7133,-0.03049999999999997,-0.5807000000000002,20.913657142857144,0
2021-03-18,20.4415,20.6828,20.7637,-0.3221999999999987,-0.9761999999999986,20.7742,0
2021-03-19,20.4823,20.4415,20.5753,-0.09299999999999997,-0.7752000000000017,20.663457142857144,0
2021-03-22,20.5788,20.4823,20.6828,-0.1039999999999992,-0.40649999999999764,20.605385714285717,0
2021-03-23,20.6408,20.5788,20.4415,0.19929999999999737,-0.07250000000000156,20.59502857142857,1
2021-03-24,20.7882,20.6408,20.4823,0.30590000000000117,0.024499999999999744,20.598528571428574,1
2021-03-25,20.7662,20.7882,20.5788,0.18740000000000023,0.19090000000000273,20.6258,1
2021-03-26,20.5677,20.7662,20.6408,-0.07310000000000016,-0.11510000000000176,20.609357142857142,0
2021-03-29,20.6047,20.5677,20.7882,-0.18349999999999866,0.1631999999999998,20.632671428571427,0
2021-03-30,20.6025,20.6047,20.7662,-0.16370000000000218,0.12020000000000053,20.649842857142858,0
2021-03-31,20.44,20.6025,20.5677,-0.12769999999999726,-0.1387999999999998,20.630014285714285,0
2021-04-05,20.2483,20.44,20.6047,-0.3564000000000007,-0.3924999999999983,20.57394285714286,0
2021-04-06,20.1612,20.2483,20.6025,-0.44129999999999825,-0.6269999999999989,20.48437142857143,0
2021-04-07,20.1765,20.1612,20.44,-0.2635000000000005,-0.5897000000000006,20.400128571428574,0
2021-04-08,20.089,20.1765,20.2483,-0.15930000000000177,-0.4786999999999999,20.33174285714286,0
2021-04-09,20.163,20.089,20.1612,0.0017999999999993577,-0.44170000000000087,20.268642857142854,0
2021-04-12,20.095,20.163,20.1765,-0.0815000000000019,-0.5075000000000003,20.196142857142856,0
2021-04-13,20.0735,20.095,20.089,-0.015499999999999403,-0.36650000000000205,20.143785714285716,0
2021-04-14,20.0583,20.0735,20.163,-0.10470000000000113,-0.19000000000000128,20.116642857142857,0
2021-04-15,19.927,20.0583,20.095,-0.16799999999999926,-0.2342000000000013,20.083185714285715,0
2021-04-16,19.9158,19.927,20.0735,-0.1576999999999984,-0.26069999999999993,20.045942857142855,0
2021-04-19,19.8145,19.9158,20.0583,-0.24380000000000024,-0.27449999999999974,20.00672857142857,0
2021-04-20,19.8877,19.8145,19.927,-0.03930000000000078,-0.27530000000000143,19.967399999999998,0
2021-04-21,19.874,19.8877,19.9158,-0.04180000000000206,-0.22100000000000009,19.93582857142857,0
2021-04-22,19.8865,19.874,19.8145,0.07200000000000273,-0.1869999999999976,19.909114285714285,0
2021-04-23,19.8695,19.8865,19.8877,-0.018200000000000216,-0.18880000000000052,19.882142857142856,0
2021-04-26,19.8362,19.8695,19.874,-0.03779999999999717,-0.090799999999998,19.86917142857143,0
2021-04-27,19.9785,19.8362,19.8865,0.09199999999999875,0.06269999999999953,19.87812857142857,1
2021-04-28,19.9712,19.9785,19.8695,0.10170000000000101,0.15670000000000073,19.900514285714287,1
2021-04-29,20.0978,19.9712,19.8362,0.26159999999999783,0.21010000000000062,19.93052857142857,1
2021-04-30,20.1822,20.0978,19.9785,0.20370000000000132,0.3082000000000029,19.974557142857144,1
2021-05-03,20.1902,20.1822,19.9712,0.2190000000000012,0.3036999999999992,20.017942857142856,1
2021-05-04,20.2235,20.1902,20.0978,0.12570000000000192,0.35400000000000276,20.068514285714286,1
2021-05-05,20.2077,20.2235,20.1822,0.025499999999997414,0.3714999999999975,20.121585714285715,1
2021-05-06,20.1838,20.2077,20.1902,-0.006399999999999295,0.20530000000000115,20.150914285714286,1
2021-05-07,19.9223,20.1838,20.2235,-0.30120000000000147,-0.04889999999999972,20.14392857142857,0
2021-05-10,19.886,19.9223,20.2077,-0.3216999999999999,-0.2118000000000002,20.11367142857143,0
2021-05-11,19.8848,19.886,20.1838,-0.29900000000000304,-0.2974000000000032,20.071185714285715,0
2021-05-12,20.094,19.8848,19.9223,0.1717000000000013,-0.09619999999999962,20.057442857142856,1
2021-05-13,20.0495,20.094,19.886,0.1634999999999991,-0.17400000000000304,20.032585714285712,1
2021-05-14,19.8487,20.0495,19.8848,-0.03609999999999758,-0.3589999999999982,19.9813,0
2021-05-17,19.8028,19.8487,20.094,-0.2911999999999999,-0.3810000000000002,19.926871428571427,0
2021-05-18,19.8313,19.8028,20.0495,-0.2181999999999995,-0.09100000000000108,19.91387142857143,0
2021-05-19,19.8143,19.8313,19.8487,-0.03440000000000154,-0.07169999999999987,19.903628571428573,0
2021-05-20,19.881,19.8143,19.8028,0.07819999999999894,-0.0037999999999982492,19.903085714285712,0
2021-05-21,19.951,19.881,19.8313,0.1197000000000017,-0.14300000000000068,19.882657142857145,1
2021-05-24,19.872,19.951,19.8143,0.05770000000000053,-0.17749999999999844,19.857300000000002,1
2021-05-25,19.8903,19.872,19.881,0.009299999999999642,0.04159999999999897,19.863242857142858,1
2021-05-26,19.8783,19.8903,19.951,-0.0727000000000011,0.07549999999999812,19.87402857142857,1
2021-05-27,19.9487,19.8783,19.872,0.07669999999999888,0.11739999999999995,19.890800000000002,1
2021-05-28,19.9442,19.9487,19.8903,0.05389999999999873,0.12989999999999924,19.909357142857143,1
2021-05-31,19.9213,19.9442,19.8783,0.04299999999999926,0.04029999999999845,19.915114285714285,1
2021-06-01,19.8927,19.9213,19.9487,-0.055999999999997385,-0.05829999999999913,19.906785714285714,0
2021-06-02,19.9277,19.8927,19.9442,-0.016499999999997073,0.05570000000000164,19.91474285714286,1
2021-06-03,20.0605,19.9277,19.9213,0.13920000000000243,0.17020000000000124,19.93905714285714,1
2021-06-04,19.9328,20.0605,19.8927,0.040099999999998914,0.05450000000000088,19.946842857142858,0
2021-06-07,19.797,19.9328,19.9277,-0.13070000000000093,-0.15169999999999817,19.925171428571428,0
2021-06-08,19.7728,19.797,20.0605,-0.28770000000000095,-0.17139999999999844,19.900685714285714,0
2021-06-09,19.6897,19.7728,19.9328,-0.24310000000000187,-0.23160000000000025,19.8676,0
2021-06-10,19.7002,19.6897,19.797,-0.09680000000000177,-0.19250000000000256,19.8401,0
2021-06-11,19.8823,19.7002,19.7728,0.1095000000000006,-0.04540000000000077,19.833614285714287,1
2021-06-14,19.9065,19.8823,19.6897,0.21680000000000277,-0.15399999999999991,19.811614285714285,1
2021-06-15,20.1235,19.9065,19.7002,0.4233000000000011,0.19069999999999965,19.838857142857144,1
2021-06-16,20.0588,20.1235,19.8823,0.17650000000000077,0.2618000000000009,19.876257142857146,1
2021-06-17,20.4292,20.0588,19.9065,0.5227000000000004,0.6564000000000014,19.97002857142857,1
2021-06-18,20.7002,20.4292,20.1235,0.5766999999999989,1.0105000000000004,20.114385714285714,1
2021-06-21,20.6,20.7002,20.0588,0.5411999999999999,0.8998000000000026,20.24292857142857,1
2021-06-22,20.5712,20.6,20.4292,0.14199999999999946,0.6889000000000003,20.341342857142855,1
2021-06-23,20.2505,20.5712,20.7002,-0.4497,0.34399999999999764,20.390485714285717,0
2021-06-24,20.0483,20.2505,20.6,-0.5517000000000003,-0.07519999999999882,20.379742857142855,0
2021-06-25,19.793,20.0483,20.5712,-0.7782000000000018,-0.26580000000000226,20.34177142857143,0
2021-06-28,19.8027,19.793,20.2505,-0.4477999999999973,-0.6265000000000001,20.25227142857143,0
2021-06-29,19.8157,19.8027,20.0483,-0.23260000000000147,-0.8844999999999992,20.125914285714288,0
2021-06-30,19.9062,19.8157,19.793,0.11319999999999908,-0.6938000000000031,20.0268,0
2021-07-01,20.0368,19.9062,19.8027,0.23409999999999798,-0.5344000000000015,19.950457142857143,1
2021-07-02,19.8817,20.0368,19.8157,0.06599999999999895,-0.36880000000000024,19.897771428571428,0
2021-07-05,19.8532,19.8817,19.9062,-0.05299999999999727,-0.19510000000000005,19.869899999999998,0
2021-07-06,19.9658,19.8532,20.0368,-0.07099999999999795,0.17280000000000229,19.894585714285714,1
2021-07-07,19.9915,19.9658,19.8817,0.1097999999999999,0.18879999999999697,19.921557142857143,1
2021-07-08,20.007,19.9915,19.8532,0.15380000000000038,0.1913000000000018,19.948885714285716,1
2021-07-09,19.88,20.007,19.9658,-0.08580000000000254,-0.026199999999999335,19.945142857142855,0
2021-07-12,19.8577,19.88,19.9915,-0.13379999999999725,-0.17909999999999826,19.919557142857144,0
2021-07-13,19.9988,19.8577,20.007,-0.008200000000002206,0.11710000000000065,19.936285714285713,1
2021-07-14,19.8992,19.9988,19.88,0.019200000000001438,0.045999999999999375,19.942857142857143,0
2021-07-15,19.9412,19.8992,19.8577,0.08349999999999724,-0.024600000000003064,19.939342857142858,1
2021-07-16,19.8537,19.9412,19.9988,-0.14509999999999934,-0.1377999999999986,19.919657142857144,0
2021-07-19,20.0,19.8537,19.8992,0.10079999999999956,-0.0070000000000014495,19.918657142857143,1
2021-07-20,20.1348,20.0,19.9412,0.1936,0.25479999999999947,19.95505714285714,1
2021-07-21,20.1907,20.1348,19.8537,0.33699999999999974,0.3329999999999984,20.00262857142857,1
2021-07-22,20.1812,20.1907,20.0,0.18120000000000047,0.18240000000000123,20.02868571428571,1
2021-07-23,20.0238,20.1812,20.1348,-0.1109999999999971,0.12460000000000093,20.046485714285716,0
2021-07-26,20.0245,20.0238,20.1907,-0.1661999999999999,0.08330000000000126,20.058385714285716,0
2021-07-27,19.977,20.0245,20.1812,-0.20420000000000016,0.12330000000000041,20.075999999999997,0
2021-07-28,19.9535,19.977,20.0238,-0.07030000000000314,-0.04650000000000176,20.069357142857143,0
2021-07-29,19.8448,19.9535,20.0245,-0.17970000000000041,-0.28999999999999915,20.02792857142857,0
2021-07-30,19.8455,19.8448,19.977,-0.13149999999999906,-0.3451999999999984,19.978614285714286,0
2021-08-02,19.852,19.8455,19.9535,-0.10149999999999793,-0.32920000000000016,19.931585714285713,0
2021-08-03,19.892,19.852,19.8448,0.04720000000000013,-0.13180000000000192,19.912757142857142,0
2021-08-04,19.9547,19.892,19.8455,0.10919999999999774,-0.06980000000000075,19.902785714285717,1
2021-08-05,19.9293,19.9547,19.852,0.07730000000000103,-0.047699999999998965,19.895971428571425,1
2021-08-06,20.0037,19.9293,19.892,0.11169999999999902,0.050200000000000244,19.903142857142857,1
2021-08-09,20.0648,20.0037,19.9547,0.11010000000000275,0.22000000000000242,19.934571428571427,1
2021-08-10,20.1038,20.0648,19.9293,0.17449999999999832,0.2582999999999984,19.971471428571427,1
2021-08-11,19.953,20.1038,20.0037,-0.05069999999999908,0.10099999999999909,19.985899999999997,0
2021-08-12,19.8907,19.953,20.0648,-0.1741000000000028,-0.001300000000000523,19.985714285714288,0
2021-08-13,19.8603,19.8907,20.1038,-0.24350000000000094,-0.09440000000000026,19.97222857142857,0
2021-08-16,19.8863,19.8603,19.953,-0.06670000000000087,-0.043000000000002814,19.966085714285715,0
2021-08-17,19.9912,19.8863,19.8907,0.10050000000000026,-0.01249999999999929,19.9643,1
2021-08-18,20.0107,19.9912,19.8603,0.1504000000000012,-0.05410000000000181,19.95657142857143,1
2021-08-19,20.1175,20.0107,19.8863,0.23120000000000118,0.013700000000000045,19.95852857142857,1
2021-08-20,20.402,20.1175,19.9912,0.41080000000000183,0.4490000000000016,20.02267142857143,1
2021-08-23,20.3907,20.402,20.0107,0.379999999999999,0.5,20.0941,1
2021-08-24,20.2967,20.3907,20.1175,0.17920000000000158,0.43640000000000256,20.156442857142856,1
2021-08-25,20.2933,20.2967,20.402,-0.10870000000000246,0.40700000000000003,20.21458571428571,1
2021-08-26,20.3522,20.2933,20.3907,-0.03849999999999909,0.36100000000000065,20.266157142857143,1
2021-08-27,20.2293,20.3522,20.2967,-0.06740000000000279,0.21859999999999857,20.297385714285713,0
2021-08-30,20.1403,20.2293,20.2933,-0.1529999999999987,0.022800000000000153,20.300642857142858,0
2021-08-31,20.0605,20.1403,20.3522,-0.29169999999999874,-0.3414999999999999,20.251857142857144,0
2021-09-01,19.9615,20.0605,20.2293,-0.2677999999999976,-0.429199999999998,20.190542857142855,0
2021-09-02,19.9703,19.9615,20.1403,-0.16999999999999815,-0.3263999999999996,20.14391428571429,0
2021-09-03,19.8992,19.9703,20.0605,-0.16130000000000067,-0.3940999999999981,20.087614285714288,0
2021-09-06,19.8878,19.8992,19.9615,-0.07370000000000232,-0.46440000000000126,20.021271428571428,0
2021-09-07,19.944,19.8878,19.9703,-0.026300000000002655,-0.28529999999999944,19.98051428571429,0
2021-09-08,19.9383,19.944,19.8992,0.039100000000001245,-0.20199999999999818,19.95165714285714,0
2021-09-09,19.9318,19.9383,19.8878,0.04400000000000048,-0.12870000000000203,19.93327142857143,0
2021-09-10,19.8717,19.9318,19.944,-0.07229999999999848,-0.08980000000000032,19.92044285714286,0
2021-09-13,19.8677,19.8717,19.9383,-0.07060000000000244,-0.10260000000000247,19.905785714285713,0
2021-09-14,19.9035,19.8677,19.9318,-0.028299999999997993,0.004300000000000637,19.906399999999998,0
2021-09-15,19.9003,19.9035,19.8717,0.028600000000000847,0.012500000000002842,19.908185714285715,0
2021-09-17,19.9853,19.9003,19.8677,0.11759999999999948,0.04129999999999967,19.914085714285715,1
2021-09-20,20.1735,19.9853,19.9035,0.2699999999999996,0.23519999999999897,19.947685714285715,1
2021-09-21,20.1438,20.1735,19.9003,0.24349999999999739,0.21199999999999974,19.97797142857143,1
2021-09-22,20.0328,20.1438,19.9853,0.047500000000002984,0.16110000000000113,20.000985714285715,1
2021-09-23,20.028,20.0328,20.1735,-0.14550000000000196,0.16029999999999944,20.023885714285715,1
2021-09-24,20.1118,20.028,20.1438,-0.03200000000000003,0.2082999999999977,20.053642857142854,1
2021-09-27,20.1052,20.1118,20.0328,0.07239999999999824,0.20489999999999853,20.082914285714285,1
2021-09-28,20.306,20.1052,20.028,0.27800000000000225,0.3207000000000022,20.128728571428574,1
2021-09-29,20.4977,20.306,20.1118,0.38589999999999947,0.3241999999999976,20.17504285714286,1
2021-09-30,20.5623,20.4977,20.1052,0.4571000000000005,0.41850000000000165,20.234828571428572,1
2021-10-01,20.5103,20.5623,20.306,0.20429999999999993,0.47749999999999915,20.303042857142856,1
2021-10-04,20.5747,20.5103,20.4977,0.07700000000000173,0.5467000000000013,20.38114285714286,1
2021-10-05,20.5818,20.5747,20.5623,0.01950000000000074,0.4700000000000024,20.448285714285714,1
2021-10-06,20.6947,20.5818,20.5103,0.18440000000000012,0.589500000000001,20.5325,1
2021-10-07,20.604,20.6947,20.5747,0.029299999999999216,0.29799999999999827,20.575071428571427,1
2021-10-08,20.7293,20.604,20.5818,0.1474999999999973,0.23160000000000025,20.60815714285714,1
2021-10-11,20.8017,20.7293,20.6947,0.10699999999999932,0.23939999999999984,20.642357142857144,1
2021-10-12,20.7767,20.8017,20.604,0.17270000000000252,0.26640000000000086,20.680414285714285,1
2021-10-13,20.6827,20.7767,20.7293,-0.046599999999997976,0.10800000000000054,20.695842857142857,0
2021-10-14,20.6075,20.6827,20.8017,-0.1941999999999986,0.0257000000000005,20.699514285714287,0
2021-10-15,20.4672,20.6075,20.7767,-0.30950000000000344,-0.2275000000000027,20.667014285714284,0
2021-10-18,20.3587,20.4672,20.6827,-0.3240000000000016,-0.2453000000000003,20.63197142857143,0
2021-10-19,20.2647,20.3587,20.6075,-0.34280000000000044,-0.46459999999999724,20.5656,0
2021-10-20,20.185,20.2647,20.4672,-0.28219999999999956,-0.6167000000000016,20.4775,0
2021-10-21,20.2643,20.185,20.3587,-0.09440000000000026,-0.5124000000000031,20.4043,0
2021-10-22,20.1837,20.2643,20.2647,-0.08099999999999952,-0.4989999999999988,20.333014285714285,0
2021-10-25,20.1897,20.1837,20.185,0.004699999999999704,-0.4178000000000033,20.27332857142857,0
2021-10-26,20.1888,20.1897,20.2643,-0.07549999999999812,-0.27839999999999776,20.23355714285714,0
2021-10-27,20.193,20.1888,20.1837,0.009299999999999642,-0.16569999999999752,20.209885714285715,0
2021-10-28,20.3255,20.193,20.1897,0.13580000000000325,0.06080000000000041,20.21857142857143,1
2021-10-29,20.5297,20.3255,20.1888,0.34089999999999776,0.34469999999999956,20.267814285714287,1
2021-11-01,20.8598,20.5297,20.193,0.6667999999999985,0.5955000000000013,20.352885714285716,1
2021-11-03,20.8352,20.8598,20.3255,0.5096999999999987,0.6514999999999986,20.445957142857143,1
2021-11-04,20.6242,20.8352,20.5297,0.09450000000000003,0.4344999999999999,20.508028571428575,1
2021-11-05,20.3925,20.6242,20.8598,-0.4673000000000016,0.20369999999999777,20.53712857142857,0
2021-11-08,20.3265,20.3925,20.8352,-0.508700000000001,0.13349999999999795,20.556199999999997,0
2021-11-09,20.2833,20.3265,20.6242,-0.34089999999999776,-0.042200000000001125,20.550171428571424,0
2021-11-10,20.4702,20.2833,20.3925,0.0777000000000001,-0.059499999999999886,20.541671428571426,0
2021-11-11,20.4652,20.4702,20.3265,0.13870000000000005,-0.3946000000000005,20.4853,0
2021-11-12,20.5072,20.4652,20.2833,0.22390000000000043,-0.3279999999999994,20.438442857142856,1
2021-11-16,20.8092,20.5072,20.4702,0.3390000000000022,0.18500000000000227,20.464871428571428,1
2021-11-17,20.6912,20.8092,20.4652,0.2259999999999991,0.2987000000000002,20.507542857142855,1
2021-11-18,20.7628,20.6912,20.5072,0.2555999999999976,0.43629999999999924,20.569871428571425,1
2021-11-19,20.8283,20.7628,20.8092,0.01909999999999812,0.5449999999999982,20.64772857142857,1
2021-11-22,20.9632,20.8283,20.6912,0.272000000000002,0.4930000000000021,20.71815714285714,1
2021-11-23,21.2107,20.9632,20.7628,0.44790000000000063,0.7454999999999998,20.82465714285714,1
2021-11-24,21.4357,21.2107,20.8283,0.6074000000000019,0.9284999999999997,20.9573,1
2021-11-25,21.5462,21.4357,20.9632,0.5829999999999984,0.7369999999999983,21.062585714285714,1
2021-11-26,21.8185,21.5462,21.2107,0.607800000000001,1.1273000000000017,21.22362857142857,1
2021-11-29,21.7333,21.8185,21.4357,0.2975999999999992,0.9705000000000013,21.36227142857143,1
2021-11-30,21.4453,21.7333,21.5462,-0.10089999999999932,0.6170000000000009,21.450414285714288,0
2021-12-01,21.271,21.4453,21.8185,-0.5474999999999994,0.3078000000000003,21.494385714285716,0
2021-12-02,21.3033,21.271,21.7333,-0.4299999999999997,0.0926000000000009,21.507614285714286,0
2021-12-03,21.4177,21.3033,21.4453,-0.027599999999999625,-0.018000000000000682,21.505042857142858,0
2021-12-06,21.2047,21.4177,21.271,-0.0663000000000018,-0.3414999999999999,21.456257142857144,0
2021-12-07,21.0907,21.2047,21.3033,-0.2126000000000019,-0.727800000000002,21.352285714285717,0
2021-12-08,20.933,21.0907,21.4177,-0.48470000000000013,-0.8003,21.23795714285714,0
2021-12-09,21.0328,20.933,21.2047,-0.17189999999999728,-0.41249999999999787,21.17902857142857,0
2021-12-10,20.8922,21.0328,21.0907,-0.19849999999999923,-0.3788000000000018,21.124914285714286,0
2021-12-13,20.9383,20.8922,20.933,0.005300000000001859,-0.36499999999999844,21.07277142857143,0
2021-12-14,21.165,20.9383,21.0328,0.13219999999999743,-0.2527000000000008,21.036671428571427,1
2021-12-15,21.2393,21.165,20.8922,0.3471000000000011,0.034600000000001074,21.041614285714285,1
2021-12-16,20.9238,21.2393,20.9383,-0.014500000000001734,-0.16689999999999827,21.01777142857143,0
2021-12-17,20.7337,20.9238,21.165,-0.43130000000000024,-0.19930000000000092,20.989300000000004,0
2021-12-20,20.7363,20.7337,21.2393,-0.5030000000000001,-0.29650000000000176,20.946942857142858,0
2021-12-21,20.7823,20.7363,20.9238,-0.14150000000000063,-0.10989999999999966,20.931242857142855,0
2021-12-22,20.7527,20.7823,20.7337,0.019000000000001904,-0.18560000000000088,20.90472857142857,0
2021-12-23,20.6582,20.7527,20.7363,-0.07809999999999917,-0.5067999999999984,20.832328571428572,0
2021-12-24,20.6112,20.6582,20.7823,-0.17109999999999914,-0.6280999999999999,20.7426,0
2021-12-27,20.6828,20.6112,20.7527,-0.06990000000000052,-0.24099999999999966,20.70817142857143,0
2021-12-28,20.577,20.6828,20.6582,-0.08119999999999905,-0.15669999999999717,20.685785714285714,0
2021-12-29,20.5835,20.577,20.6112,-0.027699999999999392,-0.15279999999999916,20.66395714285714,0
2021-12-30,20.5157,20.5835,20.6828,-0.16710000000000136,-0.2666000000000004,20.62587142857143,0
2021-12-31,20.4672,20.5157,20.577,-0.10980000000000345,-0.28550000000000253,20.585085714285714,0
2022-01-03,20.589,20.4672,20.5835,0.00549999999999784,-0.06920000000000215,20.5752,1
2022-01-04,20.4742,20.589,20.5157,-0.041499999999999204,-0.13700000000000045,20.55562857142857,0
2022-01-05,20.3977,20.4742,20.4672,-0.0694999999999979,-0.2850999999999999,20.5149,0
2022-01-06,20.4588,20.3977,20.589,-0.13019999999999854,-0.11820000000000164,20.498014285714284,0
2022-01-07,20.4237,20.4588,20.4742,-0.050499999999999545,-0.1598000000000006,20.475185714285715,0
2022-01-10,20.4453,20.4237,20.3977,0.0475999999999992,-0.07039999999999935,20.465128571428572,0
2022-01-11,20.3785,20.4453,20.4588,-0.08030000000000115,-0.08869999999999933,20.452457142857146,0
2022-01-12,20.366,20.3785,20.4237,-0.05770000000000053,-0.22299999999999898,20.4206,0
2022-01-13,20.3607,20.366,20.4453,-0.08459999999999823,-0.11349999999999838,20.404385714285716,0
2022-01-14,20.3118,20.3607,20.3785,-0.06669999999999732,-0.08589999999999876,20.392114285714285,0
2022-01-17,20.3002,20.3118,20.366,-0.06579999999999941,-0.15859999999999985,20.36945714285714,0
2022-01-18,20.403,20.3002,20.3607,0.04229999999999734,-0.020700000000001495,20.366500000000002,1
2022-01-19,20.46,20.403,20.3118,0.14819999999999922,0.014700000000001268,20.368599999999997,1
2022-01-20,20.4507,20.46,20.3002,0.15050000000000097,0.07220000000000226,20.378914285714284,1
2022-01-21,20.4598,20.4507,20.403,0.056800000000002626,0.09380000000000166,20.392314285714285,1
2022-01-24,20.6308,20.4598,20.46,0.17079999999999984,0.27009999999999934,20.4309,1
2022-01-25,20.6683,20.6308,20.4507,0.21759999999999735,0.35649999999999693,20.481828571428572,1
2022-01-26,20.6415,20.6683,20.4598,0.1816999999999993,0.3413000000000004,20.530585714285714,1
2022-01-27,20.7383,20.6415,20.6308,0.10749999999999815,0.33530000000000015,20.578485714285712,1
2022-01-28,20.8597,20.7383,20.6683,0.19140000000000157,0.3996999999999993,20.635585714285714,1
2022-01-31,20.6352,20.8597,20.6415,-0.006299999999999528,0.1844999999999999,20.661942857142858,0
2022-02-01,20.58,20.6352,20.7383,-0.15830000000000055,0.12019999999999698,20.679114285714288,0
2022-02-02,20.6003,20.58,20.8597,-0.2593999999999994,-0.03049999999999997,20.674757142857143,0
2022-02-03,20.5562,20.6003,20.6352,-0.07900000000000063,-0.11209999999999809,20.658742857142858,0
2022-02-04,20.7325,20.5562,20.58,0.1525000000000034,0.09100000000000108,20.671742857142856,1
2022-02-08,20.6413,20.7325,20.6003,0.04100000000000037,-0.09699999999999775,20.657885714285715,0
2022-02-09,20.5008,20.6413,20.5562,-0.055399999999998784,-0.35889999999999844,20.606614285714283,0
2022-02-10,20.4148,20.5008,20.7325,-0.3177000000000021,-0.22040000000000148,20.57512857142857,0
2022-02-11,20.4188,20.4148,20.6413,-0.22250000000000014,-0.16119999999999735,20.5521,0
2022-02-14,20.411,20.4188,20.5008,-0.08980000000000032,-0.18929999999999936,20.525057142857143,0
2022-02-15,20.3992,20.411,20.4148,-0.01559999999999917,-0.15700000000000003,20.502628571428573,0
2022-02-16,20.3335,20.3992,20.4188,-0.08530000000000015,-0.3990000000000009,20.445628571428568,0
2022-02-17,20.2978,20.3335,20.411,-0.11320000000000263,-0.34350000000000236,20.396557142857144,0
2022-02-18,20.3063,20.2978,20.3992,-0.0929000000000002,-0.19450000000000145,20.368771428571428,0
2022-02-21,20.2825,20.3063,20.3335,-0.05100000000000193,-0.13230000000000075,20.349871428571426,0
2022-02-22,20.2977,20.2825,20.2978,-9.999999999976694e-05,-0.12110000000000198,20.33257142857143,0
2022-02-23,20.2435,20.2977,20.3063,-0.0627999999999993,-0.16750000000000043,20.308642857142853,0
2022-02-24,20.6525,20.2435,20.2825,0.370000000000001,0.2532999999999994,20.34482857142857,1
2022-02-25,20.4465,20.6525,20.2977,0.14880000000000138,0.11299999999999955,20.36097142857143,1
2022-02-28,20.4257,20.4465,20.2435,0.18219999999999814,0.12790000000000035,20.379242857142856,1
2022-03-01,20.5272,20.4257,20.6525,-0.1252999999999993,0.22090000000000032,20.4108,1
2022-03-02,20.7193,20.5272,20.4465,0.27280000000000015,0.43680000000000163,20.4732,1
2022-03-03,20.7033,20.7193,20.4257,0.2775999999999996,0.40559999999999974,20.53114285714286,1
2022-03-04,20.9262,20.7033,20.5272,0.3990000000000009,0.6827000000000005,20.62867142857143,1
2022-03-07,21.1947,20.9262,20.7193,0.4754000000000005,0.5422000000000011,20.70612857142857,1
2022-03-08,21.3775,21.1947,20.7033,0.6742000000000026,0.9310000000000009,20.83912857142857,1
2022-03-09,20.9677,21.3775,20.9262,0.041499999999999204,0.5420000000000016,20.91655714285714,1
2022-03-10,20.9743,20.9677,21.1947,-0.22040000000000148,0.44709999999999894,20.980428571428572,0
2022-03-11,20.9695,20.9743,21.3775,-0.40800000000000125,0.25019999999999953,21.01617142857143,0
2022-03-14,20.8908,20.9695,20.9677,-0.07690000000000197,0.1875,21.042957142857144,0
2022-03-15,20.8743,20.8908,20.9743,-0.09999999999999787,-0.051899999999999835,21.03554285714286,0
2022-03-16,20.7035,20.8743,20.9695,-0.2660000000000018,-0.49120000000000275,20.965371428571427,0
2022-03-17,20.5585,20.7035,20.8908,-0.33230000000000004,-0.8190000000000026,20.84837142857143,0
2022-03-18,20.4145,20.5585,20.8743,-0.4598000000000013,-0.5532000000000004,20.769342857142856,0
2022-03-22,20.2782,20.4145,20.7035,-0.4253,-0.6961000000000013,20.669900000000002,0
2022-03-23,20.18,20.2782,20.5585,-0.37849999999999895,-0.7895000000000003,20.557114285714285,0
2022-03-24,20.1313,20.18,20.4145,-0.2832000000000008,-0.7594999999999992,20.448614285714285,0
2022-03-25,19.9577,20.1313,20.2782,-0.3204999999999991,-0.9166000000000025,20.317671428571426,0
2022-03-28,20.1195,19.9577,20.18,-0.06050000000000111,-0.5839999999999996,20.234242857142856,0
2022-03-29,19.9942,20.1195,20.1313,-0.13710000000000022,-0.5642999999999994,20.153628571428573,0
2022-03-30,19.8632,19.9942,19.9577,-0.09450000000000003,-0.5513000000000012,20.07487142857143,0
2022-03-31,19.9112,19.8632,20.1195,-0.2082999999999977,-0.36699999999999733,20.022442857142856,0
2022-04-01,19.8432,19.9112,19.9942,-0.1509999999999998,-0.3368000000000002,19.97432857142857,0
2022-04-04,19.7443,19.8432,19.8632,-0.1189,-0.38700000000000045,19.91904285714286,0
2022-04-05,19.9012,19.7443,19.9112,-0.010000000000001563,-0.05649999999999977,19.91097142857143,0
2022-04-06,20.0665,19.9012,19.8432,0.22330000000000183,-0.05299999999999727,19.9034,1
2022-04-07,20.1605,20.0665,19.7443,0.4161999999999999,0.16629999999999967,19.92715714285714,1
2022-04-08,20.12,20.1605,19.9012,0.21880000000000166,0.2568000000000019,19.963842857142858,1
2022-04-11,20.0093,20.12,20.0665,-0.057200000000001694,0.09809999999999874,19.977857142857143,1
2022-04-12,19.8407,20.0093,20.1605,-0.31980000000000075,-0.002500000000001279,19.9775,0
2022-04-13,19.7967,19.8407,20.12,-0.3232999999999997,0.05240000000000222,19.984985714285717,0
2022-04-18,19.9377,19.7967,20.0093,-0.07160000000000011,0.0365000000000002,19.990199999999998,0
2022-04-19,20.0447,19.9377,19.8407,0.20400000000000063,-0.021800000000002484,19.987085714285712,1
2022-04-20,20.0383,20.0447,19.7967,0.24159999999999826,-0.12219999999999942,19.96962857142857,1
2022-04-21,20.1802,20.0383,19.9377,0.24249999999999972,0.060199999999998255,19.97822857142857,1
2022-04-22,20.3183,20.1802,20.0447,0.27360000000000184,0.30900000000000105,20.02237142857143,1
2022-04-25,20.2992,20.3183,20.0383,0.26089999999999947,0.4585000000000008,20.087871428571425,1
2022-04-26,20.356,20.2992,20.1802,0.1758000000000024,0.5593000000000004,20.167771428571427,1
2022-04-27,20.4707,20.356,20.3183,0.1524000000000001,0.5330000000000013,20.243914285714286,1
2022-04-28,20.567,20.4707,20.2992,0.26780000000000115,0.5223000000000013,20.318528571428573,1
2022-04-29,20.3728,20.567,20.356,0.016799999999999926,0.334500000000002,20.366314285714285,1
2022-05-02,20.4075,20.3728,20.4707,-0.06320000000000192,0.2272999999999996,20.398785714285715,1
2022-05-03,20.335,20.4075,20.567,-0.23199999999999932,0.01670000000000016,20.401171428571427,0
2022-05-04,20.2535,20.335,20.3728,-0.11930000000000263,-0.045700000000000074,20.394642857142856,0
2022-05-05,20.2218,20.2535,20.4075,-0.1856999999999971,-0.13419999999999987,20.375471428571426,0
2022-05-06,20.1085,20.2218,20.335,-0.22650000000000148,-0.3622000000000014,20.32372857142857,0
2022-05-09,20.3172,20.1085,20.2535,0.06370000000000076,-0.24980000000000047,20.28804285714286,1
2022-05-10,20.372,20.3172,20.2218,0.1501999999999981,-0.0008000000000016882,20.287928571428573,1
2022-05-11,20.2592,20.372,20.1085,0.1507000000000005,-0.148299999999999,20.266742857142855,0
2022-05-12,20.32,20.2592,20.3172,0.00280000000000058,-0.015000000000000568,20.2646,1
2022-05-13,20.1443,20.32,20.372,-0.22769999999999868,-0.10919999999999774,20.249,0
2022-05-16,20.0782,20.1443,20.2592,-0.18100000000000094,-0.14360000000000284,20.228485714285714,0
2022-05-17,19.9637,20.0782,20.32,-0.35630000000000095,-0.14480000000000004,20.2078,0
2022-05-18,19.9663,19.9637,20.1443,-0.17800000000000082,-0.3508999999999993,20.15767142857143,0
2022-05-19,19.9267,19.9663,20.0782,-0.15149999999999864,-0.4452999999999996,20.094057142857142,0
2022-05-20,19.8657,19.9267,19.9637,-0.09799999999999898,-0.3934999999999995,20.03784285714286,0
2022-05-23,19.8282,19.8657,19.9663,-0.13810000000000144,-0.49180000000000135,19.967585714285715,0
2022-05-24,19.887,19.8282,19.9267,-0.039699999999999847,-0.25730000000000075,19.930828571428574,0
2022-05-25,19.8377,19.887,19.8657,-0.027999999999998693,-0.24049999999999727,19.896471428571427,0
2022-05-26,19.7933,19.8377,19.8282,-0.034900000000000375,-0.17040000000000077,19.872128571428572,0
2022-05-27,19.5965,19.7933,19.887,-0.29050000000000153,-0.36980000000000146,19.8193,0
2022-05-30,19.4953,19.5965,19.8377,-0.34240000000000137,-0.4314,19.757671428571427,0
2022-05-31,19.694,19.4953,19.7933,-0.0992999999999995,-0.1717000000000013,19.73314285714286,0
2022-06-01,19.7388,19.694,19.5965,0.1423000000000023,-0.0893999999999977,19.72037142857143,1
2022-06-02,19.5585,19.7388,19.4953,0.06319999999999837,-0.3285000000000018,19.673442857142856,0
2022-06-03,19.5742,19.5585,19.694,-0.11979999999999791,-0.2635000000000005,19.635799999999996,0
2022-06-06,19.5547,19.5742,19.7388,-0.18410000000000082,-0.23859999999999815,19.601714285714284,0
2022-06-07,19.5998,19.5547,19.5585,0.04129999999999967,0.0032999999999994145,19.602185714285714,0
2022-06-08,19.59,19.5998,19.5742,0.015799999999998704,0.09469999999999956,19.615714285714287,0
2022-06-09,19.6128,19.59,19.5547,0.058099999999999596,-0.08119999999999905,19.604114285714285,1
2022-06-10,19.9297,19.6128,19.5998,0.3299000000000021,0.19089999999999918,19.631385714285717,1
2022-06-13,20.4527,19.9297,19.59,0.8627000000000002,0.8942000000000014,19.75912857142857,1
2022-06-14,20.6583,20.4527,19.6128,1.0455000000000005,1.0840999999999994,19.913999999999998,1
2022-06-15,20.6675,20.6583,19.9297,0.7378,1.1128,20.072971428571428,1
2022-06-16,20.5728,20.6675,20.4527,0.12010000000000076,0.9730000000000025,20.211971428571427,1
2022-06-17,20.476,20.5728,20.6583,-0.18230000000000146,0.8859999999999992,20.33854285714286,1
2022-06-20,20.2442,20.476,20.6675,-0.4233000000000011,0.6313999999999993,20.428742857142858,0
2022-06-21,20.1963,20.2442,20.5728,-0.37650000000000006,0.2666000000000004,20.46682857142857,0
2022-06-22,20.0465,20.1963,20.476,-0.42949999999999733,-0.40619999999999834,20.408800000000003,0
2022-06-23,20.0365,20.0465,20.2442,-0.2076999999999991,-0.6218000000000004,20.319971428571428,0
2022-06-24,19.8707,20.0365,20.1963,-0.32560000000000144,-0.7968000000000011,20.206142857142854,0
2022-06-27,19.8797,19.8707,20.0465,-0.16680000000000206,-0.6931000000000012,20.10712857142857,0
2022-06-28,19.9847,19.8797,20.0365,-0.05180000000000007,-0.49129999999999896,20.036942857142858,0
2022-06-29,20.1443,19.9847,19.8707,0.27360000000000184,-0.0998999999999981,20.02267142857143,1
2022-06-30,20.1335,20.1443,19.8797,0.2538000000000018,-0.0627999999999993,20.0137,1
2022-07-01,20.3817,20.1335,19.9847,0.39699999999999847,0.33519999999999683,20.061585714285716,1
2022-07-04,20.2877,20.3817,20.1443,0.14339999999999975,0.25120000000000076,20.097471428571428,1
2022-07-05,20.5598,20.2877,20.1335,0.4262999999999977,0.6890999999999998,20.195914285714284,1
2022-07-06,20.7228,20.5598,20.3817,0.34110000000000085,0.8430999999999997,20.31635714285714,1
2022-07-07,20.6022,20.7228,20.2877,0.3144999999999989,0.6174999999999997,20.404571428571426,1
2022-07-08,20.4423,20.6022,20.5598,-0.11749999999999972,0.29799999999999827,20.447142857142858,0
2022-07-11,20.7473,20.4423,20.7228,0.024499999999999744,0.6137999999999977,20.53482857142857,1
2022-07-12,20.7882,20.7473,20.6022,0.18599999999999994,0.4065000000000012,20.592900000000004,1
2022-07-13,20.7613,20.7882,20.4423,0.31899999999999906,0.4735999999999976,20.66055714285714,1
2022-07-14,20.9415,20.7613,20.7473,0.19420000000000215,0.38170000000000215,20.715085714285717,1
2022-07-15,20.611,20.9415,20.7882,-0.17719999999999914,-0.11179999999999879,20.699114285714284,0
2022-07-18,20.3957,20.611,20.7613,-0.36559999999999704,-0.20649999999999835,20.669614285714285,0
2022-07-19,20.4407,20.3957,20.9415,-0.5008000000000017,-0.0015999999999998238,20.669385714285713,0
2022-07-20,20.4913,20.4407,20.611,-0.1197000000000017,-0.2560000000000002,20.632814285714286,0
2022-07-21,20.6562,20.4913,20.3957,0.26049999999999685,-0.13200000000000145,20.613957142857142,1
2022-07-22,20.515,20.6562,20.4407,0.07430000000000092,-0.24629999999999797,20.57877142857143,0
2022-07-25,20.4652,20.515,20.4913,-0.026099999999999568,-0.47630000000000194,20.51072857142857,0
2022-07-26,20.433,20.4652,20.6562,-0.2231999999999985,-0.17800000000000082,20.4853,0
2022-07-27,20.512,20.433,20.515,-0.0030000000000001137,0.11629999999999896,20.501914285714285,1
2022-07-28,20.3778,20.512,20.4652,-0.08739999999999881,-0.06289999999999907,20.49292857142857,0
2022-07-29,20.3485,20.3778,20.433,-0.08449999999999847,-0.1427999999999976,20.472528571428573,0
2022-08-01,20.2633,20.3485,20.512,-0.24869999999999948,-0.39289999999999736,20.4164,0
2022-08-02,20.5152,20.2633,20.3778,0.13739999999999952,0.00019999999999953388,20.416428571428575,1
2022-08-03,20.6305,20.5152,20.3485,0.28200000000000003,0.165300000000002,20.440042857142856,1
2022-08-04,20.3358,20.6305,20.2633,0.07249999999999801,-0.09720000000000084,20.426157142857143,0
2022-08-05,20.401,20.3358,20.5152,-0.1142000000000003,-0.11100000000000065,20.410300000000003,0
2022-08-08,20.2789,20.401,20.6305,-0.35160000000000124,-0.09890000000000043,20.396171428571428,0
2022-08-09,20.2715,20.2789,20.3358,-0.06429999999999936,-0.07700000000000173,20.38517142857143,0
2022-08-10,19.9562,20.2715,20.401,-0.44480000000000075,-0.3071000000000019,20.341299999999997,0
2022-08-11,19.9595,19.9562,20.2789,-0.3194000000000017,-0.5557000000000016,20.261914285714287,0
2022-08-12,19.874,19.9595,20.2715,-0.39750000000000085,-0.7565000000000026,20.153842857142855,0
2022-08-15,19.8618,19.874,19.9562,-0.09440000000000026,-0.4740000000000002,20.08612857142857,0
2022-08-16,19.9303,19.8618,19.9595,-0.02919999999999945,-0.4707000000000008,20.018885714285716,0
2022-08-17,20.0387,19.9303,19.874,0.16469999999999985,-0.24020000000000152,19.984571428571428,1
2022-08-18,20.0835,20.0387,19.8618,0.221700000000002,-0.18799999999999883,19.95771428571428,1
2022-08-19,20.1957,20.0835,19.9303,0.26539999999999964,0.2394999999999996,19.99192857142857,1
2022-08-22,20.1598,20.1957,20.0387,0.12110000000000198,0.20030000000000214,20.020542857142857,1
2022-08-23,19.9982,20.1598,20.0835,-0.08530000000000015,0.12420000000000186,20.038285714285713,0
2022-08-24,19.9198,19.9982,20.1957,-0.27590000000000003,0.05799999999999983,20.04657142857143,0
2022-08-25,19.9437,19.9198,20.1598,-0.21610000000000085,0.013400000000000745,20.048485714285714,0
2022-08-26,19.9268,19.9437,19.9982,-0.07140000000000057,-0.11189999999999856,20.0325,0
2022-08-29,19.9945,19.9268,19.9198,0.07469999999999999,-0.08900000000000219,20.019785714285714,0
2022-08-30,20.1465,19.9945,19.9437,0.20279999999999987,-0.04919999999999902,20.012757142857144,1
2022-08-31,20.0962,20.1465,19.9268,0.16939999999999955,-0.06360000000000099,20.00367142857143,1
2022-09-01,20.2473,20.0962,19.9945,0.2528000000000006,0.24909999999999854,20.039257142857142,1
2022-09-02,19.9753,20.2473,20.1465,-0.1711999999999989,0.0555000000000021,20.047185714285714,0
2022-09-05,19.962,19.9753,20.0962,-0.13419999999999987,0.018299999999999983,20.0498,0
2022-09-06,20.138,19.962,20.2473,-0.10929999999999751,0.2112000000000016,20.07997142857143,1
2022-09-07,20.0297,20.138,19.9753,0.05439999999999756,0.035199999999999676,20.085,0
2022-09-08,20.0203,20.0297,19.962,0.05829999999999913,-0.12620000000000076,20.066971428571428,0
2022-09-09,19.9027,20.0203,20.138,-0.23530000000000229,-0.19350000000000023,20.03932857142857,0
2022-09-12,19.7957,19.9027,20.0297,-0.2339999999999982,-0.4515999999999991,19.974814285714285,0
2022-09-13,20.055,19.7957,20.0203,0.03470000000000084,0.079699999999999,19.9862,1
2022-09-14,19.9768,20.055,19.9027,0.07410000000000139,0.014800000000001035,19.98831428571429,0
2022-09-15,20.0525,19.9768,19.7957,0.25679999999999836,-0.08550000000000324,19.9761,1
2022-09-19,19.9943,20.0525,20.055,-0.06070000000000064,-0.03539999999999921,19.97104285714286,1
2022-09-20,20.0,19.9943,19.9768,0.02319999999999922,-0.020299999999998875,19.968142857142855,1
2022-09-21,20.0027,20.0,20.0525,-0.049799999999997624,0.10000000000000142,19.982428571428567,1
2022-09-22,19.9608,20.0027,19.9943,-0.033500000000000085,0.16509999999999891,20.006014285714286,0
2022-09-23,20.1627,19.9608,20.0,0.16270000000000095,0.10770000000000124,20.0214,1
2022-09-26,20.3517,20.1627,20.0027,0.3490000000000002,0.37490000000000023,20.07495714285714,1
2022-09-27,20.357,20.3517,19.9608,0.39620000000000033,0.3045000000000009,20.118457142857142,1
2022-09-28,20.3058,20.357,20.1627,0.14310000000000045,0.31150000000000233,20.162957142857145,1
2022-09-29,20.1927,20.3058,20.3517,-0.15900000000000247,0.19269999999999854,20.190485714285717,1
2022-09-30,20.0925,20.1927,20.357,-0.2644999999999982,0.08980000000000032,20.20331428571429,0
2022-10-03,20.0008,20.0925,20.3058,-0.3049999999999997,0.0400000000000027,20.209028571428572,0
2022-10-04,19.9698,20.0008,20.1927,-0.2228999999999992,-0.19290000000000163,20.18147142857143,0
2022-10-05,20.1267,19.9698,20.0925,0.034199999999998454,-0.22500000000000142,20.149328571428573,0
2022-10-06,20.1087,20.1267,20.0008,0.10789999999999722,-0.2483000000000004,20.113857142857142,0
2022-10-07,20.0502,20.1087,19.9698,0.08040000000000092,-0.25560000000000116,20.077342857142856,0
2022-10-10,19.9752,20.0502,20.1267,-0.15149999999999864,-0.21749999999999758,20.04627142857143,0
2022-10-11,19.9652,19.9752,20.1087,-0.14349999999999952,-0.12730000000000175,20.028085714285712,0
2022-10-12,20.0352,19.9652,20.0502,-0.015000000000000568,0.03439999999999799,20.032999999999998,1
2022-10-13,20.0398,20.0352,19.9752,0.06459999999999866,0.07000000000000028,20.043,0
2022-10-14,20.0838,20.0398,19.9652,0.1186000000000007,-0.042899999999999494,20.03687142857143,1
2022-10-17,19.9913,20.0838,20.0352,-0.043900000000000716,-0.11739999999999995,20.020100000000003,0
2022-10-18,20.0207,19.9913,20.0398,-0.01909999999999812,-0.02949999999999875,20.015885714285712,1
2022-10-19,20.1272,20.0207,20.0838,0.04339999999999833,0.15199999999999747,20.037599999999998,1
2022-10-20,20.0448,20.1272,19.9913,0.05349999999999966,0.07959999999999923,20.04897142857143,0
2022-10-21,19.9647,20.0448,20.0207,-0.05600000000000094,-0.07049999999999912,20.0389,0
2022-10-24,19.9535,19.9647,20.1272,-0.1737000000000002,-0.08630000000000138,20.026571428571426,0
2022-10-25,19.8712,19.9535,20.0448,-0.17359999999999687,-0.21259999999999835,19.996199999999998,0
2022-10-26,19.8553,19.8712,19.9647,-0.10940000000000083,-0.13599999999999923,19.97677142857143,0
2022-10-27,19.8365,19.8553,19.9535,-0.11699999999999733,-0.18420000000000059,19.950457142857143,0
2022-10-28,19.8303,19.8365,19.8712,-0.0409000000000006,-0.2968999999999973,19.908042857142856,0
2022-10-31,19.8245,19.8303,19.8553,-0.030799999999999272,-0.22029999999999816,19.876571428571427,0
2022-11-01,19.7463,19.8245,19.8365,-0.09019999999999939,-0.21839999999999904,19.845371428571433,0
2022-11-03,19.6673,19.7463,19.8303,-0.16300000000000026,-0.28619999999999735,19.804485714285715,0
2022-11-04,19.5202,19.6673,19.8245,-0.30430000000000135,-0.35100000000000264,19.75434285714286,0
2022-11-07,19.4647,19.5202,19.7463,-0.28160000000000096,-0.39059999999999917,19.698542857142858,0
2022-11-08,19.4775,19.4647,19.6673,-0.18980000000000175,-0.35900000000000176,19.647257142857143,0
2022-11-09,19.5887,19.4775,19.5202,0.06850000000000023,-0.2416000000000018,19.612742857142855,0
2022-11-10,19.394,19.5887,19.4647,-0.0707000000000022,-0.4305000000000021,19.551242857142856,0
2022-11-11,19.5353,19.394,19.4775,0.057800000000000296,-0.21100000000000207,19.521099999999997,1
2022-11-14,19.4015,19.5353,19.5887,-0.1872000000000007,-0.26580000000000226,19.48312857142857,0
2022-11-15,19.3818,19.4015,19.394,-0.012199999999999989,-0.13840000000000074,19.46335714285714,0
2022-11-16,19.3137,19.3818,19.5353,-0.2215999999999987,-0.1509999999999998,19.441785714285714,0
2022-11-17,19.4333,19.3137,19.4015,0.031800000000000495,-0.04420000000000002,19.435471428571425,0
2022-11-18,19.493,19.4333,19.3818,0.11120000000000019,-0.09570000000000078,19.421799999999998,1
2022-11-22,19.4667,19.493,19.3137,0.1529999999999987,0.0727000000000011,19.432185714285712,1
2022-11-23,19.3683,19.4667,19.4333,-0.06499999999999773,-0.16699999999999804,19.40832857142857,0
2022-11-24,19.3692,19.3683,19.493,-0.12379999999999924,-0.03229999999999933,19.403714285714283,0
2022-11-25,19.3393,19.3692,19.4667,-0.12739999999999796,-0.042499999999996874,19.39764285714286,0
2022-11-28,19.325,19.3393,19.3683,-0.043300000000002115,0.011299999999998533,19.399257142857145,0
2022-11-29,19.216,19.325,19.3692,-0.15319999999999823,-0.21729999999999805,19.368214285714284,0
2022-11-30,19.3965,19.216,19.3393,0.05719999999999814,-0.09649999999999892,19.35442857142857,1
2022-12-01,19.1433,19.3965,19.325,-0.1816999999999993,-0.32339999999999947,19.30822857142857,0
2022-12-02,19.3422,19.1433,19.216,0.1261999999999972,-0.02610000000000312,19.304499999999997,1
2022-12-05,19.7567,19.3422,19.3965,0.36019999999999897,0.3874999999999993,19.359857142857145,1
2022-12-06,19.803,19.7567,19.1433,0.6597000000000008,0.46369999999999933,19.426099999999998,1
2022-12-07,19.6977,19.803,19.3422,0.3555000000000028,0.3727000000000018,19.479342857142857,1
2022-12-08,19.6732,19.6977,19.7567,-0.08349999999999724,0.4572000000000003,19.544657142857144,1
2022-12-09,19.8192,19.6732,19.803,0.016199999999997772,0.42269999999999897,19.605042857142855,1
2022-12-13,19.6458,19.8192,19.6977,-0.051899999999999835,0.5025000000000013,19.67682857142857,0
2022-12-14,19.6955,19.6458,19.6732,0.022299999999997766,0.35330000000000084,19.727300000000003,0
2022-12-15,19.7963,19.6955,19.8192,-0.02289999999999992,0.03960000000000008,19.732957142857142,1
2022-12-16,19.7932,19.7963,19.6458,0.14739999999999753,-0.00980000000000203,19.731557142857145,1
2022-12-19,19.7557,19.7932,19.6955,0.06020000000000181,0.05799999999999983,19.739842857142857,1
2022-12-20,19.7482,19.7557,19.7963,-0.04809999999999803,0.07499999999999929,19.75055714285714,0
2022-12-21,19.6932,19.7482,19.7932,-0.09999999999999787,-0.12599999999999767,19.732557142857143,0
2022-12-22,19.574,19.6932,19.7557,-0.1816999999999993,-0.07179999999999964,19.722299999999997,0
2022-12-23,19.4287,19.574,19.7482,-0.31950000000000145,-0.2667999999999999,19.684185714285714,0
2022-12-26,19.3983,19.4287,19.6932,-0.29490000000000194,-0.3979999999999997,19.62732857142857,0
2022-12-27,19.4407,19.3983,19.574,-0.13330000000000197,-0.35249999999999915,19.57697142857143,0
2022-12-28,19.4143,19.4407,19.4287,-0.014399999999998414,-0.34140000000000015,19.528200000000002,0
2022-12-29,19.3615,19.4143,19.3983,-0.0367999999999995,-0.38670000000000115,19.472957142857144,0
2022-12-30,19.4715,19.3615,19.4407,0.030799999999999272,-0.221700000000002,19.441285714285716,1
2023-01-02,19.4883,19.4715,19.4143,0.07399999999999807,-0.08570000000000277,19.429042857142857,1
2023-01-03,19.422,19.4883,19.3615,0.06050000000000111,-0.006699999999998596,19.428085714285714,0
2023-01-04,19.3568,19.422,19.4715,-0.11469999999999914,-0.041499999999999204,19.42215714285714,0
2023-01-05,19.3672,19.3568,19.4883,-0.12109999999999843,-0.07349999999999923,19.41165714285714,0
2023-01-06,19.1753,19.3672,19.422,-0.24670000000000059,-0.23900000000000077,19.377514285714287,0
2023-01-09,19.1648,19.1753,19.3568,-0.19200000000000017,-0.19669999999999987,19.349414285714285,0
2023-01-10,19.1108,19.1648,19.3672,-0.2563999999999993,-0.3606999999999978,19.297885714285716,0
2023-01-11,19.026,19.1108,19.1753,-0.1493000000000002,-0.46229999999999905,19.231842857142855,0
2023-01-12,18.8735,19.026,19.1648,-0.29129999999999967,-0.5485000000000007,19.153485714285715,0
2023-01-13,18.7922,18.8735,19.1108,-0.3186,-0.5645999999999987,19.072828571428573,0
2023-01-16,18.7913,18.7922,19.026,-0.23470000000000013,-0.5759000000000007,18.990557142857142,0
2023-01-17,18.7493,18.7913,18.8735,-0.12419999999999831,-0.4259999999999984,18.9297,0
2023-01-18,18.7493,18.7493,18.7922,-0.042899999999999494,-0.415499999999998,18.870342857142855,0
2023-01-19,19.0327,18.7493,18.7913,0.24139999999999873,-0.07810000000000272,18.85918571428571,1
2023-01-20,18.9257,19.0327,18.7493,0.17639999999999745,-0.10030000000000072,18.84485714285714,1
2023-01-23,18.8267,18.9257,18.7493,0.07739999999999725,-0.04680000000000106,18.838171428571428,0
2023-01-24,18.8318,18.8267,19.0327,-0.2008999999999972,0.03960000000000008,18.84382857142857,0
2023-01-25,18.82,18.8318,18.9257,-0.1056999999999988,0.028700000000000614,18.84792857142857,0
2023-01-26,18.8355,18.82,18.8267,0.008800000000000807,0.08619999999999806,18.860242857142858,0
2023-01-27,18.7872,18.8355,18.8318,-0.04460000000000264,0.037899999999996936,18.865657142857142,0
2023-01-30,18.7793,18.7872,18.82,-0.04070000000000107,-0.2533999999999992,18.82945714285714,0
2023-01-31,18.7937,18.7793,18.8355,-0.041799999999998505,-0.1319999999999979,18.810599999999997,0
2023-02-01,18.739,18.7937,18.7872,-0.0481999999999978,-0.08769999999999811,18.79807142857143,0
2023-02-02,18.6232,18.739,18.7793,-0.15609999999999857,-0.20860000000000056,18.76827142857143,0
2023-02-03,18.8895,18.6232,18.7937,0.09580000000000055,0.06950000000000145,18.7782,1
2023-02-07,19.0517,18.8895,18.739,0.31269999999999953,0.21620000000000061,18.809085714285715,1
2023-02-08,18.9435,19.0517,18.6232,0.3202999999999996,0.15630000000000166,18.83141428571429,1
2023-02-09,18.9543,18.9435,18.8895,0.06479999999999819,0.1750000000000007,18.856414285714287,1
2023-02-10,18.6893,18.9543,19.0517,-0.36240000000000094,-0.10440000000000182,18.8415,0
2023-02-13,18.6327,18.6893,18.9435,-0.3108000000000004,-0.10630000000000095,18.826314285714286,0
2023-02-14,18.5383,18.6327,18.9543,-0.41600000000000037,-0.08490000000000109,18.814185714285713,0
2023-02-15,18.6428,18.5383,18.6893,-0.04649999999999821,-0.24670000000000059,18.778942857142855,0
2023-02-16,18.5497,18.6428,18.6327,-0.08299999999999841,-0.5019999999999989,18.707228571428573,0
2023-02-17,18.4142,18.5497,18.5383,-0.12409999999999854,-0.5292999999999992,18.631614285714285,0
2023-02-20,18.397,18.4142,18.6428,-0.24580000000000268,-0.5573000000000015,18.552,0
2023-02-21,18.3938,18.397,18.5497,-0.1559000000000026,-0.29550000000000054,18.509785714285716,0
2023-02-22,18.3483,18.3938,18.4142,-0.06590000000000273,-0.28440000000000154,18.469157142857142,0
2023-02-23,18.4107,18.3483,18.397,0.013700000000000045,-0.12760000000000105,18.45092857142857,0
2023-02-24,18.4023,18.4107,18.3938,0.008500000000001506,-0.24050000000000082,18.416571428571427,0
2023-02-27,18.4077,18.4023,18.3483,0.05940000000000012,-0.142000000000003,18.396285714285714,1
2023-02-28,18.3448,18.4077,18.4107,-0.06589999999999918,-0.06940000000000168,18.38637142857143,0
2023-03-01,18.17,18.3448,18.4023,-0.23229999999999862,-0.22699999999999676,18.353942857142858,0
2023-03-02,18.126,18.17,18.4077,-0.2816999999999972,-0.2677999999999976,18.315685714285713,0
2023-03-03,18.0123,18.126,18.3448,-0.3324999999999996,-0.3359999999999985,18.26768571428571,0
2023-03-06,18.0122,18.0123,18.17,-0.15780000000000172,-0.3984999999999985,18.210757142857144,0
2023-03-07,18.1155,18.0122,18.126,-0.010500000000000398,-0.2867999999999995,18.169785714285716,0
2023-03-08,17.9662,18.1155,18.0123,-0.04609999999999914,-0.4414999999999978,18.106714285714286,0
2023-03-09,18.0577,17.9662,18.0122,0.04550000000000054,-0.2870999999999988,18.0657,0
2023-03-10,18.4083,18.0577,18.1155,0.2927999999999997,0.23829999999999885,18.09974285714286,1
2023-03-13,18.8302,18.4083,17.9662,0.8640000000000008,0.7042000000000002,18.200342857142857,1
2023-03-14,18.6427,18.8302,18.0577,0.5850000000000009,0.6304000000000016,18.2904,1
2023-03-15,18.9972,18.6427,18.4083,0.5888999999999989,0.9849999999999994,18.431114285714283,1
2023-03-16,18.9095,18.9972,18.8302,0.07929999999999993,0.7940000000000005,18.544542857142858,1
2023-03-17,18.8977,18.9095,18.6427,0.254999999999999,0.9314999999999998,18.677614285714288,1
2023-03-21,18.6755,18.8977,18.9972,-0.3216999999999999,0.617799999999999,18.765871428571426,0
2023-03-22,18.5437,18.6755,18.9095,-0.3658000000000001,0.13540000000000063,18.785214285714286,0
2023-03-23,18.4902,18.5437,18.8977,-0.40749999999999886,-0.33999999999999986,18.73664285714286,0
2023-03-24,18.5178,18.4902,18.6755,-0.1576999999999984,-0.12490000000000023,18.718799999999998,0
2023-03-27,18.383,18.5178,18.5437,-0.16070000000000206,-0.6142000000000003,18.63105714285714,0
2023-03-28,18.2523,18.383,18.4902,-0.23789999999999978,-0.6571999999999996,18.53717142857143,0
2023-03-29,18.1052,18.2523,18.5178,-0.4126000000000012,-0.7925000000000004,18.423957142857144,0
2023-03-30,18.0932,18.1052,18.383,-0.2897999999999996,-0.5823,18.34077142857143,0
2023-03-31,18.0415,18.0932,18.2523,-0.21080000000000254,-0.502200000000002,18.26902857142857,0
2023-04-03,18.107,18.0415,18.1052,0.0017999999999993577,-0.3832000000000022,18.214285714285715,0
2023-04-04,18.1185,18.107,18.0932,0.025300000000001432,-0.3993000000000002,18.157242857142855,0
2023-04-05,18.3323,18.1185,18.0415,0.29080000000000084,-0.05069999999999908,18.15,1
2023-04-10,18.1765,18.3323,18.107,0.06950000000000145,-0.07580000000000098,18.139171428571427,1
2023-04-11,18.187,18.1765,18.1185,0.06850000000000023,0.0818000000000012,18.15085714285714,1
2023-04-12,18.066,18.187,18.3323,-0.2663000000000011,-0.027200000000000557,18.14697142857143,0
2023-04-13,18.0152,18.066,18.1765,-0.16130000000000067,-0.026299999999999102,18.143214285714286,0
2023-04-14,18.0638,18.0152,18.187,-0.12320000000000064,-0.043199999999998795,18.13704285714286,0
2023-04-17,18.0868,18.0638,18.066,0.020800000000001262,-0.03170000000000073,18.132514285714286,0
2023-04-18,18.063,18.0868,18.0152,0.04779999999999873,-0.2693000000000012,18.094042857142856,0
2023-04-19,18.0448,18.063,18.0638,-0.019000000000001904,-0.13170000000000215,18.07522857142857,0
2023-04-20,18.009,18.0448,18.0868,-0.07779999999999987,-0.17800000000000082,18.0498,0
2023-04-21,17.9988,18.009,18.063,-0.06419999999999959,-0.0671999999999997,18.0402,0
2023-04-24,18.0082,17.9988,18.0448,-0.036599999999999966,-0.0070000000000014495,18.0392,0
2023-04-25,18.0892,18.0082,18.009,0.08020000000000138,0.0254000000000012,18.042828571428572,1
2023-04-26,18.103,18.0892,17.9988,0.10420000000000229,0.016200000000001324,18.045142857142856,1
2023-04-27,18.0723,18.103,18.0082,0.06409999999999982,0.009299999999999642,18.04647142857143,1
2023-04-28,17.9975,18.0723,18.0892,-0.091700000000003,-0.0472999999999999,18.039714285714286,0
2023-05-02,18.0325,17.9975,18.103,-0.07050000000000267,0.023499999999998522,18.043071428571427,0
2023-05-03,17.906,18.0325,18.0723,-0.16629999999999967,-0.09280000000000044,18.029814285714284,0
2023-05-04,17.9575,17.906,17.9975,-0.03999999999999915,-0.05069999999999908,18.02257142857143,0
2023-05-05,17.7863,17.9575,18.0325,-0.2461999999999982,-0.30290000000000106,17.9793,0
2023-05-08,17.8213,17.7863,17.906,-0.084699999999998,-0.2817000000000007,17.93905714285714,0
2023-05-09,17.7608,17.8213,17.9575,-0.19669999999999987,-0.3114999999999988,17.894557142857142,0
2023-05-10,17.5845,17.7608,17.7863,-0.2018000000000022,-0.41300000000000026,17.835557142857144,0
2023-05-11,17.6287,17.5845,17.8213,-0.19260000000000232,-0.4038000000000004,17.777871428571427,0
2023-05-12,17.6142,17.6287,17.7608,-0.1465999999999994,-0.2917999999999985,17.736185714285714,0
2023-05-15,17.538,17.6142,17.5845,-0.04649999999999821,-0.4194999999999993,17.676257142857143,0
2023-05-16,17.4672,17.538,17.6287,-0.1615000000000002,-0.3191000000000024,17.63067142857143,0
2023-05-17,17.5872,17.4672,17.6142,-0.027000000000001023,-0.23410000000000153,17.59722857142857,0
2023-05-18,17.7342,17.5872,17.538,0.19620000000000104,-0.026599999999998403,17.59342857142857,1
2023-05-19,17.693,17.7342,17.4672,0.2258000000000031,0.10850000000000293,17.60892857142857,1
2023-05-22,17.868,17.693,17.5872,0.2807999999999993,0.23930000000000007,17.643114285714287,1
2023-05-23,17.9687,17.868,17.7342,0.23449999999999704,0.35449999999999804,17.69375714285714,1
2023-05-24,17.8195,17.9687,17.693,0.12650000000000006,0.2815000000000012,17.73397142857143,1
2023-05-25,17.8252,17.8195,17.868,-0.04279999999999973,0.35800000000000054,17.785114285714286,1
2023-05-26,17.6723,17.8252,17.9687,-0.29639999999999844,0.08510000000000062,17.79727142857143,0
2023-05-29,17.5605,17.6723,17.8195,-0.25900000000000034,-0.1737000000000002,17.772457142857142,0
2023-05-30,17.6532,17.5605,17.8252,-0.1720000000000006,-0.039800000000003166,17.766771428571428,0
2023-05-31,17.7418,17.6532,17.6723,0.06950000000000145,-0.1261999999999972,17.748742857142854,0
2023-06-01,17.5673,17.7418,17.5605,0.006799999999998363,-0.40139999999999887,17.691399999999998,0
2023-06-02,17.5063,17.5673,17.6532,-0.1468999999999987,-0.3132000000000019,17.646657142857144,0
2023-06-05,17.4732,17.5063,17.7418,-0.26860000000000284,-0.3520000000000003,17.596371428571427,0
2023-06-06,17.4192,17.4732,17.5673,-0.14809999999999945,-0.2530999999999999,17.560214285714284,0
2023-06-07,17.3608,17.4192,17.5063,-0.1454999999999984,-0.1997,17.531685714285715,0
2023-06-08,17.4085,17.3608,17.4732,-0.06469999999999843,-0.24469999999999814,17.496728571428573,0
2023-06-09,17.284,17.4085,17.4192,-0.1352000000000011,-0.4578000000000024,17.43132857142857,0
2023-06-12,17.312,17.284,17.3608,-0.048799999999999955,-0.2552999999999983,17.394857142857145,0
2023-06-13,17.2185,17.312,17.4085,-0.19000000000000128,-0.2878000000000007,17.353742857142855,0
2023-06-14,17.1247,17.2185,17.284,-0.15929999999999822,-0.3484999999999978,17.303957142857143,0
2023-06-15,17.1762,17.1247,17.312,-0.1357999999999997,-0.24299999999999855,17.269242857142856,0
2023-06-16,17.0792,17.1762,17.2185,-0.13929999999999865,-0.28160000000000096,17.229014285714285,0
2023-06-19,17.0945,17.0792,17.1247,-0.03020000000000067,-0.31400000000000006,17.184157142857142,0
2023-06-20,17.2043,17.0945,17.1762,0.02809999999999846,-0.079699999999999,17.17277142857143,1
2023-06-21,17.1547,17.2043,17.0792,0.07549999999999812,-0.15730000000000288,17.1503,1
2023-06-22,17.1713,17.1547,17.0945,0.07679999999999865,-0.04720000000000013,17.14355714285714,1
2023-06-23,17.1795,17.1713,17.2043,-0.024799999999999045,0.05480000000000018,17.151385714285713,1
2023-06-26,17.1445,17.1795,17.1547,-0.010199999999997544,-0.03170000000000073,17.146857142857144,0
2023-06-27,17.1013,17.1445,17.1713,-0.07000000000000028,0.022099999999998232,17.150014285714285,0
2023-06-28,17.072,17.1013,17.1795,-0.1075000000000017,-0.022500000000000853,17.146800000000002,0
2023-06-29,17.1187,17.072,17.1445,-0.025800000000000267,-0.08559999999999945,17.13457142857143,0
2023-06-30,17.1358,17.1187,17.1013,0.03450000000000131,-0.018899999999998585,17.131871428571426,1
2023-07-03,17.0517,17.1358,17.072,-0.020299999999998875,-0.11959999999999837,17.114785714285716,0
2023-07-04,17.026,17.0517,17.1187,-0.09270000000000067,-0.15350000000000108,17.092857142857145,0
2023-07-05,17.004,17.026,17.1358,-0.13179999999999836,-0.1404999999999994,17.072785714285715,0
2023-07-06,17.2825,17.004,17.0517,0.23079999999999856,0.18120000000000047,17.09867142857143,1
2023-07-07,17.1012,17.2825,17.026,0.07519999999999882,0.02919999999999945,17.102842857142857,0
2023-07-10,17.0605,17.1012,17.004,0.05649999999999977,-0.05819999999999936,17.094528571428572,0
2023-07-11,17.0783,17.0605,17.2825,-0.20420000000000016,-0.057500000000000995,17.086314285714288,0
2023-07-12,16.8537,17.0783,17.1012,-0.24749999999999872,-0.1980000000000004,17.058028571428572,0
2023-07-13,16.8905,16.8537,17.0605,-0.1700000000000017,-0.1355000000000004,17.038671428571426,0
2023-07-14,16.7892,16.8905,17.0783,-0.2890999999999977,-0.21480000000000032,17.007985714285713,0
2023-07-17,16.7858,16.7892,16.8537,-0.06790000000000163,-0.4967000000000006,16.937028571428574,0
2023-07-18,16.748,16.7858,16.8905,-0.1424999999999983,-0.3531999999999975,16.88657142857143,0
2023-07-19,16.7667,16.748,16.7892,-0.022500000000000853,-0.29380000000000095,16.8446,0
2023-07-20,16.846,16.7667,16.7858,0.06020000000000181,-0.23229999999999862,16.811414285714285,1
2023-07-21,16.9393,16.846,16.748,0.19129999999999825,0.08559999999999945,16.823642857142854,1
2023-07-24,16.8367,16.9393,16.7667,0.07000000000000028,-0.05379999999999896,16.815957142857144,1
2023-07-25,16.9075,16.8367,16.846,0.06149999999999878,0.11829999999999785,16.832857142857144,1
2023-07-26,16.8825,16.9075,16.9393,-0.05679999999999907,0.096700000000002,16.84667142857143,1
2023-07-27,16.7338,16.8825,16.8367,-0.10290000000000177,-0.014200000000002433,16.844642857142855,0
2023-07-28,16.6895,16.7338,16.9075,-0.21799999999999997,-0.07720000000000127,16.833614285714283,0
2023-07-31,16.7303,16.6895,16.8825,-0.15220000000000056,-0.11570000000000036,16.817085714285714,0
2023-08-01,16.8533,16.7303,16.7338,0.11950000000000216,-0.08599999999999852,16.8048,1
2023-08-02,17.0193,16.8533,16.6895,0.3298000000000023,0.18260000000000076,16.830885714285714,1
2023-08-03,17.2892,17.0193,16.7303,0.5589000000000013,0.38170000000000215,16.885414285714287,1
2023-08-04,17.0555,17.2892,16.8533,0.20219999999999771,0.17299999999999827,16.910128571428572,1
2023-08-07,17.0608,17.0555,17.0193,0.041499999999999204,0.32700000000000173,16.956842857142856,1
2023-08-08,17.1122,17.0608,17.2892,-0.1769999999999996,0.4227000000000025,17.01722857142857,1
2023-08-09,17.0767,17.1122,17.0555,0.02120000000000033,0.34639999999999915,17.066714285714287,1
2023-08-10,16.9548,17.0767,17.0608,-0.10600000000000165,0.10149999999999793,17.081214285714285,0
2023-08-11,17.0045,16.9548,17.1122,-0.10770000000000124,-0.014800000000001035,17.0791,0
2023-08-14,17.0672,17.0045,17.0767,-0.009499999999999176,-0.2220000000000013,17.047385714285717,1
2023-08-15,17.1388,17.0672,16.9548,0.18400000000000105,0.08330000000000126,17.059285714285714,1
2023-08-16,17.0768,17.1388,17.0045,0.07229999999999848,0.015999999999998238,17.06157142857143,1
2023-08-17,17.1225,17.0768,17.0672,0.05529999999999902,0.010299999999997311,17.063042857142854,1
2023-08-18,17.0477,17.1225,17.1388,-0.09110000000000085,-0.028999999999999915,17.0589,0
2023-08-21,17.0202,17.0477,17.0768,-0.05659999999999954,0.06540000000000035,17.068242857142856,0
2023-08-22,16.9267,17.0202,17.1225,-0.19579999999999842,-0.07779999999999987,17.05712857142857,0
2023-08-23,16.8077,16.9267,17.0477,-0.23999999999999844,-0.2594999999999992,17.02005714285714,0
2023-08-24,16.809,16.8077,17.0202,-0.21119999999999806,-0.32979999999999876,16.972942857142858,0
2023-08-25,16.7718,16.809,16.9267,-0.15490000000000137,-0.3049999999999997,16.929371428571425,0
2023-08-28,16.7432,16.7718,16.8077,-0.06449999999999889,-0.3792999999999971,16.875185714285713,0
2023-08-29,16.8402,16.7432,16.809,0.03119999999999834,-0.20749999999999957,16.845542857142856,0
2023-08-30,16.7477,16.8402,16.7718,-0.024100000000000676,-0.27250000000000085,16.806614285714286,0
2023-08-31,16.917,16.7477,16.7432,0.17379999999999995,-0.00969999999999871,16.80522857142857,1
2023-09-01,17.1113,16.917,16.8402,0.27110000000000056,0.3035999999999994,16.8486,1
2023-09-04,17.175,17.1113,16.7477,0.42730000000000246,0.36599999999999966,16.900885714285714,1
2023-09-05,17.3492,17.175,16.917,0.43219999999999814,0.5774000000000008,16.983371428571427,1
2023-09-06,17.5805,17.3492,17.1113,0.4692000000000007,0.837299999999999,17.102985714285715,1
2023-09-07,17.5543,17.5805,17.175,0.37930000000000064,0.714100000000002,17.205000000000002,1
2023-09-08,17.5767,17.5543,17.3492,0.22749999999999915,0.8290000000000006,17.323428571428572,1
2023-09-11,17.3813,17.5767,17.5805,-0.19920000000000115,0.46429999999999794,17.389757142857142,0
2023-09-12,17.2553,17.3813,17.5543,-0.29900000000000304,0.14399999999999835,17.410328571428572,0
2023-09-13,17.1235,17.2553,17.5767,-0.45319999999999894,-0.05150000000000077,17.40297142857143,0
2023-09-14,17.1042,17.1235,17.3813,-0.2771000000000008,-0.245000000000001,17.367971428571426,0
2023-09-15,17.0807,17.1042,17.2553,-0.1745999999999981,-0.49980000000000047,17.29657142857143,0
2023-09-18,17.1307,17.0807,17.1235,0.007200000000000983,-0.4236000000000004,17.236057142857142,0
2023-09-19,17.0805,17.1307,17.1042,-0.023699999999998056,-0.4961999999999982,17.16517142857143,0
2023-09-20,17.024,17.0805,17.0807,-0.056699999999999307,-0.3572999999999986,17.114128571428573,0
2023-09-21,17.1675,17.024,17.1307,0.0367999999999995,-0.08779999999999788,17.101585714285715,1
2023-09-22,17.1568,17.1675,17.0805,0.07629999999999981,0.03330000000000055,17.106342857142856,1
2023-09-25,17.3733,17.1568,17.024,0.3492999999999995,0.26910000000000167,17.144785714285714,1
2023-09-26,17.4758,17.3733,17.1675,0.30829999999999913,0.39509999999999934,17.201228571428572,1
2023-09-27,17.7287,17.4758,17.1568,0.5718999999999994,0.597999999999999,17.286657142857145,1
2023-09-28,17.6195,17.7287,17.3733,0.2461999999999982,0.5389999999999979,17.363657142857143,1
2023-09-29,17.4127,17.6195,17.4758,-0.0630999999999986,0.38870000000000005,17.419185714285714,0
2023-10-02,17.592,17.4127,17.7287,-0.13670000000000115,0.4244999999999983,17.479828571428573,1
2023-10-03,17.9025,17.592,17.6195,0.28300000000000125,0.7456999999999994,17.586357142857143,1
2023-10-04,18.017,17.9025,17.4127,0.6042999999999985,0.643699999999999,17.678314285714286,1
2023-10-05,18.2407,18.017,17.592,0.6487000000000016,0.7649000000000008,17.787585714285715,1
2023-10-06,18.1837,18.2407,17.9025,0.2812000000000019,0.45500000000000185,17.852585714285716,1
2023-10-09,18.3482,18.1837,18.017,0.33119999999999905,0.7286999999999999,17.956685714285715,1
2023-10-10,17.9917,18.3482,18.2407,-0.24899999999999878,0.5790000000000006,18.0394,0
2023-10-11,17.842,17.9917,18.1837,-0.341700000000003,0.25,18.075114285714285,0
2023-10-12,17.9132,17.842,18.3482,-0.4349999999999987,0.010699999999999932,18.076642857142854,0
2023-10-13,18.0362,17.9132,17.9917,0.04449999999999932,0.019200000000001438,18.079385714285714,0
2023-10-16,17.9568,18.0362,17.842,0.11480000000000246,-0.28389999999999915,18.03882857142857,0
2023-10-17,17.9097,17.9568,17.9132,-0.0034999999999989484,-0.2740000000000009,17.999685714285715,0
2023-10-18,18.244,17.9097,18.0362,0.20779999999999887,-0.10419999999999874,17.9848,1
2023-10-19,18.2873,18.244,17.9568,0.33049999999999713,0.29559999999999675,18.02702857142857,1
2023-10-20,18.2343,18.2873,17.9097,0.3246000000000002,0.3923000000000023,18.08307142857143,1
2023-10-23,18.1218,18.2343,18.244,-0.12219999999999942,0.20860000000000056,18.11287142857143,1
2023-10-24,18.2842,18.1218,18.2873,-0.0030999999999998806,0.24799999999999756,18.1483,1
2023-10-25,18.3122,18.2842,18.2343,0.07789999999999964,0.3553999999999995,18.19907142857143,1
2023-10-26,18.2178,18.3122,18.1218,0.09600000000000009,0.3080999999999996,18.243085714285716,0
2023-10-27,18.0752,18.2178,18.2842,-0.20899999999999963,-0.16880000000000095,18.21897142857143,0
2023-10-30,18.064,18.0752,18.3122,-0.24820000000000064,-0.22329999999999828,18.18707142857143,0
2023-10-31,18.0368,18.064,18.2178,-0.18100000000000094,-0.19750000000000156,18.15885714285714,0
2023-11-01,17.9305,18.0368,18.0752,-0.14470000000000027,-0.1913000000000018,18.13152857142857,0
2023-11-03,17.4117,17.9305,18.064,-0.6523000000000003,-0.8724999999999987,18.006885714285712,0
2023-11-06,17.5308,17.4117,18.0368,-0.5060000000000002,-0.7814000000000014,17.89525714285714,0
2023-11-07,17.5097,17.5308,17.9305,-0.42079999999999984,-0.7081000000000017,17.794099999999997,0
2023-11-08,17.5017,17.5097,17.4117,0.08999999999999986,-0.5734999999999992,17.712171428571427,0
2023-11-09,17.4888,17.5017,17.5308,-0.04199999999999804,-0.5751999999999988,17.63,0
2023-11-10,17.748,17.4888,17.5097,0.2383000000000024,-0.2887999999999984,17.588742857142854,1
2023-11-13,17.6138,17.748,17.5017,0.11210000000000164,-0.3166999999999973,17.5435,1
2023-11-14,17.3917,17.6138,17.4888,-0.09710000000000107,-0.019999999999999574,17.54064285714286,0
2023-11-15,17.3387,17.3917,17.748,-0.4093000000000018,-0.19209999999999994,17.5132,0
2023-11-16,17.2708,17.3387,17.6138,-0.34299999999999997,-0.23889999999999745,17.479071428571427,0
2023-11-17,17.2175,17.2708,17.3917,-0.17419999999999902,-0.28419999999999845,17.43847142857143,0
2023-11-21,17.2102,17.2175,17.3387,-0.12849999999999895,-0.27860000000000085,17.39867142857143,0
2023-11-22,17.2133,17.2102,17.2708,-0.057500000000000995,-0.5347000000000008,17.322285714285716,0
2023-11-23,17.1787,17.2133,17.2175,-0.038800000000001944,-0.43510000000000204,17.26012857142857,0
2023-11-24,17.1268,17.1787,17.2102,-0.08340000000000103,-0.2649000000000008,17.222285714285714,0
2023-11-27,17.1555,17.1268,17.2133,-0.057800000000000296,-0.18319999999999936,17.196114285714284,0
2023-11-28,17.1357,17.1555,17.1787,-0.04299999999999926,-0.13510000000000133,17.176814285714286,0
2023-11-29,17.187,17.1357,17.1268,0.06020000000000181,-0.03049999999999997,17.172457142857144,1
2023-11-30,17.373,17.187,17.1555,0.21750000000000114,0.16280000000000072,17.195714285714285,1
2023-12-01,17.2143,17.373,17.1357,0.07860000000000156,0.0010000000000012221,17.195857142857143,1
2023-12-04,17.406,17.2143,17.187,0.21899999999999764,0.2272999999999996,17.228328571428573,1
2023-12-05,17.4215,17.406,17.373,0.048500000000000654,0.2947000000000024,17.27042857142857,1
2023-12-06,17.2685,17.4215,17.2143,0.05419999999999803,0.11299999999999955,17.286571428571428,0
2023-12-07,17.4197,17.2685,17.406,0.013700000000000045,0.2839999999999989,17.327142857142857,1
2023-12-08,17.3688,17.4197,17.4215,-0.05270000000000152,0.18179999999999907,17.353114285714287,1
2023-12-11,17.447,17.3688,17.2685,0.17849999999999966,0.07399999999999807,17.363685714285715,1
2023-12-13,17.398,17.447,17.4197,-0.021699999999999164,0.1836999999999982,17.389928571428573,1
2023-12-14,17.299,17.398,17.3688,-0.06980000000000075,-0.10699999999999932,17.374642857142856,0
2023-12-15,17.1908,17.299,17.447,-0.25619999999999976,-0.23070000000000235,17.341685714285713,0
2023-12-18,17.2277,17.1908,17.398,-0.170300000000001,-0.040800000000000836,17.335857142857144,0
2023-12-19,17.0652,17.2277,17.299,-0.23379999999999868,-0.35449999999999804,17.285214285714286,0
2023-12-20,17.0673,17.0652,17.1908,-0.12349999999999994,-0.30150000000000077,17.242142857142856,0
2023-12-21,17.059,17.0673,17.2277,-0.16869999999999763,-0.3879999999999981,17.186714285714285,0
2023-12-22,16.9738,17.059,17.0652,-0.09140000000000015,-0.424199999999999,17.126114285714287,0
2023-12-26,16.9727,16.9738,17.0673,-0.0945999999999998,-0.3262999999999998,17.0795,0
2023-12-27,16.922,16.9727,17.059,-0.13700000000000045,-0.2687999999999988,17.0411,0
2023-12-28,16.8935,16.922,16.9738,-0.08030000000000115,-0.33419999999999916,16.993357142857143,0
2023-12-29,16.919,16.8935,16.9727,-0.05369999999999919,-0.14620000000000033,16.972471428571428,0
2024-01-02,17.0297,16.919,16.922,0.10769999999999769,-0.03760000000000119,16.9671,1
2024-01-03,17.0492,17.0297,16.8935,0.1556999999999995,-0.00980000000000203,16.965700000000002,1
2024-01-04,17.0458,17.0492,16.919,0.12679999999999936,0.07199999999999918,16.975985714285713,1
2024-01-05,16.8987,17.0458,17.0297,-0.13099999999999667,-0.07399999999999807,16.965414285714285,0
2024-01-08,16.8133,16.8987,17.0492,-0.23589999999999733,-0.10869999999999891,16.949885714285713,0
2024-01-09,16.9347,16.8133,17.0458,-0.11110000000000042,0.0411999999999999,16.955771428571428,0
2024-01-10,16.9912,16.9347,16.8987,0.09249999999999758,0.07219999999999871,16.966085714285715,1
2024-01-11,16.9898,16.9912,16.8133,0.17649999999999721,-0.03989999999999938,16.960385714285714,1
2024-01-12,16.858,16.9898,16.9347,-0.07669999999999888,-0.19119999999999848,16.93307142857143,0
2024-01-15,16.8983,16.858,16.9912,-0.0929000000000002,-0.14750000000000085,16.912,0
2024-01-16,17.1598,16.8983,16.9898,0.1700000000000017,0.261099999999999,16.9493,1
2024-01-17,17.2957,17.1598,16.858,0.43769999999999953,0.4823999999999984,17.018214285714286,1
2024-01-18,17.1995,17.2957,16.8983,0.30120000000000147,0.26480000000000103,17.056042857142856,1
2024-01-19,17.1325,17.1995,17.1598,-0.027300000000000324,0.1413000000000011,17.076228571428572,1
2024-01-22,17.1125,17.1325,17.2957,-0.18319999999999936,0.12270000000000181,17.093757142857143,1
2024-01-23,17.352,17.1125,17.1995,0.15249999999999986,0.4939999999999998,17.164328571428573,1
2024-01-24,17.1673,17.352,17.1325,0.03480000000000061,0.2690000000000019,17.202757142857145,0
2024-01-25,17.2375,17.1673,17.1125,0.125,0.0777000000000001,17.213857142857144,1
2024-01-26,17.1657,17.2375,17.352,-0.18629999999999924,-0.129999999999999,17.195285714285713,0
2024-01-29,17.2333,17.1657,17.1673,0.06599999999999895,0.033799999999999386,17.200114285714285,1
2024-01-30,17.1932,17.2333,17.2375,-0.044299999999999784,0.06070000000000064,17.208785714285714,0
2024-01-31,17.1633,17.1932,17.1657,-0.002400000000001512,0.050799999999998846,17.21604285714286,0
2024-02-01,17.1335,17.1633,17.2333,-0.09979999999999833,-0.2184999999999988,17.18482857142857,0
2024-02-02,17.1447,17.1335,17.1932,-0.048500000000000654,-0.02260000000000062,17.1816,0
2024-02-06,17.0357,17.1447,17.1633,-0.12760000000000105,-0.2018000000000022,17.15277142857143,0
2024-02-07,17.0398,17.0357,17.1335,-0.09370000000000189,-0.12590000000000146,17.134785714285716,0
2024-02-08,17.1023,17.0398,17.1447,-0.04240000000000066,-0.13100000000000023,17.116071428571427,0
2024-02-09,17.0855,17.1023,17.0357,0.04980000000000118,-0.10770000000000124,17.100685714285714,0
2024-02-12,17.068,17.0855,17.0398,0.02820000000000178,-0.09529999999999816,17.08707142857143,0
2024-02-13,17.1982,17.068,17.1023,0.09590000000000032,0.06469999999999843,17.096314285714286,1
2024-02-14,17.1105,17.1982,17.0855,0.02499999999999858,-0.03420000000000201,17.09142857142857,1
2024-02-15,17.068,17.1105,17.068,0.0,0.03230000000000288,17.09604285714286,0
2024-02-16,17.0602,17.068,17.1982,-0.13800000000000168,0.02039999999999864,17.09895714285714,0
2024-02-19,17.05,17.0602,17.1105,-0.060499999999997556,-0.0522999999999989,17.091485714285714,0
2024-02-20,17.0458,17.05,17.068,-0.022200000000001552,-0.039699999999999847,17.085814285714285,0
2024-02-21,17.0603,17.0458,17.0602,0.00010000000000331966,-0.007699999999999818,17.084714285714284,0
2024-02-22,17.121,17.0603,17.05,0.07099999999999795,-0.07720000000000127,17.073685714285713,1
2024-02-23,17.126,17.121,17.0458,0.08020000000000138,0.015500000000002956,17.0759,1
2024-02-26,17.126,17.126,17.0603,0.06569999999999965,0.05799999999999983,17.084185714285713,1
2024-02-27,17.0605,17.126,17.121,-0.060499999999997556,0.00030000000000285354,17.08422857142857,0
2024-02-28,17.0962,17.0605,17.126,-0.029800000000001603,0.04619999999999891,17.09082857142857,1
2024-02-29,17.0633,17.0962,17.126,-0.06269999999999953,0.017500000000001847,17.09332857142857,0
2024-03-01,17.0217,17.0633,17.0605,-0.038800000000001944,-0.03860000000000241,17.087814285714284,0
2024-03-04,16.9828,17.0217,17.0962,-0.11339999999999861,-0.13819999999999766,17.06807142857143,0
2024-03-05,16.9257,16.9828,17.0633,-0.1376000000000026,-0.20030000000000214,17.039457142857145,0
2024-03-06,16.8728,16.9257,17.0217,-0.1488999999999976,-0.25319999999999965,17.003285714285717,0
2024-03-07,16.877,16.8728,16.9828,-0.10580000000000211,-0.18350000000000222,16.977071428571428,0
2024-03-08,16.7985,16.877,16.9257,-0.12719999999999843,-0.29769999999999897,16.93454285714286,0
2024-03-11,16.8083,16.7985,16.8728,-0.06450000000000244,-0.25500000000000256,16.898114285714286,0
2024-03-12,16.8272,16.8083,16.877,-0.049799999999997624,-0.1944999999999979,16.87032857142857,0
2024-03-13,16.7127,16.8272,16.7985,-0.08579999999999899,-0.27009999999999934,16.83174285714286,0
2024-03-14,16.692,16.7127,16.8083,-0.11629999999999896,-0.2336999999999989,16.798357142857142,0
2024-03-15,16.71,16.692,16.8272,-0.11720000000000041,-0.16280000000000072,16.775100000000002,0
2024-03-19,16.8523,16.71,16.7127,0.13959999999999795,-0.024699999999999278,16.77157142857143,1
2024-03-20,16.759,16.8523,16.692,0.06700000000000017,-0.03950000000000031,16.76592857142857,0
2024-03-21,16.762,16.759,16.71,0.0519999999999996,-0.046299999999998676,16.759314285714286,1
2024-03-22,16.7367,16.762,16.8523,-0.11560000000000059,-0.09050000000000225,16.746385714285715,0
2024-03-25,16.7032,16.7367,16.759,-0.055800000000001404,-0.009500000000002728,16.74502857142857,0
2024-03-26,16.678,16.7032,16.762,-0.08399999999999963,-0.013999999999999346,16.74302857142857,0
2024-03-27,16.5323,16.678,16.7367,-0.2043999999999997,-0.17770000000000152,16.717642857142856,0
2024-04-01,16.6578,16.5323,16.7032,-0.04539999999999722,-0.1944999999999979,16.689857142857143,0
2024-04-02,16.5673,16.6578,16.678,-0.11070000000000135,-0.19170000000000087,16.66247142857143,0
2024-04-03,16.5415,16.5673,16.5323,0.009199999999999875,-0.22050000000000125,16.63097142857143,0
2024-04-04,16.5173,16.5415,16.6578,-0.14050000000000296,-0.21940000000000026,16.59962857142857,0
2024-04-05,16.4758,16.5173,16.5673,-0.09149999999999991,-0.22739999999999938,16.56714285714286,0
2024-04-08,16.3357,16.4758,16.5415,-0.20579999999999998,-0.3423000000000016,16.51824285714286,0
2024-04-09,16.3932,16.3357,16.5173,-0.12409999999999854,-0.1390999999999991,16.498371428571428,0
2024-04-10,16.4883,16.3932,16.4758,0.01249999999999929,-0.16950000000000287,16.47415714285714,1
2024-04-11,16.4583,16.4883,16.3357,0.12260000000000204,-0.10899999999999821,16.458585714285714,0
2024-04-12,16.6693,16.4583,16.3932,0.27609999999999957,0.12780000000000058,16.476842857142856,1
2024-04-15,16.6815,16.6693,16.4883,0.19320000000000093,0.164200000000001,16.5003,1
2024-04-16,17.0252,16.6815,16.4583,0.5669000000000004,0.5494000000000021,16.578785714285715,1
2024-04-17,16.9948,17.0252,16.6693,0.3255000000000017,0.6591000000000022,16.672942857142857,1
2024-04-18,17.1145,16.9948,16.6815,0.43299999999999983,0.7212999999999994,16.775985714285714,1
2024-04-19,17.212,17.1145,17.0252,0.18679999999999808,0.7237000000000009,16.879371428571428,1
2024-04-22,17.1243,17.212,16.9948,0.12950000000000017,0.6660000000000004,16.974514285714285,1
2024-04-23,16.9995,17.1243,17.1145,-0.11499999999999844,0.3302000000000014,17.021685714285717,0
2024-04-24,17.1098,16.9995,17.212,-0.10219999999999985,0.4283000000000001,17.08287142857143,1
2024-04-25,17.1883,17.1098,17.1243,0.06400000000000006,0.16310000000000002,17.10617142857143,1
2024-04-26,17.1552,17.1883,16.9995,0.1556999999999995,0.1603999999999992,17.129085714285715,1
2024-04-29,17.0243,17.1552,17.1098,-0.08549999999999969,-0.09019999999999939,17.1162,0
2024-04-30,17.0958,17.0243,17.1883,-0.09250000000000114,-0.11619999999999919,17.099600000000002,0
2024-05-02,16.9393,17.0958,17.1552,-0.2159000000000013,-0.18500000000000227,17.07317142857143,0
2024-05-03,17.0042,16.9393,17.0243,-0.02009999999999934,0.004699999999999704,17.073842857142857,0
2024-05-06,16.8947,17.0042,17.0958,-0.20110000000000028,-0.21509999999999962,17.04311428571429,0
2024-05-07,16.9083,16.8947,16.9393,-0.030999999999998806,-0.28000000000000114,17.003114285714286,0
2024-05-08,16.9087,16.9083,17.0042,-0.09550000000000125,-0.24650000000000105,16.9679,0
2024-05-09,16.866,16.9087,16.8947,-0.028700000000000614,-0.15830000000000055,16.945285714285713,0
2024-05-10,16.769,16.866,16.9083,-0.1393000000000022,-0.3268000000000022,16.8986,0
2024-05-13,16.8072,16.769,16.9087,-0.10149999999999793,-0.13209999999999766,16.87972857142857,0
2024-05-14,16.846,16.8072,16.866,-0.019999999999999574,-0.15820000000000078,16.85712857142857,0
2024-05-15,16.6782,16.846,16.769,-0.090799999999998,-0.21649999999999991,16.8262,0
2024-05-16,16.6893,16.6782,16.8072,-0.11790000000000234,-0.2190000000000012,16.794914285714288,0
2024-05-17,16.6217,16.6893,16.846,-0.2242999999999995,-0.28699999999999903,16.753914285714284,0
2024-05-20,16.5668,16.6217,16.6782,-0.11139999999999972,-0.299199999999999,16.71117142857143,0
2024-05-21,16.6138,16.5668,16.6893,-0.07549999999999812,-0.15519999999999712,16.689,0
2024-05-22,16.6405,16.6138,16.6217,0.018799999999998818,-0.1667000000000023,16.665185714285716,0
2024-05-23,16.6945,16.6405,16.5668,0.1277000000000008,-0.15149999999999864,16.643542857142858,1
2024-05-24,16.7023,16.6945,16.6138,0.0884999999999998,0.024100000000000676,16.646985714285712,1
2024-05-27,16.6568,16.7023,16.6405,0.01630000000000109,-0.03249999999999886,16.642342857142857,1
2024-05-28,16.7457,16.6568,16.6945,0.051199999999997914,0.12399999999999878,16.660057142857145,1
2024-05-29,16.95,16.7457,16.7023,0.24769999999999825,0.38319999999999865,16.7148,1
2024-05-30,16.9377,16.95,16.6568,0.28089999999999904,0.3238999999999983,16.76107142857143,1
2024-05-31,17.0177,16.9377,16.7457,0.272000000000002,0.377200000000002,16.814957142857143,1
2024-06-03,17.6338,17.0177,16.95,0.6838000000000015,0.9392999999999994,16.949142857142856,1
2024-06-04,17.8607,17.6338,16.9377,0.9230000000000018,1.1584000000000003,17.11462857142857,1
2024-06-05,17.5592,17.8607,17.0177,0.5414999999999992,0.9024000000000001,17.24354285714286,1
2024-06-06,17.5335,17.5592,17.6338,-0.10030000000000072,0.7878000000000007,17.356085714285715,1
2024-06-07,18.2622,17.5335,17.8607,0.40149999999999864,1.3122000000000007,17.543542857142857,1
2024-06-10,18.3848,18.2622,17.5592,0.8255999999999979,1.447099999999999,17.750271428571427,1
2024-06-11,18.4457,18.3848,17.5335,0.9121999999999986,1.4279999999999973,17.954271428571428,1
2024-06-12,18.7832,18.4457,18.2622,0.5210000000000008,1.1494,18.11847142857143,1
2024-06-13,18.5385,18.7832,18.3848,0.15370000000000061,0.6777999999999977,18.215300000000003,1
2024-06-14,18.4512,18.5385,18.4457,0.005500000000001393,0.8919999999999995,18.342728571428573,1
2024-06-17,18.5248,18.4512,18.7832,-0.25840000000000174,0.991299999999999,18.484342857142856,1
2024-06-18,18.4128,18.5248,18.5385,-0.12569999999999837,0.15060000000000073,18.505857142857142,0
2024-06-19,18.423,18.4128,18.4512,-0.02820000000000178,0.03819999999999979,18.51131428571429,0
2024-06-20,18.4027,18.423,18.5248,-0.12209999999999965,-0.04299999999999926,18.50517142857143,0
2024-06-21,18.1848,18.4027,18.4128,-0.22800000000000153,-0.5984000000000016,18.419685714285716,0
2024-06-24,17.9627,18.1848,18.423,-0.4602999999999966,-0.5757999999999974,18.33742857142857,0
2024-06-25,18.1372,17.9627,18.4027,-0.2654999999999994,-0.31400000000000006,18.292571428571428,0
2024-06-26,18.2215,18.1372,18.1848,0.03669999999999973,-0.3033000000000001,18.249242857142857,0
2024-06-27,18.3773,18.2215,17.9627,0.4146000000000001,-0.03549999999999898,18.24417142857143,1
2024-06-28,18.2478,18.3773,18.1372,0.11060000000000159,-0.1751999999999967,18.21914285714286,1
2024-07-01,18.3897,18.2478,18.2215,0.16820000000000235,-0.012999999999998124,18.217285714285715,1
2024-07-02,18.2485,18.3897,18.3773,-0.1288000000000018,0.06370000000000076,18.226385714285716,1
2024-07-03,18.1355,18.2485,18.2478,-0.11230000000000118,0.17279999999999873,18.25107142857143,0
2024-07-04,18.0958,18.1355,18.3897,-0.2939000000000007,-0.04139999999999944,18.245157142857146,0
2024-07-05,18.0977,18.0958,18.2485,-0.15080000000000027,-0.12379999999999924,18.227471428571427,0
2024-07-08,18.0095,18.0977,18.1355,-0.12600000000000122,-0.36780000000000257,18.174928571428573,0
2024-07-09,17.9428,18.0095,18.0958,-0.15300000000000225,-0.30500000000000327,18.131357142857144,0
2024-07-10,17.8288,17.9428,18.0977,-0.2688999999999986,-0.5609000000000002,18.05122857142857,0
2024-07-11,17.8192,17.8288,18.0095,-0.19030000000000058,-0.42930000000000135,17.9899,0
2024-07-12,17.6502,17.8192,17.9428,-0.29259999999999664,-0.48529999999999873,17.920571428571428,0
2024-07-15,17.7837,17.6502,17.8288,-0.04510000000000147,-0.31210000000000093,17.875985714285715,0
2024-07-16,17.6795,17.7837,17.8192,-0.13969999999999771,-0.4181999999999988,17.816242857142857,0
2024-07-17,17.7438,17.6795,17.6502,0.09359999999999857,-0.26569999999999894,17.778285714285715,0
2024-07-18,17.8907,17.7438,17.7837,0.10699999999999932,-0.05209999999999937,17.770842857142856,1
2024-07-19,17.997,17.8907,17.6795,0.317499999999999,0.1681999999999988,17.79487142857143,1
2024-07-22,17.9107,17.997,17.7438,0.16689999999999827,0.09149999999999991,17.807942857142855,1
2024-07-23,18.0987,17.9107,17.8907,0.20800000000000196,0.44849999999999923,17.872014285714286,1
2024-07-24,18.3458,18.0987,17.997,0.34880000000000067,0.5621000000000009,17.952314285714287,1
2024-07-25,18.385,18.3458,17.9107,0.47430000000000305,0.7055000000000007,18.0531,1
2024-07-26,18.4475,18.385,18.0987,0.34880000000000067,0.7037000000000013,18.153628571428573,1
2024-07-29,18.6818,18.4475,18.3458,0.3359999999999985,0.7911000000000001,18.26664285714286,1
2024-07-30,18.79,18.6818,18.385,0.4049999999999976,0.7929999999999993,18.37992857142857,1
2024-07-31,18.597,18.79,18.4475,0.14949999999999974,0.6863000000000028,18.47797142857143,1
2024-08-01,18.706,18.597,18.6818,0.024200000000000443,0.6072999999999986,18.56472857142857,1
2024-08-02,19.0442,18.706,18.79,0.25420000000000087,0.6983999999999995,18.6645,1
2024-08-05,19.3905,19.0442,18.597,0.7934999999999981,1.0054999999999978,18.808142857142858,1
2024-08-06,19.33,19.3905,18.706,0.6239999999999988,0.8824999999999967,18.934214285714287,1
2024-08-07,19.189,19.33,19.0442,0.14480000000000004,0.507200000000001,19.006671428571426,1
2024-08-08,19.09,19.189,19.3905,-0.30049999999999955,0.3000000000000007,19.04952857142857,1
2024-08-09,18.8368,19.09,19.33,-0.4931999999999981,0.2397999999999989,19.083785714285714,0
2024-08-12,19.032,18.8368,19.189,-0.15700000000000003,0.3260000000000005,19.130357142857143,0
2024-08-13,19.0387,19.032,19.09,-0.051300000000001234,-0.005500000000001393,19.12957142857143,0
2024-08-14,18.8478,19.0387,18.8368,0.010999999999999233,-0.5427,19.052042857142858,0
2024-08-15,18.6513,18.8478,19.032,-0.3807000000000009,-0.6786999999999992,18.955085714285712,0
2024-08-16,18.6228,18.6513,19.0387,-0.41589999999999705,-0.5661999999999985,18.8742,0
2024-08-19,18.7357,18.6228,18.8478,-0.11209999999999809,-0.3542999999999985,18.823585714285713,0
2024-08-20,18.9448,18.7357,18.6513,0.29350000000000165,0.10800000000000054,18.839014285714285,1
2024-08-21,19.2535,18.9448,18.6228,0.6306999999999974,0.22149999999999892,18.870657142857144,1
2024-08-22,19.4235,19.2535,18.7357,0.6877999999999993,0.38480000000000203,18.92562857142857,1
2024-08-23,19.0708,19.4235,18.9448,0.12599999999999767,0.22299999999999898,18.957485714285717,1
2024-08-26,19.382,19.0708,19.2535,0.1285000000000025,0.7307000000000023,19.061871428571433,1
2024-08-27,19.6692,19.382,19.4235,0.24569999999999936,1.0463999999999984,19.211357142857143,1
2024-08-28,19.6037,19.6692,19.0708,0.5329000000000015,0.8679999999999986,19.33535714285714,1
2024-08-29,19.8168,19.6037,19.382,0.4347999999999992,0.8719999999999999,19.459928571428573,1
2024-08-30,19.6535,19.8168,19.6692,-0.015699999999998937,0.40000000000000213,19.51707142857143,1
2024-09-02,19.798,19.6535,19.6037,0.19429999999999836,0.3744999999999976,19.57057142857143,1
2024-09-03,19.8335,19.798,19.8168,0.01670000000000016,0.7627000000000024,19.67952857142857,1
2024-09-04,19.846,19.8335,19.6535,0.192499999999999,0.46399999999999864,19.745814285714285,1
2024-09-05,20.0028,19.846,19.798,0.2048000000000023,0.33360000000000056,19.79347142857143,1
2024-09-06,20.0172,20.0028,19.8335,0.1836999999999982,0.4134999999999991,19.852542857142854,1
2024-09-09,19.8798,20.0172,19.846,0.033799999999999386,0.06299999999999883,19.861542857142858,1
2024-09-10,20.0583,19.8798,20.0028,0.05549999999999855,0.40479999999999805,19.919371428571427,1
2024-09-11,19.839,20.0583,20.0172,-0.17820000000000036,0.04100000000000037,19.92522857142857,0
2024-09-12,19.5887,19.839,19.8798,-0.29110000000000014,-0.24480000000000146,19.89025714285714,0
2024-09-13,19.2483,19.5887,20.0583,-0.8099999999999987,-0.5976999999999997,19.804871428571428,0
2024-09-17,19.267,19.2483,19.839,-0.5719999999999992,-0.7358000000000011,19.699757142857145,0
2024-09-18,19.3033,19.267,19.5887,-0.2853999999999992,-0.7138999999999989,19.597771428571427,0
2024-09-19,19.2773,19.3033,19.2483,0.028999999999999915,-0.6024999999999991,19.5117,0
2024-09-20,19.3725,19.2773,19.267,0.10549999999999926,-0.6858000000000004,19.41372857142857,0
2024-09-23,19.415,19.3725,19.3033,0.11169999999999902,-0.4239999999999995,19.353157142857146,1
2024-09-24,19.3562,19.415,19.2773,0.07890000000000086,-0.23249999999999815,19.319942857142856,1
2024-09-25,19.587,19.3562,19.3725,0.21450000000000102,0.33869999999999933,19.368328571428574,1
2024-09-26,19.629,19.587,19.415,0.2140000000000022,0.3620000000000019,19.420042857142857,1
2024-09-27,19.6697,19.629,19.3562,0.31349999999999767,0.3663999999999987,19.472385714285714,1
2024-09-30,19.644,19.6697,19.587,0.05699999999999861,0.366699999999998,19.524771428571427,1
2024-10-02,19.3885,19.644,19.629,-0.24050000000000082,0.01600000000000179,19.527057142857142,0
2024-10-03,19.4678,19.3885,19.6697,-0.20189999999999841,0.05280000000000129,19.5346,0
2024-10-04,19.2127,19.4678,19.644,-0.4312999999999967,-0.14349999999999952,19.514100000000003,0
2024-10-07,19.3388,19.2127,19.3885,-0.04970000000000141,-0.24820000000000064,19.47864285714286,0
2024-10-08,19.3532,19.3388,19.4678,-0.11459999999999937,-0.27580000000000027,19.439242857142858,0
2024-10-09,19.4175,19.3532,19.2127,0.20479999999999876,-0.2521999999999984,19.403214285714284,1
2024-10-10,19.5113,19.4175,19.3388,0.17249999999999943,-0.13269999999999982,19.38425714285714,1
2024-10-11,19.3983,19.5113,19.3532,0.04509999999999792,0.009799999999998477,19.385657142857145,1
2024-10-14,19.342,19.3983,19.4175,-0.07550000000000168,-0.1258000000000017,19.367685714285717,0
2024-10-15,19.62,19.342,19.5113,0.10870000000000246,0.40729999999999933,19.42587142857143,1
2024-10-16,19.8925,19.62,19.3983,0.4941999999999993,0.5536999999999992,19.504971428571427,1
2024-10-17,19.9313,19.8925,19.342,0.5893000000000015,0.5780999999999992,19.587557142857143,1
2024-10-18,19.8325,19.9313,19.62,0.21249999999999858,0.41499999999999915,19.646842857142854,1
2024-10-21,20.0075,19.8325,19.8925,0.11500000000000199,0.49620000000000175,19.71772857142857,1
2024-10-22,19.8985,20.0075,19.9313,-0.03280000000000172,0.5001999999999995,19.78918571428571,1
2024-10-23,19.9338,19.8985,19.8325,0.10130000000000194,0.5918000000000028,19.87372857142857,1
2024-10-24,19.8385,19.9338,20.0075,-0.16900000000000048,0.2184999999999988,19.904942857142856,0
2024-10-25,19.9303,19.8385,19.8985,0.031800000000000495,0.03780000000000072,19.910342857142858,1
2024-10-28,20.0007,19.9303,19.9338,0.06689999999999685,0.06939999999999813,19.920257142857142,1
2024-10-29,20.0208,20.0007,19.8385,0.18230000000000146,0.1883000000000017,19.947157142857144,1
2024-10-30,20.1617,20.0208,19.9303,0.23140000000000072,0.15419999999999945,19.969185714285715,1
2024-10-31,20.0378,20.1617,20.0007,0.03710000000000235,0.1393000000000022,19.989085714285714,1
2024-11-01,20.0908,20.0378,20.0208,0.07000000000000028,0.15700000000000003,20.011514285714288,1
2024-11-04,20.0367,20.0908,20.1617,-0.125,0.19819999999999993,20.03982857142857,0
2024-11-05,20.2695,20.0367,20.0378,0.23170000000000002,0.3392000000000017,20.088285714285714,1
2024-11-06,20.3093,20.2695,20.0908,0.2184999999999988,0.308600000000002,20.132371428571428,1
2024-11-07,19.8277,20.3093,20.0367,-0.20899999999999963,-0.19310000000000116,20.104785714285715,0
2024-11-08,20.1332,19.8277,20.2695,-0.1363000000000021,-0.02850000000000108,20.100714285714282,1
2024-11-11,20.4502,20.1332,20.3093,0.14089999999999847,0.4123999999999981,20.159628571428573,1
2024-11-12,20.5693,20.4502,19.8277,0.7415999999999983,0.4784999999999968,20.227985714285715,1
2024-11-13,20.6025,20.5693,20.1332,0.4693000000000005,0.5657999999999994,20.308814285714284,1
2024-11-14,20.494,20.6025,20.4502,0.04380000000000095,0.22449999999999903,20.340885714285715,1
2024-11-15,20.3887,20.494,20.5693,-0.18059999999999832,0.07939999999999969,20.352228571428572,1
2024-11-19,20.1848,20.3887,20.6025,-0.41769999999999996,0.3570999999999991,20.403242857142857,0
2024-11-20,20.2903,20.1848,20.494,-0.20370000000000132,0.1570999999999998,20.425685714285713,0
2024-11-21,20.3775,20.2903,20.3887,-0.011199999999998766,-0.07269999999999754,20.415300000000002,0
2024-11-22,20.4872,20.3775,20.1848,0.3024000000000022,-0.08209999999999695,20.40357142857143,1
2024-11-25,20.2993,20.4872,20.2903,0.009000000000000341,-0.30320000000000036,20.36025714285714,0
2024-11-26,20.7185,20.2993,20.3775,0.3409999999999975,0.22449999999999903,20.39232857142857,1
2024-11-27,20.6418,20.7185,20.4872,0.15459999999999852,0.2530999999999999,20.42848571428571,1
2024-11-28,20.4173,20.6418,20.2993,0.1180000000000021,0.2325000000000017,20.4617,0
2024-11-29,20.3212,20.4173,20.7185,-0.39729999999999777,0.030900000000002592,20.466114285714287,0
2024-12-02,20.4357,20.3212,20.6418,-0.20609999999999928,0.05819999999999936,20.47442857142857,0
2024-12-03,20.3233,20.4357,20.4173,-0.0940000000000012,-0.1639000000000017,20.451014285714287,0
2024-12-04,20.283,20.3233,20.3212,-0.03819999999999979,-0.01629999999999754,20.448685714285716,0
2024-12-05,20.1963,20.283,20.4357,-0.23939999999999984,-0.522199999999998,20.374085714285716,0
2024-12-06,20.2275,20.1963,20.3233,-0.09580000000000055,-0.4143000000000008,20.314899999999998,0
2024-12-09,20.1547,20.2275,20.283,-0.12830000000000297,-0.2626000000000026,20.277385714285714,0
2024-12-10,20.2485,20.1547,20.1963,0.052199999999999136,-0.0727000000000011,20.267,0
2024-12-11,20.1647,20.2485,20.2275,-0.0627999999999993,-0.2710000000000008,20.228285714285715,0
2024-12-13,20.142,20.1647,20.1547,-0.012699999999998823,-0.18130000000000024,20.202385714285715,0
2024-12-16,20.1448,20.142,20.2485,-0.1036999999999999,-0.1382000000000012,20.18264285714286,0
2024-12-17,20.2363,20.1448,20.1647,0.07160000000000011,0.03999999999999915,20.188357142857143,1
2024-12-18,20.1395,20.2363,20.142,-0.0024999999999977263,-0.08799999999999741,20.175785714285716,0
2024-12-19,20.4402,20.1395,20.1448,0.2954000000000008,0.28550000000000253,20.21657142857143,1
2024-12-20,20.1035,20.4402,20.2363,-0.13279999999999959,-0.14499999999999957,20.195857142857143,0
2024-12-23,20.1948,20.1035,20.1395,0.05529999999999902,0.030100000000000904,20.200157142857144,0
2024-12-24,20.1558,20.1948,20.4402,-0.28440000000000154,0.013799999999999812,20.202128571428574,0
2024-12-26,20.1657,20.1558,20.1035,0.0622000000000007,0.02090000000000103,20.205114285714284,0
2024-12-27,20.2683,20.1657,20.1948,0.07349999999999923,0.03200000000000003,20.209685714285715,1
2024-12-30,20.5103,20.2683,20.1558,0.3545000000000016,0.37079999999999913,20.262657142857144,1
2024-12-31,20.7862,20.5103,20.1657,0.6204999999999998,0.3460000000000001,20.31208571428572,1
2025-01-02,20.6917,20.7862,20.2683,0.4234000000000009,0.5882000000000005,20.396114285714287,1
2025-01-03,20.6708,20.6917,20.5103,0.16049999999999898,0.4759999999999991,20.464114285714285,1
2025-01-06,20.3195,20.6708,20.7862,-0.46669999999999945,0.16370000000000218,20.4875,0
2025-01-07,20.344,20.3195,20.6917,-0.3476999999999997,0.17830000000000013,20.51297142857143,0
2025-01-08,20.3823,20.344,20.6708,-0.2884999999999991,0.11400000000000077,20.529257142857144,0
2025-01-09,20.4742,20.3823,20.3195,0.15469999999999828,-0.03610000000000113,20.5241,0
2025-01-10,20.7045,20.4742,20.344,0.36049999999999827,-0.08170000000000144,20.512428571428575,1
2025-01-13,20.8012,20.7045,20.3823,0.4189000000000007,0.1095000000000006,20.52807142857143,1
2025-01-14,20.482,20.8012,20.4742,0.007799999999999585,-0.18880000000000052,20.5011,0
2025-01-15,20.4875,20.482,20.7045,-0.21699999999999875,0.16799999999999926,20.525100000000002,0
2025-01-16,20.7732,20.4875,20.8012,-0.028000000000002245,0.429199999999998,20.586414285714284,1
2025-01-17,20.718,20.7732,20.482,0.23600000000000065,0.3356999999999992,20.634371428571427,1
2025-01-20,20.543,20.718,20.4875,0.05549999999999855,0.06879999999999953,20.6442,0
2025-01-21,20.6358,20.543,20.7732,-0.13739999999999952,-0.06869999999999976,20.634385714285713,1
2025-01-22,20.5397,20.6358,20.718,-0.17830000000000013,-0.2615000000000016,20.59702857142857,0
2025-01-23,20.3943,20.5397,20.543,-0.14869999999999806,-0.08769999999999811,20.5845,0
2025-01-24,20.2255,20.3943,20.6358,-0.41029999999999944,-0.26200000000000045,20.547071428571428,0
2025-01-27,20.7002,20.2255,20.5397,0.16049999999999898,-0.0730000000000004,20.536642857142855,1
2025-01-28,20.5668,20.7002,20.3943,0.17249999999999943,-0.15119999999999933,20.515042857142856,1
2025-01-29,20.5677,20.5668,20.2255,0.3421999999999983,0.024699999999999278,20.518571428571427,1
2025-01-30,20.4497,20.5677,20.7002,-0.25049999999999883,-0.1860999999999997,20.49198571428571,0
2025-01-31,20.6068,20.4497,20.5668,0.03999999999999915,0.06709999999999994,20.501571428571427,1
2025-02-04,20.4268,20.6068,20.5677,-0.14089999999999847,0.03249999999999886,20.506214285714286,0
2025-02-05,20.6363,20.4268,20.4497,0.18659999999999854,0.4107999999999983,20.564899999999998,1
2025-02-06,20.5125,20.6363,20.6068,-0.0943000000000005,-0.18769999999999953,20.538085714285717,0
2025-02-07,20.5512,20.5125,20.4268,0.1244000000000014,-0.01559999999999917,20.535857142857143,1
2025-02-10,20.6693,20.5512,20.6363,0.03300000000000125,0.10160000000000124,20.550371428571427,1
2025-02-11,20.568,20.6693,20.5125,0.0555000000000021,0.1183000000000014,20.567271428571427,1
2025-02-12,20.4917,20.568,20.5512,-0.059499999999999886,-0.1150999999999982,20.550828571428575,0
2025-02-13,20.4978,20.4917,20.6693,-0.1714999999999982,0.0710000000000015,20.56097142857143,0
2025-02-14,20.3082,20.4978,20.568,-0.25980000000000203,-0.32809999999999917,20.514100000000003,0
2025-02-17,20.283,20.3082,20.4917,-0.20870000000000033,-0.22949999999999804,20.481314285714287,0
2025-02-18,20.2617,20.283,20.4978,-0.23610000000000042,-0.2895000000000003,20.439957142857143,0
2025-02-19,20.4208,20.2617,20.3082,0.11260000000000048,-0.24849999999999994,20.404457142857147,1
2025-02-20,20.3733,20.4208,20.283,0.09029999999999916,-0.19470000000000098,20.37664285714286,0
2025-02-21,20.3448,20.3733,20.2617,0.08309999999999818,-0.14690000000000225,20.355657142857144,0
2025-02-24,20.464,20.3448,20.4208,0.043199999999998795,-0.03380000000000294,20.35082857142857,1
2025-02-25,20.4683,20.464,20.3733,0.09499999999999886,0.1600999999999999,20.373699999999996,1
2025-02-26,20.4277,20.4683,20.3448,0.0829000000000022,0.14470000000000027,20.39437142857143,1
2025-02-27,20.4722,20.4277,20.464,0.008200000000002206,0.2104999999999997,20.424442857142857,1
2025-02-28,20.508,20.4722,20.4683,0.039699999999999847,0.08719999999999928,20.4369,1
2025-03-03,20.4333,20.508,20.4277,0.005599999999997607,0.05999999999999872,20.44547142857143,0
2025-03-04,20.8518,20.4333,20.4722,0.37959999999999994,0.5070000000000014,20.517899999999997,1
2025-03-05,20.3893,20.8518,20.508,-0.11870000000000047,-0.07469999999999999,20.507228571428573,0
2025-03-06,20.2777,20.3893,20.4333,-0.15559999999999974,-0.19059999999999988,20.479999999999997,0
2025-03-07,20.283,20.2777,20.8518,-0.5687999999999995,-0.14470000000000027,20.459328571428568,0
2025-03-10,20.2922,20.283,20.3893,-0.09709999999999752,-0.17999999999999972,20.433614285714288,0
2025-03-11,20.3388,20.2922,20.2777,0.06109999999999971,-0.16920000000000002,20.409442857142857,0
2025-03-12,20.1828,20.3388,20.283,-0.10020000000000095,-0.25049999999999883,20.373657142857144,0
2025-03-13,20.0848,20.1828,20.2922,-0.2073999999999998,-0.7669999999999995,20.264085714285716,0
2025-03-14,19.8693,20.0848,20.3388,-0.46950000000000003,-0.5199999999999996,20.189799999999998,0
2025-03-18,19.9845,19.8693,20.1828,-0.1982999999999997,-0.2931999999999988,20.147914285714286,0
2025-03-19,20.0553,19.9845,20.0848,-0.029500000000002302,-0.22770000000000223,20.115385714285715,0
2025-03-20,20.1345,20.0553,19.8693,0.2652000000000001,-0.15770000000000195,20.092857142857145,1
2025-03-21,20.2163,20.1345,19.9845,0.23179999999999978,-0.12249999999999872,20.075357142857143,1
2025-03-24,20.1123,20.2163,20.0553,0.05700000000000216,-0.07049999999999912,20.065285714285714,1
2025-03-25,20.0762,20.1123,20.1345,-0.05829999999999913,-0.008600000000001273,20.06405714285714,1
2025-03-26,20.0963,20.0762,20.2163,-0.120000000000001,0.2270000000000003,20.096485714285713,0
2025-03-27,20.3182,20.0963,20.1123,0.20589999999999975,0.33370000000000033,20.144157142857143,1
2025-03-28,20.4003,20.3182,20.0762,0.3241000000000014,0.3450000000000024,20.19344285714286,1
2025-03-31,20.438,20.4003,20.0963,0.34169999999999945,0.30349999999999966,20.2368,1
2025-04-01,20.3587,20.438,20.3182,0.04049999999999798,0.14239999999999853,20.25714285714286,1
2025-04-02,20.4568,20.3587,20.4003,0.05649999999999977,0.34450000000000003,20.30635714285714,1
2025-04-03,19.9708,20.4568,20.438,-0.4671999999999983,-0.1053999999999995,20.291300000000003,0
2025-04-04,20.501,19.9708,20.3587,0.1423000000000023,0.40470000000000184,20.349114285714286,1
2025-04-07,20.6947,20.501,20.4568,0.23789999999999978,0.37650000000000006,20.4029,1
2025-04-08,20.6867,20.6947,19.9708,0.7158999999999978,0.2863999999999969,20.443814285714286,1
2025-04-09,20.7653,20.6867,20.501,0.26429999999999865,0.32730000000000103,20.490571428571428,1
2025-04-10,20.492,20.7653,20.6947,-0.2027000000000001,0.13330000000000197,20.509614285714285,0
2025-04-11,20.3363,20.492,20.6867,-0.35039999999999694,-0.12049999999999983,20.4924,0
2025-04-14,20.1025,20.3363,20.7653,-0.6628000000000007,0.1316999999999986,20.511214285714285,0
2025-04-15,20.0213,20.1025,20.492,-0.4707000000000008,-0.4797000000000011,20.442685714285712,0
2025-04-16,19.9737,20.0213,20.3363,-0.3626000000000005,-0.7210000000000001,20.339685714285714,0
2025-04-21,19.6718,19.9737,20.1025,-0.4306999999999981,-1.0148999999999972,20.1947,0
2025-04-22,19.5688,19.6718,20.0213,-0.45250000000000057,-1.1965000000000003,20.02377142857143,0
2025-04-23,19.6278,19.5688,19.9737,-0.3459000000000003,-0.8642000000000003,19.900314285714284,0
2025-04-24,19.5825,19.6278,19.6718,-0.08930000000000149,-0.7538000000000018,19.792628571428573,0
2025-04-25,19.5478,19.5825,19.5688,-0.021000000000000796,-0.5547000000000004,19.713385714285714,0
2025-04-28,19.5723,19.5478,19.6278,-0.0555000000000021,-0.4490000000000016,19.64924285714286,0
2025-04-29,19.5868,19.5723,19.5825,0.004300000000000637,-0.3869000000000007,19.593971428571425,0
2025-04-30,19.6095,19.5868,19.5478,0.061700000000001864,-0.062300000000000466,19.585071428571432,1
2025-05-02,19.657,19.6095,19.5723,0.08470000000000155,0.0882000000000005,19.597671428571427,1
2025-05-05,19.6365,19.657,19.5868,0.04970000000000141,0.00870000000000104,19.598914285714283,1
2025-05-06,19.6785,19.6365,19.6095,0.06899999999999906,0.09600000000000009,19.61262857142857,1
2025-05-07,19.588,19.6785,19.657,-0.06899999999999906,0.040200000000002234,19.61837142857143,0
2025-05-08,19.5642,19.588,19.6365,-0.07230000000000203,-0.008099999999998886,19.617214285714283,0
2025-05-09,19.4912,19.5642,19.6785,-0.18730000000000047,-0.09560000000000102,19.60355714285714,0
2025-05-12,19.6162,19.4912,19.588,0.028199999999998226,0.006699999999998596,19.604514285714288,1
2025-05-13,19.4373,19.6162,19.5642,-0.12689999999999912,-0.21969999999999956,19.573128571428573,0
2025-05-14,19.363,19.4373,19.4912,-0.12819999999999965,-0.2735000000000021,19.53405714285714,0
2025-05-15,19.478,19.363,19.6162,-0.13819999999999766,-0.20049999999999812,19.505414285714288,0
2025-05-16,19.5147,19.478,19.4373,0.0774000000000008,-0.0732999999999997,19.494942857142856,1
2025-05-19,19.3723,19.5147,19.363,0.009299999999999642,-0.1919000000000004,19.46752857142857,0
2025-05-20,19.2648,19.3723,19.478,-0.2132000000000005,-0.22639999999999816,19.435185714285716,0
2025-05-21,19.3198,19.2648,19.5147,-0.19490000000000052,-0.29639999999999844,19.392842857142856,0
2025-05-22,19.3227,19.3198,19.3723,-0.04959999999999809,-0.11459999999999937,19.376471428571428,0
2025-05-23,19.2748,19.3227,19.2648,0.00999999999999801,-0.0882000000000005,19.36387142857143,0
2025-05-26,19.2188,19.2748,19.3198,-0.10099999999999909,-0.2591999999999999,19.326842857142857,0
2025-05-27,19.2338,19.2188,19.3227,-0.08890000000000242,-0.2809000000000026,19.286714285714286,0
2025-05-28,19.4,19.2338,19.2748,0.12519999999999953,0.027699999999999392,19.290671428571425,1
2025-05-29,19.328,19.4,19.2188,0.10919999999999774,0.06319999999999837,19.299699999999998,1
2025-05-30,19.3858,19.328,19.2338,0.15200000000000102,0.06599999999999895,19.309128571428573,1
2025-06-02,19.2338,19.3858,19.4,-0.1661999999999999,-0.08890000000000242,19.29642857142857,0
2025-06-03,19.2638,19.2338,19.328,-0.06419999999999959,-0.010999999999999233,19.294857142857143,0
2025-06-04,19.1932,19.2638,19.3858,-0.19259999999999877,-0.025600000000000733,19.2912,0
2025-06-05,19.17,19.1932,19.2338,-0.06379999999999697,-0.06379999999999697,19.28208571428571,0
2025-06-06,19.1317,19.17,19.2638,-0.13210000000000122,-0.2683,19.24375714285714,0
2025-06-09,19.0595,19.1317,19.1932,-0.13370000000000104,-0.2684999999999995,19.205399999999997,0
2025-06-10,19.0518,19.0595,19.17,-0.11820000000000164,-0.33399999999999963,19.157685714285716,0
2025-06-11,18.879,19.0518,19.1317,-0.25269999999999726,-0.35479999999999734,19.107,0
2025-06-12,18.9068,18.879,19.0595,-0.1526999999999994,-0.3569999999999993,19.056,0
2025-06-13,18.9302,18.9068,19.0518,-0.12160000000000082,-0.2630000000000017,19.01842857142857,0
2025-06-16,18.9083,18.9302,18.879,0.029299999999999216,-0.26170000000000115,18.981042857142857,0
2025-06-17,18.9872,18.9083,18.9068,0.08040000000000092,-0.1444999999999972,18.9604,1
2025-06-18,19.0047,18.9872,18.9302,0.07450000000000045,-0.05480000000000018,18.952571428571428,1
2025-06-19,19.0898,19.0047,18.9083,0.18149999999999977,0.038000000000000256,18.958000000000002,1
2025-06-20,19.1458,19.0898,18.9872,0.15859999999999985,0.2667999999999999,18.996114285714288,1
2025-06-23,19.1527,19.1458,19.0047,0.1479999999999997,0.2458999999999989,19.031242857142853,1
2025-06-24,19.0267,19.1527,19.0898,-0.0630999999999986,0.09650000000000247,19.04502857142857,0
2025-06-25,18.9203,19.0267,19.1458,-0.22550000000000026,0.012000000000000455,19.046742857142856,0
2025-06-26,18.8928,18.9203,19.1527,-0.25989999999999824,-0.09440000000000026,19.033257142857142,0
2025-06-27,18.8483,18.8928,19.0267,-0.17840000000000344,-0.15640000000000143,19.010914285714286,0
2025-06-30,18.8332,18.8483,18.9203,-0.08709999999999951,-0.25659999999999883,18.974257142857144,0
2025-07-01,18.765,18.8332,18.8928,-0.12780000000000058,-0.3808000000000007,18.919857142857143,0
2025-07-02,18.754,18.765,18.8483,-0.09429999999999694,-0.39869999999999806,18.8629,0
2025-07-03,18.6652,18.754,18.8332,-0.1680000000000028,-0.36150000000000304,18.81125714285714,0
2025-07-04,18.6327,18.6652,18.765,-0.13230000000000075,-0.2876000000000012,18.770171428571427,0
2025-07-07,18.6698,18.6327,18.754,-0.08420000000000272,-0.22300000000000253,18.73831428571429,0
2025-07-08,18.714,18.6698,18.6652,0.048799999999999955,-0.13429999999999964,18.719128571428573,0
2025-07-09,18.5733,18.714,18.6327,-0.05940000000000012,-0.2599000000000018,18.682,0
2025-07-10,18.6267,18.5733,18.6698,-0.04309999999999903,-0.13830000000000098,18.662242857142854,0
2025-07-11,18.6595,18.6267,18.714,-0.05449999999999733,-0.09450000000000003,18.648742857142857,1
2025-07-14,18.751,18.6595,18.5733,0.17770000000000152,0.08580000000000254,18.661,1
2025-07-15,18.8397,18.751,18.6267,0.21300000000000097,0.20700000000000074,18.690571428571428,1
2025-07-16,18.7178,18.8397,18.6595,0.05829999999999913,0.04800000000000182,18.69742857142857,1
2025-07-17,18.7685,18.7178,18.751,0.017499999999998295,0.05450000000000088,18.705214285714284,1
2025-07-18,18.72,18.7685,18.8397,-0.1197000000000017,0.14669999999999916,18.72617142857143,0
2025-07-21,18.6455,18.72,18.7178,-0.07230000000000203,0.018799999999998818,18.728857142857144,0
2025-07-22,18.6212,18.6455,18.7685,-0.14729999999999777,-0.03829999999999956,18.723385714285712,0
2025-07-23,18.5735,18.6212,18.72,-0.14649999999999963,-0.177500000000002,18.698028571428573,0
2025-07-24,18.5538,18.5735,18.6455,-0.09169999999999945,-0.2859000000000016,18.657185714285713,0
2025-07-25,18.557,18.5538,18.6212,-0.06420000000000314,-0.16080000000000183,18.634214285714286,0
2025-07-28,18.7267,18.557,18.5735,0.15320000000000178,-0.041799999999998505,18.628242857142855,1
2025-07-29,18.7642,18.7267,18.5538,0.21039999999999992,0.04420000000000002,18.634557142857144,1
2025-07-30,18.796,18.7642,18.557,0.23900000000000077,0.15050000000000097,18.656057142857144,1
2025-07-31,18.7963,18.796,18.7267,0.06959999999999766,0.17509999999999692,18.681071428571425,1
2025-08-01,18.916,18.7963,18.7642,0.1518000000000015,0.34250000000000114,18.729999999999997,1
2025-08-04,18.8783,18.916,18.796,0.08230000000000004,0.32450000000000045,18.776357142857144,1
2025-08-05,18.762,18.8783,18.7963,-0.03429999999999822,0.20500000000000185,18.805642857142857,0
2025-08-06,18.6192,18.762,18.916,-0.29680000000000106,-0.1075000000000017,18.790285714285716,0
2025-08-07,18.6765,18.6192,18.8783,-0.20179999999999865,-0.08769999999999811,18.777757142857144,0
2025-08-08,18.5518,18.6765,18.762,-0.2102000000000004,-0.2441999999999993,18.742871428571426,0
2025-08-11,18.6683,18.5518,18.6192,0.049099999999999255,-0.1280000000000001,18.724585714285713,0
2025-08-12,18.5657,18.6683,18.6765,-0.11080000000000112,-0.3503000000000007,18.674542857142857,0
2025-08-13,18.6353,18.5657,18.5518,0.0835000000000008,-0.24299999999999855,18.639828571428573,0
2025-08-14,18.8137,18.6353,18.6683,0.1454000000000022,0.0517000000000003,18.647214285714284,1
2025-08-15,18.7295,18.8137,18.5657,0.16380000000000194,0.11030000000000229,18.662971428571428,1
2025-08-18,18.784,18.7295,18.6353,0.14869999999999806,0.10749999999999815,18.678328571428573,1
2025-08-19,18.7982,18.784,18.8137,-0.015499999999999403,0.24640000000000128,18.713528571428572,1
2025-08-20,18.7572,18.7982,18.7295,0.027699999999999392,0.08890000000000242,18.72622857142857,1
2025-08-21,18.7737,18.7572,18.784,-0.010299999999997311,0.20800000000000196,18.75594285714286,1
2025-08-22,18.595,18.7737,18.7982,-0.2032000000000025,-0.040300000000002,18.750185714285717,0
2025-08-25,18.6368,18.595,18.7572,-0.12040000000000006,-0.17689999999999984,18.724914285714284,0
2025-08-26,18.6843,18.6368,18.7737,-0.08940000000000126,-0.04520000000000124,18.718457142857144,0
2025-08-27,18.6912,18.6843,18.595,0.09619999999999962,-0.09280000000000044,18.705199999999998,0
2025-08-28,18.6522,18.6912,18.6368,0.015399999999999636,-0.1460000000000008,18.68434285714286,0
2025-08-29,18.644,18.6522,18.6843,-0.040300000000002,-0.11320000000000263,18.66817142857143,0
2025-09-01,18.646,18.644,18.6912,-0.045199999999997686,-0.1277000000000008,18.64992857142857,0
2025-09-02,18.7072,18.646,18.6522,0.054999999999999716,0.11220000000000141,18.665957142857142,1
2025-09-03,18.6873,18.7072,18.644,0.043300000000002115,0.050499999999999545,18.67317142857143,1
2025-09-04,18.7577,18.6873,18.646,0.11169999999999902,0.07339999999999947,18.68365714285714,1
2025-09-05,18.6792,18.7577,18.7072,-0.027999999999998693,-0.011999999999996902,18.681942857142854,0
2025-09-08,18.655,18.6792,18.6873,-0.03229999999999933,0.00280000000000058,18.68234285714286,0
2025-09-09,18.6353,18.655,18.7577,-0.12239999999999895,-0.008699999999997488,18.681099999999997,0
2025-09-10,18.592,18.6353,18.6792,-0.08720000000000283,-0.054000000000002046,18.67338571428572,0
2025-09-11,18.5287,18.592,18.655,-0.12630000000000052,-0.17849999999999966,18.647885714285714,0
2025-09-12,18.4757,18.5287,18.6353,-0.15960000000000107,-0.21160000000000068,18.617657142857144,0
2025-09-15,18.3635,18.4757,18.592,-0.22850000000000037,-0.39420000000000144,18.561342857142858,0
2025-09-17,18.3257,18.3635,18.5287,-0.2029999999999994,-0.35350000000000037,18.510842857142855,0
2025-09-18,18.361,18.3257,18.4757,-0.11469999999999914,-0.2940000000000005,18.468842857142857,0
2025-09-19,18.3892,18.361,18.3635,0.0257000000000005,-0.24610000000000198,18.433685714285712,0
2025-09-22,18.4082,18.3892,18.3257,0.08249999999999957,-0.18379999999999797,18.40742857142857,1
2025-09-23,18.3232,18.4082,18.361,-0.03780000000000072,-0.20550000000000068,18.378071428571428,0
2025-09-24,18.4312,18.3232,18.3892,0.04200000000000159,-0.04449999999999932,18.371714285714287,1
2025-09-25,18.4457,18.4312,18.4082,0.03749999999999787,0.08220000000000027,18.383457142857143,1
2025-09-26,18.3825,18.4457,18.3232,0.05930000000000035,0.05679999999999907,18.391571428571428,0
2025-09-29,18.3507,18.3825,18.4312,-0.08050000000000068,-0.010300000000000864,18.3901,0
2025-09-30,18.3342,18.3507,18.4457,-0.11149999999999949,-0.054999999999999716,18.38224285714286,0
2025-10-01,18.3477,18.3342,18.3825,-0.03480000000000061,-0.06050000000000111,18.3736,0
2025-10-02,18.4843,18.3477,18.3507,0.13360000000000127,0.16110000000000113,18.396614285714286,1
2025-10-03,18.3902,18.4843,18.3342,0.05600000000000094,-0.04100000000000037,18.390757142857144,0
2025-10-06,18.3528,18.3902,18.3477,0.005099999999998772,-0.0929000000000002,18.377485714285715,0
2025-10-07,18.3762,18.3528,18.4843,-0.10810000000000031,-0.006299999999999528,18.376585714285714,0
2025-10-08,18.3477,18.3762,18.3902,-0.042500000000000426,-0.0030000000000001137,18.376157142857146,0
2025-10-09,18.383,18.3477,18.3528,0.03020000000000067,0.048799999999999955,18.383128571428568,0
2025-10-10,18.5567,18.383,18.3762,0.18049999999999855,0.20899999999999963,18.412985714285714,1
2025-10-13,18.44,18.5567,18.3477,0.0923000000000016,-0.044299999999999784,18.406657142857142,1
2025-10-14,18.522,18.44,18.383,0.13899999999999935,0.13179999999999836,18.425485714285713,1
2025-10-15,18.4808,18.522,18.5567,-0.07590000000000074,0.1280000000000001,18.443771428571427,1
2025-10-16,18.4108,18.4808,18.44,-0.029200000000003,0.03459999999999752,18.448714285714285,0
2025-10-17,18.407,18.4108,18.522,-0.11499999999999844,0.05930000000000035,18.457185714285714,0
2025-10-20,18.4032,18.407,18.4808,-0.07760000000000034,0.020199999999999108,18.46007142857143,0
2025-10-21,18.4252,18.4032,18.4108,0.014400000000001967,-0.13149999999999906,18.441285714285716,0
2025-10-22,18.4333,18.4252,18.407,0.026299999999999102,-0.006700000000002149,18.440328571428573,0
2025-10-23,18.4033,18.4333,18.4032,0.00010000000000331966,-0.11869999999999692,18.423371428571425,0
2025-10-24,18.3948,18.4033,18.4252,-0.030400000000000205,-0.08599999999999852,18.411085714285715,0
2025-10-27,18.3892,18.3948,18.4333,-0.04410000000000025,-0.021599999999999397,18.407999999999998,0
2025-10-28,18.4145,18.3892,18.4033,0.011199999999998766,0.007500000000000284,18.409071428571426,1
2025-10-29,18.4072,18.4145,18.3948,0.012399999999999523,0.004000000000001336,18.40964285714286,0
2025-10-30,18.538,18.4072,18.3892,0.14880000000000138,0.11280000000000001,18.425757142857144,1
2025-10-31,18.5725,18.538,18.4145,0.15800000000000125,0.13920000000000243,18.445642857142854,1
2025-11-03,18.4835,18.5725,18.4072,0.07629999999999981,0.08019999999999783,18.4571,1
2025-11-04,18.6133,18.4835,18.538,0.07529999999999859,0.2184999999999988,18.488314285714285,1
2025-11-05,18.5947,18.6133,18.5725,0.022199999999998,0.20550000000000068,18.51767142857143,1
2025-11-06,18.6233,18.5947,18.4835,0.13980000000000103,0.2088000000000001,18.547500000000003,1
2025-11-07,18.5,18.6233,18.6133,-0.11329999999999885,0.09280000000000044,18.560757142857142,0
2025-11-10,18.3922,18.5,18.5947,-0.20250000000000057,-0.14580000000000126,18.539928571428568,0
2025-11-11,18.3333,18.3922,18.6233,-0.28999999999999915,-0.2392000000000003,18.505757142857142,0
2025-11-12,18.2982,18.3333,18.5,-0.20179999999999865,-0.18529999999999802,18.479285714285716,0
2025-11-13,18.2805,18.2982,18.3922,-0.11169999999999902,-0.3327999999999989,18.431742857142858,0
2025-11-14,18.3262,18.2805,18.3333,-0.0071000000000012164,-0.2684999999999995,18.393385714285717,0
2025-11-18,18.3728,18.3262,18.2982,0.07460000000000022,-0.25049999999999883,18.357599999999998,1
2025-11-19,18.341,18.3728,18.2805,0.06050000000000111,-0.15899999999999892,18.334885714285715,1
2025-11-20,18.355,18.341,18.3262,0.02880000000000038,-0.03719999999999857,18.32957142857143,1
2025-11-21,18.4965,18.355,18.3728,0.12369999999999948,0.1631999999999998,18.352885714285716,1
2025-11-24,18.4997,18.4965,18.341,0.15869999999999962,0.20149999999999935,18.38167142857143,1
2025-11-25,18.4308,18.4997,18.355,0.07580000000000098,0.15030000000000143,18.403142857142857,1
2025-11-26,18.356,18.4308,18.4965,-0.1404999999999994,0.029800000000001603,18.4074,0
2025-11-27,18.3467,18.356,18.4997,-0.15300000000000225,-0.02610000000000312,18.403671428571432,0
2025-11-28,18.3075,18.3467,18.4308,-0.12330000000000041,-0.033500000000000085,18.398885714285715,0
2025-12-01,18.2757,18.3075,18.356,-0.08030000000000115,-0.07929999999999993,18.387557142857144,0
2025-12-02,18.291,18.2757,18.3467,-0.055699999999998084,-0.20550000000000068,18.358200000000004,0
2025-12-03,18.2642,18.291,18.3075,-0.043300000000002115,-0.23550000000000182,18.324557142857145,0
2025-12-04,18.2293,18.2642,18.2757,-0.046400000000001995,-0.2015000000000029,18.29577142857143,0
2025-12-05,18.186,18.2293,18.291,-0.10500000000000043,-0.1700000000000017,18.271485714285713,0
2025-12-08,18.2367,18.186,18.2642,-0.027499999999999858,-0.10999999999999943,18.25577142857143,0
2025-12-09,18.194,18.2367,18.2293,-0.03529999999999944,-0.11350000000000193,18.239557142857144,0
2025-12-10,18.2085,18.194,18.186,0.022500000000000853,-0.0671999999999997,18.229957142857142,0
2025-12-11,18.0543,18.2085,18.2367,-0.18239999999999768,-0.23669999999999902,18.196142857142856,0
2025-12-15,17.9925,18.0543,18.194,-0.20149999999999935,-0.27169999999999916,18.15732857142857,0
2025-12-16,17.9525,17.9925,18.2085,-0.2560000000000002,-0.27679999999999794,18.117785714285713,0
2025-12-17,18.02,17.9525,18.0543,-0.034300000000001774,-0.16600000000000037,18.09407142857143,0
2025-12-18,17.9792,18.02,17.9925,-0.013300000000000978,-0.2575000000000003,18.057285714285715,0
2025-12-19,18.0065,17.9792,17.9525,0.053999999999998494,-0.1875,18.0305,0
2025-12-22,17.9785,18.0065,18.02,-0.041499999999999204,-0.23000000000000043,17.997642857142857,0
2025-12-23,17.9332,17.9785,17.9792,-0.045999999999999375,-0.12110000000000198,17.980342857142855,0
2025-12-24,17.9248,17.9332,18.0065,-0.08169999999999789,-0.06769999999999854,17.97067142857143,0
2025-12-26,17.9042,17.9248,17.9785,-0.07430000000000092,-0.04830000000000112,17.963771428571427,0
2025-12-29,17.9667,17.9042,17.9332,0.033500000000000085,-0.053300000000000125,17.95615714285714,1
2025-12-30,17.9528,17.9667,17.9248,0.027999999999998693,-0.02639999999999887,17.952385714285715,1
2025-12-31,18.0012,17.9528,17.9042,0.09700000000000131,-0.005299999999998306,17.95162857142857,1
2026-01-02,17.8803,18.0012,17.9667,-0.08640000000000114,-0.09820000000000206,17.9376,0
2026-01-05,17.8905,17.8803,17.9528,-0.062300000000000466,-0.04269999999999996,17.9315,0
2026-01-06,17.9697,17.8905,18.0012,-0.031500000000001194,0.044899999999998386,17.937914285714285,1
2026-01-07,17.9587,17.9697,17.8803,0.07840000000000202,0.05450000000000088,17.9457,1
2026-01-08,17.9807,17.9587,17.8905,0.09019999999999939,0.013999999999999346,17.947699999999998,1
2026-01-09,17.9842,17.9807,17.9697,0.014500000000001734,0.03140000000000143,17.952185714285715,1
2026-01-12,17.9075,17.9842,17.9587,-0.05120000000000147,-0.09370000000000189,17.938799999999997,0
2026-01-13,17.854,17.9075,17.9807,-0.1266999999999996,-0.026299999999999102,17.935042857142857,0
2026-01-14,17.8167,17.854,17.9842,-0.16750000000000043,-0.07379999999999853,17.924500000000002,0
2026-01-15,17.6897,17.8167,17.9075,-0.21780000000000044,-0.28000000000000114,17.8845,0
2026-01-16,17.6867,17.6897,17.854,-0.1673000000000009,-0.272000000000002,17.845642857142856,0
2026-01-19,17.599,17.6867,17.8167,-0.21770000000000067,-0.3816999999999986,17.791114285714283,0
2026-01-20,17.6008,17.599,17.6897,-0.08889999999999887,-0.38340000000000174,17.736342857142855,0
2026-01-21,17.452,17.6008,17.6867,-0.23469999999999658,-0.45549999999999713,17.671271428571426,0
2026-01-22,17.4828,17.452,17.599,-0.11619999999999919,-0.3711999999999982,17.618242857142857,0
2026-01-23,17.4545,17.4828,17.6008,-0.1463000000000001,-0.3622000000000014,17.566499999999998,0
2026-01-26,17.283,17.4545,17.452,-0.16900000000000048,-0.4066999999999972,17.5084,0
2026-01-27,17.2357,17.283,17.4828,-0.24709999999999965,-0.45099999999999696,17.44397142857143,0
2026-01-28,17.2322,17.2357,17.4545,-0.2223000000000006,-0.36680000000000135,17.391571428571428,0
2026-01-29,17.2532,17.2322,17.283,-0.029800000000001603,-0.3475999999999999,17.341914285714285,0
2026-01-30,17.331,17.2532,17.2357,0.09529999999999816,-0.12100000000000222,17.324628571428573,1
2026-02-03,17.235,17.331,17.2322,0.00280000000000058,-0.24780000000000157,17.28922857142857,0
2026-02-04,17.2925,17.235,17.2532,0.03930000000000078,-0.16199999999999903,17.266085714285715,1
2026-02-05,17.407,17.2925,17.331,0.07600000000000051,0.12399999999999878,17.283800000000003,1
2026-02-06,17.2988,17.407,17.235,0.06380000000000052,0.0630999999999986,17.292814285714286,1
2026-02-09,17.1907,17.2988,17.2925,-0.10180000000000078,-0.041499999999999204,17.286885714285713,0
2026-02-10,17.2315,17.1907,17.407,-0.17549999999999955,-0.021699999999999164,17.283785714285713,0
2026-02-11,17.2155,17.2315,17.2988,-0.08330000000000126,-0.11550000000000082,17.267285714285713,0
2026-02-12,17.2,17.2155,17.1907,0.009299999999999642,-0.03500000000000014,17.262285714285714,0
2026-02-13,17.1798,17.2,17.2315,-0.0517000000000003,-0.11270000000000024,17.246185714285712,0
2026-02-16,17.1723,17.1798,17.2155,-0.043199999999998795,-0.23470000000000013,17.212657142857143,0
2026-02-17,17.1753,17.1723,17.2,-0.024699999999999278,-0.12349999999999994,17.195014285714283,0
2026-02-18,17.1392,17.1753,17.1798,-0.0406000000000013,-0.05150000000000077,17.18765714285714,0
2026-02-19,17.27,17.1392,17.1723,0.09769999999999968,0.03849999999999909,17.193157142857142,1
2026-02-20,17.1722,17.27,17.1753,-0.0030999999999998806,-0.04329999999999856,17.18697142857143,0
2026-02-23,17.2162,17.1722,17.1392,0.07700000000000173,0.016200000000001324,17.189285714285713,1
2026-02-24,17.191,17.2162,17.27,-0.07900000000000063,0.011199999999998766,17.190885714285713,1
2026-02-25,17.17,17.191,17.1722,-0.0021999999999984254,-0.0022999999999981924,17.19055714285714,0
2026-02-26,17.2563,17.17,17.2162,0.040099999999998914,0.08099999999999952,17.20212857142857,1
2026-02-27,17.2193,17.2563,17.191,0.028300000000001546,0.08010000000000161,17.21357142857143,1
2026-03-02,17.3485,17.2193,17.17,0.17849999999999966,0.07850000000000179,17.224785714285712,1
2026-03-03,17.7228,17.3485,17.2563,0.4664999999999999,0.5505999999999993,17.30344285714286,1
2026-03-04,17.5445,17.7228,17.2193,0.3251999999999988,0.3282999999999987,17.35034285714286,1
2026-03-05,17.677,17.5445,17.3485,0.32849999999999824,0.48600000000000065,17.41977142857143,1
2026-03-06,17.7962,17.677,17.7228,0.07339999999999947,0.6261999999999972,17.509228571428572,1
2026-03-09,17.7687,17.7962,17.5445,0.22419999999999973,0.5123999999999995,17.582428571428572,1
2026-03-10,17.5037,17.7687,17.677,-0.17330000000000112,0.284399999999998,17.623057142857142,0
2026-03-11,17.6543,17.5037,17.7962,-0.1418999999999997,0.30579999999999785,17.666742857142857,0
2026-03-12,17.8368,17.6543,17.7687,0.06810000000000116,0.11400000000000077,17.683028571428572,1
2026-03-13,17.9218,17.8368,17.5037,0.4181000000000026,0.37730000000000175,17.73692857142857,1
2026-03-17,17.6922,17.9218,17.6543,0.03790000000000049,0.015200000000000102,17.7391,0
2026-03-18,17.669,17.6922,17.8368,-0.16779999999999973,-0.12719999999999843,17.72092857142857,0
2026-03-19,17.8117,17.669,17.9218,-0.11010000000000275,0.04299999999999926,17.727071428571428,1
2026-03-20,17.8998,17.8117,17.6922,0.20759999999999934,0.39610000000000056,17.783657142857145,1
2026-03-23,17.778,17.8998,17.669,0.10899999999999821,0.12369999999999948,17.80132857142857,0
2026-03-24,17.8047,17.778,17.8117,-0.006999999999997897,-0.032099999999999795,17.796742857142856,1
